ligand_id,y,prediction,abs_residual
8,2.739617546,3.2089752834437846,0.46935773744378473
9,2.355237094,3.17589102575581,0.8206539317558099
10,2.879025754,3.6831245713734027,0.8040988173734025
15,3.394926946,3.7299846487591655,0.33505770275916547
20,4.949580416,5.3579735060250036,0.4083930900250037
24,6.693247772,4.96002879958244,1.7332189724175606
49,3.136202486,3.7093205425404014,0.5731180565404013
51,3.751974994,3.2513276303912813,0.5006473636087185
52,3.641734078,3.629053396391307,0.012680681608692623
67,2.658368945,2.618129681094951,0.04023926390504906
78,1.427654993,2.4425036205773267,1.0148486275773267
81,4.067279517,4.034101440868607,0.03317807613139312
83,3.340919793,3.4456655018862343,0.10474570888623447
88,4.117348013,4.1778618808051595,0.06051386780515955
93,2.870925743,3.307537500561608,0.4366117575616082
101,4.05114907,3.9985126704436977,0.05263639955630239
105,2.372451701,3.0482397516839264,0.6757880506839262
109,2.150215793,2.9649284830702403,0.8147126900702402
115,2.14969472,2.175541391525465,0.025846671525465048
118,2.306354248,3.7907116293900684,1.4843573813900686
123,3.416795948,3.481068007916213,0.06427205991621321
126,2.63773183,2.644190619563092,0.006458789563092093
135,4.548691085,3.4369179334030213,1.1117731515969784
138,2.951590055,3.685352689413045,0.7337626344130448
139,5.270849192,5.3934364730076325,0.1225872810076325
140,2.802112091,3.0626017645595223,0.26048967355952213
142,3.96442747,4.038164257688829,0.07373678768882863
151,4.278107393,4.37825554884701,0.10014815584700987
160,4.230370146,3.2451966251381346,0.9851735208618657
189,4.173206141,3.8267950692877455,0.34641107171225416
194,2.16048552,2.935227721857096,0.7747422018570962
201,6.453073598,4.639254976371835,1.8138186216281644
210,2.037936196,2.61899497370198,0.5810587777019802
233,2.924431595,2.858971404770623,0.06546019022937699
246,2.324500407,3.6108787954019723,1.2863783884019724
259,1.928434972,2.2413205640313194,0.3128855920313194
262,2.239253186,2.822624608496761,0.5833714224967608
274,3.502990947,3.8374195268734406,0.33442857987344077
279,2.949542471,2.8764845621599306,0.07305790884006935
320,3.317948057,3.6017833189355177,0.28383526193551756
333,2.871932005,2.7512915430105043,0.12064046198949585
334,3.988207676,3.7573252156866412,0.2308824603133588
343,2.346199745,2.801113834224033,0.4549140892240331
344,5.160083482,4.529179478953764,0.6309040030462363
345,3.066295669,3.634403043043456,0.5681073740434561
357,1.962419253,2.0980946978857355,0.13567544488573557
362,3.839182265,3.7878528182209945,0.051329446779005306
368,3.494701757,4.070672194814979,0.5759704378149793
379,3.99234168,4.046476242125619,0.05413456212561929
392,3.250409158,3.9205194105874708,0.6701102525874707
408,2.777568459,2.525425416181703,0.2521430428182967
417,3.756637342,3.165583291360975,0.5910540506390247
423,2.091380654,2.44183925720552,0.3504586032055199
425,3.766619166,3.7758186798530273,0.009199513853027419
429,3.209648341,3.232651407768861,0.023003066768861213
437,4.055811039,3.962486805531857,0.093324233468143
452,4.360036509,3.36067373700235,0.9993627719976503
461,3.709216802,3.6079757870971383,0.10124101490286153
463,4.231604131,3.808028475934887,0.4235756550651133
471,3.490010948,2.760821298617014,0.7291896493829859
476,3.119898275,3.8350081499649895,0.7151098749649893
483,2.578241089,3.5618432087593677,0.9836021197593676
486,3.557906597,3.0748718861654223,0.48303471083457783
491,4.459327324,2.351849446145412,2.1074778778545884
495,2.426940699,2.863753415750309,0.43681271675030864
508,3.099624538,3.4169843682861982,0.3173598302861982
512,4.013560283,3.7230558914768763,0.290504391523124
544,3.578840586,3.949631650368093,0.3707910643680927
548,2.392814156,2.4520166218526986,0.059202465852698616
553,3.322753712,3.8935050607256922,0.5707513487256923
568,1.540899459,2.96511090620511,1.4242114472051102
589,4.576815005,3.9993924681534385,0.5774225368465618
599,4.139600838,3.685540960463845,0.45405987753615484
601,3.836813697,3.8869333855408525,0.05011968854085236
605,2.015789085,1.9068031647646562,0.10898592023534404
607,3.576669209,3.6560502081133492,0.0793809991133494
616,3.020100362,3.1791953906181005,0.15909502861810054
620,4.225076562,3.3724632631853604,0.8526132988146395
621,3.225392571,3.7790280836071553,0.5536355126071553
622,3.798607835,3.99863389655338,0.20002606155337999
627,5.717953734,5.389184420591118,0.32876931340888227
629,5.356686203,4.601310942655606,0.755375260344394
640,2.104468553,2.3129907259097773,0.20852217290977748
642,2.494267513,3.0674221769924976,0.5731546639924976
643,3.385689088,3.2529244468042826,0.1327646411957173
647,3.798644649,4.275197476755431,0.4765528277554312
660,2.482950364,3.143900994775013,0.6609506307750128
664,2.734537075,3.3260856357905286,0.5915485607905286
670,4.125292997,3.801112378059419,0.3241806189405807
680,0.771352266,2.527921485599819,1.756569219599819
681,2.315370812,2.9568772001239,0.6415063881239003
682,3.013959516,3.007936409764956,0.0060231062350437625
683,2.696373865,2.7538725435199964,0.05749867851999646
703,1.917374204,2.568261511228058,0.6508873072280579
710,1.957926387,2.704495999367051,0.7465696123670509
712,3.806239608,3.805005169444052,0.0012344385559477367
716,3.279130588,2.5402086255209553,0.7389219624790448
728,3.981491863,3.9314079717631345,0.05008389123686552
743,2.487199423,2.779469820153741,0.29227039715374126
744,3.599517568,3.250922049884546,0.3485955181154541
755,2.277196496,2.411135655308394,0.13393915930839384
759,2.625235259,2.854711276994665,0.22947601799466488
764,3.6197627,2.820158015824478,0.799604684175522
767,3.783840193,3.8655943818583416,0.08175418885834151
774,4.226282005,4.1376100128308035,0.0886719921691963
787,4.350344948,4.088091543605525,0.26225340439447464
798,3.3089758,3.259488289596821,0.04948751040317889
802,3.660618188,3.5331110496007807,0.12750713839921923
805,3.822117648,4.236843669862157,0.41472602186215735
823,5.136891401,3.456487369051791,1.6804040319482088
831,4.000506382,3.3873243513615225,0.6131820306384776
843,3.326761752,3.3964320578957627,0.06967030589576284
844,1.880579984,2.2617750100375145,0.38119502603751454
848,3.012380445,3.2077443961572536,0.1953639511572538
854,3.874148286,3.7937855275129797,0.08036275848702035
858,1.826593477,3.160532135113842,1.3339386581138417
861,1.682996653,2.6027490256389507,0.9197523726389507
865,1.318469136,3.42940153399874,2.1109323979987398
873,3.604334073,3.72485636555983,0.12052229255982994
879,2.82168749,3.5356680052346032,0.7139805152346033
883,2.932961114,3.285509562763334,0.35254844876333413
888,2.715599485,2.666354045380845,0.04924543961915484
893,3.077942949,3.5866116701560653,0.5086687211560652
903,2.875448337,3.456391002972062,0.5809426659720622
927,3.748744111,3.606898348892139,0.14184576210786126
932,2.490598445,2.57455638333131,0.08395793833131027
937,3.134157975,3.2339196661651517,0.09976169116515177
940,3.336495757,3.010019486541111,0.3264762704588886
946,3.037437565,3.3905072256280393,0.35306966062803946
951,3.108893739,3.402906452067234,0.2940127130672341
959,3.991696957,3.4673391728860405,0.5243577841139593
966,2.998051068,3.581692677438382,0.5836416094383821
973,3.328860527,3.186436810153296,0.14242371684670374
974,3.065399568,3.267144751791126,0.20174518379112572
985,3.46137792,3.404547288862269,0.05683063113773068
998,2.800812007,2.9578423272822967,0.15703032028229646
1001,2.960227585,3.285525425971453,0.32529784097145287
1013,3.574670657,3.338208786623205,0.2364618703767949
1016,3.532097984,3.205870822978116,0.3262271610218841
1021,3.305673746,3.1224176475508028,0.18325609844919732
1028,3.190740116,3.1590987449694903,0.0316413710305099
1039,3.842231217,3.581828211246082,0.26040300575391795
1052,2.753309784,3.3538338134816423,0.6005240294816425
1058,1.230554951,2.697498829725751,1.4669438787257512
1064,2.566129748,2.82943094167051,0.2633011936705101
1069,3.103553282,2.978140034870703,0.12541324712929702
1073,2.853987286,2.770323111860141,0.08366417413985916
1088,3.194204285,3.21715495660237,0.022950671602369965
1089,2.849071,2.929762616269132,0.08069161626913202
1091,3.124073163,3.146847586805332,0.022774423805332233
1106,3.196888214,2.676791921020751,0.520096292979249
1109,2.193668518,2.7713075417469444,0.5776390237469444
1128,3.304621916,3.273203825012215,0.03141809098778481
1133,4.245086568,4.056564063796401,0.18852250420359873
1137,3.10382204,2.9062779981129427,0.1975440418870571
1144,3.757126755,4.006444502478436,0.24931774747843605
1147,4.333006751,4.444301723786939,0.111294972786939
1165,3.320649398,3.4896541220343504,0.1690047240343504
1166,1.73563205,2.404411211745126,0.668779161745126
1170,4.024402495,3.7212901696850174,0.303112325314983
1175,3.744148977,3.7795085811161093,0.03535960411610928
1180,2.517963881,3.0995645149042237,0.5816006339042237
1190,3.727559588,3.856302413691054,0.1287428256910541
1206,2.788267882,2.8876655276813152,0.09939764568131526
1207,2.818337477,2.9775561892124043,0.15921871221240425
1208,2.298970397,2.5191150521358123,0.22014465513581216
1209,4.379464842,4.5008224856858,0.12135764368580038
1211,3.289764087,2.869355840055822,0.4204082469441781
1222,2.413386783,3.675221462782679,1.261834679782679
1233,4.131291377,3.969568613882144,0.16172276311785616
1240,3.103617408,3.1622245432519285,0.05860713525192862
1242,4.588096611,4.6834335203838275,0.09533690938382744
1254,3.716504164,3.670254693468214,0.04624947053178596
1259,2.827798098,3.171625879214928,0.34382778121492796
1260,2.823142591,3.0266881520389908,0.2035455610389909
1261,3.359611911,3.2507546879682963,0.10885722303170375
1266,2.260141566,2.790103390372578,0.5299618243725779
1267,2.156319558,2.7631034221946598,0.6067838641946599
1268,2.948446129,3.1383667937787343,0.18992066477873415
1271,4.119641577,3.8699136925415916,0.24972788445840877
1283,4.203224836,3.7695062891440796,0.4337185468559208
1284,3.423532001,3.4897207532132004,0.06618875221320053
1296,3.965741528,3.6142867623205883,0.3514547656794118
1305,3.948773251,3.6680927942800174,0.28068045671998254
1318,4.108194489,3.304867317962699,0.8033271710373007
1332,2.874356773,3.492278919858283,0.617922146858283
1348,3.506729176,3.6246113459126406,0.11788216991264067
1349,3.36909456,3.309835796522691,0.059258763477309184
1362,3.171659834,3.4706915293006477,0.29903169530064755
1365,3.303580486,3.4273255115023447,0.12374502550234467
1367,3.437016873,3.4484918980764188,0.011475025076418621
1369,2.173423929,3.0680273020523514,0.8946033730523513
1385,2.891205927,2.7025972320458305,0.18860869495416965
1387,3.72242354,3.607741992418559,0.11468154758144067
1391,2.5461222,3.0079945391517975,0.4618723391517974
1406,4.956525486,5.518251420483526,0.5617259344835253
1419,5.563178937,4.806267822305087,0.7569111146949128
1422,3.616267821,4.011499401140832,0.39523158014083215
1425,4.967309603,4.72529033348575,0.24201926951425
1427,4.024645728,4.349476366215101,0.3248306382151007
1437,3.738879546,4.2484220076851775,0.5095424616851774
1443,2.982984418,2.922158094090224,0.06082632390977594
1445,3.67642577,3.596767323086042,0.07965844691395763
1453,3.265322371,3.128303646366199,0.13701872463380083
1483,3.139080257,4.1262445870558775,0.9871643300558777
1484,3.013148764,3.2751050125658105,0.2619562485658107
1485,4.082202004,3.6204527258957664,0.4617492781042336
1490,3.376854233,2.351093532618203,1.025760700381797
1497,4.136836456,4.621504365706377,0.48466790970637685
1517,4.614355382,4.122585937020027,0.49176944497997344
1521,2.050126376,2.648451835797246,0.598325459797246
1522,2.814115906,2.9851042056276706,0.1709882996276706
1530,3.851336067,3.825952814284556,0.025383252715444282
1532,3.087513252,3.425308940065887,0.3377956880658872
1536,4.431876718,3.3718342398412218,1.060042478158778
1537,2.454963652,2.889697138014991,0.43473348601499096
1543,2.254552911,2.334048862019063,0.0794959510190627
1545,3.105008422,3.40094579730113,0.29593737530113007
1546,2.952103309,3.198362245234723,0.24625893623472317
1547,3.338765882,3.1261414157129503,0.21262446628704978
1550,3.555056945,3.969959821240633,0.41490287624063305
1580,3.071587471,3.4992909007498385,0.42770342974983855
1587,3.224333028,2.8698110995371238,0.35452192846287645
1599,3.899209654,3.7119360017471204,0.1872736522528795
1607,3.970645821,4.040498533885769,0.06985271288576866
1610,4.314441683,3.8515710133396563,0.46287066966034374
1612,3.702826736,2.9707880075497433,0.7320387284502567
1614,1.663807372,2.515931718591022,0.852124346591022
1615,3.781791558,3.6363665195618182,0.1454250384381819
1620,3.403526785,3.5214337294329505,0.11790694443295058
1626,3.29030457,2.9291114489016428,0.3611931210983572
1629,3.734782545,3.932699899151837,0.1979173541518371
1639,3.860237213,4.038827135887578,0.17858992288757802
1651,3.183863922,3.196420576838789,0.012556654838788983
1654,3.628830299,3.3557087454239056,0.27312155357609447
1661,4.482130075,3.8629682279298008,0.619161847070199
1662,4.451868605,3.5539683096431225,0.8979002953568771
1669,2.037936196,2.7214598424454732,0.6835236464454733
1672,3.229454015,3.190264159719932,0.03918985528006802
1673,3.247240236,3.3018165229479743,0.05457628694797423
1675,3.724396356,3.475652815885941,0.24874354011405897
1691,3.317033051,3.033301549477571,0.2837315015224293
1722,3.372918575,3.3000496510220705,0.07286892397792943
1732,3.173022689,3.432588993429244,0.259566304429244
1734,3.126912321,3.060547048193513,0.06636527280648696
1740,3.132633184,3.497431335032804,0.364798151032804
1751,3.688497685,3.5422488190182437,0.14624886598175646
1752,2.696899463,3.0892075595628,0.3923080965628003
1753,2.778904226,2.795783972785919,0.016879746785919192
1757,1.783874548,3.319089483800876,1.5352149358008762
1771,3.509852709,2.929506523037716,0.5803461859622838
1774,3.568473361,3.6672969862889118,0.09882362528891164
1781,3.786284085,3.90665376471648,0.12036967971647972
1789,4.389322465,4.327133322332409,0.06218914266759157
1792,3.678523345,3.3357113655268864,0.3428119794731135
1793,1.900353804,2.7163439841983914,0.8159901801983913
1802,2.94311252,3.102238408589932,0.15912588858993182
1824,3.728343635,3.151166706251149,0.5771769287488508
1838,3.548961636,3.2583109526137704,0.2906506833862297
1847,3.730010389,3.7277484396396843,0.0022619493603155405
1848,3.213762341,3.5458208189926643,0.3320584779926645
1850,3.492515942,3.568108947696934,0.07559300569693406
1852,3.184104109,3.434403876082739,0.2502997670827387
1855,4.227381018,3.8549669766713466,0.3724140413286534
1864,2.133692946,3.1794504468599003,1.0457575008599003
1865,2.763877031,3.3287520448100842,0.5648750138100844
1870,3.348715037,3.252149769208762,0.09656526779123764
1890,3.632497061,3.2045316315961356,0.4279654294038644
1906,2.911627364,3.1022413575772925,0.19061399357729236
1908,2.620621969,2.6868919844992805,0.06627001549928035
1920,3.772256492,3.6143334762258053,0.15792301577419465
1926,3.823576287,3.8417773069479004,0.018201019947900576
1929,3.738599376,3.8763961090565227,0.13779673305652285
1936,3.904862488,4.0156870504577,0.1108245624577
1952,3.17159065,2.7974924716446314,0.37409817835536874
1959,3.36305394,3.5439524487963516,0.18089850879635172
1961,3.06993225,3.282587417016445,0.21265516701644493
1966,4.559571503,4.327733554933056,0.2318379480669437
1967,3.145091041,3.4929741728235197,0.3478831318235196
1974,3.882672909,3.9885744892072093,0.10590158020720919
1975,3.321470698,3.5623208664321333,0.24085016843213314
1982,3.669389205,3.0907773933551765,0.5786118116448233
1986,2.845662256,3.0368235920662867,0.19116133606628694
1987,3.10772813,2.77250500457024,0.33522312542975996
1994,2.680179652,3.1571515932128453,0.47697194121284525
1995,3.67738165,3.81932239879728,0.14194074879728014
2000,3.001526994,3.4351521345316183,0.4336251405316185
2008,3.067337479,2.848657890370723,0.21867958862927672
2018,2.915363819,3.4561305226453998,0.5407667036453998
2020,4.105335193,3.71267525053791,0.39265994246209024
2022,3.999187109,3.6485831454157265,0.3506039635842737
2029,3.963174826,3.7575762399449264,0.20559858605507353
2033,3.967933208,3.990287814707183,0.022354606707183144
2036,3.817262214,3.723151564398828,0.09411064960117166
2037,4.013411687,3.61209528874771,0.4013163982522898
2038,3.845515636,3.4729223085602228,0.37259332743977724
2040,3.85322547,3.582617932155478,0.27060753784452185
2049,3.800413743,3.886513398476135,0.08609965547613507
2056,4.24345973,4.009418698342324,0.23404103165767598
2061,4.326633784,3.2724567220000362,1.054177061999964
2068,3.531289556,3.3709352161990003,0.16035433980099967
2070,3.334914609,3.1404220348577554,0.19449257414224475
2080,3.59653552,3.8217990791494127,0.22526355914941254
2083,3.712049607,3.7722365727932936,0.060186965793293634
2092,5.078634641,3.9482305354904224,1.1304041055095775
2099,3.418954964,3.328779007688219,0.09017595631178121
2103,5.215083879,4.160982717133655,1.0541011618663445
2116,2.604559465,2.770532299924956,0.1659728349249563
2121,2.744450141,3.332660879436976,0.5882107384369757
2129,5.051651674,3.742025446950284,1.3096262270497165
2135,4.231566672,3.818860092952724,0.4127065790472755
2160,3.150701301,3.261402752451738,0.11070145145173838
2165,3.353403259,3.3174966187789985,0.03590664022100132
2168,3.658966543,3.7271636055025428,0.06819706250254276
2182,4.233640724,3.7738317681858695,0.4598089558141303
2185,3.183770161,3.7382781256734074,0.5545079646734075
2190,3.709229244,3.8096231451903266,0.10039390119032676
2192,4.251768976,3.8932366782691368,0.35853229773086337
2195,3.371648587,3.5869814980281634,0.2153329110281632
2199,5.675741691,3.8040090917847764,1.8717325992152234
2200,3.191612217,3.576454964448891,0.38484274744889113
2213,3.187790957,3.3628856054258174,0.17509464842581757
2229,3.9297657,3.8533967242124567,0.0763689757875432
2240,2.638772039,4.456634355860539,1.8178623168605386
2255,3.544572548,3.619464641098896,0.07489209309889588
2258,4.025637349,4.228675259506057,0.20303791050605646
2260,2.776747835,3.156883810397356,0.3801359753973559
2262,4.034002429,3.103482208365746,0.930520220634254
2264,3.35975081,3.2883822284113835,0.07136858158861648
2272,3.497238656,3.688749838872176,0.19151118287217583
2277,4.283816647,4.1307855885014115,0.15303105849858856
2280,3.687715203,3.8009320142078473,0.1132168112078471
2283,3.423511604,4.33594718037915,0.9124355763791496
2285,4.088034553,3.747516770866417,0.34051778213358297
2287,3.745411838,3.9828944094140546,0.2374825714140547
2290,3.471079729,3.690787682354867,0.21970795335486715
2303,3.704173506,3.5122509919779064,0.1919225140220937
2304,2.612098803,3.357553367958842,0.745454564958842
2307,3.516976621,3.043057231325028,0.4739193896749718
2330,3.547625287,3.403889505114934,0.14373578188506597
2333,3.838817619,3.341981368599328,0.4968362504006718
2366,3.015943627,3.7426704882854693,0.7267268612854694
2368,3.891328344,3.9195791066342833,0.028250762634283166
2372,3.541886968,3.606739537481786,0.06485256948178586
2374,4.577935565,4.164601622020589,0.41333394297941073
2379,3.971577337,3.9341598561792654,0.03741748082073437
2380,3.898526685,3.7937799673948516,0.10474671760514864
2382,3.099364068,3.3089555343242836,0.20959146632428372
2388,3.450958053,3.4091958555049175,0.041762197495082365
2390,3.081157515,3.1911552196172153,0.10999770461721514
2396,3.963006204,3.7671548718422407,0.1958513321577593
2412,3.134104471,3.6106304217245557,0.4765259507245556
2415,3.634161007,3.9365744870827535,0.3024134800827536
2417,3.376153144,3.1837955879793447,0.19235755602065518
2421,1.609910856,3.176211885457599,1.5663010294575992
2426,3.042290068,3.546727727083425,0.5044376590834254
2434,3.729126659,3.792205616764934,0.063078957764934
2436,4.314040282,4.142292964547074,0.17174731745292604
2439,2.885596776,3.4134523788826705,0.5278556028826706
2447,3.56202294,3.47478708963444,0.08723585036555992
2449,3.888140866,3.7417117851980923,0.14642908080190775
2451,4.454413261,4.838425568759593,0.38401230775959316
2467,3.860485649,3.9208580408135383,0.06037239181353815
2474,3.873652875,3.74333155532519,0.1303213196748101
2487,2.745426147,2.8454301617577875,0.10000401475778764
2491,3.991878504,3.934806366351443,0.05707213764855723
2498,3.580342432,3.5348609682505145,0.045481463749485584
2500,3.841683417,2.979410480181901,0.862272936818099
2507,3.434206651,3.238339026541225,0.19586762445877515
2516,3.73817585,3.8235442638184214,0.0853684138184212
2535,4.550752336,3.522394976255461,1.0283573597445392
2541,3.831507559,3.5381593416634742,0.2933482173365256
2546,4.563154851,4.4497654386670025,0.11338941233299771
2548,3.38110774,3.589015231351071,0.207907491351071
2553,3.747883249,4.083661862241353,0.33577861324135316
2561,4.089756006,3.6789154692564225,0.41084053674357746
2574,3.232308629,3.914328521024255,0.6820198920242553
2579,2.575595563,2.679807177826054,0.10421161482605434
2590,3.661864547,3.7290152106836314,0.06715066368363143
2594,3.42667529,3.6562477054456286,0.22957241544562867
2595,3.845463491,3.9320531841300137,0.08658969313001386
2601,4.672435988,3.9035842851428693,0.7688517028571309
2602,4.116443543,3.777029598619028,0.33941394438097205
2624,2.944126097,3.2159791409726846,0.2718530439726847
2649,3.619294622,3.5781511007168367,0.04114352128316323
2650,3.487749272,3.5631841186455215,0.07543484664552169
2659,4.044572767,3.938361729943783,0.10621103705621682
2662,3.806677722,3.60402786801854,0.20264985398145985
2668,6.857730261,4.903074722174923,1.9546555388250777
2671,4.05395327,3.9492816652626392,0.10467160473736081
2674,4.345070806,4.115721791734438,0.2293490142655621
2676,3.755548536,3.455648252489249,0.29990028351075093
2680,3.727492743,3.8998265298498103,0.17233378684981027
2689,3.868975948,3.2603428963808527,0.6086330516191474
2694,3.037457486,3.0778177075763735,0.04036022157637342
2695,2.720686341,2.9505727816412257,0.22988644064122576
2697,3.466032815,3.5118845953838465,0.0458517803838463
2707,3.210607577,3.5004357332386036,0.28982815623860336
2709,2.882024625,2.8524794202128714,0.029545204787128743
2711,3.572473289,3.528788467910216,0.043684821089784
2716,3.359318911,3.6445473570055986,0.2852284460055987
2736,4.264214348,4.085371527088106,0.1788428209118944
2751,3.95033315,4.087630959756598,0.13729780975659756
2755,3.082043822,3.365040842266515,0.28299702026651463
2757,2.769522713,2.996463608872942,0.22694089587294197
2764,4.352065618,3.756972428353018,0.595093189646982
2766,3.676900911,3.568917134836802,0.1079837761631981
2770,3.526641535,4.180231067877211,0.6535895328772114
2786,4.174117981,3.211540258522591,0.962577722477409
2797,2.679922279,2.9308470531831827,0.2509247741831828
2806,3.634072123,4.0290466119312285,0.39497448893122833
2809,2.880823676,3.0085672627725373,0.1277435867725374
2826,3.948752737,3.977913513361368,0.029160776361368157
2834,3.689858657,3.2842265350481825,0.4056321219518173
2838,3.225428467,3.6089817747660056,0.3835533077660056
2848,3.105762173,3.0790762324042724,0.026685940595727597
2850,3.773555345,3.7533742042855214,0.02018114071447874
2851,3.893324344,3.877147590552822,0.016176753447177727
2863,3.971645387,3.7579062037844535,0.21373918321554664
2866,2.838790987,3.257138866344529,0.418347879344529
2874,3.535662508,3.4003307768491013,0.1353317311508988
2879,3.566141848,3.70473409651977,0.13859224851977014
2881,4.02924738,3.797408372672292,0.23183900732770812
2890,3.252293291,3.760547464499063,0.5082541734990631
2894,3.906815102,3.7490181348018297,0.15779696719817027
2896,3.878075126,3.7570030253548867,0.12107210064511342
2907,2.620884338,2.1025024326451063,0.5183819053548939
2913,3.186227822,3.7584551887347586,0.5722273667347584
2916,5.039897721,3.7380561108701036,1.3018416101298964
2917,4.13885824,4.071212340723465,0.06764589927653564
2931,4.449106686,4.616856535197583,0.16774984919758307
2944,3.497973131,3.625838617522197,0.12786548652219665
2962,3.575171634,3.783911764984836,0.20874013098483601
2966,3.54219032,4.0346649671980535,0.49247464719805345
2968,3.773591867,3.9896103594971226,0.21601849249712268
2975,4.158698049,3.8923831877267054,0.2663148612732944
2976,4.49315238,4.21185735284967,0.28129502715033006
2990,3.999277704,4.0101601227632235,0.010882418763223711
2991,2.758223778,3.5661676145408063,0.8079438365408063
2992,3.70603211,3.885291837367569,0.1792597273675689
3002,3.79690979,3.743333011007657,0.053576778992343144
3003,3.986458213,3.923568601087678,0.06288961191232234
3029,2.67042331,2.604073194233783,0.06635011576621697
3033,2.455259983,3.4913454978098875,1.0360855148098875
3039,3.226810343,3.293238024729213,0.0664276817292131
3040,3.987796315,3.9654101460364326,0.0223861689635676
3054,4.113702172,4.209075927992833,0.09537375599283315
3062,3.57113405,3.5572372246001627,0.013896825399837276
3095,5.730946215,4.058327904065035,1.6726183109349657
3125,3.005216273,3.2109231901026303,0.20570691710263045
3150,3.377734757,3.8599289711815348,0.48219421418153496
3153,4.574396174,4.370100537065595,0.2042956369344049
3157,4.604928902,4.090353131809693,0.5145757701903069
3161,5.543252045,4.021071616373309,1.5221804286266911
3177,3.151717065,3.396439804491352,0.24472273949135204
3184,3.269300248,2.7335906094992817,0.5357096385007183
3185,3.917846719,3.747518433826519,0.17032828517348086
3189,3.637786258,3.6816181956652536,0.043831937665253395
3201,2.967984547,3.1463977763059283,0.1784132293059284
3206,2.88827635,3.0682257397305146,0.17994938973051466
3217,3.345578466,3.6708836220381573,0.32530515603815724
3226,3.840592207,3.341673223606694,0.49891898339330565
3237,3.699588631,3.816990561379068,0.11740193037906765
3239,3.575174769,3.420726813264757,0.15444795573524317
3246,2.16388091,2.436818374958637,0.27293746495863713
3251,2.69369569,3.2909790920915363,0.5972834020915361
3255,6.204762805,4.679040144528415,1.525722660471585
3257,3.628041975,2.980802335374243,0.6472396396257567
3271,3.061270228,3.1321337541475542,0.07086352614755409
3282,3.230894341,3.6164398649157894,0.38554552391578945
3294,2.196462211,2.720019926857759,0.5235577158577591
3309,4.37962334,3.973896356945777,0.4057269830542234
3324,3.639553345,3.7020385788868873,0.062485233886887315
3329,2.994893245,3.315719369766706,0.3208261247667057
3344,4.612183829,3.4662047666115607,1.1459790623884394
3351,3.043827765,3.481578513623298,0.4377507486232979
3353,4.166511518,3.6353748998346647,0.5311366181653354
3357,4.408843487,3.312424455647013,1.0964190313529873
3361,3.595178749,3.1495322767182947,0.4456464722817053
3366,3.747001349,3.6925147995774523,0.054486549422547714
3375,3.598739714,3.352987744107364,0.24575196989263626
3377,3.389109103,3.062266867003489,0.32684223599651085
3393,4.380760398,4.841608943835024,0.46084854583502466
3402,2.913902963,2.9111419418013846,0.002761021198615321
3403,3.699667474,3.6799887209098863,0.019678753090113688
3408,3.067380867,3.1724666976272613,0.10508583062726151
3409,3.710274558,3.7033643985160234,0.006910159483976663
3410,3.715209906,3.8615791759338656,0.14636926993386545
3425,3.069871189,3.682997548644845,0.6131263596448449
3439,4.127419782,3.4961586133360276,0.631261168663972
3444,3.059203565,3.2813544501521896,0.22215088515218984
3453,4.01436014,3.8120430131482896,0.20231712685171033
3458,2.711849392,3.133810784806587,0.42196139280658684
3459,2.58530207,2.8308070974965722,0.24550502749657221
3470,3.057086827,3.2138476799269826,0.1567608529269826
3472,3.988623808,3.9484404252227066,0.040183382777293275
3489,3.1750534,3.3294850884729357,0.15443168847293576
3493,3.706364401,3.6714298576386195,0.03493454336138058
3499,3.348764232,3.221883150941485,0.12688108105851503
3505,3.737142927,3.7587497071542533,0.021606780154253435
3508,3.18751132,3.698275606806293,0.5107642868062929
3511,3.737142927,3.6247733379346525,0.11236958906534733
3519,3.663946467,3.424261206340632,0.23968526065936802
3523,2.879860146,3.050430903781339,0.17057075778133912
3526,3.233716796,3.1300154612520186,0.10370133474798138
3532,2.68548702,2.4716832590751263,0.21380376092487374
3536,4.037635995,3.7752686171511964,0.26236737784880315
3542,3.72265137,3.7443018878151704,0.021650517815170467
3548,3.536409023,3.7116513683146715,0.17524234531467142
3562,3.640755698,3.8452327689952748,0.2044770709952748
3569,3.225151275,2.7246495061370575,0.5005017688629425
3572,3.458364346,3.3011511950415504,0.1572131509584498
3577,3.467355857,3.5616696354691553,0.09431377846915545
3598,3.039764322,3.228264690510327,0.18850036851032703
3606,3.419651919,3.2559162391481182,0.16373567985188187
3614,3.578564875,3.3667453262791525,0.21181954872084763
3619,3.594979991,3.857589373136488,0.26260938213648766
3663,1.740815327,2.6129189031017104,0.8721035761017104
3668,3.29219909,2.994735454534348,0.29746363546565213
3675,3.605672448,3.4720830922584733,0.13358935574152664
3676,2.832852364,3.1289749657026595,0.2961226017026597
3696,4.03273677,3.9481936504123074,0.08454311958769223
3712,3.179779921,3.5411829172701568,0.3614029962701566
3720,2.933967814,3.4325963487689033,0.49862853476890345
3727,3.833162417,3.489054774316564,0.34410764268343597
3731,3.410578815,3.447652002483655,0.03707318748365518
3740,3.095381868,3.6416049864154743,0.5462231184154742
3763,4.103132573,3.5369461097147448,0.5661864632852551
3775,3.685490619,3.565301071282518,0.12018954771748191
3790,4.284779032,3.8987402409157093,0.38603879108429107
3797,3.60422451,3.6600322999921135,0.055807789992113666
3800,3.192592231,3.883137491263492,0.6905452602634923
3804,3.689537175,3.4453136818018537,0.24422349319814618
3826,3.434011321,3.6899759972360937,0.25596467623609387
3828,2.852517268,3.0719342052184087,0.2194169372184085
3833,3.065382584,3.3344092941555057,0.2690267101555057
3838,2.646725721,3.03072009282067,0.38399437182066976
3847,3.504355307,3.56081376584404,0.056458458844040216
3848,3.504355307,3.576625744755592,0.07227043775559183
3850,3.261305172,3.7991585316536773,0.5378533596536772
3864,3.834555804,3.837416325275877,0.0028605212758772147
3865,3.343108675,3.7810301893813105,0.43792151438131066
3872,3.249082802,3.5750747269512084,0.3259919249512082
3873,3.782638959,3.6700785099261144,0.1125604490738854
3878,3.84563061,3.78135786288901,0.06427274711099029
3889,4.112707382,4.3344094651192835,0.22170208311928352
3890,3.691460008,3.176029946457571,0.5154300615424288
3899,3.697612265,3.5727038348655404,0.12490843013445962
3907,2.59222882,2.931522444599323,0.339293624599323
3910,3.184918454,3.4497493742978316,0.2648309202978316
3911,3.618552363,3.686240357740531,0.06768799474053111
3913,3.574621062,3.746535404454231,0.17191434245423132
3919,7.70957663,4.9695722128518165,2.7400044171481834
3920,2.041002866,2.7100709644109506,0.6690680984109507
3943,3.439464611,3.4350093511005326,0.004455259899467379
3944,3.12546973,3.2640806602394488,0.13861093023944893
3945,3.974985139,3.432045401456759,0.5429397375432412
3948,3.942640422,4.366737720288258,0.4240972982882578
3955,4.42509057,3.535067210639631,0.8900233593603692
3956,1.866815852,3.0759273169140564,1.2091114649140564
3959,5.061858467,4.361779851870301,0.7000786151296996
3960,3.971676683,4.134624266567857,0.1629475835678571
3971,4.384838256,4.2920856296428465,0.09275262635715364
3973,2.44024412,3.001799820923004,0.5615557009230039
3984,3.110668258,3.617501952044214,0.506833694044214
3988,3.105464766,3.155019145799802,0.04955437979980193
4004,3.848328027,3.954393561693519,0.10606553469351887
4006,2.894119763,2.8553851395956906,0.03873462340430933
4012,3.545565548,3.623718792918737,0.07815324491873721
4023,4.581545767,4.077084659218279,0.5044611077817205
4029,3.189506085,3.637454374856526,0.4479482898565257
4035,2.815778995,3.753925109896707,0.938146114896707
4038,4.425415741,3.9805040884977014,0.4449116525022987
4049,3.666443096,3.6603946559407907,0.006048440059209348
4060,3.926359599,3.5822944241994117,0.3440651748005883
4064,4.90791515,4.271733637270513,0.636181512729487
4075,3.932766803,4.446538158793061,0.513771355793061
4084,3.727402441,3.9807582165976716,0.2533557755976714
4087,4.296319425,3.6820204394912084,0.6142989855087917
4101,3.127957425,3.2962128264591577,0.16825540145915774
4102,3.664800812,3.7013987728462707,0.03659796084627054
4113,2.916993192,3.714921201742957,0.7979280097429569
4114,3.849955636,3.862966841006323,0.013011205006323134
4122,3.831313873,3.670252072501047,0.16106180049895302
4129,3.982124181,4.003151081725871,0.02102690072587121
4145,3.077515453,3.2082489852982023,0.13073353229820217
4154,3.281969665,3.7043299508276557,0.4223602858276556
4166,3.4536384,3.999982945271159,0.5463445452711588
4180,6.151083224,5.5325254360128095,0.6185577879871902
4181,5.407858746,5.643900052477971,0.23604130647797117
4184,3.564129578,3.5393360001565948,0.024793577843405412
4190,4.204088173,4.1593400762166715,0.04474809678332825
4193,3.791818423,4.188575931334997,0.3967575083349968
4194,3.797271803,3.897086946684527,0.09981514368452693
4195,3.744453273,3.888470138621745,0.1440168656217451
4197,5.775600951,5.5006360516583435,0.2749648993416569
4200,3.118049676,3.3112767107339547,0.19322703473395464
4202,6.103247673,5.230339806223232,0.8729078667767682
4204,5.629425505,4.104097942085047,1.5253275629149536
4210,2.659960744,3.520387003266682,0.8604262592666818
4213,2.449486113,3.1234018248951423,0.6739157118951424
4222,4.630745691,4.376609640792463,0.2541360502075376
4224,6.624279991,5.135380589295137,1.4888994017048631
4229,3.423319134,3.3882455208840363,0.03507361311596391
4230,3.363545919,3.189460879704994,0.17408503929500574
4234,3.978343176,3.9921982320040192,0.01385505600401915
4238,3.564203038,3.7033123907453818,0.13910935274538172
4240,3.348834263,3.8010659868286116,0.45223172382861154
4241,3.451251734,3.362855943051513,0.08839579094848693
4246,2.849409816,2.9376810868681273,0.08827127086812725
4251,3.79229161,3.720011263773973,0.07228034622602708
4257,4.004754838,4.094439511309478,0.0896846733094776
4258,4.486918774,4.391356600429947,0.09556217357005359
4260,3.691425683,3.7571691883995078,0.0657435053995079
4270,4.279361188,3.8037272681443834,0.47563391985561676
4280,1.991992745,3.8961374490550726,1.9041447040550727
4282,3.600659851,3.772890616690996,0.17223076569099582
4285,5.377098883,4.1862816346219605,1.19081724837804
4287,3.369688869,3.135476769835251,0.23421209916474917
4289,5.086048237,3.904963083770006,1.181085153229994
4291,4.038617891,4.101867258281871,0.06324936728187058
4298,3.005445071,3.1206092692268195,0.11516419822681945
4309,3.864726099,3.954137625144141,0.08941152614414127
4330,2.747605061,3.0453709735653995,0.29776591256539975
4375,3.078024806,3.34944343801645,0.27141863201645
4383,4.754935763,3.597780278997649,1.1571554840023506
4412,4.485203086,3.4196500881424905,1.0655529978575098
4417,3.715348067,3.5478452726251275,0.16750279437487237
4430,3.575236165,3.864249126933487,0.2890129619334867
4436,2.602722509,2.9101074505717257,0.3073849415717258
4441,3.723111452,3.8310240467853856,0.10791259478538562
4443,4.182001546,4.331398274108678,0.14939672810867766
4449,3.744153674,3.8957978417337853,0.1516441677337852
4451,2.600347671,3.2460155181515575,0.6456678471515573
4452,3.600347671,3.0330302181474593,0.5673174528525409
4459,3.545574381,3.6621311806885988,0.11655679968859856
4466,3.699778556,3.6437841260090456,0.0559944299909545
4470,3.772065536,3.874039268575795,0.10197373257579523
4473,5.005648641,4.7715846996300675,0.23406394136993214
4478,3.915366853,3.838011637118699,0.07735521588130112
4482,2.65959097,3.499350418168099,0.839759448168099
4499,2.55032295,3.032735879119176,0.4824129291191759
4502,3.39841747,3.3779752344201355,0.020442235579864576
4512,2.745221411,3.109635276661489,0.36441386566148903
4515,3.461894952,3.3879378417955026,0.07395711020449758
4517,4.039023429,3.9551805789014343,0.08384285009856596
4526,4.015279837,3.905299702805878,0.10998013419412178
4541,2.990671775,2.7334869262169215,0.25718484878307857
4551,3.685791483,3.626219426062693,0.05957205693730705
4553,3.544467687,3.588468162739729,0.044000475739728984
4559,3.437397302,3.585475306926218,0.14807800492621803
4571,3.74654107,3.8070164909169915,0.06047542091699132
4575,3.767118745,3.940164252387599,0.17304550738759916
4579,2.871870171,3.3134122153946826,0.4415420443946827
4582,3.544205401,3.4779728313641582,0.0662325696358419
4585,3.829871737,3.8389866386143026,0.009114901614302617
4595,3.50474591,3.7539510158164537,0.24920510581645372
4602,3.389713462,3.5620224637959024,0.17230900179590236
4618,3.585630654,4.103573328619603,0.5179426746196025
4621,3.975253688,3.829307835647996,0.14594585235200386
4626,3.629377615,3.8393567470341217,0.20997913203412155
4642,3.369745808,3.14797634931515,0.22176945868484976
4650,3.710932137,3.6324099152683207,0.07852222173167922
4652,3.554159259,3.6921477857241976,0.1379885267241976
4654,3.623750508,3.393084356128399,0.2306661518716009
4657,3.62380731,3.832158357329812,0.20835104732981202
4683,3.428385547,3.636346246079135,0.20796069907913495
4685,4.067610133,3.6557996875988885,0.4118104454011111
4694,3.952039724,3.8441619840338017,0.10787773996619832
4697,2.853127485,3.6795162710707983,0.8263887860707984
4702,3.53944659,3.5860517058800587,0.04660511588005889
4710,3.727023261,3.6938672679520597,0.03315599304794015
4711,3.968492955,3.7184939511400996,0.24999900385990026
4712,4.673918605,3.7926693306706993,0.8812492743293006
4724,3.623852747,3.7629695166894224,0.13911676968942244
4729,4.108720878,4.170550732776159,0.06182985477615954
4736,3.04637592,3.3831009943926644,0.3367250743926644
4737,3.460865144,3.515095046682916,0.05422990268291583
4738,3.634475562,3.785957816813219,0.15148225481321909
4742,3.795327492,3.5085146268275476,0.28681286517245264
4757,3.694300757,3.0906447808718887,0.6036559761281115
4772,2.682391495,2.609573838335337,0.07281765666466322
4774,4.095032289,3.9596628738492794,0.13536941515072032
4785,3.372304302,3.7228917992835426,0.35058749728354277
4786,4.423900919,3.816448629650118,0.6074522893498822
4790,3.817206378,3.741594791620035,0.0756115863799649
4793,4.200913004,4.204630091816513,0.0037170878165131427
4797,3.572285955,3.8378247974792568,0.26553884247925685
4806,3.448594684,3.854924876794752,0.4063301927947518
4807,4.144422765,3.7057142401966217,0.4387085248033782
4810,1.704300692,3.0918370630096814,1.3875363710096815
4811,2.098973701,3.0965936224400163,0.9976199214400165
4819,5.726425624,4.634442671489873,1.0919829525101266
4841,3.824429582,3.566471963650251,0.25795761834974895
4866,4.789431264,4.760845685083575,0.02858557891642466
4867,3.037961994,5.102775611770571,2.064813617770571
4871,3.111985907,4.5199562307031425,1.4079703237031422
4873,2.944344022,3.159250481805984,0.214906459805984
4878,3.799944006,3.9109374151317726,0.11099340913177258
4884,3.088583447,3.050214887382967,0.038368559617032894
4888,3.686799642,3.176308385667603,0.5104912563323971
4891,4.758272847,4.171874801600206,0.5863980453997941
4899,4.378512971,4.1211513097964065,0.2573616612035936
4905,3.953155414,3.6556139545987576,0.2975414594012422
4909,4.137259139,3.9830667862096716,0.1541923527903286
4915,2.888096967,3.4879241117730126,0.5998271447730126
4917,4.319381384,3.9438450920875483,0.3755362919124514
4925,3.08658376,3.3585521308541306,0.2719683708541307
4937,2.890284756,3.6525468934690632,0.7622621374690635
4944,4.903746963,4.491001141377687,0.41274582162231255
4958,3.320899532,3.249935847821092,0.07096368417890808
4960,4.017060642,3.9386497100721938,0.0784109319278059
4965,3.147816804,3.3701408425100934,0.2223240385100933
4998,3.922125091,3.82803622661345,0.09408886438654962
5000,2.827797217,3.5721774234366857,0.7443802064366856
5008,3.90370582,3.985550325418118,0.08184450541811827
5012,4.006601761,3.813296356339043,0.1933054046609568
5015,4.310496146,3.9881053868175904,0.3223907591824098
5031,4.325371969,4.2399031149846795,0.08546885401532034
5034,2.827164572,3.3338909886093204,0.5067264166093204
5037,2.31368583,3.0773846088634897,0.7636987788634899
5049,2.674094906,3.408344698612997,0.7342497926129967
5052,3.944427335,3.8145566810039955,0.1298706539960044
5053,4.122785005,3.9455369903252286,0.17724801467477125
5054,4.234335684,3.9706248857431685,0.26371079825683186
5057,3.212591565,3.57342738552317,0.3608358205231701
5065,4.233058622,3.792015521038948,0.4410431009610516
5068,3.35076731,3.054265297222999,0.29650201277700106
5082,2.43073967,3.0577619784333567,0.6270223084333568
5141,3.245527623,3.396454301589089,0.15092667858908904
5142,3.827081048,3.046162859114755,0.780918188885245
5161,4.156456908,3.8730650541071685,0.2833918538928315
5170,3.729604263,4.015055064033839,0.2854508010338388
5174,3.382195409,3.2917151408356946,0.09048026816430532
5175,5.543362568,3.2191515999758646,2.3242109680241354
5179,3.58442068,3.7870816079171647,0.20266092791716472
5188,3.703420999,3.855772031903116,0.15235103290311613
5206,4.310365078,4.665941180269159,0.3555761022691586
5224,4.050659795,3.5246923374817563,0.5259674575182434
5246,4.368500235,4.0895635046269945,0.2789367303730055
5265,2.993283007,3.0348024991882676,0.04151949218826756
5277,3.416633029,3.7102094929964107,0.29357646399641046
5284,4.720168246,4.479849264344815,0.24031898165518495
5288,2.871862879,3.2403950153426857,0.36853213634268567
5294,3.93805971,3.8493702576363953,0.08868945236360481
5295,3.759875158,3.7747891920687002,0.0149140340687004
5296,3.90125484,4.11584016846949,0.2145853284694903
5305,4.255885418,4.076549297536227,0.17933612046377334
5317,2.978285539,3.1007265646640354,0.12244102566403559
5318,4.402472419,4.502822711660366,0.10035029266036588
5349,3.715836275,3.5147565305892505,0.2010797444107495
5358,4.046139657,3.8412531771729412,0.2048864798270591
5359,3.966977614,3.8226357659643777,0.14434184803562244
5376,3.114416364,3.2770772110891366,0.16266084708913642
5387,2.889795257,3.3209417616773544,0.4311465046773546
5396,3.186164962,3.0710121902552383,0.11515277174476157
5412,3.576937605,3.6591139119189955,0.08217630691899558
5418,3.781307775,3.78134811845751,4.034345750980606e-05
5428,3.921900477,3.621177539491597,0.30072293750840284
5431,3.491745385,3.3452240679804244,0.14652131701957583
5432,4.00179056,4.233639899657146,0.23184933965714638
5439,3.763554608,3.883849645256168,0.12029503725616797
5442,3.895233367,3.8433338062074527,0.051899560792547206
5447,3.584759168,3.408928720448682,0.17583044755131816
5452,3.422636732,3.164011191429029,0.258625540570971
5456,3.407149037,3.4414872475484697,0.03433821054846975
5461,3.172537549,3.45901889587581,0.28648134687581006
5462,3.196411099,3.516359336806592,0.3199482378065919
5464,4.295429643,3.0449820271546724,1.250447615845328
5467,4.670021133,5.1115170673105075,0.4414959343105078
5468,4.791384641,3.332057478945737,1.4593271620542625
5475,4.222524276,3.7313661071653246,0.4911581688346751
5492,4.022699859,3.9261472402578823,0.09655261874211796
5526,5.467901482,4.803207638026677,0.664693843973323
5541,3.395043879,3.8798441032246824,0.4848002242246823
5545,5.194372098,5.375740125132831,0.18136802713283107
5568,3.715836275,3.5433688283194207,0.17246744668057934
5573,3.158422807,3.131819524911361,0.026603282088638824
5577,3.619357973,3.63665991997276,0.017301946972759996
5580,3.171060826,3.562492780944581,0.39143195494458105
5611,3.469864076,4.345623451708933,0.8757593757089333
5612,3.77417051,4.118660231302321,0.3444897213023208
5616,1.867994804,2.218448891269405,0.35045408726940486
5622,4.185860104,3.9847782415358983,0.2010818624641013
5624,3.978368517,4.040407085779474,0.062038568779474446
5625,3.677681341,3.9892715722608942,0.31159023126089425
5626,3.420866316,3.7022773921348406,0.2814110761348405
5628,3.194584443,3.6408178881986104,0.4462334451986103
5630,3.336395686,3.782303102170939,0.4459074161709391
5636,3.013283939,3.3793806618229145,0.3660967228229146
5650,3.610222025,3.3688976304871248,0.24132439451287535
5666,4.087062913,4.001246404730654,0.08581650826934517
5669,3.170093769,3.3655279708456294,0.1954342018456292
5674,3.814866623,3.792664345789059,0.022202277210940924
5680,4.03852706,3.403279011484172,0.6352480485158281
5685,3.394411972,3.34801714870439,0.04639482329560973
5687,3.440733238,3.460029155979567,0.01929591797956709
5688,3.500809585,3.896969857848358,0.3961602728483582
5693,4.583614079,5.051767067102144,0.468152988102144
5715,3.633209454,3.556638141291941,0.07657131270805939
5720,3.699551569,3.8428282867638313,0.14327671776383122
5731,3.847190015,3.553761861576863,0.2934281534231369
5743,3.544776518,3.7870088120919965,0.24223229409199654
5760,4.593421455,3.6926586033743773,0.9007628516256223
5763,3.821742733,3.7427618124974957,0.07898092050250405
5766,3.141467194,3.196361547629171,0.05489435362917083
5784,2.025509156,2.4961057111788585,0.47059655517885846
5785,3.146684334,3.4365109770108178,0.2898266430108176
5789,2.034397468,2.2025431373373108,0.1681456693373109
5792,2.576944294,2.3096442755853337,0.26730001841466633
5795,3.100156026,3.3962089661874515,0.29605294018745143
5797,3.362155885,3.3565203917424635,0.005635493257536428
5831,2.972973821,2.935434619007644,0.03753920199235594
5836,3.514031182,3.7621687500852286,0.24813756808522847
5841,3.744616538,3.9218139087450905,0.17719737074509068
5853,4.110733134,4.012289293318438,0.0984438406815622
5856,4.101279244,4.0838323435413395,0.017446900458660153
5858,4.262067021,4.0534061405835375,0.20866088041646247
5863,3.879215194,3.7338731193664954,0.14534207463350457
5884,3.769119346,4.334493793462425,0.5653744474624247
5889,3.439809641,4.12519901595228,0.6853893749522797
5890,3.394997296,3.797132809721425,0.40213551372142486
5901,4.03646152,3.9382978139593643,0.09816370604063529
5904,3.801269216,3.284954627011471,0.516314588988529
5915,5.072521936,5.006291444162148,0.06623049183785223
5916,4.580433879,4.519850775772915,0.06058310322708493
5921,3.872149277,4.6159755939735465,0.7438263169735464
5931,3.922820574,3.82641401537481,0.0964065586251901
5936,3.705611746,3.7709081264389903,0.06529638043899011
5963,3.73637658,3.684157049738663,0.05221953026133708
5972,2.959934421,2.943188946792955,0.016745474207044975
5975,3.003333248,3.0978468733447153,0.09451362534471519
5990,3.035274049,3.2211171904239615,0.18584314142396163
5996,4.068177742,3.866106386132854,0.20207135586714564
5998,3.847878796,3.731579668485095,0.11629912751490501
6005,4.212166289,4.120160916329704,0.09200537267029585
6012,4.923144344,4.372462034415782,0.5506823095842179
6013,3.611832513,3.296673963589023,0.315158549410977
6021,3.466007073,3.9300644604493975,0.4640573874493974
6030,3.687034381,3.231586291157793,0.4554480898422071
6032,3.96682433,3.845122939604097,0.121701390395903
6042,3.617139003,3.683852846604025,0.06671384360402488
6060,4.111432652,4.035531036691869,0.07590161530813155
6061,3.511056332,3.647933344647443,0.13687701264744323
6071,3.718332612,3.546680902453849,0.1716517095461514
6072,3.165877149,3.735439178676151,0.5695620296761512
6074,3.700823397,3.4379135936623,0.2629098033377
6089,3.22000488,3.3913098986044536,0.1713050186044538
6096,3.099412049,3.379015993054547,0.2796039440545468
6097,5.394845686,4.610788505873485,0.7840571801265153
6100,2.924825258,3.395199940536594,0.470374682536594
6102,3.442695295,3.338936380039397,0.10375891496060285
6103,3.310143637,3.539886091021329,0.22974245402132887
6115,4.043566604,3.3209574370620567,0.7226091669379429
6118,4.664686289,4.016569653130365,0.6481166358696342
6122,3.006356682,3.4234911233464844,0.4171344413464846
6124,4.923094247,3.7461681125936823,1.1769261344063175
6128,3.108476458,3.2723118705783762,0.16383541257837608
6137,3.046161326,3.2115668792473664,0.1654055532473664
6140,3.089603279,3.0752656385345873,0.014337640465412527
6141,2.875527879,3.444356467367151,0.5688285883671513
6152,3.613019994,3.6750716130683534,0.062051619068353325
6154,3.954230165,3.9162184944120644,0.03801167058793542
6181,4.380730136,4.011319372963673,0.3694107630363277
6197,3.717801305,3.812226821901213,0.09442551690121315
6214,4.033697114,3.7905358912947515,0.2431612227052482
6219,1.821505013,3.0898502896397013,1.2683452766397014
6234,3.149261,3.335568680097806,0.18630768009780585
6242,3.526136985,3.218017017786896,0.30811996721310386
6244,3.576426046,3.1538287396440903,0.42259730635590964
6245,3.429032052,3.529311670665544,0.10027961866554369
6247,3.586748006,3.4717140519192298,0.11503395408077033
6253,3.174016865,3.121977414186471,0.0520394508135289
6261,4.442887219,3.8087383116869717,0.6341489073130284
6272,3.323590326,3.769819778894373,0.4462294528943729
6276,3.612176252,3.525921124055748,0.08625512794425161
6278,3.32686134,3.550078966011196,0.2232176260111962
6281,4.023423421,3.8007862249192392,0.22263719608076116
6291,4.104581942,3.7373237515308513,0.367258190469149
6292,4.102081625,3.991772935311887,0.11030868968811314
6297,4.670005055,4.401706317111534,0.2682987378884656
6336,3.879315009,3.825073543277061,0.054241465722939086
6338,3.545937416,3.6333614784053907,0.08742406240539058
6343,4.371007488,4.2060688512607465,0.16493863673925357
6348,3.466141499,3.7889357715454954,0.32279427254549553
6350,3.396865235,4.091795340754843,0.6949301057548434
6351,3.858837851,3.6330027307914325,0.22583512020856755
6377,2.933077413,3.3612971097467663,0.4282196967467664
6382,3.28586259,3.3205770848518625,0.03471449485186273
6384,4.033870593,4.052915965837712,0.019045372837712016
6392,3.018026828,3.2064200930625657,0.1883932650625657
6406,3.270692335,3.40070295132472,0.13001061632471966
6409,3.740356615,4.055794797352503,0.31543818235250276
6415,3.749127883,3.6416969300473303,0.10743095295266958
6416,3.679272608,3.958723554706341,0.27945094670634063
6419,4.278939126,3.925306659396705,0.35363246660329484
6422,4.206029389,4.064418370886117,0.141611018113883
6428,4.007397012,3.9712799832013026,0.036117028798697604
6429,2.613135077,2.9332184275491215,0.3200833505491216
6430,4.772155499,3.328534991434844,1.4436205075651563
6453,3.543454299,3.302387110994329,0.24106718800567117
6485,3.728028954,3.944465283668649,0.21643632966864912
6487,3.870903466,4.007877042393507,0.13697357639350694
6491,3.362514518,3.8247993594229186,0.4622848414229188
6501,3.667101639,3.7283848923260487,0.06128325332604856
6506,1.551959629,3.242312907461661,1.690353278461661
6510,3.079751888,3.6313645970889725,0.5516127090889724
6518,1.887127599,3.680133665884241,1.7930060668842411
6520,4.154471143,3.708178658999221,0.44629248400077914
6525,2.845783408,3.0680261173594596,0.22224270935945967
6535,3.566340672,3.753335948470717,0.186995276470717
6552,3.922264999,3.4143783371612058,0.507886661838794
6561,2.166355172,2.506259447777275,0.339904275777275
6562,4.017098892,5.008693904574594,0.991595012574594
6563,3.948509372,3.7976341901991866,0.1508751818008136
6576,4.106601177,3.7467284992848455,0.3598726777151544
6580,4.576604579,3.5511697834441973,1.0254347955558023
6583,3.63450426,3.79112077465824,0.1566165146582401
6585,3.238526574,3.528047583430578,0.2895210094305778
6595,4.507015359,3.734033091659427,0.7729822673405735
6611,4.173760091,3.2179892437121707,0.9557708472878295
6614,3.460457529,3.560359033267734,0.09990150426773381
6616,4.528559441,4.758420139418796,0.22986069841879608
6621,3.884477482,3.816117854937683,0.0683596270623168
6625,2.77891863,2.7292308869080752,0.04968774309192492
6627,4.298049701,3.8755696694523896,0.4224800315476105
6656,4.225492994,4.317089746000841,0.09159675200084116
6659,4.383494212,4.225313541207104,0.15818067079289566
6663,3.233605219,3.4442591537866067,0.21065393478660654
6664,3.55756334,3.938078320459599,0.38051498045959864
6669,4.037544874,4.13055118892325,0.09300631492325007
6670,2.909588713,2.9793726688299893,0.06978395582998909
6672,3.720757041,3.734835048601241,0.014078007601241005
6699,3.63351769,3.487030541249836,0.14648714875016422
6704,3.314701276,3.622118479109266,0.3074172031092659
6708,3.563983615,3.5338253289663104,0.030158286033689752
6726,2.723111822,3.249353693169287,0.5262418711692871
6733,3.390624525,3.5816949257335513,0.19107040073355153
6735,4.030735038,4.2151025798442845,0.18436754184428406
6747,3.717349239,4.106530813844493,0.38918157484449356
6754,3.853873557,3.8869084682727078,0.033034911272707745
6770,4.289602126,4.141208956597117,0.14839316940288327
6778,3.930525265,4.0538967025199195,0.12337143751991952
6784,4.105036247,4.007637582465265,0.09739866453473489
6806,4.227196167,4.062474262884865,0.16472190411513488
6820,3.231770693,3.668396014693497,0.436625321693497
6822,3.011267981,3.3117073187237867,0.3004393377237866
6830,3.870612223,3.7316509241410887,0.1389612988589115
6847,3.900594947,3.5973642635167096,0.3032306834832905
6851,3.480273929,3.3300781523548846,0.1501957766451154
6853,3.837907887,3.555707062698754,0.28220082430124593
6896,2.431928382,2.8321919470769163,0.4002635650769162
6902,3.878122949,4.3467693564709196,0.46864640747091935
6910,3.461252886,3.8582627542528622,0.3970098682528622
6954,4.259444918,4.397058160804225,0.1376132428042256
6956,4.02875923,4.04390739362048,0.015148163620479771
6970,3.897021956,3.8866965868226213,0.010325369177378807
6972,3.489149573,3.849573065019631,0.36042349201963075
6974,4.239870408,3.860465087436439,0.3794053205635608
6980,3.238595781,3.838199774962186,0.599603993962186
6988,3.046722982,3.041470380468103,0.005252601531896772
6995,4.262791114,3.628868185226836,0.6339229287731638
7004,3.298507115,3.1139271058951987,0.18458000910480132
7021,2.33544085,2.5991262702579503,0.2636854202579504
7023,2.95628097,2.865975405578748,0.09030556442125182
7033,2.637448033,3.0933081310832593,0.4558600980832592
7049,3.074836609,2.730415451281697,0.34442115771830295
7067,2.494326071,2.8365891221187,0.3422630511186999
7081,3.375303229,3.602914764921612,0.22761153592161198
7099,3.958953391,3.6993751174427087,0.25957827355729135
7102,4.346511622,3.7525734316400357,0.5939381903599648
7103,3.224863198,3.841974867494452,0.6171116694944518
7128,2.903539317,3.1679423615364817,0.2644030445364818
7129,4.383297964,4.7609259568632165,0.3776279928632169
7143,1.384691993,2.202070968563578,0.8173789755635783
7145,4.515090598,3.9356711920341767,0.5794194059658229
7147,3.011147361,3.6788708661177725,0.6677235051177726
7152,2.919729046,3.0820999994404246,0.16237095344042451
7154,3.633789252,3.4150479627273693,0.2187412892726308
7165,3.638518519,3.713870733042928,0.07535221404292836
7176,4.109192336,4.106942577773247,0.0022497582267524407
7184,4.211057691,4.0255119944309925,0.1855456965690072
7189,4.326332934,4.1040287270633,0.22230420693670006
7194,4.638395114,4.0088711323905635,0.6295239816094362
7202,4.326332934,4.071026018334412,0.25530691566558783
7203,4.326332934,4.165413030282785,0.16091990371721465
7209,2.018377023,2.560469209470985,0.5420921864709847
7211,3.538896989,3.5901686500302876,0.051271661030287685
7232,3.181387784,3.5995272116858374,0.41813942768583745
7245,3.618998001,3.588185135662074,0.03081286533792582
7261,5.029248479,4.984328778199182,0.04491970080081753
7267,2.851349083,3.1597530251854113,0.30840394218541123
7273,2.54525471,2.8987388829800556,0.3534841729800555
7278,3.220654537,3.1709291553208,0.049725381679200265
7284,4.305306832,3.956283625365995,0.3490232066340053
7293,3.695560012,3.8800484117581284,0.18448839975812836
7295,4.020946026,3.885392631860781,0.13555339413921885
7303,3.487023303,3.76702404475861,0.2800007417586099
7306,3.408682517,3.463133594674008,0.05445107767400792
7311,2.144293316,3.083240430486704,0.9389471144867039
7326,3.948681871,3.576536866674228,0.3721450043257719
7335,3.049758831,3.30128440417081,0.2515255731708099
7336,3.243594438,3.327280843590344,0.08368640559034368
7340,2.590327785,3.203745065957585,0.6134172809575849
7342,2.051751849,2.7548855018669154,0.7031336528669154
7344,2.285114476,2.9514829286118336,0.6663684526118336
7345,2.338516069,2.8764473796082357,0.5379313106082355
7349,3.083878014,3.315592401990739,0.23171438799073885
7354,3.710599827,3.728006917721971,0.01740709072197122
7355,4.068742293,3.8668377077768157,0.201904585223184
7361,2.289843389,2.4628749354520405,0.17303154645204044
7380,3.325146859,3.8658611533304263,0.5407142943304262
7388,2.01354583,2.369025550212104,0.35547972021210406
7389,2.248638232,2.3650018301492044,0.1163635981492046
7390,2.158104419,2.1668874147113337,0.008782995711333896
7408,4.117029493,3.9061401161327374,0.21088937686726306
7411,4.195321438,3.6251036834886197,0.57021775451138
7414,3.550115789,3.6911627813746786,0.14104699237467866
7431,3.749052708,3.8835998421432087,0.13454713414320896
7456,2.924075304,3.1580001854862068,0.23392488148620671
7463,3.164878054,3.0342151115386793,0.1306629424613206
7464,3.228246326,3.044660786582514,0.18358553941748568
7468,5.892610995,5.234660103620504,0.657950891379496
7484,3.102398798,3.7891230573330206,0.6867242593330207
7485,2.07565176,2.708273654064929,0.6326218940649291
7486,4.174157604,3.875157513618728,0.2990000903812722
7490,3.841814881,3.764557623783535,0.07725725721646493
7491,4.531127507,3.5763757612751625,0.9547517457248373
7492,4.178921634,3.608426517282949,0.5704951167170509
7493,3.587606747,3.8174817158708683,0.2298749688708681
7494,4.079751888,3.7228975153563857,0.35685437264361397
7497,4.076221601,4.0541692695838085,0.022052331416191784
7544,3.22059037,3.0571179467028333,0.1634724232971667
7557,3.768056398,3.3492357063775113,0.4188206916224888
7566,4.403283566,3.736789246382698,0.6664943196173017
7569,3.574402454,4.169555014144645,0.5951525601446455
7597,4.740815699,4.529544767992946,0.21127093100705352
7612,3.530757535,3.6337615997098185,0.10300406470981871
7623,3.47484066,3.815479360010287,0.3406387000102873
7628,3.340219425,3.3168581641667068,0.02336126083329315
7638,3.071757192,2.967904347516324,0.10385284448367615
7657,3.923038509,3.920691238033706,0.002347270966294168
7658,4.195995906,3.862682420821773,0.33331348517822734
7659,5.480808882,4.381048902069867,1.0997599799301332
7663,3.985144975,3.61244521594506,0.3726997590549397
7673,3.524319513,3.674578004299412,0.15025849129941182
7685,5.04618506,3.6301751271975413,1.4160099328024587
7687,2.602142017,3.7642602900492115,1.1621182730492117
7700,2.935009204,3.3024101556918843,0.36740095169188436
7704,3.427302355,4.362154454577629,0.934852099577629
7721,3.673810709,3.8152651975042775,0.14145448850427744
7728,4.506802578,3.9674565792954373,0.539345998704563
7738,2.97829467,3.038767538104916,0.060472868104916255
7739,4.08768679,3.6496037461519513,0.43808304384804897
7744,3.657018863,3.9367941808898363,0.27977531788983656
7750,3.524194739,3.5117381449434917,0.01245659405650823
7753,3.398422676,3.457507466522408,0.05908479052240789
7755,3.221838616,3.904297853145823,0.6824592371458231
7756,3.121457705,3.6398522624083736,0.5183945574083735
7760,2.920202799,3.4572283208541745,0.5370255218541744
7762,3.714914573,3.566297809890273,0.14861676310972705
7771,3.417836912,3.82583369148856,0.40799677948856017
7775,3.630795226,3.8550787432416405,0.22428351724164042
7780,3.799307517,3.684296118248721,0.11501139875127908
7817,3.780030462,3.8763705723873354,0.09634011038733536
7820,3.55711174,3.473378368180652,0.08373337181934781
7836,4.144077894,3.7865023466779455,0.3575755473220541
7848,3.287061033,3.4825307761417457,0.1954697431417456
7855,4.25586172,3.903113185808823,0.3527485341911776
7880,3.195393537,3.1452888958644323,0.050104641135567896
7884,6.083312875,4.85979483244458,1.22351804255542
7899,3.831619544,3.6221788882066943,0.20944065579330573
7908,3.185551598,3.517034703669461,0.33148310566946115
7921,2.981355403,3.6290618007423214,0.6477063977423216
7927,3.091919106,3.306851333567999,0.2149322275679988
7939,3.007988749,3.336027584436588,0.3280388354365882
7942,3.340848475,3.3589298920191712,0.01808141701917121
7947,4.058139372,3.7255171787169794,0.3326221932830209
7966,2.377034905,2.9102360438249417,0.5332011388249418
7968,3.955480657,3.848078538811994,0.10740211818800605
7975,3.578663764,3.7836428630833625,0.20497909908336265
7977,3.820114346,3.8226369456921696,0.0025225996921696137
7978,4.000645172,3.7900761380460013,0.21056903395399829
7996,4.252765071,4.13988264975605,0.11288242124394987
8005,4.783475741,4.399712099576635,0.38376364142336516
8022,3.412147945,3.123760595903885,0.28838734909611485
8061,3.733498197,3.5809480157785796,0.15255018122142028
8114,6.094081187,5.862411307827006,0.2316698791729932
8115,5.212010831,5.229110040650107,0.017099209650107028
8128,5.256826578,5.458506730386978,0.20168015238697823
8142,3.40016138,4.00113233010255,0.6009709501025498
8146,3.9240649,3.653169051119991,0.27089584888000884
8152,3.065408399,3.56850488938748,0.5030964903874802
8173,3.495750803,3.4937733227189844,0.00197748028101552
8182,2.120833805,2.4558782444722143,0.3350444394722141
8208,3.897231866,3.800821052768026,0.09641081323197387
8214,3.83939382,4.078646964315252,0.23925314431525146
8220,3.621940841,3.5116446916187085,0.11029614938129129
8243,3.649037881,3.795887205425102,0.1468493244251019
8247,3.982601917,3.8606307307791226,0.12197118622087766
8257,3.986666186,3.966189878015159,0.02047630798484068
8270,2.843221528,3.1653899679787534,0.32216843997875344
8292,4.52437126,4.152510093293571,0.3718611667064291
8311,3.640946709,3.769113839177905,0.12816713017790482
8319,2.913704603,3.4403173696960283,0.5266127666960285
8322,3.183094192,3.3067640173263935,0.12366982532639348
8324,3.116445388,3.5798353975072783,0.4633900095072785
8330,4.030007037,3.853752831264945,0.1762542057350549
8336,3.711944582,3.876582088745506,0.16463750674550592
8355,3.798726198,3.879814277412821,0.08108807941282059
8366,3.559876714,3.3727308924983013,0.18714582150169878
8378,4.592455641,4.210615019099072,0.3818406219009276
8389,2.601030257,3.2183582763120366,0.6173280193120365
8392,3.534910936,3.6062807050595778,0.07136976905957759
8399,3.372385378,3.5641613817892037,0.19177600378920356
8405,3.56410995,3.6909729448724833,0.1268629948724831
8406,3.182710993,3.569464066697382,0.38675307369738166
8413,2.976033429,3.377933729065113,0.4019003000651127
8417,4.348631489,4.004754322881898,0.3438771661181015
8418,3.023019556,3.761712750131903,0.738693194131903
8438,3.369745808,3.035344870881347,0.33440093711865293
8441,4.055898223,3.8742732822667194,0.1816249407332804
8448,4.141364985,4.140092355478838,0.0012726295211624716
8455,3.132693945,3.3425897633461394,0.20989581834613924
8458,3.968873655,3.814641066320689,0.154232588679311
8463,3.747024905,3.801301283999122,0.05427637899912208
8479,3.863153604,3.8320841839682576,0.03106942003174229
8489,3.407495494,3.6757944547623196,0.2682989607623196
8490,3.48301642,3.5197406058867564,0.03672418588675663
8498,3.259438575,3.836481606098877,0.577043031098877
8518,4.452816811,4.086048556491034,0.36676825450896633
8538,4.384628586,4.151212720478359,0.23341586552164095
8558,5.445767381,4.075159782359411,1.3706075986405883
8568,3.711744259,3.7515232409253465,0.03977898192534646
8570,3.742106889,3.7790975158411078,0.036990626841107765
8573,3.778000997,3.802978058811403,0.024977061811402912
8577,3.643337919,3.7984609899907897,0.1551230709907898
8585,4.35361268,4.010877374728968,0.3427353052710327
8590,3.867003007,3.629671538121518,0.237331468878482
8591,3.624452617,3.7651874597159862,0.14073484271598602
8602,3.763262441,3.4581155325999533,0.3051469084000469
8613,4.184695972,4.055742615085918,0.12895335691408238
8621,3.900526302,3.7287031560193973,0.17182314598060255
8624,1.964319917,2.363057863738854,0.3987379467388541
8625,3.100778378,3.4170574000535567,0.31627902205355696
8630,2.642009703,3.0696886848964633,0.4276789818964635
8642,3.041934119,2.7132442276944597,0.32868989130554027
8648,3.061270228,3.3749889659863546,0.3137187379863544
8651,2.776406047,3.264418204987223,0.48801215798722275
8653,3.773620602,3.769865826632264,0.0037547753677356077
8665,3.633501309,3.5596803576387925,0.07382095136120759
8721,4.840013256,4.78210995586271,0.057903300137289726
8724,4.068787421,4.191042211617048,0.12225479061704814
8727,5.29155451,4.028462227058426,1.2630922829415745
8731,4.118020718,3.975343112399222,0.14267760560077836
8751,4.005847749,3.716519747942987,0.28932800105701295
8755,4.02924738,3.7462163444775998,0.2830310355224004
8756,4.148360456,3.8198795927885336,0.3284808632114662
8758,3.645749668,3.8288214748134033,0.18307180681340318
8774,3.602478574,3.487930103143421,0.11454847085657915
8780,2.502979503,2.759332897299802,0.256353394299802
8792,3.397187444,3.5005711478977064,0.10338370389770635
8815,4.150869428,3.86621960612976,0.28464982187024024
8818,3.78116998,4.053307407476943,0.27213742747694303
8823,3.970978794,3.778840475866765,0.19213831813323523
8824,4.145749614,3.9654255593526253,0.18032405464737433
8848,4.07984023,3.6303060097031707,0.44953422029682955
8862,3.735087072,3.7927610194422146,0.05767394744221477
8903,2.689959665,3.5206774331910813,0.8307177681910813
8917,3.809059242,3.610610013835098,0.19844922816490218
8931,3.895308169,3.94943942048378,0.05413125148377995
8962,3.653905345,3.9568558588158487,0.3029505138158486
8964,3.081078015,3.368636258573003,0.28755824357300286
8968,2.591584892,3.1325966841600645,0.5410117921600643
8973,3.47236723,3.9537622712465814,0.4813950412465813
8986,3.72136263,3.720976586228133,0.0003860437718667953
8992,3.542233936,3.3834822714379005,0.15875166456209966
8994,3.873137842,3.7771355822853803,0.09600225971461995
8999,3.721573213,3.8615658470833103,0.1399926340833102
9003,3.625318332,3.584415993444927,0.04090233855507286
9012,3.143495695,2.856799250208757,0.286696444791243
9021,4.30013567,3.952491484829317,0.3476441851706835
9029,3.736653986,3.9930301871345173,0.2563762011345174
9039,2.201315174,2.869115525353197,0.6678003513531969
9040,4.063525502,3.607098285096981,0.45642721690301924
9048,3.619190366,3.9180348812575168,0.29884451525751654
9055,3.382191873,3.8000710574136964,0.4178791844136964
9058,3.720391801,3.9430870566651723,0.22269525566517245
9061,3.599569631,3.9733867139079133,0.37381708290791327
9066,3.619329792,3.7011675124754455,0.08183772047544569
9076,2.30801346,2.5402352451871746,0.2322217851871744
9081,2.547910664,3.140166788783581,0.5922561247835807
9082,4.422976212,3.97191570258589,0.45106050941411
9102,3.401879379,3.172909754670157,0.22896962432984314
9104,3.991699996,3.1989775770477866,0.7927224189522133
9114,3.88523868,4.0721973045106745,0.18695862451067446
9123,3.623045745,3.811551389681762,0.1885056446817619
9128,3.048504384,3.545202837660741,0.49669845366074084
9130,2.507051562,2.9407835812045224,0.4337320192045224
9139,3.23664501,3.759015924871446,0.5223709148714457
9142,3.112115101,2.783894631674413,0.32822046932558724
9150,3.88019142,4.131872350745563,0.25168093074556275
9168,3.498430026,3.6490133998855137,0.1505833738855138
9172,3.607923604,3.8255703475024383,0.2176467435024385
9178,3.607842932,3.2588565820839994,0.34898634991600064
9185,4.276385868,4.064808142052311,0.21157772594768964
9188,3.542807479,3.98656131750119,0.4437538385011899
9220,3.923347656,3.6960824982624896,0.22726515773751021
9227,3.183301738,2.5158834591215835,0.6674182788784164
9244,3.10499268,3.1729893248410628,0.06799664484106271
9294,3.3498148,3.789347825642104,0.43953302564210395
9297,3.450862251,3.7307947274175692,0.279932476417569
9306,3.340789914,3.8446254343921122,0.5038355203921121
9311,3.971475319,3.5782345708906,0.39324074810940024
9335,3.764557005,3.7156170946089415,0.04893991039105838
9342,3.93958026,4.14750786561605,0.20792760561604995
9349,3.806007209,3.859553010970561,0.0535458019705608
9352,3.89460525,3.2367930998204444,0.6578121501795557
9366,4.019517844,4.5601080637856155,0.5405902197856154
9368,1.939023001,4.349356481423694,2.410333480423694
9369,4.015411347,4.256408860496833,0.24099751349683363
9386,4.083711168,3.9244884112816165,0.15922275671838326
9390,3.721085336,3.881148950064942,0.16006361406494207
9394,3.989316305,4.05878170486287,0.06946539986287004
9395,4.087642796,4.153835342724426,0.06619254672442576
9398,5.210016041,4.4190864237700875,0.7909296172299127
9399,3.795094682,4.020399040382382,0.22530435838238194
9402,3.780216469,3.9151073196853297,0.1348908506853297
9411,2.390738904,3.3021717682552127,0.9114328642552127
9412,3.859467047,3.927774078187032,0.06830703118703196
9414,4.374355497,4.110059624378785,0.264295872621215
9417,4.17372807,3.957234102043933,0.21649396795606712
9422,3.596874076,3.8310431640726192,0.23416908807261905
9423,3.876371818,3.896216004976689,0.019844186976689215
9425,3.034300699,3.4426636501137176,0.40836295111371745
9430,3.580428844,3.843955512628451,0.263526668628451
9435,4.226808912,4.057223011727955,0.169585900272045
9438,3.66198148,3.6213474013078244,0.040634078692175724
9439,2.674420667,3.33828101524248,0.6638603482424799
9441,3.771565435,3.813118806028528,0.041553371028528296
9442,3.42202633,3.4559829864396603,0.03395665643966028
9447,3.995200576,4.125158483470652,0.12995790747065206
9449,4.232110719,3.999337796679583,0.2327729223204167
9455,4.055355632,4.116206084348285,0.060850452348284456
9470,4.539615494,4.541603343922183,0.00198784992218215
9477,3.63807602,3.7630339713740697,0.12495795137406951
9486,3.914632504,3.834649769724928,0.07998273427507208
9494,4.539834984,4.598844823874391,0.05900983987439101
9509,4.363724769,4.479866529971156,0.11614176097115614
9515,3.28109803,3.1458824286433806,0.13521560135661925
9547,4.54469174,4.136362164796051,0.4083295752039495
9549,3.685075337,3.5147721268609597,0.17030321013904004
9556,3.811089904,3.8189263571652234,0.0078364531652233
9561,4.07105975,4.037362586646083,0.03369716335391715
9567,4.572691577,4.388945878490878,0.1837456985091217
9571,4.069076868,4.102841186257911,0.03376431825791126
9573,4.182203446,3.929721450711533,0.25248199528846715
9585,3.987976502,3.8873595157933294,0.10061698620667059
9604,3.972866497,3.897528628398654,0.07533786860134617
9620,4.953438554,4.7284586788791,0.22497987512089956
9621,5.191906146,4.644961987517554,0.5469441584824457
9622,4.072622988,4.509709787881319,0.43708679988131927
9625,3.67108579,4.11685118427472,0.4457653942747206
9631,4.119104358,3.903945812773711,0.2151585452262892
9638,4.516241485,4.5570371335429565,0.040795648542956364
9644,3.820000606,4.104183587907828,0.2841829819078283
9647,3.851125069,4.04687527331334,0.1957502043133399
9650,3.25513321,3.5769045137286937,0.3217713037286938
9660,2.47751556,2.794936597850774,0.317421037850774
9661,2.518921722,3.0104432849130176,0.49152156291301763
9662,2.99828114,2.9024317955261463,0.09584934447385374
9677,4.493354107,4.243466735777366,0.24988737122263416
9679,4.613499588,4.16316533059299,0.45033425740701016
9685,3.926166172,4.042146780408768,0.11598060840876778
9708,4.379316095,4.157185491912299,0.2221306030877015
9723,3.727106921,3.819354856499586,0.09224793549958621
9726,4.391167072,4.103990546789295,0.2871765252107048
9729,4.499655013,4.33517920463549,0.16447580836450992
9730,4.32960972,4.323360942115352,0.006248777884647616
9731,4.525129531,4.351268093519187,0.17386143748081295
9733,4.32960972,4.581943919648163,0.25233419964816317
9734,4.455444458,4.33023947518437,0.12520498281562986
9735,4.828441152,4.45287476183269,0.3755663901673101
9749,6.609833839,3.8876838925409687,2.7221499464590315
9750,3.495382074,4.071505280958729,0.5761232069587292
9763,3.984158119,4.100488862692932,0.11633074369293173
9764,4.328304836,4.044708763317401,0.2835960726825988
9770,4.208763733,4.158090671376576,0.05067306162342344
9775,4.19520429,4.232850635356543,0.03764634535654299
9776,4.104592941,4.261109809541121,0.15651686854112068
9790,3.679632802,4.287158636485259,0.607525834485259
9791,4.574418273,4.3339165187910265,0.24050175420897357
9810,3.812343867,4.073122965041971,0.2607790980419713
9818,2.382041476,3.825133418418576,1.443091942418576
9835,3.692068387,3.5568107867419894,0.1352576002580106
9849,3.373761767,3.433951778472934,0.060190011472934124
9863,2.722339487,2.982120520112968,0.25978103311296774
9883,4.145538236,4.20374450659651,0.058206270596509846
9886,4.101334573,4.11912829521772,0.017793722217720465
9890,4.194756258,4.254752507003648,0.05999624900364786
9899,3.843216002,4.091505578686108,0.24828957668610752
9918,3.437266297,3.552181957377167,0.11491566037716705
9932,5.426113309,5.270791938340173,0.1553213706598271
9940,6.580379119,5.764215577426878,0.8161635415731219
9955,3.950570141,3.907676727331525,0.04289341366847488
9962,3.755995476,3.871071959272427,0.11507648327242714
9974,3.942152127,4.483158928862465,0.5410068018624647
9981,4.123786329,4.544249873877267,0.42046354487726756
9990,2.721144495,2.3341145947456123,0.38702990025438755
9991,2.320939733,2.3465580742253533,0.025618341225353447
10005,4.014369007,3.9249617815173594,0.08940722548264057
10012,1.968757215,2.323676257415139,0.35491904241513894
10044,4.778636137,4.280470851050556,0.49816528594944476
10049,3.097115036,3.3813481497618127,0.2842331137618128
10057,3.275986186,3.3818143472760367,0.10582816127603678
10069,3.437945844,3.3158085771592782,0.1221372668407219
10072,3.049732353,3.0890631749010176,0.039330821901017554
10073,3.493347726,3.487293963464695,0.006053762535305207
10074,2.973958077,3.0399086220121134,0.06595054501211361
10075,2.957586328,3.0808914478107097,0.12330511981070957
10081,3.794263609,3.6954937614368824,0.0987698475631178
10083,3.484827949,4.229163697399481,0.744335748399481
10087,3.717827957,3.9147536537691625,0.1969256967691626
10092,3.748786884,3.9856897274569336,0.2369028434569338
10095,3.577117417,3.8622721818427324,0.28515476484273217
10097,3.803258152,3.9675217679858252,0.16426361598582506
10105,4.585723416,4.604103437755299,0.018380021755298515
10108,6.541541803,5.220169238370123,1.3213725646298773
10124,3.195553739,3.6416544940492304,0.4461007550492302
10136,4.632310478,4.087910316429335,0.5444001615706648
10137,4.540534371,4.131649181435169,0.4088851895648311
10141,2.789267255,3.220148023305305,0.43088076830530486
10144,4.408393513,4.710176465373417,0.3017829523734168
10157,5.956943265,4.188016256687517,1.7689270083124828
10165,4.237281859,3.5748412323143044,0.6624406266856959
10182,4.254349705,3.829836068542562,0.424513636457438
10187,4.066968369,3.8451779008795643,0.22179046812043524
10188,3.899387,3.58062517635716,0.31876182364284
10195,2.313333369,2.4304023535928816,0.11706898459288162
10208,3.972061902,3.821261728977719,0.15080017302228121
10209,4.096951189,3.866782870633353,0.2301683183666472
10219,4.479493362,3.7875162466053394,0.691977115394661
10229,3.731171682,3.7568870699708485,0.025715387970848713
10239,2.55064257,2.8604163674335616,0.3097737974335617
10249,2.574603745,2.8976910806137743,0.32308733561377423
10262,3.494071328,3.3939842440412487,0.10008708395875132
10267,3.102030378,3.2302090123833875,0.12817863438338772
10281,3.265456656,3.4818787058252867,0.21642204982528668
10322,3.108200434,3.1735773930493676,0.06537695904936758
10330,5.074309834,4.940582713799047,0.13372712020095356
10344,2.062044383,2.535205938203844,0.47316155520384395
10369,3.618059444,3.7607633247897003,0.1427038807897003
10372,3.089708909,3.437729767692734,0.3480208586927338
10375,2.750726489,2.9380674359968912,0.1873409469968914
10384,3.266334938,3.5639984764711428,0.2976635384711428
10387,2.553041525,3.19819367045645,0.6451521454564504
10394,3.752315757,4.529938795788074,0.7776230387880743
10412,5.688954174,4.369926075896367,1.319028098103633
10413,3.244345562,3.93718973988938,0.6928441778893801
10414,2.600855871,3.018682329501833,0.4178264585018332
10416,2.970543158,3.1180971881407884,0.1475540301407885
10427,3.753092094,3.7482964786044493,0.004795615395550623
10446,3.655189905,3.63791992382461,0.017269981175390026
10471,3.695194825,3.4867491898534135,0.20844563514658665
10472,3.810741391,3.4721607245065544,0.33858066649344565
10482,3.658749011,3.081733461411055,0.5770155495889449
10484,3.511806146,3.7114388201475204,0.19963267414752028
10485,3.511806146,3.6946914983933956,0.18288535239339554
10486,2.940557433,3.855450794227222,0.9148933612272221
10489,3.80686074,3.869508363773347,0.06264762377334732
10490,6.264845851,5.903061638515922,0.36178421248407755
10505,3.537766641,3.6140218991310444,0.07625525813104428
10509,2.703252454,3.1096472036978593,0.4063947496978595
10510,3.065382584,3.574591486551567,0.5092089025515669
10514,3.638959123,3.548468575391041,0.09049054760895858
10516,3.618972212,3.1246979224551454,0.49427428954485464
10517,3.33542794,3.968821763968795,0.6333938239687948
10527,3.222372482,3.648332262392762,0.42595978039276217
10534,3.840175821,3.8768044495490326,0.036628628549032705
10535,4.353493073,3.890856231251377,0.4626368417486231
10564,3.804738307,3.8205955696770326,0.01585726267703258
10565,3.89137615,3.804316466720505,0.0870596832794952
10575,3.683722282,3.9142493255088766,0.23052704350887643
10581,2.91997486,3.619316242941438,0.6993413829414381
10590,3.608382748,3.3738230676676357,0.23455968033236418
10593,3.89691012,3.563640382195143,0.3332697378048568
10602,3.33815477,3.570821447378273,0.23266667737827307
10611,5.752532436,4.865026295923204,0.8875061400767965
10624,3.214200463,3.8893250305176386,0.6751245675176385
10630,4.184200719,3.5547406510730704,0.6294600679269293
10632,3.102239013,3.5694805095493,0.4672414965492999
10634,4.087722278,3.3091042275134614,0.7786180504865388
10635,3.283834721,3.514129017211167,0.23029429621116737
10642,4.175470395,4.174172059243113,0.0012983357568865372
10645,3.802439232,4.244869324963313,0.4424300929633129
10655,3.604596296,3.8205033038961886,0.21590700789618866
10658,2.77741535,3.747692421432224,0.970277071432224
10661,3.103223895,3.441477687375223,0.3382537923752227
10671,3.71436569,3.451200191500853,0.26316549849914717
10678,3.269903219,3.4331516876321366,0.1632484686321365
10682,3.275043934,3.371566638296936,0.09652270429693566
10693,3.353629508,3.501768818316098,0.14813931031609817
10704,5.661043237,4.455530740059277,1.205512496940723
10706,3.549209144,4.420146830192916,0.8709376861929159
10713,4.235228152,4.248646832605702,0.013418680605701283
10714,3.068317821,3.536195490976401,0.4678776699764011
10723,3.414896319,3.9644180973871337,0.5495217783871338
10726,3.502940322,3.526559576677205,0.023619254677204715
10732,3.786123705,3.5125935386566836,0.2735301663433165
10733,3.525066845,3.4011754367512275,0.12389140824877254
10743,2.227140594,3.10201344052345,0.8748728465234499
10754,2.811300553,2.967557212349727,0.15625665934972677
10755,3.755817708,3.464521835085483,0.291295872914517
10761,2.947137985,3.7042268731820394,0.7570888881820395
10773,3.694846407,3.500773076000967,0.194073330999033
10778,3.375467909,3.537858093204322,0.16239018420432183
10781,2.967935195,3.199850042753624,0.23191484775362392
10784,2.866359346,2.7813489244129017,0.08501042158709815
10788,3.96094365,3.8623954868984494,0.09854816310155057
10791,4.109786238,3.7869151302371162,0.32287110776288364
10802,3.701011038,3.3705642113176797,0.33044682668232017
10821,3.369696285,3.321692896529897,0.04800338847010277
10824,3.121170547,3.64235208124779,0.5211815342477899
10828,3.560058285,3.4379823729663856,0.12207591203361456
10836,3.187299757,3.3804670134079506,0.19316725640795074
10850,3.763775504,3.7603641903979907,0.0034113136020090806
10852,3.087773533,3.288862366724928,0.20108883372492814
10859,3.631563343,3.5451443305467367,0.08641901245326311
10860,3.02653556,2.9261302346910694,0.10040532530893076
10865,3.870304392,3.3945842461448934,0.4757201458551066
10870,2.965473475,3.2667062315877557,0.3012327565877557
10881,3.534527414,3.9478080334755337,0.41328061947553385
10883,2.926676786,3.200993985121792,0.2743171991217923
10884,2.718304426,2.986408038598869,0.26810361259886895
10887,2.997973094,3.9757243203187134,0.9777512263187136
10899,4.251769314,4.174734597573102,0.07703471642689763
10906,4.419411393,4.557178385818163,0.13776699281816285
10909,4.602522734,4.283915421931507,0.3186073120684929
10914,4.378928583,3.852185084135203,0.5267434988647972
10915,4.529497085,3.9818472153326865,0.5476498696673135
10932,3.3394669,3.9035173521093665,0.5640504521093663
10984,3.709266932,3.6427419425006553,0.06652498949934449
10985,3.425371166,3.635555876638642,0.21018471063864208
11041,3.636215571,3.64765886373517,0.011443292735169752
11077,4.201400159,3.8467937701919,0.35460638880810036
11081,3.31201036,3.7325362243392846,0.4205258643392846
11087,3.685624994,3.304365729626249,0.3812592643737509
11090,4.117276883,3.4178935840460376,0.6993832989539621
11097,2.572375729,2.8775242849848155,0.3051485559848155
11140,3.549027798,3.804330471791734,0.2553026737917339
11169,4.375615284,4.083690558812325,0.2919247251876751
11176,4.040952286,3.8050170488478576,0.23593523715214193
11199,2.74095697,3.2843034738768164,0.5433465038768164
11219,3.237973575,3.7724993513282805,0.5345257763282807
11244,3.265108829,3.301506200520345,0.03639737152034517
11261,3.146895989,3.9853999750398295,0.8385039860398296
11292,4.267848075,3.809856351495658,0.45799172350434203
11306,3.628857221,3.5819035442901996,0.04695367670980044
11339,2.890548508,4.075384455956823,1.184835947956823
11342,3.156893933,3.6080373470169094,0.45114341401690927
11346,2.94098315,4.0896018011672215,1.1486186511672214
11367,3.203233105,3.8719095869357223,0.6686764819357225
11374,3.083458822,3.5619752059725727,0.4785163839725728
11381,2.897376582,2.7698604583276865,0.12751612367231369
11387,3.7161942,3.6212003512504545,0.09499384874954542
11406,3.505302633,3.4075050886018627,0.09779754439813715
11418,3.079794053,3.6524378327140425,0.5726437797140425
11425,4.22435844,3.6598033992246206,0.564555040775379
11426,3.581543328,3.4438963336779076,0.13764699432209238
11439,3.145094496,3.74993290476527,0.6048384087652701
11441,3.543632443,3.423499697105942,0.12013274589405798
11443,3.3433692,3.8270308894944356,0.48366168949443544
11446,3.145557218,3.7764055103503056,0.6308482923503056
11452,3.670663243,3.916568342099033,0.24590509909903302
11478,4.254484968,4.3719078156517925,0.11742284765179267
11504,4.283735024,3.8248216458141298,0.4589133781858705
11515,3.184903382,3.780912517789209,0.5960091357892092
11517,4.776005507,3.8195973770277143,0.9564081299722855
11524,3.179891549,3.8226918706131756,0.6428003216131755
11541,3.150048237,3.65259839126694,0.5025501542669399
11546,2.904930138,3.138769146658934,0.2338390086589337
11547,3.44128971,3.386660014879195,0.05462969512080473
11555,4.221603231,3.9438793412205864,0.2777238897794132
11563,3.137024699,3.4815071721162836,0.34448247311628366
11565,4.086882805,3.696098216764975,0.39078458823502515
11567,3.460051472,3.7435381834722548,0.2834867114722548
11598,3.552921582,3.9758384938792983,0.42291691187929814
11608,3.693255726,3.5878293263948757,0.10542639960512412
11630,3.153564205,3.199460190933096,0.045895985933096295
11681,4.631549032,4.103217688515594,0.5283313434844059
11683,4.212419724,4.06767967996232,0.14474004403767982
11684,3.895462603,3.916602326088057,0.021139723088057227
11699,3.616062704,3.692450477182792,0.076387773182792
11701,4.535750604,3.6766697238204578,0.8590808801795426
11711,3.845678779,3.5125474529083403,0.33313132609165974
11714,3.895888007,3.45395263038368,0.4419353766163199
11728,5.265408439,4.430279024473879,0.8351294145261212
11747,3.339133306,3.6978731072606372,0.3587398012606373
11751,3.138469014,3.5966125104988604,0.45814349649886044
11760,4.199566011,3.853467701928343,0.34609830907165673
11764,4.476152956,3.988158242855861,0.4879947131441389
11766,4.597256283,4.1262952498704015,0.4709610331295986
11773,3.447728444,3.771832999515671,0.32410455551567097
11775,2.907377998,3.7613611650400407,0.8539831670400408
11780,4.545007657,4.6572527661852785,0.1122451091852783
11806,3.519610042,3.4485678142212843,0.07104222777871572
11826,4.401888561,4.19017782397289,0.21171073702710963
11829,3.958341663,4.146851850628754,0.18851018762875382
11845,3.275819079,3.986714891623276,0.7108958126232761
11864,4.286517965,4.395084239663518,0.10856627466351831
11881,4.139175673,3.6746199063274703,0.4645557666725302
11902,2.71559224,2.5114378507134036,0.20415438928659624
11921,2.62881977,2.8795407639875954,0.2507209939875956
11935,3.482732401,3.4114488911864975,0.07128350981350229
11938,4.279010814,4.37859302695814,0.09958221295813985
11953,3.010925398,3.3516208136912287,0.34069541569122874
11969,2.998057191,5.212613577490785,2.214556386490785
11977,3.547575469,3.4099236839434384,0.1376517850565615
11983,3.626401965,3.702103967820166,0.07570200282016604
11993,3.968377865,3.488590908496287,0.47978695650371295
12024,4.259782364,4.179663043350474,0.08011932064952632
12047,4.02647512,3.87538436325419,0.15109075674580996
12061,3.674964423,3.6210877570146143,0.05387666598538576
12083,2.682953871,3.0382467611698947,0.3552928901698946
12087,3.229986791,3.350766915346079,0.1207801243460791
12101,3.460880669,3.674955052686923,0.21407438368692322
12105,4.776345845,4.389115310667291,0.3872305343327085
12106,3.513295957,2.768218384553274,0.7450775724467258
12123,2.4540435,3.093532604971232,0.6394891049712319
12136,3.650332154,3.9900372101108363,0.33970505611083635
12154,3.775936501,3.8268251548791063,0.05088865387910646
12159,3.802301051,3.8106066589761247,0.008305607976124563
12184,3.739668392,3.6837245788852435,0.05594381311475649
12188,3.280333612,3.493548112148984,0.2132145001489838
12202,3.848049874,3.5919935246809063,0.2560563493190937
12218,2.951464031,3.417866921252025,0.46640289025202497
12219,2.6628768,4.983693788463722,2.3208169884637218
12221,4.537244901,3.6773735760285016,0.8598713249714987
12231,2.902710037,4.017208440492017,1.1144984034920173
12241,2.465432426,3.062681819191287,0.5972493931912868
12245,2.315807717,3.2092258718298483,0.8934181548298481
12246,2.339673335,2.880941539897865,0.541268204897865
12248,2.315807717,2.9552292968449345,0.6394215798449343
12250,2.38379742,2.978181399039981,0.5943839790399807
12253,3.6225221,3.5832578330259484,0.0392642669740515
12258,4.609491743,3.9335504146852607,0.6759413283147397
12264,2.568651924,3.1368890011158217,0.5682370771158216
12280,3.514708013,3.975787167172494,0.4610791541724941
12296,3.482572044,3.874196895658994,0.3916248516589942
12297,4.567951708,4.241732337429392,0.326219370570608
12306,2.812244697,3.4036939877486816,0.5914492907486815
12309,3.844018614,3.7375042356451647,0.10651437835483524
12312,3.158891466,3.642891889389468,0.4840004233894679
12316,3.45868748,3.432895303895233,0.02579217610476725
12351,3.760976704,3.6482650330659596,0.11271167093404033
12356,3.658295107,3.7429953693268967,0.08470026232689687
12370,3.976812918,3.705786991637089,0.2710259263629107
12375,4.079826418,3.825578860684975,0.2542475573150247
12392,3.166367418,3.486697894892874,0.32033047689287386
12395,3.410959346,3.3500500182662543,0.06090932773374558
12402,4.669505088,4.361875074988106,0.3076300130118943
12431,3.690385119,3.5079282654290336,0.18245685357096653
12453,3.15585955,3.143417240503258,0.012442309496742077
12455,3.690824908,3.8818479734859164,0.1910230654859162
12457,4.378402444,4.127516211700736,0.25088623229926377
12459,4.06882199,3.662870616065351,0.405951373934649
12469,3.583077805,3.451251775287538,0.13182602971246205
12481,3.199177653,3.39724594442793,0.19806829142792992
12483,4.865310045,4.155254799669464,0.710055245330536
12495,4.303973203,3.984887068317091,0.3190861346829088
12510,3.644735685,3.708705367917803,0.06396968291780292
12515,3.438605956,3.4577607489529676,0.019154792952967625
12535,2.946630728,3.6058035450806383,0.6591728170806381
12537,3.496100378,3.7101529269606446,0.21405254896064463
12540,3.849037277,4.0065345683065825,0.15749729130658263
12569,3.632576587,3.617015939247667,0.015560647752332901
12578,3.334930007,3.160180323823888,0.17474968317611195
12596,4.19238496,4.25804872537568,0.06566376537567997
12611,5.126264927,3.7775282454979435,1.3487366815020567
12615,3.015921505,3.010280857149082,0.005640647850918334
12617,3.727212914,3.8269308230780372,0.09971790907803735
12628,5.835853534,5.148220184897346,0.6876333491026543
12635,4.290026406,3.9337049067206102,0.3563214992793897
12643,4.023556976,4.132453883213589,0.10889690721358924
12657,4.671204521,4.299939336100483,0.3712651848995172
12660,4.945454847,4.766979710525742,0.1784751364742574
12664,3.447645822,3.5001821242829396,0.052536302282939484
12677,3.56202294,3.6976196050465844,0.13559666504658452
12686,4.107042176,3.9197138840550583,0.18732829194494194
12688,3.936320177,4.086114757443356,0.14979458044335647
12692,3.651057764,3.7520976058158344,0.10103984181583447
12695,3.73556611,3.6250122552315753,0.11055385476842483
12697,3.750355467,3.6541509272843933,0.09620453971560661
12705,3.661053189,3.694317906885148,0.033264717885148176
12709,4.016293574,3.8457389379259808,0.17055463607401888
12714,3.499834113,3.4265346899712124,0.07329942302878756
12720,3.415752152,3.7271512902538215,0.3113991382538215
12736,2.187401733,2.90212683974927,0.7147251067492699
12747,4.403832977,3.9732988201368906,0.4305341568631098
12749,3.847757688,3.880513592831499,0.03275590483149893
12755,4.997488198,4.635299202260466,0.3621889957395341
12759,4.167900434,4.2928667169933705,0.12496628299337065
12774,4.079778776,3.8063057063502095,0.2734730696497909
12784,3.444261368,3.5582092961617477,0.11394792816174792
12803,3.92569232,3.535904872526649,0.3897874474733509
12805,3.663971686,3.507799202027038,0.1561724839729619
12807,3.841237276,3.8437071067526136,0.0024698307526134222
12809,3.308105334,3.5567102899966554,0.24860495599665544
12821,3.758964348,4.007425920924261,0.24846157292426074
12823,3.487699625,3.884291774386643,0.3965921493866431
12854,3.669132509,3.7846814834428564,0.11554897444285617
12856,3.649823409,3.697580503956406,0.04775709495640568
12864,2.305136319,2.3295428618179566,0.024406542817956733
12867,3.606505527,3.9040492943797442,0.2975437673797443
12878,3.771783867,3.913693542938109,0.1419096759381091
12887,3.769267842,3.8921924461074693,0.1229246041074692
12893,4.166942951,3.807554568682834,0.3593883823171664
12910,3.606540664,3.737316217359017,0.1307755533590167
12917,3.231102426,3.430059656233124,0.19895723023312373
12923,3.829896215,3.998093419894715,0.16819720489471468
12928,3.672323857,3.68515554222307,0.0128316852230701
12929,3.551210303,3.566220629188407,0.015010326188407142
12951,3.826330535,3.8821407586935943,0.05581022369359445
12954,3.678523345,3.6877114388580576,0.009188093858057744
12960,3.745692987,3.7838148205908277,0.03812183359082777
12975,4.605419981,3.9307968843916363,0.6746230966083635
12979,4.643378643,3.7691949648078893,0.8741836781921108
12981,4.214877684,3.7703849862347205,0.44449269776527967
12985,3.51385963,3.414830467242884,0.0990291627571156
12986,2.756875712,3.384393112013346,0.6275174000133461
13037,3.493932527,3.9305476623032605,0.43661513530326035
13040,4.074831395,3.87012387005161,0.2047075249483905
13041,3.797670578,3.9180750931808914,0.12040451518089146
13056,3.092130807,4.008296442061789,0.9161656350617884
13058,3.750630974,3.8310876381788055,0.08045666417880559
13081,3.769235095,3.4767391894063073,0.29249590559369265
13105,4.648612637,3.591588929848711,1.0570237071512891
13108,3.985892805,3.845090214000855,0.14080259099914505
13109,3.750727704,3.462922396260434,0.2878053077395659
13116,3.743697306,3.8794524933850303,0.13575518738503023
13139,3.707179196,3.4583876970300698,0.24879149896993002
13143,4.275484116,3.9908042723079635,0.2846798436920368
13146,4.403832977,3.762028323675268,0.6418046533247326
13149,3.650715639,4.046188295917219,0.39547265691721867
13150,4.220432617,3.918239323124018,0.30219329387598215
13155,3.822995764,3.6686464743104605,0.15434928968953932
13156,4.658111925,3.8900984542556554,0.7680134707443447
13157,3.199709063,3.3674667856740363,0.16775772267403655
13161,4.141101222,3.688192282917734,0.4529089390822656
13163,3.868377452,3.9066385315866063,0.03826107958660652
13173,3.59381458,3.917439730408777,0.3236251504087768
13184,3.896819598,4.186120527555752,0.2893009295557518
13209,4.839096589,3.962910599002085,0.8761859899979152
13215,5.126092426,4.285742384848728,0.8403500411512717
13220,3.574942101,3.753822028902176,0.17887992790217622
13225,3.617911657,3.6226289209958322,0.004717263995832166
13231,4.092771668,4.1165935862621374,0.02382191826213731
13234,3.857987967,3.8737027897797423,0.01571482277974212
13238,4.712007158,3.6238212012002444,1.0881859567997552
13252,3.584930631,3.576458918232757,0.008471712767243122
13285,3.405376178,3.6670227256105865,0.2616465476105865
13290,3.67259479,3.8453699583703798,0.17277516837037954
13293,3.590865709,3.528018076177373,0.06284763282262684
13295,4.100916517,3.678926261673924,0.4219902553260759
13305,3.872247869,3.419032901097488,0.45321496790251237
13308,3.865608708,3.7331291295637166,0.13247957843628333
13310,3.751680432,3.75059752214273,0.00108290985727022
13311,3.805800123,3.5709899930575064,0.23481012994249362
13316,3.484899369,3.3872814613256415,0.0976179076743584
13332,4.080107657,3.7818143932392516,0.2982932637607485
13344,4.87818314,4.100055124403415,0.7781280155965851
13355,4.169402548,4.169501845011005,9.929701100475086e-05
13356,3.585678225,3.6112710812119215,0.025592856211921422
13357,3.551690828,3.92045762930434,0.36876680130434014
13359,3.770678469,3.810662828175069,0.03998435917506926
13361,4.826440419,3.983055356602297,0.8433850623977031
13372,3.643216429,3.6606532146239616,0.01743678562396145
13377,3.505408668,3.380334644098967,0.12507402390103284
13393,3.378606821,3.4369794699019467,0.05837264890194671
13449,3.627027347,3.6003449748474585,0.026682372152541323
13454,3.399198647,3.864059189568395,0.46486054256839493
13462,3.029211649,3.4521474321276684,0.42293578312766833
13463,2.950894254,3.0943464992231666,0.14345224522316657
13464,2.621685085,2.957501613988417,0.33581652898841696
13466,2.958588727,3.195737081369341,0.2371483543693409
13469,3.005810041,3.3696087040689156,0.3637986630689154
13475,4.024239306,3.5194635322549677,0.5047757737450325
13477,3.084019739,3.3641909354133714,0.2801711964133715
13478,3.481959747,3.410057857372362,0.07190188962763777
13480,3.516360828,3.5519989680952286,0.03563814009522881
13482,4.200364517,4.01630840068417,0.18405611631582985
13486,3.702447462,3.5699949991374074,0.1324524628625925
13491,3.755429721,3.8395396024273145,0.08410988142731446
13502,3.839849378,3.5752680070354854,0.2645813709645144
13505,3.719193556,3.8513576424653198,0.13216408646531974
13534,3.611229185,3.797898263096433,0.18666907809643307
13535,3.61882858,3.7977870325217493,0.17895845252174913
13536,3.391404456,3.33482460643689,0.05657984956311024
13546,3.13112251,3.5553460606092373,0.42422355060923733
13550,3.802570942,3.8876136082928614,0.08504266629286139
13557,3.480284195,3.5105716370852997,0.030287442085299876
13559,3.858602715,4.0927451831608375,0.2341424681608375
13577,4.305233105,4.028608030564528,0.27662507443547213
13580,3.498638563,3.646107537192741,0.14746897419274108
13589,4.344547945,4.329197615509425,0.015350329490575021
13601,4.590865709,3.708571748471129,0.8822939605288709
13609,3.873712168,3.7831207079123677,0.0905914600876323
13613,3.375222696,3.292755143763868,0.08246755223613178
13620,4.555877046,4.390383621630673,0.1654934243693269
13626,4.289982205,4.06988283746161,0.2200993675383902
13628,4.248461586,4.31513214490898,0.06667055890897977
13678,3.583061169,3.675993350566123,0.09293218156612282
13702,4.040275004,4.036235203087608,0.004039800912392089
13703,4.158685747,3.969295375522968,0.18939037147703175
13716,3.505193941,3.6835137743313733,0.17831983333137336
13751,3.802606375,3.667245826330574,0.13536054866942582
13758,4.217993612,3.687018666214062,0.5309749457859381
13761,3.45930631,3.631537791438034,0.1722314814380339
13767,3.442153534,3.917063748271228,0.4749102142712278
13770,3.982103439,3.8737026985821927,0.10840074041780712
13782,4.062571241,3.8702444932487543,0.19232674775124536
13791,4.243620853,3.655561126141588,0.5880597268584125
13805,4.166926054,3.9931948415152996,0.17373121248470058
13808,3.581462016,3.2864058408509207,0.29505617514907945
13818,3.887172384,3.7211985300902097,0.16597385390979014
13838,4.154576117,3.6996555812762346,0.4549205357237658
13859,4.311142594,3.9664476093793355,0.34469498462066417
13865,4.590475126,4.01749985916957,0.5729752668304302
13873,3.859874583,4.07969699716369,0.21982241416368975
13874,4.337503631,4.131375209451622,0.20612842154837807
13903,4.463715724,4.030436547787815,0.43327917621218504
13916,3.698348977,4.015974246489704,0.31762526948970393
13923,3.467089899,3.9276525447894555,0.4605626457894556
13932,4.381537432,4.056147389866467,0.32539004213353273
13936,4.825146266,4.011472270455736,0.8136739955442636
13938,3.625767775,3.9914567958869376,0.36568902088693767
13940,4.202249096,3.9980541112373342,0.20419498476266584
13944,3.406132945,3.669030647964053,0.2628977029640529
13949,5.111591061,3.668133739160073,1.4434573218399276
13955,4.147410068,3.9350617268600003,0.21234834113999979
13957,4.28873922,4.01203597962792,0.27670324037207994
13972,3.727153321,3.9753963580916043,0.24824303709160445
13975,3.690751255,3.79895012573163,0.10819887073163015
13996,5.728648623,4.201152378267144,1.5274962447328555
14002,3.487408488,4.2924187233389635,0.8050102353389637
14005,3.636204818,3.671811107065448,0.03560628906544805
14017,4.898986745,3.6063110044549127,1.2926757405450875
14029,3.561699121,3.6659798428702017,0.10428072187020154
14049,3.65186895,4.194224946647382,0.5423559966473821
14057,3.719841532,3.9227918145514753,0.2029502825514755
14065,3.85980069,3.982698468957392,0.12289777895739196
14080,4.458347254,4.0442871550146595,0.4140600989853409
14082,5.10613231,4.1819433898838145,0.924188920116185
14085,4.306411921,3.886559821370563,0.41985209962943637
14089,4.354912655,3.965229748508302,0.3896829064916978
14099,4.309976566,3.9598837493989554,0.3500928166010442
14124,3.493660085,3.7577674082510897,0.26410732325108954
14129,3.63363628,4.052678017713976,0.4190417377139761
14138,4.176729823,4.475201381131068,0.2984715581310686
14140,4.623885789,4.391943165991005,0.2319426230089947
14152,3.730580419,3.842485664939185,0.11190524593918516
14157,3.770652169,3.9137881678798285,0.14313599887982864
14180,4.145355701,4.085748700670982,0.059607000329017445
14185,3.734932634,3.6484111963255645,0.08652143767443565
14188,3.667077536,4.019870886217292,0.35279335021729175
14189,3.769305219,3.516411744737982,0.2528934742620179
14202,4.302738475,3.5217914295162913,0.7809470454837086
14211,5.697995038,4.92087579956835,0.7771192384316503
14219,3.568053021,3.5357003827705875,0.03235263822941237
14235,3.512197276,3.7862697990029592,0.27407252300295903
14259,4.183666777,4.166969485197768,0.016697291802231895
14260,3.928472666,4.319928412623426,0.3914557466234263
14264,3.982020461,3.749648997927023,0.23237146307297696
14269,4.362231703,3.715710559594561,0.646521143405439
14273,4.605483182,4.061763729557815,0.5437194524421853
14274,6.533770364,3.9290485441697354,2.604721819830265
14288,3.662734441,3.7821118408365857,0.11937739983658568
14294,3.689981356,3.782265517187133,0.09228416118713278
14296,3.473437225,3.851648414654887,0.37821118965488676
14297,2.739438167,3.2050141184262384,0.46557595142623853
14325,4.130745438,3.828662319664998,0.3020831183350019
14327,3.174325016,3.474126109517126,0.299801093517126
14346,3.560212315,3.885085493032979,0.3248731780329792
14350,5.10905842,4.522251847526424,0.5868065724735763
14351,3.885158854,4.047352910880461,0.16219405688046074
14353,3.056877231,3.152874238007047,0.09599700700704705
14355,3.029299549,3.22476063187774,0.1954610828777401
14369,3.150887629,3.6159873405879717,0.4650997115879716
14376,6.017742664,5.1577349816319416,0.8600076823680585
14379,2.986261235,3.3288502521478067,0.34258901714780654
14386,3.102533177,3.2874535003480285,0.18492032334802833
14398,4.494913945,4.180764512857899,0.3141494321421012
14406,3.31386722,3.5129540530440178,0.19908683304401764
14407,3.111659205,3.537398552506816,0.42573934750681586
14415,3.066369227,3.541007562347331,0.4746383353473309
14427,3.588242309,3.749256907497018,0.16101459849701794
14430,3.82266742,3.5277335731740522,0.2949338468259479
14431,3.649768658,4.000872059300876,0.35110340130087625
14461,3.510248677,3.571383675815418,0.06113499881541795
14465,3.39223428,3.615339328712743,0.22310504871274306
14466,3.464173474,3.7054371212668453,0.24126364726684546
14475,3.808104244,3.7345677105915343,0.07353653340846567
14483,4.179222247,4.048901777376063,0.13032046962393729
14489,2.996455911,3.2899442451244965,0.2934883341244965
14490,3.79255756,3.940958436144036,0.14840087614403608
14496,5.099168592,4.195381462937665,0.9037871290623345
14527,3.95485915,4.259831335438869,0.30497218543886895
14528,5.29439151,4.532059440006809,0.7623320699931906
14531,4.476450683,4.144138928595409,0.33231175440459104
14534,3.120386608,3.562837431602774,0.442450823602774
14548,4.047280061,3.8485309431077726,0.19874911789222782
14551,3.627829607,3.2897588865336775,0.33807072046632225
14557,3.538841269,3.706642182561063,0.16780091356106297
14559,3.554502139,3.898396361159975,0.343894222159975
14561,3.293722542,3.940229841812619,0.6465072998126193
14573,3.088504639,3.2299175554974306,0.1414129164974307
14574,3.126185812,3.4124528369415534,0.2862670249415533
14579,4.278263519,3.954466262911861,0.32379725608813903
14584,4.328985419,4.6854461090720285,0.3564606900720282
14601,6.553130852,4.200685758410305,2.3524450935896946
14624,3.519026894,3.576616159391999,0.057589265391999156
14631,3.342721272,3.890722418404863,0.5480011464048631
14638,4.484956088,3.9249307266585185,0.5600253613414812
14654,3.664026667,3.639322440477209,0.02470422652279103
14658,3.674184646,3.8287863021779045,0.15460165617790445
14677,3.049014734,3.381170847095413,0.33215611309541293
14678,3.567553644,3.7109328820158662,0.14337923801586605
14680,3.146725773,3.475912180685809,0.3291864076858091
14683,3.481708171,3.707681755476181,0.225973584476181
14694,3.98472169,3.801866130729975,0.1828555592700254
14700,5.37669697,4.872493111887998,0.5042038581120023
14721,3.426317435,4.201603231947912,0.7752857969479119
14753,3.993613327,3.8974348575639297,0.09617846943607011
14769,3.626262834,3.5181044392909264,0.1081583947090734
14770,3.834044213,3.5406002282222864,0.2934439847777135
14789,3.544682712,3.7420502594888423,0.1973675474888421
14793,4.002453209,3.510743619117025,0.49170958988297464
14819,3.750921121,3.8314024837061798,0.08048136270617956
14829,5.047864959,3.983287779552873,1.0645771794471268
14874,3.436040455,4.1875752200041,0.7515347650041
14885,3.398234791,3.410346664495543,0.01211187349554299
14892,3.129860564,3.3778555730783184,0.2479950090783185
14899,2.893003403,2.8531106034229894,0.03989279957701042
14918,3.323893497,3.9782778096542053,0.6543843126542055
14921,6.291812687,3.8620607617731637,2.4297519252268365
14931,3.663397666,3.4456686508989987,0.21772901510100118
14935,3.369497872,3.4638565247792656,0.09435865277926547
14941,3.919352187,3.7383767261042657,0.18097546089573413
14945,3.920384242,3.5649779949870255,0.3554062470129744
14949,3.134851985,3.4220203802061238,0.2871683952061237
14950,3.657630582,3.507993433445839,0.14963714855416077
14955,3.64015087,3.6543142875241146,0.014163417524114763
14959,4.016425319,3.4587942870291255,0.5576310319708742
14963,3.643640529,3.454205405985057,0.1894351230149427
14967,2.929365624,3.133635131620625,0.20426950762062512
14968,3.00428245,3.2624122827379445,0.25812983273794465
15005,3.586141146,3.7306744166659525,0.14453327066595234
15007,3.564790694,3.5850360934685237,0.02024539946852366
15012,3.913639074,3.9035685984013173,0.010070475598682904
15023,3.203777786,3.849886404189067,0.646108618189067
15029,2.914841911,2.7943506355366985,0.1204912754633014
15031,3.649151798,2.994073844901881,0.655077953098119
15034,3.720833856,3.53633332058252,0.18450053541748002
15037,2.782663691,3.0121038525726322,0.22944016157263203
15038,2.907736721,2.9008569285814936,0.006879792418506447
15042,3.395366962,3.2539989719757583,0.14136799002424194
15043,2.914375846,2.995481042229933,0.08110519622993317
15045,4.608965526,4.111985927482285,0.496979598517715
15051,2.554414045,3.071481455402915,0.5170674104029147
15068,3.352689864,3.653569422342661,0.3008795583426611
15076,4.360197017,3.636959552656753,0.7232374643432471
15077,4.467541514,3.9717342510752607,0.495807262924739
15078,4.794875637,4.293260841614913,0.5016147953850867
15092,3.82834229,3.977766327316274,0.14942403731627385
15105,3.903832658,4.242781311002057,0.3389486530020571
15128,4.403496996,3.817337180602472,0.5861598153975285
15136,2.778810234,3.0675428843357357,0.2887326503357359
15138,3.827870926,3.5593820161759293,0.2684889098240708
15143,3.950617783,2.8154996789209457,1.1351181040790546
15148,4.133558866,3.8584220823416033,0.2751367836583971
15149,2.825543269,3.144682159384508,0.3191388903845076
15154,2.943944955,3.252886157239279,0.308941202239279
15167,3.411927866,3.579781769946449,0.16785390394644883
15170,3.417194254,3.4007450999626627,0.016449154037337266
15173,3.913050518,3.9518246611491374,0.03877414314913752
15192,5.52509666,4.539990681008639,0.9851059789913608
15193,3.810809625,3.6908080960758274,0.1200015289241727
15199,4.02419166,3.625148154781398,0.39904350521860144
15203,3.573721745,3.9732470449634945,0.3995252999634946
15216,4.027499104,4.137123127054226,0.10962402305422536
15218,3.273640662,3.346448085716208,0.07280742371620796
15222,3.314439578,3.915251476308366,0.6008118983083661
15224,4.34451881,4.833852943046605,0.48933413304660434
15247,3.595313739,3.6104683856482924,0.01515464664829258
15251,3.428804085,3.533604236533321,0.104800151533321
15254,4.981949679,3.7939011155557387,1.1880485634442617
15271,3.451790528,3.59237251679477,0.14058198879477013
15273,3.855218359,2.8628879143752464,0.9923304446247538
15274,3.345507038,2.9149441433790964,0.4305628946209037
15283,6.031172737,4.268999576433472,1.7621731605665287
15284,3.56589453,3.8829297292298417,0.3170351992298417
15289,2.713650119,2.8735572149314192,0.15990709593141927
15297,3.186271819,3.6500110940858805,0.46373927508588064
15304,2.502523512,2.795285405787218,0.29276189378721806
15317,3.305252391,3.340998339353122,0.03574594835312217
15325,3.400517198,3.4151405989373744,0.014623400937374242
15331,4.523485248,4.473100733769852,0.05038451423014845
15344,3.480281628,3.561332227837556,0.08105059983755591
15350,2.657071158,3.407776329657658,0.7507051716576583
15354,3.621547188,3.3787768391077115,0.24277034889228855
15358,2.333597103,2.4822248978946013,0.14862779489460154
15362,4.564237475,4.242702642264874,0.32153483273512595
15367,3.978340323,3.5195965215120952,0.4587438014879046
15368,2.891419747,3.1746822594322213,0.2832625124322212
15370,4.956880461,3.9294200425319117,1.0274604184680882
15378,5.560287519,3.60314815848265,1.95713936051735
15396,3.532140074,3.7201510368074517,0.18801096280745178
15397,3.801483338,3.795099559915488,0.00638377808451196
15410,3.51724304,3.0334852739102853,0.48375776608971455
15425,2.647755726,3.1933892071826575,0.5456334811826573
15435,3.413527751,3.4310865971873543,0.01755884618735415
15455,2.671646201,3.604467506054903,0.9328213050549028
15458,3.103946183,3.1361562112691694,0.0322100282691693
15477,2.977275365,3.1456123325920835,0.1683369675920834
15483,2.358431982,3.102877749825266,0.7444457678252663
15491,3.802179445,3.659478257570508,0.14270118742949212
15497,3.242012383,3.2011160890348735,0.04089629396512651
15499,3.303253671,3.685967102424221,0.3827134314242211
15513,4.147875266,3.977063470137078,0.17081179586292183
15517,2.272165299,2.3483238575348704,0.0761585585348703
15523,2.009232297,2.1136640658963817,0.10443176889638162
15525,2.324815027,2.4381093561141234,0.1132943291141233
15527,2.218798982,2.400251296367977,0.18145231436797715
15537,3.981256695,3.8532865060086214,0.12797018899137846
15545,4.201058297,3.7837133487182624,0.41734494828173796
15556,3.390202547,3.800098524199876,0.40989597719987625
15580,3.30888531,3.0825930067225955,0.22629230327740446
15599,3.553858506,3.6557693918838714,0.10191088588387132
15621,3.201851666,3.8722405633925088,0.6703888973925087
15629,3.253472624,3.7366077035469094,0.4831350795469094
15638,4.228761887,3.78756574408465,0.4411961429153499
15639,3.675095211,3.6659030929155048,0.00919211808449516
15644,3.810108659,3.8276042282282634,0.017495569228263452
15654,3.819939925,3.648038032429217,0.1719018925707827
15658,3.674271275,3.4563179787557674,0.21795329624423276
15692,3.21550009,3.4218513447078713,0.2063512547078714
15701,4.136597385,3.6267253440420033,0.5098720409579967
15702,3.641178318,3.5549802358422755,0.08619808215772462
15706,3.850689277,3.8861354772664125,0.03544620026641265
15717,3.876857662,3.4534730979197947,0.4233845640802052
15722,3.52526265,3.6248068868107874,0.09954423681078728
15724,6.156551105,3.9757961028030864,2.1807550021969138
15728,3.199640976,2.9109568696888766,0.2886841063111234
15730,4.12323362,3.9476882602361605,0.17554535976383923
15736,2.778839757,2.9835024246169626,0.2046626676169625
15758,3.503746921,3.350944380890499,0.152802540109501
15769,3.813442276,3.612515683588252,0.20092659241174804
15770,4.148827763,3.607037333367529,0.5417904296324707
15774,3.635192779,3.6861036213225753,0.050910842322575256
15782,3.53938267,3.5921503478394223,0.052767677839422156
15785,3.475738221,3.8635136725183647,0.3877754515183649
15789,3.653839375,3.8496557848788524,0.1958164098788524
15790,3.566226986,3.515269633622275,0.05095735237772514
15791,3.599561441,3.565021496178094,0.03453994482190614
15821,4.041255795,3.952823364572333,0.08843243042766646
15837,3.917176294,3.8320776196198403,0.08509867438015961
15849,3.762396777,3.542235692994303,0.22016108400569712
15860,3.282622113,3.2261079588709847,0.05651415412901528
15864,4.619790148,4.742639080483441,0.12284893248344098
15871,3.322747127,3.4759796723325347,0.15323254533253472
15877,3.246467316,3.2384663791075505,0.008000936892449406
15895,2.915591928,3.219468508745223,0.30387658074522284
15900,4.556955864,4.181776199789257,0.37517966421074256
15903,4.745830244,4.456193585873207,0.28963665812679373
15905,4.481157464,4.399387723812402,0.08176974018759786
15909,5.041261061,5.266477324151052,0.2252162631510517
15912,5.682840375,5.100998040118074,0.5818423348819257
15914,3.906548518,4.1374238372277,0.23087531922769955
15929,4.417420443,3.9214400261082942,0.4959804168917059
15931,2.6113097,3.420897853986346,0.8095881539863461
15935,3.589873305,3.4548355499908783,0.13503775500912152
15940,4.184800417,3.7156276783885542,0.4691727386114457
15941,3.853666817,3.5083554313866556,0.3453113856133445
15951,3.172350715,3.5358024170388704,0.36345170203887056
15968,3.117094709,3.43099008794399,0.31389537894399
15970,3.684858447,3.6731164139727634,0.01174203302723642
15980,4.613452438,3.7389475050381162,0.8745049329618841
16013,4.251736882,3.919724808995566,0.33201207300443425
16024,3.512422315,3.5670302887551677,0.054607973755167905
16042,3.239066983,3.2902865373876797,0.05121955438767989
16050,4.01479626,3.9819914147300204,0.0328048452699794
16070,4.470362182,3.9737468558767155,0.4966153261232842
16093,3.331618679,3.34242994993392,0.010811270933920092
16112,3.054498147,3.256015325703891,0.2015171787038912
16122,3.237538712,3.7386215835497687,0.5010828715497686
16123,3.144117026,3.4497034798514243,0.30558645385142436
16124,3.079176219,3.286018599734634,0.206842380734634
16125,3.237538712,3.1390801048287558,0.09845860717124433
16146,3.872320838,3.4771044147969983,0.39521642320300154
16147,3.56410995,3.048404346776772,0.5157056032232283
16157,2.840818456,3.549508106631319,0.7086896506313192
16163,3.408642406,3.4181400435271074,0.009497637527107639
16165,3.265247185,3.323901242438172,0.05865405743817176
16168,3.243501876,3.2075309657296143,0.03597091027038557
16185,3.710236777,3.7133583584057805,0.00312158140578056
16217,3.979582516,3.73839704990053,0.2411854660994699
16222,3.974454121,4.022636945358759,0.04818282435875876
16224,3.864563815,3.914494984225749,0.04993116922574892
16253,3.293317345,3.47905498310737,0.18573763810736965
16260,3.138025363,3.4454714588812605,0.3074460958812604
16315,4.204720342,3.9906076402393245,0.21411270176067543
16319,4.135844267,4.476600414923402,0.34075614792340136
16334,4.095682194,3.872451853107595,0.223230340892405
16346,3.545148712,3.4108624844398485,0.13428622756015152
16373,3.688818336,4.347211508970089,0.6583931729700887
16377,2.22645316,2.8394379608999936,0.6129848008999934
16385,4.606387056,4.530431788829801,0.07595526717019929
16402,1.788905379,2.7122522034931382,0.9233468244931382
16404,3.575210099,3.5302275411831574,0.04498255781684257
16412,4.093956842,3.095420923716458,0.998535918283542
16417,2.740244947,3.122913916439427,0.3826689694394272
16418,4.157761984,4.0869473475541875,0.07081463644581287
16425,5.515582067,4.3490646765483705,1.16651739045163
16434,3.182984967,3.2962977000172295,0.11331273301722966
16464,3.646904116,3.3303002639592596,0.3166038520407404
