ligand_id,cluster_id
1,1
2,2
3,3
4,4
5,5
6,6
8,8
9,9
10,10
11,8
12,12
13,13
14,14
15,15
16,16
18,18
19,19
20,20
21,21
22,22
23,23
24,22
25,25
26,26
27,27
28,28
29,29
30,27
31,31
32,32
33,33
34,27
35,35
36,27
37,31
39,27
40,40
41,41
42,42
43,43
44,44
45,45
46,46
47,47
48,48
49,49
50,43
51,51
52,45
53,45
54,47
55,55
56,56
57,43
58,58
59,59
60,60
62,62
63,63
64,8
65,65
66,66
67,67
68,68
69,69
70,70
71,71
72,72
73,73
74,74
75,75
76,76
77,77
78,78
79,79
80,80
81,81
82,82
83,83
84,84
85,85
86,86
88,88
90,90
91,91
92,92
93,93
94,94
95,95
96,93
97,97
98,98
100,100
101,101
103,103
104,104
105,105
106,106
108,108
109,109
111,111
112,111
113,111
114,111
115,115
116,116
118,118
119,119
121,109
122,122
123,123
124,124
125,125
126,106
127,127
128,122
129,129
130,130
131,131
134,134
135,135
136,106
138,138
139,139
140,140
141,141
142,142
144,144
145,145
148,148
149,79
150,150
151,151
152,152
153,153
155,155
157,157
158,158
159,159
160,160
161,161
162,106
163,163
164,164
165,69
166,166
170,170
171,171
173,173
175,175
178,178
179,179
180,180
182,182
184,184
189,189
190,190
194,194
195,195
196,196
197,197
200,200
201,23
202,202
203,203
204,204
206,206
207,207
208,208
210,210
211,211
213,213
215,215
216,216
217,217
218,67
219,219
221,106
222,222
225,225
226,182
227,217
228,228
229,229
230,219
231,219
233,233
234,234
236,70
237,148
240,240
241,241
243,100
244,244
245,245
246,246
248,94
249,219
250,94
251,251
253,253
254,253
256,256
257,257
258,15
259,259
260,260
261,261
262,262
263,262
264,261
265,228
266,28
268,219
269,269
270,109
271,271
272,272
273,142
274,274
275,275
276,276
279,279
280,240
281,281
283,283
284,284
287,67
288,288
289,289
292,292
293,293
294,139
295,69
298,82
299,299
300,202
301,219
302,302
303,303
306,306
307,272
310,79
312,219
313,313
317,317
318,318
320,320
321,321
322,322
323,323
324,324
325,47
326,272
327,327
328,328
332,332
333,333
334,334
335,335
336,336
337,337
338,338
339,339
340,340
343,343
344,344
345,345
346,346
348,348
350,350
352,352
353,63
356,356
357,111
358,358
359,111
360,360
361,196
362,299
363,322
364,364
365,163
366,366
368,368
370,189
372,372
374,374
375,375
376,322
377,377
378,378
379,379
380,380
381,272
382,141
383,383
386,217
388,388
389,389
391,391
392,392
393,393
394,67
395,395
396,396
397,397
398,398
399,399
400,400
401,401
402,402
403,403
404,404
405,405
406,152
407,407
408,106
410,410
411,411
412,412
414,414
415,415
416,166
417,417
418,418
420,392
421,421
422,422
423,423
424,134
425,134
426,426
427,427
428,428
429,429
431,306
432,432
433,118
434,79
436,436
437,196
438,438
440,440
442,442
446,446
447,447
448,448
449,449
450,450
451,451
452,452
454,454
456,456
457,457
459,459
461,461
462,462
463,219
466,343
467,467
468,468
469,469
470,470
471,245
472,130
473,157
474,474
475,475
476,476
477,477
478,478
479,479
480,480
481,481
482,482
483,170
486,486
487,487
488,488
489,489
490,490
491,491
492,492
493,493
494,494
495,262
496,261
497,262
498,262
499,261
500,262
501,262
502,494
503,494
506,506
507,507
508,508
509,509
510,510
511,219
512,395
513,388
514,514
515,182
516,516
519,519
520,520
521,521
523,523
524,524
525,253
526,526
527,219
528,528
529,529
530,530
531,531
532,14
533,533
534,534
535,535
537,537
540,392
541,541
542,72
544,544
546,546
547,547
548,548
551,551
553,293
554,554
556,556
559,559
562,323
564,564
565,565
566,566
567,567
568,568
569,569
573,217
574,574
579,579
580,580
583,217
584,106
585,579
586,586
587,284
589,589
591,591
592,592
593,593
594,594
595,595
596,111
597,200
598,322
599,599
600,182
601,601
602,170
603,603
604,604
605,605
607,607
608,607
609,447
611,611
612,447
613,613
614,614
615,615
616,616
617,617
618,618
619,619
620,620
621,621
622,150
623,623
624,624
625,625
626,626
627,20
629,629
630,630
631,631
633,106
634,634
637,637
638,106
640,640
641,111
642,642
643,643
645,645
646,337
647,647
648,648
649,649
650,650
651,651
653,184
655,655
658,658
659,659
660,660
664,170
666,666
667,217
668,668
669,669
670,670
671,671
672,262
674,674
676,23
677,677
678,678
679,196
680,680
681,681
682,682
683,683
684,684
686,605
687,111
688,688
689,111
690,690
691,691
694,694
695,695
696,568
697,166
698,402
699,699
700,90
701,701
702,702
703,703
704,704
705,170
706,607
707,537
708,708
709,709
710,710
711,106
712,272
714,714
716,716
718,718
719,719
721,98
722,722
724,605
725,725
726,726
727,727
728,122
729,729
730,730
731,731
734,734
735,735
738,738
740,740
743,743
744,182
745,681
746,746
747,747
748,748
751,751
752,752
753,604
754,754
755,115
756,756
757,757
759,759
761,761
762,762
763,763
764,764
766,766
767,766
768,766
769,766
770,770
771,244
772,766
773,773
774,774
776,776
778,778
780,780
781,781
782,782
783,783
786,786
787,787
789,789
790,754
791,791
792,792
793,793
795,795
796,796
797,797
798,798
799,799
800,524
801,801
802,802
803,256
804,804
805,805
806,806
807,807
809,809
810,810
811,756
812,812
813,813
814,814
815,815
816,816
818,763
819,819
820,754
821,821
822,822
823,823
825,825
827,827
828,828
829,18
830,830
831,831
832,832
833,756
834,834
835,835
836,836
837,837
838,838
840,219
841,841
842,90
843,843
844,106
845,761
846,846
847,847
848,284
849,849
850,850
851,738
852,819
854,754
855,821
856,856
858,858
859,859
860,860
861,861
862,862
863,863
864,864
865,865
867,867
868,868
871,871
872,142
873,82
874,874
875,875
877,877
879,879
880,880
881,881
882,882
883,883
884,884
886,886
887,887
888,887
889,889
890,890
891,891
892,892
893,893
895,895
896,896
897,897
898,898
899,899
901,901
902,902
903,43
904,904
905,905
906,43
907,907
908,480
910,910
911,911
912,912
915,915
916,916
917,917
918,918
920,68
921,921
922,178
923,923
924,924
925,925
926,926
927,927
928,928
929,929
930,930
931,756
932,932
934,934
936,936
937,937
938,938
939,939
940,940
941,941
944,944
945,944
946,946
947,947
948,948
949,949
950,950
951,951
952,952
954,954
955,955
956,956
957,957
958,234
959,957
960,234
961,961
962,962
964,62
965,965
966,62
967,967
968,62
969,969
970,970
971,971
972,3
973,796
974,974
975,975
977,977
978,978
979,979
980,980
981,981
982,982
983,983
984,984
985,985
986,986
987,987
988,988
989,478
990,990
991,896
993,993
994,994
997,997
998,998
999,999
1001,896
1002,896
1005,1005
1006,1006
1007,59
1008,969
1009,70
1010,941
1011,70
1012,1012
1013,1013
1014,1014
1015,969
1016,4
1017,178
1019,1019
1020,1020
1021,1021
1023,1023
1024,1024
1025,1025
1026,1026
1027,211
1028,1028
1029,1029
1030,1030
1031,1031
1032,1032
1033,1033
1034,1034
1035,1035
1036,1036
1037,1037
1038,1038
1039,1039
1040,1040
1041,1041
1042,1042
1043,1043
1044,1037
1045,1045
1046,1046
1048,1048
1049,1049
1050,1050
1051,896
1052,1052
1053,1053
1056,1056
1057,69
1058,1058
1059,1059
1060,1060
1061,1061
1062,1062
1063,1063
1064,1064
1065,1065
1066,738
1067,1067
1068,1068
1069,1069
1070,1070
1071,1071
1072,1072
1073,1073
1074,1074
1075,469
1076,1076
1077,762
1078,47
1079,1079
1080,1080
1081,738
1082,1074
1083,1083
1084,850
1085,738
1086,738
1087,738
1088,1073
1089,47
1090,71
1091,47
1092,1092
1093,69
1094,1074
1095,850
1097,1097
1098,789
1099,1099
1100,1100
1101,1101
1102,1102
1103,1103
1104,43
1106,90
1107,1107
1108,929
1109,1109
1110,67
1111,1111
1112,1112
1113,1113
1114,1114
1116,1116
1117,1117
1118,979
1119,979
1120,1120
1121,1114
1122,1122
1123,1123
1124,1124
1125,941
1126,816
1127,709
1128,1128
1129,1032
1130,3
1131,1131
1132,1132
1133,1133
1134,884
1135,1135
1136,1136
1137,469
1139,1067
1141,1141
1142,1142
1143,447
1144,1144
1147,1100
1148,1148
1149,379
1150,1150
1151,1151
1152,1152
1153,893
1154,22
1155,809
1157,1157
1159,766
1160,1160
1161,1161
1162,623
1164,1164
1165,1165
1166,1166
1167,1167
1168,1168
1169,1169
1170,1170
1171,1171
1172,948
1173,90
1174,566
1175,754
1176,1176
1177,106
1178,1178
1180,1180
1181,1181
1182,1182
1183,1183
1184,1184
1185,1185
1186,62
1187,1187
1188,1188
1189,1189
1190,1190
1192,979
1193,1193
1194,1194
1195,1195
1198,1198
1199,801
1200,1031
1203,1203
1204,1204
1205,1205
1206,1206
1207,1207
1208,1208
1209,1209
1210,1210
1211,1211
1212,822
1213,1207
1214,1214
1215,47
1216,738
1217,1217
1218,47
1219,738
1220,1142
1221,139
1222,1222
1224,1224
1225,1225
1226,1226
1227,1227
1228,1228
1229,1229
1232,411
1233,1190
1234,1234
1235,564
1236,1217
1238,1238
1239,1239
1240,1240
1241,1241
1242,786
1243,475
1244,1244
1245,1245
1246,1246
1247,1032
1248,1248
1249,1249
1250,1250
1251,1251
1252,1252
1253,1253
1254,1254
1255,1255
1256,1256
1257,1257
1258,1258
1259,1258
1260,1260
1261,383
1262,1262
1263,1263
1264,1264
1266,1266
1267,1267
1268,469
1270,787
1271,1271
1272,1272
1273,1273
1274,805
1275,1275
1276,1276
1277,1277
1279,1279
1280,292
1281,1281
1282,1112
1283,1283
1284,756
1285,969
1286,62
1287,70
1289,1289
1290,474
1292,1292
1293,1293
1295,1295
1296,1296
1297,1297
1298,1297
1299,786
1300,787
1301,1297
1302,1302
1303,1303
1304,1304
1305,1305
1306,130
1307,1307
1308,556
1309,1309
1310,1310
1311,1311
1312,1309
1313,1313
1314,1314
1315,1309
1316,1316
1317,1316
1318,1309
1319,1319
1320,1320
1321,1067
1322,47
1323,1067
1324,1324
1326,1326
1327,90
1328,234
1329,1329
1330,756
1331,1331
1332,1114
1333,1333
1334,1334
1335,1335
1336,1132
1337,1337
1338,125
1339,1339
1340,1340
1341,1339
1342,1342
1343,1343
1344,1344
1345,1345
1346,1346
1347,1347
1348,322
1349,1349
1351,1111
1352,1352
1353,1353
1354,1354
1355,1297
1358,1358
1359,1359
1360,1360
1361,1361
1362,1362
1363,1363
1364,1364
1365,1365
1366,1366
1367,1136
1368,1368
1369,1369
1370,1370
1371,1297
1372,447
1373,1373
1375,1375
1377,1377
1378,1378
1379,1379
1380,1380
1381,1381
1382,1382
1383,1383
1385,67
1386,1386
1387,1387
1388,1388
1389,1362
1390,710
1391,1391
1392,1391
1393,1393
1394,1394
1395,423
1396,1396
1397,1397
1398,284
1399,1399
1401,1043
1402,1402
1403,1403
1404,1404
1405,20
1406,20
1407,1407
1408,22
1410,1410
1411,763
1412,1412
1413,1413
1415,134
1416,82
1417,754
1418,1418
1419,20
1420,1407
1422,1422
1423,1423
1424,20
1425,1407
1426,1426
1427,766
1428,810
1429,623
1430,1430
1431,623
1432,726
1433,726
1434,726
1435,904
1436,1436
1437,1436
1438,1438
1439,23
1440,604
1441,1441
1442,1442
1443,1443
1444,1444
1445,27
1446,1446
1447,1170
1448,1436
1449,1449
1450,1450
1451,1451
1452,1452
1453,1453
1454,1454
1455,1455
1456,1456
1457,1451
1458,1458
1459,1459
1460,937
1461,1461
1462,937
1463,1463
1464,1464
1466,1466
1467,1467
1468,1468
1469,1469
1470,1470
1471,1470
1472,1472
1474,1474
1475,1475
1476,1476
1478,1478
1479,4
1480,815
1481,1481
1482,1482
1483,1483
1484,69
1485,1485
1486,1486
1487,1487
1488,1488
1489,1489
1490,1490
1491,1491
1492,1492
1493,47
1494,1494
1496,1297
1497,456
1498,763
1499,1499
1500,139
1501,139
1502,1502
1504,1504
1505,447
1506,1506
1508,299
1511,1511
1512,1512
1513,1513
1514,1514
1516,1516
1517,1517
1518,1436
1519,618
1520,1255
1521,1521
1522,1522
1523,1523
1526,1526
1527,1526
1528,1528
1529,1446
1530,1530
1531,272
1532,1466
1533,1533
1534,1534
1536,832
1537,482
1538,1538
1539,566
1541,1541
1542,106
1543,1109
1544,1109
1545,594
1546,756
1547,1547
1548,1548
1549,1549
1550,293
1551,620
1552,440
1553,94
1554,1554
1555,481
1557,1557
1558,196
1559,1559
1560,1560
1561,1561
1562,1475
1563,1397
1565,259
1567,1567
1568,1568
1570,1570
1571,1571
1572,1572
1573,1573
1574,1190
1577,1577
1578,1152
1579,1579
1580,1580
1581,108
1582,1582
1583,1583
1584,1584
1586,738
1587,1587
1588,1588
1589,1589
1590,805
1591,1591
1592,1592
1593,1593
1594,1594
1595,1595
1596,1596
1597,1403
1598,1598
1599,1599
1600,738
1601,1601
1602,1602
1604,1604
1606,1606
1607,1607
1608,1608
1610,1610
1611,1611
1612,90
1613,94
1614,76
1615,94
1616,947
1617,957
1618,537
1619,1619
1620,1620
1626,1626
1627,1019
1628,1628
1629,16
1630,1630
1631,1631
1632,1210
1633,1633
1634,1634
1636,819
1638,1638
1639,108
1641,1476
1642,1642
1643,1643
1644,1644
1645,1645
1646,1646
1648,1648
1649,90
1650,1650
1651,937
1653,1653
1654,946
1655,944
1656,896
1658,1658
1659,67
1660,1660
1661,1661
1662,1662
1663,1333
1664,1664
1665,1665
1666,1666
1667,1667
1668,955
1669,1669
1670,1670
1671,1671
1672,1672
1673,1032
1674,1674
1675,3
1676,1676
1677,1643
1678,1678
1680,1680
1681,1681
1682,1682
1683,1683
1684,868
1685,1685
1686,1644
1687,1685
1688,1602
1689,1644
1690,1685
1691,1691
1692,1692
1693,1352
1694,1694
1695,1517
1698,556
1699,1699
1700,70
1702,173
1703,1111
1704,1704
1705,1705
1706,90
1707,1707
1708,1705
1709,1709
1710,59
1711,1711
1713,1709
1714,1714
1715,259
1716,1716
1717,1716
1718,1718
1719,259
1720,3
1721,1721
1722,1722
1723,1665
1724,985
1725,105
1726,1672
1727,799
1728,799
1729,969
1730,59
1731,178
1732,1732
1733,801
1734,1152
1736,1203
1737,1152
1738,1152
1739,1665
1740,1740
1741,1741
1742,1742
1743,1036
1744,260
1746,1056
1747,1056
1748,1748
1749,1749
1750,1012
1751,1203
1752,1752
1753,1753
1754,1754
1755,1755
1756,738
1757,738
1758,738
1759,738
1761,1761
1762,1762
1763,1762
1764,208
1766,1766
1767,1767
1768,62
1769,1769
1770,1770
1771,669
1772,1772
1773,1773
1774,1774
1775,1775
1776,47
1778,1778
1779,1522
1780,1780
1781,219
1782,211
1783,1783
1784,1784
1785,1785
1786,1785
1787,1785
1788,379
1789,834
1790,1790
1791,1791
1792,1792
1793,1793
1794,1794
1795,1795
1796,1796
1797,1796
1798,1798
1799,1799
1800,1800
1801,105
1802,1802
1803,1803
1805,1643
1807,1807
1808,1808
1809,1809
1810,1810
1811,1811
1812,1492
1813,738
1814,1814
1815,1815
1816,1816
1817,1817
1819,1819
1820,1820
1821,1821
1822,1666
1823,1033
1824,1824
1825,1825
1826,1826
1827,1827
1828,1828
1829,1829
1832,1832
1833,1833
1834,1834
1835,1835
1836,1836
1837,1837
1838,1838
1839,1839
1840,1840
1841,1841
1842,1842
1844,259
1845,1796
1846,1796
1847,1847
1848,1796
1849,1849
1850,1796
1851,1849
1852,1852
1853,1853
1854,1854
1855,141
1857,763
1858,1858
1859,152
1860,763
1861,763
1864,1864
1865,1785
1866,47
1867,1867
1868,47
1869,1869
1870,1870
1871,1871
1872,738
1873,1025
1874,1874
1875,1875
1876,1572
1877,1877
1878,1878
1879,1879
1880,1880
1881,1881
1882,1882
1884,1884
1886,1886
1887,1887
1889,1889
1890,259
1891,1796
1892,1892
1894,1894
1895,1895
1896,1849
1897,1897
1899,1899
1900,799
1901,152
1903,1903
1904,1904
1905,1905
1906,1906
1907,738
1908,1150
1909,1909
1910,1074
1911,1911
1912,1912
1913,1913
1914,1914
1915,1915
1916,1916
1917,1653
1918,1918
1919,1919
1920,1796
1921,1921
1922,1922
1923,1923
1924,1100
1925,380
1926,1926
1929,1929
1931,1931
1932,793
1933,1933
1934,793
1936,1936
1937,1937
1938,1938
1939,1939
1940,253
1941,1097
1942,1942
1943,1903
1944,1944
1946,1630
1947,1947
1948,1948
1949,1949
1950,1950
1951,1206
1952,1952
1953,1953
1954,1954
1955,1955
1956,482
1957,1957
1958,1842
1959,1959
1960,1133
1961,797
1962,1962
1963,152
1964,1964
1965,1965
1966,999
1967,1842
1968,323
1970,1970
1971,1971
1972,1972
1974,1933
1975,1975
1976,763
1978,763
1979,1979
1980,1980
1981,1370
1982,1982
1983,1983
1985,47
1986,1986
1987,1987
1988,882
1989,1989
1990,1990
1991,1062
1993,1665
1994,1994
1995,1995
1996,1996
1997,1997
1998,1998
1999,383
2000,2000
2001,756
2002,2002
2006,2006
2007,2007
2008,1019
2009,787
2010,2010
2011,2011
2012,2012
2013,2013
2014,82
2015,196
2016,2016
2017,2017
2018,2018
2019,979
2020,2020
2021,2021
2022,2021
2023,2023
2024,2021
2025,142
2027,2027
2028,2027
2029,1707
2031,142
2032,2032
2033,2027
2034,2027
2035,1707
2036,2036
2037,1792
2038,2036
2040,2040
2042,763
2043,763
2045,2045
2046,2046
2047,2045
2048,2048
2049,33
2050,106
2051,106
2054,799
2056,123
2059,47
2060,2060
2061,2061
2062,2062
2063,2063
2064,2064
2065,2065
2066,2066
2067,2067
2068,2068
2069,2069
2070,2070
2071,2071
2073,2073
2075,2075
2076,323
2077,2077
2078,787
2079,68
2080,152
2081,2081
2082,2082
2083,152
2084,2084
2085,2085
2086,2084
2087,2087
2088,2088
2089,2089
2090,793
2092,1337
2093,219
2094,2094
2095,2094
2096,1275
2099,2099
2102,830
2103,1643
2104,1643
2105,1643
2106,1643
2107,2107
2108,2108
2109,1217
2110,2110
2111,2111
2113,2113
2114,2114
2115,2115
2116,2116
2117,482
2118,1019
2121,2121
2122,2122
2125,2125
2126,789
2127,789
2128,2128
2129,789
2130,659
2132,789
2134,763
2135,2125
2136,714
2137,63
2138,423
2139,2139
2140,47
2141,2141
2142,738
2143,738
2144,2144
2145,738
2146,2146
2147,2147
2148,2148
2149,2149
2150,2150
2152,2152
2153,2153
2154,1826
2155,2155
2156,2156
2157,2157
2158,2158
2159,2159
2160,2082
2161,2161
2162,2162
2163,2163
2164,2164
2165,2165
2166,2166
2167,2167
2168,2168
2169,79
2170,2170
2171,152
2172,2172
2173,142
2174,2174
2175,1922
2178,2178
2180,754
2181,1721
2182,158
2183,2183
2185,754
2186,1922
2187,122
2188,2188
2189,2189
2190,2190
2192,253
2193,130
2195,2195
2196,2196
2197,2197
2198,2198
2199,2199
2200,1046
2201,1099
2204,2204
2205,2205
2206,2206
2207,85
2208,152
2209,1097
2210,2210
2211,2211
2212,2212
2213,2213
2214,1602
2215,2215
2216,447
2217,2217
2219,2219
2220,142
2221,2221
2222,43
2223,2223
2224,2224
2226,2071
2227,2227
2229,2229
2231,1203
2232,2224
2233,2233
2234,1721
2235,2235
2236,2236
2237,2237
2238,2238
2239,2239
2240,2240
2241,2241
2242,1557
2243,896
2244,1754
2245,2245
2246,2246
2247,1378
2248,2248
2249,1378
2250,152
2251,356
2252,2252
2253,2253
2254,2254
2255,669
2256,669
2257,2257
2258,1381
2259,2259
2260,669
2261,1387
2262,2262
2263,2263
2264,2264
2265,2265
2266,2266
2267,2267
2268,2268
2269,2269
2270,2270
2271,2271
2272,947
2273,2273
2275,2275
2276,2276
2277,1381
2278,2278
2279,152
2280,2280
2281,210
2282,880
2283,809
2285,2285
2287,2287
2288,2288
2289,2289
2290,2040
2292,2292
2293,1444
2294,2294
2295,2294
2296,2296
2297,2297
2298,2298
2299,1522
2301,2301
2302,202
2303,2303
2304,475
2305,2305
2306,2306
2307,2307
2308,2308
2309,2309
2310,2310
2311,2311
2312,2312
2313,1530
2314,2314
2315,2315
2316,274
2317,901
2318,734
2320,2221
2321,2321
2322,2322
2324,2073
2325,2073
2326,2326
2327,2327
2328,2328
2329,1062
2330,2330
2331,2331
2332,2332
2333,2333
2334,2334
2335,2332
2336,2336
2337,2337
2338,2338
2339,2337
2340,2340
2341,710
2343,2343
2344,1303
2345,2345
2346,2259
2347,1337
2348,152
2349,2349
2350,756
2351,997
2353,1211
2354,219
2355,880
2357,2357
2358,1475
2359,2359
2360,2360
2361,1665
2362,1013
2364,2357
2365,2357
2366,2366
2367,1707
2368,1707
2369,2369
2370,2370
2371,2371
2372,1707
2373,2373
2374,2221
2377,2377
2379,2377
2380,2377
2381,2269
2382,2382
2383,2383
2386,152
2387,2387
2388,2388
2390,2390
2392,2392
2393,2393
2394,2393
2395,378
2396,378
2397,378
2399,2399
2401,2401
2402,2402
2403,2332
2404,774
2405,2405
2407,2407
2408,2408
2409,2409
2410,1271
2412,2412
2413,738
2414,823
2415,793
2416,2409
2417,2417
2418,1707
2419,189
2420,2420
2421,2421
2422,2422
2424,754
2425,2425
2426,43
2427,2427
2428,2428
2429,152
2430,2430
2431,2431
2432,2432
2433,2433
2434,2393
2435,2392
2436,378
2437,2390
2439,2392
2440,2440
2441,2441
2442,2442
2443,946
2444,2334
2445,2334
2446,1046
2447,12
2448,2448
2449,2449
2450,2450
2451,754
2452,379
2453,219
2454,2454
2455,2428
2456,2456
2457,2457
2458,2458
2459,68
2460,2460
2461,2461
2462,1037
2463,2463
2464,2464
2465,2465
2466,196
2467,122
2468,82
2469,2469
2470,1036
2471,2471
2472,1464
2473,2473
2474,189
2475,2269
2476,152
2477,122
2480,2480
2482,2482
2483,754
2484,2484
2485,2485
2486,738
2487,2487
2488,2488
2489,2489
2490,272
2491,694
2492,694
2493,2493
2494,2330
2495,2495
2496,1455
2497,2497
2498,2498
2499,2499
2500,59
2501,59
2502,2502
2503,1895
2504,2504
2505,1136
2506,2506
2507,4
2508,937
2509,2509
2510,2510
2511,2511
2515,2515
2516,2516
2518,1187
2519,2519
2520,669
2521,623
2522,2377
2524,2524
2525,2525
2526,607
2527,378
2528,2528
2529,2529
2531,2531
2532,1826
2533,2533
2534,2534
2535,962
2536,2536
2537,2537
2538,1160
2539,68
2540,2540
2541,2541
2543,2543
2544,2544
2545,1339
2546,2546
2548,2546
2549,2546
2550,2546
2552,783
2553,2553
2555,2555
2556,1190
2557,1189
2558,746
2559,1671
2560,1671
2561,1671
2562,1671
2563,2563
2564,786
2565,82
2566,82
2567,2081
2569,152
2570,2570
2573,1610
2574,1271
2576,182
2577,2577
2578,2578
2579,106
2581,2581
2583,1352
2585,2585
2586,2586
2587,1368
2588,70
2589,709
2590,2590
2591,2546
2592,1340
2593,2593
2594,1340
2595,2595
2596,2596
2597,2597
2598,2598
2600,1190
2601,1671
2602,1671
2603,2603
2604,2604
2605,2605
2607,2082
2608,1178
2609,2609
2611,2611
2612,2612
2613,979
2614,2614
2615,2615
2616,2616
2617,125
2618,1579
2620,2620
2621,2511
2622,2622
2623,2623
2624,2624
2628,2628
2629,2629
2630,2630
2631,2631
2632,2632
2633,2633
2634,2634
2635,2635
2637,2637
2638,2638
2639,1313
2640,2640
2641,2511
2642,2590
2643,2643
2644,799
2646,2646
2647,2647
2648,2648
2649,2648
2650,2648
2651,1827
2652,2235
2653,1206
2654,1206
2655,1206
2656,2656
2657,2657
2658,1206
2659,377
2660,726
2661,756
2662,2662
2663,754
2664,754
2665,1965
2666,786
2667,272
2668,22
2669,2669
2670,2638
2671,2671
2674,2224
2675,2675
2676,2676
2679,447
2680,2680
2682,2682
2683,2683
2684,1113
2685,2685
2687,152
2689,2689
2690,2690
2691,2648
2692,2648
2693,591
2694,2694
2695,2695
2696,2696
2697,2697
2698,2698
2699,1006
2700,2700
2702,2702
2703,838
2705,1665
2706,2706
2707,2707
2709,1583
2710,2710
2711,2711
2713,1097
2714,2714
2715,921
2716,2716
2717,2717
2719,2719
2720,2720
2721,2721
2722,2722
2725,2725
2726,152
2727,2727
2728,2720
2729,2722
2730,2730
2731,253
2732,2732
2735,2735
2736,2736
2740,754
2741,2741
2742,1128
2743,2741
2744,754
2745,754
2746,2741
2747,754
2748,754
2751,754
2752,754
2753,1368
2754,2754
2755,2755
2756,152
2757,2757
2758,2758
2759,2759
2760,4
2761,2761
2762,2762
2764,2764
2766,2766
2767,962
2768,2768
2769,2769
2770,1368
2771,2771
2772,1292
2773,1769
2774,2698
2775,2775
2776,2698
2777,2775
2778,2778
2779,2779
2780,2780
2781,2781
2782,2782
2784,269
2786,2786
2787,2787
2788,2788
2789,47
2790,2790
2791,1995
2792,738
2793,774
2794,47
2795,787
2796,787
2797,2797
2799,2799
2800,2800
2801,1608
2803,2803
2804,524
2805,524
2806,2806
2807,524
2808,537
2809,1046
2822,2722
2823,754
2824,754
2825,2741
2826,2741
2827,1815
2828,2828
2829,2829
2830,2830
2831,2831
2832,2832
2833,2833
2834,2834
2835,1206
2836,2836
2837,880
2838,738
2839,2073
2840,1190
2841,774
2842,1995
2847,556
2848,210
2849,796
2850,1796
2851,74
2852,2852
2853,152
2854,2854
2855,2855
2857,2857
2858,2858
2859,2246
2860,1796
2861,1796
2862,1796
2863,2863
2864,2864
2865,2864
2866,1835
2868,726
2869,520
2870,1136
2871,482
2873,2741
2874,1136
2877,2877
2878,2878
2879,323
2880,2027
2881,323
2882,2882
2883,2883
2884,2884
2887,47
2888,2888
2889,2889
2890,2890
2891,607
2894,756
2895,2895
2896,2895
2897,2895
2898,2895
2899,2895
2900,2895
2901,2895
2902,2895
2903,2895
2904,2895
2905,2895
2906,2906
2907,490
2908,2908
2909,2909
2910,2217
2911,2911
2912,2912
2913,2913
2915,754
2916,1916
2917,2164
2918,2280
2919,2919
2920,2164
2921,2164
2922,2164
2923,2164
2924,1916
2925,2919
2926,2919
2927,2919
2928,2928
2929,2075
2931,2931
2932,2932
2933,2506
2934,2934
2935,2935
2936,383
2937,2070
2939,798
2940,798
2941,1626
2942,2942
2943,1006
2944,2944
2945,1111
2946,2946
2947,395
2948,2948
2949,1792
2950,726
2951,726
2952,2952
2953,378
2954,2954
2955,2878
2956,2956
2957,2895
2958,2895
2959,2895
2961,2961
2962,2962
2963,12
2964,2962
2965,2962
2966,2966
2967,2966
2968,2966
2969,2969
2970,1136
2971,2971
2973,2973
2975,82
2976,82
2978,2962
2979,2011
2980,2980
2981,957
2983,2983
2987,2987
2988,2075
2989,2989
2990,2990
2991,2991
2992,272
2993,2993
2994,2994
2995,537
2997,2997
2998,2998
3000,3000
3002,299
3003,229
3004,2895
3005,734
3006,789
3007,1271
3008,3008
3009,3009
3010,1412
3012,1303
3013,292
3014,292
3015,3015
3017,3017
3018,1528
3019,3019
3020,3019
3021,482
3022,3022
3023,392
3025,3025
3026,3026
3027,754
3028,3028
3029,3029
3031,3031
3032,3032
3033,1541
3034,1366
3035,2115
3036,219
3037,3037
3038,3038
3039,3039
3040,3040
3041,3041
3042,219
3043,1366
3044,3044
3045,3044
3046,1037
3047,1579
3048,3048
3049,3049
3050,1366
3052,152
3053,2266
3054,2266
3055,3055
3056,3056
3057,3057
3058,3058
3059,1886
3060,3060
3061,94
3062,3062
3063,3063
3064,3064
3065,3065
3066,3066
3067,1337
3068,3068
3069,3069
3070,94
3071,2646
3073,2895
3075,789
3076,789
3077,789
3078,789
3079,3079
3080,761
3081,761
3082,3082
3083,3083
3084,3084
3085,3085
3086,3085
3087,3085
3088,3088
3089,3088
3090,3090
3091,3091
3092,3092
3093,805
3094,2269
3095,3095
3096,3096
3097,2144
3098,47
3099,47
3100,3100
3101,407
3102,2682
3103,3103
3104,1826
3105,3105
3106,3088
3107,3107
3108,3083
3109,3109
3110,3085
3111,3111
3112,3083
3113,761
3114,761
3115,3115
3117,272
3118,272
3119,272
3120,272
3121,3121
3122,272
3123,1853
3124,3083
3125,969
3126,182
3127,3127
3128,3128
3129,12
3130,3130
3131,1454
3133,3133
3134,809
3135,3
3136,67
3137,823
3138,3138
3139,3139
3140,2027
3141,3141
3142,789
3144,2210
3146,20
3149,738
3150,2265
3151,3151
3152,2266
3153,3153
3154,272
3156,3156
3157,659
3158,659
3160,659
3161,659
3162,659
3163,417
3164,979
3169,3169
3170,3170
3171,3169
3172,3172
3173,3172
3174,1983
3175,3175
3176,3176
3177,3177
3178,20
3179,70
3180,3180
3181,1353
3182,3182
3183,3183
3184,520
3185,603
3186,659
3187,659
3188,3172
3189,3189
3191,3191
3192,3192
3193,659
3194,134
3195,3195
3197,3197
3198,3198
3199,3056
3200,3200
3201,3201
3202,1113
3203,2485
3204,2485
3205,3205
3206,1653
3207,3207
3208,3208
3209,1190
3210,3210
3211,3210
3212,3210
3213,3213
3214,3214
3215,59
3216,3216
3217,3217
3218,3218
3222,3222
3224,3210
3225,3225
3226,907
3227,125
3229,1295
3230,272
3231,1335
3232,3232
3233,292
3234,3234
3235,1466
3236,82
3237,108
3239,2305
3240,659
3241,3241
3242,3242
3243,3243
3244,754
3245,3245
3246,3246
3247,3247
3249,3249
3250,1271
3251,2157
3252,1476
3253,3253
3254,3254
3255,3255
3257,3257
3258,3258
3259,3259
3260,3260
3261,3261
3262,219
3263,1665
3264,3264
3265,3265
3266,3266
3267,3267
3268,3268
3269,3269
3271,2036
3272,3272
3273,423
3274,3274
3275,1602
3276,1741
3277,142
3279,3279
3280,1672
3281,884
3282,3282
3284,3284
3285,3285
3288,3288
3290,22
3294,1109
3295,3295
3297,3297
3298,1036
3299,3299
3300,3300
3301,2115
3302,754
3303,754
3304,3304
3305,3305
3306,3306
3307,12
3308,3308
3309,125
3310,3310
3311,2210
3312,3312
3314,823
3315,3315
3316,823
3317,3315
3318,823
3319,3319
3321,3321
3322,3321
3323,3321
3324,3321
3325,3325
3326,3325
3327,3327
3328,2267
3329,3329
3330,1136
3331,3331
3332,122
3333,3333
3334,2294
3335,3335
3336,3335
3337,3337
3338,1626
3339,1626
3340,219
3341,3341
3342,3342
3343,3342
3344,3344
3345,122
3346,3325
3347,1998
3348,2217
3351,1644
3352,1783
3353,3353
3355,3321
3357,2332
3358,3325
3359,3359
3360,1504
3361,918
3362,3362
3364,757
3365,757
3366,3321
3368,3368
3369,3369
3370,3370
3374,2989
3375,1366
3376,3376
3377,3377
3378,3378
3379,524
3380,659
3382,3382
3383,796
3384,1832
3385,3385
3386,1459
3387,1832
3388,1832
3389,378
3391,882
3392,3392
3393,3393
3395,738
3396,2265
3397,3397
3398,1164
3399,3399
3400,3400
3401,3401
3402,3402
3403,3403
3404,1041
3405,283
3406,3406
3408,880
3409,2685
3410,122
3411,3411
3412,3412
3413,3413
3414,3414
3415,3415
3416,3415
3417,3417
3418,1665
3419,12
3420,3420
3421,152
3422,119
3423,3423
3424,3424
3425,3425
3426,3425
3428,2962
3430,2962
3431,3431
3432,3432
3433,152
3434,2224
3435,3435
3436,2721
3437,2586
3438,1113
3439,1113
3440,1113
3441,3441
3443,3337
3444,1742
3445,3445
3446,938
3447,3447
3448,3448
3449,3449
3450,3450
3451,1113
3452,1113
3453,3453
3454,3432
3456,3456
3457,3457
3458,3458
3459,1669
3460,3460
3461,2648
3462,3462
3463,3463
3464,1012
3465,1012
3466,1769
3467,3467
3468,2682
3469,284
3470,3470
3471,9
3472,2919
3473,999
3474,623
3475,2007
3476,3476
3477,2919
3478,3478
3479,3479
3480,3480
3481,3481
3482,674
3483,3483
3484,3484
3485,3485
3486,979
3487,3487
3489,3489
3490,3490
3492,822
3493,709
3494,3494
3495,3495
3496,3496
3497,3497
3498,3498
3499,2333
3500,3500
3501,1653
3502,2333
3503,3503
3504,998
3505,3505
3506,3506
3508,1955
3509,3509
3510,3510
3511,3505
3512,3512
3513,3513
3514,3514
3515,2333
3516,3516
3517,2333
3518,2889
3519,3519
3520,3520
3521,3521
3522,756
3523,3523
3524,3524
3526,3526
3527,3527
3528,1665
3529,1366
3530,3530
3531,2206
3532,3532
3534,1464
3535,774
3536,3536
3537,378
3538,182
3540,122
3541,3385
3542,524
3543,51
3544,3544
3545,3545
3546,202
3548,3234
3549,3549
3550,3550
3551,90
3552,3447
3553,115
3554,756
3555,2694
3556,317
3557,125
3558,3558
3559,3559
3560,3560
3561,16
3562,3385
3563,3563
3564,1832
3566,1832
3567,1170
3568,3406
3569,3406
3570,3406
3572,3406
3573,3406
3574,3315
3575,3575
3576,427
3577,3577
3578,3578
3579,3579
3580,3579
3581,3581
3582,3581
3584,3247
3586,1491
3590,173
3591,2919
3592,12
3593,3593
3594,3594
3595,3595
3596,3596
3597,3597
3598,1033
3599,2454
3601,3601
3603,108
3604,3604
3605,3605
3606,3606
3607,3607
3608,3608
3610,2698
3611,3611
3612,3612
3613,2157
3614,3614
3616,253
3618,1309
3619,3619
3620,774
3622,3622
3623,3623
3624,334
3627,3260
3628,62
3629,3629
3630,3630
3631,882
3632,3632
3634,2528
3635,3635
3636,1099
3639,3639
3641,3641
3642,1741
3643,3643
3644,3644
3645,782
3646,1792
3647,3647
3648,3647
3649,51
3650,47
3656,1665
3657,1451
3660,3660
3661,15
3662,3662
3663,3663
3664,3663
3665,3665
3666,819
3667,1996
3668,3668
3669,3669
3670,623
3671,3619
3672,816
3673,3673
3674,3674
3675,3675
3676,284
3677,67
3678,3678
3679,3679
3680,3680
3681,830
3682,150
3683,3683
3684,3
3686,3686
3689,3689
3690,3690
3691,3691
3692,3691
3693,3691
3694,951
3696,867
3697,3415
3698,3698
3699,475
3700,3700
3701,3701
3702,3702
3703,3703
3704,1583
3705,3705
3706,3706
3709,3709
3710,1826
3711,2233
3712,3712
3713,710
3714,3241
3715,3715
3716,3716
3717,3717
3718,392
3719,2676
3720,799
3721,3721
3723,3723
3724,3724
3725,3725
3726,3726
3727,3726
3728,3728
3729,3729
3730,3730
3731,3731
3732,3732
3733,3733
3735,1886
3736,3736
3737,3737
3738,3738
3739,3739
3740,3740
3741,3725
3742,2265
3743,3743
3744,3744
3745,3745
3746,3746
3747,3747
3748,3748
3751,47
3752,3752
3753,3753
3754,449
3755,3755
3756,3756
3757,1133
3758,3758
3759,3759
3760,709
3761,3761
3762,3762
3763,3763
3764,3764
3765,3765
3767,3767
3768,3768
3771,941
3772,3772
3773,3773
3774,3774
3775,907
3776,3776
3777,3777
3778,3778
3779,3779
3780,3780
3781,3781
3782,3782
3783,3450
3785,3785
3786,3786
3787,3787
3788,3037
3789,3789
3790,3790
3791,566
3792,1131
3793,1672
3794,3794
3795,3795
3796,3796
3797,1100
3799,3799
3800,3799
3801,3801
3802,3802
3803,1595
3804,3172
3805,2013
3807,3807
3808,1366
3809,3809
3810,3810
3811,3811
3813,3813
3814,1026
3815,3815
3816,941
3817,3817
3819,3819
3820,378
3821,3821
3822,3822
3823,3823
3824,1111
3826,1444
3827,3827
3828,3828
3829,123
3830,3830
3831,3831
3833,3833
3834,3834
3835,3834
3836,3662
3837,3834
3838,3834
3839,3834
3840,3834
3841,3841
3842,3325
3843,3325
3844,3325
3845,3325
3846,2332
3847,2332
3848,2332
3849,2332
3850,3325
3851,3325
3852,2332
3853,921
3854,921
3856,763
3857,3857
3858,3858
3859,3859
3860,3860
3861,3861
3862,3325
3863,3325
3864,3325
3865,3325
3866,3325
3867,3325
3868,3325
3869,3325
3870,3325
3872,3325
3873,3325
3874,3325
3875,3731
3877,3860
3878,3325
3879,3879
3880,3834
3882,3882
3883,3883
3884,537
3885,3325
3886,3325
3889,3889
3890,970
3891,3891
3892,3892
3893,1584
3894,2993
3895,3325
3896,3834
3897,3897
3898,3898
3899,3899
3900,3900
3901,2412
3902,3902
3903,1283
3904,3904
3905,2390
3906,3892
3907,3907
3908,3908
3909,229
3910,3910
3911,3911
3912,3912
3913,3913
3914,3914
3915,3915
3916,3916
3917,3917
3918,3917
3919,3919
3920,3920
3921,3921
3922,2895
3924,3924
3925,3925
3926,568
3927,3927
3928,3928
3929,3928
3930,3930
3931,3931
3932,1
3933,3933
3934,3934
3936,3415
3937,3937
3938,1161
3939,3939
3940,1459
3941,2417
3942,1916
3943,1916
3944,1459
3945,3945
3946,1459
3947,3947
3948,2417
3949,3949
3950,2919
3951,3951
3952,3952
3953,3953
3954,3953
3955,3955
3956,1809
3957,3489
3958,27
3959,3959
3960,3960
3961,3961
3962,3951
3963,3370
3964,3964
3965,3965
3966,22
3967,3967
3968,3968
3970,3970
3971,1209
3972,4
3973,1368
3975,3975
3976,3976
3977,1511
3978,682
3979,2919
3980,782
3981,3981
3982,3489
3983,2280
3984,3984
3985,3985
3987,3987
3988,3
3990,710
3991,3991
3993,2648
3994,2013
3995,3995
3996,3996
3997,3997
4000,4000
4001,4001
4002,566
4003,2164
4004,2265
4005,4005
4006,1666
4008,659
4009,4009
4010,4010
4011,4011
4012,895
4014,682
4015,830
4016,4016
4017,4017
4018,4018
4019,1337
4020,1337
4022,830
4023,2081
4024,4024
4025,4025
4026,4026
4027,1665
4028,4028
4029,4029
4030,3274
4031,3432
4032,1361
4033,701
4034,2634
4035,4035
4036,669
4037,1381
4038,4038
4039,4039
4041,763
4043,2832
4045,669
4046,4046
4047,272
4049,4049
4050,67
4052,4052
4053,380
4054,4054
4055,4055
4056,3377
4057,4057
4058,4058
4059,797
4060,4060
4061,4061
4062,787
4063,787
4064,787
4065,1100
4066,4066
4067,4067
4068,4068
4069,847
4070,1206
4072,4072
4073,2027
4074,726
4075,726
4076,4076
4077,1842
4080,738
4081,2233
4082,4082
4084,4084
4085,4085
4086,537
4087,4087
4088,1741
4089,3210
4091,970
4093,4093
4094,3169
4095,3169
4096,761
4097,4097
4098,763
4099,2781
4101,4101
4102,4102
4103,4103
4104,3401
4105,1821
4106,4106
4107,726
4108,4108
4109,2775
4110,1113
4111,4111
4112,4112
4113,704
4114,4114
4115,4115
4116,4116
4117,3169
4118,4118
4121,462
4122,2371
4123,4123
4124,4124
4125,4125
4126,125
4127,4127
4128,4128
4129,4129
4130,2647
4132,4132
4133,4133
4134,4132
4135,4135
4136,4136
4137,4136
4138,761
4139,4139
4140,4140
4141,4141
4142,4142
4143,2647
4144,4144
4145,4145
4146,4146
4147,4147
4148,4148
4149,787
4150,4150
4151,787
4152,1485
4154,4154
4155,4155
4156,1209
4157,4157
4158,1454
4159,4159
4160,4160
4161,1152
4163,4163
4166,4166
4167,1522
4168,4168
4169,4169
4171,4171
4172,4172
4173,4173
4174,738
4175,63
4176,3210
4177,3210
4178,3210
4179,3210
4180,3210
4181,3210
4184,799
4186,4186
4187,4186
4188,4186
4189,4186
4190,4186
4191,4186
4192,4186
4193,4186
4194,4186
4195,4186
4196,1379
4197,3210
4198,3210
4199,3210
4200,4200
4201,1922
4202,3210
4203,4186
4204,4204
4205,1913
4206,4206
4207,4207
4208,4208
4209,4209
4210,4210
4212,1557
4213,4213
4214,4214
4215,850
4216,4216
4217,4217
4218,4218
4219,4219
4220,3000
4221,4221
4222,4218
4223,4219
4224,4218
4225,4219
4226,4226
4227,4219
4229,1664
4230,4230
4231,378
4232,378
4233,378
4234,378
4235,378
4236,4236
4237,4237
4238,4238
4239,2330
4240,4240
4241,4241
4242,1114
4243,1834
4244,4244
4245,4245
4246,4245
4247,4245
4248,4245
4249,4245
4250,4250
4251,4251
4252,4251
4253,4253
4254,4254
4255,4255
4256,4256
4257,3412
4258,3169
4259,4259
4260,4260
4261,4261
4262,3830
4263,4263
4264,3794
4265,173
4266,173
4267,173
4268,173
4269,173
4270,3924
4273,3834
4276,4276
4277,4277
4278,4278
4280,123
4281,3794
4282,4282
4285,4285
4286,152
4287,3728
4288,4288
4289,4289
4291,4291
4292,3172
4293,4293
4294,4294
4295,4295
4296,4296
4297,4297
4298,4298
4299,51
4300,4300
4301,4005
4302,4005
4303,4005
4304,4005
4305,4005
4306,4306
4307,4005
4308,4005
4309,4005
4310,4005
4311,4311
4312,702
4313,702
4314,702
4315,4005
4316,702
4317,4317
4318,4317
4325,1530
4326,279
4327,4005
4328,4005
4329,279
4330,279
4331,279
4332,4332
4333,809
4334,1887
4335,4335
4336,4336
4337,4026
4338,4338
4343,1161
4344,4344
4345,4345
4348,4348
4349,4349
4353,4353
4354,4132
4355,613
4356,4356
4358,4358
4363,4363
4364,4364
4366,4345
4367,4367
4368,182
4373,4373
4374,4374
4375,4375
4377,4377
4381,4381
4382,4381
4383,4383
4384,4384
4385,4384
4386,4384
4388,4388
4390,4390
4393,1661
4399,4399
4400,378
4403,4403
4404,4404
4405,3064
4406,4285
4407,4407
4408,4408
4409,4409
4410,4336
4412,1783
4413,3297
4414,4414
4416,454
4417,1664
4419,4419
4421,1601
4422,4422
4423,4422
4424,173
4425,1463
4426,1463
4427,4427
4428,1463
4429,4429
4430,4430
4431,4404
4432,4404
4434,4434
4435,4435
4436,4435
4437,1463
4438,4427
4440,4005
4441,4441
4442,1463
4443,1295
4444,3266
4445,415
4446,3056
4447,3266
4449,1707
4450,4450
4451,537
4452,537
4455,4455
4456,4456
4457,4457
4458,2330
4459,2944
4460,2330
4461,4461
4463,3622
4464,4464
4465,2633
4466,2633
4467,1610
4468,1610
4469,1610
4470,1610
4471,1610
4472,4472
4473,3297
4474,4474
4476,4476
4477,1368
4478,4478
4479,4479
4480,2115
4481,67
4482,2115
4483,1019
4491,738
4492,4492
4494,1826
4495,4495
4496,438
4497,4497
4498,792
4499,4499
4501,4501
4502,3644
4503,734
4504,4504
4506,4506
4507,4507
4508,1579
4509,272
4510,219
4512,4512
4513,4513
4514,378
4515,4515
4516,4515
4517,1360
4518,805
4519,1295
4520,830
4522,4522
4523,4523
4524,4524
4525,82
4526,1931
4527,2694
4530,4530
4531,4531
4532,4531
4533,4533
4534,67
4535,1033
4537,4537
4538,1152
4541,1665
4542,4542
4544,2895
4545,4545
4546,4546
4547,4547
4548,4548
4550,4545
4551,4545
4552,4552
4553,4545
4554,4554
4555,4552
4556,4545
4557,4554
4558,4552
4559,4545
4560,4554
4561,4545
4562,4554
4563,4563
4564,4005
4565,4005
4567,4552
4569,323
4570,323
4571,4571
4572,967
4573,645
4575,4072
4576,2634
4577,823
4578,823
4579,823
4580,823
4582,1062
4583,4583
4584,4583
4585,4583
4586,4586
4587,4587
4591,4591
4592,173
4593,4593
4594,4
4595,4593
4596,2013
4597,3536
4601,4545
4602,4554
4604,1271
4605,4605
4606,2371
4607,823
4608,4608
4610,4610
4611,91
4612,3927
4613,4613
4614,4614
4615,4615
4616,4616
4617,4617
4618,4617
4619,4619
4620,4620
4621,4620
4622,4622
4623,4620
4624,4624
4625,4615
4626,4626
4629,4629
4634,4634
4635,702
4637,4637
4638,4638
4639,4639
4640,4640
4641,1672
4642,4642
4643,4643
4644,4644
4645,4645
4646,1459
4647,4476
4648,1463
4649,1463
4650,1463
4651,1463
4652,1463
4653,1463
4654,1463
4655,1463
4656,1463
4657,1463
4658,1463
4659,1463
4660,1463
4661,1463
4662,1463
4663,1463
4664,926
4665,1463
4666,1463
4667,1463
4668,1463
4669,1463
4670,1463
4671,1463
4672,4427
4673,1792
4674,3337
4675,4427
4676,1463
4677,1463
4678,4427
4680,4680
4683,1463
4684,761
4685,1046
4686,3115
4687,3115
4688,3115
4689,761
4691,3115
4692,3111
4693,3083
4694,219
4697,4697
4698,4698
4699,4699
4700,4700
4701,4427
4702,1463
4703,4427
4704,4427
4705,1939
4706,1579
4707,3737
4708,3737
4709,4709
4710,4710
4711,4711
4712,4712
4713,4713
4714,4714
4717,4717
4718,3737
4719,3737
4720,3737
4721,1046
4722,4605
4723,4112
4724,4724
4725,4112
4726,4112
4727,1463
4728,566
4729,566
4730,4730
4731,4731
4733,4733
4734,4724
4735,4735
4736,1133
4737,1133
4738,4738
4739,4739
4740,783
4741,4741
4742,783
4743,4743
4744,921
4745,1842
4746,1463
4747,4724
4748,880
4749,4749
4750,4750
4753,783
4754,4754
4755,4755
4756,4756
4757,4757
4759,1190
4760,2224
4761,4761
4762,4276
4764,3284
4765,709
4766,4766
4767,4767
4769,4766
4771,2071
4772,4772
4773,47
4774,2309
4775,4775
4778,1919
4779,1919
4780,756
4781,4781
4782,3385
4784,4784
4785,4785
4786,4755
4787,4787
4788,4788
4789,4788
4790,4788
4791,4791
4793,4793
4794,4794
4795,4795
4796,1931
4797,4797
4798,1931
4799,1931
4800,1931
4801,4699
4803,4803
4805,4788
4806,1190
4807,746
4808,4767
4809,4809
4810,4810
4811,4810
4812,4810
4813,4813
4814,217
4815,2909
4816,1931
4817,659
4818,4818
4819,4819
4820,4820
4822,4822
4826,659
4827,659
4828,659
4829,979
4831,3100
4832,3100
4833,3100
4835,1176
4836,4836
4837,253
4838,2165
4839,659
4840,1238
4841,4767
4842,79
4843,4843
4844,4844
4845,4845
4847,94
4848,4848
4849,4236
4850,4236
4851,4236
4852,4236
4853,122
4854,4236
4855,1774
4856,4856
4857,395
4858,122
4859,4859
4862,4218
4863,4218
4864,4218
4865,4226
4866,4226
4867,4218
4868,4218
4869,4218
4870,4221
4871,4218
4872,4872
4873,4873
4874,452
4875,4875
4876,4876
4877,4622
4878,4112
4879,4879
4880,999
4881,4881
4882,1133
4883,4883
4884,4884
4886,3066
4887,1783
4888,4888
4889,4889
4890,4889
4891,4336
4892,4336
4893,4893
4894,3425
4895,3425
4896,1579
4897,4897
4898,3737
4899,3737
4900,4900
4901,4717
4902,3737
4903,4903
4904,4904
4905,228
4906,4906
4908,1895
4909,3425
4910,3425
4911,4911
4912,3425
4913,3425
4914,4914
4915,4915
4916,4709
4917,3737
4918,1481
4919,1100
4921,2623
4922,4922
4923,1592
4924,1592
4925,3266
4926,3266
4930,415
4931,3266
4933,2596
4934,3025
4936,4936
4937,4937
4938,1742
4940,1919
4941,746
4944,4218
4945,4945
4946,2075
4947,1360
4950,4950
4951,4951
4952,2966
4953,4953
4955,4955
4958,4958
4959,2075
4960,2075
4962,1362
4963,4963
4964,4964
4965,1006
4966,4966
4967,709
4969,4969
4970,4970
4972,4972
4973,1418
4974,4974
4975,2206
4976,2330
4977,4977
4978,4978
4979,2417
4980,4980
4982,3266
4984,3266
4987,415
4988,4988
4989,229
4990,4990
4991,4991
4992,4992
4993,4993
4994,3756
4995,1834
4996,122
4997,122
4998,122
4999,122
5000,3362
5001,783
5003,5003
5004,5004
5005,5005
5006,2125
5007,414
5008,414
5009,3536
5010,3536
5011,3536
5012,3536
5013,3536
5014,3536
5015,2027
5016,5016
5017,5017
5018,5018
5020,659
5023,82
5024,5024
5025,5025
5026,1190
5027,1190
5028,1190
5030,1619
5031,1619
5032,5032
5033,5033
5034,5034
5035,682
5036,4642
5037,4810
5038,4810
5040,5040
5041,895
5042,815
5043,815
5045,5045
5046,3083
5047,880
5048,5048
5049,5049
5051,5051
5052,5052
5053,5053
5054,5052
5055,5052
5056,2855
5057,1176
5058,79
5059,5059
5060,5060
5063,5063
5064,3083
5065,5065
5066,5066
5067,2695
5068,2695
5069,2695
5070,5066
5071,2694
5072,2694
5073,5073
5074,710
5075,5075
5077,5077
5078,5078
5079,3207
5080,5080
5081,5081
5082,5081
5083,5081
5084,5081
5085,5085
5087,756
5088,756
5089,5089
5090,5090
5091,72
5093,5093
5094,5094
5095,2144
5096,5096
5097,5097
5099,139
5100,1190
5101,3619
5102,67
5103,67
5104,5104
5105,5104
5106,5104
5107,5104
5108,4237
5109,5104
5110,5104
5111,4237
5112,5104
5113,4237
5114,4237
5115,5104
5116,1043
5117,12
5118,5118
5120,5120
5121,476
5122,5122
5123,4237
5124,5104
5125,5104
5126,4499
5127,67
5128,5128
5129,2168
5130,12
5131,23
5132,5132
5133,5133
5134,5134
5135,2511
5136,5136
5137,684
5138,459
5139,459
5140,5140
5141,4638
5142,182
5143,3253
5144,5144
5145,4605
5154,3975
5155,5155
5156,5156
5157,5157
5158,524
5159,5159
5160,5160
5161,2735
5162,461
5163,5163
5164,196
5165,196
5166,815
5167,5167
5169,659
5170,659
5171,659
5174,5174
5175,979
5176,5176
5177,659
5178,5178
5179,5179
5180,5180
5181,5179
5182,5182
5183,5183
5184,5184
5185,5179
5186,5186
5187,1672
5188,5188
5189,5189
5190,1792
5191,5188
5192,1672
5193,5188
5194,5188
5195,1792
5196,5188
5197,5188
5198,5188
5199,1842
5200,5200
5201,5201
5202,3882
5203,3882
5204,5204
5205,5205
5206,2433
5207,2586
5208,2586
5209,5209
5211,5179
5212,5179
5213,5213
5214,1056
5215,5215
5216,5213
5217,5215
5218,5213
5219,5213
5220,5213
5221,5213
5222,5213
5223,5213
5224,682
5225,793
5226,5049
5227,5227
5228,5228
5229,1522
5230,4103
5232,5232
5234,4103
5235,5235
5236,5189
5237,5237
5239,4787
5240,5240
5241,5241
5242,5242
5243,5241
5244,5244
5245,5245
5246,2269
5248,5248
5249,2775
5250,5250
5251,4964
5253,3558
5254,5254
5255,5255
5256,12
5257,5257
5258,1672
5259,219
5260,5260
5261,45
5262,5262
5263,4638
5264,67
5265,5265
5266,5266
5267,5267
5268,2330
5269,5269
5270,5270
5271,1916
5272,1916
5273,1916
5274,3945
5275,3945
5276,3945
5277,1916
5278,1916
5279,2485
5281,5281
5282,5282
5284,449
5285,623
5286,1005
5287,482
5288,5288
5289,859
5290,5290
5291,5291
5292,5292
5293,5293
5294,5294
5295,5294
5296,5296
5297,5296
5298,5294
5299,5294
5300,5294
5301,5294
5302,5294
5303,259
5304,2485
5305,5294
5306,5306
5307,5307
5308,5307
5309,5309
5315,139
5316,139
5317,5317
5318,449
5319,5319
5322,5322
5323,5323
5325,139
5327,5327
5340,210
5341,2727
5342,5342
5343,5342
5344,5344
5345,1933
5346,5346
5347,5347
5348,2511
5349,5347
5350,2511
5351,2511
5352,5347
5353,5347
5354,5354
5355,4620
5356,5356
5357,3064
5358,5358
5359,5358
5360,5358
5361,5358
5362,5362
5363,1792
5364,1036
5368,1388
5369,5369
5370,5369
5371,1672
5372,334
5373,5373
5374,5374
5375,823
5376,823
5377,5377
5378,3315
5379,823
5380,5380
5381,5377
5382,823
5383,5377
5384,3315
5385,5385
5386,823
5387,823
5388,823
5389,5377
5390,272
5391,823
5392,823
5393,1189
5394,2990
5395,823
5396,3315
5398,5398
5401,4000
5403,2036
5404,5404
5405,1971
5407,159
5408,5408
5409,5409
5411,5411
5412,5104
5413,4237
5414,4237
5415,5415
5416,5415
5417,5417
5418,5418
5419,5419
5420,5420
5421,5421
5422,682
5423,5049
5424,3506
5425,793
5426,2253
5427,2253
5428,2254
5429,1602
5430,5430
5431,5431
5432,5432
5433,5433
5434,5434
5436,5053
5437,5053
5438,5053
5439,5053
5440,5053
5441,5053
5442,5053
5443,5053
5444,756
5445,756
5447,5447
5448,5448
5449,2156
5450,5450
5451,5188
5452,5452
5453,659
5454,2017
5455,5455
5456,5456
5458,5458
5460,5458
5461,5458
5462,5458
5463,738
5464,5464
5466,5053
5467,139
5468,90
5469,2070
5472,5472
5473,5473
5474,5474
5475,5342
5476,5476
5477,5477
5478,591
5481,5481
5482,5482
5483,1019
5484,5484
5485,5485
5486,5486
5487,414
5488,414
5489,414
5490,414
5491,414
5492,5492
5493,5492
5494,799
5495,4791
5496,1190
5497,2315
5500,5500
5501,5500
5502,5500
5503,94
5504,881
5505,5505
5506,85
5507,822
5508,82
5509,5509
5510,2289
5511,805
5512,152
5513,4160
5515,5515
5516,5516
5517,279
5518,67
5519,334
5522,5522
5523,5523
5524,5524
5525,802
5526,3882
5527,805
5528,4404
5529,757
5530,5530
5531,5531
5533,1368
5535,59
5536,5536
5537,5537
5538,5537
5539,5539
5540,805
5541,5541
5542,5500
5543,5500
5544,5500
5545,5500
5546,5546
5547,5547
5548,90
5550,2336
5551,5551
5552,2919
5553,5553
5554,5554
5555,5555
5557,5557
5558,5558
5559,5559
5561,5561
5562,3755
5563,5563
5564,3382
5565,3382
5566,3382
5567,3382
5568,2511
5569,5569
5570,3058
5571,5571
5572,1821
5573,5573
5574,5574
5575,5575
5576,5576
5577,2694
5578,5578
5579,5579
5580,5580
5584,5584
5585,196
5586,196
5588,5588
5589,5589
5590,5589
5591,5589
5592,5589
5593,5589
5594,5594
5595,5595
5596,5596
5597,5596
5598,5227
5599,5227
5600,3192
5601,5227
5602,3192
5604,1368
5605,5605
5606,446
5607,5607
5608,12
5609,5609
5611,999
5612,1530
5613,5613
5614,202
5615,173
5616,173
5617,5617
5618,5618
5619,5619
5621,5619
5622,5622
5623,5622
5624,5622
5625,5622
5626,5622
5627,5622
5628,5622
5629,5622
5630,2697
5631,1046
5633,5633
5634,5634
5635,5619
5636,5634
5637,5637
5638,5638
5639,5639
5640,5639
5641,5641
5642,710
5643,5643
5644,5644
5645,524
5646,5646
5647,219
5648,5648
5649,2388
5650,5186
5651,5186
5652,5186
5656,5656
5657,4495
5658,1672
5659,5659
5660,5659
5661,5659
5662,1672
5663,1672
5665,4112
5666,3545
5667,5667
5668,5668
5669,823
5670,823
5671,449
5672,823
5673,2634
5674,378
5675,5643
5676,5676
5677,1522
5678,1522
5679,1522
5680,1522
5681,5681
5682,5681
5683,5681
5684,1522
5685,5681
5686,5681
5687,5681
5688,5681
5689,5689
5690,2634
5691,2634
5692,5639
5693,5639
5694,5681
5695,5681
5697,5681
5698,5681
5699,5681
5701,5681
5702,5681
5703,5703
5704,3056
5705,5705
5706,5706
5707,5706
5708,5708
5709,5706
5710,474
5711,5706
5712,5706
5713,474
5714,5706
5715,5706
5716,5706
5717,5717
5718,5717
5719,5706
5720,5706
5721,5706
5722,5706
5723,5500
5724,5724
5725,5724
5726,5726
5727,5727
5728,474
5729,474
5730,62
5731,334
5732,334
5734,5734
5735,5735
5736,5736
5737,5736
5738,5736
5739,5736
5740,5740
5741,5741
5742,5741
5743,5743
5744,2115
5745,5745
5746,3545
5747,3079
5750,5681
5751,774
5752,5752
5753,5753
5754,5167
5755,5755
5756,5589
5758,5758
5760,5760
5761,3759
5762,5762
5763,5763
5764,2912
5766,5766
5767,5767
5768,5768
5770,5770
5771,5771
5772,979
5773,2206
5778,447
5779,5779
5780,5779
5781,5781
5782,5782
5784,119
5785,5785
5786,1785
5787,5787
5788,106
5789,106
5790,106
5791,106
5792,106
5793,5793
5794,5794
5795,5795
5797,5797
5798,5797
5799,5797
5800,5797
5801,5797
5802,5797
5803,5797
5804,5681
5805,5797
5806,5806
5807,2377
5808,219
5810,12
5812,182
5813,2224
5814,937
5815,5815
5816,323
5817,731
5818,272
5819,2382
5820,414
5821,1190
5822,1190
5824,5824
5825,4186
5826,2276
5827,5827
5828,5828
5829,5829
5830,4455
5831,4455
5832,5580
5833,5833
5834,5834
5835,5833
5836,5833
5837,5833
5838,5838
5840,377
5841,5841
5842,1665
5843,5843
5844,5843
5845,5845
5846,5270
5847,5847
5848,2990
5849,5849
5851,2990
5852,2990
5853,2990
5855,2990
5856,2990
5857,1189
5858,2990
5859,5546
5860,5860
5861,5546
5862,5546
5863,5546
5864,5546
5865,5546
5867,152
5868,5868
5869,5492
5870,67
5871,67
5872,5872
5873,556
5874,2265
5875,3796
5876,5876
5877,5877
5878,3743
5879,3743
5880,5880
5884,5500
5885,5500
5886,5500
5887,5887
5888,5888
5889,5889
5890,1619
5891,1619
5892,1619
5893,1619
5894,1619
5895,5245
5896,5896
5897,5897
5898,5898
5899,3743
5901,1189
5902,5849
5903,3083
5904,5904
5905,1046
5906,3241
5907,5907
5908,2931
5909,5880
5910,2931
5912,5880
5913,3241
5914,2931
5915,2931
5916,3241
5918,3241
5919,3241
5920,815
5921,5500
5922,5500
5924,5924
5925,524
5926,5609
5927,5927
5928,5928
5929,5928
5931,334
5932,5932
5933,1933
5934,5934
5935,5346
5936,5936
5937,5937
5942,1922
5943,5943
5944,4495
5945,4495
5946,1792
5947,5924
5948,2634
5949,2634
5950,5924
5951,4622
5952,4622
5953,5924
5955,5955
5958,5958
5959,82
5960,734
5962,5962
5963,4787
5964,5964
5965,5965
5967,5967
5968,5968
5969,5967
5970,5968
5971,5967
5972,5967
5973,5516
5975,5967
5976,5967
5977,5977
5979,5967
5980,5980
5981,5980
5982,5967
5983,5983
5984,5984
5985,5984
5986,5986
5987,1721
5988,5968
5989,5967
5990,2694
5991,783
5992,623
5993,5993
5994,5994
5995,5995
5996,1721
5997,5997
5998,5472
5999,5999
6004,482
6005,6005
6006,796
6008,3127
6010,4788
6011,6011
6012,1368
6013,6013
6014,3172
6015,3172
6016,1048
6017,1368
6018,6013
6019,3172
6020,4750
6021,1368
6022,6022
6023,6023
6024,6023
6025,6023
6026,1368
6027,1368
6028,6023
6029,6029
6030,6029
6031,6022
6032,6023
6033,47
6034,5547
6035,4005
6036,4005
6039,4005
6040,4005
6042,6042
6044,6044
6045,6045
6046,5745
6047,6047
6048,323
6049,4638
6051,6051
6052,6052
6053,1459
6054,1965
6055,4005
6056,6056
6057,3297
6058,2511
6059,6059
6060,6059
6061,6042
6062,5897
6063,6063
6067,6067
6068,6067
6069,6069
6070,6069
6071,6071
6072,6071
6073,6073
6074,4435
6075,4435
6076,1995
6077,6071
6078,6078
6079,5344
6080,2511
6081,6081
6082,6082
6083,1176
6085,6085
6086,6085
6087,6085
6088,6085
6089,6085
6090,6085
6091,6085
6092,6085
6093,6093
6094,6085
6095,6095
6096,5369
6097,23
6098,799
6099,6099
6100,6100
6101,3172
6102,3172
6103,3172
6104,6104
6105,3897
6106,3897
6107,1548
6108,6108
6109,334
6110,476
6111,476
6112,1240
6113,344
6115,6115
6116,6116
6117,6117
6118,94
6119,6119
6120,917
6122,4276
6123,4276
6124,1853
6125,6125
6128,6128
6129,4435
6130,6130
6131,6125
6132,2864
6133,6133
6134,6125
6135,6125
6136,6125
6137,6125
6138,6125
6139,6125
6140,6125
6141,1895
6143,735
6144,377
6145,6145
6146,669
6147,5928
6148,5928
6149,5928
6150,5928
6151,5928
6152,5928
6153,6153
6154,6153
6155,5928
6156,5928
6157,5928
6158,5928
6159,5928
6160,5928
6161,5928
6162,5928
6163,6163
6164,5706
6165,5717
6170,6170
6171,100
6173,6173
6174,6173
6175,6173
6176,6173
6177,6173
6178,3092
6180,5063
6181,447
6182,6182
6187,1190
6188,1157
6189,6189
6190,4186
6191,6191
6192,6192
6194,6194
6196,6196
6197,4026
6198,5589
6199,1794
6204,4026
6205,6205
6206,1794
6208,1721
6209,1721
6210,1721
6211,6211
6213,150
6214,6214
6215,6215
6216,754
6218,4435
6219,2089
6220,4435
6221,4435
6222,2089
6223,4434
6225,4435
6226,4434
6227,4434
6228,4435
6229,4434
6230,4435
6231,2089
6232,4435
6233,2089
6234,4434
6235,378
6236,6236
6237,6237
6238,6238
6239,4435
6240,2089
6241,4435
6242,5516
6243,279
6244,2864
6245,1522
6246,6246
6247,2634
6248,2570
6251,4434
6252,279
6253,4434
6254,4435
6255,4435
6256,6256
6257,2570
6260,6256
6261,4297
6262,6262
6263,3417
6264,6264
6265,6067
6266,6266
6267,6267
6268,6266
6269,6269
6271,5924
6272,5924
6273,5924
6274,3401
6275,5924
6276,2071
6277,6277
6278,6278
6279,6279
6280,5659
6281,5659
6282,5659
6283,5659
6284,1672
6287,6287
6288,6287
6290,6287
6291,6287
6292,6287
6297,2605
6298,2605
6299,2605
6300,2605
6301,6301
6302,1530
6303,5659
6304,6304
6305,6305
6306,4638
6308,6308
6310,6310
6311,6311
6312,4049
6313,4049
6314,6314
6315,6314
6316,6316
6317,196
6319,6314
6320,6320
6321,6321
6324,323
6325,6325
6326,6326
6327,6327
6328,1939
6329,6104
6332,6332
6333,6119
6334,6119
6335,6335
6336,6119
6337,94
6338,917
6339,6119
6340,6119
6342,917
6343,6119
6344,6119
6345,6119
6346,378
6347,859
6348,3622
6349,3622
6350,6350
6351,6119
6352,6119
6353,6335
6354,774
6355,2330
6356,6119
6357,6357
6358,6350
6359,3622
6360,3622
6361,2803
6362,3172
6363,6363
6364,3172
6365,3172
6366,3172
6367,4171
6368,3172
6369,6369
6370,4785
6371,6371
6372,819
6373,819
6374,82
6375,3172
6377,6377
6378,2605
6379,2333
6380,4097
6381,6381
6382,6382
6383,6382
6384,5607
6385,6382
6386,6382
6387,6382
6388,6382
6389,6382
6390,6382
6391,6382
6392,6382
6393,6382
6394,5607
6395,6395
6396,1794
6397,3172
6398,3172
6399,6382
6400,6382
6401,6382
6402,6382
6403,6382
6404,6382
6405,6382
6406,6382
6407,6382
6408,6382
6409,6382
6410,6382
6411,6382
6412,6382
6413,6382
6414,6382
6415,6382
6416,6382
6417,6382
6418,6382
6419,5607
6420,6420
6421,5607
6422,5607
6423,5607
6424,5607
6425,5607
6426,5607
6427,5607
6428,5607
6429,6429
6430,6430
6431,6431
6432,1794
6433,6433
6434,1794
6435,6435
6436,6429
6437,6429
6438,6438
6439,6439
6440,6395
6441,6382
6442,6382
6443,5607
6444,4435
6445,2864
6446,2864
6447,6447
6448,4435
6449,4435
6451,4435
6452,4435
6453,4435
6454,4435
6455,4435
6456,4435
6458,4435
6459,4435
6460,4435
6462,3691
6463,6463
6464,6464
6465,1665
6466,1020
6467,6467
6468,82
6469,3622
6474,6474
6476,3817
6477,5415
6478,5415
6479,5415
6480,6480
6481,6481
6482,6482
6483,6483
6484,6484
6485,589
6486,6486
6487,152
6488,6488
6490,6490
6491,6491
6492,6492
6493,6493
6494,3297
6495,6495
6496,5201
6497,2952
6498,1767
6499,2952
6500,2952
6501,1858
6502,1858
6503,6503
6504,2961
6505,6505
6506,6506
6509,134
6510,1887
6511,6511
6512,5421
6513,4049
6514,4049
6515,4049
6516,1933
6517,6517
6518,229
6519,6519
6520,229
6521,3833
6522,6522
6523,6523
6524,4375
6525,6525
6526,1329
6527,6527
6528,3619
6529,6529
6531,67
6532,6532
6533,4375
6535,6535
6539,6539
6541,2233
6542,6542
6543,3506
6544,6544
6545,6545
6547,2961
6552,6552
6553,6553
6554,1161
6555,6555
6556,173
6557,173
6558,173
6559,173
6560,4408
6561,6561
6562,6562
6563,6563
6571,6571
6576,293
6577,1995
6578,1504
6579,6579
6580,6580
6582,173
6583,379
6584,6584
6585,6584
6586,6584
6587,6584
6588,6584
6589,6584
6590,6590
6592,979
6593,173
6595,6595
6596,734
6597,6584
6598,3622
6599,1189
6600,1189
6601,6584
6602,6584
6603,6584
6604,6604
6605,1189
6606,6606
6607,3234
6608,1670
6609,659
6610,6610
6611,2330
6612,392
6613,392
6614,1046
6615,6615
6616,6616
6617,6616
6618,6618
6619,756
6620,6620
6621,122
6622,1772
6623,756
6625,890
6626,6626
6627,6059
6629,6059
6630,6630
6631,2469
6632,981
6633,6633
6634,6634
6636,6636
6637,3830
6638,629
6639,629
6640,6640
6641,5924
6642,4408
6643,659
6644,1109
6645,6645
6646,6646
6647,152
6648,6648
6649,4026
6650,1307
6651,1307
6652,1307
6653,1307
6654,1307
6655,1307
6656,1307
6657,1307
6658,1307
6659,1307
6660,1307
6661,1307
6662,6662
6663,6395
6664,4619
6665,2206
6667,2268
6668,2268
6669,6669
6670,6670
6671,6671
6672,6672
6673,6673
6674,240
6675,1307
6676,1307
6677,6677
6678,6677
6679,6677
6680,6677
6681,6681
6682,6677
6683,6677
6684,4970
6685,6685
6687,2696
6688,6688
6691,2696
6692,2259
6693,2259
6694,6694
6695,2259
6696,2259
6697,2696
6698,2696
6699,6688
6701,2696
6702,6702
6703,6688
6704,6688
6705,2696
6706,6706
6708,2696
6709,2696
6710,6688
6711,2696
6712,6688
6713,2696
6714,6688
6715,6715
6716,6677
6717,3830
6718,6718
6719,2259
6720,2259
6721,6694
6722,2259
6723,2259
6724,6724
6725,6724
6726,6726
6727,334
6728,6728
6729,6729
6730,6730
6731,6730
6732,6730
6733,6733
6735,6059
6736,6736
6737,6737
6738,6738
6739,6739
6740,6740
6741,3456
6742,219
6743,219
6744,79
6745,6745
6746,6745
6747,6745
6748,6745
6749,6238
6750,2190
6751,2190
6752,2190
6753,6753
6754,2190
6755,2190
6756,2190
6757,2190
6758,2190
6759,2190
6760,2190
6761,6761
6762,2190
6763,2190
6764,2190
6765,6753
6766,2190
6767,2190
6768,2190
6769,2190
6770,2190
6771,2190
6772,6772
6773,6772
6774,2648
6776,6753
6777,2190
6778,2190
6779,6753
6780,6780
6781,6781
6782,6782
6783,6238
6784,6238
6785,6781
6786,5924
6788,6788
6789,6753
6790,6790
6791,6791
6794,2909
6795,67
6796,67
6797,67
6798,67
6799,67
6800,67
6801,6801
6802,6802
6803,6803
6804,6804
6805,1911
6806,134
6815,6815
6816,6816
6817,6817
6819,6817
6820,6817
6821,6817
6822,6817
6823,6817
6824,6817
6825,67
6826,789
6827,789
6828,796
6829,6584
6830,789
6831,789
6832,789
6833,789
6834,6817
6835,6817
6836,6836
6837,6837
6838,6838
6839,6838
6840,6838
6845,6845
6846,776
6847,410
6848,6848
6849,6849
6850,819
6851,51
6852,4785
6853,5523
6854,6854
6855,6855
6856,6856
6857,6857
6858,6857
6859,6859
6860,6860
6862,6862
6863,6862
6864,6862
6865,6865
6866,847
6868,4058
6871,6871
6872,6872
6873,5806
6875,5806
6876,921
6877,6877
6879,398
6880,6880
6881,6881
6882,937
6884,6237
6885,6871
6886,6886
6887,1886
6888,1886
6889,6889
6890,6890
6891,5589
6892,6237
6893,3560
6894,3560
6895,3662
6896,3560
6897,3663
6898,3560
6899,379
6900,796
6901,6279
6902,1307
6903,3882
6904,219
6907,594
6908,6908
6909,6909
6910,6910
6911,6911
6912,6909
6913,6909
6914,6914
6915,6915
6916,182
6917,6917
6918,6918
6919,6919
6920,6920
6921,6917
6922,4241
6923,2623
6924,6817
6926,6917
6927,6918
6928,5500
6929,5977
6930,5977
6938,1995
6939,4005
6941,6941
6942,4435
6943,2864
6944,2864
6945,2864
6946,2864
6947,2864
6948,2864
6949,2864
6950,2864
6951,2864
6952,3044
6953,4005
6954,6781
6955,6955
6956,774
6957,774
6958,3619
6959,6959
6960,1742
6962,127
6963,2990
6964,1189
6965,1189
6966,1189
6967,6967
6968,6968
6970,5849
6971,2990
6972,6972
6973,4980
6974,5569
6975,5569
6976,5569
6977,5569
6980,1187
6981,1271
6982,6982
6983,219
6984,219
6985,219
6986,6986
6987,1911
6988,1911
6989,3607
6992,6992
6993,6993
6994,6994
6995,6890
6996,6996
6997,4245
6998,1271
6999,6999
7000,7000
7001,5486
7002,7002
7003,7003
7004,7004
7005,7005
7006,6919
7007,7002
7008,7002
7009,7002
7010,6919
7011,6919
7012,6917
7013,7013
7014,6919
7015,6919
7016,6919
7017,7017
7018,7018
7019,7018
7020,7018
7021,7018
7022,7022
7023,7022
7024,7022
7025,7022
7026,7022
7027,7027
7028,7022
7029,3928
7030,7030
7031,3928
7032,3928
7033,7033
7034,3928
7035,7035
7036,7036
7037,7037
7038,3928
7039,7039
7040,7040
7041,7039
7042,7042
7043,7037
7044,7042
7045,7042
7046,7046
7047,6429
7048,7039
7049,7046
7050,7046
7052,7052
7053,7053
7054,7054
7055,7055
7056,7056
7057,7022
7059,7059
7060,108
7061,3975
7062,7062
7064,7017
7065,7002
7066,7002
7067,6919
7068,6917
7069,7069
7070,7070
7072,7022
7074,2021
7075,7075
7076,7076
7077,7077
7078,6919
7080,7080
7081,7081
7082,334
7083,6544
7084,7084
7085,7085
7086,1916
7087,7087
7088,6519
7089,6519
7091,3370
7092,7092
7094,7085
7096,7096
7097,4785
7098,7098
7099,7099
7100,2289
7101,7101
7102,7102
7103,7103
7105,7105
7106,377
7107,7107
7108,7108
7109,7109
7110,139
7112,7112
7113,7113
7114,1046
7115,7018
7116,7018
7117,7117
7118,2027
7119,7119
7121,2371
7122,1707
7123,7123
7125,5806
7126,7126
7127,1307
7128,594
7129,3953
7130,7130
7131,7131
7132,5553
7133,5553
7134,4955
7135,4955
7138,182
7139,182
7141,7141
7143,171
7144,4408
7145,130
7146,7146
7147,2471
7149,1670
7150,7150
7151,7150
7152,1670
7153,3683
7154,7154
7155,7155
7156,4026
7157,4026
7158,1499
7159,1670
7160,7150
7161,4785
7162,7162
7163,7162
7165,756
7167,1307
7168,7168
7170,152
7171,6871
7172,7172
7173,7172
7174,1741
7175,7175
7176,7176
7177,6782
7178,6782
7181,2990
7182,2990
7183,2990
7184,2990
7185,2990
7186,2990
7187,2990
7188,2990
7189,2990
7190,2990
7191,2990
7194,2990
7196,2990
7199,122
7200,122
7201,6782
7202,2990
7203,2990
7204,7204
7205,7155
7206,7206
7207,7207
7209,358
7210,659
7211,7211
7212,7212
7213,6917
7214,7214
7216,1895
7219,7219
7220,7000
7221,7221
7222,7221
7224,7224
7225,3
7226,33
7230,1113
7231,4622
7232,6044
7233,142
7234,725
7239,7239
7240,7240
7242,7239
7245,7239
7246,7239
7248,7239
7249,7239
7250,7239
7251,7239
7252,7252
7253,7253
7254,3079
7255,7255
7256,7256
7257,7257
7258,7258
7259,7257
7261,828
7262,7262
7263,7263
7264,7264
7265,7265
7266,2780
7267,7267
7268,7267
7269,7267
7270,7267
7271,7267
7272,7272
7273,2596
7274,7274
7275,7275
7276,7276
7277,815
7278,7278
7279,5849
7280,7280
7281,2990
7282,2990
7283,2990
7284,2990
7285,2990
7286,2990
7287,2990
7288,2990
7289,2990
7290,2990
7291,2990
7292,2990
7293,2990
7294,2990
7295,2990
7296,2990
7297,2990
7299,5344
7300,5924
7301,7301
7302,5924
7303,5924
7304,2990
7305,7305
7306,7306
7307,3833
7308,7308
7309,1517
7310,4530
7311,7311
7312,7312
7314,1204
7315,7315
7316,7316
7317,7316
7318,7316
7319,7319
7321,7321
7322,3833
7325,7325
7326,7325
7327,1444
7328,1036
7329,1721
7330,7330
7331,7331
7333,7333
7334,7334
7335,334
7336,228
7337,7337
7338,334
7339,334
7340,334
7341,334
7342,7342
7343,159
7344,159
7345,159
7346,391
7347,1187
7349,334
7350,725
7351,182
7352,796
7354,7354
7355,7355
7356,6505
7357,2623
7360,7360
7361,7361
7362,7362
7363,7363
7364,7364
7366,682
7367,7367
7368,5049
7369,7369
7370,323
7371,7239
7373,1152
7374,2615
7375,7375
7376,7376
7377,7377
7378,3756
7379,7379
7380,400
7381,400
7382,7018
7383,7018
7384,4408
7385,6919
7386,6919
7387,6919
7388,6919
7389,7389
7390,6919
7391,6919
7392,6917
7393,7389
7396,1567
7397,7397
7399,7399
7400,7400
7401,2640
7402,1131
7403,7403
7404,7403
7405,7403
7406,7406
7407,7407
7408,7408
7409,7409
7410,7410
7411,7399
7412,7410
7413,7413
7414,7410
7415,7415
7416,7416
7417,7415
7418,7415
7419,7415
7420,7415
7421,7415
7430,7430
7431,7415
7432,7415
7433,7433
7434,7433
7438,4875
7439,7439
7440,7440
7441,2780
7442,7442
7443,7443
7445,7445
7446,7446
7447,2647
7448,7448
7449,7449
7450,7450
7452,228
7453,7453
7454,7453
7455,438
7456,7456
7457,7457
7458,7458
7459,7459
7460,7458
7461,7458
7462,7458
7463,7458
7464,7458
7465,7465
7467,206
7468,5724
7469,5724
7470,5724
7471,7471
7472,6917
7473,6917
7474,6917
7477,7477
7478,7478
7480,94
7481,7481
7483,144
7484,2727
7485,7485
7486,7319
7487,7316
7488,7488
7489,7489
7490,7489
7491,7488
7492,7488
7493,7493
7494,7488
7495,7495
7496,7495
7497,7495
7501,7501
7502,7502
7503,7503
7505,7505
7506,7505
7507,7507
7508,7505
7509,7505
7510,7505
7511,7505
7512,7505
7513,7505
7514,7505
7515,7505
7516,7505
7517,7505
7518,7518
7519,3
7523,5458
7524,7524
7525,7525
7527,7527
7528,6610
7529,6435
7530,7530
7531,7531
7532,7080
7533,6013
7534,7080
7535,1046
7536,816
7537,1740
7538,7538
7539,2623
7540,7080
7541,47
7542,7275
7543,7543
7544,59
7552,623
7553,7553
7554,1905
7556,921
7557,7557
7559,4552
7560,7560
7561,90
7562,7562
7563,7563
7564,7563
7565,5648
7566,5648
7567,7567
7568,2070
7569,7569
7571,7571
7572,4724
7573,7573
7574,4724
7575,754
7576,5589
7577,4724
7578,4724
7579,4724
7580,4724
7581,7581
7582,7581
7583,4724
7584,7581
7585,7581
7586,921
7587,7587
7588,591
7589,4026
7590,7590
7592,4049
7593,4049
7594,4049
7595,7595
7596,1522
7597,7597
7598,7598
7600,7600
7604,182
7605,7605
7606,7606
7607,7607
7608,7608
7609,4136
7610,7610
7611,7611
7612,7612
7613,100
7614,27
7615,3833
7616,7616
7618,7618
7619,7619
7620,1965
7621,7621
7623,7623
7624,134
7625,7625
7626,7626
7627,7627
7628,7628
7637,880
7638,7628
7639,7639
7640,7628
7657,7657
7658,7658
7659,805
7660,7660
7663,228
7665,2647
7666,1557
7667,6314
7668,6314
7669,6314
7670,7670
7671,7671
7673,1858
7674,1858
7675,410
7677,182
7678,7678
7679,7679
7680,7680
7681,7681
7682,2775
7683,2775
7684,2698
7685,2698
7686,7686
7687,7687
7688,7688
7689,474
7690,7690
7691,122
7692,7692
7693,7693
7694,2648
7695,2027
7696,1644
7697,2961
7698,2961
7699,2961
7700,5200
7702,7702
7703,4384
7704,7704
7706,486
7707,7707
7710,7710
7711,7711
7712,5860
7714,43
7721,7721
7722,7722
7728,7728
7729,7729
7731,392
7732,4617
7733,7733
7735,7735
7736,1368
7737,7737
7738,7738
7739,4881
7742,51
7743,7743
7744,1608
7745,7745
7746,134
7748,7748
7749,7748
7750,7750
7751,7751
7752,7751
7753,7751
7754,7754
7755,7755
7756,7756
7757,7757
7758,7758
7759,7759
7760,7759
7761,7761
7762,6672
7763,7763
7764,7612
7765,1190
7768,734
7769,1571
7771,734
7772,4617
7773,7773
7774,3776
7775,4617
7776,7376
7777,7376
7778,7778
7779,7376
7780,7376
7781,7781
7782,7782
7783,948
7785,7785
7807,7807
7810,709
7816,659
7817,774
7818,7818
7819,734
7820,7820
7836,7836
7841,7841
7842,2330
7843,7843
7844,7844
7846,5093
7847,7847
7848,2952
7851,334
7852,743
7853,3044
7854,4384
7855,7855
7856,7856
7857,734
7859,734
7860,7860
7861,1938
7862,7862
7864,7757
7865,2425
7869,7869
7870,7869
7880,5806
7881,7881
7882,1661
7883,805
7884,805
7885,5787
7886,7886
7887,7887
7888,7887
7890,4345
7893,5458
7896,7896
7897,980
7899,228
7900,228
7901,7901
7902,7901
7903,7901
7904,4638
7907,7907
7908,7908
7921,28
7922,28
7923,1307
7925,1100
7927,1019
7928,5327
7929,5327
7930,5327
7931,5327
7932,5327
7935,7935
7937,7937
7938,2082
7939,5327
7940,2489
7941,245
7942,1522
7943,6620
7944,7944
7945,4697
7946,6238
7947,7947
7948,7947
7949,7949
7950,7950
7951,7951
7952,7952
7953,7678
7954,4026
7955,7955
7956,7956
7958,7958
7960,5618
7961,5860
7962,1792
7964,5860
7966,63
7968,7625
7969,2803
7970,5924
7971,5924
7972,5924
7974,5924
7975,5924
7977,5924
7978,5860
7980,601
7982,7982
7984,7984
7985,7982
7986,7982
7987,7982
7988,7982
7989,7989
7990,7990
7991,7990
7992,7989
7993,7990
7994,7990
7995,7989
7996,7990
7997,7990
7998,7990
7999,7989
8000,7989
8001,7989
8002,7990
8003,7990
8004,7990
8005,7989
8006,7989
8007,7989
8008,7989
8009,7989
8010,8010
8012,1670
8015,4977
8016,4011
8017,8017
8018,5752
8019,8019
8020,8020
8021,8020
8022,207
8023,8023
8024,8024
8025,805
8026,8026
8027,2648
8028,640
8029,8029
8030,8030
8034,240
8036,8036
8041,8041
8044,5267
8045,8045
8046,5267
8047,3632
8049,8049
8050,8050
8051,1854
8056,8056
8057,8056
8058,8058
8060,8060
8061,4787
8062,8062
8064,4615
8065,8065
8066,79
8068,8068
8069,8069
8070,8070
8072,8072
8073,1313
8075,5167
8076,8076
8077,8076
8078,8076
8079,8079
8080,8080
8081,8081
8082,8082
8088,2267
8090,293
8091,8091
8094,4049
8095,8095
8096,8096
8099,1522
8100,2683
8101,3297
8102,604
8112,240
8113,240
8114,240
8115,240
8116,240
8117,240
8118,240
8119,240
8121,8121
8122,5589
8123,323
8124,8124
8125,8124
8127,240
8128,240
8131,182
8133,3745
8134,3745
8139,8139
8142,2555
8143,2555
8144,2555
8146,2555
8147,8147
8148,8148
8149,8124
8150,8150
8152,8152
8154,8154
8166,8166
8167,90
8171,8171
8172,8172
8173,6505
8176,8176
8177,8177
8178,5450
8180,8180
8181,1255
8182,173
8183,4408
8184,4408
8185,173
8186,173
8187,173
8188,173
8189,8189
8190,8190
8194,4408
8195,4408
8196,8196
8197,173
8199,8199
8200,288
8201,1296
8203,8203
8206,8206
8207,8207
8208,8208
8214,152
8215,152
8216,8216
8217,8217
8218,2596
8220,182
8221,166
8222,8222
8223,182
8224,1852
8225,8217
8227,166
8235,8235
8236,323
8237,5815
8238,8238
8239,8239
8240,8240
8241,8240
8242,8240
8243,8240
8244,8240
8245,8240
8246,8240
8247,8240
8248,8240
8249,8240
8250,8240
8251,5726
8252,8240
8253,166
8255,8255
8256,8255
8257,738
8259,8259
8261,8261
8262,1468
8264,8264
8265,8265
8266,4710
8267,8267
8270,8270
8272,8272
8273,8273
8276,8276
8281,8281
8282,8282
8285,8285
8286,8286
8288,8288
8289,8289
8290,5356
8291,1517
8292,1517
8293,6730
8294,668
8295,8295
8296,8295
8298,8298
8299,8299
8300,241
8301,8301
8302,8302
8303,5342
8304,8304
8307,937
8308,8308
8309,182
8311,8311
8317,2314
8318,2314
8319,2314
8320,2314
8321,2314
8322,2314
8323,8323
8324,8323
8325,2314
8326,6730
8328,8240
8329,8240
8330,8240
8331,8240
8332,8240
8333,5726
8334,8334
8335,8240
8336,8240
8338,8240
8340,8240
8341,8240
8342,8240
8343,8240
8344,8240
8345,8240
8346,8240
8347,8240
8348,8240
8349,8240
8350,8240
8351,8351
8353,8353
8354,880
8355,5726
8357,8240
8358,5726
8359,8240
8360,5726
8361,5726
8362,8240
8366,8366
8367,8367
8369,8369
8370,8370
8371,8371
8373,8371
8375,8334
8376,8240
8377,8240
8378,94
8379,3310
8381,8381
8384,8384
8385,8385
8386,754
8388,1653
8389,1653
8390,2586
8391,2115
8392,8392
8394,8394
8397,142
8399,8399
8400,8399
8401,8399
8402,8399
8403,8403
8405,8405
8406,8406
8407,8384
8410,2330
8411,8411
8412,8412
8413,756
8414,8414
8415,8414
8416,8416
8417,8417
8418,8403
8419,8419
8421,8414
8424,8424
8426,8426
8427,8427
8428,8428
8429,8429
8430,8429
8431,8429
8432,8429
8433,8429
8434,8429
8435,8429
8436,1133
8437,8437
8438,8438
8440,8440
8441,776
8443,2094
8444,2094
8446,1337
8447,8447
8448,774
8449,774
8451,2094
8452,8452
8453,7489
8454,6730
8455,6730
8456,6730
8457,8457
8458,8457
8459,8457
8460,8457
8461,8457
8462,8457
8463,8457
8464,8457
8465,8457
8466,8457
8467,8457
8471,228
8472,8472
8475,2596
8477,8477
8478,2094
8479,607
8480,2013
8481,8481
8486,2312
8487,1368
8488,4974
8489,4974
8490,7757
8491,3172
8492,3247
8493,1418
8497,1557
8498,1114
8499,799
8500,8500
8502,8502
8503,1995
8505,7355
8506,7355
8507,7355
8515,8515
8516,1579
8518,2094
8520,229
8523,8523
8524,8524
8531,8531
8532,152
8536,754
8537,754
8538,754
8539,8539
8540,1826
8542,2082
8543,2371
8545,8545
8548,2013
8557,12
8558,8558
8559,8559
8560,8559
8567,8567
8568,8567
8569,8569
8570,8569
8571,8569
8572,4875
8573,8573
8574,8573
8575,8573
8576,8573
8577,8573
8578,8573
8579,8573
8580,8573
8581,8573
8582,8582
8583,8583
8584,8573
8585,8585
8586,8586
8587,8587
8589,8573
8590,8095
8591,8095
8592,8095
8593,8095
8594,8095
8595,8095
8596,8095
8597,8597
8598,8095
8599,8095
8600,8095
8601,182
8602,1672
8603,1672
8604,1672
8605,1672
8606,1672
8607,8607
8610,2259
8611,8611
8612,2259
8613,6753
8614,8611
8615,8611
8616,8616
8617,7722
8618,7722
8619,7722
8620,7722
8621,7722
8622,7722
8623,7722
8624,63
8625,8625
8626,8626
8628,8628
8629,8629
8630,8625
8631,8631
8632,8632
8633,334
8637,8637
8638,8638
8639,182
8640,182
8641,568
8642,8642
8643,3337
8645,2634
8646,2634
8647,2634
8648,2634
8649,2634
8651,2634
8652,917
8653,8653
8654,8654
8655,8655
8656,3327
8657,2962
8659,8659
8660,388
8661,388
8662,8095
8663,8095
8664,8095
8665,8095
8666,8095
8667,8095
8668,8095
8669,6492
8670,1430
8671,8671
8672,8573
8674,8674
8678,8678
8679,8080
8686,8686
8687,669
8691,8691
8692,8692
8695,8695
8697,8697
8698,8698
8702,288
8703,881
8704,229
8705,166
8706,2082
8707,816
8709,3247
8710,1109
8711,1187
8719,2605
8720,2605
8721,2605
8722,2605
8723,2605
8724,4992
8725,8426
8726,5622
8727,8727
8728,8728
8730,8730
8731,1337
8732,8732
8733,8733
8734,152
8735,152
8736,152
8739,8739
8746,4755
8747,8747
8748,8747
8749,8747
8750,436
8751,436
8752,8747
8753,8747
8754,8754
8755,436
8756,323
8757,323
8758,8758
8759,8758
8761,8761
8763,8758
8764,8764
8765,2888
8766,8766
8774,823
8775,8775
8776,8776
8777,8777
8778,8778
8779,8779
8780,8780
8781,8698
8782,8782
8783,1672
8785,141
8786,293
8787,293
8788,293
8789,8789
8790,293
8791,6685
8792,2082
8795,5204
8798,5188
8799,1792
8800,5188
8801,8801
8802,1672
8803,8801
8804,1113
8806,8806
8807,8806
8808,8806
8813,1742
8814,8814
8815,8815
8816,8816
8817,8816
8818,8816
8819,8816
8820,8816
8821,8816
8822,8816
8823,8823
8824,8573
8825,8825
8826,8825
8827,8825
8828,8825
8829,8829
8830,7610
8831,7610
8834,8834
8835,8816
8836,8816
8838,8838
8839,5639
8840,8840
8841,8841
8842,2605
8843,8217
8847,288
8848,8848
8849,8849
8855,1418
8856,8856
8858,7597
8859,8859
8860,8429
8861,669
8862,8862
8868,8868
8869,8868
8870,8868
8871,8868
8872,8868
8873,8873
8885,8885
8887,580
8888,8888
8889,8889
8890,8890
8891,3726
8895,2071
8896,8896
8897,4026
8898,7333
8902,7843
8903,681
8907,8907
8908,8908
8909,8559
8910,8907
8911,3934
8912,272
8913,8913
8914,1169
8915,1169
8916,1169
8917,3489
8919,4619
8920,969
8921,16
8922,8922
8925,8925
8926,2383
8927,3857
8928,8928
8929,8928
8930,8928
8931,8928
8936,8936
8937,8937
8938,494
8939,8939
8940,241
8942,8942
8943,8943
8948,8948
8949,8948
8950,8950
8951,8951
8952,7625
8953,51
8954,2485
8955,8955
8956,8956
8958,1418
8960,3169
8962,33
8963,8963
8964,8964
8965,8964
8966,8964
8967,8964
8968,8968
8969,8969
8970,616
8971,8971
8972,8972
8973,2267
8974,2267
8976,8976
8977,8976
8978,8976
8979,8976
8981,1604
8982,8095
8983,8095
8984,8095
8985,8095
8986,8095
8987,8095
8988,8095
8990,611
8991,6045
8992,8992
8993,152
8994,8994
8995,8995
8996,152
8997,152
8998,152
8999,152
9000,152
9001,152
9002,152
9003,152
9004,152
9005,152
9007,152
9009,9009
9010,5656
9011,1658
9012,9012
9013,7376
9014,7376
9015,4049
9017,328
9018,9018
9019,9018
9020,2980
9021,9018
9022,917
9023,9023
9026,8524
9028,3833
9029,151
9032,3170
9035,7597
9036,1534
9039,9039
9040,1931
9042,1965
9043,9043
9044,166
9045,4049
9046,4049
9047,956
9048,9048
9049,6013
9053,9053
9054,9054
9055,219
9057,9057
9058,9057
9059,9057
9061,9057
9062,9062
9063,9063
9064,9063
9065,9063
9066,9063
9067,9063
9068,9063
9069,9063
9070,9063
9071,9071
9072,9071
9073,9063
9074,9063
9075,9063
9076,9076
9077,2322
9080,9080
9081,9081
9082,82
9083,738
9085,4144
9086,9086
9087,2221
9088,9088
9089,9089
9092,9092
9093,9093
9094,9093
9095,9093
9096,9096
9097,9097
9098,9098
9099,9096
9100,9100
9101,9101
9102,9101
9103,9103
9104,9103
9105,9100
9107,4622
9108,9108
9109,9108
9110,2287
9112,9112
9114,778
9115,778
9117,778
9118,778
9119,778
9120,778
9121,9121
9122,9121
9123,9121
9124,9121
9125,6023
9126,6023
9128,8399
9130,9130
9131,9130
9132,9130
9133,293
9134,293
9135,293
9136,293
9137,9137
9138,8611
9139,4026
9140,293
9141,9093
9142,9142
9146,3857
9147,9147
9150,9150
9151,85
9152,85
9153,85
9154,9154
9155,9155
9156,9156
9158,228
9160,9160
9161,1571
9162,9162
9163,9163
9165,615
9166,9166
9168,9168
9170,8095
9171,9171
9172,9172
9173,9172
9174,9172
9178,9178
9179,1842
9180,4785
9182,9182
9183,9182
9184,3382
9185,9185
9186,956
9188,1418
9189,1418
9190,1418
9191,1418
9192,1418
9193,1418
9194,1418
9195,1418
9196,1418
9197,1418
9198,6438
9199,2944
9200,9200
9201,9201
9211,9211
9212,410
9213,9213
9214,9213
9215,9213
9216,9213
9217,9213
9218,9213
9219,9213
9220,9213
9221,9213
9222,658
9223,658
9224,2735
9225,2735
9226,9226
9227,9226
9240,9240
9242,537
9244,9244
9253,2301
9259,9259
9260,2775
9261,9261
9262,9261
9263,9261
9264,9261
9265,9261
9268,9268
9269,9269
9276,8523
9277,8523
9278,8523
9279,8523
9280,8523
9282,2027
9283,9283
9284,9284
9285,9285
9288,1335
9289,134
9290,9290
9291,9291
9294,738
9297,9297
9298,9298
9299,774
9305,3297
9306,142
9307,9307
9309,699
9310,9310
9311,9311
9314,640
9315,1023
9317,9317
9318,9318
9320,9320
9327,3044
9328,4620
9329,8758
9330,2253
9331,5048
9332,9332
9333,196
9334,196
9335,9335
9336,9335
9339,9339
9340,380
9341,134
9342,134
9343,5411
9344,7597
9345,3882
9346,9346
9347,9347
9348,9348
9349,9349
9350,9349
9351,9349
9352,9347
9353,9353
9354,2075
9355,9355
9356,2075
9357,9357
9358,9357
9359,9357
9361,9357
9363,9363
9364,9364
9365,9365
9366,9364
9368,9365
9369,3241
9370,134
9371,134
9372,134
9373,134
9374,134
9375,134
9376,134
9378,134
9380,134
9381,134
9382,134
9383,134
9384,134
9385,134
9386,134
9387,134
9388,134
9389,134
9390,134
9391,134
9392,134
9393,134
9394,134
9395,134
9396,134
9397,134
9398,4819
9399,134
9400,9400
9401,134
9402,134
9403,134
9404,1604
9405,3605
9407,1770
9408,134
9410,9410
9411,4724
9412,3549
9413,152
9414,152
9415,3041
9417,219
9418,3040
9419,9419
9422,3041
9423,3041
9424,1271
9425,4206
9426,9426
9427,2919
9428,9428
9429,9429
9430,756
9431,9431
9432,69
9434,6013
9435,3019
9437,3731
9438,9438
9439,9439
9440,6013
9441,9441
9442,9442
9443,9443
9445,134
9446,134
9447,134
9448,134
9449,134
9451,134
9452,134
9453,134
9454,134
9455,134
9456,134
9457,134
9458,134
9459,134
9460,134
9461,134
9462,134
9463,9463
9465,9465
9468,3759
9469,4879
9470,3759
9471,4879
9476,122
9477,122
9479,219
9480,122
9481,122
9482,122
9483,122
9484,122
9485,122
9486,219
9487,122
9488,122
9489,122
9490,9490
9491,395
9492,395
9493,1048
9494,449
9496,3056
9497,3056
9498,9498
9499,9498
9500,9500
9501,2888
9502,9502
9503,449
9505,9505
9506,9365
9507,9365
9508,9365
9509,9509
9511,9365
9515,8024
9516,9509
9517,9517
9518,3056
9519,9498
9520,4026
9521,3019
9522,6119
9523,3019
9525,9525
9526,9525
9527,3019
9528,3019
9529,3019
9530,3019
9531,3019
9532,3019
9533,3019
9534,3019
9535,3019
9536,3019
9537,3019
9538,3019
9539,3019
9540,2990
9541,2735
9546,3019
9547,3069
9548,94
9549,1619
9550,3069
9551,3019
9553,1368
9554,1630
9555,9555
9556,9556
9557,9557
9558,9558
9559,694
9560,694
9561,1169
9562,1169
9563,1169
9564,1169
9565,9565
9566,3019
9567,9365
9569,9569
9570,9569
9571,9569
9572,9569
9573,9569
9575,9569
9580,9569
9585,9585
9596,3019
9597,756
9598,756
9599,756
9600,756
9601,756
9602,9602
9603,756
9604,756
9605,756
9607,756
9608,917
9609,3056
9612,3882
9614,9614
9615,9615
9616,9615
9617,9615
9618,6736
9619,9615
9620,9615
9621,9615
9622,6736
9623,9623
9624,1295
9625,1295
9626,830
9627,449
9628,9615
9629,9615
9630,7488
9631,3549
9632,3549
9633,152
9634,152
9636,9623
9638,9638
9639,9639
9640,2268
9641,9639
9642,9639
9643,9643
9644,8394
9645,823
9646,9646
9647,2328
9648,9648
9649,754
9650,3506
9651,9651
9652,9652
9653,9651
9654,272
9655,9655
9656,2662
9657,798
9658,3947
9659,8304
9660,9261
9661,9661
9662,9662
9664,9664
9666,9666
9667,9667
9669,9669
9670,3019
9672,6119
9673,2605
9674,3056
9675,3056
9676,3056
9677,3056
9678,3056
9679,3056
9680,3056
9681,9681
9682,746
9683,746
9684,9684
9685,9685
9691,9691
9692,3643
9693,3643
9694,3643
9695,9695
9706,449
9708,3241
9709,3241
9710,3241
9711,3241
9712,3241
9713,3241
9714,3241
9719,3310
9720,3241
9721,3241
9723,122
9724,9724
9726,9726
9727,449
9728,449
9729,9729
9730,9729
9731,9729
9732,9502
9733,449
9734,2268
9735,9735
9736,449
9737,9737
9738,9737
9739,9737
9740,3341
9742,9742
9744,9744
9745,797
9746,797
9747,797
9748,797
9749,3622
9750,9750
9751,8394
9752,8394
9753,9753
9755,9525
9756,3019
9757,3019
9758,3019
9759,3019
9760,3019
9761,3019
9762,3019
9763,3019
9764,3019
9765,3509
9767,2268
9768,2268
9769,3341
9770,3799
9771,3799
9772,3799
9773,3056
9774,3799
9775,3056
9776,3799
9777,9777
9778,9778
9779,9779
9780,823
9781,8394
9782,3241
9783,3241
9784,3241
9785,3241
9786,3622
9787,9787
9789,9789
9790,8523
9791,8523
9792,8523
9793,8523
9794,8523
9795,8523
9797,9797
9798,762
9800,5089
9801,9801
9802,7597
9803,9803
9805,2993
9807,3064
9810,2993
9814,8815
9815,7597
9816,537
9817,9817
9818,9818
9819,4622
9821,9821
9822,4743
9826,9826
9827,9827
9828,9827
9829,4755
9831,9831
9834,269
9835,521
9838,5936
9840,5267
9841,3882
9845,9845
9847,9071
9849,9849
9850,9849
9852,9849
9853,5418
9854,9854
9859,9859
9861,9861
9862,9862
9863,9863
9864,9863
9865,1666
9870,9870
9871,241
9873,658
9874,4144
9876,9876
9877,182
9878,7397
9882,9882
9883,7989
9884,7989
9885,7989
9886,7989
9887,7989
9888,7989
9889,7989
9890,7989
9891,7989
9892,7989
9893,7989
9894,7989
9895,7989
9897,7989
9899,7989
9900,7989
9901,7989
9905,9905
9907,8351
9908,9908
9909,9908
9910,9908
9911,9911
9916,9916
9917,9917
9918,9918
9919,7597
9920,9920
9925,9925
9926,754
9931,9931
9932,9932
9933,9933
9934,9933
9935,9933
9936,9933
9937,9623
9938,9938
9939,9938
9940,9938
9941,9941
9942,9942
9945,9945
9946,2268
9947,2268
9948,449
9949,9949
9950,1488
9951,9639
9952,9952
9953,9953
9954,9954
9955,917
9956,3172
9957,9954
9958,9954
9959,9954
9960,9954
9961,9961
9962,7581
9963,9963
9964,9681
9965,1488
9966,9639
9967,9967
9968,9938
9969,9938
9970,9970
9971,9938
9972,9938
9973,9938
9974,9938
9975,9938
9976,9938
9977,9938
9978,9932
9979,1488
9980,9639
9981,449
9982,830
9983,1101
9984,2489
9985,2489
9986,9986
9987,4068
9988,2268
9989,1742
9990,173
9991,173
9992,173
9993,173
9996,9996
9998,9998
10000,1774
10005,1774
10009,6845
10012,173
10013,173
10014,1774
10022,1774
10024,10024
10032,173
10034,9938
10035,4068
10036,4068
10037,9938
10038,9938
10039,9931
10040,9938
10041,449
10042,9970
10043,10043
10044,4068
10045,9938
10046,10046
10047,3022
10048,9938
10049,2489
10051,2489
10052,2489
10053,2489
10054,343
10057,5051
10058,5051
10059,5051
10060,5051
10061,5051
10062,5051
10063,5051
10064,5051
10065,5292
10066,5292
10067,5292
10068,3176
10069,3176
10070,3176
10071,3176
10072,3176
10073,3176
10074,3176
10075,10075
10076,3176
10077,1742
10079,1965
10080,4970
10081,10081
10083,6745
10085,9057
10086,9057
10087,9057
10088,9057
10089,9057
10090,10090
10091,9057
10092,10090
10093,10090
10094,9057
10095,10095
10096,10095
10097,10090
10098,9057
10099,2224
10102,10102
10104,9931
10105,9931
10106,10106
10107,10106
10108,9938
10112,10106
10114,10114
10115,10115
10118,10118
10119,9182
10121,524
10122,7611
10124,1997
10125,10125
10126,10126
10127,10126
10128,9664
10131,5081
10132,5081
10133,4068
10134,1671
10135,4738
10136,4980
10137,4980
10138,4980
10139,4980
10140,4980
10141,4738
10142,4738
10143,10143
10144,3022
10145,10126
10146,10146
10148,10143
10149,10149
10150,10150
10152,10152
10154,10154
10155,10154
10157,10157
10159,2529
10160,2529
10161,2529
10165,10165
10166,10165
10168,10168
10169,10169
10170,10169
10171,10169
10173,1792
10174,10174
10176,1796
10177,1796
10178,1672
10179,1672
10180,1796
10181,2027
10182,604
10183,604
10184,604
10185,604
10187,604
10188,604
10191,10191
10193,8955
10194,4787
10195,10195
10198,10198
10200,10198
10202,10202
10203,10203
10204,10204
10205,4810
10206,10206
10207,546
10208,1922
10209,1922
10210,1922
10211,1922
10212,1922
10217,10217
10218,8080
10219,7410
10223,10223
10227,7678
10228,10228
10229,10229
10230,9615
10231,3297
10233,10233
10235,658
10236,2485
10237,9261
10238,9261
10239,9261
10240,9261
10241,10241
10242,10242
10247,10247
10249,10249
10250,10250
10252,92
10253,92
10254,92
10255,92
10256,92
10257,92
10258,92
10259,92
10260,92
10261,92
10262,92
10263,10263
10264,10264
10265,10265
10267,10267
10271,10271
10272,10272
10273,108
10274,108
10275,82
10276,108
10277,108
10279,10279
10280,10279
10281,4237
10282,4237
10283,4237
10284,4237
10285,4237
10286,4237
10287,4237
10288,4237
10289,5104
10290,5104
10291,774
10292,5104
10293,10293
10299,8849
10300,8849
10301,8849
10302,8849
10305,166
10308,279
10309,279
10310,279
10311,279
10312,1522
10313,1522
10314,1522
10315,1522
10318,1522
10319,1522
10320,10320
10321,10321
10322,2515
10323,10323
10324,1671
10325,1671
10326,1671
10327,1671
10328,1671
10329,1671
10330,1671
10331,1671
10332,1671
10334,1671
10339,1626
10342,10342
10343,10343
10344,688
10347,9970
10351,9938
10352,10352
10360,6845
10365,10365
10366,5204
10367,10367
10368,10368
10369,10368
10370,10368
10372,2634
10373,210
10374,1522
10375,10375
10376,10376
10379,10379
10380,10380
10381,10381
10382,2017
10383,10383
10384,10384
10385,1522
10386,1522
10387,1522
10388,1522
10392,1522
10393,1522
10394,8523
10395,8523
10396,8523
10397,8523
10398,8523
10399,659
10400,10400
10406,217
10407,4132
10408,10408
10409,10408
10410,10408
10411,10411
10412,631
10413,3247
10414,9261
10415,22
10416,10416
10417,10417
10418,163
10419,10419
10420,756
10425,2289
10427,3420
10429,647
10435,4145
10436,4146
10438,10438
10439,10439
10440,8523
10441,8523
10442,2310
10443,340
10446,3550
10447,10447
10449,10449
10452,10452
10453,6237
10462,10462
10464,10464
10466,10466
10467,10466
10468,10466
10469,10466
10470,10466
10471,10471
10472,10466
10473,10075
10474,10075
10475,10075
10476,2390
10477,10075
10478,10075
10479,10075
10480,10466
10481,10075
10482,92
10484,4237
10485,4237
10486,9970
10487,4237
10488,4237
10489,4237
10490,9938
10492,10492
10493,10466
10494,9970
10495,10495
10496,10496
10498,10498
10499,1672
10500,1672
10503,10503
10504,1854
10505,5189
10506,5797
10508,1672
10509,1792
10510,10510
10511,10511
10512,10512
10514,10514
10515,10514
10516,10516
10517,10517
10518,4638
10519,10519
10520,111
10522,10522
10523,206
10524,10524
10525,8523
10526,8523
10527,10527
10529,446
10530,446
10531,241
10532,1187
10533,1922
10534,1922
10535,10535
10536,4112
10540,509
10541,607
10545,10545
10550,1836
10551,10551
10552,10551
10554,253
10556,10556
10557,710
10558,10558
10559,10559
10560,5450
10561,3213
10562,10562
10563,10562
10564,10564
10565,6269
10566,10566
10567,10567
10568,6269
10569,10569
10570,10570
10571,10570
10572,10570
10573,1131
10574,10574
10575,10570
10576,4977
10577,10577
10578,6745
10579,783
10580,10580
10581,2633
10582,10582
10583,823
10584,4743
10585,4743
10586,2634
10587,2634
10588,10588
10589,2511
10590,2511
10591,783
10592,783
10593,2854
10594,7567
10595,5282
10596,10596
10597,10597
10598,10598
10599,5346
10600,10600
10601,5346
10602,10169
10603,10168
10604,10604
10605,5656
10606,10606
10607,1948
10608,10608
10609,10609
10610,805
10611,10611
10612,10612
10613,4093
10614,10614
10615,10615
10616,2013
10617,10617
10618,10617
10619,6837
10620,3530
10621,10621
10623,10623
10624,3902
10628,926
10629,10629
10630,8010
10631,3480
10632,10632
10633,10633
10634,9920
10635,9920
10636,3225
10637,10637
10638,10638
10639,10639
10640,10639
10641,10641
10642,4881
10643,5051
10644,8545
10645,10645
10646,10646
10648,10648
10649,10649
10650,10650
10651,2084
10652,10652
10654,10654
10655,10416
10656,10656
10657,410
10658,10658
10659,10659
10660,3790
10661,10661
10662,10662
10663,7567
10664,10664
10665,10665
10666,10666
10667,1363
10668,10668
10669,10669
10670,3607
10671,10665
10672,10672
10673,8776
10674,10674
10676,10676
10677,10677
10678,10677
10679,10679
10680,10679
10681,10681
10682,10682
10683,10683
10684,10684
10685,378
10686,4237
10687,4237
10688,4237
10689,378
10690,3991
10691,3284
10692,917
10693,3284
10694,10694
10695,378
10696,10696
10699,10699
10700,1933
10701,10701
10702,786
10703,786
10704,786
10705,10705
10706,805
10707,10656
10708,1672
10709,1463
10710,1463
10711,1463
10712,1463
10713,1463
10714,10714
10715,10715
10716,10716
10717,10717
10719,10719
10720,1658
10721,1658
10722,10722
10723,10723
10724,10723
10725,10725
10726,9
10727,3641
10728,3506
10729,10729
10730,10730
10731,10731
10732,10732
10733,2633
10740,10740
10741,10741
10742,9863
10743,9863
10744,10744
10745,10745
10746,10746
10747,10623
10748,10623
10749,10623
10750,10623
10751,10751
10752,10752
10754,9080
10755,259
10756,917
10758,796
10760,3619
10761,10761
10762,10761
10763,10763
10764,10764
10765,10765
10766,10766
10769,10769
10770,10770
10771,10771
10772,10772
10773,10772
10774,10774
10776,10776
10777,10777
10778,980
10779,10730
10780,10780
10781,10781
10782,10782
10783,94
10784,5767
10785,6335
10786,10786
10787,10787
10788,10788
10789,10789
10790,10790
10791,10790
10792,10792
10793,10793
10794,10793
10795,10795
10796,10796
10797,10796
10798,3105
10799,70
10800,10800
10802,2210
10803,10803
10804,10804
10805,10805
10806,10806
10807,10807
10808,1132
10809,10809
10810,10810
10812,10812
10813,10813
10814,1653
10815,10813
10816,10813
10817,10817
10818,10813
10819,10813
10820,10817
10821,1653
10822,10822
10823,10823
10824,4980
10825,10825
10826,10825
10827,10827
10828,10828
10829,10829
10830,10830
10831,10831
10832,10832
10833,10833
10834,10834
10835,7333
10836,7333
10837,10837
10838,10838
10839,10839
10840,10840
10841,10841
10842,7333
10844,3315
10848,738
10850,10850
10852,6837
10853,10853
10854,1754
10855,1754
10857,10857
10858,10858
10859,2343
10860,10860
10861,10861
10862,10862
10863,10863
10864,10864
10865,3327
10866,10866
10868,10868
10869,10869
10870,10870
10871,10871
10872,10872
10873,219
10877,10877
10879,738
10880,10880
10881,10881
10883,10883
10884,10884
10885,10885
10886,10886
10887,10887
10889,559
10890,559
10891,6335
10892,10892
10895,10895
10896,3205
10897,6269
10898,10898
10899,4427
10900,10900
10901,2270
10902,880
10904,10904
10905,10905
10906,10906
10907,10907
10908,2585
10909,2585
10910,2585
10911,10911
10912,10912
10913,10913
10914,10906
10915,10915
10916,2224
10917,10907
10919,10919
10920,2647
10922,10922
10923,10922
10924,10922
10926,10898
10927,1579
10928,10928
10930,10930
10931,10931
10932,3175
10934,6085
10935,10730
10936,10936
10937,10937
10938,10937
10939,10939
10947,10947
10948,10900
10949,10913
10955,3673
10956,3673
10976,10976
10977,10977
10978,10978
10980,10980
10981,10981
10983,414
10984,1847
10985,1847
10986,10986
10987,10987
10988,10988
10989,10989
10990,738
10991,10991
10992,10992
10996,10981
10997,10997
10998,756
10999,10999
11000,11000
11001,11001
11002,756
11003,9602
11005,11005
11006,11005
11007,11005
11009,6085
11010,6085
11011,11011
11012,11012
11013,12
11014,11012
11015,11015
11016,11016
11017,11017
11018,11015
11020,1463
11021,4427
11022,8545
11023,11023
11024,11024
11025,11025
11027,11027
11028,11028
11029,11029
11030,6071
11035,8429
11036,11036
11037,11037
11038,11038
11039,11039
11040,11040
11041,11041
11042,11017
11043,11043
11044,10115
11045,11045
11046,3420
11058,6837
11060,3362
11061,11061
11062,11062
11070,11070
11074,11074
11075,11074
11077,11077
11078,219
11079,1329
11081,11081
11082,11082
11083,11083
11084,11084
11086,11086
11087,11087
11088,11017
11089,11089
11090,1626
11091,1626
11092,11092
11093,11093
11095,11095
11096,11096
11097,11096
11100,2471
11101,11101
11103,11103
11105,11105
11108,11105
11109,11109
11110,11110
11111,11110
11112,11110
11113,11113
11114,1965
11115,11115
11116,11116
11117,6463
11118,11118
11119,11119
11120,11119
11121,11121
11122,253
11123,383
11124,4524
11125,11125
11126,3382
11127,11127
11128,3382
11129,11129
11130,11130
11131,482
11132,482
11133,482
11135,2878
11137,11137
11138,11138
11140,11140
11145,11145
11146,11146
11147,11147
11148,7660
11149,11149
11150,11150
11151,11151
11153,11153
11154,3947
11155,3947
11156,11156
11157,1366
11159,11159
11160,1366
11161,5896
11162,11162
11163,11163
11164,11164
11168,11168
11169,152
11172,11172
11173,11173
11174,11174
11175,2205
11176,2205
11178,5896
11183,11183
11185,921
11186,3325
11188,921
11189,11189
11190,11190
11191,921
11193,3325
11199,11199
11200,11200
11202,11202
11203,11203
11204,11204
11205,3467
11206,11206
11207,11207
11208,1595
11209,10795
11210,11210
11211,11211
11212,11212
11214,3776
11215,11215
11216,306
11217,306
11218,306
11219,10676
11220,11220
11221,10677
11222,917
11224,11224
11227,11227
11228,11227
11229,11227
11234,11234
11235,10558
11236,11236
11238,11236
11239,11239
11240,11240
11241,11241
11242,11242
11243,11243
11244,11244
11245,3550
11246,938
11247,11247
11249,11249
11251,11251
11252,219
11253,6837
11254,11254
11255,11255
11256,11256
11257,11257
11258,11258
11259,5782
11260,11210
11261,3779
11263,1533
11264,11264
11265,11265
11281,11281
11283,2928
11285,11285
11286,11286
11287,11287
11288,11287
11292,11292
11301,11301
11302,11302
11303,11303
11304,11304
11305,1799
11306,11306
11307,11307
11308,11081
11309,11309
11310,11310
11311,11311
11312,11312
11313,11313
11314,11314
11315,11315
11316,11316
11317,11317
11318,11318
11319,11317
11320,11320
11321,11321
11322,11322
11325,10937
11326,10937
11327,10937
11328,10937
11329,10937
11330,11330
11331,3401
11332,2511
11333,11333
11334,11334
11335,11335
11336,11336
11337,11337
11338,823
11339,4620
11340,11334
11341,8545
11342,11342
11343,2633
11344,11344
11345,3315
11346,3315
11347,823
11348,11348
11349,2017
11350,3315
11351,11351
11352,109
11353,11353
11354,11354
11359,11359
11363,11363
11365,11365
11367,11367
11368,11368
11369,11369
11370,11370
11371,11371
11372,11372
11373,11373
11374,11374
11377,11377
11378,11378
11379,11379
11381,11381
11382,11382
11384,11384
11385,2457
11387,11387
11389,11389
11393,11393
11394,11394
11395,11395
11396,11396
11397,11396
11398,91
11399,11399
11405,11405
11406,11406
11407,3022
11408,11408
11409,4788
11410,11410
11411,11411
11412,11412
11413,11410
11416,880
11417,1903
11418,5342
11419,5342
11420,11420
11423,11423
11424,11423
11425,11425
11426,4103
11427,4103
11428,11428
11431,11431
11432,11432
11433,11433
11434,11434
11435,11435
11436,738
11437,738
11438,11438
11439,11439
11441,11441
11442,5486
11443,11443
11444,11444
11445,11444
11446,11446
11447,10765
11448,11448
11449,11449
11450,11450
11451,5618
11452,11452
11454,11423
11456,11456
11457,7560
11462,1366
11466,5795
11467,11467
11468,11468
11469,11469
11470,11423
11472,11472
11476,11476
11477,5136
11478,1463
11480,594
11481,11481
11482,11482
11483,2771
11485,4276
11486,11486
11487,11486
11488,11488
11491,210
11492,452
11493,482
11494,11494
11497,11286
11498,11498
11499,2615
11500,11500
11501,11501
11503,11503
11504,10922
11507,219
11508,11508
11509,880
11510,738
11511,6909
11512,738
11513,11513
11514,1903
11515,11515
11517,11517
11518,787
11519,787
11523,11523
11524,11524
11525,2115
11526,1949
11527,11527
11528,11528
11531,11527
11532,1949
11537,11537
11538,2457
11539,11539
11540,11540
11541,11541
11542,1012
11543,8616
11544,11544
11546,11546
11547,259
11548,11081
11549,11081
11550,11550
11551,3521
11552,3521
11553,3521
11554,3521
11555,3521
11556,3521
11557,3521
11558,524
11559,7606
11560,4136
11562,3795
11563,6848
11564,11564
11565,11565
11566,5472
11567,756
11568,11568
11569,11569
11578,4455
11579,4455
11580,11580
11581,11581
11582,8367
11583,11583
11584,11581
11585,11585
11586,11586
11587,11587
11588,11588
11598,4297
11600,10817
11601,10817
11602,11602
11603,2333
11604,921
11605,3325
11606,2333
11608,2333
11609,2018
11610,3325
11613,2069
11614,11614
11624,11624
11625,11625
11626,11626
11627,1842
11628,1842
11629,1842
11630,1842
11631,10937
11632,10937
11633,10937
11634,10937
11637,11637
11638,11638
11639,11639
11643,11643
11644,11644
11646,3382
11649,11649
11656,5294
11669,5294
11670,5294
11671,5294
11680,5294
11681,5294
11682,5294
11683,5294
11684,5294
11685,5294
11691,5294
11692,11692
11693,11692
11694,73
11696,11696
11697,7280
11699,11699
11700,11700
11701,11700
11702,11702
11704,5486
11706,141
11708,11708
11711,11711
11712,11712
11713,1608
11714,4049
11715,937
11716,11716
11721,1672
11722,1672
11723,1672
11724,1672
11725,1672
11727,605
11728,11728
11729,3207
11730,3207
11731,3207
11734,380
11735,11735
11736,731
11743,937
11747,3319
11750,937
11751,3897
11753,11753
11755,3647
11756,11756
11758,11758
11759,11759
11760,11760
11761,217
11763,3579
11764,3579
11765,3579
11766,3579
11767,3579
11768,3579
11769,3579
11770,3579
11771,3579
11773,5484
11774,5484
11775,11775
11776,111
11778,11778
11780,7597
11793,688
11796,11796
11804,11804
11806,11806
11807,11807
11808,11807
11809,11809
11810,11807
11812,8524
11813,8524
11814,8524
11815,8524
11816,11816
11817,11817
11818,11818
11819,7989
11820,7989
11821,7989
11822,7989
11823,7989
11824,7989
11825,7989
11826,7989
11827,7989
11828,7989
11829,7989
11830,7989
11831,7989
11832,7989
11833,7989
11834,7989
11835,7989
11836,7989
11837,7989
11838,7989
11839,7989
11840,7989
11842,7989
11843,7989
11844,7989
11845,7989
11846,7989
11847,7989
11848,7989
11849,11849
11860,11860
11862,7597
11863,7597
11864,7597
11865,2721
11878,5296
11879,8437
11881,5053
11882,11882
11889,11889
11890,11889
11891,11891
11892,11891
11901,7597
11902,402
11903,8523
11909,11909
11910,11910
11913,11913
11914,11914
11919,9905
11921,11921
11923,11923
11924,166
11925,1297
11926,3882
11927,22
11928,6069
11930,11712
11931,10714
11932,8691
11933,8691
11935,11935
11937,762
11938,7597
11939,7597
11941,11941
11942,1608
11943,5267
11944,8972
11946,6788
11947,5924
11948,5924
11949,5924
11950,5924
11951,5924
11952,5924
11953,3247
11954,1672
11955,1672
11958,11958
11959,11958
11960,11958
11962,11962
11963,11962
11964,11964
11965,1189
11966,11966
11967,830
11968,830
11969,830
11970,830
11971,830
11972,830
11973,830
11974,334
11975,11975
11976,378
11977,378
11978,11978
11979,3284
11980,378
11981,378
11982,378
11983,378
11985,378
11986,378
11987,3284
11988,11988
11989,378
11990,11990
11991,11991
11992,5877
11993,11991
11994,5877
11995,11995
11999,11999
12000,16
12001,12001
12002,12002
12012,1774
12014,482
12018,12018
12019,94
12022,12022
12023,482
12024,94
12025,1254
12042,6438
12045,1826
12046,1826
12047,1826
12048,12048
12049,12048
12050,12048
12051,12051
12052,12052
12053,108
12056,12056
12057,12056
12058,12056
12060,12056
12061,12056
12062,12062
12063,3370
12066,12066
12067,12067
12071,12071
12083,537
12084,8150
12085,8150
12086,8150
12087,8150
12088,8150
12089,8150
12090,8150
12091,8150
12092,8150
12093,8150
12094,8150
12095,12095
12096,8150
12097,12095
12098,8150
12101,1444
12102,402
12103,12103
12104,12104
12105,12104
12106,12106
12107,1113
12109,12109
12111,12056
12113,12113
12116,12116
12117,12117
12118,12117
12119,12117
12120,12117
12121,12117
12122,12117
12123,12117
12124,12117
12125,12117
12126,12117
12127,12117
12128,12117
12129,12117
12130,3335
12135,90
12136,12136
12137,12137
12151,12151
12152,746
12153,245
12154,10114
12155,10114
12156,10114
12157,10114
12158,10114
12159,10114
12168,12168
12170,7059
12172,762
12173,12173
12174,12174
12177,12177
12178,12178
12182,418
12183,418
12184,418
12185,418
12186,418
12187,418
12188,418
12189,179
12190,418
12191,179
12192,179
12193,179
12194,179
12195,12195
12196,179
12197,418
12198,418
12199,418
12200,418
12201,418
12202,418
12203,418
12204,418
12208,2417
12210,9854
12211,12211
12212,6237
12213,12213
12214,12214
12215,1522
12216,12216
12218,12218
12219,22
12220,22
12221,12221
12222,3690
12223,111
12228,2144
12229,12229
12230,12230
12231,12230
12239,12239
12240,11469
12241,12241
12242,11469
12243,11469
12244,11469
12245,12241
12246,11469
12247,12241
12248,11469
12249,11469
12250,11469
12251,10114
12252,10114
12253,10114
12256,12256
12257,12257
12258,7397
12260,12260
12261,12260
12262,12260
12264,12264
12265,12265
12278,12278
12279,12278
12280,12278
12281,12281
12283,12001
12284,12001
12285,12001
12286,12001
12287,12001
12290,12290
12291,12291
12293,4026
12294,12294
12295,12295
12296,9269
12297,12297
12298,7745
12300,12300
12301,8856
12304,649
12305,222
12306,12306
12307,12306
12308,12306
12309,12309
12310,12310
12311,12310
12312,12312
12313,12310
12314,12310
12315,12310
12316,12316
12318,3961
12319,3961
12320,763
12326,12221
12339,12339
12340,3448
12341,12341
12350,1522
12351,12351
12352,12351
12356,5726
12369,12369
12370,12369
12371,12369
12375,12369
12376,12369
12378,1672
12379,12379
12380,12380
12381,12380
12382,4427
12383,12380
12384,12379
12385,12380
12386,12386
12387,12369
12392,12306
12393,12393
12395,5681
12402,12402
12420,7989
12421,12421
12422,12422
12423,726
12428,2952
12429,2952
12430,2952
12431,12431
12432,12432
12433,12432
12434,12434
12435,12432
12436,12432
12437,12432
12438,12432
12439,12432
12444,12444
12445,12445
12448,10661
12450,787
12451,6495
12452,12452
12453,2205
12455,3063
12456,12456
12457,6495
12458,4524
12459,4049
12460,12460
12461,12461
12462,7162
12463,12463
12464,493
12465,1444
12466,2392
12467,12467
12468,12468
12469,1277
12470,12470
12471,12471
12472,219
12473,12473
12474,2952
12475,12475
12476,12476
12477,2172
12478,6495
12479,6495
12480,754
12481,12481
12482,12482
12483,1604
12484,3063
12485,4617
12486,4617
12493,7162
12494,12494
12495,12495
12496,12496
12497,12497
12498,12498
12499,94
12500,12500
12501,12501
12502,219
12503,12503
12504,4285
12507,67
12509,82
12510,2694
12511,3056
12512,94
12513,12513
12514,3019
12515,12515
12516,12516
12517,12517
12523,12523
12524,12524
12526,12526
12527,12527
12531,6495
12532,6495
12533,12533
12534,1037
12535,5024
12536,5024
12537,796
12538,774
12539,5024
12540,12540
12541,6495
12544,12544
12547,12547
12550,2205
12555,12555
12556,217
12557,12557
12558,12558
12559,1753
12560,3056
12561,1854
12562,4427
12563,10646
12564,10646
12565,3172
12566,1854
12567,4427
12568,1854
12569,5936
12570,4427
12571,6363
12572,4171
12573,4171
12574,3172
12575,3172
12576,12576
12577,4171
12578,3172
12579,5589
12580,4171
12581,6023
12582,12582
12583,754
12585,6745
12586,12586
12587,12587
12588,12588
12589,12589
12590,12590
12591,923
12592,923
12593,923
12594,12594
12595,12456
12596,5235
12597,1005
12600,12600
12601,12600
12602,12602
12605,12605
12606,9182
12607,9182
12608,7308
12609,7308
12610,4571
12611,4622
12612,6645
12614,2265
12615,12615
12617,12617
12620,12620
12622,12622
12623,6640
12624,12624
12625,3310
12627,94
12628,94
12629,917
12630,94
12631,94
12632,94
12633,94
12634,12634
12635,12635
12636,917
12637,917
12638,3619
12639,94
12640,9269
12641,917
12643,4038
12644,12644
12645,12645
12646,12646
12648,12648
12649,5703
12651,917
12652,2239
12653,2239
12656,94
12657,94
12658,12658
12659,12658
12660,94
12662,5589
12664,12664
12666,12666
12667,12667
12669,12669
12670,12670
12671,4622
12673,12673
12674,12673
12675,12673
12676,12673
12677,7488
12678,7488
12679,12679
12680,12680
12681,1665
12682,12682
12683,1604
12684,148
12685,151
12686,4168
12688,148
12689,5924
12690,774
12691,12691
12692,12692
12693,12693
12694,12694
12695,12691
12696,12696
12697,12691
12698,12698
12699,7505
12700,7518
12705,7505
12709,12692
12711,1444
12712,2296
12713,12713
12714,2296
12719,12719
12720,2427
12721,12721
12722,12721
12723,12723
12726,763
12727,4571
12728,2289
12729,3448
12730,12730
12731,328
12732,328
12733,328
12735,4435
12736,6130
12737,12737
12738,12719
12739,8674
12740,2640
12741,12719
12742,816
12743,589
12745,9283
12746,4571
12747,380
12748,12748
12749,7757
12750,12750
12751,4571
12752,94
12753,94
12754,94
12755,94
12756,94
12757,94
12758,1619
12759,94
12760,94
12761,94
12762,94
12763,12763
12764,1619
12767,12767
12768,9863
12769,5589
12770,5589
12771,5589
12772,12772
12773,12772
12774,5589
12775,5589
12776,5589
12777,1444
12778,5589
12780,12780
12781,12781
12782,12782
12783,12783
12784,2648
12785,1046
12790,7415
12791,7415
12792,12792
12794,16
12795,16
12796,7505
12797,12797
12798,12798
12799,12799
12800,4571
12803,4168
12804,1113
12805,1444
12806,6287
12807,12807
12808,12807
12809,1444
12811,1444
12812,1444
12813,1444
12814,1444
12815,12815
12816,12816
12818,12818
12820,1444
12821,12821
12822,12821
12823,12821
12824,12821
12825,12825
12828,12828
12829,4761
12830,4761
12831,4761
12832,4761
12833,4761
12834,12834
12835,4761
12836,12836
12837,5622
12840,12840
12841,12841
12843,12841
12844,12841
12845,12841
12846,12846
12847,12846
12853,12692
12854,2485
12855,589
12856,12856
12858,152
12859,12859
12860,12719
12861,12719
12862,12862
12863,111
12864,111
12865,12692
12866,7415
12867,12867
12868,5924
12869,2157
12870,2919
12871,4619
12875,12875
12877,108
12878,4724
12880,4168
12881,12881
12882,1444
12883,12883
12884,2330
12885,10081
12886,4970
12887,12887
12888,7680
12889,12889
12890,219
12891,6685
12892,4028
12893,12893
12894,4492
12895,12895
12896,2330
12897,12897
12898,4492
12899,12899
12900,6685
12901,12883
12902,12893
12903,4492
12904,12904
12905,12893
12906,10081
12907,12907
12908,4970
12909,12909
12910,12910
12911,11494
12912,272
12913,12913
12914,2330
12915,674
12916,2944
12917,12917
12918,12918
12919,12919
12920,12920
12921,12921
12922,12922
12923,12456
12924,12456
12925,9057
12926,12926
12927,12926
12928,2217
12929,12929
12930,12930
12931,11975
12932,12930
12933,12930
12934,299
12935,5267
12936,12936
12937,1444
12938,1444
12939,12692
12940,5622
12941,4035
12942,1444
12944,9876
12948,12948
12949,7488
12950,7488
12951,12951
12952,12952
12953,754
12954,5589
12955,3032
12956,10661
12957,6238
12958,6238
12959,6238
12960,6238
12961,6238
12962,6238
12963,6238
12964,6238
12966,6238
12967,6238
12968,5589
12969,1800
12970,12930
12971,12971
12974,12494
12975,12975
12976,16
12977,5201
12978,12978
12979,12979
12980,4495
12981,7399
12982,12982
12983,16
12984,12984
12985,669
12986,2205
12988,12988
12989,82
12993,12993
12995,1275
12996,12996
12997,12997
12998,12998
12999,12998
13000,12998
13001,734
13018,13018
13019,13019
13020,3064
13021,13021
13022,13022
13023,13021
13024,3064
13026,13026
13028,13028
13029,13028
13030,13030
13031,13031
13032,7611
13033,7611
13034,519
13035,13035
13036,7625
13037,519
13038,7611
13039,7611
13040,519
13041,12930
13042,2919
13043,13043
13044,13043
13046,13046
13047,13046
13048,152
13049,152
13050,13050
13052,519
13053,13053
13055,13055
13056,13056
13057,923
13058,16
13059,12730
13060,1921
13061,13061
13062,13062
13063,1444
13064,12730
13065,1444
13067,13067
13069,13069
13070,6495
13072,2089
13073,328
13074,2089
13075,2089
13076,3789
13077,3789
13081,12500
13082,12500
13083,12500
13084,12500
13085,12500
13086,12500
13087,12500
13089,12500
13090,13090
13091,12500
13092,13092
13093,13093
13094,13094
13095,13095
13097,13097
13098,13098
13099,3064
13100,13100
13101,13095
13102,13100
13103,11041
13104,13095
13105,1136
13107,13107
13108,13108
13109,13109
13111,4168
13114,13114
13115,13115
13116,3987
13117,3448
13121,13121
13129,13121
13131,13131
13132,3064
13133,3064
13134,13134
13135,13135
13137,13121
13139,2069
13141,2735
13142,3064
13143,13121
13144,3064
13145,2993
13146,2735
13147,3064
13148,3064
13149,2735
13150,3064
13151,2735
13152,3064
13153,2735
13154,2735
13155,2735
13156,2735
13157,9283
13158,13158
13159,13159
13160,13160
13161,13161
13162,13162
13163,5160
13164,13164
13165,10551
13166,8607
13167,13167
13168,756
13169,13169
13170,13170
13171,2648
13172,12587
13173,13173
13174,2775
13175,13175
13180,2276
13184,3064
13185,3064
13186,2735
13191,13191
13192,13121
13193,13191
13194,3064
13196,3456
13197,3456
13198,5622
13200,2485
13201,2593
13202,1113
13205,5924
13206,6640
13207,5924
13209,16
13210,756
13211,1916
13212,1916
13213,1916
13214,2919
13215,2919
13216,1916
13217,1916
13218,2919
13219,1916
13220,1832
13221,2962
13222,13222
13223,1459
13224,13224
13225,12
13226,13226
13227,13227
13229,2919
13230,2919
13231,2919
13232,2919
13233,2919
13234,12
13235,1832
13237,13237
13238,2962
13239,12
13240,2919
13241,2164
13242,2919
13243,13237
13244,13244
13245,13245
13246,16
13247,47
13248,16
13249,10416
13250,16
13251,16
13252,9162
13253,9162
13254,47
13255,13255
13282,3385
13283,13245
13284,2919
13285,13285
13286,756
13287,13287
13288,13288
13289,3961
13290,3385
13293,1832
13294,1832
13295,12
13296,2919
13297,13224
13298,2962
13299,2919
13301,6685
13303,13303
13304,13304
13305,13305
13306,13306
13307,13307
13308,13308
13309,13307
13310,13310
13311,13306
13312,13312
13313,13313
13314,13313
13316,13316
13323,12730
13324,13324
13325,4289
13327,47
13328,13328
13329,82
13330,13330
13331,13331
13332,7410
13333,13021
13334,3064
13335,13335
13336,13121
13337,12798
13338,12982
13339,13339
13340,4289
13341,13019
13342,13342
13343,13342
13344,4289
13345,13345
13346,4289
13347,13019
13348,13019
13349,13349
13350,13350
13351,4289
13352,13352
13354,4289
13355,2094
13356,13356
13357,13335
13358,13358
13359,12693
13361,13361
13362,7488
13364,13364
13365,13365
13366,9876
13367,13365
13368,9876
13369,13369
13370,13369
13371,6788
13372,13372
13374,13374
13375,11081
13377,13377
13380,8674
13381,13377
13382,4289
13383,2289
13384,13384
13386,4289
13387,13352
13388,4289
13389,13019
13392,2289
13393,13019
13396,13396
13397,12673
13399,2735
13403,13403
13404,13404
13406,7757
13407,13407
13409,4168
13415,2721
13416,2721
13436,2441
13438,4168
13440,13440
13441,13369
13442,9876
13444,13173
13445,9876
13446,9876
13447,13244
13448,13448
13449,13449
13451,4289
13453,5924
13454,754
13455,796
13457,796
13458,3019
13460,796
13461,796
13462,796
13463,3019
13464,3019
13465,3019
13466,13330
13467,796
13468,3019
13469,796
13470,796
13471,796
13472,796
13474,3019
13475,796
13476,796
13477,13330
13478,13330
13479,13330
13480,3019
13481,9876
13482,219
13483,13483
13484,10154
13485,5936
13486,13486
13487,13487
13491,272
13493,219
13496,9419
13497,219
13499,13499
13501,219
13502,13502
13504,9419
13505,3041
13507,3041
13511,2803
13512,6640
13513,6640
13515,13515
13516,13516
13522,13522
13526,13526
13529,13529
13530,13529
13534,134
13535,2164
13536,13536
13537,1113
13540,13540
13546,13546
13549,5622
13550,2276
13551,2966
13555,5622
13556,5955
13557,13557
13558,13558
13559,13559
13560,13560
13561,13559
13562,13559
13563,13563
13564,2292
13565,13563
13566,2217
13567,2217
13568,2292
13570,2217
13571,2292
13572,158
13573,2292
13574,2292
13575,82
13576,2292
13577,2217
13578,13559
13580,13580
13581,12693
13582,13582
13583,2011
13585,5622
13589,13589
13596,3063
13597,10416
13598,16
13600,13600
13601,9876
13603,3647
13604,3647
13605,13605
13608,13093
13609,13093
13611,16
13612,13361
13613,13613
13614,158
13616,2308
13617,13617
13619,12498
13620,13620
13621,13620
13622,12498
13623,12498
13624,12498
13625,12498
13626,12498
13627,12498
13628,12498
13629,12498
13630,12498
13631,12498
13632,12498
13633,12498
13634,12498
13635,12498
13636,12498
13637,12498
13638,12498
13639,12498
13640,12498
13641,12498
13642,12498
13643,12498
13645,12498
13660,13660
13662,13660
13663,13660
13664,13664
13665,13664
13666,13664
13667,13620
13669,2276
13670,8096
13671,566
13672,1100
13673,5622
13674,12494
13675,12494
13676,12494
13677,12494
13678,13167
13679,13167
13680,12494
13681,13681
13682,210
13684,13684
13685,796
13686,210
13687,13687
13688,210
13689,13687
13690,210
13691,13687
13692,210
13693,210
13694,2735
13696,13191
13697,13697
13699,210
13700,210
13702,13559
13703,13703
13704,13704
13705,12588
13706,12588
13707,13704
13708,13708
13709,13684
13712,3448
13713,13285
13714,13285
13716,13285
13717,82
13718,2721
13719,2721
13720,2485
13721,13721
13726,13726
13727,5815
13732,210
13733,210
13738,4146
13739,4146
13740,4146
13741,4146
13742,2392
13743,4571
13744,1774
13746,5622
13747,219
13750,13750
13751,219
13752,8848
13753,566
13754,5622
13755,272
13756,111
13757,111
13758,13758
13759,9876
13760,13760
13761,7416
13764,12664
13765,7625
13766,7625
13767,13767
13768,7625
13769,13035
13770,6788
13771,6194
13772,13772
13773,2441
13774,13173
13775,13772
13778,6788
13779,6788
13780,12929
13781,8311
13782,2276
13783,7376
13784,13784
13785,4617
13786,4204
13787,13787
13789,13789
13791,13791
13794,13794
13799,13799
13801,13799
13802,9142
13804,13804
13805,94
13806,4427
13807,13807
13808,13808
13809,13809
13810,3787
13811,3787
13812,4620
13814,1994
13815,13815
13817,94
13818,16
13819,16
13820,16
13821,13821
13822,13822
13823,13823
13824,13824
13825,13825
13826,7950
13827,13827
13828,13828
13829,13828
13830,13830
13831,13827
13832,566
13835,182
13836,13836
13837,11913
13838,13836
13839,13839
13843,13131
13845,2735
13852,13852
13855,566
13857,2094
13858,2094
13859,8477
13861,152
13862,152
13863,152
13864,1337
13865,152
13866,2094
13871,2081
13872,2081
13873,2081
13874,2081
13875,13875
13877,13877
13879,2094
13882,82
13883,82
13884,82
13885,13522
13886,566
13887,13887
13888,82
13889,2989
13890,1926
13891,13891
13892,2919
13893,5924
13894,13767
13895,13767
13897,5458
13898,2081
13899,5622
13901,607
13902,127
13903,1913
13904,13904
13905,13905
13906,4620
13907,4617
13908,4620
13909,4620
13910,13910
13911,13911
13912,10527
13913,13913
13914,4620
13915,12730
13916,7989
13917,7989
13918,13913
13919,7989
13921,4620
13922,12979
13923,6645
13924,4622
13925,4620
13926,4622
13928,4619
13929,4620
13930,6645
13931,4622
13932,13932
13934,4615
13936,13936
13937,13936
13938,7493
13939,4622
13940,4622
13941,4620
13942,13942
13943,4622
13944,7493
13945,6645
13946,4620
13947,13947
13948,4619
13949,7493
13950,4622
13951,4620
13952,13952
13953,7493
13954,4620
13955,4619
13957,4620
13958,13932
13959,4622
13960,13960
13961,13961
13962,4622
13964,13964
13966,12588
13968,9018
13969,6173
13970,4620
13971,4620
13972,4620
13973,13973
13974,13974
13975,4620
13976,10527
13977,13964
13978,13910
13979,13964
13981,3401
13982,3401
13983,3401
13984,4620
13985,10661
13986,3401
13987,13987
13988,10661
13989,10527
13990,13964
13991,10661
13992,10661
13993,10661
13994,10661
13995,10661
13996,10661
13997,10661
13998,10661
13999,13999
14000,3401
14001,3401
14002,4620
14003,13964
14004,7757
14005,4620
14006,4620
14008,566
14009,566
14010,14010
14012,5622
14013,14013
14016,2276
14017,4251
14025,1444
14026,1444
14029,14029
14030,14030
14035,14035
14036,12664
14037,14037
14038,14038
14040,82
14041,158
14042,158
14049,2989
14050,2989
14051,2094
14052,2094
14053,2094
14054,2094
14055,2094
14057,14057
14058,2094
14059,2094
14060,2094
14061,2094
14062,2094
14063,1337
14065,14057
14067,1337
14069,2081
14070,2094
14071,2081
14072,2094
14073,2081
14074,2081
14075,2081
14076,14076
14077,1337
14079,2761
14080,1337
14081,1337
14082,14082
14083,14083
14084,14084
14085,14085
14086,14084
14087,1190
14088,14088
14089,754
14090,8654
14091,14091
14092,3337
14093,7937
14094,14094
14095,3337
14096,14096
14097,14097
14098,14098
14099,3337
14100,3337
14101,14098
14102,1303
14103,1665
14104,14104
14105,1665
14106,1665
14107,12993
14110,14110
14111,14111
14112,566
14113,14113
14114,14114
14115,14115
14116,14116
14117,9
14118,62
14119,14119
14120,9
14121,4530
14122,9
14124,2735
14126,12798
14129,754
14130,14130
14131,2735
14132,2735
14133,7162
14134,14134
14135,14134
14136,14134
14137,7107
14138,669
14139,14139
14140,14140
14141,14141
14143,6640
14144,6640
14145,5924
14146,14146
14147,14147
14148,94
14149,94
14150,94
14151,5924
14152,3401
14153,11129
14154,4738
14155,4738
14156,4738
14157,14157
14158,14158
14159,14159
14160,4738
14161,14161
14162,14161
14163,14163
14164,566
14165,566
14166,299
14167,566
14171,182
14173,1628
14174,14174
14177,14177
14178,14177
14179,12930
14180,14180
14183,14183
14185,14185
14186,14186
14187,14187
14188,14188
14189,13093
14190,14190
14191,14191
14192,3448
14193,7757
14194,14191
14195,13522
14196,4434
14197,14197
14200,4435
14201,4435
14202,2357
14203,2912
14204,14204
14205,2912
14208,2306
14210,2912
14211,2912
14215,14215
14216,14216
14217,12460
14219,14219
14220,14220
14221,14221
14222,12494
14223,94
14224,4571
14225,14225
14226,14226
14227,9876
14229,2276
14230,94
14231,14231
14233,14233
14234,2912
14235,14235
14238,14238
14239,14238
14240,14240
14241,14241
14242,14241
14244,16
14245,12982
14246,14246
14247,3448
14248,16
14249,14246
14250,14250
14251,14251
14252,14251
14253,14251
14254,14254
14255,14254
14256,3448
14258,13328
14259,4620
14260,6189
14261,6189
14262,4620
14263,4620
14264,4620
14265,14265
14266,4620
14267,10527
14268,4620
14269,14269
14270,14269
14271,4620
14272,12527
14273,4620
14274,4620
14277,14277
14280,2276
14281,9905
14282,82
14283,4038
14285,14285
14286,82
14287,7625
14288,2806
14289,6640
14290,7611
14291,2806
14292,2806
14293,14293
14294,524
14295,1610
14296,219
14297,217
14298,6438
14299,14299
14300,272
14301,14301
14307,2983
14309,14309
14312,2205
14313,14313
14314,14314
14315,14315
14316,12586
14317,12586
14318,219
14319,14299
14321,14321
14322,2983
14323,14323
14324,14323
14325,14325
14327,14327
14328,14328
14331,14328
14332,607
14333,796
14335,14335
14336,14336
14337,14337
14338,14337
14339,14337
14340,14337
14341,14337
14342,14337
14343,14343
14344,14344
14345,1046
14346,14346
14348,14348
14349,810
14350,810
14351,2265
14352,1241
14353,352
14354,352
14355,352
14356,352
14357,352
14358,352
14359,352
14360,352
14361,352
14362,352
14363,352
14364,352
14365,352
14366,352
14367,111
14368,352
14369,352
14370,352
14376,2983
14378,14299
14379,14299
14380,12586
14382,14382
14383,160
14384,111
14385,14385
14386,14386
14387,14386
14388,14386
14389,14389
14391,810
14396,12467
14397,474
14398,1046
14401,14401
14402,14402
14403,14403
14405,14405
14406,14336
14407,14337
14408,14336
14409,14299
14410,14299
14412,2265
14413,810
14414,761
14415,12503
14416,14416
14417,111
14418,14418
14422,14422
14423,14423
14424,14424
14425,82
14426,14299
14427,14299
14428,14428
14429,1619
14430,1664
14431,3207
14432,14432
14433,3456
14434,5267
14435,3456
14436,3284
14437,14437
14442,1753
14443,2430
14447,3000
14448,14448
14449,14449
14450,14450
14451,14437
14452,14452
14453,3207
14455,1295
14456,14452
14457,5267
14459,14459
14460,14459
14461,12294
14462,12294
14463,14463
14464,14463
14465,14459
14466,14466
14467,14467
14468,3000
14469,2430
14470,3382
14471,1517
14472,5500
14473,3000
14475,669
14476,7253
14481,219
14483,241
14489,6238
14490,219
14493,14437
14494,2023
14495,14495
14496,14495
14497,14495
14498,761
14499,761
14500,14500
14501,14500
14504,14504
14505,14505
14506,14505
14507,14505
14508,14505
14523,2605
14524,2430
14525,1517
14526,14526
14527,1100
14528,14528
14529,2605
14530,3205
14531,3056
14532,3205
14533,14533
14534,14534
14535,14533
14536,14533
14541,14541
14543,1100
14544,152
14545,152
14547,14547
14548,14548
14549,4237
14550,14424
14551,14424
14553,1522
14555,14555
14556,14556
14557,14557
14558,14557
14559,14557
14560,14557
14561,14557
14562,14557
14563,14557
14564,14557
14566,14566
14567,2484
14568,14568
14569,352
14570,352
14571,352
14572,352
14573,352
14574,352
14575,14575
14576,163
14577,163
14578,163
14579,222
14584,1100
14585,14585
14586,14586
14587,14587
14588,14588
14589,14589
14591,14591
14592,14591
14593,14593
14594,14594
14595,14594
14596,12594
14598,111
14599,111
14600,14600
14601,6545
14604,4344
14605,14605
14606,14605
14608,14608
14609,14609
14610,1046
14611,5235
14612,8523
14613,8523
14623,241
14624,2952
14625,1767
14626,778
14627,241
14630,14630
14631,14631
14632,14608
14634,1109
14635,14635
14636,14636
14637,14637
14638,659
14641,14641
14642,14594
14643,14594
14644,14644
14645,14645
14646,14646
14647,677
14649,677
14652,677
14653,677
14654,677
14655,677
14656,677
14657,677
14658,677
14659,677
14660,677
14661,677
14662,14662
14663,14663
14670,14670
14671,14671
14673,10449
14674,14674
14676,14676
14677,12306
14678,12306
14679,12306
14680,12306
14681,12306
14682,12306
14683,12306
14684,14684
14685,14684
14686,14686
14691,14691
14692,14691
14693,14671
14694,14671
14695,14671
14696,14696
14698,14698
14700,5235
14702,14702
14703,274
14704,302
14705,274
14706,274
14707,2165
14708,274
14709,274
14710,2165
14711,274
14712,274
14713,302
14714,302
14715,274
14716,2165
14717,274
14718,2165
14721,8523
14722,6256
14723,14723
14724,3417
14725,14725
14726,14547
14727,14547
14729,14729
14730,14729
14731,14731
14741,14741
14744,14741
14745,14741
14750,14750
14751,14750
14752,14750
14753,14750
14754,14750
14755,14750
14756,14750
14757,746
14763,14636
14764,1522
14765,1522
14766,14766
14767,1522
14768,1522
14769,14766
14770,1522
14771,14766
14775,7745
14777,9261
14778,9261
14782,14782
14783,14782
14784,14782
14785,14782
14786,14782
14787,14787
14788,14787
14789,14787
14790,14782
14793,14608
14794,14794
14795,14795
14796,14796
14798,14798
14799,14799
14811,3284
14812,14812
14816,14637
14817,14817
14819,14819
14820,82
14822,14822
14823,14823
14824,14824
14827,14827
14828,14608
14829,7597
14830,14505
14833,3169
14834,9662
14835,9662
14836,6069
14838,5235
14841,490
14842,14842
14843,14608
14865,352
14866,14866
14869,14608
14870,7597
14872,14872
14873,14873
14874,14873
14875,14873
14876,14873
14877,14877
14878,2224
14879,2224
14880,111
14882,14882
14883,14882
14884,14884
14885,14884
14886,14886
14887,14887
14888,14884
14889,14884
14890,14884
14891,14884
14892,14884
14893,14884
14894,14884
14895,14895
14896,14896
14897,14896
14898,14896
14899,14896
14901,14896
14902,14896
14904,14904
14906,14904
14907,14904
14908,14904
14910,130
14911,14911
14912,14911
14913,14913
14914,14911
14915,14911
14916,14911
14917,14911
14918,14911
14919,14911
14920,14911
14921,14921
14922,14921
14925,14911
14927,14911
14928,14928
14929,14928
14930,14928
14931,14928
14932,14928
14933,14928
14934,14928
14935,14928
14936,14928
14937,14928
14938,14928
14939,14928
14940,14928
14941,14928
14942,14928
14943,14928
14944,14928
14945,14928
14946,14928
14947,14928
14948,14928
14949,14928
14950,14928
14951,14928
14952,14928
14953,14928
14955,14928
14956,14928
14957,14928
14958,14928
14959,14928
14960,14928
14961,14928
14962,14928
14963,14928
14964,14964
14965,8208
14967,1792
14968,1792
14969,1792
14970,1792
14971,1792
14972,1792
14973,1792
14974,1792
14975,1792
14977,14977
14978,14978
14987,12213
14989,14989
14990,14990
14995,340
14996,340
14997,340
15002,3641
15003,15003
15004,1895
15005,15005
15006,15006
15007,340
15008,15008
15009,10545
15010,15010
15011,740
15012,2205
15013,2205
15014,2205
15015,15015
15016,15016
15017,15016
15018,15018
15019,15019
15020,15020
15021,15021
15022,15022
15023,15023
15024,15023
15025,3458
15026,2780
15027,2780
15028,15028
15029,15029
15030,15030
15031,15031
15032,15032
15033,3453
15034,1217
15035,1592
15036,15036
15037,15037
15038,10439
15039,15039
15040,15040
15041,15041
15042,1132
15043,4055
15044,815
15045,9908
15046,323
15047,15047
15050,15050
15051,256
15053,15053
15055,3192
15056,1795
15058,1842
15059,15059
15060,2993
15061,4000
15062,4000
15065,3192
15067,10937
15068,15068
15069,15069
15070,15070
15071,15071
15072,152
15073,15073
15074,15074
15075,2952
15076,15076
15077,2328
15078,787
15079,1166
15081,2190
15082,924
15083,15083
15084,6085
15085,2233
15086,5936
15087,3192
15088,774
15089,4953
15090,12117
15091,2224
15092,1381
15093,763
15094,789
15095,763
15096,4945
15097,219
15101,15101
15102,15102
15105,15105
15109,15109
15111,448
15112,1534
15113,15113
15116,15116
15120,2735
15124,3062
15125,447
15128,1770
15129,1938
15130,4819
15131,1998
15132,15132
15133,10677
15134,15134
15135,4724
15136,225
15137,15137
15138,15138
15139,15139
15140,15140
15141,15141
15142,15142
15143,59
15144,15144
15145,2071
15147,5188
15148,152
15149,15149
15150,15150
15152,82
15153,475
15154,962
15155,813
15156,8976
15158,604
15159,15159
15160,15160
15161,15161
15163,1062
15164,10081
15165,1665
15166,5589
15167,15028
15168,8154
15169,104
15170,15170
15171,15171
15173,754
15174,15174
15175,15175
15176,1458
15177,756
15179,2662
15180,15180
15181,813
15182,15182
15183,15183
15186,3619
15187,15187
15188,15188
15191,2662
15192,4819
15193,15193
15194,3253
15195,15195
15196,3032
15197,3
15198,15198
15199,15199
15200,152
15201,2888
15202,15202
15203,2265
15204,15204
15205,8080
15206,9652
15207,1046
15209,2883
15210,15210
15211,15211
15212,15212
15213,15212
15214,15214
15215,4255
15216,754
15218,937
15221,15221
15222,15222
15223,15223
15224,139
15225,6100
15227,1190
15228,1190
15231,1595
15232,15232
15233,15233
15234,2246
15236,15236
15237,284
15238,2700
15239,15239
15240,15240
15241,5016
15242,15242
15243,2741
15244,380
15246,2027
15247,15247
15248,15248
15249,830
15250,10937
15251,3924
15252,94
15253,15253
15254,2998
15255,3981
15256,2266
15257,2266
15259,229
15261,229
15263,3029
15266,5936
15267,2511
15268,1933
15269,10714
15270,10714
15271,5936
15272,7538
15273,4787
15274,1187
15277,15277
15278,274
15279,15279
15280,15280
15281,15281
15282,219
15283,15221
15284,272
15287,245
15289,15289
15291,82
15292,823
15293,5523
15294,5523
15295,5523
15296,5523
15297,868
15298,1664
15299,6552
15300,6552
15301,7625
15302,15302
15303,152
15304,1670
15305,15305
15306,222
15308,5877
15309,15309
15310,15310
15311,15311
15312,8481
15313,4285
15314,15314
15315,15047
15316,5458
15317,1878
15318,904
15319,813
15320,1897
15324,15324
15325,15325
15326,915
15327,15327
15328,5736
15329,15329
15330,94
15331,15331
15332,15332
15333,2888
15334,15334
15335,2265
15336,15336
15337,880
15339,3415
15340,15340
15343,15343
15344,15344
15345,15345
15346,15346
15347,15347
15348,5589
15349,15347
15350,152
15351,152
15352,1046
15354,2623
15355,106
15357,142
15358,3257
15361,7439
15362,3205
15363,15363
15364,7886
15365,272
15366,15366
15367,15367
15368,15368
15369,2224
15370,288
15371,7625
15372,15372
15373,15373
15374,2210
15375,15375
15376,6
15378,13237
15379,3325
15380,3325
15381,607
15382,3857
15383,8955
15384,15384
15385,5049
15387,15175
15388,2239
15389,2239
15390,3325
15391,3325
15392,3325
15393,3325
15394,3325
15395,3325
15396,3325
15397,3325
15398,3325
15400,67
15401,15401
15403,11423
15404,11423
15405,11423
15406,11423
15407,1886
15408,1886
15409,15409
15410,1783
15412,15412
15413,1136
15414,15414
15415,5762
15416,880
15417,809
15418,3306
15420,15137
15421,11423
15422,921
15423,15423
15424,15424
15425,3169
15426,3506
15427,2596
15428,5033
15429,4620
15430,15430
15431,15431
15433,15433
15434,15434
15435,15435
15436,1209
15437,11254
15438,805
15439,15439
15440,15439
15441,15439
15442,15442
15443,15443
15444,867
15445,594
15446,15446
15448,15448
15449,15449
15450,15449
15451,15448
15452,69
15453,6256
15454,3377
15455,15455
15456,5344
15457,15457
15458,15458
15459,15459
15460,15459
15461,15461
15462,482
15463,3172
15464,3172
15465,3172
15466,15466
15467,122
15469,11369
15470,15470
15476,3984
15477,6314
15478,6314
15479,15479
15480,7626
15481,1035
15483,15483
15484,5415
15485,5415
15488,15488
15489,1916
15490,2700
15491,2511
15492,2700
15493,15493
15494,15494
15495,15495
15496,6595
15497,182
15498,15498
15499,15499
15500,975
15501,6817
15502,6817
15504,789
15505,1965
15506,6044
15507,15507
15508,3560
15509,15509
15510,2275
15511,10817
15512,3325
15513,7626
15515,12921
15517,173
15518,173
15519,173
15520,173
15521,173
15522,173
15523,173
15524,173
15525,173
15526,173
15527,173
15528,173
15529,173
15530,173
15531,173
15532,173
15533,173
15534,173
15536,3172
15537,15537
15538,15538
15539,2238
15541,5872
15543,415
15545,1517
15546,15546
15547,7567
15548,15548
15549,7162
15550,7162
15551,2161
15552,7162
15553,2161
15554,7162
15555,7162
15556,7162
15557,7162
15558,7162
15559,7162
15560,7162
15561,7162
15562,7162
15563,7162
15564,7162
15565,7162
15566,10761
15567,3953
15568,166
15569,15569
15570,2390
15571,2331
15572,2165
15573,2390
15574,2390
15575,4230
15576,2390
15577,2331
15578,2390
15579,2390
15580,2390
15581,2390
15582,2390
15583,2390
15584,15584
15585,4237
15586,4237
15587,4237
15588,15584
15589,4237
15590,4237
15591,4237
15592,4237
15593,5104
15594,4237
15595,4237
15596,4237
15597,4237
15598,4237
15599,4237
15600,4237
15601,5104
15602,4237
15603,4237
15604,4237
15605,4237
15606,5104
15607,10279
15608,2165
15609,15609
15610,15610
15611,15610
15612,15612
15613,15613
15614,15614
15615,5104
15616,15616
15617,2990
15618,3127
15619,15619
15620,15620
15621,15621
15622,15621
15624,15624
15625,15625
15626,15626
15628,5183
15629,15629
15630,15630
15631,4810
15632,3335
15633,12500
15637,15637
15638,15638
15639,15639
15642,12256
15643,12256
15644,12256
15645,14541
15647,15647
15648,15648
15649,15649
15650,15650
15652,4755
15653,15647
15654,1475
15655,1475
15656,8272
15658,15658
15661,15661
15662,15662
15667,3934
15668,3934
15672,3207
15674,725
15675,4285
15676,15676
15683,15683
15684,5356
15685,15685
15686,15686
15687,15686
15688,182
15691,2144
15692,2067
15693,1826
15694,1826
15695,1826
15696,1826
15697,15697
15698,1826
15699,4709
15700,756
15701,15701
15702,15702
15703,15701
15704,15704
15705,3335
15706,756
15707,2952
15708,1100
15709,5104
15710,15710
15711,10279
15712,4255
15713,4255
15714,15714
15715,15715
15716,15716
15717,15717
15718,15718
15719,2032
15720,8148
15721,2555
15722,2555
15724,15724
15725,799
15727,15144
15728,14197
15730,4755
15736,279
15737,4068
15741,15741
15744,15744
15745,8367
15746,9108
15748,15748
15749,15748
15750,15748
15755,1619
15757,4068
15758,15758
15761,15761
15764,4620
15765,4622
15766,15766
15767,15767
15768,15767
15769,15767
15770,15770
15771,15770
15772,8841
15773,15767
15774,15767
15775,15767
15776,15767
15777,658
15778,2390
15779,2390
15780,15780
15781,658
15782,658
15783,658
15784,658
15785,658
15786,658
15787,658
15788,15788
15789,2075
15790,15790
15791,895
15792,1187
15795,15795
15812,15812
15820,122
15821,122
15827,148
15828,15828
15829,9213
15830,9213
15831,9213
15832,9213
15833,9213
15834,9213
15835,9213
15836,9213
15837,9213
15838,9213
15839,2605
15840,3056
15841,3056
15845,3056
15846,3056
15847,15546
15848,15546
15849,15849
15850,15850
15851,15851
15852,15851
15853,3056
15854,3056
15855,3056
15856,134
15858,215
15859,15859
15860,33
15862,3019
15863,15863
15864,3241
15866,3241
15867,3241
15868,3241
15869,1887
15870,746
15871,746
15872,3019
15874,2082
15875,2082
15876,2082
15877,2082
15884,8394
15885,8394
15886,15886
15887,9615
15888,9615
15889,10648
15890,395
15891,395
15892,1792
15894,15894
15895,3947
15896,3947
15897,3019
15898,15898
15899,15899
15900,15900
15901,272
15902,15902
15903,9615
15904,6736
15905,830
15906,830
15907,830
15908,449
15909,15909
15910,830
15911,15911
15912,9623
15914,8394
15915,15886
15917,15917
15918,15918
15919,15919
15920,15919
15921,15919
15922,15922
15923,2834
15924,2952
15925,2952
15926,2952
15927,2952
15928,2952
15929,12432
15930,1995
15931,1995
15932,1042
15933,778
15934,7950
15935,7950
15936,2834
15937,15919
15938,4587
15940,10114
15941,2110
15942,2110
15943,15943
15944,2110
15946,15946
15947,10249
15951,13546
15952,13546
15953,13546
15961,15961
15963,15963
15968,12306
15969,756
15970,6848
15971,1166
15972,1166
15973,202
15974,1166
15977,1326
15978,1326
15979,15979
15980,15980
15982,389
15986,1187
15988,2489
16003,923
16013,16013
16015,3064
16016,2993
16017,2993
16018,2993
16023,6069
16024,10495
16026,11818
16027,11818
16028,8943
16029,11818
16031,6918
16033,14635
16034,16034
16035,1522
16036,1522
16037,16034
16038,1522
16039,1522
16040,16034
16041,16034
16042,16034
16043,16043
16045,2306
16047,9261
16048,787
16049,16049
16050,16050
16059,16059
16070,16059
16073,2485
16074,4026
16075,16075
16076,16076
16077,16077
16078,659
16079,5016
16082,16082
16083,12515
16084,152
16085,16085
16089,11712
16090,1073
16093,3947
16094,12056
16095,546
16097,3961
16098,1277
16099,1826
16100,1522
16109,16109
16111,6130
16112,6130
16113,4435
16114,11712
16115,6130
16116,4435
16117,4435
16118,4435
16119,16119
16120,6130
16121,6130
16122,6130
16123,6130
16124,6130
16125,16119
16126,5924
16127,16127
16128,16128
16129,1131
16130,4026
16131,7590
16132,1826
16135,4435
16136,4435
16137,3310
16138,182
16139,16139
16141,16141
16143,7493
16144,16144
16145,344
16146,16146
16147,12979
16148,1131
16149,16149
16150,11966
16151,12056
16152,12056
16153,16153
16154,12056
16155,659
16157,11966
16158,1277
16159,3370
16160,1796
16161,3062
16163,16163
16164,16164
16165,16165
16166,16166
16167,11966
16168,16165
16169,16169
16171,11966
16172,62
16174,1277
16175,16175
16176,1796
16177,1796
16178,16178
16179,11923
16180,16180
16182,16182
16183,16182
16184,16182
16185,2735
16187,2735
16188,13121
16190,2735
16191,3064
16193,2735
16194,2735
16196,16196
16197,2735
16198,3064
16204,12798
16205,3064
16208,2735
16209,1444
16211,735
16212,13191
16213,13191
16215,13191
16216,13191
16217,16217
16218,51
16219,2069
16221,2276
16222,13191
16223,3064
16224,16224
16226,217
16227,1672
16228,1796
16229,3062
16230,62
16232,1463
16233,160
16234,11966
16236,16236
16237,16237
16238,16238
16239,16239
16244,843
16245,12498
16246,12498
16247,917
16248,2952
16249,12498
16250,12498
16251,16251
16252,12498
16253,12498
16256,16256
16258,16256
16260,415
16261,11966
16262,217
16264,16264
16265,378
16266,16264
16267,16267
16268,2912
16270,16270
16272,9283
16273,16273
16274,16273
16275,16273
16276,16276
16277,356
16278,356
16280,13403
16281,9283
16282,16282
16283,1994
16286,14977
16287,378
16288,3063
16290,82
16291,16264
16292,11966
16296,82
16298,170
16299,4506
16301,4504
16302,16302
16303,1922
16304,7982
16305,122
16306,3063
16308,16308
16310,16310
16313,16310
16315,9283
16316,9283
16317,2485
16318,16318
16319,12467
16320,6495
16321,8096
16323,8096
16324,8096
16325,8096
16327,6495
16328,16328
16329,3056
16332,2018
16333,16333
16334,16334
16335,14798
16338,16338
16339,2331
16340,2331
16342,16342
16343,2331
16344,16344
16345,2331
16346,16346
16347,2331
16348,16348
16352,16352
16362,141
16373,16373
16374,16373
16375,16373
16377,16377
16378,16377
16379,16377
16380,16377
16381,16377
16382,16377
16385,344
16386,2144
16387,16387
16388,16387
16393,16393
16395,9753
16397,1037
16399,1037
16400,142
16402,734
16403,383
16404,2962
16405,1571
16406,1571
16407,1571
16408,2217
16409,82
16410,16410
16411,1037
16412,476
16413,16413
16414,16414
16415,2634
16416,16416
16417,256
16418,16418
16419,1190
16420,754
16421,2622
16422,2062
16423,3242
16424,2146
16425,8427
16427,2157
16428,5726
16430,125
16431,16431
16432,3325
16434,8080
16435,12998
16437,3953
16438,4788
16439,4622
16440,323
16441,3536
16442,5016
16443,16443
16444,82
16445,16445
16446,5659
16447,5659
16448,2405
16449,16449
16451,5924
16452,4171
16453,6382
16454,1571
16455,5924
16456,379
16457,2895
16459,16459
16460,7453
16461,796
16462,16462
16463,4617
16464,1571
16465,1571
16466,9063
16468,94
16469,2990
16470,2993
16471,5924
16473,8523
16474,694
16475,15212
16476,7989
16477,16477
16478,754
16480,796
16481,5965
16482,152
16483,13526
16486,14928
16488,1672
16489,2027
16490,2931
16491,10937
16492,4724
16493,3019
16494,2735
16495,2735
16496,2237
16498,16498
