ligand_id,y,prediction,abs_residual
8,2.739617546,3.1802840921200626,0.44066654612006273
29,4.004166548,3.7304989621917923,0.2736675858082074
31,4.274878993,4.218933380755225,0.055945612244774345
37,4.276976654,3.9907709072948845,0.2862057467051158
51,3.751974994,3.148936333887925,0.603038660112075
52,3.641734078,3.665178890267933,0.02344481226793338
68,3.107799938,3.2961042353896923,0.18830429738969245
79,4.179954039,3.942125453890411,0.23782858510958915
85,3.763058637,3.8283034796664346,0.06524484266643471
94,4.626843591,4.286973103875958,0.3398704871240419
96,4.012215927,3.9997781064194795,0.012437820580520231
98,2.089339808,3.3812106435602884,1.2918708355602884
103,3.355582864,3.697668818721834,0.342085954721834
129,3.665135584,3.630725344238918,0.03441023976108237
138,2.951590055,3.6209656999264324,0.6693756449264323
140,2.802112091,3.297655017087372,0.49554292608737205
171,1.360457754,2.138151392001902,0.7776936380019022
201,6.453073598,5.154068213278435,1.299005384721565
202,1.797919532,2.281527661440758,0.4836081294407577
216,2.542315477,3.330030848695904,0.7877153716959042
219,3.907297875,3.7545938668790386,0.1527040081209612
222,4.232044192,4.132586144616072,0.09945804738392816
228,4.209269202,3.855170514058231,0.3540986879417689
236,3.104760167,3.2203344571914996,0.11557429019149978
241,4.502626274,4.605803987171202,0.10317771317120261
253,4.054398261,4.752057181181511,0.6976589201815111
254,4.462175445,4.879996836989406,0.41782139198940627
275,4.122448376,3.8701431650315814,0.25230521096841896
332,2.980059691,3.318148641300215,0.3380889503002149
334,3.988207676,3.8989774641765442,0.08923021182345581
339,2.575718838,3.393787720079195,0.8180688820791953
368,3.494701757,3.8598235763354802,0.36512181933548016
374,4.128570035,2.4365062331180045,1.6920638018819956
405,3.100333614,3.8838761153851764,0.7835425013851762
420,2.697966291,3.410829203484793,0.7128629124847929
421,4.220304261,3.8600478864350545,0.3602563745649454
427,4.089574851,4.013720870512304,0.07585398048769587
438,3.167546421,3.3812723945006096,0.21372597350060962
442,2.928003297,3.2563523005786728,0.3283490035786727
467,3.942508754,3.483829268248582,0.4586794857514178
469,1.863312777,2.5039308626267767,0.6406180856267767
476,3.119898275,3.999986567812559,0.8800882928125588
478,2.073815094,1.6901776996622204,0.38363739433777955
479,3.685979528,3.4607773733938214,0.22520215460617843
486,3.557906597,3.279785407356875,0.27812118964312527
498,2.496785583,2.749388834941006,0.25260325194100597
501,2.560508776,3.0599856000844,0.4994768240844003
507,1.778579543,2.90828456628772,1.12970502328772
512,4.013560283,3.826841645036726,0.18671863796327415
524,4.291159202,3.826585780847623,0.4645734211523771
525,4.817161221,4.328346403355289,0.4888148176447107
540,3.500429315,3.5595373223953803,0.05910800739538047
580,3.611352087,3.73161984901297,0.12026776201296974
592,4.13538838,3.7868039830182054,0.3485843969817948
617,4.074401217,3.8485908613310413,0.2258103556689588
621,3.225392571,3.6879267395474247,0.4625341685474247
626,1.874298552,3.2702494768125656,1.3959509248125657
634,3.651119245,3.271722808058481,0.3793964369415188
642,2.494267513,3.062756098339244,0.5684885853392441
649,3.634507081,3.2989307742386034,0.3355763067613968
677,3.634743708,3.721715300247972,0.08697159224797213
681,2.315370812,2.9021815066851113,0.5868106946851115
683,2.696373865,2.558662548667353,0.1377113163326471
699,3.993166311,3.514155737886354,0.47901057311364603
709,4.084865966,3.9998446832717156,0.08502128272828413
721,1.94254135,3.2018873407860626,1.2593459907860627
728,3.981491863,3.9468865809223597,0.034605282077640354
731,3.176730649,3.2866646040719854,0.10993395507198533
762,2.152358809,3.0475264333088337,0.8951676243088338
766,3.043192319,4.04982704071054,1.0066347217105402
767,3.783840193,4.059218351094642,0.2753781580946417
768,3.872562063,4.081107084874158,0.20854502187415758
769,3.706981995,4.41106284533512,0.7040808503351204
772,3.820628855,4.3641547691997475,0.5435259141997477
811,3.726867545,3.45455210312366,0.27231544187634027
816,2.336537702,2.5819317941492406,0.24539409214924035
831,4.000506382,3.3937457254114447,0.6067606565885555
834,5.348949078,4.070600738599303,1.2783483394006971
842,3.772088521,2.945648324134248,0.826440196865752
856,3.249465577,3.8718377946335982,0.6223722176335982
863,2.159892482,2.4181609756293647,0.25826849362936466
879,2.82168749,3.6550810742281734,0.8333935842281734
881,3.345130754,3.9612532626018053,0.6161225086018054
883,2.932961114,3.11291827104542,0.17995715704542015
896,4.010884842,3.431028037712933,0.5798568042870671
899,3.526238735,3.328850303213865,0.19738843178613497
912,3.850551061,3.348914603764165,0.5016364572358349
921,2.900290238,3.5978880197728507,0.6975977817728505
931,3.578407478,3.631228143919996,0.052820665919996124
932,2.490598445,2.3456016928127097,0.14499675218729013
944,2.957500868,3.1973411473831654,0.23984027938316554
945,2.710233754,3.0807609875267,0.37052723352670025
952,3.086663706,3.802112399099264,0.7154486930992641
954,3.216432763,3.7094184646529516,0.49298570165295175
968,3.037430925,2.877801794077689,0.15962913092231057
982,3.600318091,3.910008559261326,0.30969046826132596
991,3.314560273,3.3055897422326153,0.008970530767384854
994,3.658939331,3.5115922321057647,0.14734709889423536
1001,2.960227585,3.168048009837801,0.20782042483780083
1002,3.7155333,3.2418877353926567,0.4736455646073434
1006,1.622610059,2.4008207351543813,0.7782106761543812
1011,3.823443661,3.3099243781440957,0.5135192828559045
1026,3.710247356,3.5181967579840148,0.19205059801598523
1043,3.419651919,3.2995126281110077,0.12013929088899244
1056,6.16165095,4.060190966872151,2.1014599831278495
1059,3.102060484,2.792540685805244,0.30951979819475595
1062,4.010519028,3.4811088589607,0.5294101690392998
1076,2.210431593,2.1769541532559553,0.03347743974404471
1080,3.087106492,3.3167638770075327,0.22965738500753252
1084,2.019450842,2.7413403141774735,0.7218894721774736
1095,2.981199727,3.7446167017521557,0.7634169747521558
1111,2.927008015,3.171350984664471,0.244342969664471
1116,2.879164002,3.538471907423213,0.6593079054232129
1131,2.031754104,2.5321605950702155,0.5004064910702155
1142,7.095543245,4.627916680653115,2.467626564346885
1151,2.046383148,2.990947483277761,0.9445643352777613
1169,3.948508739,3.8851520554211696,0.06335668357883062
1174,3.779696233,4.0244487623927485,0.24475252939274839
1185,3.761560344,3.8862481673513507,0.12468782335135087
1186,3.096250337,3.406321325931582,0.310070988931582
1211,3.289764087,2.716430881925523,0.5733332050744768
1220,7.313490593,4.6127824388514,2.7007081541486
1234,4.488891814,2.6195022738241365,1.8693895401758631
1254,3.716504164,3.6854174923425576,0.031086671657442277
1263,3.899929883,3.315242517992403,0.5846873650075968
1268,2.948446129,2.9842600881554913,0.035813959155491126
1275,4.146931616,3.983000450872293,0.1639311651277069
1279,4.196083597,3.143847142064285,1.0522364549357155
1282,3.35066289,3.310462398594582,0.04020049140541815
1284,3.423532001,3.4928481308848296,0.06931612988482971
1293,3.070431941,3.279472562695561,0.20904062169556115
1301,1.747596286,3.678871811778994,1.9312755257789938
1306,4.105784078,3.8021539686502375,0.30363010934976264
1308,3.020681084,3.0909225307327293,0.07024144673272925
1312,4.719384108,3.7926063324005965,0.9267777755994033
1315,5.27586337,4.046695485581749,1.229167884418251
1316,4.466204711,3.8781612148956945,0.5880434961043051
1317,4.606361082,4.213381280245151,0.3929798017548496
1318,4.108194489,3.3208232073351125,0.7873712816648872
1323,3.270021538,3.0318425759944105,0.2381789620055894
1326,1.952647852,3.6267731881233356,1.6741253361233357
1327,2.834206757,2.881006361515952,0.046799604515952
1330,3.167290229,3.3552589141602485,0.18796868516024867
1332,2.874356773,3.320264562409915,0.4459077894099148
1333,3.233603323,3.2808014768901055,0.0471981538901054
1339,4.123513983,3.8046799845683235,0.31883399843167615
1359,3.577854279,3.696774220115334,0.1189199411153341
1364,3.093180343,3.053237066290095,0.03994327670990527
1378,2.770426505,2.4067949711847856,0.3636315338152145
1381,3.669896499,3.4521020173241928,0.21779448167580728
1387,3.72242354,3.5332355644115943,0.1891879755884056
1393,3.733664505,3.029787831207402,0.7038766737925983
1401,3.507537838,3.3813893537719983,0.12614848422800184
1413,2.831114708,3.4976292354719476,0.6665145274719477
1436,3.407690403,4.0438250207556745,0.6361346177556744
1444,3.453842323,3.5740574894320596,0.12021516643205965
1459,3.912270958,3.365538531897497,0.546732426102503
1466,3.530917438,3.2901299896067187,0.24078744839328126
1470,4.748224843,3.645107591873689,1.103117251126311
1471,4.638247576,3.5768774752746806,1.0613701007253198
1490,3.376854233,2.1026580770377343,1.2741961559622657
1497,4.136836456,4.653198248902792,0.5163617929027922
1504,4.155328749,4.182764729401459,0.027435980401459226
1520,4.101452722,3.7025219120088435,0.3989308099911568
1527,3.440979247,3.3243004216286676,0.11667882537133245
1530,3.851336067,3.7337967869710282,0.11753928002897185
1532,3.087513252,3.3087829684374093,0.22126971643740934
1546,2.952103309,3.1255742370968824,0.17347092809688247
1554,3.648802606,3.6682305786949865,0.01942797269498664
1567,3.061491599,2.6248704903215536,0.4366211086784464
1571,3.25338405,2.972897749667598,0.2804863003324023
1577,3.566851796,2.6233097151044533,0.9435420808955466
1592,5.734198055,3.8846726030549843,1.849525451945016
1602,2.988017543,3.194048229763007,0.20603068676300662
1604,3.864671736,3.8618324823747816,0.0028392536252184186
1612,3.702826736,2.718428230114943,0.9843985058850571
1613,4.556695035,4.096996205676538,0.45969882932346184
1615,3.781791558,3.630992711101911,0.15079884689808898
1619,3.817188788,3.345245400186161,0.47194338781383927
1626,3.29030457,3.0598172137648496,0.23048735623515038
1646,4.128745963,3.7972059430626235,0.3315400199373766
1649,2.356862264,2.849489669860599,0.49262740586059905
1654,3.628830299,3.1479925523777768,0.48083774662222334
1663,3.511945032,3.5705788999528827,0.058633867952882834
1664,3.81970841,3.6383381828990804,0.18137022710091966
1666,3.42644747,2.907647927895139,0.518799542104861
1670,2.037936196,2.506805469799726,0.4688692737997262
1681,2.955321542,3.1473178899335807,0.19199634793358067
1687,5.138583714,4.030773550977519,1.1078101630224815
1691,3.317033051,2.8816131302442214,0.43541992075577873
1698,3.1109767,2.998055065814656,0.11292163418534429
1709,3.376170757,3.312277498065076,0.06389325893492392
1713,4.190867731,3.7323747128545395,0.4584930181454605
1717,3.432499715,3.319525563610142,0.11297415138985789
1742,2.911593683,3.5330191307759904,0.6214254477759904
1744,2.625382279,3.343142631297403,0.717760352297403
1746,5.578685043,4.038186836036089,1.5404982069639113
1747,5.661462459,3.889441608864557,1.7720208501354429
1751,3.688497685,3.3589580965268677,0.32953958847313247
1754,2.870532127,2.879875818438535,0.009343691438534751
1758,2.659112743,3.1724222383209986,0.5133094953209985
1759,2.31163207,3.4302732648782435,1.1186411948782435
1762,5.459172939,3.5164031981231156,1.9427697408768845
1763,4.957644784,3.6606888457944198,1.2969559382055804
1764,1.716766695,2.6987456929962943,0.9819789979962943
1768,3.510054045,3.277543284731727,0.23251076026827278
1774,3.568473361,3.71358474224711,0.14511138124710987
1775,2.993384788,3.302562153491991,0.30917736549199093
1789,4.389322465,4.222821084654208,0.16650138034579243
1793,1.900353804,2.505720178094909,0.6053663740949091
1797,3.53848576,3.724675202513198,0.18618944251319824
1805,4.615229966,4.011170308298406,0.604059657701594
1813,2.984595913,3.3454214228652432,0.3608255098652431
1814,2.727491553,2.6596066510284433,0.06788490197155683
1816,3.442937822,2.867052268489049,0.5758855535109513
1823,3.007892329,3.4385143838039696,0.4306220548039694
1828,3.474889772,3.3582383359758508,0.11665143602414929
1835,2.895278654,3.1702843335790747,0.2750056795790745
1837,3.326902941,3.262583167347282,0.06431977365271813
1845,3.74878787,3.6830530505329477,0.0657348194670524
1847,3.730010389,3.5350728128538496,0.19493757614615026
1852,3.184104109,3.719679141384295,0.5355750323842949
1866,2.091147741,2.4587090421161117,0.36756130111611185
1878,3.631499113,3.400505897254393,0.23099321574560694
1895,3.45679556,3.543031600070562,0.08623604007056196
1899,4.017180175,3.5695528937669954,0.44762728123300466
1901,3.908053683,4.171720783407082,0.2636671004070821
1909,3.341653524,3.502900411754499,0.16124688775449902
1916,3.655177896,3.7085742730715685,0.05339637707156841
1917,3.318524528,3.2554101295251274,0.06311439847487277
1918,3.377569668,3.773058610664034,0.3954889426640338
1919,3.347757268,3.604543740536324,0.2567864725363238
1920,3.772256492,3.6517880548680255,0.12046843713197442
1940,4.842386687,5.055598974780764,0.21321228778076406
1947,4.528376709,3.8262039499404943,0.7021727590595055
1948,5.346751873,3.562555228216305,1.7841966447836946
1950,3.466777618,3.0701772094187643,0.3966004085812358
1963,4.014864414,3.7097345202584653,0.30512989374153454
1980,2.942052721,3.616584246802083,0.6745315258020828
1983,3.61412854,3.208820430440532,0.40530810955946794
1986,2.845662256,2.702068773482305,0.14359348251769477
1991,2.712289218,3.255710682861537,0.5434214648615372
1995,3.67738165,3.774657093608855,0.09727544360885476
2006,3.544619425,3.5654605116725375,0.02084108667253748
2012,3.67307524,3.554624968253756,0.11845027174624434
2014,4.136088986,3.918306200281104,0.21778278571889587
2018,2.915363819,3.5629704306378134,0.6476066116378134
2021,3.975234148,3.6743677816705382,0.30086636632946195
2022,3.999187109,3.6707128302199097,0.3284742787800905
2024,3.990353657,3.7502821660010404,0.24007149099895964
2031,3.432655633,3.7245727201276853,0.29191708712768527
2070,3.334914609,3.235310444558938,0.09960416444106235
2071,3.029386033,3.471954693959921,0.44256866095992065
2075,3.301694147,4.067793520138662,0.7660993731386618
2080,3.59653552,3.7845455714907685,0.18801005149076833
2087,3.659331234,3.4637500881929575,0.19558114580704267
2103,5.215083879,3.844591775890924,1.370492103109076
2104,5.017305523,4.195646213758965,0.8216593092410349
2106,5.361791361,4.035325327850146,1.3264660331498535
2108,2.343912258,2.307637266880716,0.03627499111928412
2111,3.88822319,3.1728989155510567,0.7153242744489434
2122,3.368967763,3.2230609804297274,0.14590678257027268
2125,3.391620366,3.7785978585932383,0.3869774925932381
2126,4.34163761,4.023156836766935,0.31848077323306523
2128,3.684057414,3.659773381079949,0.024284032920051324
2135,4.231566672,3.9431162874207066,0.28845038457929295
2138,2.802205614,2.492053855197626,0.3101517588023741
2159,3.144689626,3.6868939326487493,0.5422043066487494
2161,2.798821533,3.3142705712655665,0.5154490382655665
2165,3.353403259,3.437606340435731,0.08420308143573108
2169,3.993982696,4.03040413205794,0.03642143605793935
2172,3.812799014,3.8290265487243422,0.016227534724342352
2180,4.008653391,3.699029665757523,0.3096237252424774
2190,3.709229244,3.8335845678283307,0.12435532382833081
2192,4.251768976,4.2508019309196365,0.0009670450803636044
2193,4.186761452,3.854152157395996,0.332609294604004
2217,4.397306718,4.186766604712671,0.2105401132873297
2219,3.682964986,3.8715436955209093,0.18857870952090927
2223,3.561850696,3.538713766123259,0.023136929876740986
2229,3.9297657,3.8191260828563864,0.11063961714361348
2231,3.432499715,3.452579696174154,0.020079981174153883
2237,3.532363794,3.576643989402631,0.04428019540263106
2242,3.431263221,2.7949518369933632,0.6363113840066368
2247,2.824353665,2.4224091613392282,0.4019445036607716
2257,4.071250963,4.479344554064409,0.408093591064409
2258,4.025637349,4.384403816517824,0.3587664675178237
2277,4.283816647,4.439666216796484,0.15584956979648368
2295,3.694158454,3.584624505522244,0.10953394847775622
2297,3.33724114,2.8980415940587254,0.43919954594127475
2309,3.999014482,3.892333470503223,0.10668101149677733
2326,2.630715761,2.947984359271448,0.31726859827144827
2331,2.853346802,2.9529067827864908,0.09955998078649086
2338,3.782050103,3.6888894484803556,0.09316065451964439
2353,3.778729924,2.99950680047315,0.7792231235268496
2357,3.78550101,3.6866840012629467,0.09881700873705324
2360,3.808590971,3.2937761129182834,0.5148148580817167
2364,3.455300249,3.7700017758990954,0.31470152689909536
2388,3.450958053,3.3213222273008585,0.12963582569914145
2399,3.007783328,3.4500944886654232,0.4423111606654233
2408,3.222693065,3.2841941660787874,0.06150110107878737
2417,3.376153144,3.0319025592688513,0.34425058473114856
2440,3.476524414,3.6970182082897094,0.2204937942897094
2443,3.037437565,3.1739993937565263,0.13656182875652645
2448,3.827603714,3.7290387696503493,0.09856494434965057
2451,4.454413261,5.028729899292822,0.5743166382928218
2461,4.228695435,3.608036550278792,0.6206588847212076
2463,3.390666287,3.5088150227204835,0.11814873572048334
2464,2.567288579,3.1621670483273565,0.5948784693273566
2471,3.213591535,3.49911189289678,0.2855203578967802
2473,1.441500327,2.5029643418421186,1.0614640148421186
2493,3.890937484,3.0895350364141807,0.8014024475858195
2495,3.25584154,3.1597418250613893,0.09609971493861069
2501,3.164739384,3.114604500996804,0.05013488300319624
2502,3.114455295,3.0717903295183255,0.04266496548167442
2515,2.888504978,2.90224244902831,0.013737471028310022
2528,3.835299425,3.3237904985257987,0.5115089264742014
2540,3.526726867,4.0865064495319885,0.5597795825319887
2541,3.831507559,3.6114419836171394,0.22006557538286042
2588,3.136653639,2.891499526521108,0.24515411247889185
2603,2.959934421,3.2111953900266923,0.2512609690266925
2629,3.05657456,3.5078384511497083,0.4512638911497082
2646,2.941366087,3.3256678614459836,0.38430177444598357
2692,3.299221743,3.6829535939365803,0.38373185093658035
2699,3.546800361,3.411989173631611,0.13481118736838882
2710,3.347537083,3.957135351197093,0.6095982681970926
2711,3.572473289,3.3150999505925935,0.2573733384074064
2716,3.359318911,3.60004181250427,0.24072290150427023
2731,3.936285393,4.315321771000807,0.37903637800080725
2742,2.984294727,3.16611071889301,0.18181599189301023
2761,4.795231815,3.8978273094671145,0.8974045055328856
2764,4.352065618,3.3121479410322854,1.0399176769677148
2768,3.598926134,3.215189296314188,0.3837368376858121
2777,3.561935763,3.3281485050233672,0.2337872579766329
2795,5.458263061,4.697348203042042,0.7609148579579585
2796,4.244818448,4.7951831571664565,0.5503647091664563
2803,2.934671476,3.1521477092198644,0.2174762332198643
2827,2.726655907,3.4601110906460772,0.7334551836460772
2828,3.442427504,3.875980796605478,0.4335532926054779
2834,3.689858657,3.3278275168860993,0.3620311401139005
2842,4.140552036,3.8274687344592278,0.31308330154077213
2847,2.391277465,3.1797296049022266,0.7884521399022266
2850,3.773555345,3.646082464825593,0.12747288017440717
2869,3.612701095,2.950806683589652,0.6618944114103478
2910,4.402898173,4.119072471874592,0.2838257011254077
2924,3.578093421,3.7781263632972477,0.20003294229724755
2941,3.509843119,3.17001703710489,0.3398260818951102
2948,5.183527428,3.7296483647749663,1.4538790632250334
2952,3.324192764,3.340036510834221,0.015843746834220962
2953,3.429279788,3.7572046441703595,0.3279248561703594
2954,3.28338463,2.2544115614163265,1.0289730685836735
2968,3.773591867,3.86366438006835,0.09007251306835018
2971,3.212773374,3.4593280179153165,0.24655464391531634
2978,3.756520103,3.8325839764688947,0.07606387346889454
2988,4.056056769,3.8972457644355853,0.15881100456441422
2993,4.570325497,4.021543356159587,0.5487821408404132
2997,4.136964818,3.8242592922961047,0.3127055257038953
3010,3.735002473,3.897757586536092,0.16275511353609184
3023,3.338962078,3.850738901964062,0.5117768239640617
3027,3.692250052,3.5054833197504385,0.18676673224956142
3029,2.67042331,2.5691609443241505,0.10126236567584934
3049,3.734591259,3.4107567672930617,0.32383449170693845
3055,3.608514572,3.7222857348028113,0.11377116280281152
3092,4.028720329,4.208435267226606,0.17971493822660545
3103,3.869655084,3.4995947040831075,0.37006037991689267
3109,3.491913318,3.610262129194366,0.11834881119436602
3112,3.524401315,3.9840335444935864,0.4596322294935864
3114,3.61972969,3.831388523074236,0.21165883307423572
3115,4.248371329,3.7170282042131797,0.5313431247868206
3130,3.355381647,3.426354611252636,0.07097296425263577
3169,5.526898346,4.220207774410893,1.3066905715891073
3171,5.56345951,4.234815617618969,1.3286438923810318
3174,3.156962856,3.330194589635529,0.17323173363552913
3183,3.537634728,3.668848824680388,0.13121409668038808
3218,3.126758711,3.0431688790228253,0.08358983197717462
3229,3.261267118,3.552770014428517,0.2915028964285167
3235,3.563923715,3.33719764484225,0.22672607015775004
3245,3.441602496,3.9123830990623087,0.47078060306230896
3247,4.096995126,4.272864629704078,0.17586950370407806
3253,3.528659645,3.235697964146802,0.29296168085319785
3255,6.204762805,4.606981304019182,1.597781500980818
3257,3.628041975,2.9104569694318503,0.7175850055681496
3266,2.808332788,3.188316874986602,0.37998408698660224
3269,3.079394753,3.8562624940165477,0.7768677410165479
3275,3.728062318,3.701615374535296,0.02644694346470411
3282,3.230894341,3.4169388770230977,0.18604453602309778
3284,2.657407076,3.1293535967917534,0.47194652079175325
3325,3.726664639,3.4793158785003375,0.24734876049966248
3326,3.98965001,3.59183976016207,0.3978102498379301
3334,3.656862783,3.43334555840522,0.22351722459477985
3338,3.778435517,3.2373869265595263,0.5410485904404738
3339,3.478944355,3.2388895358377443,0.24005481916225557
3346,4.026990096,3.637973458437118,0.3890166375628814
3348,2.876443839,4.492287055755158,1.6158432167551582
3353,4.166511518,3.796733624312701,0.3697778936872993
3358,3.453944862,3.5460530105933312,0.09210814859333105
3360,3.611228303,4.180344120257318,0.5691158172573179
3370,3.364091131,3.2764173341710667,0.08767379682893317
3389,3.602535687,4.044278022981972,0.4417423359819721
3397,3.573813744,3.784161106871502,0.2103473628715018
3400,2.963660943,3.3732069397680338,0.40954599676803394
3423,2.602490679,2.914817291261624,0.3123266122616237
3432,4.304872978,3.4153710735201814,0.8895019044798183
3435,2.845508013,2.6288917550319475,0.2166162579680524
3444,3.059203565,3.224074001238862,0.164870436238862
3448,3.263150618,3.6534172115874863,0.3902665935874863
3456,3.71986068,3.736795980136788,0.016935300136788012
3460,2.835179543,3.075587251670412,0.24040770867041195
3461,3.43016539,3.5060347303746187,0.07586934037461868
3475,2.840367513,3.161218771595386,0.3208512585953862
3476,3.425329526,3.7786598496022994,0.3533303236022993
3479,4.348146437,3.442576163185842,0.9055702738141576
3481,3.568680358,3.275104009963108,0.29357634803689203
3504,3.019314806,3.5464435063233783,0.5271287003233782
3505,3.737142927,3.7587640786632965,0.0216211516632967
3511,3.737142927,3.614965271522906,0.1221776554770937
3516,3.423419557,3.328023586209315,0.09539597079068507
3524,3.139323575,3.55215725847519,0.4128336834751898
3536,4.037635995,3.7569765968989595,0.2806593981010401
3537,3.693394346,3.8860734639054018,0.19267911790540193
3543,3.546890629,3.511037737581635,0.03585289141836512
3546,2.598813602,2.61789750258736,0.01908390058735998
3551,2.781487319,2.900038167397029,0.11855084839702901
3570,2.858858514,2.660382917053841,0.1984755969461589
3584,3.481379743,4.449755353601474,0.9683756106014738
3610,3.639646545,3.5627314930632608,0.07691505193673942
3611,2.133957035,3.1697961174378433,1.0358390824378434
3614,3.578564875,3.5298610715241177,0.048703803475882435
3616,4.259895453,4.980212072116148,0.7203166191161472
3628,2.97283705,3.2424376603995406,0.26960061039954075
3634,4.028720329,3.4079087664537746,0.6208115625462258
3643,2.76938436,3.0238948902730844,0.25451053027308435
3660,3.563743752,3.3325051896800106,0.23123856231998952
3661,4.602612378,4.783220538073658,0.18060816007365776
3662,1.856701434,2.6148525615268925,0.7581511275268924
3663,1.740815327,2.591230965735627,0.850415638735627
3678,4.651705162,4.333625049300979,0.3180801126990209
3681,3.296869662,3.3145930828999814,0.017723420899981246
3698,2.926194989,2.8714233588516542,0.05477163014834563
3700,2.741138462,2.9781909820009216,0.2370525200009217
3702,3.471141051,3.395316124823526,0.07582492617647407
3703,3.281621881,3.23348241202172,0.04813946897828014
3706,3.301553005,4.04897473434724,0.74742172934724
3713,3.497854847,2.944499889860009,0.5533549571399909
3718,3.190116341,3.48174923569358,0.29163289469358
3723,5.464516373,3.4133461606103235,2.051170212389677
3731,3.410578815,3.6099774559498607,0.1993986409498607
3738,3.306254612,3.4529535895307606,0.14669897753076055
3748,2.872337596,2.549915839808772,0.32242175619122815
3760,3.949366372,3.8987509542253687,0.05061541777463141
3773,3.109938594,3.4722439015176794,0.3623053075176794
3780,3.84735559,3.6359278605070617,0.2114277294929381
3791,3.964717927,4.028278958307305,0.06356103130730473
3805,3.514865436,3.538489167852707,0.023623731852707053
3807,3.191466984,3.45825040535845,0.2667834213584501
3809,3.40375862,3.519940458345118,0.11618183834511786
3817,3.235885767,3.3464230930698005,0.11053732606980038
3824,2.789646803,3.32635695458337,0.5367101515833701
3831,3.140618017,3.6430958789850276,0.5024778619850276
3841,3.68042779,3.6363485643604765,0.04407922563952349
3842,3.453877669,2.7774137231806018,0.6764639458193984
3843,3.566522339,3.755598016046331,0.18907567704633088
3844,3.834555804,3.5788768995067013,0.25567890449329855
3845,3.59838118,3.5617062238751966,0.036674956124803426
3850,3.261305172,3.6966255563026644,0.4353203843026643
3851,3.786547355,3.6503363796342057,0.13621097536579452
3862,3.683791355,3.156121237876618,0.5276701171233817
3863,4.198672357,3.5688346205024737,0.6298377364975267
3864,3.834555804,3.655426551050446,0.17912925294955384
3865,3.343108675,3.6149718472868813,0.2718631722868814
3866,3.680541084,3.237251009821305,0.4432900741786949
3867,3.705756835,3.446309096005279,0.25944773899472073
3868,3.198672357,3.5792609769129284,0.38058861991292847
3873,3.782638959,3.5810370953274764,0.20160186367252342
3875,3.292680557,3.558850516800018,0.2661699598000178
3878,3.84563061,3.8237019391033726,0.021928670896627533
3885,3.257229118,3.485346834728368,0.2281177167283679
3886,3.17829093,3.159487953302204,0.01880297669779596
3895,3.708862316,3.3956302801107787,0.3132320358892211
3899,3.697612265,3.6100949511482296,0.08751731385177042
3907,2.59222882,2.6951168587026197,0.10288803870261987
3911,3.618552363,3.4539692546664904,0.16458310833350964
3922,4.153633659,3.9430641551431083,0.21056950385689133
3926,2.734905673,3.002336590314023,0.267430917314023
3934,3.564788766,3.647908932512421,0.08312016651242127
3940,3.564915814,3.362644656343756,0.2022711576562437
3942,3.350023581,3.4180253730754107,0.0680017920754108
3943,3.439464611,3.5584478474391354,0.11898323643913544
3944,3.12546973,3.3278634444420905,0.20239371444209064
3946,3.745326408,3.6856510304620564,0.0596753775379435
3964,3.062870948,3.6897747498110594,0.6269038018110593
3967,3.169854925,3.203356275894294,0.033501350894293846
3972,3.574586809,3.289965366091158,0.28462144290884206
3979,3.911919571,4.003408620348095,0.0914890493480951
3981,4.163110894,3.7372097613885886,0.42590113261141127
3982,3.513336529,3.2129297619654884,0.30040676703451163
4000,3.572564601,3.6498365098846026,0.07727190888460278
4002,3.935675654,4.01397907483801,0.07830342083801023
4017,4.00223242,3.798755859370503,0.20347656062949726
4030,2.925015411,3.53868497702919,0.61366956602919
4045,3.755126259,3.8048773394517634,0.049751080451763574
4061,3.087860259,3.588336776129286,0.500476517129286
4065,1.101168678,4.381911896759637,3.280743218759637
4068,3.002964047,4.404497223183418,1.4015331761834178
4073,4.13172185,4.017314033384843,0.11440781661515675
4088,3.196877363,3.0013917875888017,0.19548557541119838
4094,4.837148523,4.026553555962294,0.810594967037706
4109,3.29315268,3.4365572724217732,0.14340459242177328
4117,4.783554486,4.153990163980351,0.6295643220196485
4123,3.134063718,3.5407003587842496,0.40663664078424944
4125,3.222424532,3.7040397445056445,0.48161521250564476
4132,4.577559773,4.533364839939736,0.044194933060263786
4134,5.916378329,4.625852872315371,1.2905254566846285
4139,3.31350633,3.9811340102423207,0.6676276802423207
4141,3.073604315,3.2894647767615286,0.21586046176152873
4149,3.134683011,3.5626262338917085,0.4279432228917086
4150,4.000369427,4.082099478891395,0.08173005189139548
4152,3.386830242,3.7221279775034333,0.33529773550343345
4155,1.561832907,2.438328490388045,0.876495583388045
4159,4.197156874,4.566096296462124,0.3689394224621241
4160,6.105684889,4.524035417221361,1.581649471778639
4161,3.409275195,4.178859046252962,0.7695838512529614
4163,1.019262554,3.8610470759506437,2.8417845219506437
4186,3.930851769,4.023445966550826,0.09259419755082554
4188,4.012626945,3.933813589634438,0.07881335536556211
4190,4.204088173,4.221873236621933,0.01778506362193344
4194,3.797271803,3.8485337091059693,0.051261906105969146
4195,3.744453273,3.8496158992233322,0.10516262622333228
4203,3.837219773,3.779324417570644,0.05789535542935598
4204,5.629425505,4.430320130365826,1.1991053746341747
4209,3.462125141,3.3603882351297787,0.10173690587022133
4215,2.616091332,2.9636515665644128,0.3475602345644129
4222,4.630745691,4.270375340582716,0.36037035041728416
4229,3.423319134,3.4881218561346294,0.06480272213462923
4243,3.546599943,3.3436435939989906,0.20295634900100934
4250,2.884471237,3.002418814065687,0.11794757706568681
4251,3.79229161,3.634261557120226,0.158030052879774
4252,3.733723043,3.655559855320322,0.078163187679678
4263,3.67345209,3.4692732334309313,0.20417885656906876
4289,5.086048237,3.8995945774030836,1.1864536595969164
4299,3.463705804,3.614121278185235,0.15041547418523527
4336,4.981639682,4.395255907643277,0.5863837743567233
4337,4.392277276,4.230349408138246,0.1619278678617535
4338,6.382237363,4.275464854353342,2.1067725086466575
4348,3.96922671,3.7757804409933806,0.19344626900661943
4354,6.312384142,5.020676710528002,1.2917074314719983
4367,4.384852237,4.193356500490461,0.19149573650953844
4409,3.929865764,3.4635079420421877,0.4663578219578124
4410,5.309308449,4.414076985582789,0.8952314634172112
4412,4.485203086,3.6317235123665585,0.8534795736334417
4413,3.89279142,4.582778420025868,0.6899870000258677
4414,3.879164002,3.1810375982740497,0.6981264037259503
4421,4.130182543,3.457621549735269,0.6725609932647312
4438,4.215077704,3.9747851444209115,0.24029255957908813
4443,4.182001546,4.403992322443188,0.22199077644318788
4444,2.890056495,3.469934835968689,0.5798783409686887
4445,3.057033935,2.9109680833085765,0.14606585169142372
4447,2.937079657,3.2986477472880136,0.3615680902880136
4460,3.990888652,3.5860485635580557,0.4048400884419445
4463,3.598592691,3.801580205189379,0.20298751418937888
4464,4.202224295,3.3963854514508416,0.8058388435491581
4466,3.699778556,3.468650191201135,0.2311283647988649
4473,5.005648641,4.849074477270052,0.1565741637299478
4476,3.178074826,3.293593718901385,0.11551889290138506
4512,2.745221411,3.208076994722917,0.4628555837229169
4519,3.520850632,3.9883929561953693,0.4675423241953691
4520,4.131163363,4.158555605725564,0.027392242725563953
4522,3.794798146,3.795539520162989,0.000741374162988695
4537,4.50270505,3.4985330575143863,1.004171992485614
4545,3.942544386,3.8929254527856214,0.04961893321437838
4546,5.568368628,3.6488657468541654,1.9195028811458346
4547,2.978444291,3.020557721869253,0.04211343086925279
4563,3.943933974,3.2917833127632687,0.6521506612367314
4571,3.74654107,3.8603168878331284,0.11377581783312829
4597,4.154252023,3.9240363793544724,0.23021564364552738
4602,3.389713462,3.6432603927185396,0.2535469307185396
4624,3.681777312,3.595955748744474,0.08582156325552592
4647,3.099294967,3.343558097985458,0.24426313098545815
4677,3.49877562,3.314904411991769,0.18387120800823098
4678,3.847223486,3.827216609790015,0.02000687620998498
4686,4.13271851,3.7390517002364287,0.3936668097635714
4687,4.13271851,3.5281143057388764,0.6046042042611237
4703,3.748690277,3.3779676471984237,0.37072262980157644
4711,3.968492955,3.8936605829189275,0.0748323720810724
4712,4.673918605,4.023729342366931,0.6501892626330692
4728,3.93856054,4.091035915583673,0.15247537558367252
4729,4.108720878,4.176927142515265,0.06820626451526568
4730,3.873802883,3.2468758535304367,0.6269270294695635
4733,3.587442955,3.825691862527743,0.23824890752774275
4769,3.357395726,3.614710054998363,0.2573143289983628
4787,3.399194753,3.790372886963403,0.3911781339634026
4788,2.971242498,3.6683831843822836,0.6971406863822835
4789,3.785301864,3.6346862159309206,0.15061564806907946
4790,3.817206378,3.5700176207786574,0.24718875722134248
4805,3.648319436,3.525290856934061,0.12302857906593889
4809,3.368126694,3.9897565745574703,0.6216298805574705
4810,1.704300692,3.5954241491511376,1.8911234571511377
4811,2.098973701,3.5874889932249294,1.4885152922249296
4812,2.43545436,3.2446757877635184,0.8092214277635184
4818,3.410707958,3.2340584074249232,0.17664955057507692
4835,3.335253673,3.1741007310133305,0.16115294198666952
4837,3.834397994,4.130974239680731,0.29657624568073127
4842,3.975339885,3.9407676729855297,0.03457221201447025
4847,4.752470486,4.269870306005292,0.4826001799947077
4856,4.018809683,3.485273455761275,0.533536227238725
4858,3.935177719,3.8151919826393597,0.11998573636064025
4872,3.449340555,3.578276767554636,0.12893621255463605
4874,2.89115943,2.932398007479144,0.041238577479143945
4875,3.936760431,3.8701245963986746,0.0666358346013256
4876,4.561929384,3.6248440539661013,0.9370853300338986
4881,3.541099847,3.7182294500568585,0.17712960305685854
4887,4.153425264,3.577968450173657,0.5754568138263432
4891,4.758272847,4.147531964929777,0.6107408820702229
4892,4.040569849,4.382714137916266,0.34214428891626625
4903,3.786362818,3.7142331560767,0.07212966192330006
4905,3.953155414,3.753823508481484,0.19933190551851565
4922,2.116660865,2.2335588038631924,0.11689793886319233
4925,3.08658376,3.3152277402729196,0.22864398027291966
4926,2.864486673,3.345395250758699,0.480908577758699
4930,3.341014867,2.9876498026298473,0.3533650643701529
4931,3.619754634,3.0564192496800597,0.5633353843199402
4938,3.723587594,3.49243936786176,0.23114822613824026
4941,3.09570347,3.4721597799287696,0.37645630992876944
4944,4.903746963,4.3689030956640496,0.5348438673359501
4946,4.051822749,4.008108402141887,0.04371434685811337
4955,4.978538856,4.120587548215376,0.8579513077846244
4959,3.638049071,3.8660710548066906,0.22802198380669036
4969,2.949324939,3.0604231699573416,0.11109823095734184
4974,3.638113704,3.4563400625674587,0.18177364143254104
4978,3.5052566,3.3432815420458675,0.16197505795413258
4982,2.864486673,3.4314951055788523,0.5670084325788523
4984,3.113753753,3.543650911567576,0.42989715856757593
4987,3.619754634,3.1216175229910634,0.49813711100893654
5000,2.827797217,3.856462940371729,1.028665723371729
5003,3.822410492,3.6938064630256373,0.12860402897436263
5006,4.241504538,3.6084277182692546,0.6330768197307455
5010,3.960837813,3.8019570700552423,0.15888074294475762
5011,3.782315281,3.260146163370974,0.522169117629026
5012,4.006601761,3.8253515332874954,0.18125022771250432
5013,3.964166719,3.8854975686451,0.07866915035490019
5014,4.310087296,4.065884617437889,0.24420267856211098
5015,4.310496146,4.0798077232477095,0.23068842275229073
5037,2.31368583,3.5060067942573343,1.1923209642573345
5038,3.09021041,3.809492573308622,0.7192821633086219
5040,2.818479674,2.846081652314788,0.027601978314787612
5057,3.212591565,3.413541450720488,0.2009498857204881
5059,3.441482168,3.7209056528024447,0.27942348480244483
5063,3.434160674,3.6038555332832622,0.1696948592832621
5077,3.580976406,3.5603037536308157,0.020672652369184252
5087,4.087039219,3.796820659070664,0.2902185599293361
5088,4.1342345,3.8599643801630594,0.2742701198369404
5105,3.295216754,3.4453937915706665,0.15017703757066636
5126,3.070941736,2.984020930358134,0.08692080564186577
5133,3.734140919,3.199483133015055,0.5346577859849453
5138,3.733545825,3.58627659578607,0.14726922921393015
5139,3.546592849,3.5802532167482504,0.03366036774825032
5144,3.31879919,2.2063832795156886,1.1124159104843114
5155,2.864756298,3.489831154346177,0.6250748563461768
5156,2.212604302,3.195385590053561,0.9827812880535611
5157,3.794701622,3.7928731419669037,0.0018284800330961026
5163,3.110216125,3.4102328664319668,0.30001674143196677
5199,3.911784951,3.6197193323370986,0.29206561866290137
5202,4.839248391,4.640763491200951,0.19848489979904915
5203,5.342962745,4.71162697855871,0.63133576644129
5213,5.176711988,4.918796005831432,0.25791598216856837
5215,4.753466114,4.910618309237565,0.15715219523756474
5217,5.19936362,5.1331041317992545,0.06625948820074523
5218,5.294449268,5.000865890514597,0.29358337748540286
5228,2.805748799,2.834086157568273,0.028337358568273352
5239,3.085304456,3.3762808241537368,0.29097636815373695
5249,3.613973886,3.5942601324817436,0.01971375351825655
5251,3.633885898,4.64625180502206,1.01236590702206
5261,3.770065413,3.441382135021269,0.328683277978731
5267,4.454946437,4.228255683582206,0.22669075341779443
5270,3.72272925,3.6833779071804456,0.039351342819554436
5302,3.748131243,3.636560234048021,0.1115710089519788
5305,4.255885418,4.214089642372537,0.04179577562746317
5307,3.747886141,3.8317898189976476,0.08390367799764764
5308,3.573088903,3.57505450208706,0.001965599087060177
5309,4.281984791,3.3356309303444576,0.9463538606555426
5357,3.760217783,3.883759433455627,0.12354165045562704
5358,4.046139657,4.0645645041649665,0.018424847164966174
5360,3.770723977,3.874782920947848,0.10405894394784809
5361,3.942120115,3.693539538857498,0.24858057614250173
5362,3.960999839,3.6925349958015836,0.26846484319841624
5380,3.166865736,3.2077621917451355,0.04089645574513545
5385,3.189321841,3.7484575755529734,0.5591357345529735
5393,4.497192358,4.044690452404922,0.45250190559507875
5401,3.511912142,3.488987968106246,0.022924173893753785
5415,4.068010624,3.9265236565649655,0.14148696743503475
5416,4.046659018,3.8851267992259406,0.1615322187740591
5421,2.771729834,2.904556375023823,0.13282654102382319
5429,3.10506336,3.4711241594978652,0.3660607994978653
5431,3.491745385,3.411063658373832,0.08068172662616835
5444,3.249939234,3.4706818133320576,0.22074257933205743
5445,3.355712257,3.615880938374257,0.2601686813742572
5447,3.584759168,3.2372424894528296,0.3475166785471706
5472,3.034844137,4.00415939210693,0.9693152551069297
5487,3.971213676,3.662695227805543,0.30851844819445695
5488,3.846453549,3.820167045535889,0.0262865034641111
5489,3.842718219,3.8580817026493097,0.015363483649309728
5492,4.022699859,4.079420993532187,0.056721134532186746
5493,3.923629183,4.239686186702359,0.3160570037023591
5506,3.943744238,3.77927589749198,0.16446834050801984
5511,4.536396,4.5848417085511635,0.04844570855116359
5513,6.103605679,4.594542042463607,1.5090636365363927
5526,5.467901482,4.839661533463737,0.6282399485362635
5548,3.724723045,3.239550649621181,0.48517239537881895
5572,2.869081712,2.8359797440010914,0.03310196799890841
5579,3.503622904,3.5869402734181577,0.08331736941815748
5595,3.174886122,3.816333830906288,0.6414477089062878
5608,3.789083974,3.9766643616744197,0.18758038767441976
5612,3.77417051,4.156542115421326,0.382371605421326
5643,3.491952493,3.5875886688773906,0.0956361758773907
5644,3.777338359,3.713522516088056,0.06381584291194375
5659,3.994777457,3.6422359128920427,0.35254154410795735
5666,4.087062913,4.01364548167059,0.07341743132940959
5689,3.200143335,3.1738399930542824,0.026303341945717484
5710,3.568850724,3.660861082019067,0.09201035801906698
5715,3.633209454,3.6656974524916777,0.032487998491677494
5732,4.220999598,3.822740479848494,0.39825911815150583
5735,3.347353871,3.9840650144028724,0.6367111434028723
5744,2.880890373,3.6837134236228395,0.8028230506228393
5746,4.039712645,4.00142304839829,0.03828959660171005
5751,4.556228532,4.59191543905995,0.035686907059949924
5767,3.112580799,3.197223254557799,0.08464245555779915
5797,3.362155885,3.3504880248032896,0.0116678601967104
5798,3.820536759,3.705320507313948,0.11521625168605176
5799,2.923199101,3.58014574641381,0.65694664541381
5800,4.103847241,3.7250456106917085,0.37880163030829195
5801,4.311728438,3.779405815294039,0.5323226227059612
5802,3.777551096,3.9833502658829003,0.20579916988290048
5803,3.740085354,3.4574713931580714,0.2826139608419287
5805,3.668118672,3.661856620585258,0.006262051414741787
5828,3.92853809,3.8601823474605146,0.0683557425394854
5846,3.748106942,3.555867791715063,0.1922391502849372
5851,3.785417579,4.018080137845126,0.23266255884512566
5853,4.110733134,4.134324570456646,0.02359143645664563
5855,3.994348581,4.087127497471098,0.0927789164710977
5858,4.262067021,4.192689687674811,0.06937733332518903
5860,3.910259316,3.8044649716640233,0.10579434433597656
5863,3.879215194,3.826940337540881,0.05227485645911889
5869,3.979008655,4.264550735376063,0.2855420803760631
5877,3.326927491,3.3959605172847915,0.06903302628479135
5895,2.918606915,3.495387313900324,0.5767803989003242
5896,3.144975282,3.516046205279956,0.37107092327995606
5910,4.109014951,4.467274571998689,0.35825962099868924
5950,4.200440076,3.9070388728639425,0.2934012031360571
5955,4.012703964,3.8554472018140657,0.1572567621859342
5964,3.650651972,3.9598526240848497,0.3092006520848498
5984,4.933023388,3.3851680870516327,1.5478553009483669
5985,4.903619503,3.387693723170227,1.515925779829773
5995,3.49238618,3.595690376694345,0.10330419669434487
6008,3.276907359,3.7037123499985123,0.4268049909985123
6015,3.798548446,3.611624682904971,0.18692376309502867
6018,4.05751396,3.691845524438747,0.3656684355612527
6019,3.568828065,3.503217243347351,0.06561082165264898
6033,4.494402758,4.453955142934804,0.040447615065195563
6035,3.783234897,3.6082843899651906,0.1749505070348092
6039,3.400113927,3.327451299327736,0.07266262767226417
6040,3.699564794,3.6069471864266465,0.09261760757335358
6044,3.158225228,3.5820013829880395,0.42377615498803944
6051,3.776995214,3.7602271537947773,0.01676806020522248
6053,3.454739681,3.503732727117614,0.048993046117614014
6055,3.80084018,3.7958561749562687,0.004984005043731088
6057,5.022449521,4.918101462479292,0.10434805852070816
6072,3.165877149,3.590660629568211,0.42478348056821114
6076,2.630689977,3.744625319678694,1.113935342678694
6081,3.144826651,3.1569389413220144,0.012112290322014552
6085,3.087692705,3.2808786858801304,0.19318598088013061
6086,3.121787746,3.3883193880284033,0.2665316420284034
6087,3.657875019,3.3364972364486896,0.32137778255131044
6088,3.955995747,3.386478679760546,0.5695170672394538
6089,3.22000488,3.1671344737496243,0.052870406250375535
6090,3.727089358,3.075938044671854,0.6511513133281461
6091,2.954652483,3.60412305815961,0.6494705751596102
6094,3.089636291,3.3984408399661024,0.3088045489661022
6099,2.408833322,2.6615031776275906,0.2526698556275906
6106,3.283983801,3.5559792541472746,0.27199545314727436
6111,3.917979048,3.981528498308086,0.06354945030808601
6115,4.043566604,3.360846888777436,0.6827197152225635
6124,4.923094247,3.757621362038817,1.1654728849611828
6128,3.108476458,3.397200443860944,0.28872398586094405
6129,2.976130131,3.1834328347886087,0.2073027037886086
6132,2.892377141,3.1275465990259854,0.23516945802598554
6141,2.875527879,3.377519493674926,0.5019916146749264
6145,3.511162502,3.483411974223567,0.027750527776432943
6151,4.205238502,4.200840103934142,0.004398398065858622
6154,3.954230165,3.9493940636410114,0.004836101358988376
6178,4.251100189,4.220033698964629,0.031066490035370542
6206,2.146664368,2.91806627943803,0.7714019114380299
6239,2.984994529,3.090851212617231,0.105856683617231
6241,3.009288678,3.0241244634381887,0.014835785438188864
6242,3.526136985,3.2810662181348986,0.24507076686510132
6254,3.056903466,3.443748542274405,0.3868450762744051
6271,3.531127507,3.838410018553311,0.3072825115533111
6272,3.323590326,3.779103123290274,0.45551279729027394
6273,3.774165556,3.8210803504035744,0.0469147944035746
6277,3.384235101,3.5389992588180186,0.15476415781801878
6280,3.968686265,3.918186286080273,0.05049997891972691
6281,4.023423421,3.8137216879294504,0.20970173307054996
6282,3.968451259,3.685574307923216,0.2828769510767839
6283,3.876585197,3.423098473319352,0.4534867236806477
6302,3.932539225,4.1828704558257535,0.25033123082575326
6303,3.73638353,3.7574611247245153,0.021077594724515425
6306,3.513920428,3.5281749036054153,0.014254475605415262
6371,3.954359271,2.9765935290859753,0.9777657419140247
6394,3.796543647,3.7750266655612528,0.02151698143874725
6416,3.679272608,3.934095555185574,0.25482294718557386
6435,3.212552681,3.6867407114576487,0.4741880304576487
6440,4.40322236,4.004044839361445,0.39917752063855527
6463,3.073761106,3.2023804727507565,0.12861936675075647
6464,4.681691223,3.1532995038315446,1.528391719168455
6476,3.210682583,3.390491396197456,0.179808813197456
6477,5.311636621,4.291891692822354,1.019744928177646
6479,5.427924078,4.722368104847278,0.7055559731527223
6494,3.957362675,4.89651831993068,0.9391556449306795
6496,3.696450003,3.5904515810786757,0.10599842192132414
6503,4.500324313,4.148652045950051,0.351672267049949
6512,3.019333268,3.1047509091103827,0.08541764111038264
6544,3.151506046,3.3983785917477998,0.2468725457477996
6547,4.220516979,4.335217227870195,0.1147002488701947
6553,3.052738818,3.2136011554430945,0.16086233744309464
6577,3.980132784,3.728738290699038,0.25139449330096175
6584,3.116665292,3.357021542124989,0.24035625012498896
6585,3.238526574,3.3404595621402025,0.10193298814020224
6586,3.323276599,3.599850670562615,0.27657407156261504
6587,3.54849354,3.6484688612722342,0.0999753212722343
6597,3.250095524,3.376107243724777,0.1260117197247772
6601,3.26638851,3.4876428115626648,0.22125430156266468
6602,3.040705406,3.516244856852376,0.47553945085237626
6603,3.288159763,3.509882102059407,0.22172233905940697
6604,3.808998473,3.9009212184375475,0.09192274543754753
6612,3.37023676,3.508948797704176,0.13871203770417573
6619,3.459771599,3.535617800649195,0.07584620164919498
6620,3.590865709,3.3670070035706288,0.22385870542937125
6633,4.729113679,3.968232521615553,0.7608811573844472
6662,3.14489406,3.2791595953062767,0.13426553530627672
6692,4.25584047,3.3270023826056785,0.9288380873943214
6695,3.553505688,3.3585619451112394,0.1949437428887606
6696,3.78665446,3.7226612588711996,0.06399320112880025
6717,3.260918999,3.760097927177193,0.499178928177193
6719,3.248879466,3.297914525946377,0.049035059946377135
6720,3.679589859,3.6888928139941703,0.009302954994170332
6722,3.964570311,3.517902533365272,0.4466677776347283
6736,4.046057918,4.103979839649201,0.05792192164920085
6740,3.431722762,3.6387310569410247,0.20700829494102457
6741,2.881002841,3.4512674340989253,0.5702645930989254
6742,3.648536275,4.033852832245508,0.3853165572455075
6743,3.839097739,4.032562453657625,0.19346471465762471
6749,3.831024898,3.9036206302868646,0.07259573228686467
6781,4.16606529,4.570779806101751,0.4047145161017509
6783,3.797671813,3.7453853085964854,0.052286504403514567
6784,4.105036247,4.0784907829858685,0.026545464014131603
6785,4.251475989,4.484291195322304,0.23281520632230368
6791,3.693614139,3.6978415861403664,0.0042274471403662695
6803,2.656521387,3.230072480852259,0.573551093852259
6817,3.136886962,3.9185860302048203,0.7816990682048202
6819,3.347863203,3.919188069557033,0.571324866557033
6820,3.231770693,4.069244200122121,0.8374735071221209
6826,3.679772678,3.722674043591932,0.04290136559193192
6827,4.134721874,3.8075414684922775,0.32718040550772276
6829,3.455739487,3.8038318344633377,0.3480923474633375
6846,4.013299227,3.598857664235014,0.4144415627649862
6847,3.900594947,3.480648491779399,0.41994645522060114
6851,3.480273929,3.0726240077233067,0.4076499212766933
6854,2.99641042,3.955117168399587,0.958706748399587
6889,3.836878839,3.6432474036573748,0.1936314353426254
6895,2.424553491,2.8222999105169264,0.39774641951692624
6899,3.877542308,3.6388806301984724,0.2386616778015278
6904,3.401028711,3.8217977368404115,0.42076902584041154
6913,3.717734383,3.6346186898063952,0.08311569319360457
6953,3.142020096,3.5033829864166446,0.3613628904166446
6957,3.961412618,4.042712345559272,0.0812997275592715
6958,3.849262639,3.992847898170922,0.1435852591709219
6983,3.40769336,3.8133206176859056,0.40562725768590546
6984,3.337153768,3.6239813060174337,0.2868275380174339
6985,3.430220226,3.6541307043395594,0.22391047833955957
6996,3.718626783,3.8535986554689936,0.13497187246899367
7013,3.521104595,2.903674514396625,0.6174300806033752
7016,2.363992302,2.5488921753470204,0.18489987334702018
7034,2.503554453,2.7680410395817523,0.2644865865817523
7041,1.73194534,2.386770482190056,0.6548251421900562
7047,2.186481794,2.5649124659849676,0.3784306719849675
7066,2.563707271,2.486858060139154,0.07684921086084628
7067,2.494326071,2.652574953189525,0.15824888218952493
7069,1.822018555,1.9470400446243945,0.1250214896243944
7076,3.31859648,4.292945459362607,0.974348979362607
7082,3.978317497,3.7323137064205603,0.24600379057943966
7083,3.068369357,3.4401467269848545,0.37177736998485456
7086,3.769640371,3.7367836465105793,0.032856724489420674
7101,5.528726494,5.031437408521574,0.49728908547842554
7107,4.642987159,4.729439606773742,0.08645244777374206
7123,4.531253847,3.6941883202421075,0.8370655267578928
7131,3.190798431,3.2614412880885246,0.07064285708852447
7134,4.83332564,4.254344686042785,0.578980953957215
7135,4.389884501,4.2940855633933515,0.0957989376066486
7143,1.384691993,1.9373483473259827,0.5526563543259828
7146,3.161705656,3.2516548280155484,0.0899491720155483
7147,3.011147361,3.604224570619713,0.5930772096197132
7149,2.919729046,2.933893042413204,0.014163996413203872
7172,3.518921722,3.646698484104611,0.12777676210461086
7177,3.476244543,3.476592549842029,0.0003480068420289584
7178,3.496129478,3.6352605507914086,0.1391310727914088
7201,3.515143668,3.637841657428321,0.12269798942832111
7207,3.110880826,3.9049680873367967,0.7940872613367969
7220,3.632443351,4.492374715134493,0.8599313641344928
7232,3.181387784,3.6296749403456148,0.4482871563456148
7252,4.33800656,3.9238771635895553,0.4141293964104449
7258,3.942586727,3.678794555429144,0.2637921715708562
7268,2.907300489,3.10176165351145,0.19446116451145024
7270,3.464337724,3.4526353668931056,0.011702357106894379
7271,3.247341477,3.3052435747611577,0.057902097761157734
7300,3.56202294,4.010225167105802,0.4482022271058024
7302,4.068317821,3.885454830221712,0.18286299077828794
7303,3.487023303,3.7608892577893993,0.27386595478939935
7311,2.144293316,3.088515836592579,0.9442225205925787
7314,3.366194753,3.465454714133339,0.09925996113333913
7316,4.226139356,3.8131084625204767,0.41303089347952326
7317,4.374135781,3.8946562861463954,0.4794794948536043
7318,4.12606775,3.9787004232564045,0.14736732674359532
7331,3.990359577,3.7852806543445685,0.20507892265543148
7339,3.328528013,3.2711475101380887,0.05738050286191143
7341,3.239741167,3.1812572274995645,0.05848393950043551
7355,4.068742293,3.9056443974327193,0.16309789556728038
7396,2.892289592,2.890018075324553,0.002271516675447227
7403,4.048909318,3.7320786307266545,0.3168306872733453
7404,4.401665862,3.4274530870208584,0.9742127749791414
7405,3.796305418,3.7799564242019654,0.016348993798034783
7407,4.128034241,3.759252001418898,0.368782239581102
7410,4.173181411,3.625957180680702,0.5472242303192978
7421,3.845416996,3.77208064185594,0.07333635414406015
7434,4.259442558,3.851735303223955,0.40770725477604497
7438,3.967205152,3.9617651362809383,0.005440015719061719
7440,3.284262749,3.552218592563984,0.26795584356398416
7442,2.95955587,3.510037664203163,0.5504817942031632
7448,4.934364336,4.03315049750007,0.9012138384999302
7452,3.808216344,3.9688096250421174,0.16059328104211756
7454,4.6531649,4.1016270171137545,0.5515378828862456
7480,4.909133237,4.427328072756932,0.48180516424306763
7481,3.837412614,3.4885713003899776,0.3488413136100226
7483,3.578753784,3.5337916750686924,0.044962108931307476
7487,3.957826,4.040204935534811,0.0823789355348108
7489,4.699594113,3.7711737414629254,0.9284203715370745
7490,3.841814881,4.022983861334849,0.18116898033484885
7496,4.357134093,3.9709398753053344,0.38619421769466555
7497,4.076221601,3.9738613824870272,0.10236021851297306
7503,3.297044301,3.2007007959379594,0.0963435050620407
7506,4.098450471,4.196091546439385,0.09764107543938572
7510,4.173955561,3.9214347515826526,0.252520809417347
7513,3.499923406,3.9002962204560756,0.4003728144560754
7529,3.168427957,3.7776576370964006,0.6092296800964005
7532,3.363597208,3.553038364046743,0.18944115604674305
7533,3.7910655,3.826497851755575,0.03543235175557502
7534,3.885629744,3.864028194412591,0.021601549587408897
7535,3.885279531,3.7652756684694144,0.1200038625305857
7544,3.22059037,3.1328943387905417,0.08769603120945835
7559,3.256685539,3.4443305680902827,0.1876450290902829
7568,3.634788753,3.8111008362571686,0.17631208325716852
7577,3.449288595,3.1897648284494364,0.25952376655056364
7582,3.470416372,3.279605000124817,0.1908113718751827
7584,3.496722133,3.707555918197345,0.21083378519734497
7585,3.499442379,3.3565946055389064,0.14284777346109356
7586,4.139679727,3.589905677474365,0.5497740495256349
7589,3.93080861,3.7901985650040646,0.14061004499593555
7607,4.070225589,4.340925553511491,0.2706999645114916
7608,3.488297664,3.297871917444901,0.19042574655509892
7626,3.876869124,3.915625852883409,0.038756728883408975
7660,3.170874577,3.2719133346330556,0.10103875763305536
7680,3.650498327,3.8132208763835833,0.1627225493835831
7682,3.598495433,3.4078015655848066,0.19069386741519345
7702,5.187959729,4.964330750271901,0.22362897872809917
7704,3.427302355,4.10863691053686,0.6813345555368597
7706,2.772016695,3.2925340423438074,0.5205173473438074
7728,4.506802578,4.030346094029714,0.47645648397028584
7733,3.604015723,3.4771277004800814,0.1268880225199185
7750,3.524194739,3.570346871070465,0.04615213207046498
7758,4.045016386,3.5697992556954183,0.475217130304582
7768,3.699625088,3.286685021266758,0.4129400667332419
7771,3.417836912,3.305496081565736,0.11234083043426368
7777,3.322259645,3.597276115048951,0.27501647004895124
7778,3.78191646,3.6220241625400194,0.1598922974599808
7841,3.863454219,3.9783991054717047,0.11494488647170487
7847,3.558719282,3.4267632795279486,0.13195600247205164
7848,3.287061033,3.526344856720605,0.23928382372060497
7864,4.097635162,3.7657516856931057,0.33188347630689474
7943,3.56410995,3.148456476874461,0.415653473125539
7947,4.058139372,3.773149258834486,0.28499011316551437
7954,4.21414285,3.8668435925590106,0.34729925744098944
7962,3.350273868,3.3261245461649054,0.02414932183509455
7968,3.955480657,3.7672981763065785,0.18818248069342136
7970,3.73139496,3.962715694579369,0.23132073457936908
7974,3.566195402,3.607476952319253,0.04128155031925296
7975,3.578663764,3.8548674932645426,0.27620372926454273
7978,4.000645172,3.7156483952081603,0.2849967767918393
8015,3.033052749,3.3144626246233493,0.2814098756233494
8020,3.975443797,3.7853208709186803,0.19012292608131975
8021,4.3545054,3.9011730150359405,0.45333238496405937
8041,5.449209317,4.555692453355734,0.8935168636442663
8044,4.152609359,4.003096829713065,0.1495125292869357
8045,3.86381382,3.9962535646270756,0.13243974462707575
8046,4.754108184,4.1888247688126885,0.5652834151873112
8056,4.612549772,4.4024637449541455,0.21008602704585488
8057,4.586923573,4.633341588667931,0.04641801566793102
8064,3.542903402,3.5421960715894003,0.0007073304105995604
8066,4.212086778,4.2082224623585285,0.003864315641471272
8081,3.768416088,3.477287626820081,0.29112846117991875
8177,3.687055213,3.68960536600437,0.002550153004370337
8181,3.410217987,3.8122848951328345,0.40206690813283474
8206,2.946637821,3.49556003937371,0.5489222183737099
8207,2.930590896,3.440493524885279,0.5099026288852788
8214,3.83939382,4.006998450875905,0.16760463087590471
8224,3.16547044,3.4934559816268336,0.3279855416268336
8289,5.065812007,3.990778552736333,1.075033454263667
8294,3.816365749,3.582427466964303,0.23393828203569722
8300,5.192225154,4.358039370462296,0.8341857835377038
8307,3.43734884,3.29538755719946,0.14196128280053966
8321,3.083830964,3.190443260620466,0.10661229662046567
8322,3.183094192,3.121992000057786,0.06110219194221411
8323,3.057171442,3.8469613487264214,0.7897899067264214
8324,3.116445388,3.7665636583555737,0.6501182703555739
8353,2.907724785,2.679717671470039,0.22800711352996128
8373,3.570818164,3.8603923781856446,0.2895742141856448
8378,4.592455641,4.314708477900748,0.27774716309925207
8388,2.715295777,3.1600272870181656,0.44473151001816547
8392,3.534910936,3.6698283833372134,0.13491744733721323
8406,3.182710993,3.468559712438539,0.28584871943853907
8407,3.11266271,3.4248988147025985,0.31223610470259855
8411,3.081385318,3.893179610245321,0.8117942922453207
8437,2.890587259,3.1302569558565896,0.23966969685658945
8491,3.433206885,3.869092125182667,0.43588524018266694
8498,3.259438575,3.6345249418882033,0.3750863668882034
8502,3.167733703,3.1681096165212628,0.00037591352126264965
8520,3.821612659,3.7193592228008012,0.10225343619919869
8531,3.517005492,3.7663760995837334,0.24937060758373342
8532,3.959935631,3.7610778918083003,0.1988577391916997
8539,3.323681025,3.1558785642257594,0.16780246077424055
8574,3.946270566,4.064784514812795,0.11851394881279464
8577,3.643337919,3.889387814976762,0.24604989597676186
8580,3.847204422,4.130553137541343,0.2833487155413428
8581,3.661567845,3.908072528685038,0.2465046836850382
8587,3.595875351,3.9351874554906257,0.33931210449062554
8589,4.263524173,4.139409106352093,0.12411506664790739
8610,3.435108882,3.371045699459914,0.06406318254008614
8613,4.184695972,4.007202051266017,0.1774939207339834
8626,3.123538844,3.3675267703570753,0.24398792635707522
8632,2.503978903,2.782669451173252,0.2786905481732518
8648,3.061270228,3.2113703981894175,0.15010017018941735
8686,3.840140959,4.081211094791207,0.2410701357912064
8692,5.052199999,3.6713405520489744,1.3808594469510256
8697,5.204582531,3.520381136401422,1.6842013945985777
8709,3.999608959,4.644566574729642,0.6449576157296417
8746,3.844208377,3.950844726664366,0.10663634966436586
8748,4.148515252,3.925577257040711,0.22293799495928912
8752,3.908673448,3.901033538386712,0.007639909613287976
8755,4.02924738,3.8247687277755764,0.20447865222442374
8756,4.148360456,3.812317349077139,0.3360431069228609
8757,4.023355361,3.8153089763180286,0.20804638468197156
8779,3.201680545,3.860357599412479,0.6586770544124789
8814,4.142618126,3.9141022632448688,0.22851586275513158
8815,4.150869428,3.8973556557324573,0.2535137722675427
8816,3.928013628,4.007529054719446,0.07951542671944578
8817,3.912339746,4.007940986352999,0.0956012403529991
8818,3.78116998,4.149583918553374,0.36841393855337357
8819,3.741498664,4.029075669669701,0.2875770056697009
8820,4.050389885,4.100938955581849,0.05054907058184899
8823,3.970978794,4.014483212839513,0.04350441883951328
8829,3.512423708,3.826113788928973,0.3136900809289731
8835,3.916811368,3.7807563917490743,0.13605497625092555
8836,3.901161453,4.073457889481672,0.17229643648167192
8841,3.381094602,3.4856076138048064,0.10451301180480632
8887,3.744890963,3.6813295184338015,0.0635614445661985
8891,3.470167971,3.679944407421865,0.20977643642186505
8913,3.648563865,3.7870120024569474,0.1384481374569475
8936,4.053383322,3.1351196417824685,0.9182636802175317
8940,5.089371161,4.284165194655164,0.8052059663448361
8950,3.542155846,3.7798195856466896,0.23766373964668963
8953,3.605029558,3.4924812240466654,0.11254833395333463
8964,3.081078015,3.3296908519933646,0.24861283699336445
8965,3.806702924,3.6157246113410917,0.1909783126589084
8966,3.130436999,3.3091864227584504,0.17874942375845038
8967,3.091026072,3.393800545182501,0.30277447318250106
8976,1.408684211,2.363737834108046,0.9550536231080462
8996,3.794712804,3.7773671654106433,0.01734563858935667
8997,3.943421963,3.8126292687607446,0.13079269423925544
9010,3.679205566,3.6096068495481615,0.06959871645183835
9039,2.201315174,2.5594044086150194,0.3580892346150195
9049,4.13166485,3.5446284034786784,0.5870364465213216
9058,3.720391801,3.9222828467074886,0.20189104570748873
9061,3.599569631,4.016201255958853,0.41663162495885286
9112,3.732086845,4.052895103875268,0.32080825887526787
9115,4.592153654,3.9939372372251194,0.5982164167748802
9121,4.543864499,3.968460983271999,0.5754035157280009
9150,3.88019142,4.027855236429924,0.1476638164299242
9151,4.058018788,4.050108151241236,0.0079106367587638
9152,4.356966553,4.639485816822335,0.2825192638223344
9158,3.379087296,3.5904345287453556,0.21134723274535583
9174,3.694496308,3.777882937443242,0.08338662944324193
9180,2.935437108,3.371303683278807,0.4358665752788071
9199,3.497973131,3.5370487959230106,0.0390756649230104
9201,3.636892486,3.7555086761043506,0.11861619010435076
9240,3.61598595,3.7811056026841072,0.16511965268410744
9260,3.190779771,3.4816428704647597,0.29086309946475986
9284,2.944057492,2.662908508369572,0.2811489836304282
9290,3.34324065,3.1789730775505896,0.16426757244941026
9299,3.261769448,3.9821984422193832,0.7204289942193833
9305,4.237556304,4.506414453833427,0.26885814983342726
9329,3.977441908,3.761088977239796,0.21635293076020368
9333,4.209629892,4.188829968435665,0.020799923564334577
9334,4.10932759,4.166599014893496,0.05727142489349557
9335,3.764557005,3.670434928081891,0.09412207691810881
9343,3.759521293,3.9692851172378503,0.20976382423785012
9345,5.228414476,4.800004635903426,0.4284098400965739
9346,4.898538057,4.318175445966399,0.5803626110336007
9349,3.806007209,3.8734366831460276,0.06742947414602751
9400,5.589697157,4.5030684044729865,1.0866287525270133
9404,3.980292936,3.878319027601696,0.10197390839830422
9424,4.014831238,3.8285805750050987,0.18625066299490145
9429,3.741019019,3.906879057162434,0.165860038162434
9434,2.595702703,3.089805883505422,0.4941031805054217
9439,2.674420667,3.4060415479192394,0.7316208809192393
9440,4.106430067,3.5267158110947334,0.5797142559052664
9498,3.969571809,3.8327593630321783,0.13681244596782172
9499,4.124442847,4.391406699228225,0.2669638522282245
9503,3.146593102,4.490066630540657,1.3434735285406565
9505,3.935857001,3.23663964483026,0.6992173561697399
9519,4.125725183,4.522097283409932,0.3963721004099314
9520,4.111848349,3.9762012058807814,0.13564714311921833
9565,3.926153731,3.703010554581458,0.22314317641854187
9598,3.746749016,3.856523690464408,0.10977467446440814
9603,3.887954704,3.608165669840823,0.27978903415917733
9604,3.972866497,3.7952438426317374,0.17762265436826263
9618,3.787312503,4.1862826098743575,0.39897010687435763
9619,5.398686354,4.390070724590203,1.008615629409797
9620,4.953438554,4.671068215665155,0.2823703383348448
9621,5.191906146,4.648111655803037,0.5437944901969631
9622,4.072622988,4.163942439296884,0.09131945129688379
9642,4.051805885,4.123162751597124,0.07135686659712359
9643,4.589498326,4.213786828805071,0.3757114971949296
9672,3.641330535,3.9490633077956034,0.3077327727956036
9692,3.45388276,3.1708891934815573,0.28299356651844265
9693,2.594306899,2.3822402399748035,0.21206665902519672
9730,4.32960972,4.201753290910692,0.1278564290893076
9735,4.828441152,4.421308490582918,0.4071326614170818
9753,6.804812899,5.073397735276471,1.731415163723529
9779,3.97223939,3.6151526518635464,0.35708673813645353
9780,4.647946014,3.690032191564257,0.9579138224357435
9785,4.168091818,4.214356792629953,0.04626497462995349
9787,3.776327526,3.646406145089528,0.129921380910472
9793,3.90343869,4.059999762733036,0.156561072733036
9803,3.037032865,3.7996024444378564,0.7625695794378564
9829,3.383285289,3.683273581269939,0.2999882922699393
9840,3.854917066,3.8591780137749434,0.004260947774943347
9841,4.182679821,4.7424929732416725,0.5598131522416727
9849,3.373761767,3.47445026650279,0.10068849950279013
9852,3.5733121,3.48424519015812,0.08906690984187993
9871,3.712204237,4.3413413734622255,0.6291371364622256
9873,3.90778267,3.964080658739149,0.05629798873914904
9876,3.990780227,3.5532191979320378,0.43756102906796235
9878,4.524847601,3.662957657822047,0.8618899431779532
9905,3.656877113,3.199115118739516,0.45776199426048425
9917,4.359616223,4.155022085764591,0.20459413723540898
9933,4.53112282,5.094301668275607,0.5631788482756068
9934,4.599190705,4.551812660939683,0.04737804406031643
9936,4.53190789,4.550193844531553,0.018285954531553017
9967,5.257544872,5.536233500131944,0.2786886281319436
9970,5.310969304,5.0578812631183165,0.2530880408816838
9971,5.549540394,5.474905046531911,0.07463534746808875
9988,4.756474454,4.2904998316938645,0.4659746223061356
10014,4.001837035,4.129729688954122,0.12789265395412208
10035,3.72012353,4.585713523472067,0.8655899934720668
10036,2.857831648,4.364645391311151,1.506813743311151
10042,3.732616951,4.174482756972587,0.4418658059725873
10052,2.756970637,3.147537052679439,0.39056641567943906
10073,3.493347726,3.6460431953386276,0.15269546933862754
10074,2.973958077,3.069252116283713,0.09529403928371316
10075,2.957586328,3.1407611976573415,0.18317486965734142
10076,3.202166286,3.7933150711090398,0.5911487851090396
10088,3.81280347,4.027199310545357,0.21439584054535699
10092,3.748786884,3.8245306855575807,0.07574380155758087
10098,3.770360534,4.0243570837663265,0.2539965497663266
10099,4.144523615,4.080442450558924,0.0640811644410757
10115,3.4384664,3.4123117329787793,0.02615466702122049
10127,5.512870341,5.7447250421758715,0.23185470117587137
10135,3.14906508,3.6601961215480094,0.5111310415480093
10144,4.408393513,4.996477577109715,0.5880840641097151
10148,4.527145254,4.4249841035661905,0.10216115043380913
10149,3.251526366,3.6861004645096758,0.434574098509676
10188,3.899387,3.5147520758989628,0.38463492410103717
10191,3.524423662,4.1027102263311575,0.5782865643311577
10198,4.139064283,4.151085650630373,0.012021367630373092
10200,4.456124691,4.235058589344575,0.22106610165542495
10217,3.512929751,4.025196775467811,0.5122670244678109
10227,4.649901214,5.0716437982850495,0.42174258428504974
10231,4.266644517,4.584589774068319,0.31794525706831944
10242,4.716618437,5.125364719766022,0.408746282766022
10281,3.265456656,3.3618471922252784,0.09639053622527838
10285,3.266464079,3.3394151148029874,0.07295103580298745
10288,3.272966258,3.4341494570766353,0.16118319907663547
10289,3.61978181,3.5639455490774923,0.05583626092250782
10291,3.65650014,3.5911553809208843,0.06534475907911563
10293,3.626832904,3.6120250134450185,0.014807890554981551
10314,2.837921606,3.913434909012029,1.0755133030120287
10315,3.026845989,4.229467310605992,1.2026213216059922
10347,4.136186617,4.88449046467948,0.7483038476794803
10352,4.435402538,4.40999101276296,0.02541152523703971
10368,3.954877803,3.7522455241365944,0.20263227886340562
10369,3.618059444,3.789049879412154,0.17099043541215408
10370,3.519082099,3.5394082410458885,0.020326142045888673
10372,3.089708909,3.334739348527008,0.24503043952700798
10380,3.454023492,2.9537638817389427,0.5002596102610575
10385,2.836678497,3.7696669725519247,0.9329884755519249
10386,3.171824707,3.7879764020830238,0.6161516950830239
10387,2.553041525,3.869053545468279,1.3160120204682793
10388,2.26873472,3.8357416273680562,1.5670069073680564
10400,4.400438228,3.8754578557486634,0.5249803722513362
10413,3.244345562,4.152339041319223,0.9079934793192233
10416,2.970543158,3.133400803883016,0.1628576458830162
10473,4.09332244,3.476558847149336,0.6167635928506638
10474,3.325533648,2.8692505921560345,0.45628305584396545
10475,3.301625077,2.9069150629518417,0.39471001404815853
10476,3.595374955,3.2268623773012584,0.3685125776987417
10477,3.236873013,3.154678202509461,0.082194810490539
10481,3.505747955,3.2475050385930477,0.2582429164069522
10494,4.711428755,5.0222269180282595,0.31079816302825947
10495,3.387918134,3.6365321699835738,0.2486140359835738
10529,3.067619467,2.9371880488531557,0.13043141814684445
10531,3.838377971,4.173436263193212,0.3350582921932119
10545,2.217873319,3.1814531959006622,0.963579876900662
10550,3.439894544,3.90906913967819,0.4691745956781901
10554,4.169287128,4.511795380803137,0.3425082528031371
10561,3.843365165,3.783451658886755,0.059913506113244974
10573,3.869200278,3.605795409140978,0.26340486885902203
10607,3.478785443,3.4467850899039085,0.032000353096091505
10614,4.535849972,4.082519240212907,0.4533307317870934
10615,3.650172976,4.6304405452088835,0.9802675692088836
10623,4.218068459,4.383299740242652,0.16523128124265174
10628,3.673955143,3.437962221240369,0.23599292175963127
10632,3.102239013,3.5917911993241316,0.48955218632413144
10651,6.513829976,4.2711475789430535,2.2426823970569467
10661,3.103223895,3.473474694094005,0.3702507990940047
10673,2.79294515,3.7304485177494913,0.9375033677494913
10701,3.95492826,4.090454123809549,0.13552586380954867
10709,4.235228152,4.244845239900553,0.009617087900553045
10711,3.905151089,4.249852061755398,0.344700972755398
10714,3.068317821,3.403449121719416,0.3351313007194161
10715,3.30928028,3.053737764982599,0.2555425150174009
10719,3.61955728,2.9837580618087074,0.6357992181912926
10722,3.494647072,3.328217909359138,0.1664291626408616
10748,3.781336004,4.121450691659209,0.3401146876592094
10749,3.702622837,3.6398970489433276,0.06272578805667228
10750,3.72367845,3.769378212049562,0.045699762049562054
10758,4.119554447,3.8431109187028833,0.27644352829711627
10765,3.228099374,3.665146009363018,0.4370466353630178
10769,4.347322696,3.9404840027532484,0.4068386932467516
10774,3.464358375,3.729525973868086,0.2651675988680857
10783,4.173004245,4.036748602355805,0.13625564264419499
10784,2.866359346,2.703030484363739,0.16332886163626092
10790,3.585473138,3.748681504286311,0.16320836628631108
10791,4.109786238,3.7824139426130685,0.32737229538693136
10792,2.956957394,3.9356484801088065,0.9786910861088067
10796,3.139447025,3.9466305070914474,0.8071834820914474
10797,3.39471953,3.7849610919217214,0.3902415619217212
10799,3.878929115,3.210322985110503,0.668606129889497
10800,3.357477454,3.5360911951696936,0.17861374116969353
10806,3.428301314,3.7344712549232675,0.30616994092326744
10814,3.693255726,3.608538809379434,0.08471691662056591
10829,3.137984977,3.7138241609859333,0.5758391839859334
10835,2.952830267,3.1309172937088503,0.17808702670885035
10836,3.187299757,3.253398311390369,0.06609855439036894
10842,3.384915858,3.111068688068118,0.27384716993188185
10848,3.920937238,3.713320592036855,0.207616645963145
10852,3.087773533,3.167707893312002,0.07993436031200218
10858,2.837807345,3.3396136848034814,0.5018063398034815
10859,3.631563343,3.534643526484398,0.096919816515602
10866,4.028315755,3.854609193885484,0.17370656111451632
10870,2.965473475,3.666145679528592,0.7006722045285918
10871,3.673961715,3.437254880493909,0.23670683450609076
10879,3.9337954,3.7368106309386873,0.1969847690613129
10896,3.819899533,4.065071862839485,0.24517232983948478
10899,4.251769314,4.243327475542055,0.008441838457944328
10901,3.310068498,3.45867893375803,0.1486104357580298
10915,4.529497085,3.9702375504844976,0.5592595345155025
10934,2.916920893,3.1555537388325856,0.2386328458325857
10977,3.578739464,3.4115373400463875,0.16720212395361234
10984,3.709266932,3.5580396054267696,0.15122732657323024
10985,3.425371166,3.3981912671489978,0.02717989885100236
10991,2.938042577,3.129695759620733,0.19165318262073283
10997,3.380760225,3.3750232715454453,0.005736953454554605
10998,3.408370938,3.534638258423227,0.12626732042322697
11009,4.089636291,3.289608232590595,0.8000280584094046
11010,3.596720769,3.352214370926712,0.244506398073288
11011,3.028422125,3.540403554102771,0.5119814291027711
11012,3.725841843,3.7115521091612065,0.014289733838793506
11014,3.578230609,3.4977274559995606,0.0805031530004392
11021,3.888378898,3.67014590934751,0.21823298865249008
11038,3.10129827,3.3281144690188107,0.22681619901881067
11040,3.112785548,3.6053819213016363,0.4925963733016361
11044,3.646988041,3.8376158522123656,0.19062781121236538
11061,2.563747988,2.816269402165721,0.25252141416572105
11070,3.68690108,3.4979882613972637,0.18891281860273645
11074,3.378712756,4.08695360135886,0.7082408453588598
11077,4.201400159,3.8027173127073213,0.398682846292679
11089,3.222433206,3.3370673866615497,0.11463418066154984
11093,2.942508754,3.661299004711296,0.718790250711296
11109,3.493236316,3.926726238202277,0.433489922202277
11110,3.825147813,3.516951947760027,0.308195865239973
11111,3.381731624,3.6558878369577426,0.2741562129577426
11112,3.030688252,3.4186776631407496,0.3879894111407496
11116,3.303602793,3.6898393648338597,0.3862365718338596
11117,3.276798692,3.1720296445078486,0.10476904749215121
11122,3.630937135,4.304366590390255,0.6734294553902549
11147,3.478739087,3.30974704654588,0.1689920404541203
11151,3.672610722,3.5609965516164577,0.11161417038354227
11161,4.007282251,3.8424124895098823,0.164869761490118
11169,4.375615284,4.1801671065898365,0.19544817741016374
11178,3.025893813,3.6789981100302147,0.6531042970302146
11186,3.491953892,3.4031217805035583,0.08883211149644188
11193,3.657183949,3.0523131728081156,0.6048707761918846
11199,2.74095697,3.027520180162415,0.28656321016241515
11243,3.22398168,3.5623542988362282,0.33837261883622816
11258,3.412097504,4.160348615058503,0.7482511110585026
11265,3.394716224,4.680909837283659,1.2861936132836589
11312,3.111208728,3.030782440226414,0.08042628777358596
11314,3.334936033,3.1900688976387173,0.1448671353612827
11318,3.099619263,3.576218384636001,0.47659912163600104
11342,3.156893933,3.478485958833546,0.32159202583354585
11346,2.94098315,4.343879566032024,1.402896416032024
11351,3.395679666,4.111033215029173,0.7153535490291731
11354,3.131742982,3.4993305922598785,0.3675876102598785
11359,4.057223108,3.9684369320960577,0.08878617590394189
11363,3.26627744,3.520388232655929,0.25411079265592873
11368,3.246909179,3.2971141112153743,0.05020493221537414
11384,4.355892976,3.927376576168153,0.42851639983184686
11393,4.047480003,4.052858544748644,0.005378541748643606
11407,3.320655089,4.33431126195909,1.0136561729590894
11409,3.885742757,3.49937147624362,0.38637128075637994
11423,4.035046452,4.061955524519417,0.026909072519417876
11424,3.99292889,3.971068789732439,0.021860100267561133
11431,3.343025449,3.903366689426013,0.5603412404260126
11439,3.145094496,3.651481789362897,0.5063872933628968
11441,3.543632443,3.4568464570537176,0.08678598594628228
11446,3.145557218,3.7702236208374007,0.6246664028374007
11448,3.108811114,3.1924483812486217,0.08363726724862186
11454,3.946283792,3.7667492042627817,0.1795345877372183
11470,3.894019204,3.7039878086726046,0.19003139532739555
11478,4.254484968,4.40828035823203,0.15379539023203037
11486,3.645718693,3.6904492650801455,0.044730572080145414
11487,4.195182921,3.5672467889891672,0.6279361320108325
11511,3.166839446,3.59440169315199,0.42756224715199
11523,3.61034832,3.634141624113949,0.023793304113949088
11538,4.349184678,4.162808780765647,0.18637589723435344
11551,4.522563224,3.8372961315183036,0.6852670924816961
11552,4.867065122,3.8698648806605584,0.9972002413394412
11554,4.282727284,3.5274439267346382,0.7552833572653617
11556,4.200555403,3.6805197798439653,0.5200356231560348
11557,4.241677967,3.7691750114080884,0.4725029555919118
11566,3.139754935,3.657944750709717,0.5181898157097171
11567,3.460051472,3.627298203356698,0.16724673135669788
11605,3.173416147,3.17933531255501,0.005919165555009709
11609,3.447705208,3.8653529691213073,0.4176477611213074
11625,3.141359177,3.422052792617883,0.2806936156178832
11637,3.693150417,3.722613472835299,0.029463055835298846
11656,4.046339056,3.839992018849354,0.20634703715064573
11669,4.062729472,3.7699476513992862,0.2927818206007138
11671,4.299192748,4.057656870583892,0.2415358774161085
11680,4.218768994,3.9632624967742736,0.2555064972257268
11681,4.631549032,4.1517989450555115,0.4797500869444882
11682,4.321431335,3.8078666505876764,0.5135646844123234
11683,4.212419724,3.9581714853886263,0.2542482386113738
11691,4.154749364,4.145145487820778,0.00960387617922187
11711,3.845678779,3.4402005147670827,0.40547826423291733
11751,3.138469014,3.4757336370900704,0.33726462309007044
11756,4.031836488,3.183056757588294,0.8487797304117057
11760,4.199566011,3.9996206120254763,0.19994539897452368
11865,3.665696551,3.3410089243450742,0.3246876266549257
11878,4.156163422,4.216000082276031,0.05983666027603096
11879,3.322293045,3.71469460968275,0.3924015646827499
11909,5.646518902,3.9581960563520635,1.6883228456479369
11926,5.137317766,4.461424207329113,0.6758935586708867
11928,2.767199948,3.587990000657408,0.8207900526574079
11948,4.054938462,3.774600892373718,0.280337569626282
11965,3.895132367,4.048049882190923,0.15291751519092278
11977,3.547575469,3.325841015103872,0.2217344538961279
11978,3.610063296,3.3926562260246085,0.2174070699753914
11979,3.277215264,3.247050806014353,0.030164457985647264
11981,3.458489562,3.4403171888422412,0.01817237315775877
11982,3.848158315,3.6775104403267482,0.17064787467325182
11989,3.469716273,3.560376175702273,0.09065990270227298
12046,4.063793695,3.8214693303245144,0.2423243646754858
12047,4.02647512,4.1051961484856685,0.07872102848566875
12058,3.656327727,3.2995253833023397,0.3568023436976602
12102,3.185706574,2.8280429471965967,0.35766362680340347
12106,3.513295957,2.7235747243331025,0.7897212326668974
12135,3.152636863,2.690827544286641,0.46180931871335895
12136,3.650332154,3.9768992728614903,0.32656711886149026
12216,5.185191225,4.782853557132277,0.40233766786772307
12258,4.609491743,3.5311870299483936,1.0783047130516068
12262,4.133441254,4.235587354218379,0.10214610021837878
12283,3.348545453,3.4812071213506783,0.1326616683506785
12284,3.525022414,3.8468711963284594,0.3218487823284595
12285,3.510834699,3.8208209302353313,0.3099862312353312
12286,3.701984688,3.7606413464064623,0.05865665840646228
12287,3.434568904,3.59288781871456,0.15831891471456006
12293,4.944172571,3.767933976914395,1.1762385940856053
12304,3.491325923,3.27202362848144,0.2193022945185601
12310,3.209002137,3.3189811643091853,0.10997902730918518
12428,3.673545555,3.7827330020108505,0.10918744701085048
12430,3.677962029,3.7899363953335077,0.11197436633350755
12465,3.549066789,3.9758770382575856,0.4268102492575858
12468,3.873357868,3.731262196732063,0.14209567126793665
12471,3.544640935,3.2838620020443456,0.26077893295565424
12474,3.361457589,3.781767428282097,0.4203098392820972
12477,3.48953994,3.6314903589598675,0.1419504189598677
12480,3.644059278,3.5467231785441777,0.09733609945582211
12507,3.097329965,3.5097112778027637,0.4123813128027636
12512,4.837061566,4.1009422657241235,0.7361193002758766
12513,3.096952124,3.5184370491753034,0.42148492517530345
12515,3.438605956,3.408839117621493,0.02976683837850702
12516,3.40924022,3.3914740719612713,0.01776614803872878
12527,3.57072775,3.958362760789863,0.38763501078986273
12567,3.594771268,3.341532500020604,0.25323876797939615
12576,3.328854417,3.355669685922418,0.026815268922418145
12580,3.99883852,3.3694309332810715,0.6294075867189286
12587,3.697560917,3.4929285581713803,0.20463235882861985
12591,3.33842816,3.734443366804352,0.3960152068043521
12592,3.238676434,3.666323720493113,0.4276472864931131
12593,3.255703406,3.458416097345224,0.20271269134522418
12594,4.660371163,4.389406339853991,0.27096482314600845
12597,3.45361059,3.282674721897252,0.17093586810274797
12610,3.6186097,3.859855570399138,0.24124587039913825
12612,3.68754807,3.7110966346769825,0.02354856467698241
12627,5.068497098,4.277280939053522,0.7912161589464777
12628,5.835853534,4.25372785527411,1.5821256787258902
12629,4.960345924,3.889505725904504,1.0708401980954965
12631,4.673634012,4.211777222417951,0.4618567895820487
12632,4.010464678,3.6319019137399358,0.3785627642600642
12633,4.939535517,4.104888374781676,0.8346471422183246
12636,4.530998817,4.381077792770827,0.1499210242291733
12637,4.807430095,4.303032966946944,0.5043971280530561
12639,4.800555287,4.236739094624751,0.5638161923752492
12651,4.967714325,4.381853370539187,0.5858609544608129
12656,4.493190535,4.18119996746488,0.31199056753512
12657,4.671204521,4.360777202205864,0.31042731879413576
12660,4.945454847,4.251618903532525,0.6938359434674748
12684,4.601534177,3.8758112277439984,0.7257229492560011
12689,3.62891779,3.7790782016799147,0.15016041167991467
12697,3.750355467,3.819299163324029,0.06894369632402908
12719,3.612381153,3.7364448532755676,0.12406370027556779
12720,3.415752152,3.801202391794356,0.385450239794356
12749,3.847757688,3.6881029476917297,0.15965474030827043
12751,4.337744038,4.402628992985356,0.06488495498535585
12752,3.833739625,3.515502805473035,0.31823681952696514
12754,4.299395848,3.8689388016737283,0.43045704632627135
12757,5.741086023,4.263382356849351,1.4777036661506493
12759,4.167900434,4.233533421633065,0.06563298763306502
12760,4.34016923,4.054205941442709,0.2859632885572907
12761,5.225924097,4.401272616903141,0.8246514800968594
12762,5.404596576,4.305121220927225,1.0994753550727756
12783,3.487253418,3.4490298598200764,0.03822355817992351
12796,4.039179805,3.824551226718672,0.21462857828132798
12815,3.387912801,3.845705407873362,0.45779260687336176
12855,4.382719275,4.113371817991533,0.2693474570084673
12856,3.649823409,3.56462094055275,0.0852024684472501
12858,4.114496606,4.106983398945736,0.007513207054264726
12868,3.463992472,3.793839005368468,0.3298465333684679
12883,3.970631585,3.7600899889552553,0.21054159604474476
12885,3.566256463,3.70783440408173,0.14157794108172972
12886,3.566288044,3.5240155719045894,0.04227247209541085
12899,3.584856003,3.641442199613904,0.05658619661390407
12901,3.560067711,3.7557756893579564,0.1957079783579565
12909,4.58077025,3.8007704227213783,0.7799998272786213
12910,3.606540664,3.7904392722365765,0.18389860823657633
12920,4.107125138,3.7943289871503003,0.3127961508496995
12935,3.905419756,3.9932740966209233,0.08785434062092312
12949,3.958842494,3.871391633554594,0.08745086044540606
12950,4.083781231,3.9166353994575496,0.1671458315424501
12953,3.444291208,3.6830808278933915,0.23878961989339142
12957,3.517720125,3.5795837709503635,0.061863645950363644
12966,3.666335673,3.633922797137308,0.03241287586269204
12967,3.967541736,3.7434825226444373,0.22405921335556256
12968,3.377878251,3.3433786104283603,0.03449964057163957
12976,3.765586072,3.5565507922135082,0.20903527978649183
12979,4.643378643,4.039946103222139,0.6034325397778613
12982,3.560058285,3.426825113374216,0.1332331716257844
12984,4.358741732,3.5508213312346038,0.8079204007653966
12996,3.643008284,3.5927039537222063,0.050304330277793685
13001,7.350914459,3.3024605731865666,4.048453885813434
13036,4.927958125,3.848774331238667,1.079183793761333
13042,3.724541342,3.9932320652629816,0.2686907232629814
13057,3.240350807,3.946048714511004,0.7056979075110039
13093,3.933830926,3.4570043778994517,0.4768265481005485
13098,3.77350565,3.625261522147862,0.14824412785213825
13100,3.995279229,4.000678107757237,0.005398878757236769
13101,3.375490471,3.772699879440629,0.397209408440629
13114,3.618070521,4.152087279550448,0.5340167585504485
13134,3.730935048,3.7200642884665016,0.010870759533498475
13162,4.526500815,3.7741974883582494,0.7523033266417509
13170,3.832572775,3.567505765617593,0.265067009382407
13172,3.641321812,3.6842704865736544,0.042948674573654255
13197,4.254286987,3.9305323739662392,0.3237546130337612
13207,3.443598816,3.827025531909139,0.3834267159091387
13223,3.27479035,3.4231456667692854,0.14835531676928548
13227,4.217773377,3.919369507954481,0.2984038690455195
13255,4.073554925,3.6569471623156535,0.4166077626843463
13284,3.356259818,3.8919573679609303,0.5356975499609304
13310,3.751680432,3.5725325375324313,0.17914789446756885
13325,3.824163039,3.41132318365375,0.41283985534625023
13338,4.055070257,2.9898388801196005,1.0652313768803992
13340,4.910719668,4.102543201756513,0.8081764662434869
13344,4.87818314,4.173561136946507,0.7046220030534931
13350,3.933278442,4.123938904233713,0.19066046223371247
13351,3.709086644,3.690972580289923,0.018114063710076955
13382,3.733248868,3.580383965477176,0.15286490252282414
13386,3.664348116,3.6170849581638755,0.04726315783612467
13388,3.477407795,3.6242057437815562,0.14679794878155628
13389,3.49860412,3.804640183499964,0.30603606349996415
13416,3.433044071,3.62133439169665,0.18829032069664997
13440,3.533695815,4.028076159320514,0.4943803443205135
13442,3.566195402,3.6008436951318084,0.034648293131808394
13448,3.651985451,3.626008354178808,0.025977096821191648
13481,3.598642018,3.5591061716104706,0.03953584638952945
13515,3.57426283,3.113508424003468,0.46075440599653206
13529,3.776217183,4.060295874351854,0.28407869135185404
13556,3.412307635,3.7935563636455982,0.38124872864559833
13557,3.480284195,3.4553089987384666,0.024975196261533217
13564,3.372135091,3.6964896553312787,0.3243545643312786
13565,4.108976349,3.5739764290325375,0.5349999199674622
13567,3.688572358,3.914303745658552,0.22573138765855205
13570,4.413144032,4.537257628248652,0.1241135962486517
13575,4.525680874,4.0901112384064024,0.4355696355935974
13577,4.305233105,4.248134141253889,0.05709896374611123
13589,4.344547945,4.086203932180667,0.2583440128193333
13671,3.919689035,4.098879530350954,0.17919049535095422
13685,3.443638431,3.502481446211856,0.058843015211855754
13687,3.949061966,3.43318044900764,0.5158815169923598
13689,2.857937674,3.178558479992104,0.3206208059921041
13691,3.288423624,3.264400770771889,0.02402285322811082
13694,3.459915437,3.6985403557200582,0.23862491872005842
13697,3.902131932,3.688294648567805,0.21383728343219488
13702,4.040275004,3.8486837091430273,0.19159129485697246
13703,4.158685747,3.888845113510587,0.2698406334894128
13704,3.70411833,3.698178970352727,0.00593935964727299
13717,3.866575929,3.934921607530225,0.06834567853022477
13718,3.433616244,3.702083500486643,0.2684672564866428
13719,3.662381707,3.6540027967179896,0.008378910282010654
13743,3.752996362,3.789946752823622,0.03695039082362195
13750,3.758886221,3.5203502900794157,0.23853593092058434
13752,3.79236,3.518627130924033,0.27373286907596706
13753,4.294357455,4.147522786157386,0.1468346688426143
13765,4.348700177,4.010252779242809,0.33844739775719024
13766,4.348700177,3.949365812990058,0.3993343640099414
13768,4.061946999,4.130440577988769,0.06849357898876907
13778,3.711775103,3.855715638347176,0.1439405353471761
13782,4.062571241,3.9407037463788464,0.12186749462115332
13794,3.714884849,3.681786798433467,0.03309805056653303
13804,4.064383104,3.8587699292871385,0.20561317471286156
13815,3.280109225,3.696142697594016,0.416033472594016
13817,3.893959109,3.783852476826623,0.1101066321733768
13823,4.221064865,3.556108815789344,0.6649560492106557
13826,3.950661053,3.724958937732446,0.22570211526755424
13832,3.933941454,4.205491472612667,0.2715500186126665
13845,3.513199837,3.649153655857322,0.13595381885732172
13852,3.265346208,3.56221481338609,0.29686860538609006
13862,3.997433194,4.272068569180389,0.27463537518038894
13864,3.484107086,3.9032748142954317,0.4191677282954318
13887,3.739501708,4.308954854028507,0.5694531460285073
13892,3.601258005,3.621855660355277,0.020597655355277134
13893,3.494627606,3.665358966048069,0.1707313600480691
13907,3.768347347,3.8049203808163288,0.03657303381632859
13908,4.099371746,3.922738375619396,0.17663337038060423
13911,4.281967144,3.81355148356593,0.46841566043407035
13922,3.691769601,3.806799144954616,0.11502954395461629
13929,3.412804822,3.8772968406259065,0.4644920186259065
13938,3.625767775,3.853217309003363,0.22744953400336287
13942,3.331734939,3.3866665752974567,0.05493163629745679
13946,4.28873922,4.100153964811414,0.1885852551885865
13947,3.802890954,3.8673932139470506,0.06450225994705061
13961,4.15086044,3.7790129815865163,0.37184745841348343
13968,4.114605647,3.863950366734194,0.2506552802658062
13976,3.853995721,4.164324019581413,0.31032829858141264
13987,3.779721433,4.715959642101578,0.9362382091015777
13989,3.758611847,4.066303163471989,0.3076913164719892
13993,4.107197246,4.417040436938146,0.30984319093814605
14001,3.74471338,3.982044545153961,0.2373311651539609
14008,4.235399654,4.322893559346211,0.08749390534621071
14009,3.837459646,4.130863123031186,0.29340347703118574
14057,3.719841532,3.967035062436861,0.24719353043686132
14065,3.85980069,4.024336606268396,0.16453591626839614
14076,4.808138022,3.6937393485186782,1.1143986734813214
14084,3.806229653,3.6867731379254396,0.11945651507456034
14086,3.539615494,3.8090523387678625,0.26943684476786256
14088,4.357512014,3.666548929146693,0.690963084853307
14096,3.435740874,3.5127925384543164,0.07705166445431644
14106,3.515036941,3.76234895545287,0.24731201445287
14112,4.013194159,4.092334884797723,0.07914072579772302
14118,3.449807402,4.2442737190268796,0.7944663170268798
14124,3.493660085,3.625316722091034,0.1316566370910337
14151,3.670630132,3.8360422884365843,0.16541215643658447
14159,3.425874788,3.9004305512853477,0.4745557632853479
14164,4.074031652,4.124596852040067,0.05056520004006693
14165,4.075621349,4.077104282228694,0.0014829332286936392
14173,4.625108159,4.030278127399047,0.5948300316009529
14179,3.886479982,3.894933029112015,0.008453047112015
14185,3.734932634,3.6906056599937695,0.044326974006230646
14189,3.769305219,3.4102177202648374,0.35908749873516266
14191,3.985274871,3.23710289662192,0.7481719743780801
14193,3.677039601,3.7932818234502923,0.11624222245029214
14194,3.273112437,3.3360815969403865,0.06296915994038654
14215,3.665174334,3.6921403139255995,0.02696597992559946
14216,4.115697267,4.125400132794023,0.009702865794023019
14223,4.426083706,3.9292201460570624,0.4968635599429376
14241,4.065041648,3.7025165269173916,0.3625251210826086
14242,3.924869577,3.5424399792335786,0.3824295977664214
14245,3.667524662,3.352609165330771,0.3149154966692289
14247,3.732186904,3.7879753541549444,0.05578845015494416
14281,3.504604506,3.5300888807175728,0.02548437471757259
14289,3.81805874,3.9871499168418563,0.16909117684185615
14299,2.872062317,3.2237823994167853,0.3517200824167852
14319,2.850673061,3.285248929569689,0.4345758685696888
14323,2.559048291,2.921487266710511,0.3624389757105111
14324,2.318244253,2.5698213384519613,0.2515770854519612
14325,4.130745438,3.122718462980499,1.0080269750195008
14331,2.933797207,3.2768776785635554,0.34308047156355537
14363,3.068209989,3.3648477904914045,0.2966378014914044
14378,2.919025973,3.5545446692515377,0.6355186962515376
14379,2.986261235,3.479583182034165,0.49332194703416477
14386,3.102533177,3.103256326779416,0.0007231497794157882
14387,3.238500243,3.9417909954456043,0.7032907524456045
14388,3.124342802,3.424666528263427,0.30032372626342685
14409,3.576149963,3.5472175856821275,0.028932377317872682
14410,3.014563515,3.7548353088114617,0.7402717938114618
14426,3.547497341,3.6271100335131448,0.07961269251314462
14427,3.588242309,3.783638257489687,0.19539594848968722
14428,2.789725347,3.289010904749275,0.49928555774927474
14430,3.82266742,3.56352264424676,0.25914477575324035
14433,4.725913333,4.0117621662598815,0.7141511667401188
14435,3.270785553,3.8496162513510193,0.5788306983510192
14436,3.286218178,3.371729299585505,0.08551112158550511
14456,3.412383258,3.783251732414458,0.3708684744144577
14459,3.366815046,3.5249124136847123,0.15809736768471216
14460,3.39223428,3.774078785229177,0.38184450522917723
14462,3.416174347,3.5559609516452944,0.13978660464529424
14505,4.458497389,4.0772679469362805,0.3812294420637192
14506,3.976859111,4.042049432409072,0.06519032140907166
14507,3.607826057,3.94298592796856,0.3351598709685599
14508,3.656205648,4.180762699109394,0.5245570511093942
14533,3.44364251,3.729370803603782,0.28572829360378194
14547,3.586007483,3.716113097407733,0.13010561440773305
14548,4.047280061,3.8766591169605986,0.17062094403940176
14549,3.971520315,3.99708403653537,0.02556372153537012
14576,4.078123912,3.9263041349791696,0.15181977702083005
14579,4.278263519,4.02628909341915,0.25197442558085026
14588,4.345905809,3.607247064204303,0.7386587447956967
14593,3.9995043,3.300857265659375,0.6986470343406248
14623,4.230862712,5.179721431340809,0.9488587193408087
14627,4.980140446,4.962543478294821,0.017596967705179267
14631,3.342721272,3.849923792455195,0.5072025204551949
14698,2.008411762,2.2074887340174714,0.1990769720174712
14704,3.769784189,3.8714784071429094,0.10169421814290924
14726,3.509758816,3.502793306814279,0.0069655091857212525
14727,3.490502061,3.229440069848553,0.2610619911514469
14731,6.098517976,3.702438654221934,2.3960793217780663
14750,3.700145242,3.8900519996697898,0.1899067576697897
14752,3.977317129,4.05966857726828,0.08235144826827989
14753,3.993613327,3.9738753435551604,0.019737983444839458
14754,3.922127299,4.201560835947642,0.2794335369476424
14755,3.621507458,3.81715282473335,0.1956453667333502
14756,3.532064199,3.7279091762691112,0.1958449772691111
14775,4.017582124,3.4177434745312825,0.5998386494687171
14830,3.47000792,3.6944868156660107,0.22447889566601065
14833,3.485342791,3.937135528990743,0.45179273799074293
14842,3.491895283,3.7069366411790616,0.21504135817906178
14884,3.456592101,2.911301853941814,0.545290247058186
14885,3.398234791,3.0720499746153624,0.3261848163846377
14888,3.348717354,2.926197303123055,0.42252005087694533
14889,2.764001435,2.957886748405053,0.19388531340505288
14890,3.397135495,3.1404181588977744,0.2567173361022257
14891,3.251693636,2.9590707714553,0.2926228645447
14892,3.129860564,3.1372326773997323,0.007372113399732427
14893,3.340055824,3.087071505214859,0.2529843187851406
14910,3.364045909,3.7810484656132433,0.41700255661324315
14927,3.656185675,4.0647430687480535,0.40855739374805333
14962,4.266425745,3.9019931825154863,0.36443256248451394
14987,3.634790827,3.8988373905517153,0.2640465635517155
14989,3.347276592,3.669075668293062,0.32179907629306204
14996,4.029905429,3.4546211411960988,0.5752842878039015
14997,3.939057757,3.4935322395892205,0.4455255174107795
15006,3.660396008,3.6568876210207404,0.0035083869792598144
15009,3.794204931,3.3394349292376218,0.45477000176237814
15010,2.827901569,2.8529413602901954,0.025039791290195623
15018,3.885191541,3.5987942895907454,0.28639725140925476
15026,3.651017408,3.2385474554956355,0.41246995250436447
15050,3.568710841,3.447045075978623,0.12166576502137705
15061,3.104035435,3.719834933778406,0.6157994987784057
15062,3.067517202,3.6174613543178964,0.5499441523178965
15068,3.352689864,3.5388829997064746,0.18619313570647478
15070,3.739882275,3.7174460640415945,0.02243621095840531
15075,3.168026307,3.5867204355242475,0.4186941285242476
15081,3.406335758,3.353657677401706,0.05267808059829404
15084,3.657538438,3.519886667244647,0.13765177075535284
15086,3.64139478,3.5631917913961066,0.07820298860389352
15092,3.82834229,4.316420991000454,0.4880787010004539
15105,3.903832658,4.349198715001258,0.44536605700125786
15136,2.778810234,2.9558350521065533,0.17702481810655346
15138,3.827870926,3.5595995418032396,0.26827138419676055
15140,4.984245526,3.977851488887133,1.0063940371128668
15141,3.229663359,3.8215142320163373,0.5918508730163374
15142,2.964752091,3.002330106120801,0.03757801512080139
15159,3.286038782,3.329578050044352,0.04353926804435204
15169,4.21550009,3.1668312921958854,1.0486687978041145
15194,4.02383296,3.4450332381939526,0.5787997218060474
15198,2.721630546,3.1141604898252604,0.3925299438252603
15207,3.597559382,3.915363212251454,0.31780383025145387
15211,2.84359869,2.9822902358180965,0.13869154581809662
15249,4.020135186,4.22166594147917,0.20153075547916988
15252,4.127417513,4.19084730081873,0.06342978781872954
15255,3.36290797,3.4775956878791265,0.11468771787912635
15263,2.54438949,2.629068111572085,0.08467862157208517
15266,3.028521549,3.289399012785258,0.260877463785258
15270,3.316366694,3.1859535838073074,0.13041311019269264
15280,3.769476234,3.3602869714693977,0.40918926253060217
15282,3.717814293,3.8671515951281563,0.14933730212815632
15297,3.186271819,3.6279803996372952,0.44170858063729534
15298,3.463413906,3.448419560677354,0.014994345322646208
15301,4.268586041,3.8634384272083016,0.4051476137916983
15315,3.054861917,3.491915703207655,0.43705378620765467
15317,3.305252391,3.2109323706997404,0.09432002030025943
15320,3.581637955,3.6182000875074682,0.03656213250746809
15326,3.751372597,3.723703623577468,0.02766897342253216
15330,5.999438622,4.354546312035634,1.6448923099643666
15347,2.813398604,3.1303638138976497,0.31696520989764965
15348,3.206711737,3.020023353162209,0.18668838383779107
15350,2.657071158,3.5117748194683434,0.8547036614683434
15351,3.83566521,2.7291186516918815,1.1065465583081187
15352,3.927259123,3.759364730095445,0.16789439290455466
15371,4.449772458,3.9867208320410747,0.46305162595892524
15379,3.258598709,3.6114367221164945,0.3528380131164943
15380,4.29439886,3.6639798612800765,0.6304189987199238
15383,2.489295204,2.6390752343372164,0.14978003033721654
15390,3.38440539,3.153113862154718,0.23129152784528184
15391,3.153570981,3.153018503905498,0.000552477094502013
15393,3.726664639,3.50209748840948,0.22456715059052001
15394,3.746611961,3.648528290372675,0.09808367062732515
15395,3.258598709,3.6681252523270995,0.40952654332709937
15396,3.532140074,3.6946619886477228,0.1625219146477228
15397,3.801483338,3.7206683914906815,0.08081494650931864
15398,3.818334312,3.882616140723752,0.06428182872375166
15418,2.952229911,3.253193123249774,0.30096321224977407
15431,3.907724785,3.650231892800365,0.2574928921996351
15434,3.34850541,3.4390700447136426,0.09056463471364262
15437,3.119671871,3.2256828328700244,0.10601096187002446
15450,3.326121848,3.6696116737299533,0.34348982572995324
15464,3.448300428,3.2494336903567027,0.19886673764329732
15465,3.233605219,3.330118645618906,0.09651342661890583
15467,3.977270085,3.984788218423908,0.007518133423908058
15480,4.397752739,3.8946864502233063,0.5030662887766941
15484,5.57960832,4.621306485467867,0.9583018345321328
15485,5.029984069,5.189768465415277,0.15978439641527675
15489,4.299413587,3.8046723774160665,0.49474120958393364
15501,2.980526029,3.340658894441896,0.36013286544189604
15506,3.069507766,3.295370426226152,0.22586266022615176
15507,3.489110614,3.5675258587063756,0.07841524470637573
15512,3.547164049,3.5260643594468806,0.02109968955311947
15513,4.147875266,3.9637366403146594,0.18413862568534034
15537,3.981256695,3.850953330541976,0.13030336445802382
15538,3.442829595,3.5719314318148627,0.12910183681486265
15543,3.189367085,3.145437839095209,0.04392924590479108
15586,3.285060568,3.330692175335436,0.04563160733543592
15588,3.404690984,3.4027369253984427,0.0019540586015573957
15613,3.099166376,3.586202909646328,0.48703653364632826
15615,3.444822229,3.743257530100264,0.29843530110026384
15618,3.746833594,3.9843712749414033,0.23753768094140337
15624,3.673840117,3.4448517756199926,0.22898834138000757
15631,2.45787258,3.4618092633806263,1.0039366833806262
15654,3.819939925,3.585516781204028,0.23442314379597207
15662,2.792876148,3.3665938272150107,0.5737176792150107
15702,3.641178318,3.600350585031632,0.04082773296836795
15707,3.26106837,3.772226672763162,0.5111583027631621
15717,3.876857662,3.329201251468049,0.547656410531951
15724,6.156551105,3.8388028580095637,2.3177482469904365
15749,3.447733091,3.526482293185513,0.07874920218551296
15761,3.551216842,3.4808934101168734,0.07032343188312673
15767,3.365566705,3.675233895011603,0.30966719001160303
15777,3.219314645,3.4409383365668953,0.22162369156689543
15778,3.660066297,3.727460211629762,0.06739391462976174
15779,3.339281452,3.496960498638831,0.15767904663883137
15781,3.370115409,3.5873586848251278,0.21724327582512792
15782,3.53938267,3.6441734479444654,0.10479077794446523
15784,3.25235402,3.506149936794902,0.253795916794902
15785,3.475738221,3.8259352734678704,0.3501970524678706
15786,3.567356507,3.8566596710644263,0.28930316406442635
15787,3.4245044,3.7551200229194395,0.33061562291943947
15789,3.653839375,3.9359363169726476,0.28209694197264756
15830,3.841937311,3.982132118140395,0.14019480714039467
15864,4.619790148,4.868053017349729,0.24826286934972952
15892,2.459390168,2.8475656752109364,0.3881755072109363
15906,4.212128984,4.341367816457585,0.1292388324575855
15909,5.041261061,5.433836806207736,0.3925757452077354
15917,2.517728389,3.226649811057964,0.7089214220579638
15930,2.271643381,3.3458933105778437,1.0742499295778436
15931,2.6113097,3.498000600504242,0.886690900504242
15943,3.880496804,3.674256205656168,0.20624059834383202
15946,1.787038019,2.7562100494042214,0.9691720304042215
15969,3.973095867,3.778658593694185,0.19443727330581506
15977,1.837752793,3.573451677963014,1.7356988849630142
15978,1.834159054,3.4514330872294954,1.6172740332294955
16003,3.284733966,3.869101678211845,0.5843677122118449
16024,3.512422315,3.5636922631653896,0.05126994816538977
16074,4.207449578,3.6260004871833584,0.5814490908166419
16082,3.634880141,3.9344629455768083,0.2995828045768083
16126,3.535606027,3.5317624676005885,0.0038435593994115003
16130,4.166510038,4.104945110493223,0.06156492750677689
16146,3.872320838,3.363840182175459,0.5084806558245409
16160,3.056543135,3.711893610341226,0.6553504753412258
16164,3.204122781,2.9527039127770394,0.2514188682229608
16166,3.225725281,3.231413990149654,0.0056887091496542475
16168,3.243501876,3.245066801424719,0.001564925424719199
16176,3.67335119,3.6442651354903295,0.0290860545096705
16177,3.669802848,3.7937522892124322,0.12394944121243245
16178,4.002712722,3.770472535695378,0.23224018630462195
16228,3.720214024,3.7831291959158455,0.06291517191584539
16237,3.987800286,3.7826015728379656,0.20519871316203453
16248,3.490931085,3.912835254026382,0.42190416902638184
16251,3.727624172,3.7159446886976717,0.011679483302328375
16260,3.138025363,3.1918325707183777,0.05380720771837755
16264,3.307484152,3.4931537119469036,0.18566955994690382
16282,3.883371948,3.8540111754213315,0.029360772578668648
16291,3.141366223,3.578681727197486,0.4373155041974859
16304,3.37705697,3.9107751585316843,0.5337181885316844
16308,3.317784852,3.1952102390401276,0.12257461295987238
16319,4.135844267,4.283330689761872,0.14748642276187152
16332,3.330547397,3.493117710683948,0.1625703136839478
16377,2.22645316,2.9303534665631283,0.7039003065631282
16380,3.009732595,3.306244197796901,0.29651160279690103
16381,2.515264204,3.162818042044683,0.6475538380446828
16382,2.915119743,3.42405274839007,0.50893300539007
16395,4.102784066,4.551430862734298,0.4486467967342982
16404,3.575210099,3.479562241195142,0.09564785780485785
16405,3.502795217,2.985277475318963,0.5175177416810373
16413,3.316542733,3.7268834257090067,0.41034069270900675
16438,3.81000196,3.5479504385418865,0.2620515214581136
16441,3.723525372,3.834849889271499,0.11132451727149872
16447,3.924368319,3.9392286923172097,0.014860373317209685
16449,2.928507868,3.176214855572953,0.24770698757295273
16451,3.622803442,3.647260442556028,0.024457000556028063
16456,3.257482286,3.60106372386468,0.34358143786468
16461,3.86652178,3.6246387887909255,0.2418829912090743
16465,3.809317671,3.315995247129905,0.49332242387009506
16483,3.984037612,3.4997157323009023,0.48432187969909757
