ligand_id,role,max_tanimoto_to_train,nearest_training_id
8,calibration,0.5897435897435898,11
29,calibration,0.34375,42
31,calibration,0.4915254237288136,35
37,calibration,0.40384615384615385,3426
51,calibration,0.5428571428571428,8288
52,calibration,0.5106382978723404,53
68,calibration,0.5384615384615384,920
79,calibration,0.7631578947368421,2467
85,calibration,0.6470588235294118,2207
94,calibration,0.8,12753
96,calibration,0.4418604651162791,5845
98,calibration,0.48333333333333334,4057
103,calibration,0.4897959183673469,567
129,calibration,0.7727272727272727,12053
138,calibration,0.4166666666666667,1017
140,calibration,0.30612244897959184,10247
171,calibration,0.38,15971
201,calibration,0.9310344827586207,6097
202,calibration,0.55,5615
216,calibration,0.2857142857142857,1946
219,calibration,0.5416666666666666,463
222,calibration,0.5961538461538461,15827
228,calibration,0.5272727272727272,265
236,calibration,0.5925925925925926,70
241,calibration,0.39823008849557523,11863
253,calibration,0.3402061855670103,6215
254,calibration,0.375,16013
275,calibration,0.5476190476190477,7122
284,calibration,0.5862068965517241,3469
332,calibration,0.4375,5897
334,calibration,0.6,5730
339,calibration,0.4594594594594595,337
364,calibration,0.23076923076923078,8710
368,calibration,0.375,1892
374,calibration,0.4,1999
405,calibration,0.26153846153846155,6731
420,calibration,0.5789473684210527,392
421,calibration,0.313953488372093,14566
427,calibration,0.5490196078431373,3576
438,calibration,0.5161290322580645,4496
442,calibration,0.2962962962962963,411
467,calibration,0.3684210526315789,946
469,calibration,0.5555555555555556,1137
476,calibration,0.5151515151515151,16412
478,calibration,0.5384615384615384,989
479,calibration,0.34615384615384615,1021
486,calibration,0.46153846153846156,77
490,calibration,0.5294117647058824,2907
498,calibration,0.5581395348837209,495
501,calibration,0.5,263
507,calibration,0.4423076923076923,491
512,calibration,0.5833333333333334,9491
524,calibration,0.5,2805
525,calibration,0.5135135135135135,3696
540,calibration,0.5588235294117647,6613
580,calibration,0.4426229508196721,5770
592,calibration,0.5272727272727272,2527
617,calibration,0.425,8695
621,calibration,0.23376623376623376,647
626,calibration,0.36507936507936506,653
634,calibration,0.3448275862068966,3214
642,calibration,0.4117647058823529,7553
649,calibration,0.3584905660377358,12481
677,calibration,0.68,14647
681,calibration,0.40625,1035
683,calibration,0.4074074074074074,423
699,calibration,0.5135135135135135,9309
703,calibration,0.4117647058823529,1908
709,calibration,0.5925925925925926,3493
714,calibration,0.5555555555555556,2136
721,calibration,0.4603174603174603,4057
728,calibration,0.7555555555555555,16305
731,calibration,0.5,937
762,calibration,0.5714285714285714,1077
766,calibration,0.3815789473684211,1939
767,calibration,0.48,1939
768,calibration,0.5833333333333334,6328
769,calibration,0.4383561643835616,240
772,calibration,0.5740740740740741,1159
811,calibration,0.5897435897435898,3386
816,calibration,0.5862068965517241,1771
831,calibration,0.375,1311
834,calibration,0.5161290322580645,14447
842,calibration,0.5849056603773585,5468
856,calibration,0.4230769230769231,1676
863,calibration,0.47058823529411764,6922
879,calibration,0.36666666666666664,6116
881,calibration,0.5333333333333333,5504
883,calibration,0.4358974358974359,48
896,calibration,0.5,2243
899,calibration,0.43333333333333335,911
912,calibration,0.47368421052631576,11449
921,calibration,0.5833333333333334,7556
931,calibration,0.6875,15700
932,calibration,0.42857142857142855,1358
944,calibration,0.4411764705882353,4277
945,calibration,0.5142857142857142,1655
952,calibration,0.375,967
954,calibration,0.3888888888888889,1668
968,calibration,0.5588235294117647,2341
982,calibration,0.3333333333333333,1093
991,calibration,0.4074074074074074,1160
994,calibration,0.32432432432432434,993
1001,calibration,0.5,2243
1002,calibration,0.4074074074074074,2507
1006,calibration,0.46875,10763
1011,calibration,0.5454545454545454,1010
1026,calibration,0.5666666666666667,3814
1043,calibration,0.5666666666666667,966
1056,calibration,0.5,5214
1059,calibration,0.3181818181818182,1811
1062,calibration,0.5384615384615384,2329
1076,calibration,0.35714285714285715,1137
1080,calibration,0.4375,529
1084,calibration,0.5555555555555556,1090
1095,calibration,0.5416666666666666,1092
1111,calibration,0.5666666666666667,2945
1116,calibration,0.43478260869565216,3123
1131,calibration,0.5483870967741935,16129
1142,calibration,0.44954128440366975,7158
1151,calibration,0.47058823529411764,11211
1169,calibration,0.5882352941176471,9556
1174,calibration,0.6285714285714286,566
1185,calibration,0.55,7122
1186,calibration,0.5151515151515151,964
1208,calibration,0.25,528
1211,calibration,0.3333333333333333,962
1220,calibration,0.44954128440366975,7158
1234,calibration,0.23255813953488372,13616
1254,calibration,0.5,12025
1263,calibration,0.29411764705882354,1262
1268,calibration,0.5555555555555556,1137
1275,calibration,0.5166666666666667,4016
1279,calibration,0.3582089552238806,3573
1282,calibration,0.53125,1112
1284,calibration,0.5135135135135135,4940
1293,calibration,0.4864864864864865,9328
1301,calibration,0.3333333333333333,1355
1306,calibration,0.6176470588235294,130
1308,calibration,0.5,5873
1312,calibration,0.6333333333333333,1309
1315,calibration,0.4827586206896552,1579
1316,calibration,0.4583333333333333,1314
1317,calibration,0.4230769230769231,1314
1318,calibration,0.5,1310
1323,calibration,0.5,1321
1326,calibration,0.47368421052631576,16321
1327,calibration,0.5087719298245614,1106
1330,calibration,0.5882352941176471,8413
1332,calibration,0.5428571428571428,1121
1333,calibration,0.358974358974359,11547
1339,calibration,0.5581395348837209,2545
1359,calibration,0.3333333333333333,1601
1364,calibration,0.48,1070
1378,calibration,0.4782608695652174,2249
1381,calibration,0.5555555555555556,2260
1387,calibration,0.7659574468085106,2346
1393,calibration,0.45454545454545453,4025
1401,calibration,0.5833333333333334,1203
1413,calibration,0.42857142857142855,3101
1436,calibration,0.5964912280701754,1518
1444,calibration,0.5882352941176471,12825
1459,calibration,0.65,3386
1466,calibration,0.5172413793103449,1721
1470,calibration,0.475,6462
1471,calibration,0.48936170212765956,16050
1490,calibration,0.36363636363636365,1057
1497,calibration,0.7105263157894737,456
1504,calibration,0.4647887323943662,6578
1520,calibration,0.3409090909090909,7756
1521,calibration,0.3142857142857143,300
1527,calibration,0.6,1526
1530,calibration,0.6,593
1532,calibration,0.3939393939393939,1721
1546,calibration,0.5675675675675675,3554
1554,calibration,0.45454545454545453,13761
1565,calibration,0.5757575757575758,1178
1567,calibration,0.48,1822
1571,calibration,0.5,16454
1577,calibration,0.3,1064
1592,calibration,0.5172413793103449,4924
1602,calibration,0.375,1
1604,calibration,0.46808510638297873,2697
1612,calibration,0.5,90
1613,calibration,0.5576923076923077,6337
1615,calibration,0.75,12019
1619,calibration,0.5,12758
1626,calibration,0.5945945945945946,11090
1646,calibration,0.4166666666666667,15237
1649,calibration,0.5370370370370371,1106
1654,calibration,0.5333333333333333,946
1663,calibration,0.41509433962264153,9088
1664,calibration,0.375,4148
1666,calibration,0.5555555555555556,1822
1670,calibration,0.5833333333333334,15304
1681,calibration,0.375,888
1687,calibration,0.5769230769230769,1690
1691,calibration,0.42857142857142855,6922
1698,calibration,0.6,556
1709,calibration,0.47297297297297297,14587
1713,calibration,0.425,14587
1717,calibration,0.5454545454545454,1716
1742,calibration,0.5714285714285714,6960
1744,calibration,0.5,260
1746,calibration,0.41935483870967744,1690
1747,calibration,0.6538461538461539,1690
1751,calibration,0.4827586206896552,966
1754,calibration,0.47619047619047616,2244
1758,calibration,0.5714285714285714,1085
1759,calibration,0.5714285714285714,1085
1762,calibration,0.3902439024390244,855
1763,calibration,0.425,7637
1764,calibration,0.5384615384615384,208
1768,calibration,0.6764705882352942,2365
1774,calibration,0.6046511627906976,3549
1775,calibration,0.2916666666666667,11578
1789,calibration,0.4838709677419355,14447
1793,calibration,0.37142857142857144,15384
1797,calibration,0.7142857142857143,1796
1805,calibration,0.4838709677419355,1677
1813,calibration,0.5,1085
1814,calibration,0.35294117647058826,1960
1816,calibration,0.4230769230769231,3487
1823,calibration,0.5,3787
1828,calibration,0.4722222222222222,2211
1835,calibration,0.3,1449
1837,calibration,0.475,7361
1845,calibration,0.7209302325581395,1891
1847,calibration,0.49019607843137253,1929
1852,calibration,0.35714285714285715,832
1866,calibration,0.5789473684210527,1868
1878,calibration,0.35,11215
1895,calibration,0.5517241379310345,15237
1899,calibration,0.36231884057971014,5440
1901,calibration,0.6666666666666666,2853
1909,calibration,0.32,10641
1916,calibration,0.5853658536585366,2916
1917,calibration,0.5588235294117647,10821
1918,calibration,0.4782608695652174,13535
1919,calibration,0.5714285714285714,13220
1920,calibration,0.7560975609756098,1891
1940,calibration,0.375,16013
1947,calibration,0.3783783783783784,9162
1948,calibration,0.391304347826087,1492
1950,calibration,0.5833333333333334,16090
1963,calibration,0.78125,9000
1980,calibration,0.4444444444444444,15423
1983,calibration,0.41379310344827586,9162
1986,calibration,0.3076923076923077,648
1991,calibration,0.48,7865
1995,calibration,0.46875,15933
2001,calibration,0.525,3554
2006,calibration,0.36,926
2012,calibration,0.5833333333333334,10616
2014,calibration,0.5945945945945946,13561
2018,calibration,0.4772727272727273,7556
2021,calibration,0.4090909090909091,3557
2022,calibration,0.5849056603773585,2961
2024,calibration,0.5142857142857142,3557
2031,calibration,0.8235294117647058,3277
2070,calibration,0.5,2937
2071,calibration,0.5,15145
2075,calibration,0.65,2929
2080,calibration,0.6578947368421053,2083
2087,calibration,0.4262295081967213,82
2103,calibration,0.5833333333333334,2105
2104,calibration,0.53125,1677
2106,calibration,0.5862068965517241,1677
2108,calibration,0.43333333333333335,3968
2111,calibration,0.391304347826087,15430
2122,calibration,0.4883720930232558,7556
2125,calibration,0.36363636363636365,15621
2126,calibration,0.6451612903225806,789
2128,calibration,0.3333333333333333,15621
2135,calibration,0.2716049382716049,15622
2138,calibration,0.5,1395
2159,calibration,0.47619047619047616,984
2161,calibration,0.5952380952380952,746
2165,calibration,0.5681818181818182,746
2169,calibration,0.5961538461538461,16305
2172,calibration,0.7333333333333333,2862
2180,calibration,0.7441860465116279,7699
2190,calibration,0.6595744680851063,16299
2192,calibration,0.3855421686746988,6215
2193,calibration,0.5581395348837209,472
2217,calibration,0.49056603773584906,12928
2219,calibration,0.3888888888888889,377
2223,calibration,0.4,2598
2229,calibration,0.375,712
2231,calibration,0.5555555555555556,1203
2237,calibration,0.5,16496
2242,calibration,0.5,1557
2247,calibration,0.5652173913043478,2249
2257,calibration,0.6,2259
2258,calibration,0.5833333333333334,2346
2277,calibration,0.5614035087719298,2256
2295,calibration,0.52,2294
2297,calibration,0.35714285714285715,11096
2309,calibration,0.5111111111111111,3820
2313,calibration,0.43902439024390244,15911
2326,calibration,0.16666666666666666,680
2331,calibration,0.5714285714285714,15571
2338,calibration,0.2978723404255319,10667
2353,calibration,0.44,3487
2357,calibration,0.5581395348837209,2365
2360,calibration,0.42857142857142855,3789
2364,calibration,0.4915254237288136,14202
2381,calibration,0.5423728813559322,3094
2388,calibration,0.5,5649
2399,calibration,0.44,16442
2408,calibration,0.3684210526315789,887
2417,calibration,0.5172413793103449,3948
2440,calibration,0.38636363636363635,2441
2443,calibration,0.5833333333333334,946
2448,calibration,0.4878048780487805,2449
2451,calibration,0.5416666666666666,8537
2461,calibration,0.4230769230769231,3732
2463,calibration,0.4444444444444444,383
2464,calibration,0.35,1120
2471,calibration,0.4594594594594595,1481
2473,calibration,0.45,2421
2493,calibration,0.4626865671641791,568
2495,calibration,0.4634146341463415,3470
2501,calibration,0.5925925925925926,2500
2502,calibration,0.3125,2787
2515,calibration,0.48,531
2528,calibration,0.46875,13809
2540,calibration,0.4117647058823529,14271
2541,calibration,0.28,1514
2588,calibration,0.4166666666666667,70
2603,calibration,0.391304347826087,5570
2629,calibration,0.37142857142857144,9309
2631,calibration,0.39215686274509803,3815
2643,calibration,0.4444444444444444,1206
2646,calibration,0.5555555555555556,3071
2692,calibration,0.5714285714285714,1012
2699,calibration,0.4827586206896552,948
2710,calibration,0.44285714285714284,15096
2711,calibration,0.391304347826087,189
2716,calibration,0.42424242424242425,6269
2731,calibration,0.3855421686746988,6215
2742,calibration,0.6875,2695
2761,calibration,0.5185185185185185,14079
2764,calibration,0.45,9727
2768,calibration,0.4117647058823529,15629
2777,calibration,0.5294117647058824,8607
2795,calibration,0.7,15078
2796,calibration,0.5909090909090909,1300
2803,calibration,0.5142857142857142,3677
2827,calibration,0.5,1815
2828,calibration,0.3793103448275862,15697
2834,calibration,0.5714285714285714,14626
2842,calibration,0.46875,15933
2847,calibration,0.4107142857142857,5873
2850,calibration,0.7209302325581395,2861
2869,calibration,0.41935483870967744,12575
2910,calibration,0.48333333333333334,82
2924,calibration,0.5853658536585366,2916
2941,calibration,0.4318181818181818,11090
2948,calibration,0.34146341463414637,4256
2952,calibration,0.52,12429
2953,calibration,0.6363636363636364,5108
2954,calibration,0.5161290322580645,3560
2968,calibration,0.5918367346938775,2964
2971,calibration,0.45454545454545453,10752
2978,calibration,0.5,2962
2988,calibration,0.574468085106383,1360
2993,calibration,0.5294117647058824,2994
2997,calibration,0.39344262295081966,12620
3010,calibration,0.6808510638297872,15243
3023,calibration,0.5277777777777778,6613
3027,calibration,0.7073170731707317,10578
3029,calibration,0.48717948717948717,8302
3049,calibration,0.38461538461538464,3188
3055,calibration,0.43902439024390244,1366
3092,calibration,0.45,12993
3103,calibration,0.4473684210526316,2154
3109,calibration,0.6785714285714286,3086
3112,calibration,0.5454545454545454,3108
3114,calibration,0.5454545454545454,4096
3115,calibration,0.5405405405405406,4691
3130,calibration,0.4666666666666667,1168
3169,calibration,0.6216216216216216,4095
3171,calibration,0.5945945945945946,4118
3174,calibration,0.41379310344827586,9162
3183,calibration,0.4,1010
3218,calibration,0.37037037037037035,10862
3229,calibration,0.4444444444444444,1295
3235,calibration,0.4166666666666667,1721
3245,calibration,0.4264705882352941,9452
3247,calibration,0.5975609756097561,8492
3253,calibration,0.5652173913043478,5143
3255,calibration,0.45161290322580644,58
3257,calibration,0.5416666666666666,15358
3266,calibration,0.48717948717948717,2116
3269,calibration,0.3902439024390244,940
3275,calibration,0.5789473684210527,2214
3282,calibration,0.5517241379310345,969
3284,calibration,0.5217391304347826,10693
3325,calibration,0.5555555555555556,3847
3326,calibration,0.5454545454545454,3847
3334,calibration,0.4375,2294
3338,calibration,0.5918367346938775,6483
3339,calibration,0.5272727272727272,6483
3346,calibration,0.5454545454545454,3847
3347,calibration,0.5517241379310345,1998
3348,calibration,0.44,12928
3353,calibration,0.425,4719
3358,calibration,0.5660377358490566,3847
3360,calibration,0.5303030303030303,6578
3370,calibration,0.4888888888888889,12063
3389,calibration,0.5,10685
3397,calibration,0.4909090909090909,8671
3400,calibration,0.4,3197
3423,calibration,0.3,60
3432,calibration,0.5416666666666666,3454
3435,calibration,0.2777777777777778,11156
3444,calibration,0.5588235294117647,13809
3448,calibration,0.45714285714285713,12340
3456,calibration,0.5217391304347826,13196
3460,calibration,0.43478260869565216,984
3461,calibration,0.5384615384615384,2691
3475,calibration,0.46875,15237
3476,calibration,0.3541666666666667,6849
3479,calibration,0.4482758620689655,3454
3481,calibration,0.37037037037037035,15400
3504,calibration,0.5757575757575758,11090
3505,calibration,0.44642857142857145,11606
3511,calibration,0.4339622641509434,2085
3516,calibration,0.43333333333333335,710
3524,calibration,0.4791666666666667,6325
3536,calibration,0.5294117647058824,12579
3537,calibration,0.5272727272727272,10685
3543,calibration,0.5813953488372093,4285
3546,calibration,0.4444444444444444,7384
3551,calibration,0.5961538461538461,1106
3570,calibration,0.5555555555555556,3568
3584,calibration,0.39215686274509803,8492
3610,calibration,0.5641025641025641,5245
3611,calibration,0.3888888888888889,1864
3614,calibration,0.32,1486
3616,calibration,0.35,15444
3628,calibration,0.5666666666666667,964
3634,calibration,0.4827586206896552,10805
3643,calibration,0.5517241379310345,9694
3660,calibration,0.391304347826087,1488
3661,calibration,0.5166666666666667,258
3662,calibration,0.696969696969697,3559
3663,calibration,0.5454545454545454,3664
3678,calibration,0.5555555555555556,127
3681,calibration,0.5294117647058824,2102
3698,calibration,0.25,6835
3700,calibration,0.36363636363636365,4025
3702,calibration,0.3157894736842105,15036
3703,calibration,0.41935483870967744,1192
3706,calibration,0.3191489361702128,6180
3713,calibration,0.5185185185185185,710
3718,calibration,0.59375,6613
3723,calibration,0.3333333333333333,3226
3731,calibration,0.5263157894736842,3726
3738,calibration,0.5,5593
3748,calibration,0.4,11212
3760,calibration,0.6153846153846154,3493
3773,calibration,0.25,2264
3780,calibration,0.4523809523809524,13246
3791,calibration,0.5945945945945946,566
3805,calibration,0.5185185185185185,3819
3807,calibration,0.43333333333333335,11643
3809,calibration,0.4,5344
3817,calibration,0.4883720930232558,11630
3824,calibration,0.5172413793103449,2945
3831,calibration,0.3870967741935484,5703
3841,calibration,0.3333333333333333,7514
3842,calibration,0.6,3872
3843,calibration,0.5531914893617021,3854
3844,calibration,0.5454545454545454,3847
3845,calibration,0.5454545454545454,3847
3850,calibration,0.42857142857142855,3872
3851,calibration,0.42857142857142855,3872
3862,calibration,0.625,3872
3863,calibration,0.6,3872
3864,calibration,0.5769230769230769,3872
3865,calibration,0.5769230769230769,3872
3866,calibration,0.6,3872
3867,calibration,0.5384615384615384,3872
3868,calibration,0.6122448979591837,3872
3873,calibration,0.5714285714285714,3874
3875,calibration,0.5294117647058824,9437
3878,calibration,0.5245901639344263,3872
3882,calibration,0.5094339622641509,9612
3885,calibration,0.5818181818181818,3874
3886,calibration,0.625,3872
3895,calibration,0.46153846153846156,3872
3899,calibration,0.3684210526315789,2767
3907,calibration,0.30303030303030304,1836
3911,calibration,0.40625,1032
3922,calibration,0.6086956521739131,3073
3926,calibration,0.509090909090909,568
3934,calibration,0.5932203389830508,8911
3940,calibration,0.65,3386
3942,calibration,0.5555555555555556,3950
3943,calibration,0.5952380952380952,3950
3944,calibration,0.5384615384615384,5271
3946,calibration,0.6097560975609756,13287
3964,calibration,0.3548387096774194,74
3967,calibration,0.2727272727272727,8492
3972,calibration,0.5,2507
3979,calibration,0.5405405405405406,3472
3981,calibration,0.47058823529411764,3203
3982,calibration,0.5588235294117647,3489
4000,calibration,0.42424242424242425,12893
4002,calibration,0.5116279069767442,566
4017,calibration,0.45454545454545453,8751
4030,calibration,0.5142857142857142,3274
4045,calibration,0.6875,4037
4061,calibration,0.45,5815
4065,calibration,0.7777777777777778,1100
4068,calibration,0.5555555555555556,9969
4073,calibration,0.5,10181
4082,calibration,0.2727272727272727,3523
4088,calibration,0.6,3276
4094,calibration,0.9655172413793104,4095
4109,calibration,0.42857142857142855,13174
4117,calibration,0.8666666666666667,4095
4123,calibration,0.43478260869565216,11129
4125,calibration,0.4,3557
4132,calibration,0.2871287128712871,10407
4134,calibration,0.4659090909090909,10407
4139,calibration,0.32727272727272727,2276
4141,calibration,0.36666666666666664,1045
4149,calibration,0.5,15078
4150,calibration,0.40625,9745
4152,calibration,0.35,11307
4155,calibration,0.0625,3141
4159,calibration,0.5227272727272727,604
4160,calibration,0.3194444444444444,1273
4161,calibration,0.6129032258064516,7373
4163,calibration,0.3389830508474576,1152
4186,calibration,0.5079365079365079,3209
4188,calibration,0.5,3209
4190,calibration,0.5573770491803278,3209
4194,calibration,0.4507042253521127,3209
4195,calibration,0.4423076923076923,8536
4201,calibration,0.5882352941176471,10211
4203,calibration,0.515625,3209
4204,calibration,0.5,3434
4209,calibration,0.38461538461538464,4208
4215,calibration,0.5,1081
4222,calibration,0.5757575757575758,4865
4229,calibration,0.509090909090909,4417
4243,calibration,0.5405405405405406,1834
4250,calibration,0.30434782608695654,15428
4251,calibration,0.5102040816326531,14049
4252,calibration,0.5102040816326531,14049
4263,calibration,0.4666666666666667,1010
4289,calibration,0.5652173913043478,13354
4299,calibration,0.5384615384615384,4406
4336,calibration,0.575,3204
4337,calibration,0.5208333333333334,9139
4338,calibration,0.28888888888888886,1273
4348,calibration,0.37209302325581395,15658
4354,calibration,0.5057471264367817,10407
4367,calibration,0.5816326530612245,3044
4409,calibration,0.2857142857142857,858
4410,calibration,0.6481481481481481,4890
4412,calibration,0.5714285714285714,3352
4413,calibration,0.5833333333333334,3297
4414,calibration,0.4375,8238
4421,calibration,0.5833333333333334,1601
4438,calibration,0.813953488372093,10713
4443,calibration,0.5909090909090909,10705
4444,calibration,0.475,2116
4445,calibration,0.5277777777777778,415
4447,calibration,0.40816326530612246,2116
4460,calibration,0.4838709677419355,6355
4463,calibration,0.5384615384615384,3297
4464,calibration,0.48148148148148145,948
4466,calibration,0.5384615384615384,4877
4473,calibration,0.56,3297
4476,calibration,0.3953488372093023,5483
4512,calibration,0.4074074074074074,5060
4519,calibration,0.5294117647058824,9624
4520,calibration,0.5555555555555556,9982
4522,calibration,0.46511627906976744,4523
4537,calibration,0.38235294117647056,3993
4545,calibration,0.5208333333333334,4601
4546,calibration,0.53125,92
4547,calibration,0.2903225806451613,14990
4563,calibration,0.44,961
4571,calibration,0.5238095238095238,16420
4597,calibration,0.6764705882352942,5009
4602,calibration,0.5555555555555556,4561
4624,calibration,0.4666666666666667,4625
4647,calibration,0.40816326530612246,11371
4677,calibration,0.5957446808510638,4701
4678,calibration,0.6304347826086957,10713
4686,calibration,0.41304347826086957,4691
4687,calibration,0.41025641025641024,4096
4703,calibration,0.8,4425
4711,calibration,0.25,383
4712,calibration,0.43478260869565216,4717
4728,calibration,0.45652173913043476,566
4729,calibration,0.525,566
4730,calibration,0.4074074074074074,5535
4733,calibration,0.47058823529411764,1581
4769,calibration,0.4444444444444444,11341
4787,calibration,0.6590909090909091,9682
4788,calibration,0.48717948717948717,907
4789,calibration,0.41304347826086957,907
4790,calibration,0.41304347826086957,907
4805,calibration,0.4318181818181818,907
4809,calibration,0.36,10705
4810,calibration,0.25675675675675674,16266
4811,calibration,0.2777777777777778,11302
4812,calibration,0.25675675675675674,16266
4818,calibration,0.4827586206896552,2788
4835,calibration,0.5,6083
4837,calibration,0.5443037974683544,2956
4842,calibration,0.6888888888888889,4196
4847,calibration,0.5769230769230769,6118
4856,calibration,0.3235294117647059,15697
4858,calibration,0.6981132075471698,8572
4872,calibration,0.2647058823529412,50
4874,calibration,0.5,452
4875,calibration,0.5714285714285714,9484
4876,calibration,0.3333333333333333,986
4881,calibration,0.5142857142857142,7739
4887,calibration,0.5714285714285714,3352
4891,calibration,0.6511627906976745,12290
4892,calibration,0.5348837209302325,3204
4903,calibration,0.25,11769
4905,calibration,0.5490196078431373,265
4922,calibration,0.36666666666666664,2249
4925,calibration,0.475,2116
4926,calibration,0.46511627906976744,2116
4930,calibration,0.5135135135135135,415
4931,calibration,0.48717948717948717,415
4938,calibration,0.59375,15171
4941,calibration,0.5952380952380952,746
4944,calibration,0.43333333333333335,4221
4946,calibration,0.6,4960
4955,calibration,0.3181818181818182,15247
4959,calibration,0.5909090909090909,4960
4969,calibration,0.24,2146
4974,calibration,0.6923076923076923,4973
4978,calibration,0.38235294117647056,2340
4982,calibration,0.475,2116
4984,calibration,0.425531914893617,2116
4987,calibration,0.47619047619047616,415
5000,calibration,0.5333333333333333,3362
5003,calibration,0.46511627906976744,269
5006,calibration,0.43283582089552236,15622
5010,calibration,0.5227272727272727,5009
5011,calibration,0.5348837209302325,5009
5012,calibration,0.575,5009
5013,calibration,0.5476190476190477,5009
5014,calibration,0.5,5009
5015,calibration,0.5454545454545454,5009
5037,calibration,0.2962962962962963,1366
5038,calibration,0.30357142857142855,10682
5040,calibration,0.3939393939393939,3392
5057,calibration,0.5714285714285714,6083
5059,calibration,0.4375,5525
5063,calibration,0.5588235294117647,6180
5074,calibration,0.5,710
5077,calibration,0.3469387755102041,2367
5087,calibration,0.5945945945945946,15700
5088,calibration,0.5641025641025641,15700
5094,calibration,0.2988505747126437,3556
5105,calibration,0.8378378378378378,5106
5126,calibration,0.5517241379310345,4499
5133,calibration,0.27906976744186046,10771
5138,calibration,0.5,459
5139,calibration,0.34615384615384615,567
5144,calibration,0.42,4612
5155,calibration,0.28,12222
5156,calibration,0.275,1224
5157,calibration,0.5348837209302325,8847
5163,calibration,0.35555555555555557,3823
5199,calibration,0.6842105263157895,4745
5202,calibration,0.5490196078431373,9612
5203,calibration,0.5283018867924528,9612
5213,calibration,0.7272727272727273,5219
5215,calibration,0.7096774193548387,5216
5217,calibration,0.71875,5216
5218,calibration,0.75,5216
5228,calibration,0.5294117647058824,797
5239,calibration,0.5853658536585366,9683
5249,calibration,0.5151515151515151,2775
5251,calibration,0.5652173913043478,4964
5261,calibration,0.5227272727272727,53
5267,calibration,0.5151515151515151,14457
5270,calibration,0.5833333333333334,307
5302,calibration,0.5964912280701754,5294
5305,calibration,0.8076923076923077,5298
5307,calibration,0.25806451612903225,6288
5308,calibration,0.265625,6288
5309,calibration,0.37142857142857144,16496
5357,calibration,0.5581395348837209,12970
5358,calibration,0.4883720930232558,12925
5360,calibration,0.5918367346938775,5359
5361,calibration,0.5294117647058824,5359
5362,calibration,0.4864864864864865,3716
5380,calibration,0.7674418604651163,5669
5385,calibration,0.56,5392
5393,calibration,0.8478260869565217,5394
5401,calibration,0.3488372093023256,7145
5415,calibration,0.7894736842105263,5999
5416,calibration,0.5111111111111111,5999
5421,calibration,0.2857142857142857,4086
5429,calibration,0.55,2214
5431,calibration,0.25862068965517243,10678
5444,calibration,0.5555555555555556,8413
5445,calibration,0.5405405405405406,8413
5447,calibration,0.44680851063829785,4785
5472,calibration,0.5581395348837209,5998
5487,calibration,0.673469387755102,5007
5488,calibration,0.7291666666666666,5008
5489,calibration,0.7291666666666666,5008
5492,calibration,0.47540983606557374,5008
5493,calibration,0.4603174603174603,5008
5503,calibration,0.5769230769230769,12658
5506,calibration,0.45161290322580644,1429
5511,calibration,0.6666666666666666,10705
5513,calibration,0.3103448275862069,1273
5526,calibration,0.5932203389830508,5740
5548,calibration,0.5,1836
5572,calibration,0.5862068965517241,1821
5579,calibration,0.41935483870967744,4156
5595,calibration,0.7450980392156863,14712
5608,calibration,0.46,13210
5612,calibration,0.48717948717948717,307
5643,calibration,0.5476190476190477,5675
5644,calibration,0.43137254901960786,5641
5659,calibration,0.4523809523809524,13986
5666,calibration,0.5111111111111111,3545
5689,calibration,0.31746031746031744,8733
5710,calibration,0.6857142857142857,5706
5715,calibration,0.6764705882352942,5716
5732,calibration,0.7435897435897436,5519
5735,calibration,0.5,5738
5744,calibration,0.6666666666666666,2115
5746,calibration,0.5,3545
5751,calibration,0.574468085106383,774
5767,calibration,0.4594594594594595,4714
5797,calibration,0.5135135135135135,4641
5798,calibration,0.42857142857142855,5189
5799,calibration,0.38235294117647056,4106
5800,calibration,0.5116279069767442,10506
5801,calibration,0.32653061224489793,10588
5802,calibration,0.45652173913043476,10506
5803,calibration,0.3333333333333333,4641
5805,calibration,0.3409090909090909,4641
5828,calibration,0.3333333333333333,1492
5846,calibration,0.5454545454545454,2023
5851,calibration,0.8444444444444444,5901
5853,calibration,0.7843137254901961,5901
5855,calibration,0.851063829787234,5857
5858,calibration,0.7924528301886793,5857
5860,calibration,0.53125,5859
5863,calibration,0.5161290322580645,5862
5869,calibration,0.42592592592592593,14434
5877,calibration,0.8620689655172413,11992
5895,calibration,0.5111111111111111,5245
5896,calibration,0.32075471698113206,11160
5910,calibration,0.56,5916
5950,calibration,0.8333333333333334,5953
5955,calibration,0.4878048780487805,13530
5964,calibration,0.35714285714285715,5958
5984,calibration,0.24489795918367346,12882
5985,calibration,0.20930232558139536,2480
5995,calibration,0.3793103448275862,10798
6008,calibration,0.48484848484848486,3127
6015,calibration,0.6551724137931034,3804
6018,calibration,0.5151515151515151,3804
6019,calibration,0.7931034482758621,3804
6033,calibration,0.5769230769230769,3650
6035,calibration,0.5208333333333334,4301
6039,calibration,0.5434782608695652,4301
6040,calibration,0.5098039215686274,4303
6044,calibration,0.47368421052631576,70
6051,calibration,0.4857142857142857,6049
6053,calibration,0.6666666666666666,3386
6055,calibration,0.5208333333333334,4301
6057,calibration,0.56,3297
6072,calibration,0.5641025641025641,11030
6076,calibration,0.5714285714285714,15933
6081,calibration,0.46808510638297873,11602
6085,calibration,0.5609756097560976,6092
6086,calibration,0.5111111111111111,6092
6087,calibration,0.5111111111111111,6092
6088,calibration,0.4791666666666667,6092
6089,calibration,0.41818181818181815,6092
6090,calibration,0.41818181818181815,6092
6091,calibration,0.45098039215686275,6092
6094,calibration,0.6046511627906976,6092
6099,calibration,0.34375,10267
6106,calibration,0.8,11715
6111,calibration,0.5862068965517241,16412
6115,calibration,0.3333333333333333,9563
6124,calibration,0.5581395348837209,3123
6128,calibration,0.5833333333333334,6130
6129,calibration,0.4794520547945205,6139
6132,calibration,0.6129032258064516,6139
6141,calibration,0.5161290322580645,15237
6145,calibration,0.38095238095238093,1829
6151,calibration,0.88,6150
6154,calibration,0.5409836065573771,6153
6178,calibration,0.45,12993
6206,calibration,0.6216216216216216,6398
6239,calibration,0.6829268292682927,6251
6241,calibration,0.7380952380952381,6253
6242,calibration,0.7777777777777778,5977
6254,calibration,0.5957446808510638,6243
6271,calibration,0.5853658536585366,11949
6272,calibration,0.5581395348837209,11949
6273,calibration,0.7027027027027027,5947
6277,calibration,0.45161290322580644,1045
6280,calibration,0.39285714285714285,2863
6281,calibration,0.3684210526315789,2863
6282,calibration,0.33962264150943394,7494
6283,calibration,0.375,15213
6302,calibration,0.45454545454545453,7446
6303,calibration,0.3829787234042553,13944
6306,calibration,0.5384615384615384,5263
6371,calibration,0.3333333333333333,2641
6394,calibration,0.574468085106383,6393
6416,calibration,0.6041666666666666,6407
6435,calibration,0.4782608695652174,1037
6440,calibration,0.6363636363636364,6387
6463,calibration,0.4444444444444444,4124
6464,calibration,0.2545454545454545,269
6476,calibration,0.5945945945945946,11630
6477,calibration,0.575,6478
6479,calibration,0.7777777777777778,6478
6494,calibration,0.8275862068965517,8101
6496,calibration,0.5277777777777778,9838
6503,calibration,0.42105263157894735,14447
6512,calibration,0.3783783783783784,8806
6544,calibration,0.3,2505
6547,calibration,0.5357142857142857,6504
6553,calibration,0.4864864864864865,3694
6577,calibration,0.4838709677419355,15933
6584,calibration,0.7307692307692307,6589
6585,calibration,0.4666666666666667,2578
6586,calibration,0.45454545454545453,6014
6587,calibration,0.45161290322580644,6589
6597,calibration,0.47619047619047616,6014
6601,calibration,0.4915254237288136,6589
6602,calibration,0.5689655172413793,6589
6603,calibration,0.45454545454545453,6014
6604,calibration,0.34782608695652173,2329
6612,calibration,0.5161290322580645,6613
6619,calibration,0.46938775510204084,1526
6620,calibration,0.40625,1894
6633,calibration,0.5423728813559322,15621
6662,calibration,0.3888888888888889,5915
6692,calibration,0.7916666666666666,6693
6695,calibration,0.6538461538461539,8612
6696,calibration,0.7608695652173914,6693
6717,calibration,0.5,4262
6719,calibration,0.5918367346938775,6693
6720,calibration,0.7674418604651163,6693
6722,calibration,0.7777777777777778,6723
6736,calibration,0.5238095238095238,3473
6740,calibration,0.391304347826087,2786
6741,calibration,0.5,13196
6742,calibration,0.631578947368421,9417
6743,calibration,0.631578947368421,9417
6749,calibration,0.5365853658536586,6772
6781,calibration,0.4909090909090909,14283
6783,calibration,0.47058823529411764,7447
6784,calibration,0.5581395348837209,6773
6785,calibration,0.5,14283
6791,calibration,0.3617021276595745,3365
6803,calibration,0.4146341463414634,734
6817,calibration,0.5208333333333334,6821
6819,calibration,0.5208333333333334,6821
6820,calibration,0.5102040816326531,6821
6826,calibration,0.8214285714285714,789
6827,calibration,0.7419354838709677,789
6829,calibration,0.4153846153846154,6589
6846,calibration,0.5294117647058824,776
6847,calibration,0.4897959183673469,410
6851,calibration,0.5384615384615384,3649
6854,calibration,0.4722222222222222,2414
6889,calibration,0.5897435897435898,6887
6895,calibration,0.6744186046511628,6898
6899,calibration,0.5238095238095238,1788
6904,calibration,0.6415094339622641,463
6913,calibration,0.53125,6909
6953,calibration,0.5909090909090909,4301
6957,calibration,0.5510204081632653,7817
6958,calibration,0.5652173913043478,7817
6983,calibration,0.5434782608695652,6982
6984,calibration,0.6904761904761905,6982
6985,calibration,0.6415094339622641,463
6996,calibration,0.32608695652173914,15658
7013,calibration,0.4883720930232558,7383
7016,calibration,0.4117647058823529,7006
7034,calibration,0.5185185185185185,7029
7041,calibration,0.3125,7049
7047,calibration,0.5416666666666666,6436
7066,calibration,0.8536585365853658,7009
7067,calibration,0.5681818181818182,7006
7069,calibration,0.48148148148148145,58
7076,calibration,0.49,276
7082,calibration,0.5283018867924528,8633
7083,calibration,0.4,15758
7086,calibration,0.6,2916
7088,calibration,0.42857142857142855,6105
7089,calibration,0.3902439024390244,6105
7101,calibration,0.40540540540540543,15866
7107,calibration,0.5957446808510638,14137
7123,calibration,0.2962962962962963,4582
7131,calibration,0.47619047619047616,10821
7134,calibration,0.36363636363636365,15247
7135,calibration,0.36363636363636365,15247
7143,calibration,0.5227272727272727,15971
7146,calibration,0.3793103448275862,1593
7147,calibration,0.5,11100
7149,calibration,0.5151515151515151,6608
7172,calibration,0.35,2639
7177,calibration,0.4230769230769231,15871
7178,calibration,0.47619047619047616,5845
7201,calibration,0.5106382978723404,6782
7207,calibration,0.4857142857142857,119
7220,calibration,0.5074626865671642,7000
7232,calibration,0.5106382978723404,7606
7252,calibration,0.36,5943
7258,calibration,0.43902439024390244,365
7268,calibration,0.5555555555555556,7269
7270,calibration,0.5263157894736842,7267
7271,calibration,0.5,7267
7300,calibration,0.5454545454545454,7977
7302,calibration,0.5641025641025641,5924
7303,calibration,0.5405405405405406,16455
7311,calibration,0.43478260869565216,1057
7314,calibration,0.5,1204
7316,calibration,0.5121951219512195,10508
7317,calibration,0.5294117647058824,7486
7318,calibration,0.4418604651162791,7214
7331,calibration,0.45652173913043476,7445
7339,calibration,0.7045454545454546,7338
7341,calibration,0.6458333333333334,7338
7355,calibration,0.5777777777777777,8505
7396,calibration,0.42857142857142855,2345
7403,calibration,0.4444444444444444,7409
7404,calibration,0.3783783783783784,7408
7405,calibration,0.3684210526315789,7408
7407,calibration,0.3076923076923077,9054
7410,calibration,0.4827586206896552,7414
7421,calibration,0.5454545454545454,12791
7434,calibration,0.525,7433
7438,calibration,0.6595744680851063,4196
7440,calibration,0.3157894736842105,3764
7442,calibration,0.3076923076923077,3078
7448,calibration,0.3283582089552239,15979
7452,calibration,0.48333333333333334,265
7454,calibration,0.5818181818181818,16460
7478,calibration,0.5,14156
7480,calibration,0.8695652173913043,3061
7481,calibration,0.4864864864864865,9059
7483,calibration,0.5,144
7487,calibration,0.4318181818181818,15693
7489,calibration,0.6904761904761905,7492
7490,calibration,0.6511627906976745,7492
7496,calibration,0.574468085106383,7495
7497,calibration,0.5625,7495
7503,calibration,0.5238095238095238,8414
7506,calibration,0.5897435897435898,7536
7510,calibration,0.5294117647058824,12705
7513,calibration,0.5714285714285714,12705
7525,calibration,0.47058823529411764,3990
7529,calibration,0.41935483870967744,4480
7532,calibration,0.5208333333333334,7540
7533,calibration,0.5434782608695652,7540
7534,calibration,0.5555555555555556,7540
7535,calibration,0.5454545454545454,5905
7544,calibration,0.5833333333333334,15143
7559,calibration,0.5909090909090909,4558
7568,calibration,0.5555555555555556,2937
7577,calibration,0.7619047619047619,7576
7582,calibration,0.7727272727272727,7581
7584,calibration,0.7674418604651163,7581
7585,calibration,0.5918367346938775,7581
7586,calibration,0.5238095238095238,11188
7589,calibration,0.5806451612903226,7157
7607,calibration,0.2764227642276423,5325
7608,calibration,0.4722222222222222,2758
7626,calibration,0.3103448275862069,6790
7660,calibration,0.59375,11148
7680,calibration,0.5,12888
7682,calibration,0.5277777777777778,10682
7702,calibration,0.3902439024390244,11780
7704,calibration,0.2975206611570248,3044
7706,calibration,0.4782608695652174,7904
7728,calibration,0.38596491228070173,15703
7733,calibration,0.4230769230769231,1819
7750,calibration,0.55,9013
7758,calibration,0.5135135135135135,12486
7768,calibration,0.6,4503
7771,calibration,0.6,4503
7777,calibration,0.5405405405405406,7779
7778,calibration,0.5952380952380952,7376
7841,calibration,0.4166666666666667,1595
7847,calibration,0.4444444444444444,12340
7848,calibration,0.5652173913043478,12429
7864,calibration,0.5277777777777778,7757
7943,calibration,0.4857142857142857,4262
7947,calibration,0.5660377358490566,7948
7954,calibration,0.5483870967741935,7157
7962,calibration,0.5869565217391305,10509
7968,calibration,0.5555555555555556,13769
7970,calibration,0.6222222222222222,13445
7974,calibration,0.725,13205
7975,calibration,0.5952380952380952,7977
7978,calibration,0.5813953488372093,15147
8015,calibration,0.5135135135135135,3674
8020,calibration,0.41025641025641024,4755
8021,calibration,0.37209302325581395,4755
8041,calibration,0.22916666666666666,3822
8044,calibration,0.5405405405405406,14457
8045,calibration,0.4473684210526316,3645
8046,calibration,0.5128205128205128,14457
8056,calibration,0.38095238095238093,6469
8057,calibration,0.3488372093023256,6020
8064,calibration,0.5405405405405406,4617
8066,calibration,0.6153846153846154,16305
8081,calibration,0.4482758620689655,436
8152,calibration,0.2465753424657534,175
8177,calibration,0.5666666666666667,6355
8181,calibration,0.3333333333333333,13713
8196,calibration,0.25806451612903225,5794
8206,calibration,0.41935483870967744,1822
8207,calibration,0.40476190476190477,4010
8214,calibration,0.7222222222222222,142
8224,calibration,0.3508771929824561,832
8289,calibration,0.22302158273381295,10233
8294,calibration,0.5873015873015873,668
8300,calibration,0.5168539325842697,14829
8307,calibration,0.7241379310344828,11715
8321,calibration,0.575,8317
8322,calibration,0.5952380952380952,8317
8323,calibration,0.4864864864864865,2241
8324,calibration,0.5238095238095238,8318
8353,calibration,0.34782608695652173,2933
8373,calibration,0.42424242424242425,1046
8378,calibration,0.7450980392156863,12024
8388,calibration,0.5897435897435898,3501
8392,calibration,0.34782608695652173,3384
8406,calibration,0.46,3152
8407,calibration,0.475,2241
8411,calibration,0.35135135135135137,8776
8437,calibration,0.34146341463414637,4385
8491,calibration,0.8666666666666667,9956
8498,calibration,0.5294117647058824,1121
8502,calibration,0.3902439024390244,4028
8520,calibration,0.46774193548387094,8704
8531,calibration,0.40816326530612246,16043
8532,calibration,0.5283018867924528,3052
8539,calibration,0.38461538461538464,4699
8574,calibration,0.5892857142857143,8584
8577,calibration,0.72,8584
8580,calibration,0.75,8585
8581,calibration,0.5538461538461539,8672
8587,calibration,0.31746031746031744,2981
8589,calibration,0.803921568627451,8584
8610,calibration,0.8695652173913043,8612
8613,calibration,0.6724137931034483,8614
8626,calibration,0.4878048780487805,8629
8632,calibration,0.358974358974359,8570
8648,calibration,0.6111111111111112,5949
8686,calibration,0.38636363636363635,4236
8692,calibration,0.38461538461538464,57
8697,calibration,0.21978021978021978,1419
8709,calibration,0.4842105263157895,8492
8746,calibration,0.5882352941176471,15652
8748,calibration,0.7777777777777778,8749
8752,calibration,0.7931034482758621,8753
8755,calibration,0.5333333333333333,8751
8756,calibration,0.5333333333333333,2879
8757,calibration,0.625,8749
8779,calibration,0.26785714285714285,7103
8814,calibration,0.47368421052631576,3836
8815,calibration,0.574468085106383,15120
8816,calibration,0.9024390243902439,8822
8817,calibration,0.5660377358490566,8822
8818,calibration,0.4838709677419355,8822
8819,calibration,0.54,8822
8820,calibration,0.5636363636363636,8822
8823,calibration,0.4461538461538462,8822
8829,calibration,0.5185185185185185,8828
8835,calibration,0.5192307692307693,8822
8836,calibration,0.5614035087719298,8822
8841,calibration,0.5384615384615384,15772
8887,calibration,0.45901639344262296,5770
8891,calibration,0.5,3726
8913,calibration,0.2608695652173913,10552
8936,calibration,0.2777777777777778,4171
8938,calibration,0.5641025641025641,502
8940,calibration,0.42857142857142855,14829
8950,calibration,0.4186046511627907,967
8953,calibration,0.5813953488372093,15675
8964,calibration,0.3548387096774194,5818
8965,calibration,0.5102040816326531,2083
8966,calibration,0.5,3549
8967,calibration,0.4074074074074074,8075
8969,calibration,0.391304347826087,415
8976,calibration,0.5517241379310345,8978
8996,calibration,0.5853658536585366,8993
8997,calibration,0.5714285714285714,8993
9010,calibration,0.53125,6079
9039,calibration,0.31343283582089554,7052
9049,calibration,0.5185185185185185,1046
9058,calibration,0.725,10093
9061,calibration,0.5897435897435898,10096
9112,calibration,0.4782608695652174,16221
9115,calibration,0.75,9118
9121,calibration,0.6363636363636364,9123
9150,calibration,0.45454545454545453,2207
9151,calibration,0.4117647058823529,1429
9152,calibration,0.42424242424242425,1429
9158,calibration,0.5245901639344263,265
9174,calibration,0.5660377358490566,8596
9180,calibration,0.56,2578
9199,calibration,0.5806451612903226,4239
9201,calibration,0.45,4461
9240,calibration,0.4918032786885246,12680
9260,calibration,0.4838709677419355,13174
9284,calibration,0.4857142857142857,669
9290,calibration,0.4235294117647059,73
9299,calibration,0.5,7817
9305,calibration,0.6666666666666666,8101
9329,calibration,0.5517241379310345,3203
9333,calibration,0.6304347826086957,196
9334,calibration,0.6304347826086957,196
9335,calibration,0.5714285714285714,9336
9343,calibration,0.5892857142857143,5411
9345,calibration,0.5,9612
9346,calibration,0.4489795918367347,14229
9349,calibration,0.5576923076923077,9351
9400,calibration,0.3333333333333333,9364
9404,calibration,0.6097560975609756,3277
9424,calibration,0.5384615384615384,1531
9429,calibration,0.5333333333333333,9430
9434,calibration,0.625,3642
9439,calibration,0.3902439024390244,9339
9440,calibration,0.5,3804
9498,calibration,0.5172413793103449,9676
9499,calibration,0.5151515151515151,15852
9500,calibration,0.30434782608695654,1908
9503,calibration,0.59375,10107
9505,calibration,0.39285714285714285,12918
9519,calibration,0.5,15852
9520,calibration,0.5102040816326531,12928
9565,calibration,0.5135135135135135,8912
9598,calibration,0.5384615384615384,15700
9603,calibration,0.7058823529411765,15700
9604,calibration,0.5454545454545454,8415
9618,calibration,0.5789473684210527,3473
9619,calibration,0.5294117647058824,15887
9620,calibration,0.5142857142857142,15887
9621,calibration,0.5142857142857142,15887
9622,calibration,0.5151515151515151,15888
9642,calibration,0.5,9980
9643,calibration,0.42424242424242425,9964
9672,calibration,0.5964912280701754,9522
9692,calibration,0.5161290322580645,9694
9693,calibration,0.5925925925925926,9694
9730,calibration,0.5945945945945946,9732
9735,calibration,0.48484848484848486,15900
9753,calibration,0.5641025641025641,3137
9777,calibration,0.49056603773584906,7200
9779,calibration,0.42105263157894735,3192
9780,calibration,0.5909090909090909,11347
9785,calibration,0.5897435897435898,3241
9787,calibration,0.35294117647058826,9742
9793,calibration,0.7666666666666667,14721
9803,calibration,0.2857142857142857,10813
9829,calibration,0.5357142857142857,9827
9840,calibration,0.5227272727272727,14457
9841,calibration,0.5686274509803921,9612
9849,calibration,0.3125,704
9852,calibration,0.3958333333333333,12825
9871,calibration,0.5168539325842697,14829
9873,calibration,0.4098360655737705,15783
9876,calibration,0.5945945945945946,12944
9878,calibration,0.5272727272727272,7397
9905,calibration,0.5932203389830508,11919
9917,calibration,0.4915254237288136,7105
9933,calibration,0.5079365079365079,9935
9934,calibration,0.5454545454545454,9935
9936,calibration,0.55,9935
9967,calibration,0.6842105263157895,9987
9970,calibration,0.48936170212765956,449
9971,calibration,0.5945945945945946,9969
9988,calibration,0.5769230769230769,9767
10014,calibration,0.7,9526
10035,calibration,0.5384615384615384,9969
10036,calibration,0.5405405405405406,9969
10042,calibration,0.42,10041
10044,calibration,0.46511627906976744,9969
10052,calibration,0.59375,10051
10073,calibration,0.5348837209302325,2083
10074,calibration,0.5510204081632653,11692
10075,calibration,0.4897959183673469,11692
10076,calibration,0.5675675675675675,10068
10088,calibration,0.6923076923076923,10089
10092,calibration,0.7659574468085106,10093
10098,calibration,0.5813953488372093,10089
10099,calibration,0.5862068965517241,2232
10102,calibration,0.5365853658536586,1924
10115,calibration,0.38235294117647056,11045
10127,calibration,0.5333333333333333,10126
10135,calibration,0.6470588235294118,6973
10144,calibration,0.5348837209302325,10145
10148,calibration,0.5581395348837209,10143
10149,calibration,0.48484848484848486,16403
10188,calibration,0.581081081081081,10187
10191,calibration,0.37037037037037035,6578
10198,calibration,0.47058823529411764,9120
10200,calibration,0.47058823529411764,9120
10203,calibration,0.21428571428571427,10417
10208,calibration,0.5769230769230769,10211
10209,calibration,0.5660377358490566,10211
10210,calibration,0.5357142857142857,10211
10212,calibration,0.6274509803921569,16305
10217,calibration,0.48717948717948717,16455
10227,calibration,0.5365853658536586,7678
10231,calibration,0.6666666666666666,8101
10241,calibration,0.30303030303030304,153
10242,calibration,0.4406779661016949,12667
10281,calibration,0.58,15593
10285,calibration,0.62,3549
10288,calibration,0.5882352941176471,10688
10289,calibration,0.8285714285714286,10290
10291,calibration,0.6666666666666666,10280
10293,calibration,0.5909090909090909,5104
10309,calibration,0.8478260869565217,279
10311,calibration,0.8666666666666667,279
10314,calibration,0.5370370370370371,10312
10315,calibration,0.5178571428571429,10312
10347,calibration,0.4423076923076923,10142
10352,calibration,0.75,10038
10368,calibration,0.4489795918367347,15923
10369,calibration,0.49056603773584906,8507
10370,calibration,0.47058823529411764,8505
10372,calibration,0.5897435897435898,5948
10380,calibration,0.423728813559322,184
10385,calibration,0.5178571428571429,10392
10386,calibration,0.5087719298245614,10392
10387,calibration,0.4838709677419355,8099
10388,calibration,0.47619047619047616,16035
10400,calibration,0.40540540540540543,2807
10413,calibration,0.4166666666666667,8492
10416,calibration,0.5365853658536586,10655
10473,calibration,0.6346153846153846,10478
10474,calibration,0.4603174603174603,10479
10475,calibration,0.8,10479
10476,calibration,0.6274509803921569,10479
10477,calibration,0.6226415094339622,10479
10481,calibration,0.5,10479
10486,calibration,0.4166666666666667,1204
10494,calibration,0.425531914893617,9948
10495,calibration,0.42857142857142855,926
10529,calibration,0.58,446
10531,calibration,0.4479166666666667,14829
10534,calibration,0.5882352941176471,10211
10545,calibration,0.36538461538461536,3677
10550,calibration,0.5106382978723404,1836
10554,calibration,0.3300970873786408,3696
10561,calibration,0.6190476190476191,5691
10573,calibration,0.4523809523809524,16492
10607,calibration,0.391304347826087,1492
10614,calibration,0.41379310344827586,6668
10615,calibration,0.4117647058823529,4280
10623,calibration,0.38095238095238093,14978
10628,calibration,0.5277777777777778,4664
10632,calibration,0.4117647058823529,531
10651,calibration,0.5121951219512195,2086
10661,calibration,0.631578947368421,14272
10673,calibration,0.59375,8776
10701,calibration,0.44,999
10709,calibration,0.6666666666666666,10710
10711,calibration,0.7906976744186046,10710
10714,calibration,0.631578947368421,11931
10715,calibration,0.3055555555555556,13973
10719,calibration,0.2903225806451613,10884
10722,calibration,0.40476190476190477,672
10748,calibration,0.4126984126984127,14978
10749,calibration,0.46511627906976744,9561
10750,calibration,0.41935483870967744,14978
10758,calibration,0.6666666666666666,5554
10765,calibration,0.5111111111111111,11447
10769,calibration,0.43902439024390244,6071
10774,calibration,0.2982456140350877,13504
10783,calibration,0.717391304347826,6118
10784,calibration,0.4864864864864865,7002
10790,calibration,0.375,7960
10791,calibration,0.33962264150943394,7960
10792,calibration,0.41818181818181815,16299
10796,calibration,0.46938775510204084,10666
10797,calibration,0.4358974358974359,15469
10799,calibration,0.4666666666666667,5483
10800,calibration,0.4166666666666667,6122
10806,calibration,0.3695652173913043,5671
10814,calibration,0.5454545454545454,10815
10829,calibration,0.575,14264
10835,calibration,0.3611111111111111,940
10836,calibration,0.42857142857142855,8898
10842,calibration,0.5142857142857142,8898
10848,calibration,0.5652173913043478,15404
10852,calibration,0.5263157894736842,6837
10858,calibration,0.41935483870967744,1563
10859,calibration,0.48717948717948717,10508
10866,calibration,0.41304347826086957,905
10870,calibration,0.4,3077
10871,calibration,0.45161290322580644,16455
10879,calibration,0.5652173913043478,15404
10896,calibration,0.5517241379310345,15362
10899,calibration,0.6666666666666666,11020
10901,calibration,0.52,2270
10915,calibration,0.5588235294117647,15077
10934,calibration,0.46938775510204084,6092
10977,calibration,0.24390243902439024,7033
10984,calibration,0.4423076923076923,1929
10985,calibration,0.39622641509433965,1929
10991,calibration,0.4722222222222222,2830
10997,calibration,0.45,3758
10998,calibration,0.5454545454545454,15869
11009,calibration,0.5434782608695652,6092
11010,calibration,0.5813953488372093,6092
11011,calibration,0.4666666666666667,7305
11012,calibration,0.4067796610169492,6516
11014,calibration,0.4642857142857143,2894
11021,calibration,0.6666666666666666,11020
11038,calibration,0.42857142857142855,15334
11040,calibration,0.37142857142857144,11039
11044,calibration,0.40625,11045
11061,calibration,0.4117647058823529,1784
11070,calibration,0.45454545454545453,11721
11074,calibration,0.5833333333333334,11075
11077,calibration,0.5116279069767442,2726
11089,calibration,0.4074074074074074,3
11093,calibration,0.4375,6737
11109,calibration,0.42592592592592593,13943
11110,calibration,0.4642857142857143,8604
11111,calibration,0.3902439024390244,1032
11112,calibration,0.4,15238
11116,calibration,0.43243243243243246,4262
11117,calibration,0.43333333333333335,10898
11122,calibration,0.37209302325581395,6215
11147,calibration,0.38235294117647056,10904
11151,calibration,0.45714285714285713,11444
11161,calibration,0.40476190476190477,2404
11169,calibration,0.55,14055
11178,calibration,0.42,3529
11186,calibration,0.6666666666666666,11610
11193,calibration,0.7317073170731707,11610
11199,calibration,0.2647058823529412,9442
11243,calibration,0.32558139534883723,3753
11258,calibration,0.34210526315789475,4264
11265,calibration,0.27380952380952384,1405
11312,calibration,0.3333333333333333,1548
11314,calibration,0.48936170212765956,13516
11318,calibration,0.34375,16127
11342,calibration,0.45652173913043476,11343
11346,calibration,0.7209302325581395,11347
11351,calibration,0.5094339622641509,11347
11354,calibration,0.47368421052631576,8776
11359,calibration,0.45454545454545453,8545
11363,calibration,0.2982456140350877,3789
11368,calibration,0.3684210526315789,11367
11384,calibration,0.40425531914893614,3035
11393,calibration,0.4375,880
11407,calibration,0.5263157894736842,3022
11409,calibration,0.4222222222222222,907
11423,calibration,0.5416666666666666,15404
11424,calibration,0.5416666666666666,15404
11431,calibration,0.2765957446808511,16427
11439,calibration,0.36,5364
11441,calibration,0.34210526315789475,3021
11446,calibration,0.425531914893617,15384
11448,calibration,0.43478260869565216,3904
11454,calibration,0.5416666666666666,15404
11470,calibration,0.5416666666666666,15404
11478,calibration,0.8222222222222222,10710
11486,calibration,0.3958333333333333,14317
11487,calibration,0.40816326530612246,14317
11511,calibration,0.5,6909
11523,calibration,0.24242424242424243,3890
11538,calibration,0.5833333333333334,2457
11551,calibration,0.5348837209302325,3521
11552,calibration,0.5348837209302325,3521
11554,calibration,0.5813953488372093,11555
11556,calibration,0.5217391304347826,11555
11557,calibration,0.5217391304347826,11555
11566,calibration,0.5,5998
11567,calibration,0.5333333333333333,15869
11605,calibration,0.6976744186046512,11610
11609,calibration,0.4888888888888889,11188
11625,calibration,0.3,10597
11637,calibration,0.5227272727272727,9011
11656,calibration,0.5333333333333333,5298
11669,calibration,0.6296296296296297,11670
11671,calibration,0.5789473684210527,11670
11680,calibration,0.6071428571428571,11670
11681,calibration,0.5833333333333334,11685
11682,calibration,0.6140350877192983,11684
11683,calibration,0.5932203389830508,11685
11691,calibration,0.8,11670
11711,calibration,0.2682926829268293,3453
11751,calibration,0.5666666666666667,1462
11756,calibration,0.2826086956521739,3694
11760,calibration,0.38823529411764707,302
11865,calibration,0.5135135135135135,3436
11878,calibration,0.7096774193548387,5296
11879,calibration,0.25,5927
11909,calibration,0.5,754
11926,calibration,0.5,9612
11928,calibration,0.5909090909090909,14836
11948,calibration,0.6470588235294118,14145
11953,calibration,0.5,8492
11965,calibration,0.6521739130434783,12778
11977,calibration,0.8,11976
11978,calibration,0.6590909090909091,11976
11979,calibration,0.7073170731707317,11976
11981,calibration,0.8181818181818182,11983
11982,calibration,0.7708333333333334,11983
11989,calibration,0.9069767441860465,11983
12022,calibration,0.3225806451612903,2497
12046,calibration,0.5853658536585366,12045
12047,calibration,0.5714285714285714,12045
12052,calibration,0.3333333333333333,12261
12058,calibration,0.5789473684210527,16151
12102,calibration,0.515625,11902
12106,calibration,0.36363636363636365,1139
12135,calibration,0.6730769230769231,1106
12136,calibration,0.37254901960784315,7467
12216,calibration,0.3787878787878788,1159
12258,calibration,0.5,7397
12262,calibration,0.5797101449275363,12261
12283,calibration,0.44776119402985076,12001
12284,calibration,0.43478260869565216,12001
12285,calibration,0.44776119402985076,12001
12286,calibration,0.5,12001
12287,calibration,0.44776119402985076,12001
12293,calibration,0.46296296296296297,14820
12304,calibration,0.3050847457627119,11488
12310,calibration,0.5897435897435898,12314
12428,calibration,0.6086956521739131,12429
12430,calibration,0.6444444444444445,12429
12465,calibration,0.5666666666666667,12101
12468,calibration,0.4791666666666667,11185
12471,calibration,0.4722222222222222,12470
12474,calibration,0.6041666666666666,12429
12477,calibration,0.8461538461538461,16232
12480,calibration,0.5531914893617021,12769
12507,calibration,0.5789473684210527,12590
12512,calibration,0.723404255319149,10685
12513,calibration,0.34285714285714286,1632
12515,calibration,0.5681818181818182,16083
12516,calibration,0.26,10512
12527,calibration,0.6086956521739131,13914
12567,calibration,0.6578947368421053,12568
12576,calibration,0.48717948717948717,6102
12580,calibration,0.4146341463414634,3172
12587,calibration,0.5,5245
12591,calibration,0.5217391304347826,4481
12592,calibration,0.46938775510204084,4481
12593,calibration,0.4772727272727273,12590
12594,calibration,0.5263157894736842,14596
12597,calibration,0.5789473684210527,5286
12610,calibration,0.5294117647058824,14224
12612,calibration,0.55,9328
12615,calibration,0.3037974683544304,14424
12627,calibration,0.5555555555555556,6118
12628,calibration,0.6666666666666666,12756
12629,calibration,0.5490196078431373,13744
12631,calibration,0.5,3061
12632,calibration,0.6590909090909091,12019
12633,calibration,0.5925925925925926,10756
12636,calibration,0.7962962962962963,13806
12637,calibration,0.7678571428571429,13806
12639,calibration,0.78,12024
12651,calibration,0.7678571428571429,13806
12656,calibration,0.6923076923076923,12658
12657,calibration,0.6666666666666666,12658
12660,calibration,0.5357142857142857,3061
12684,calibration,0.6730769230769231,15827
12689,calibration,0.6,16455
12697,calibration,0.5853658536585366,12695
12719,calibration,0.5675675675675675,12861
12720,calibration,0.52,2427
12749,calibration,0.5348837209302325,14004
12751,calibration,0.7021276595744681,4037
12752,calibration,0.6744186046511628,12019
12754,calibration,0.673469387755102,12024
12755,calibration,0.7407407407407407,12659
12757,calibration,0.6938775510204082,12756
12759,calibration,0.5370370370370371,3068
12760,calibration,0.6,13744
12761,calibration,0.5454545454545454,6118
12762,calibration,0.6,10756
12783,calibration,0.5277777777777778,3135
12796,calibration,0.5581395348837209,7505
12815,calibration,0.46153846153846156,3826
12855,calibration,0.7592592592592593,6485
12856,calibration,0.5897435897435898,8993
12858,calibration,0.59375,151
12868,calibration,0.5454545454545454,7971
12883,calibration,0.525,12916
12885,calibration,0.47368421052631576,2944
12886,calibration,0.6176470588235294,4970
12899,calibration,0.3617021276595745,9269
12901,calibration,0.5135135135135135,12896
12909,calibration,0.4864864864864865,4239
12910,calibration,0.45,1962
12920,calibration,0.3902439024390244,12913
12935,calibration,0.5,14457
12949,calibration,0.5476190476190477,7491
12950,calibration,0.5476190476190477,7491
12953,calibration,0.575,10508
12957,calibration,0.5348837209302325,7946
12966,calibration,0.49019607843137253,7447
12967,calibration,0.5294117647058824,7447
12968,calibration,0.5476190476190477,9411
12976,calibration,0.5423728813559322,8921
12979,calibration,0.48936170212765956,16147
12982,calibration,0.4,6034
12984,calibration,0.4,13115
12996,calibration,0.4375,14192
13001,calibration,0.5769230769230769,4503
13036,calibration,0.5238095238095238,8952
13042,calibration,0.5294117647058824,3472
13057,calibration,0.44680851063829785,12590
13093,calibration,0.5666666666666667,13609
13098,calibration,0.6428571428571429,13099
13100,calibration,0.5,13102
13101,calibration,0.52,13104
13114,calibration,0.4090909090909091,4518
13134,calibration,0.660377358490566,16212
13162,calibration,0.3877551020408163,13164
13170,calibration,0.375,13791
13172,calibration,0.48,8902
13197,calibration,0.5510204081632653,13196
13207,calibration,0.5555555555555556,16455
13223,calibration,0.6097560975609756,3950
13227,calibration,0.3617021276595745,13617
13255,calibration,0.37209302325581395,1584
13284,calibration,0.5490196078431373,2965
13310,calibration,0.4,2308
13325,calibration,0.4594594594594595,14157
13338,calibration,0.48148148148148145,47
13340,calibration,0.8095238095238095,13354
13344,calibration,0.7391304347826086,13354
13350,calibration,0.4864864864864865,12860
13351,calibration,0.5277777777777778,14157
13382,calibration,0.42857142857142855,13354
13386,calibration,0.48148148148148145,13354
13388,calibration,0.48717948717948717,13349
13389,calibration,0.5666666666666667,13348
13416,calibration,0.59375,3436
13440,calibration,0.5769230769230769,13366
13442,calibration,0.5581395348837209,13759
13448,calibration,0.5641025641025641,14144
13481,calibration,0.5531914893617021,13759
13515,calibration,0.34375,846
13529,calibration,0.8571428571428571,13530
13556,calibration,0.5625,7157
13557,calibration,0.42424242424242425,9318
13564,calibration,0.43548387096774194,2475
13565,calibration,0.5833333333333334,13566
13567,calibration,0.5116279069767442,13566
13570,calibration,0.45614035087719296,12928
13575,calibration,0.8285714285714286,13561
13577,calibration,0.5178571428571429,13563
13589,calibration,0.4423076923076923,15388
13671,calibration,0.5,1539
13685,calibration,0.5609756097560976,13686
13687,calibration,0.5813953488372093,13688
13689,calibration,0.5384615384615384,13690
13691,calibration,0.5609756097560976,13692
13694,calibration,0.5636363636363636,5161
13697,calibration,0.4716981132075472,13193
13702,calibration,0.5116279069767442,13561
13703,calibration,0.5178571428571429,15557
13704,calibration,0.5813953488372093,13707
13717,calibration,0.5945945945945946,13561
13718,calibration,0.5882352941176471,2721
13719,calibration,0.5882352941176471,2721
13743,calibration,0.6511627906976745,12746
13750,calibration,0.48,7950
13752,calibration,0.575,7950
13753,calibration,0.5238095238095238,566
13765,calibration,0.5434782608695652,13769
13766,calibration,0.5238095238095238,8952
13768,calibration,0.5813953488372093,13035
13778,calibration,0.5952380952380952,12816
13782,calibration,0.58,13696
13794,calibration,0.46938775510204084,13799
13804,calibration,0.6666666666666666,13744
13815,calibration,0.38636363636363635,13960
13817,calibration,0.6744186046511628,12019
13823,calibration,0.3333333333333333,13821
13826,calibration,0.5952380952380952,7950
13832,calibration,0.46,13670
13845,calibration,0.6415094339622641,13843
13852,calibration,0.5128205128205128,6786
13862,calibration,0.8269230769230769,13865
13864,calibration,0.639344262295082,8444
13887,calibration,0.375,11222
13892,calibration,0.5555555555555556,12870
13893,calibration,0.5,7971
13907,calibration,0.7272727272727273,16463
13908,calibration,0.625,13909
13911,calibration,0.47058823529411764,3097
13922,calibration,0.5208333333333334,16147
13929,calibration,0.7,5952
13938,calibration,0.6904761904761905,13953
13942,calibration,0.43243243243243246,5204
13946,calibration,0.5833333333333334,13957
13947,calibration,0.5625,13957
13961,calibration,0.5531914893617021,13951
13968,calibration,0.4634146341463415,13727
13976,calibration,0.5581395348837209,14002
13987,calibration,0.5,4104
13989,calibration,0.574468085106383,13914
13993,calibration,0.5476190476190477,12448
14001,calibration,0.5581395348837209,13971
14008,calibration,0.46153846153846156,1539
14009,calibration,0.4423076923076923,13670
14057,calibration,0.5806451612903226,15303
14065,calibration,0.47368421052631576,2081
14076,calibration,0.38461538461538464,2687
14084,calibration,0.37037037037037035,3057
14086,calibration,0.4782608695652174,2185
14088,calibration,0.5,15120
14096,calibration,0.4897959183673469,14091
14106,calibration,0.6451612903225806,2361
14112,calibration,0.48,13670
14118,calibration,0.53125,14119
14124,calibration,0.574468085106383,13399
14148,calibration,0.5283018867924528,12658
14151,calibration,0.5227272727272727,6641
14159,calibration,0.4090909090909091,11035
14164,calibration,0.44680851063829785,566
14165,calibration,0.5121951219512195,566
14173,calibration,0.5238095238095238,4877
14179,calibration,0.5769230769230769,12105
14185,calibration,0.4418604651162791,11253
14189,calibration,0.5666666666666667,13609
14191,calibration,0.5666666666666667,13609
14193,calibration,0.5789473684210527,12486
14194,calibration,0.34285714285714286,13609
14215,calibration,0.41025641025641024,13097
14216,calibration,0.48,1187
14223,calibration,0.6530612244897959,10685
14230,calibration,0.6222222222222222,12758
14240,calibration,0.2972972972972973,10367
14241,calibration,0.3333333333333333,14536
14242,calibration,0.30303030303030304,14536
14245,calibration,0.48148148148148145,47
14247,calibration,0.5526315789473685,12340
14281,calibration,0.3835616438356164,11919
14289,calibration,0.5,14288
14299,calibration,0.6451612903225806,12066
14319,calibration,0.4594594594594595,12066
14323,calibration,0.26229508196721313,6731
14324,calibration,0.3404255319148936,15056
14325,calibration,0.2222222222222222,12213
14331,calibration,0.5689655172413793,14328
14363,calibration,0.7878787878787878,14356
14378,calibration,0.4594594594594595,12066
14379,calibration,0.4358974358974359,12066
14386,calibration,0.4090909090909091,4262
14387,calibration,0.36363636363636365,14385
14388,calibration,0.37037037037037035,14385
14409,calibration,0.6176470588235294,12066
14410,calibration,0.4146341463414634,12066
14426,calibration,0.6,12066
14427,calibration,0.40476190476190477,12066
14428,calibration,0.44642857142857145,15278
14430,calibration,0.5272727272727272,4417
14433,calibration,0.7111111111111111,13196
14435,calibration,0.45,13196
14436,calibration,0.5,10693
14456,calibration,0.48148148148148145,9738
14459,calibration,0.4782608695652174,14461
14460,calibration,0.5526315789473685,14465
14462,calibration,0.5869565217391305,14461
14505,calibration,0.46153846153846156,8171
14506,calibration,0.46153846153846156,8171
14507,calibration,0.46153846153846156,8171
14508,calibration,0.46153846153846156,8171
14533,calibration,0.5094339622641509,14535
14547,calibration,0.39622641509433965,7946
14548,calibration,0.5272727272727272,12537
14549,calibration,0.6153846153846154,3421
14576,calibration,0.5675675675675675,10418
14579,calibration,0.8333333333333334,16084
14588,calibration,0.23076923076923078,7956
14593,calibration,0.34375,1106
14623,calibration,0.42857142857142855,14829
14627,calibration,0.47959183673469385,14829
14631,calibration,0.4935064935064935,14676
14698,calibration,0.5294117647058824,8624
14704,calibration,0.6610169491525424,14708
14726,calibration,0.3939393939393939,73
14727,calibration,0.3582089552238806,73
14731,calibration,0.22727272727272727,1155
14750,calibration,0.75,14751
14752,calibration,0.49206349206349204,14751
14753,calibration,0.6727272727272727,14751
14754,calibration,0.484375,14751
14755,calibration,0.5423728813559322,14751
14756,calibration,0.7454545454545455,14751
14775,calibration,0.5384615384615384,12298
14830,calibration,0.4807692307692308,8847
14833,calibration,0.7380952380952381,14835
14842,calibration,0.3114754098360656,3428
14884,calibration,0.3103448275862069,15860
14885,calibration,0.3103448275862069,12243
14888,calibration,0.32727272727272727,12242
14889,calibration,0.30434782608695654,668
14890,calibration,0.3287671232876712,11370
14891,calibration,0.2923076923076923,15860
14892,calibration,0.4696969696969697,668
14893,calibration,0.3404255319148936,1799
14910,calibration,0.4230769230769231,7145
14927,calibration,0.74,14911
14962,calibration,0.7884615384615384,14938
14987,calibration,0.5,12213
14989,calibration,0.45714285714285713,14990
14996,calibration,0.8059701492537313,14995
14997,calibration,0.5522388059701493,14995
15006,calibration,0.5294117647058824,14712
15009,calibration,0.32142857142857145,2691
15010,calibration,0.4523809523809524,9076
15018,calibration,0.46,15019
15026,calibration,0.5,7441
15050,calibration,0.48484848484848486,3177
15061,calibration,0.5454545454545454,3901
15062,calibration,0.45454545454545453,7145
15068,calibration,0.39473684210526316,15042
15070,calibration,0.4444444444444444,1235
15075,calibration,0.5652173913043478,12429
15081,calibration,0.5777777777777777,12429
15084,calibration,0.5384615384615384,6092
15086,calibration,0.5625,9838
15092,calibration,0.5714285714285714,2256
15105,calibration,0.4444444444444444,3696
15136,calibration,0.4166666666666667,11130
15138,calibration,0.46153846153846156,1066
15140,calibration,0.4339622641509434,13052
15141,calibration,0.3684210526315789,6466
15142,calibration,0.45,8121
15159,calibration,0.2682926829268293,11562
15169,calibration,0.56,104
15194,calibration,0.5652173913043478,5143
15198,calibration,0.3018867924528302,14422
15207,calibration,0.5217391304347826,5905
15211,calibration,0.4444444444444444,2906
15233,calibration,0.38461538461538464,1020
15249,calibration,0.5555555555555556,9982
15252,calibration,0.7291666666666666,6118
15255,calibration,0.6111111111111112,6468
15263,calibration,0.4418604651162791,8302
15266,calibration,0.5526315789473685,15271
15270,calibration,0.5882352941176471,15269
15273,calibration,0.5813953488372093,9682
15280,calibration,0.45,7515
15282,calibration,0.5952380952380952,6982
15297,calibration,0.5,1684
15298,calibration,0.4,1013
15301,calibration,0.5909090909090909,13769
15315,calibration,0.5,15047
15317,calibration,0.36363636363636365,3195
15320,calibration,0.5238095238095238,1897
15326,calibration,0.5238095238095238,915
15330,calibration,0.6538461538461539,12756
15347,calibration,0.6153846153846154,12954
15348,calibration,0.6341463414634146,12769
15350,calibration,0.5384615384615384,1046
15351,calibration,0.6428571428571429,3642
15352,calibration,0.5217391304347826,5905
15355,calibration,0.7636363636363637,638
15371,calibration,0.5897435897435898,8952
15379,calibration,0.5454545454545454,3847
15380,calibration,0.5454545454545454,3847
15383,calibration,0.5555555555555556,10193
15390,calibration,0.5869565217391305,3872
15391,calibration,0.6521739130434783,3872
15393,calibration,0.5882352941176471,3872
15394,calibration,0.5769230769230769,3872
15395,calibration,0.5769230769230769,3872
15396,calibration,0.5769230769230769,3872
15397,calibration,0.5769230769230769,3872
15398,calibration,0.5,10820
15418,calibration,0.5357142857142857,3306
15431,calibration,0.4583333333333333,2778
15434,calibration,0.2857142857142857,15182
15437,calibration,0.5757575757575758,11254
15450,calibration,0.55,15449
15464,calibration,0.5666666666666667,3172
15465,calibration,0.5625,3172
15467,calibration,0.7708333333333334,16305
15480,calibration,0.2608695652173913,3414
15484,calibration,0.6888888888888889,5999
15485,calibration,0.5476190476190477,6478
15489,calibration,0.7435897435897436,5278
15501,calibration,0.5813953488372093,6821
15506,calibration,0.4358974358974359,6146
15507,calibration,0.39473684210526316,2776
15512,calibration,0.6666666666666666,11610
15513,calibration,0.2857142857142857,5782
15537,calibration,0.4594594594594595,4236
15538,calibration,0.375,10706
15543,calibration,0.4523809523809524,415
15586,calibration,0.7777777777777778,15585
15588,calibration,0.673469387755102,15585
15613,calibration,0.5581395348837209,2633
15615,calibration,0.7272727272727273,5112
15618,calibration,0.5714285714285714,3127
15624,calibration,0.2857142857142857,1864
15631,calibration,0.3333333333333333,6713
15654,calibration,0.5121951219512195,1475
15662,calibration,0.32608695652173914,4614
15702,calibration,0.4,15170
15707,calibration,0.6,5963
15717,calibration,0.4230769230769231,12679
15724,calibration,0.2708333333333333,1517
15749,calibration,0.5416666666666666,15748
15761,calibration,0.4444444444444444,6189
15767,calibration,0.55,15768
15777,calibration,0.47058823529411764,15583
15778,calibration,0.5,2437
15779,calibration,0.5909090909090909,2437
15781,calibration,0.6101694915254238,15780
15782,calibration,0.6037735849056604,15783
15784,calibration,0.6181818181818182,9222
15785,calibration,0.5964912280701754,9222
15786,calibration,0.875,15783
15787,calibration,0.6956521739130435,9223
15789,calibration,0.5476190476190477,4960
15830,calibration,0.6041666666666666,9220
15864,calibration,0.8709677419354839,5906
15892,calibration,0.5,3646
15906,calibration,0.5555555555555556,9982
15909,calibration,0.475,15901
15917,calibration,0.47619047619047616,1685
15930,calibration,0.5,1741
15931,calibration,0.5,15933
15943,calibration,0.4473684210526316,13558
15946,calibration,0.43859649122807015,5873
15969,calibration,0.5128205128205128,15700
15977,calibration,0.45,10072
15978,calibration,0.4444444444444444,562
16003,calibration,0.5263157894736842,923
16024,calibration,0.4,926
16074,calibration,0.5277777777777778,13566
16082,calibration,0.3,3519
16126,calibration,0.7027027027027027,5953
16130,calibration,0.59375,7157
16146,calibration,0.3695652173913043,12218
16149,calibration,0.3225806451612903,95
16160,calibration,0.725,1796
16164,calibration,0.35294117647058826,2694
16166,calibration,0.421875,16165
16168,calibration,0.5,16165
16176,calibration,0.7560975609756098,2861
16177,calibration,0.6,16232
16178,calibration,0.44285714285714284,7674
16228,calibration,0.5208333333333334,1796
16237,calibration,0.3877551020408163,5762
16238,calibration,0.7894736842105263,13082
16248,calibration,0.5714285714285714,13914
16251,calibration,0.5681818181818182,16249
16260,calibration,0.5135135135135135,415
16264,calibration,0.582089552238806,16266
16282,calibration,0.36065573770491804,3369
16291,calibration,0.5652173913043478,16266
16303,calibration,0.5882352941176471,10211
16304,calibration,0.5,7982
16308,calibration,0.30434782608695654,957
16319,calibration,0.5614035087719298,14396
16332,calibration,0.4772727272727273,7556
16377,calibration,0.7619047619047619,16378
16380,calibration,0.5686274509803921,16378
16381,calibration,0.5957446808510638,16378
16382,calibration,0.5686274509803921,16378
16395,calibration,0.5,3137
16404,calibration,0.5142857142857142,2962
16405,calibration,0.5,16454
16413,calibration,0.4782608695652174,12462
16438,calibration,0.5333333333333333,6010
16441,calibration,0.575,5009
16447,calibration,0.4107142857142857,2863
16449,calibration,0.5,5946
16451,calibration,0.5897435897435898,7971
16456,calibration,0.5238095238095238,9348
16461,calibration,0.6046511627906976,2849
16465,calibration,0.5142857142857142,16454
16483,calibration,0.5789473684210527,13526
12,test,0.6481481481481481,3419
13,test,0.5849056603773585,1629
19,test,0.4805194805194805,440
21,test,0.323943661971831,716
40,test,0.26136363636363635,867
46,test,0.2459016393442623,15199
67,test,0.5416666666666666,1385
71,test,0.5625,1090
83,test,0.5833333333333334,4908
88,test,0.391304347826087,4889
93,test,0.3958333333333333,10608
97,test,0.41935483870967744,6067
106,test,0.6567164179104478,638
111,test,0.5121951219512195,641
112,test,0.5747126436781609,641
115,test,0.5316455696202531,755
123,test,0.5384615384615384,4280
134,test,0.6226415094339622,5411
141,test,0.5081967213114754,1855
157,test,0.2396694214876033,14608
158,test,0.72,2182
173,test,0.5897435897435898,5615
178,test,0.5,1017
194,test,0.2112676056338028,832
197,test,0.5178571428571429,13505
204,test,0.5079365079365079,5341
215,test,0.4666666666666667,1630
225,test,0.43478260869565216,11130
229,test,0.5964912280701754,15261
233,test,0.5263157894736842,1129
248,test,0.5909090909090909,6528
250,test,0.7708333333333334,3061
259,test,0.5454545454545454,2065
261,test,0.4883720930232558,262
266,test,0.532258064516129,7763
283,test,0.56,803
287,test,0.7741935483870968,5127
288,test,0.42857142857142855,8847
293,test,0.4782608695652174,5617
306,test,0.4745762711864407,5674
321,test,0.4567901234567901,12444
335,test,0.2777777777777778,4291
336,test,0.32,1065
345,test,0.40350877192982454,795
346,test,0.421875,541
350,test,0.2807017543859649,5622
353,test,0.5862068965517241,63
358,test,0.5555555555555556,6644
359,test,0.6022727272727273,11776
375,test,0.5161290322580645,3310
378,test,0.6111111111111112,10685
382,test,0.7272727272727273,1855
389,test,0.6,394
391,test,0.5348837209302325,5407
395,test,0.6,7691
400,test,0.5679012345679012,7381
401,test,0.38461538461538464,399
404,test,0.3269230769230769,494
407,test,0.5116279069767442,3101
412,test,0.2857142857142857,2498
424,test,0.7321428571428571,9380
425,test,0.673469387755102,9401
431,test,0.5892857142857143,11218
432,test,0.4642857142857143,5483
447,test,0.5857142857142857,8781
471,test,0.5217391304347826,638
473,test,0.2878787878787879,6716
475,test,0.5138888888888888,3699
492,test,0.46511627906976744,109
496,test,0.5833333333333334,672
508,test,0.46153846153846156,2769
520,test,0.5,3184
527,test,0.8085106382978723,9483
537,test,0.5666666666666667,1618
544,test,0.4897959183673469,8428
553,test,0.46808510638297873,5617
565,test,0.3333333333333333,15788
587,test,0.5714285714285714,1017
594,test,0.5,6907
609,test,0.5689655172413793,1372
612,test,0.6610169491525424,380
616,test,0.38095238095238093,1584
620,test,0.46153846153846156,630
624,test,0.41935483870967744,4084
650,test,0.5227272727272727,11818
658,test,0.7021276595744681,6715
660,test,0.36,6398
664,test,0.7586206896551724,483
667,test,0.6491228070175439,386
671,test,0.3283582089552239,619
678,test,0.3,1404
688,test,0.4787234042553192,161
695,test,0.38461538461538464,4586
701,test,0.5,4033
722,test,0.35714285714285715,864
727,test,0.36585365853658536,1300
735,test,0.575,16211
745,test,0.5238095238095238,8903
756,test,0.6052631578947368,13210
761,test,0.5833333333333334,3081
780,test,0.40816326530612246,3684
781,test,0.4146341463414634,1270
790,test,0.8378378378378378,8537
792,test,0.4782608695652174,920
798,test,0.4642857142857143,3785
799,test,0.463768115942029,3720
810,test,0.3058823529411765,6617
820,test,0.5777777777777777,8537
825,test,0.46153846153846156,2153
833,test,0.5813953488372093,13225
837,test,0.3,860
838,test,0.5294117647058824,2703
844,test,0.6428571428571429,638
848,test,0.5714285714285714,7774
850,test,0.7142857142857143,1081
851,test,0.9230769230769231,1081
859,test,0.4166666666666667,6347
865,test,0.38461538461538464,8062
868,test,0.5,1684
882,test,0.5789473684210527,1988
889,test,0.38461538461538464,680
890,test,0.3888888888888889,10884
891,test,0.38461538461538464,680
892,test,0.3333333333333333,1404
893,test,0.3333333333333333,2754
908,test,0.5555555555555556,480
922,test,0.5384615384615384,1017
925,test,0.35135135135135137,1548
929,test,0.35714285714285715,984
934,test,0.4642857142857143,3990
939,test,0.45,3344
955,test,0.5161290322580645,1668
956,test,0.43243243243243246,5845
980,test,0.5238095238095238,981
983,test,0.34285714285714286,3447
1005,test,0.5161290322580645,5286
1009,test,0.5555555555555556,1287
1014,test,0.5185185185185185,3676
1016,test,0.5652173913043478,1013
1027,test,0.6111111111111112,394
1028,test,0.17391304347826086,1124
1031,test,0.5833333333333334,1200
1034,test,0.5757575757575758,9989
1039,test,0.2916666666666667,16416
1040,test,0.4,4171
1041,test,0.5217391304347826,3404
1048,test,0.5925925925925926,9493
1049,test,0.48,7074
1051,test,0.5652173913043478,2243
1053,test,0.32142857142857145,2144
1061,test,0.38461538461538464,1120
1067,test,0.7142857142857143,1086
1073,test,0.5625,1088
1083,test,0.38461538461538464,806
1108,test,0.35714285714285715,984
1110,test,0.6071428571428571,6798
1113,test,0.40540540540540543,643
1117,test,0.4722222222222222,2414
1119,test,0.5588235294117647,6632
1126,test,0.5526315789473685,7505
1127,test,0.5416666666666666,4765
1134,test,0.5,884
1143,test,0.42424242424242425,2891
1144,test,0.4411764705882353,380
1147,test,0.5454545454545454,872
1153,test,0.375,2754
1157,test,0.4782608695652174,1693
1162,test,0.6226415094339622,2521
1170,test,0.29577464788732394,9570
1172,test,0.4411764705882353,2577
1176,test,0.5172413793103449,6083
1189,test,0.5833333333333334,6964
1190,test,0.6938775510204082,2680
1195,test,0.525,7541
1198,test,0.47058823529411764,1668
1213,test,0.5454545454545454,1207
1222,test,0.2894736842105263,1892
1225,test,0.4666666666666667,888
1233,test,0.48214285714285715,6187
1241,test,0.5714285714285714,10703
1242,test,0.5806451612903226,786
1243,test,0.5373134328358209,3699
1251,test,0.3333333333333333,1249
1252,test,0.35,920
1255,test,0.38095238095238093,16457
1256,test,0.2653061224489796,189
1258,test,0.2727272727272727,3018
1259,test,0.2727272727272727,3018
1264,test,0.35714285714285715,1262
1267,test,0.23809523809523808,1266
1289,test,0.4838709677419355,782
1292,test,0.5714285714285714,2772
1296,test,0.5,8201
1297,test,0.5333333333333333,1355
1298,test,0.5333333333333333,1355
1320,test,0.32653061224489793,787
1329,test,0.5238095238095238,14264
1334,test,0.5,3550
1336,test,0.52,15042
1347,test,0.35714285714285715,1807
1351,test,0.42857142857142855,2755
1353,test,0.41935483870967744,970
1371,test,0.5,6517
1373,test,0.4368932038834951,15444
1390,test,0.6086956521739131,710
1391,test,0.25,888
1392,test,0.29411764705882354,8903
1396,test,0.39285714285714285,1017
1402,test,0.4782608695652174,1065
1403,test,0.5517241379310345,1597
1411,test,0.5555555555555556,380
1415,test,0.7241379310344828,9452
1417,test,0.5869565217391305,8537
1428,test,0.2833333333333333,5325
1443,test,0.30303030303030304,910
1447,test,0.3384615384615385,6482
1450,test,0.36363636363636365,3295
1452,test,0.40298507462686567,9570
1454,test,0.4909090909090909,4157
1460,test,0.52,2538
1464,test,0.5476190476190477,2472
1472,test,0.43333333333333335,1563
1479,test,0.5357142857142857,2507
1485,test,0.28,3496
1487,test,0.4,3560
1489,test,0.4583333333333333,15304
1491,test,0.5,3586
1496,test,0.5,6517
1499,test,0.5340909090909091,7158
1505,test,0.7101449275362319,5232
1506,test,0.425531914893617,854
1522,test,0.5909090909090909,10312
1547,test,0.4782608695652174,1383
1550,test,0.4270833333333333,5617
1551,test,0.37209302325581395,12393
1560,test,0.5135135135135135,3486
1568,test,0.5416666666666666,295
1574,test,0.6666666666666666,12339
1588,test,0.4,1068
1591,test,0.29411764705882354,1135
1606,test,0.41935483870967744,1516
1627,test,0.59375,4483
1634,test,0.45454545454545453,862
1641,test,0.5625,3252
1643,test,0.7222222222222222,1644
1651,test,0.5909090909090909,2538
1656,test,0.5666666666666667,2114
1669,test,0.5,210
1672,test,0.782608695652174,2641
1673,test,0.5882352941176471,1032
1674,test,0.27906976744186046,707
1675,test,0.5789473684210527,1045
1683,test,0.39215686274509803,5096
1699,test,0.3793103448275862,1825
1700,test,0.4117647058823529,70
1703,test,0.48484848484848486,905
1711,test,0.4444444444444444,1645
1715,test,0.5416666666666666,4700
1727,test,0.4444444444444444,3720
1728,test,0.463768115942029,3720
1732,test,0.4666666666666667,1030
1733,test,0.5714285714285714,1199
1736,test,0.4444444444444444,1012
1750,test,0.56,1012
1753,test,0.4375,884
1773,test,0.4090909090909091,1023
1779,test,0.6304347826086957,14553
1786,test,0.4827586206896552,1785
1787,test,0.4375,1785
1790,test,0.3888888888888889,1944
1802,test,0.42857142857142855,3680
1803,test,0.4375,1239
1833,test,0.3953488372093023,4058
1839,test,0.29545454545454547,3226
1840,test,0.34782608695652173,958
1842,test,0.5476190476190477,10593
1865,test,0.5714285714285714,5786
1871,test,0.2727272727272727,858
1884,test,0.38461538461538464,12781
1886,test,0.5135135135135135,3059
1890,test,0.7391304347826086,1844
1900,test,0.4666666666666667,3720
1903,test,0.4782608695652174,880
1912,test,0.36363636363636365,3555
1915,test,0.5142857142857142,1270
1921,test,0.5641025641025641,13060
1926,test,0.5476190476190477,13890
1931,test,0.5757575757575758,4800
1943,test,0.44,880
1949,test,0.56,880
1952,test,0.35714285714285715,10202
1953,test,0.41379310344827586,15425
1954,test,0.48,1130
1964,test,0.42105263157894735,15628
1966,test,0.5789473684210527,3473
1967,test,0.575,10593
1970,test,0.6136363636363636,2083
1979,test,0.3333333333333333,1880
1989,test,0.39473684210526316,4691
1990,test,0.42857142857142855,1572
2007,test,0.4857142857142857,15237
2011,test,0.4473684210526316,5554
2017,test,0.5454545454545454,2289
2020,test,0.7333333333333333,1846
2027,test,0.5454545454545454,5403
2032,test,0.4423076923076923,15721
2033,test,0.5294117647058824,5403
2036,test,0.5365853658536586,2037
2054,test,0.463768115942029,3720
2063,test,0.2903225806451613,1210
2064,test,0.35,1752
2066,test,0.35714285714285715,9442
2082,test,0.5098039215686274,8706
2092,test,0.6833333333333333,1859
2094,test,0.8627450980392157,1859
2096,test,0.55,14067
2141,test,0.35714285714285715,1068
2160,test,0.5625,8542
2163,test,0.4222222222222222,9001
2167,test,0.37777777777777777,3710
2168,test,0.48484848484848486,3
2183,test,0.423728813559322,4963
2187,test,0.7058823529411765,9483
2196,test,0.47619047619047616,10157
2201,test,0.5714285714285714,3636
2206,test,0.4838709677419355,1192
2221,test,0.5517241379310345,9087
2224,test,0.5714285714285714,5813
2227,test,0.23076923076923078,1052
2233,test,0.5806451612903226,15085
2245,test,0.4444444444444444,887
2266,test,0.5581395348837209,3151
2275,test,0.5869565217391305,6948
2282,test,0.5217391304347826,3408
2287,test,0.46808510638297873,15448
2292,test,0.45454545454545453,2475
2293,test,0.5,12101
2299,test,0.5490196078431373,16036
2302,test,0.6111111111111112,5615
2303,test,0.5185185185185185,1731
2304,test,0.5189873417721519,3699
2310,test,0.5172413793103449,10442
2315,test,0.3548387096774194,7896
2320,test,0.5714285714285714,9087
2330,test,0.5862068965517241,6611
2332,test,0.5121951219512195,3853
2333,test,0.5681818181818182,11606
2335,test,0.5510204081632653,3847
2343,test,0.4594594594594595,9328
2344,test,0.5405405405405406,14101
2347,test,0.7017543859649122,1859
2349,test,0.48484848484848486,4714
2350,test,0.6052631578947368,13210
2355,test,0.52,5047
2366,test,0.37037037037037035,1015
2374,test,0.36065573770491804,9087
2390,test,0.65,3905
2393,test,0.5555555555555556,2434
2396,test,0.5625,2397
2403,test,0.47058823529411764,3847
2407,test,0.5185185185185185,279
2409,test,0.7560975609756098,2416
2419,test,0.5,189
2424,test,0.7435897435897436,9926
2425,test,0.5,7865
2432,test,0.8125,16045
2435,test,0.6363636363636364,2392
2436,test,0.6037735849056604,10685
2447,test,0.6190476190476191,3566
2469,test,0.5,6631
2483,test,0.5833333333333334,15243
2484,test,0.5777777777777777,14567
2485,test,0.5714285714285714,13787
2494,test,0.53125,7616
2496,test,0.5,1455
2504,test,0.3191489361702128,1795
2506,test,0.5909090909090909,2243
2520,test,0.65,669
2529,test,0.3793103448275862,9156
2531,test,0.4090909090909091,2797
2532,test,0.6129032258064516,16099
2543,test,0.35714285714285715,1722
2556,test,0.56,6187
2557,test,0.5283018867924528,6605
2567,test,0.6779661016949152,1859
2585,test,0.47058823529411764,2232
2586,test,0.5517241379310345,5604
2587,test,0.6785714285714286,5604
2589,test,0.5909090909090909,4765
2600,test,0.5416666666666666,6965
2605,test,0.5,9673
2607,test,0.4807692307692308,6245
2611,test,0.45161290322580644,3593
2612,test,0.36363636363636365,1124
2615,test,0.5333333333333333,7374
2621,test,0.7916666666666666,2641
2624,test,0.2,3195
2628,test,0.39285714285714285,1219
2637,test,0.45454545454545453,1214
2638,test,0.53125,9553
2640,test,0.5384615384615384,2498
2644,test,0.43243243243243246,3720
2652,test,0.5384615384615384,2235
2656,test,0.3870967741935484,4171
2661,test,0.4883720930232558,6056
2663,test,0.7857142857142857,2741
2664,test,0.6976744186046512,8537
2669,test,0.3157894736842105,9094
2670,test,0.5,7254
2674,test,0.5,2008
2676,test,0.48,47
2679,test,0.8,2216
2689,test,0.4772727272727273,2472
2700,test,0.5925925925925926,15238
2715,test,0.5952380952380952,7556
2719,test,0.375,333
2725,test,0.4807692307692308,213
2727,test,0.5094339622641509,7484
2740,test,0.6904761904761905,9926
2743,test,0.5918367346938775,2741
2744,test,0.5714285714285714,2671
2746,test,0.7954545454545454,2745
2747,test,0.6595744680851063,2741
2748,test,0.7021276595744681,2745
2751,test,0.6458333333333334,2741
2752,test,0.54,8537
2753,test,0.7,5604
2766,test,0.40625,985
2770,test,0.75,5604
2781,test,0.45454545454545453,4310
2782,test,0.38461538461538464,7467
2791,test,0.44,15047
2799,test,0.5384615384615384,3097
2800,test,0.2916666666666667,7553
2822,test,0.7435897435897436,2873
2823,test,0.85,2741
2824,test,0.6666666666666666,2741
2826,test,0.7674418604651163,2825
2829,test,0.3695652173913043,14274
2835,test,0.5185185185185185,1951
2837,test,0.5,5047
2838,test,0.5416666666666666,5047
2840,test,0.5909090909090909,6965
2855,test,0.5,5056
2859,test,0.4827586206896552,4124
2866,test,0.2727272727272727,1449
2874,test,0.53125,2870
2880,test,0.5789473684210527,8679
2890,test,0.29310344827586204,13561
2900,test,0.62,2902
2915,test,0.6904761904761905,9926
2932,test,0.3448275862068966,9147
2934,test,0.391304347826087,15364
2935,test,0.2413793103448276,2060
2936,test,0.5,1999
2939,test,0.391304347826087,1488
2940,test,0.5217391304347826,9657
2943,test,0.5925925925925926,4965
2969,test,0.3333333333333333,15693
2979,test,0.4473684210526316,5554
2980,test,0.7045454545454546,15565
3003,test,0.5833333333333334,8704
3005,test,0.5483870967741935,13406
3008,test,0.3333333333333333,13566
3025,test,0.5087719298245614,14129
3031,test,0.3225806451612903,5547
3038,test,0.5,9502
3042,test,0.8333333333333334,511
3043,test,0.5277777777777778,1366
3053,test,0.7142857142857143,3152
3054,test,0.7692307692307693,3151
3064,test,0.5961538461538461,13194
3067,test,0.6896551724137931,1859
3069,test,0.68,3068
3070,test,0.723404255319149,3068
3102,test,0.5454545454545454,2682
3121,test,0.25,4481
3125,test,0.696969696969697,1729
3129,test,0.7441860465116279,13231
3131,test,0.46296296296296297,7581
3138,test,0.4090909090909091,5364
3140,test,0.48717948717948717,15246
3142,test,0.5714285714285714,1098
3144,test,0.5714285714285714,15374
3150,test,0.7358490566037735,15335
3162,test,0.578125,3161
3179,test,0.42857142857142855,5005
3181,test,0.375,1021
3182,test,0.475,5450
3191,test,0.4,2998
3194,test,0.6666666666666666,9380
3202,test,0.5161290322580645,2684
3216,test,0.41935483870967744,2236
3222,test,0.3888888888888889,1492
3227,test,0.5925925925925926,9306
3243,test,0.4107142857142857,15232
3254,test,0.34545454545454546,2238
3258,test,0.39215686274509803,6325
3265,test,0.3333333333333333,2061
3267,test,0.35,1812
3271,test,0.7586206896551724,5403
3272,test,0.22413793103448276,15109
3281,test,0.4,884
3305,test,0.4864864864864865,11488
3307,test,0.6744186046511628,13225
3311,test,0.5263157894736842,15374
3314,test,0.5416666666666666,11347
3315,test,0.75,5669
3316,test,0.7317073170731707,4607
3317,test,0.5306122448979592,4579
3318,test,0.75,4607
3319,test,0.38235294117647056,2538
3333,test,0.41935483870967744,3273
3341,test,0.575,9713
3342,test,0.5862068965517241,3343
3357,test,0.6122448979591837,3847
3376,test,0.2727272727272727,11508
3396,test,0.5970149253731343,14412
3401,test,0.6571428571428571,4104
3402,test,0.47058823529411764,15056
3411,test,0.32432432432432434,3306
3413,test,0.41379310344827586,1549
3415,test,0.421875,15209
3416,test,0.4626865671641791,15215
3420,test,0.4166666666666667,11256
3424,test,0.4411764705882353,1705
3437,test,0.5483870967741935,5604
3438,test,0.5714285714285714,2684
3439,test,0.5714285714285714,2684
3440,test,0.5714285714285714,2684
3441,test,0.42857142857142855,10763
3446,test,0.3953488372093023,70
3450,test,0.5,3783
3451,test,0.5714285714285714,2684
3452,test,0.5714285714285714,2684
3458,test,0.5652173913043478,15025
3459,test,0.44,16403
3466,test,0.65625,2773
3468,test,0.5,2682
3483,test,0.32,3555
3499,test,0.4666666666666667,11610
3502,test,0.45454545454545453,11606
3513,test,0.27906976744186046,8024
3515,test,0.5,11606
3517,test,0.5416666666666666,11606
3520,test,0.4444444444444444,10810
3530,test,0.37037037037037035,1874
3531,test,0.4411764705882353,1192
3532,test,0.43333333333333335,10193
3544,test,0.45714285714285713,15483
3558,test,0.5625,5253
3567,test,0.417910447761194,35
3574,test,0.56,11347
3591,test,0.5909090909090909,3430
3596,test,0.375,1023
3606,test,0.37142857142857144,813
3612,test,0.4090909090909091,16423
3619,test,0.5272727272727272,3061
3620,test,0.5660377358490566,3068
3622,test,0.6774193548387096,6348
3624,test,0.5869565217391305,7338
3629,test,0.3333333333333333,1120
3630,test,0.42857142857142855,14120
3631,test,0.5238095238095238,1988
3632,test,0.5111111111111111,8047
3639,test,0.4117647058823529,12213
3670,test,0.6153846153846154,623
3671,test,0.6046511627906976,9549
3672,test,0.5675675675675675,7505
3673,test,0.3157894736842105,16127
3679,test,0.41935483870967744,3644
3686,test,0.42105263157894735,2351
3693,test,0.5813953488372093,3691
3697,test,0.4716981132075472,13727
3712,test,0.38636363636363635,10271
3717,test,0.42105263157894735,4481
3719,test,0.38095238095238093,1057
3724,test,0.4,4060
3727,test,0.43478260869565216,3726
3728,test,0.4594594594594595,13396
3735,test,0.4375,15410
3739,test,0.41935483870967744,47
3742,test,0.7358490566037735,4053
3744,test,0.2727272727272727,3762
3745,test,0.5555555555555556,8134
3746,test,0.40625,2002
3755,test,0.5428571428571428,5562
3772,test,0.4186046511627907,12746
3776,test,0.5714285714285714,7774
3778,test,0.37037037037037035,3048
3779,test,0.42857142857142855,15247
3781,test,0.4864864864864865,16415
3782,test,0.3191489361702128,15410
3786,test,0.30612244897959184,924
3790,test,0.5882352941176471,10660
3792,test,0.5277777777777778,15458
3795,test,0.5384615384615384,11562
3801,test,0.4642857142857143,6493
3803,test,0.5,1595
3808,test,0.5641025641025641,3375
3810,test,0.5,972
3811,test,0.36363636363636365,11568
3827,test,0.40476190476190477,15374
3833,test,0.5263157894736842,9028
3834,test,0.5306122448979592,3838
3835,test,0.5531914893617021,3838
3839,test,0.6976744186046512,3838
3846,test,0.47368421052631576,3847
3849,test,0.42,3872
3852,test,0.5609756097560976,3853
3857,test,0.7936507936507936,15382
3859,test,0.22727272727272727,10
3860,test,0.45652173913043476,7306
3869,test,0.5740740740740741,3874
3877,test,0.47058823529411764,3861
3880,test,0.5652173913043478,3838
3883,test,0.3793103448275862,13791
3891,test,0.2564102564102564,12547
3892,test,0.52,3906
3894,test,0.6415094339622641,9805
3902,test,0.35294117647058826,3861
3908,test,0.3142857142857143,2288
3912,test,0.38181818181818183,2049
3915,test,0.2857142857142857,13483
3933,test,0.2807017543859649,43
3936,test,0.36065573770491804,12624
3947,test,0.5454545454545454,15201
3952,test,0.4583333333333333,3956
3953,test,0.5777777777777777,16437
3954,test,0.5777777777777777,16437
3955,test,0.32558139534883723,7982
3963,test,0.7380952380952381,3951
3965,test,0.2653061224489796,13109
3970,test,0.36363636363636365,5452
3975,test,0.3448275862068966,514
3977,test,0.5,1511
3984,test,0.5925925925925926,15476
3988,test,0.5882352941176471,3684
3994,test,0.5128205128205128,13160
3996,test,0.30303030303030304,14174
4004,test,0.7368421052631579,2265
4019,test,0.603448275862069,1859
4020,test,0.5806451612903226,1859
4023,test,0.660377358490566,14075
4026,test,0.46808510638297873,9139
4036,test,0.5294117647058824,4037
4047,test,0.5957446808510638,3233
4066,test,0.27692307692307694,7461
4067,test,0.4838709677419355,7168
4076,test,0.38235294117647056,1130
4097,test,0.55,5007
4099,test,0.43478260869565216,4314
4108,test,0.3333333333333333,5033
4112,test,0.5217391304347826,3545
4133,test,0.5,15425
4135,test,0.4666666666666667,4140
4138,test,0.56,3081
4145,test,0.7142857142857143,4146
4158,test,0.42105263157894735,4157
4168,test,0.47619047619047616,12686
4174,test,0.5333333333333333,1085
4175,test,0.6538461538461539,63
4184,test,0.39285714285714285,3720
4187,test,0.44776119402985076,3209
4189,test,0.47058823529411764,3209
4191,test,0.53125,3209
4192,test,0.5714285714285714,3209
4193,test,0.5,3209
4216,test,0.5217391304347826,5916
4217,test,0.2962962962962963,3665
4218,test,0.53125,4870
4219,test,0.5,4225
4223,test,0.5277777777777778,4870
4224,test,0.42857142857142855,4221
4227,test,0.43243243243243246,14468
4246,test,0.46153846153846156,4249
4247,test,0.54,4245
4248,test,0.6041666666666666,4249
4253,test,0.3,514
4261,test,0.39473684210526316,829
4265,test,0.8780487804878049,4424
4266,test,0.8780487804878049,4424
4276,test,0.53125,6122
4278,test,0.4482758620689655,15035
4287,test,0.48717948717948717,16415
4296,test,0.6041666666666666,13041
4297,test,0.4146341463414634,2928
4311,test,0.4791666666666667,4313
4317,test,0.46808510638297873,4301
4318,test,0.46808510638297873,4005
4325,test,0.5,381
4328,test,0.5625,4005
4335,test,0.38,2720
4356,test,0.34210526315789475,9
4375,test,0.2878787878787879,6799
4383,test,0.28,8072
4399,test,0.2413793103448276,14596
4403,test,0.5,1206
4405,test,0.7446808510638298,13194
4426,test,0.5813953488372093,11721
4428,test,0.7021276595744681,10710
4434,test,0.8095238095238095,6445
4435,test,0.7954545454545454,6456
4442,test,0.6458333333333334,10710
4455,test,0.6785714285714286,11578
4457,test,0.3584905660377358,2358
4458,test,0.5,15171
4467,test,0.3787878787878788,10804
4468,test,0.5510204081632653,2573
4469,test,0.5111111111111111,9411
4470,test,0.4897959183673469,7572
4471,test,0.5098039215686274,7576
4482,test,0.5454545454545454,2115
4492,test,0.5909090909090909,12898
4494,test,0.625,16132
4497,test,0.5111111111111111,13039
4498,test,0.4230769230769231,920
4501,test,0.2608695652173913,3391
4502,test,0.5151515151515151,3644
4506,test,0.509090909090909,16299
4507,test,0.4375,11483
4508,test,0.5172413793103449,1579
4515,test,0.3137254901960784,5912
4516,test,0.3269230769230769,5912
4535,test,0.5666666666666667,3598
4542,test,0.4,4561
4544,test,0.5609756097560976,3004
4567,test,0.54,4558
4569,test,0.8148148148148148,4570
4587,test,0.6,2280
4593,test,0.5454545454545454,4595
4596,test,0.5806451612903226,2013
4606,test,0.5714285714285714,4122
4622,test,0.6923076923076923,5348
4629,test,0.45454545454545453,2519
4643,test,0.3870967741935484,15040
4644,test,0.578125,511
4645,test,0.36363636363636365,2787
4646,test,0.4782608695652174,3386
4648,test,0.6875,10710
4650,test,0.5555555555555556,10712
4651,test,0.8775510204081632,4656
4652,test,0.5789473684210527,4662
4653,test,0.8823529411764706,4658
4654,test,0.8703703703703703,4665
4655,test,0.6363636363636364,4656
4657,test,0.6491228070175439,4658
4659,test,0.6545454545454545,4662
4661,test,0.6909090909090909,4662
4667,test,0.6785714285714286,4662
4669,test,0.5454545454545454,1553
4670,test,0.5932203389830508,4662
4671,test,0.7636363636363637,4704
4676,test,0.6122448979591837,4427
4683,test,0.8571428571428571,4662
4694,test,0.7450980392156863,463
4698,test,0.4117647058823529,910
4702,test,0.5882352941176471,4427
4713,test,0.41509433962264153,4707
4723,test,0.6818181818181818,4724
4725,test,0.5833333333333334,4724
4726,test,0.8571428571428571,4878
4727,test,0.5,4656
4739,test,0.4074074074074074,13104
4740,test,0.5348837209302325,5991
4743,test,0.54,4753
4746,test,0.6491228070175439,4666
4747,test,0.8571428571428571,4724
4748,test,0.52,5047
4749,test,0.35555555555555557,10582
4754,test,0.5217391304347826,13955
4759,test,0.5416666666666666,6965
4760,test,0.46153846153846156,5813
4766,test,0.38461538461538464,3052
4767,test,0.48148148148148145,4807
4772,test,0.3939393939393939,7139
4774,test,0.41818181818181815,3820
4780,test,0.4166666666666667,15367
4791,test,0.46875,15367
4794,test,0.45454545454545453,4800
4796,test,0.631578947368421,4526
4797,test,0.4772727272727273,4526
4798,test,0.6451612903225806,4800
4799,test,0.627906976744186,4795
4806,test,0.5306122448979592,6965
4808,test,0.4727272727272727,4807
4813,test,0.5161290322580645,5344
4816,test,0.42424242424242425,9306
4822,test,0.5,6014
4841,test,0.49019607843137253,4807
4843,test,0.5,972
4850,test,0.8,4849
4852,test,0.6470588235294118,4849
4853,test,0.7450980392156863,9483
4862,test,0.4642857142857143,4221
4863,test,0.5,14453
4864,test,0.5,4225
4867,test,0.46875,4225
4868,test,0.43333333333333335,4221
4869,test,0.46875,4225
4871,test,0.46875,4221
4879,test,0.4634146341463415,11035
4886,test,0.5555555555555556,3066
4888,test,0.42424242424242425,12535
4904,test,0.25806451612903225,383
4919,test,0.5454545454545454,872
4933,test,0.5714285714285714,15427
4934,test,0.47540983606557374,14129
4936,test,0.40625,15168
4937,test,0.23333333333333334,5282
4950,test,0.4782608695652174,3207
4951,test,0.3958333333333333,4849
4952,test,0.5686274509803921,15089
4953,test,0.509090909090909,15089
4958,test,0.20652173913043478,4249
4962,test,0.5,1389
4966,test,0.7931034482758621,4967
4972,test,0.4375,15071
4975,test,0.40540540540540543,1192
4976,test,0.5,15171
4977,test,0.5945945945945946,10576
4989,test,0.5737704918032787,8704
5004,test,0.4230769230769231,15428
5017,test,0.36363636363636365,11016
5024,test,0.5357142857142857,5762
5025,test,0.4583333333333333,3608
5026,test,0.48214285714285715,6187
5027,test,0.5490196078431373,6187
5028,test,0.5263157894736842,2680
5030,test,0.5483870967741935,5554
5031,test,0.6285714285714286,3383
5058,test,0.5,149
5065,test,0.34146341463414637,8728
5080,test,0.3076923076923077,383
5091,test,0.5490196078431373,542
5101,test,0.6875,1553
5110,test,0.7954545454545454,5123
5117,test,0.5652173913043478,2963
5120,test,0.26666666666666666,4840
5122,test,0.4864864864864865,6143
5124,test,0.7727272727272727,5125
5128,test,0.45454545454545453,3484
5129,test,0.48484848484848486,3
5130,test,0.6585365853658537,13225
5137,test,0.5238095238095238,5547
5154,test,0.35,1057
5167,test,0.5294117647058824,1480
5174,test,0.4666666666666667,1795
5176,test,0.3333333333333333,16434
5182,test,0.40816326530612246,11173
5183,test,0.5277777777777778,15628
5186,test,0.4375,16478
5190,test,0.8043478260869565,5191
5209,test,0.37037037037037035,1081
5212,test,0.5952380952380952,5179
5227,test,0.4827586206896552,5263
5229,test,0.75,16328
5254,test,0.4482758620689655,2608
5255,test,0.3055555555555556,5993
5256,test,0.5555555555555556,13225
5262,test,0.4166666666666667,10510
5268,test,0.6,6611
5269,test,0.32608695652173914,7587
5276,test,0.6,5277
5281,test,0.3559322033898305,5325
5285,test,0.7555555555555555,7552
5289,test,0.5,6347
5290,test,0.47619047619047616,5243
5291,test,0.48717948717948717,3490
5292,test,0.5,10065
5303,test,0.5555555555555556,9328
5316,test,0.8863636363636364,5325
5327,test,0.4393939393939394,8171
5342,test,0.4,5323
5343,test,0.38461538461538464,5323
5346,test,0.625,5347
5368,test,0.52,1388
5371,test,0.6944444444444444,11954
5375,test,0.7317073170731707,4607
5377,test,0.6078431372549019,5382
5378,test,0.6382978723404256,4607
5379,test,0.7317073170731707,4607
5381,test,0.7441860465116279,5376
5383,test,0.62,5386
5384,test,0.6666666666666666,4607
5389,test,0.5849056603773585,5382
5395,test,0.5555555555555556,4580
5396,test,0.7441860465116279,5376
5398,test,0.38461538461538464,6143
5404,test,0.41379310344827586,5819
5405,test,0.5510204081632653,1971
5409,test,0.42857142857142855,880
5419,test,0.43478260869565216,5240
5433,test,0.42857142857142855,11385
5448,test,0.3125,1593
5463,test,0.5333333333333333,1085
5475,test,0.3939393939393939,5047
5484,test,0.43478260869565216,4146
5485,test,0.5555555555555556,14434
5494,test,0.5161290322580645,3720
5495,test,0.4117647058823529,1528
5496,test,0.5,2341
5497,test,0.375,7896
5510,test,0.5,2289
5536,test,0.6,3215
5552,test,0.5952380952380952,3472
5553,test,0.5238095238095238,7132
5563,test,0.4722222222222222,2457
5569,test,0.390625,8208
5575,test,0.25,9156
5576,test,0.41379310344827586,6122
5580,test,0.43137254901960786,3646
5598,test,0.37142857142857144,827
5599,test,0.3793103448275862,1088
5600,test,0.4864864864864865,7249
5601,test,0.41935483870967744,827
5602,test,0.3939393939393939,827
5606,test,0.5490196078431373,446
5614,test,0.6216216216216216,5615
5616,test,0.8333333333333334,9993
5618,test,0.5,6860
5627,test,0.7368421052631579,5628
5633,test,0.41379310344827586,2889
5637,test,0.5263157894736842,1933
5646,test,0.4722222222222222,5068
5650,test,0.4375,16478
5651,test,0.42857142857142855,16478
5652,test,0.42857142857142855,16478
5656,test,0.5625,10605
5658,test,0.5833333333333334,16488
5660,test,0.4772727272727273,16488
5661,test,0.48148148148148145,4143
5662,test,0.5526315789473685,16488
5663,test,0.5675675675675675,16488
5665,test,0.48,3545
5668,test,0.46153846153846156,2937
5673,test,0.5882352941176471,5949
5676,test,0.3181818181818182,13761
5677,test,0.660377358490566,6245
5678,test,0.5614035087719298,6245
5679,test,0.5833333333333334,12395
5680,test,0.6491228070175439,12395
5681,test,0.4857142857142857,5682
5683,test,0.4861111111111111,5682
5684,test,0.5263157894736842,6245
5685,test,0.5757575757575758,5682
5686,test,0.4657534246575342,5682
5687,test,0.4931506849315068,5682
5688,test,0.47297297297297297,5682
5694,test,0.4722222222222222,5682
5695,test,0.47126436781609193,15714
5697,test,0.4939759036144578,15714
5698,test,0.4880952380952381,15714
5699,test,0.4823529411764706,15714
5701,test,0.5142857142857142,12395
5702,test,0.5285714285714286,12395
5707,test,0.5675675675675675,5706
5718,test,0.6363636363636364,5717
5727,test,0.5625,5729
5728,test,0.675,5372
5736,test,0.5581395348837209,5739
5750,test,0.5138888888888888,12395
5752,test,0.48717948717948717,796
5753,test,0.3181818181818182,1942
5754,test,0.5142857142857142,1480
5761,test,0.475,3759
5763,test,0.41935483870967744,6123
5768,test,0.37142857142857144,11168
5778,test,0.4583333333333333,10541
5779,test,0.696969696969697,5100
5804,test,0.4657534246575342,12395
5816,test,0.5,2076
5820,test,0.6153846153846154,414
5821,test,0.7959183673469388,3209
5826,test,0.5087719298245614,14229
5830,test,0.4838709677419355,11578
5831,test,0.46875,11578
5832,test,0.4,3646
5833,test,0.3492063492063492,5834
5835,test,0.36538461538461536,12681
5836,test,0.3333333333333333,5834
5837,test,0.375,15944
5841,test,0.45098039215686275,5838
5843,test,0.47368421052631576,14100
5844,test,0.46511627906976744,5845
5849,test,0.68,5901
5852,test,0.6538461538461539,5901
5856,test,0.6666666666666666,5857
5864,test,0.5333333333333333,5862
5867,test,0.5961538461538461,6487
5872,test,0.4144144144144144,7219
5874,test,0.7666666666666667,2265
5876,test,0.2692307692307692,11937
5891,test,0.7073170731707317,5890
5893,test,0.627906976744186,5890
5894,test,0.5789473684210527,5892
5902,test,0.6923076923076923,5857
5931,test,0.6190476190476191,5519
5933,test,0.6829268292682927,8605
5934,test,0.6829268292682927,8606
5935,test,0.6486486486486487,11723
5960,test,0.5483870967741935,13406
5992,test,0.5833333333333334,1431
5994,test,0.45,4518
6005,test,0.28169014084507044,6801
6013,test,0.6296296296296297,6014
6031,test,0.5333333333333333,6023
6032,test,0.5625,6025
6047,test,0.5588235294117647,6049
6062,test,0.5135135135135135,5897
6069,test,0.5106382978723404,16023
6070,test,0.5,16023
6074,test,0.6206896551724138,6459
6075,test,0.6981132075471698,6459
6093,test,0.44,2499
6098,test,0.4050632911392405,3720
6100,test,0.37142857142857144,3197
6104,test,0.3333333333333333,10267
6110,test,0.48148148148148145,16412
6133,test,0.59375,6139
6135,test,0.7659574468085106,6134
6170,test,0.32,5568
6188,test,0.43333333333333335,6631
6196,test,0.4857142857142857,3924
6197,test,0.6060606060606061,6205
6198,test,0.6046511627906976,6199
6218,test,0.8235294117647058,6229
6226,test,0.7924528301886793,6229
6234,test,0.7547169811320755,6232
6235,test,0.5471698113207547,2397
6236,test,0.5645161290322581,4764
6238,test,0.578125,6237
6244,test,0.8095238095238095,6253
6248,test,0.5384615384615384,2570
6255,test,0.7407407407407407,6229
6257,test,0.3880597014925373,2570
6261,test,0.40425531914893614,8545
6264,test,0.3235294117647059,15368
6274,test,0.6153846153846154,4104
6275,test,0.6486486486486487,16471
6284,test,0.5,16488
6310,test,0.35,13483
6312,test,0.5121951219512195,4621
6313,test,0.4883720930232558,4621
6315,test,0.4230769230769231,15479
6319,test,0.39215686274509803,15479
6320,test,0.45,15302
6324,test,0.5806451612903226,2879
6326,test,0.5,8895
6327,test,0.4634146341463415,2511
6329,test,0.42,8506
6333,test,0.7560975609756098,6351
6350,test,0.7567567567567568,6349
6354,test,0.5370370370370371,12690
6357,test,0.39285714285714285,1548
6358,test,0.717948717948718,6349
6360,test,0.696969696969697,6359
6361,test,0.45098039215686275,2395
6367,test,0.48717948717948717,12574
6370,test,0.5319148936170213,4785
6379,test,0.4883720930232558,11610
6404,test,0.7551020408163265,6405
6419,test,0.6226415094339622,6405
6429,test,0.4642857142857143,6436
6430,test,0.40625,3187
6439,test,0.38095238095238093,3586
6449,test,0.7045454545454546,6448
6451,test,0.7,6459
6452,test,0.5964912280701754,6229
6453,test,0.6923076923076923,6459
6454,test,0.6792452830188679,6459
6455,test,0.6792452830188679,6459
6458,test,0.66,6456
6460,test,0.78,6459
6500,test,0.6,15924
6509,test,0.7068965517241379,9380
6510,test,0.5952380952380952,12063
6511,test,0.4642857142857143,16412
6513,test,0.4772727272727273,4621
6514,test,0.4666666666666667,4621
6515,test,0.4666666666666667,4621
6518,test,0.5614035087719298,8704
6519,test,0.4358974358974359,11420
6520,test,0.5645161290322581,8704
6521,test,0.5714285714285714,7307
6522,test,0.37209302325581395,5260
6524,test,0.36486486486486486,3091
6526,test,0.5581395348837209,14002
6533,test,0.2807017543859649,4111
6552,test,0.4074074074074074,16412
6555,test,0.4444444444444444,6960
6563,test,0.39622641509433965,3925
6576,test,0.44329896907216493,5617
6579,test,0.40229885057471265,6117
6582,test,0.576271186440678,6561
6583,test,0.55,1788
6590,test,0.5483870967741935,9901
6593,test,0.6444444444444445,9990
6596,test,0.5172413793103449,4503
6610,test,0.4827586206896552,7527
6625,test,0.4444444444444444,10884
6626,test,0.32432432432432434,9737
6634,test,0.43636363636363634,2959
6640,test,0.5853658536585366,13759
6642,test,0.8947368421052632,8184
6646,test,0.32608695652173914,2721
6648,test,0.42857142857142855,15152
6649,test,0.4772727272727273,9139
6665,test,0.5151515151515151,5773
6673,test,0.3787878787878788,15200
6685,test,0.5454545454545454,13301
6691,test,0.7105263157894737,2696
6711,test,0.5116279069767442,2696
6726,test,0.45714285714285713,7080
6727,test,0.574468085106383,7338
6745,test,0.5660377358490566,6747
6746,test,0.8431372549019608,6747
6761,test,0.6923076923076923,6760
6766,test,0.7843137254901961,6758
6774,test,0.5714285714285714,7694
6789,test,0.6949152542372882,6776
6806,test,0.6268656716417911,9453
6815,test,0.5,9838
6834,test,0.5434782608695652,6821
6836,test,0.2465753424657534,647
6845,test,0.6,410
6848,test,0.5476190476190477,6056
6852,test,0.5,7161
6856,test,0.36666666666666664,11815
6862,test,0.36666666666666664,3188
6863,test,0.4,4859
6864,test,0.48,3978
6872,test,0.46938775510204084,9932
6876,test,0.5454545454545454,11191
6884,test,0.5303030303030303,6237
6885,test,0.5223880597014925,7171
6891,test,0.8048780487804879,12769
6892,test,0.5303030303030303,6237
6897,test,0.4473684210526316,6896
6900,test,0.6052631578947368,14434
6903,test,0.5681818181818182,9612
6911,test,0.35294117647058826,5624
6912,test,0.4857142857142857,6909
6918,test,0.7692307692307693,6917
6921,test,0.75,6917
6923,test,0.5869565217391305,4921
6926,test,0.5813953488372093,6919
6927,test,0.5714285714285714,6917
6938,test,0.4583333333333333,15047
6952,test,0.41509433962264153,3044
6954,test,0.4716981132075472,4176
6963,test,0.8372093023255814,6605
6967,test,0.3225806451612903,9227
6968,test,0.40625,3392
6974,test,0.46551724137931033,8208
6975,test,0.4098360655737705,8208
6976,test,0.38095238095238093,8208
6977,test,0.36764705882352944,8208
6980,test,0.5121951219512195,15274
6988,test,0.5925925925925926,6987
6989,test,0.5,3607
6992,test,0.48717948717948717,10051
6994,test,0.35135135135135137,5056
6997,test,0.4716981132075472,4245
7011,test,0.6206896551724138,7384
7012,test,0.5454545454545454,7384
7014,test,0.5116279069767442,7006
7015,test,0.5454545454545454,6919
7027,test,0.5,7057
7039,test,0.4090909090909091,7046
7048,test,0.34615384615384615,7046
7059,test,0.546875,12001
7061,test,0.375,1079
7068,test,0.717948717948718,7383
7070,test,0.48484848484848486,7056
7085,test,0.3611111111111111,5482
7091,test,0.5853658536585366,12063
7094,test,0.38235294117647056,5482
7098,test,0.42,8082
7100,test,0.5918367346938775,2289
7109,test,0.46296296296296297,11976
7118,test,0.6470588235294118,15246
7129,test,0.5869565217391305,16437
7141,test,0.3142857142857143,1426
7144,test,0.8947368421052632,8184
7150,test,0.5714285714285714,7152
7151,test,0.3902439024390244,7152
7154,test,0.48717948717948717,7155
7156,test,0.6206896551724138,7157
7160,test,0.30952380952380953,7152
7165,test,0.5531914893617021,2894
7170,test,0.5094339622641509,8999
7173,test,0.3584905660377358,5780
7175,test,0.30434782608695654,6101
7182,test,0.6346153846153846,7282
7183,test,0.7647058823529411,7282
7184,test,0.74,7282
7185,test,0.8478260869565217,7203
7186,test,0.723404255319149,7297
7187,test,0.8695652173913043,7297
7188,test,0.5555555555555556,5848
7189,test,0.6792452830188679,7297
7190,test,0.6481481481481481,7282
7191,test,0.7735849056603774,7282
7194,test,0.74,7181
7196,test,0.6842105263157895,7282
7202,test,0.8775510204081632,7282
7209,test,0.5303030303030303,6644
7212,test,0.3870967741935484,3928
7213,test,0.5454545454545454,6917
7224,test,0.3333333333333333,16403
7230,test,0.5714285714285714,2684
7234,test,0.581081081081081,725
7240,test,0.4857142857142857,7250
7259,test,0.5428571428571428,7257
7275,test,0.22448979591836735,6894
7278,test,0.4166666666666667,4027
7283,test,0.8333333333333334,7282
7285,test,0.8372093023255814,7281
7286,test,0.8478260869565217,7282
7287,test,0.8292682926829268,7284
7288,test,0.5,2990
7289,test,0.5,2990
7290,test,0.509090909090909,2990
7291,test,0.5,2990
7292,test,0.509090909090909,2990
7293,test,0.5084745762711864,5001
7294,test,0.5185185185185185,2990
7295,test,0.5087719298245614,2990
7296,test,0.6530612244897959,7279
7304,test,0.49122807017543857,2990
7312,test,0.4,1310
7321,test,0.35294117647058826,531
7326,test,0.5833333333333334,7325
7327,test,0.5714285714285714,12882
7336,test,0.7272727272727273,7337
7342,test,0.42857142857142855,7343
7352,test,0.5652173913043478,6528
7360,test,0.25862068965517243,6505
7367,test,0.5714285714285714,7366
7375,test,0.42592592592592593,6881
7377,test,0.4838709677419355,2208
7390,test,0.6551724137931034,7385
7391,test,0.6363636363636364,7006
7392,test,0.6216216216216216,7007
7399,test,0.5294117647058824,7411
7400,test,0.4594594594594595,7413
7402,test,0.5,7432
7406,test,0.3333333333333333,13616
7412,test,0.5185185185185185,7414
7417,test,0.7333333333333333,7415
7439,test,0.4166666666666667,5241
7455,test,0.5333333333333333,4496
7465,test,0.3611111111111111,1783
7473,test,0.723404255319149,7472
7485,test,0.5,9242
7519,test,0.5161290322580645,3
7524,test,0.45161290322580644,7315
7528,test,0.47540983606557374,542
7538,test,0.3953488372093023,10512
7542,test,0.25,9076
7565,test,0.5294117647058824,5648
7566,test,0.5142857142857142,5648
7569,test,0.4731182795698925,5617
7590,test,0.5454545454545454,7157
7592,test,0.46938775510204084,4049
7593,test,0.4634146341463415,15414
7594,test,0.4634146341463415,15414
7595,test,0.37037037037037035,1794
7596,test,0.5538461538461539,4417
7612,test,0.39285714285714285,6029
7624,test,0.5882352941176471,9401
7625,test,0.5897435897435898,8952
7628,test,0.375,14723
7638,test,0.3829787234042553,11183
7640,test,0.44680851063829785,6260
7666,test,0.5,1557
7667,test,0.46296296296296297,15479
7668,test,0.44642857142857145,15479
7669,test,0.5961538461538461,6314
7679,test,0.5757575757575758,7757
7683,test,0.5,6737
7686,test,0.4864864864864865,119
7693,test,0.375,11564
7695,test,0.5945945945945946,4849
7711,test,0.5263157894736842,5812
7714,test,0.5555555555555556,50
7721,test,0.38095238095238093,8619
7746,test,0.7457627118644068,9374
7749,test,0.5609756097560976,7748
7754,test,0.35714285714285715,2998
7764,test,0.4,2809
7765,test,0.6666666666666666,9805
7781,test,0.4666666666666667,10193
7782,test,0.5,503
7783,test,0.5416666666666666,1007
7810,test,0.5909090909090909,4765
7819,test,0.5483870967741935,13406
7836,test,0.391304347826087,7844
7851,test,0.5869565217391305,7338
7853,test,0.5483870967741935,3044
7857,test,0.5555555555555556,4503
7859,test,0.5483870967741935,13406
7869,test,0.45652173913043476,8370
7870,test,0.44680851063829785,8370
7890,test,0.5486725663716814,4366
7897,test,0.5,1118
7899,test,0.7037037037037037,7900
7901,test,0.6666666666666666,8633
7902,test,0.5892857142857143,8633
7903,test,0.5517241379310345,6109
7907,test,0.34782608695652173,10723
7922,test,0.6444444444444445,7921
7923,test,0.5686274509803921,7921
7927,test,0.5666666666666667,5483
7928,test,0.359375,8920
7929,test,0.43478260869565216,15925
7930,test,0.38571428571428573,11983
7931,test,0.46153846153846156,12536
7932,test,0.4426229508196721,6340
7937,test,0.5384615384615384,14093
7938,test,0.46938775510204084,8542
7939,test,0.34285714285714286,15278
7941,test,0.5070422535211268,638
7942,test,0.5319148936170213,10312
7945,test,0.5263157894736842,4697
7961,test,0.3617021276595745,5865
7964,test,0.41379310344827586,3603
7969,test,0.5909090909090909,2395
7989,test,0.5507246376811594,11839
7990,test,0.5230769230769231,9885
7991,test,0.4057971014492754,9901
7992,test,0.5362318840579711,11839
7993,test,0.5,9901
7994,test,0.5079365079365079,9901
7995,test,0.5507246376811594,11839
7996,test,0.47761194029850745,9901
7997,test,0.49230769230769234,9901
7998,test,0.5,9901
7999,test,0.5352112676056338,11824
8000,test,0.5277777777777778,11839
8001,test,0.5362318840579711,11839
8002,test,0.5352112676056338,11821
8003,test,0.5416666666666666,11821
8004,test,0.5507246376811594,11821
8005,test,0.5492957746478874,11824
8006,test,0.5416666666666666,11839
8007,test,0.5492957746478874,11824
8008,test,0.5416666666666666,11839
8009,test,0.5507246376811594,11839
8010,test,0.5675675675675675,3793
8012,test,0.59375,6608
8017,test,0.4117647058823529,5524
8029,test,0.3508771929824561,7461
8050,test,0.35135135135135137,10996
8058,test,0.3958333333333333,1782
8061,test,0.5686274509803921,10194
8065,test,0.3953488372093023,6210
8068,test,0.4772727272727273,3579
8069,test,0.4722222222222222,11796
8078,test,0.5689655172413793,8076
8090,test,0.4230769230769231,5617
8094,test,0.45098039215686275,4049
8096,test,0.59375,16321
8133,test,0.5,8134
8139,test,0.23863636363636365,15331
8150,test,0.5263157894736842,12098
8173,test,0.5918367346938775,7356
8183,test,0.8947368421052632,8184
8185,test,0.5517241379310345,6560
8186,test,0.5517241379310345,6560
8187,test,0.5423728813559322,6560
8188,test,0.5423728813559322,6560
8194,test,0.75,4267
8195,test,0.75,4267
8197,test,0.5423728813559322,6560
8200,test,0.4666666666666667,8847
8236,test,0.6333333333333333,4570
8239,test,0.3333333333333333,5667
8257,test,0.5333333333333333,1085
8265,test,0.3559322033898305,6071
8267,test,0.4107142857142857,9088
8270,test,0.3333333333333333,1710
8273,test,0.44285714285714284,16414
8281,test,0.42857142857142855,13161
8282,test,0.5806451612903226,923
8292,test,0.5853658536585366,1517
8298,test,0.4772727272727273,15120
8303,test,0.4,5323
8326,test,0.5833333333333334,6731
8354,test,0.5172413793103449,5047
8369,test,0.3953488372093023,8370
8371,test,0.3695652173913043,8370
8375,test,0.7068965517241379,8340
8377,test,0.8490566037735849,8340
8384,test,0.4888888888888889,8418
8385,test,0.47058823529411764,2241
8386,test,0.5681818181818182,7575
8403,test,0.5208333333333334,8418
8410,test,0.5151515151515151,15171
8417,test,0.4166666666666667,8506
8421,test,0.7631578947368421,8414
8427,test,0.5172413793103449,16425
8438,test,0.2903225806451613,4642
8454,test,0.5576923076923077,6730
8455,test,0.5660377358490566,8293
8456,test,0.5636363636363636,6732
8475,test,0.5,2596
8480,test,0.4642857142857143,1676
8490,test,0.5925925925925926,13406
8497,test,0.5625,1557
8499,test,0.4507042253521127,3720
8503,test,0.44,15047
8523,test,0.6206896551724138,14613
8540,test,0.6470588235294118,16099
8548,test,0.5151515151515151,2013
8557,test,0.5833333333333334,2963
8573,test,0.4032258064516129,8583
8575,test,0.45098039215686275,8598
8576,test,0.5645161290322581,8585
8578,test,0.5,8583
8579,test,0.4,8584
8582,test,0.463768115942029,8585
8625,test,0.4878048780487805,8629
8630,test,0.4222222222222222,8629
8631,test,0.40384615384615385,7956
8642,test,0.35135135135135137,1183
8674,test,0.5348837209302325,7509
8687,test,0.5,7502
8691,test,0.4897959183673469,11933
8702,test,0.5609756097560976,15370
8707,test,0.5135135135135135,4967
8724,test,0.5714285714285714,6297
8764,test,0.4318181818181818,15582
8774,test,0.5384615384615384,4578
8780,test,0.5,4006
8785,test,0.43283582089552236,1855
8786,test,0.4,5617
8787,test,0.4036697247706422,5617
8788,test,0.4,5617
8790,test,0.39823008849557523,5617
8799,test,0.7567567567567568,8798
8825,test,0.5416666666666666,8826
8839,test,0.5106382978723404,4178
8840,test,0.475,5207
8848,test,0.45,12315
8856,test,0.5238095238095238,12878
8916,test,0.5862068965517241,9562
8928,test,0.5882352941176471,2171
8929,test,0.6037735849056604,9634
8930,test,0.6111111111111112,3421
8931,test,0.6078431372549019,152
8939,test,0.38095238095238093,5093
8948,test,0.375,3789
8949,test,0.30357142857142855,13882
8970,test,0.3137254901960784,1584
8971,test,0.3620689655172414,8633
8972,test,0.34782608695652173,1486
8973,test,0.5970149253731343,2267
8974,test,0.5774647887323944,2267
8991,test,0.5294117647058824,6045
8998,test,0.5,8999
9014,test,0.5952380952380952,7779
9015,test,0.49056603773584906,5193
9018,test,0.4634146341463415,9022
9019,test,0.3333333333333333,797
9020,test,0.4782608695652174,3820
9021,test,0.4489795918367347,5109
9023,test,0.43283582089552236,7691
9032,test,0.5263157894736842,3170
9040,test,0.5666666666666667,4277
9043,test,0.4838709677419355,3607
9045,test,0.3684210526315789,14827
9046,test,0.3684210526315789,14827
9047,test,0.43137254901960786,9683
9053,test,0.4318181818181818,3403
9064,test,0.7254901960784313,16466
9065,test,0.78,16466
9081,test,0.47619047619047616,3913
9083,test,0.5333333333333333,1085
9092,test,0.42857142857142855,1118
9101,test,0.36363636363636365,9100
9102,test,0.36363636363636365,9100
9103,test,0.45714285714285713,9141
9104,test,0.45714285714285713,9141
9110,test,0.3793103448275862,15448
9133,test,0.4,5617
9134,test,0.4,5617
9135,test,0.39473684210526316,5617
9136,test,0.3963963963963964,5617
9140,test,0.4,5617
9153,test,0.45161290322580644,2207
9163,test,0.46,3463
9166,test,0.391304347826087,535
9172,test,0.717948717948718,9170
9179,test,0.5714285714285714,10560
9186,test,0.4489795918367347,14641
9198,test,0.5063291139240507,6438
9200,test,0.38095238095238093,15171
9211,test,0.4423076923076923,90
9212,test,0.55,7675
9213,test,0.6888888888888889,9221
9214,test,0.6,9221
9215,test,0.5769230769230769,9221
9216,test,0.49056603773584906,9221
9217,test,0.4482758620689655,9221
9218,test,0.45614035087719296,9221
9219,test,0.4482758620689655,9221
9224,test,0.6538461538461539,5161
9253,test,0.5806451612903226,4151
9282,test,0.49019607843137253,8441
9289,test,0.6451612903225806,9452
9291,test,0.30303030303030304,2801
9294,test,0.5714285714285714,1085
9307,test,0.5060240963855421,633
9310,test,0.3548387096774194,9311
9327,test,0.45454545454545453,3044
9340,test,0.6071428571428571,15244
9341,test,0.49333333333333335,9373
9342,test,0.5294117647058824,9374
9356,test,0.5094339622641509,1360
9370,test,0.5373134328358209,9374
9371,test,0.59375,9374
9372,test,0.5303030303030303,9374
9375,test,0.6176470588235294,9453
9376,test,0.7192982456140351,9380
9378,test,0.7678571428571429,9380
9381,test,0.6029411764705882,9453
9382,test,0.6060606060606061,9453
9383,test,0.5774647887323944,9453
9384,test,0.5942028985507246,9453
9385,test,0.6470588235294118,9401
9386,test,0.6833333333333333,9380
9387,test,0.6935483870967742,9453
9388,test,0.4827586206896552,9465
9390,test,0.6060606060606061,9453
9391,test,0.5362318840579711,9389
9392,test,0.6612903225806451,9453
9393,test,0.65,9389
9394,test,0.640625,9380
9395,test,0.5616438356164384,9453
9396,test,0.7833333333333333,9452
9397,test,0.6,9453
9399,test,0.7321428571428571,9389
9402,test,0.7,9453
9403,test,0.5942028985507246,9453
9408,test,0.5769230769230769,15244
9415,test,0.5283018867924528,9423
9431,test,0.4,1375
9432,test,0.5925925925925926,9493
9445,test,0.6896551724137931,9452
9446,test,0.75,9452
9448,test,0.7014925373134329,9447
9449,test,0.6,9453
9451,test,0.7049180327868853,9453
9454,test,0.5833333333333334,9373
9455,test,0.6885245901639344,9457
9456,test,0.7258064516129032,9453
9458,test,0.6153846153846154,9453
9459,test,0.6060606060606061,9453
9460,test,0.6557377049180327,9453
9461,test,0.6268656716417911,9453
9462,test,0.6212121212121212,9453
9468,test,0.40425531914893614,3759
9469,test,0.3958333333333333,11035
9470,test,0.5135135135135135,3759
9471,test,0.5,11035
9479,test,0.7755102040816326,9483
9480,test,0.6909090909090909,9483
9481,test,0.8085106382978723,9483
9486,test,0.7021276595744681,9483
9492,test,0.7555555555555555,9491
9509,test,0.48214285714285715,9740
9516,test,0.5777777777777777,9712
9547,test,0.7209302325581395,9549
9548,test,0.7560975609756098,9549
9550,test,0.7380952380952381,9549
9597,test,0.5102040816326531,13235
9599,test,0.5,3554
9600,test,0.5238095238095238,3554
9601,test,0.4791666666666667,13244
9602,test,0.4423076923076923,13244
9605,test,0.5365853658536586,3554
9607,test,0.5238095238095238,3554
9615,test,0.5833333333333334,10230
9616,test,0.5833333333333334,10230
9617,test,0.5757575757575758,15888
9625,test,0.5789473684210527,15202
9628,test,0.5483870967741935,15886
9629,test,0.5882352941176471,15887
9641,test,0.5517241379310345,9963
9648,test,0.4666666666666667,823
9651,test,0.5454545454545454,9653
9656,test,0.4583333333333333,15191
9661,test,0.54,9660
9662,test,0.5777777777777777,14835
9664,test,0.5238095238095238,10128
9666,test,0.3333333333333333,323
9681,test,0.5517241379310345,9964
9724,test,0.6226415094339622,9483
9726,test,0.2972972972972973,11524
9744,test,0.36363636363636365,9742
9800,test,0.5121951219512195,5089
9801,test,0.5492957746478874,11706
9818,test,0.46153846153846156,10575
9826,test,0.47058823529411764,1659
9831,test,0.2638888888888889,7561
9834,test,0.5263157894736842,4621
9847,test,0.5769230769230769,9072
9850,test,0.3584905660377358,3501
9853,test,0.5689655172413793,5418
9863,test,0.4583333333333333,9861
9864,test,0.44680851063829785,9861
9882,test,0.38095238095238093,15237
9925,test,0.27586206896551724,10862
9942,test,0.4888888888888889,9941
9946,test,0.5925925925925926,9964
9952,test,0.53125,9951
9954,test,0.4878048780487805,1638
9957,test,0.46875,5903
9958,test,0.48484848484848486,5903
9959,test,0.48484848484848486,5903
9960,test,0.4878048780487805,1638
9991,test,0.9722222222222222,9990
9998,test,0.43243243243243246,5615
10012,test,0.7222222222222222,9993
10013,test,0.8611111111111112,9990
10032,test,0.8823529411764706,9993
10034,test,0.75,10040
10046,test,0.43636363636363634,10048
10057,test,0.5714285714285714,10065
10058,test,0.5454545454545454,10064
10059,test,0.5,10064
10060,test,0.5454545454545454,5051
10061,test,0.5294117647058824,6631
10062,test,0.4897959183673469,10064
10063,test,0.6304347826086957,10064
10081,test,0.4864864864864865,2944
10097,test,0.575,9059
10108,test,0.62,10048
10137,test,0.5681818181818182,10138
10154,test,0.3877551020408163,10152
10155,test,0.37254901960784315,10152
10159,test,0.39285714285714285,9156
10160,test,0.39285714285714285,9156
10161,test,0.4230769230769231,9156
10165,test,0.21621621621621623,10872
10166,test,0.25,10872
10169,test,0.47619047619047616,11954
10171,test,0.5128205128205128,10170
10173,test,0.6046511627906976,14975
10174,test,0.6046511627906976,11724
10176,test,0.5641025641025641,1726
10177,test,0.575,11725
10178,test,0.5555555555555556,10508
10179,test,0.7659574468085106,5192
10180,test,0.5853658536585366,11721
10205,test,0.24358974358974358,16266
10218,test,0.4090909090909091,3277
10219,test,0.52,12791
10229,test,0.3709677419354839,7337
10252,test,0.5,92
10253,test,0.48936170212765956,92
10254,test,0.5348837209302325,92
10255,test,0.5348837209302325,92
10256,test,0.4883720930232558,92
10257,test,0.41304347826086957,92
10258,test,0.48936170212765956,92
10259,test,0.5111111111111111,92
10260,test,0.5111111111111111,92
10261,test,0.48936170212765956,92
10262,test,0.5111111111111111,92
10263,test,0.38461538461538464,9086
10265,test,0.24,3391
10279,test,0.7317073170731707,10280
10282,test,0.7391304347826086,15585
10283,test,0.717391304347826,15585
10284,test,0.5555555555555556,15585
10286,test,0.6808510638297872,15585
10292,test,0.7857142857142857,15711
10322,test,0.4411764705882353,3601
10339,test,0.475,2691
10344,test,0.40860215053763443,7350
10374,test,0.5686274509803921,14764
10382,test,0.675,5454
10411,test,0.4,10408
10420,test,0.5531914893617021,2894
10425,test,0.4897959183673469,2289
10427,test,0.3793103448275862,1988
10447,test,0.41935483870967744,3046
10453,test,0.5625,10235
10482,test,0.5111111111111111,92
10484,test,0.6595744680851063,10688
10485,test,0.9743589743589743,15585
10487,test,0.7333333333333333,10688
10488,test,0.6875,15585
10489,test,0.717391304347826,10688
10492,test,0.4186046511627907,4745
10498,test,0.35714285714285715,12830
10500,test,0.6410256410256411,10508
10504,test,0.696969696969697,10508
10505,test,0.8285714285714286,10506
10511,test,0.46153846153846156,9559
10516,test,0.4642857142857143,15191
10536,test,0.7083333333333334,4724
10567,test,0.4418604651162791,2240
10571,test,0.5,10570
10572,test,0.5625,10570
10574,test,0.3939393939393939,10568
10577,test,0.4418604651162791,2552
10591,test,0.5348837209302325,5991
10592,test,0.5116279069767442,5991
10594,test,0.5151515151515151,15547
10602,test,0.525,10170
10603,test,0.5306122448979592,10168
10611,test,0.4883720930232558,14700
10617,test,0.42105263157894735,2732
10618,test,0.42105263157894735,2732
10620,test,0.3076923076923077,987
10624,test,0.39622641509433965,8604
10629,test,0.26666666666666666,15312
10630,test,0.6,3793
10636,test,0.5,3225
10642,test,0.39285714285714285,1889
10644,test,0.5897435897435898,8795
10656,test,0.5,2102
10657,test,0.4418604651162791,9732
10659,test,0.4074074074074074,13990
10681,test,0.4032258064516129,11606
10694,test,0.4523809523809524,2995
10699,test,0.34615384615384615,4035
10707,test,0.52,5223
10717,test,0.3181818181818182,10080
10732,test,0.34782608695652173,3336
10742,test,0.45652173913043476,9862
10743,test,0.4782608695652174,9861
10747,test,0.5348837209302325,16434
10755,test,0.53125,1844
10761,test,0.574468085106383,15566
10764,test,0.53125,2945
10777,test,0.4222222222222222,6632
10778,test,0.43243243243243246,1118
10779,test,0.574468085106383,10935
10780,test,0.4411764705882353,15181
10781,test,0.43333333333333335,843
10782,test,0.42857142857142855,11467
10789,test,0.42857142857142855,9563
10803,test,0.2826086956521739,15658
10807,test,0.574468085106383,3213
10828,test,0.46875,1906
10833,test,0.3157894736842105,3729
10834,test,0.38596491228070173,3554
10838,test,0.41379310344827586,1808
10841,test,0.36666666666666664,3242
10844,test,0.6818181818181818,4607
10853,test,0.2647058823529412,4530
10854,test,0.5,12694
10855,test,0.5217391304347826,2244
10861,test,0.425531914893617,5288
10892,test,0.4426229508196721,10891
10908,test,0.40540540540540543,10798
10909,test,0.40540540540540543,10798
10910,test,0.4411764705882353,10798
10919,test,0.3870967741935484,6663
10936,test,0.4915254237288136,10937
10939,test,0.47540983606557374,16183
10947,test,0.38636363636363635,4480
10955,test,0.28125,7114
10956,test,0.2558139534883721,2912
10976,test,0.37777777777777777,8070
10990,test,0.5714285714285714,1085
11002,test,0.48936170212765956,13244
11003,test,0.5,3554
11005,test,0.4166666666666667,11563
11006,test,0.43478260869565216,11563
11007,test,0.42857142857142855,11563
11013,test,0.46938775510204084,13210
11025,test,0.4186046511627907,11024
11027,test,0.42857142857142855,2682
11036,test,0.38461538461538464,16442
11037,test,0.4,11039
11046,test,0.35714285714285715,3391
11062,test,0.4,1319
11078,test,0.6379310344827587,249
11079,test,0.5348837209302325,10580
11084,test,0.3387096774193548,11083
11087,test,0.3548387096774194,4140
11092,test,0.37209302325581395,969
11095,test,0.38181818181818183,15629
11101,test,0.2962962962962963,7846
11115,test,0.4166666666666667,5794
11118,test,0.3783783783783784,4126
11119,test,0.3333333333333333,7126
11120,test,0.27906976744186046,7738
11121,test,0.4117647058823529,11601
11123,test,0.5714285714285714,1999
11127,test,0.39473684210526316,11301
11138,test,0.36666666666666664,3917
11153,test,0.3333333333333333,987
11157,test,0.5952380952380952,1366
11172,test,0.3,12609
11174,test,0.41935483870967744,11023
11206,test,0.45714285714285713,11205
11216,test,0.4426229508196721,5674
11217,test,0.559322033898305,11218
11241,test,0.36363636363636365,1012
11242,test,0.25,11286
11244,test,0.5,502
11246,test,0.5116279069767442,938
11257,test,0.43243243243243246,5184
11261,test,0.375,15247
11281,test,0.3829787234042553,13160
11283,test,0.5897435897435898,2928
11303,test,0.29411764705882354,10638
11304,test,0.4166666666666667,1475
11306,test,0.38461538461538464,1214
11317,test,0.4634146341463415,11321
11319,test,0.4222222222222222,11321
11322,test,0.34615384615384615,6146
11331,test,0.5833333333333334,8795
11332,test,0.575,4104
11334,test,0.5625,11333
11336,test,0.45098039215686275,11333
11338,test,0.7894736842105263,4607
11340,test,0.5625,10578
11345,test,0.75,11347
11348,test,0.29411764705882354,10810
11350,test,0.5306122448979592,4579
11372,test,0.46,3997
11373,test,0.46511627906976744,11374
11379,test,0.4523809523809524,3997
11381,test,0.3142857142857143,3676
11406,test,0.5588235294117647,13198
11410,test,0.39285714285714285,6998
11413,test,0.4393939393939394,3249
11416,test,0.52,5047
11417,test,0.5238095238095238,11514
11418,test,0.4166666666666667,5323
11419,test,0.4166666666666667,5323
11425,test,0.4222222222222222,11427
11426,test,0.5454545454545454,5230
11435,test,0.48484848484848486,10981
11436,test,0.5333333333333333,1085
11437,test,0.5714285714285714,1085
11451,test,0.5128205128205128,7960
11462,test,0.59375,1366
11472,test,0.4857142857142857,15242
11482,test,0.3269230769230769,4028
11492,test,0.375,3463
11498,test,0.3548387096774194,2732
11501,test,0.34,1767
11503,test,0.3333333333333333,3495
11509,test,0.52,5047
11512,test,0.5416666666666666,5047
11525,test,0.59375,2115
11541,test,0.44680851063829785,11542
11550,test,0.45454545454545453,338
11565,test,0.32142857142857145,13485
11579,test,0.6785714285714286,11578
11580,test,0.2857142857142857,15144
11598,test,0.4375,14975
11603,test,0.6086956521739131,11606
11604,test,0.5714285714285714,3528
11608,test,0.46296296296296297,11606
11614,test,0.46938775510204084,11976
11649,test,0.4318181818181818,10249
11699,test,0.47058823529411764,3762
11708,test,0.4,210
11712,test,0.5526315789473685,4436
11714,test,0.5581395348837209,4049
11728,test,0.3582089552238806,1382
11743,test,0.5333333333333333,2508
11747,test,0.48484848484848486,2508
11773,test,0.45098039215686275,2849
11774,test,0.4126984126984127,12537
11775,test,0.4523809523809524,8659
11793,test,0.4791666666666667,161
11806,test,0.35294117647058826,10926
11809,test,0.4307692307692308,8831
11812,test,0.5666666666666667,11813
11817,test,0.59375,3330
11849,test,0.32857142857142857,9572
11930,test,0.5128205128205128,16121
11932,test,0.5106382978723404,11933
11938,test,0.8690476190476191,11864
11941,test,0.3090909090909091,9223
11944,test,0.3076923076923077,1486
11951,test,0.7105263157894737,11952
11955,test,0.5945945945945946,1726
11975,test,0.5277777777777778,7157
11990,test,0.4666666666666667,15308
11995,test,0.46938775510204084,189
12056,test,0.6571428571428571,16151
12057,test,0.5405405405405406,16151
12060,test,0.6285714285714286,16151
12061,test,0.4838709677419355,7852
12084,test,0.5588235294117647,12095
12085,test,0.5263157894736842,12098
12086,test,0.5384615384615384,12098
12088,test,0.5238095238095238,12087
12089,test,0.46511627906976744,12098
12090,test,0.5263157894736842,12098
12091,test,0.5263157894736842,12098
12093,test,0.5909090909090909,12092
12094,test,0.5897435897435898,12087
12096,test,0.5675675675675675,12095
12103,test,0.4838709677419355,15037
12107,test,0.41025641025641024,4124
12111,test,0.48484848484848486,743
12117,test,0.47058823529411764,8428
12118,test,0.5333333333333333,15929
12119,test,0.49056603773584906,15090
12120,test,0.46296296296296297,15089
12121,test,0.44642857142857145,15089
12122,test,0.423728813559322,15089
12123,test,0.47058823529411764,8428
12124,test,0.625,15089
12125,test,0.49019607843137253,15089
12126,test,0.48,8428
12127,test,0.46296296296296297,15089
12128,test,0.6326530612244898,15090
12129,test,0.48,8428
12153,test,0.4931506849315068,638
12155,test,0.5526315789473685,12154
12156,test,0.5641025641025641,12157
12170,test,0.5901639344262295,12001
12172,test,0.5,1077
12173,test,0.29411764705882354,2414
12178,test,0.45348837209302323,7745
12211,test,0.4418604651162791,9854
12212,test,0.4657534246575342,10235
12215,test,0.5483870967741935,12395
12251,test,0.5277777777777778,12252
12260,test,0.7580645161290323,12261
12265,test,0.2857142857142857,10496
12294,test,0.5208333333333334,14461
12295,test,0.43137254901960786,14461
12296,test,0.5,12640
12316,test,0.5675675675675675,12315
12341,test,0.4329896907216495,755
12350,test,0.5471698113207547,10392
12382,test,0.7560975609756098,12380
12383,test,0.5581395348837209,12380
12385,test,0.5454545454545454,12384
12451,test,0.6046511627906976,12479
12459,test,0.5,4049
12460,test,0.5384615384615384,5100
12466,test,0.6097560975609756,2392
12473,test,0.4864864864864865,16043
12497,test,0.4838709677419355,1563
12532,test,0.8205128205128205,12479
12559,test,0.47619047619047616,1020
12560,test,0.6296296296296297,14524
12569,test,0.575,12570
12572,test,0.59375,4171
12573,test,0.5625,4171
12577,test,0.46153846153846156,12574
12588,test,0.45714285714285713,13705
12595,test,0.7560975609756098,12456
12596,test,0.5862068965517241,5235
12614,test,0.5857142857142857,14412
12622,test,0.25925925925925924,2933
12625,test,0.5277777777777778,8379
12630,test,0.7021276595744681,12753
12662,test,0.5555555555555556,12954
12669,test,0.45454545454545453,15582
12673,test,0.47619047619047616,12675
12674,test,0.7222222222222222,12675
12676,test,0.5405405405405406,12675
12682,test,0.34545454545454546,3262
12693,test,0.4583333333333333,1037
12696,test,0.5263157894736842,12695
12698,test,0.45,12695
12712,test,0.5384615384615384,2296
12721,test,0.4358974358974359,1659
12722,test,0.425,1659
12726,test,0.5833333333333334,1498
12728,test,0.45454545454545453,2289
12739,test,0.5652173913043478,7509
12764,test,0.6097560975609756,9549
12768,test,0.4375,9862
12770,test,0.6744186046511628,12769
12771,test,0.6,12772
12774,test,0.6458333333333334,12772
12775,test,0.6956521739130435,12772
12776,test,0.7441860465116279,12769
12785,test,0.5238095238095238,2446
12799,test,0.4745762711864407,2990
12805,test,0.6,13065
12811,test,0.5789473684210527,12882
12812,test,0.5675675675675675,12882
12846,test,0.4642857142857143,4765
12847,test,0.375,1037
12859,test,0.53125,2853
12862,test,0.3953488372093023,12866
12875,test,0.5538461538461539,4053
12881,test,0.4074074074074074,14192
12884,test,0.48717948717948717,12914
12889,test,0.5294117647058824,4239
12891,test,0.5135135135135135,13301
12897,test,0.39285714285714285,12898
12900,test,0.5625,13301
12906,test,0.48717948717948717,6611
12911,test,0.5869565217391305,11494
12912,test,0.7954545454545454,12890
12915,test,0.5116279069767442,674
12917,test,0.35294117647058826,15035
12919,test,0.5476190476190477,12916
12921,test,0.5714285714285714,4970
12930,test,0.6304347826086957,13540
12931,test,0.725,12928
12932,test,0.6904761904761905,12928
12937,test,0.5945945945945946,12882
12942,test,0.6060606060606061,14025
12951,test,0.4444444444444444,4496
12952,test,0.2571428571428571,2334
12955,test,0.5128205128205128,15196
12956,test,0.575,12448
12958,test,0.4489795918367347,2397
12959,test,0.5102040816326531,3925
12960,test,0.6,12772
12961,test,0.6,12773
12962,test,0.44680851063829785,16468
12963,test,0.46808510638297873,16468
12964,test,0.4489795918367347,12429
12969,test,0.5,1800
12974,test,0.5689655172413793,13674
12975,test,0.6136363636363636,14269
12977,test,0.5588235294117647,9838
12981,test,0.5,7411
12988,test,0.3055555555555556,12648
12998,test,0.5813953488372093,14269
12999,test,0.390625,11825
13000,test,0.4358974358974359,2404
13031,test,0.4146341463414634,4801
13046,test,0.8269230769230769,13049
13047,test,0.5263157894736842,13049
13050,test,0.5272727272727272,13299
13059,test,0.5555555555555556,13915
13062,test,0.5,14264
13070,test,0.75,12482
13076,test,0.5116279069767442,3789
13077,test,0.46808510638297873,3789
13092,test,0.4626865671641791,14095
13111,test,0.5526315789473685,12880
13139,test,0.5476190476190477,2069
13142,test,0.6481481481481481,13141
13144,test,0.6607142857142857,13143
13146,test,0.8125,5161
13147,test,0.5254237288135594,5161
13148,test,0.5423728813559322,16196
13150,test,0.6,13149
13152,test,0.6274509803921569,13151
13153,test,0.673469387755102,5161
13154,test,0.7647058823529411,13143
13155,test,0.5882352941176471,12798
13167,test,0.52,13679
13184,test,0.5333333333333333,13194
13185,test,0.5423728813559322,13194
13186,test,0.5454545454545454,5161
13202,test,0.5714285714285714,2684
13221,test,0.5217391304347826,2962
13226,test,0.5344827586206896,14222
13234,test,0.673469387755102,13235
13238,test,0.5,2962
13240,test,0.5581395348837209,3472
13245,test,0.64,2964
13247,test,0.5588235294117647,13254
13283,test,0.46938775510204084,2962
13286,test,0.6923076923076923,3386
13288,test,0.38461538461538464,2931
13295,test,0.6222222222222222,13231
13306,test,0.36363636363636365,2308
13307,test,0.5277777777777778,13309
13311,test,0.42424242424242425,2308
13312,test,0.27906976744186046,7409
13316,test,0.40476190476190477,12664
13330,test,0.5555555555555556,13460
13332,test,0.42105263157894735,7432
13334,test,0.6346153846153846,13333
13335,test,0.45454545454545453,13333
13336,test,0.6415094339622641,13333
13337,test,0.5769230769230769,12798
13343,test,0.5757575757575758,13342
13357,test,0.27450980392156865,5504
13358,test,0.3888888888888889,7414
13359,test,0.40625,13377
13361,test,0.56,13612
13380,test,0.47619047619047616,7508
13383,test,0.5471698113207547,2289
13384,test,0.64,13341
13392,test,0.5576923076923077,2289
13393,test,0.5833333333333334,13348
13397,test,0.44,1037
13403,test,0.5121951219512195,13018
13409,test,0.47619047619047616,12686
13415,test,0.59375,3436
13438,test,0.47619047619047616,12686
13451,test,0.38235294117647056,13354
13466,test,0.5319148936170213,13460
13477,test,0.46296296296296297,13460
13478,test,0.4716981132075472,13460
13479,test,0.52,13460
13484,test,0.38,10152
13493,test,0.7254901960784313,249
13499,test,0.41935483870967744,511
13511,test,0.525,2397
13534,test,0.6274509803921569,9401
13537,test,0.47058823529411764,3097
13562,test,0.6382978723404256,13563
13568,test,0.6153846153846154,13566
13571,test,0.391304347826087,2475
13573,test,0.6226415094339622,13563
13574,test,0.42857142857142855,13566
13576,test,0.5945945945945946,13566
13580,test,0.5588235294117647,2019
13581,test,0.4594594594594595,12738
13583,test,0.46153846153846156,5554
13614,test,0.5769230769230769,2182
13619,test,0.5740740740740741,16246
13630,test,0.8245614035087719,13627
13633,test,0.7377049180327869,13627
13634,test,0.7419354838709677,13640
13645,test,0.603448275862069,13625
13660,test,0.48,13662
13663,test,0.5,13662
13664,test,0.3333333333333333,9165
13665,test,0.40425531914893614,12711
13666,test,0.3829787234042553,13662
13678,test,0.5652173913043478,13679
13680,test,0.5660377358490566,13677
13682,test,0.5454545454545454,11491
13714,test,0.575,13716
13738,test,0.4883720930232558,4146
13739,test,0.6486486486486487,4146
13740,test,0.45454545454545453,4146
13741,test,0.4634146341463415,4146
13742,test,0.5681818181818182,3057
13747,test,0.6785714285714286,249
13751,test,0.5370370370370371,7564
13760,test,0.3617021276595745,1617
13770,test,0.8157894736842105,11949
13784,test,0.4642857142857143,13608
13789,test,0.41935483870967744,16412
13805,test,0.8297872340425532,1553
13807,test,0.43243243243243246,3280
13814,test,0.32432432432432434,1994
13822,test,0.4107142857142857,13824
13825,test,0.39285714285714285,15312
13837,test,0.5652173913043478,11913
13855,test,0.5217391304347826,1539
13859,test,0.7090909090909091,14072
13872,test,0.5517241379310345,14058
13873,test,0.5689655172413793,14058
13874,test,0.5517241379310345,14058
13877,test,0.5072463768115942,13871
13883,test,0.6964285714285714,13884
13894,test,0.5416666666666666,13895
13903,test,0.5333333333333333,4205
13910,test,0.5581395348837209,4877
13912,test,0.5652173913043478,14267
13913,test,0.7727272727272727,13918
13930,test,0.7,6058
13936,test,0.675,13959
13940,test,0.6363636363636364,13943
13945,test,0.47368421052631576,12645
13950,test,0.675,16439
13966,test,0.5294117647058824,13706
13969,test,0.5106382978723404,6173
13985,test,0.6428571428571429,13984
13988,test,0.5531914893617021,14270
13991,test,0.5306122448979592,14270
13992,test,0.7142857142857143,14270
13994,test,0.5555555555555556,13996
13995,test,0.5111111111111111,13996
13997,test,0.7837837837837838,13996
13998,test,0.52,14270
13999,test,0.7560975609756098,4623
14017,test,0.6521739130434783,14049
14037,test,0.36363636363636365,5474
14040,test,0.5272727272727272,13888
14041,test,0.5957446808510638,13572
14042,test,0.5172413793103449,2182
14063,test,0.6111111111111112,14072
14077,test,0.6538461538461539,14072
14080,test,0.6727272727272727,14074
14081,test,0.5833333333333334,1859
14082,test,0.359375,14029
14085,test,0.43859649122807015,2720
14087,test,0.5918367346938775,16016
14113,test,0.42857142857142855,9418
14116,test,0.48484848484848486,13705
14126,test,0.6140350877192983,13194
14134,test,0.4523809523809524,13727
14135,test,0.5142857142857142,562
14136,test,0.3783783783783784,2879
14138,test,0.6956521739130435,14137
14139,test,0.4117647058823529,1610
14149,test,0.4727272727272727,12634
14152,test,0.5333333333333333,13971
14160,test,0.5897435897435898,14154
14166,test,0.5813953488372093,362
14167,test,0.5,566
14177,test,0.7272727272727273,13041
14178,test,0.4603174603174603,14180
14188,test,0.38461538461538464,14187
14190,test,0.4838709677419355,14187
14196,test,0.7857142857142857,14200
14197,test,0.75,14201
14203,test,0.5945945945945946,12806
14217,test,0.4772727272727273,5100
14220,test,0.38181818181818183,14030
14231,test,0.6,2576
14233,test,0.41379310344827586,13381
14235,test,0.4074074074074074,1819
14238,test,0.5263157894736842,9838
14239,test,0.5882352941176471,9838
14246,test,0.4523809523809524,12340
14249,test,0.625,13254
14251,test,0.45454545454545453,13117
14252,test,0.5111111111111111,12340
14253,test,0.5,12340
14273,test,0.6304347826086957,14262
14287,test,0.5813953488372093,6641
14290,test,0.5714285714285714,13038
14292,test,0.5365853658536586,14288
14295,test,0.48148148148148145,14089
14296,test,0.7027027027027027,9055
14298,test,0.5394736842105263,6438
14314,test,0.4642857142857143,7467
14315,test,0.32,619
14335,test,0.4264705882352941,5592
14336,test,0.6363636363636364,14339
14337,test,0.4791666666666667,14407
14338,test,0.6363636363636364,14407
14340,test,0.5263157894736842,14339
14341,test,0.5128205128205128,14339
14342,test,0.5,14339
14346,test,0.3225806451612903,9168
14349,test,0.25555555555555554,5205
14350,test,0.24731182795698925,5205
14351,test,0.5774647887323944,14412
14382,test,0.46511627906976744,3613
14391,test,0.24468085106382978,5205
14403,test,0.453125,12116
14405,test,0.696969696969697,14339
14408,test,0.4358974358974359,14339
14413,test,0.25287356321839083,5205
14416,test,0.26229508196721313,16457
14429,test,0.7105263157894737,14156
14442,test,0.5416666666666666,1036
14452,test,0.42424242424242425,5235
14467,test,0.44,3913
14476,test,0.5151515151515151,7253
14483,test,0.36363636363636365,11901
14489,test,0.5714285714285714,14333
14495,test,0.40425531914893614,1705
14496,test,0.40425531914893614,1705
14497,test,0.40350877192982454,2553
14543,test,0.5365853658536586,14527
14544,test,0.5681818181818182,9001
14545,test,0.5333333333333333,2726
14556,test,0.31746031746031744,43
14561,test,0.5538461538461539,14562
14575,test,0.4666666666666667,4452
14577,test,0.55,10418
14584,test,0.5510204081632653,6216
14586,test,0.36585365853658536,10376
14591,test,0.3026315789473684,10408
14592,test,0.3333333333333333,3838
14609,test,0.336283185840708,14829
14611,test,0.53125,5235
14634,test,0.5671641791044776,1542
14635,test,0.25862068965517243,1228
14644,test,0.38028169014084506,2182
14645,test,0.5384615384615384,3149
14670,test,0.48936170212765956,155
14673,test,0.5,10449
14684,test,0.8163265306122449,14683
14685,test,0.8,14683
14702,test,0.28169014084507044,6438
14745,test,0.5789473684210527,14744
14757,test,0.5333333333333333,14710
14766,test,0.43661971830985913,7880
14769,test,0.43283582089552236,14768
14771,test,0.43661971830985913,14770
14777,test,0.6491228070175439,10238
14778,test,0.5818181818181818,10238
14794,test,0.3953488372093023,2316
14796,test,0.2564102564102564,5982
14812,test,0.47368421052631576,6101
14870,test,0.5904761904761905,9802
14894,test,0.32432432432432434,11370
14895,test,0.3958333333333333,14886
14959,test,0.6896551724137931,14963
14961,test,0.8,16486
15023,test,0.29850746268656714,8208
15024,test,0.3050847457627119,793
15030,test,0.4166666666666667,2887
15032,test,0.4473684210526316,10863
15039,test,0.4166666666666667,4103
15044,test,0.5357142857142857,1480
15046,test,0.6296296296296297,7245
15055,test,0.5454545454545454,3192
15058,test,0.625,4745
15059,test,0.425,3494
15060,test,0.5416666666666666,9805
15065,test,0.5625,4570
15083,test,0.36538461538461536,11954
15087,test,0.45454545454545453,3980
15091,test,0.5714285714285714,5813
15125,test,0.7592592592592593,380
15134,test,0.37037037037037035,15444
15137,test,0.44680851063829785,14663
15139,test,0.35714285714285715,6613
15153,test,0.4186046511627907,3699
15155,test,0.5357142857142857,15181
15163,test,0.5652173913043478,2706
15164,test,0.4666666666666667,4461
15166,test,0.6521739130434783,2647
15173,test,0.7441860465116279,15243
15177,test,0.38461538461538464,15367
15179,test,0.5652173913043478,2662
15183,test,0.3333333333333333,4474
15186,test,0.7804878048780488,12640
15187,test,0.37037037037037035,5456
15203,test,0.671875,14412
15204,test,0.45454545454545453,814
15205,test,0.5675675675675675,16434
15210,test,0.4186046511627907,5348
15216,test,0.5510204081632653,8537
15221,test,0.3076923076923077,2653
15222,test,0.4883720930232558,4295
15223,test,0.25,858
15225,test,0.38235294117647056,3197
15227,test,0.5208333333333334,12339
15228,test,0.6,6187
15234,test,0.5357142857142857,2246
15236,test,0.42424242424242425,7108
15250,test,0.5681818181818182,16491
15251,test,0.5142857142857142,3924
15256,test,0.5625,3152
15257,test,0.45098039215686275,3152
15259,test,0.8235294117647058,15261
15272,test,0.3448275862068966,1999
15279,test,0.30434782608695654,11644
15283,test,0.4074074074074074,4293
15299,test,0.4375,3176
15300,test,0.4482758620689655,1235
15314,test,0.4,1999
15319,test,0.5357142857142857,15181
15327,test,0.2727272727272727,13387
15329,test,0.5185185185185185,15067
15333,test,0.5,15201
15336,test,0.25862068965517243,15109
15339,test,0.3548387096774194,12624
15340,test,0.4,4994
15361,test,0.42,771
15372,test,0.40476190476190477,12544
15376,test,0.5833333333333334,6
15392,test,0.5882352941176471,3847
15413,test,0.56,2870
15415,test,0.5862068965517241,5762
15416,test,0.5,5047
15417,test,0.5633802816901409,809
15420,test,0.39473684210526316,12130
15429,test,0.6444444444444445,14262
15439,test,0.49056603773584906,15442
15440,test,0.43859649122807015,15442
15441,test,0.423728813559322,15442
15455,test,0.3448275862068966,11313
15456,test,0.5483870967741935,6079
15457,test,0.23214285714285715,15545
15466,test,0.5813953488372093,13033
15477,test,0.4230769230769231,15479
15478,test,0.47368421052631576,6314
15510,test,0.5319148936170213,6947
15517,test,0.6444444444444445,9990
15518,test,0.6444444444444445,9990
15519,test,0.6444444444444445,9990
15520,test,0.6222222222222222,9990
15521,test,0.5614035087719298,6560
15522,test,0.5614035087719298,6560
15523,test,0.5614035087719298,6560
15524,test,0.5957446808510638,9990
15525,test,0.5957446808510638,9990
15526,test,0.5957446808510638,9990
15527,test,0.5957446808510638,9990
15528,test,0.5813953488372093,4592
15529,test,0.5666666666666667,6561
15530,test,0.6170212765957447,9990
15531,test,0.6170212765957447,9990
15532,test,0.6170212765957447,9990
15533,test,0.6170212765957447,9990
15534,test,0.5957446808510638,9990
15539,test,0.5581395348837209,2238
15541,test,0.3783783783783784,3939
15567,test,0.5869565217391305,16437
15569,test,0.4230769230769231,4612
15584,test,0.8421052631578947,5115
15587,test,0.8604651162790697,15585
15589,test,0.8372093023255814,15585
15590,test,0.6326530612244898,10688
15591,test,0.58,5113
15592,test,0.6458333333333334,10688
15594,test,0.6122448979591837,5111
15595,test,0.5961538461538461,3549
15596,test,0.625,5111
15597,test,0.6122448979591837,5111
15598,test,0.64,15585
15599,test,0.5961538461538461,5125
15600,test,0.6326530612244898,5125
15601,test,0.7619047619047619,15593
15602,test,0.7083333333333334,15585
15603,test,0.6153846153846154,15585
15604,test,0.4827586206896552,15585
15605,test,0.5961538461538461,15585
15606,test,0.7560975609756098,10280
15609,test,0.375,15611
15614,test,0.4666666666666667,15610
15616,test,0.2972972972972973,1214
15617,test,0.8372093023255814,7297
15642,test,0.5454545454545454,15639
15643,test,0.5,12256
15644,test,0.4722222222222222,15639
15649,test,0.32142857142857145,7075
15667,test,0.5098039215686274,7552
15668,test,0.4,623
15676,test,0.5238095238095238,1081
15683,test,0.3220338983050847,4640
15695,test,0.625,16099
15696,test,0.5757575757575758,3105
15698,test,0.625,15469
15699,test,0.5833333333333334,15701
15704,test,0.43243243243243246,2241
15705,test,0.5,3336
15709,test,0.6976744186046512,5106
15719,test,0.3888888888888889,15721
15728,test,0.6071428571428571,12735
15750,test,0.5909090909090909,15748
15755,test,0.6756756756756757,3383
15769,test,0.55,15768
15770,test,0.4375,15768
15771,test,0.45454545454545453,2659
15773,test,0.43137254901960786,15768
15774,test,0.43137254901960786,15768
15775,test,0.4782608695652174,15768
15776,test,0.5116279069767442,15768
15812,test,0.3170731707317073,6164
15829,test,0.6818181818181818,9220
15831,test,0.5686274509803921,9220
15832,test,0.5087719298245614,9220
15833,test,0.5918367346938775,9220
15834,test,0.4807692307692308,9220
15835,test,0.43859649122807015,9220
15836,test,0.44642857142857145,9220
15837,test,0.43859649122807015,9220
15838,test,0.44642857142857145,9220
15856,test,0.6417910447761194,9453
15858,test,0.45,529
15863,test,0.41025641025641024,16454
15874,test,0.42592592592592593,8542
15875,test,0.4897959183673469,10312
15876,test,0.4528301886792453,8542
15877,test,0.574468085106383,8706
15889,test,0.5769230769230769,10648
15890,test,0.5892857142857143,9491
15891,test,0.84,9491
15894,test,0.37254901960784315,2213
15899,test,0.4642857142857143,14723
15919,test,0.49295774647887325,12261
15920,test,0.6612903225806451,12261
15922,test,0.27586206896551724,4595
15932,test,0.5833333333333334,1042
15936,test,0.5555555555555556,15923
15937,test,0.62,15921
15938,test,0.4444444444444444,3386
15940,test,0.5925925925925926,8571
15941,test,0.5555555555555556,12253
15963,test,0.4888888888888889,14827
15982,test,0.6122448979591837,394
16015,test,0.5961538461538461,13194
16033,test,0.3333333333333333,50
16038,test,0.5490196078431373,6245
16047,test,0.5263157894736842,10238
16085,test,0.3793103448275862,985
16089,test,0.45454545454545453,4436
16094,test,0.5789473684210527,16151
16098,test,0.5862068965517241,16158
16100,test,0.5434782608695652,10312
16114,test,0.41025641025641024,10569
16119,test,0.5675675675675675,15069
16125,test,0.4878048780487805,15069
16139,test,0.27450980392156865,8288
16152,test,0.5675675675675675,16151
16153,test,0.4146341463414634,14824
16154,test,0.48717948717948717,16151
16159,test,0.5581395348837209,12063
16169,test,0.3,14906
16185,test,0.723404255319149,15120
16187,test,0.5769230769230769,5161
16188,test,0.7222222222222222,13143
16191,test,0.6981132075471698,13132
16194,test,0.7291666666666666,5161
16197,test,0.660377358490566,5161
16198,test,0.5833333333333334,16196
16204,test,0.9,12798
16205,test,0.6346153846153846,16495
16239,test,0.3582089552238806,10524
16256,test,0.5813953488372093,16249
16258,test,0.5227272727272727,16249
16267,test,0.5813953488372093,3340
16268,test,0.6153846153846154,2912
16280,test,0.5238095238095238,12854
16283,test,0.5,1994
16286,test,0.5555555555555556,14977
16298,test,0.6065573770491803,483
16301,test,0.8297872340425532,4504
16318,test,0.32,9165
16325,test,0.5121951219512195,16323
16327,test,0.8157894736842105,12457
16338,test,0.425531914893617,16345
16346,test,0.9111111111111111,16345
16362,test,0.5081967213114754,1855
16373,test,0.3392857142857143,50
16374,test,0.323943661971831,43
16375,test,0.31645569620253167,8304
16385,test,0.5476190476190477,344
16399,test,0.5789473684210527,16411
16408,test,0.47058823529411764,12928
16410,test,0.375,6622
16417,test,0.5862068965517241,15051
16418,test,0.4482758620689655,15045
16419,test,0.7317073170731707,5822
16422,test,0.5,2062
16428,test,0.7142857142857143,5729
16435,test,0.5161290322580645,15238
16446,test,0.4909090909090909,4130
16452,test,0.59375,4171
16453,test,0.6938775510204082,6405
16459,test,0.4444444444444444,6613
16469,test,0.7551020408163265,2990
16473,test,0.7903225806451613,10525
16474,test,0.8333333333333334,9561
16477,test,0.4318181818181818,12803
16482,test,0.7142857142857143,13863
16489,test,0.6764705882352942,15246
16490,test,0.5531914893617021,2931
16494,test,0.7,5161
16498,test,0.4482758620689655,1106
