ligand_id,role,max_tanimoto_to_train,nearest_training_id
9,calibration,0.4883720930232558,1658
13,calibration,0.42857142857142855,8920
19,calibration,0.4805194805194805,440
21,calibration,0.323943661971831,716
27,calibration,0.288135593220339,65
30,calibration,0.265625,65
34,calibration,0.3225806451612903,7330
36,calibration,0.23809523809523808,65
39,calibration,0.2727272727272727,6618
42,calibration,0.26865671641791045,1170
44,calibration,0.41935483870967744,16219
46,calibration,0.2571428571428571,4399
49,calibration,0.4230769230769231,15199
51,calibration,0.5428571428571428,8288
56,calibration,0.2608695652173913,5036
58,calibration,0.48148148148148145,7069
74,calibration,0.36666666666666664,3807
75,calibration,0.3125,1262
76,calibration,0.6491228070175439,245
85,calibration,0.45614035087719296,1429
86,calibration,0.41025641025641024,2881
95,calibration,0.4827586206896552,3896
100,calibration,0.31746031746031744,15748
106,calibration,0.4523809523809524,471
111,calibration,0.35443037974683544,358
112,calibration,0.3469387755102041,12444
113,calibration,0.4536082474226804,9314
114,calibration,0.40625,755
123,calibration,0.5,15672
126,calibration,0.38372093023255816,7941
127,calibration,0.6296296296296297,6599
131,calibration,0.4716981132075472,98
136,calibration,0.367816091954023,12153
140,calibration,0.30612244897959184,10247
144,calibration,0.2962962962962963,5570
153,calibration,0.34782608695652173,3231
162,calibration,0.3516483516483517,12153
179,calibration,0.7777777777777778,418
184,calibration,0.5714285714285714,8223
196,calibration,0.40384615384615385,2251
204,calibration,0.5079365079365079,5341
216,calibration,0.3,15030
221,calibration,0.43103448275862066,2158
243,calibration,0.3225806451612903,5191
253,calibration,0.38,10413
254,calibration,0.3958333333333333,10413
260,calibration,0.5294117647058824,1675
279,calibration,0.5185185185185185,2407
288,calibration,0.43137254901960786,13894
313,calibration,0.42,338
322,calibration,0.3880597014925373,898
333,calibration,0.4166666666666667,1072
337,calibration,0.525,15250
344,calibration,0.39436619718309857,5996
345,calibration,0.40350877192982454,795
357,calibration,0.5507246376811594,725
359,calibration,0.4367816091954023,12444
361,calibration,0.5652173913043478,16278
363,calibration,0.38095238095238093,898
368,calibration,0.375,1892
376,calibration,0.5087719298245614,898
380,calibration,0.7592592592592593,15125
392,calibration,0.4,5000
395,calibration,0.7169811320754716,527
399,calibration,0.38,3817
400,calibration,0.3103448275862069,9342
401,calibration,0.328125,262
408,calibration,0.34210526315789475,15287
411,calibration,0.33962264150943394,795
412,calibration,0.2857142857142857,2498
420,calibration,0.3333333333333333,15085
421,calibration,0.313953488372093,14566
432,calibration,0.4166666666666667,16399
437,calibration,0.5957446808510638,2170
438,calibration,0.6206896551724138,1768
442,calibration,0.28846153846153844,795
452,calibration,0.5263157894736842,2987
456,calibration,0.691358024691358,15224
469,calibration,0.4166666666666667,1076
476,calibration,0.4418604651162791,5015
487,calibration,0.38571428571428573,1243
490,calibration,0.42105263157894735,1057
491,calibration,0.225,10715
510,calibration,0.4666666666666667,2489
512,calibration,0.5806451612903226,511
516,calibration,0.36,5671
525,calibration,0.5416666666666666,3247
531,calibration,0.5,969
533,calibration,0.48,15234
535,calibration,0.391304347826087,9166
540,calibration,0.3333333333333333,2336
566,calibration,0.7567567567567568,7176
569,calibration,0.4,12692
580,calibration,0.37037037037037035,15923
584,calibration,0.4659090909090909,9307
586,calibration,0.4642857142857143,2000
595,calibration,0.3888888888888889,1117
596,calibration,0.7666666666666667,3553
598,calibration,0.4642857142857143,898
603,calibration,0.425,2209
615,calibration,0.3404255319148936,2419
626,calibration,0.3620689655172414,8223
633,calibration,0.5060240963855421,9307
638,calibration,0.5217391304347826,471
641,calibration,0.43529411764705883,725
646,calibration,0.42857142857142855,15250
653,calibration,0.5,716
655,calibration,0.325,10582
660,calibration,0.45652173913043476,5040
670,calibration,0.40816326530612246,1924
671,calibration,0.3283582089552239,619
678,calibration,0.26666666666666666,1904
679,calibration,0.4473684210526316,15515
680,calibration,0.3888888888888889,1070
687,calibration,0.5189873417721519,7234
689,calibration,0.4375,3553
694,calibration,0.6111111111111112,307
701,calibration,0.3684210526315789,9891
702,calibration,0.6842105263157895,5250
710,calibration,0.47619047619047616,16397
711,calibration,0.47126436781609193,9307
714,calibration,0.35714285714285715,6108
719,calibration,0.25806451612903225,1489
727,calibration,0.38235294117647056,9253
734,calibration,0.4444444444444444,12137
738,calibration,0.9333333333333333,5540
740,calibration,0.203125,13948
759,calibration,0.4074074074074074,977
761,calibration,0.4827586206896552,3111
791,calibration,0.5833333333333334,884
797,calibration,0.6,7610
801,calibration,0.75,1737
807,calibration,0.375,1589
825,calibration,0.46153846153846156,2153
828,calibration,0.6901408450704225,1500
844,calibration,0.6885245901639344,471
851,calibration,0.7692307692307693,850
867,calibration,0.4,2956
881,calibration,0.6190476190476191,1095
893,calibration,0.3333333333333333,13340
901,calibration,0.5,906
904,calibration,0.627906976744186,15332
905,calibration,0.48484848484848486,1703
915,calibration,0.25,2150
916,calibration,0.3793103448275862,2426
941,calibration,0.4722222222222222,10740
944,calibration,0.40476190476190477,1175
945,calibration,0.45,7013
949,calibration,0.4594594594594595,16440
957,calibration,0.40540540540540543,6592
959,calibration,0.4473684210526316,1662
961,calibration,0.4666666666666667,68
971,calibration,0.38235294117647056,1580
982,calibration,0.3333333333333333,1093
997,calibration,0.37037037037037035,2879
1010,calibration,0.4,3824
1012,calibration,0.5714285714285714,2692
1014,calibration,0.47058823529411764,2080
1024,calibration,0.391304347826087,11123
1029,calibration,0.4230769230769231,2310
1033,calibration,0.48484848484848486,3401
1040,calibration,0.3939393939393939,14812
1041,calibration,0.4411764705882353,15298
1058,calibration,0.3333333333333333,3207
1062,calibration,0.4444444444444444,14110
1066,calibration,0.5,850
1069,calibration,0.38095238095238093,2204
1075,calibration,0.35,2499
1080,calibration,0.4375,529
1081,calibration,0.7142857142857143,850
1085,calibration,0.47058823529411764,47
1086,calibration,0.7142857142857143,1067
1087,calibration,0.7142857142857143,850
1114,calibration,0.46808510638297873,7502
1121,calibration,0.5121951219512195,7509
1125,calibration,0.4864864864864865,10621
1137,calibration,0.35714285714285715,1076
1153,calibration,0.36363636363636365,13340
1157,calibration,0.4782608695652174,1693
1171,calibration,0.3291139240506329,1305
1174,calibration,0.4883720930232558,7176
1177,calibration,0.410958904109589,15287
1183,calibration,0.4444444444444444,15437
1190,calibration,0.6938775510204082,2680
1199,calibration,0.5666666666666667,1737
1206,calibration,0.5,4403
1210,calibration,0.3103448275862069,3306
1211,calibration,0.45,1489
1216,calibration,0.47058823529411764,47
1219,calibration,0.7333333333333333,1088
1229,calibration,0.3333333333333333,798
1232,calibration,0.33962264150943394,795
1233,calibration,0.58,1189
1240,calibration,0.3888888888888889,1864
1245,calibration,0.53125,8955
1246,calibration,0.4827586206896552,15090
1255,calibration,0.38095238095238093,16457
1258,calibration,0.32142857142857145,336
1259,calibration,0.32142857142857145,336
1268,calibration,0.4166666666666667,1076
1307,calibration,0.5,7922
1310,calibration,0.5517241379310345,1309
1313,calibration,0.36363636363636365,3028
1314,calibration,0.4583333333333333,1316
1331,calibration,0.5416666666666666,1397
1332,calibration,0.45161290322580644,1334
1348,calibration,0.4603174603174603,898
1390,calibration,0.56,1563
1403,calibration,0.24242424242424243,3
1435,calibration,0.43137254901960786,15332
1445,calibration,0.3076923076923077,7330
1450,calibration,0.36363636363636365,3295
1451,calibration,0.22857142857142856,1264
1454,calibration,0.4909090909090909,4157
1457,calibration,0.2558139534883721,4236
1476,calibration,0.4375,2973
1486,calibration,0.42105263157894735,2544
1490,calibration,0.4,4253
1497,calibration,0.5,1221
1499,calibration,0.47368421052631576,3666
1520,calibration,0.3448275862068966,9853
1528,calibration,0.3333333333333333,920
1539,calibration,0.5681818181818182,7176
1542,calibration,0.578125,15287
1558,calibration,0.5652173913043478,16277
1567,calibration,0.4782608695652174,67
1574,calibration,0.6666666666666666,12339
1586,calibration,0.9375,1985
1591,calibration,0.25,3400
1593,calibration,0.3793103448275862,7146
1596,calibration,0.42857142857142855,1598
1597,calibration,0.3870967741935484,1598
1600,calibration,0.47058823529411764,47
1610,calibration,0.5116279069767442,754
1614,calibration,0.3333333333333333,471
1617,calibration,0.4,9425
1619,calibration,0.5238095238095238,248
1626,calibration,0.38596491228070173,16264
1632,calibration,0.25,9062
1641,calibration,0.4375,2973
1653,calibration,0.6923076923076923,3500
1655,calibration,0.4418604651162791,11624
1660,calibration,0.43243243243243246,12914
1666,calibration,0.5517241379310345,1479
1667,calibration,0.36363636363636365,1989
1672,calibration,0.5517241379310345,7299
1683,calibration,0.358974358974359,2243
1694,calibration,0.35714285714285715,1226
1726,calibration,0.5897435897435898,12369
1732,calibration,0.3055555555555556,2071
1733,calibration,0.48484848484848486,1737
1744,calibration,0.36363636363636365,2088
1750,calibration,0.375,1045
1756,calibration,0.47058823529411764,47
1757,calibration,0.47058823529411764,47
1758,calibration,0.6875,1095
1759,calibration,0.6875,1095
1767,calibration,0.46153846153846156,15925
1770,calibration,0.2413793103448276,12942
1774,calibration,0.6046511627906976,3549
1792,calibration,0.7608695652173914,2860
1799,calibration,0.5384615384615384,1128
1800,calibration,0.4883720930232558,12776
1810,calibration,0.2222222222222222,3288
1813,calibration,0.7333333333333333,1095
1815,calibration,0.25,806
1817,calibration,0.48,9693
1819,calibration,0.4230769230769231,1895
1820,calibration,0.32,985
1822,calibration,0.5,1479
1823,calibration,0.4838709677419355,2854
1828,calibration,0.4722222222222222,2211
1832,calibration,0.41304347826086957,8414
1833,calibration,0.3333333333333333,16498
1858,calibration,0.5094339622641509,1187
1867,calibration,0.37037037037037035,1316
1872,calibration,0.6153846153846154,2882
1878,calibration,0.4,9505
1887,calibration,0.5,13042
1889,calibration,0.4230769230769231,5482
1907,calibration,0.9375,1985
1917,calibration,0.5526315789473685,5635
1921,calibration,0.5581395348837209,6801
1925,calibration,0.4583333333333333,12875
1937,calibration,0.22093023255813954,11694
1939,calibration,0.4931506849315068,768
1940,calibration,0.40860215053763443,15105
1942,calibration,0.48148148148148145,5558
1949,calibration,0.56,880
1951,calibration,0.4230769230769231,4403
1952,calibration,0.3103448275862069,8977
1961,calibration,0.35555555555555557,3053
1971,calibration,0.4,3385
1975,calibration,0.4489795918367347,2047
1991,calibration,0.4090909090909091,10439
1995,calibration,0.7391304347826086,15207
1996,calibration,0.4,7572
2002,calibration,0.375,2936
2011,calibration,0.42857142857142855,6846
2015,calibration,0.39622641509433965,2251
2021,calibration,0.4,2961
2022,calibration,0.5849056603773585,2961
2024,calibration,0.4864864864864865,3244
2036,calibration,0.7352941176470589,2027
2037,calibration,0.7428571428571429,2028
2038,calibration,0.75,2029
2048,calibration,0.39655172413793105,10301
2050,calibration,0.4177215189873418,15287
2051,calibration,0.425,9307
2056,calibration,0.5294117647058824,1276
2061,calibration,0.3076923076923077,15277
2115,calibration,0.4594594594594595,11527
2136,calibration,0.35714285714285715,888
2142,calibration,0.9333333333333333,5540
2143,calibration,0.9333333333333333,5540
2145,calibration,0.47058823529411764,47
2159,calibration,0.47619047619047616,984
2163,calibration,0.4222222222222222,9001
2168,calibration,0.48484848484848486,3
2192,calibration,0.41379310344827586,10413
2207,calibration,0.33783783783783783,706
2215,calibration,0.373134328358209,5090
2235,calibration,0.5555555555555556,1367
2237,calibration,0.42,12979
2253,calibration,0.625,2254
2265,calibration,0.5230769230769231,4098
2278,calibration,0.44,8505
2285,calibration,0.46875,3453
2288,calibration,0.3333333333333333,6310
2296,calibration,0.48,13340
2312,calibration,0.6060606060606061,2613
2315,calibration,0.42424242424242425,15137
2317,calibration,0.53125,1104
2318,calibration,0.631578947368421,12137
2327,calibration,0.39473684210526316,5097
2328,calibration,0.4375,4569
2329,calibration,0.55,11584
2331,calibration,0.5208333333333334,16344
2334,calibration,0.4473684210526316,2332
2337,calibration,0.48936170212765956,10667
2339,calibration,0.3617021276595745,15499
2341,calibration,0.5625,3377
2343,calibration,0.4594594594594595,1292
2349,calibration,0.4230769230769231,1990
2351,calibration,0.42857142857142855,15305
2353,calibration,0.44,3487
2371,calibration,0.575,13454
2388,calibration,0.36,3253
2393,calibration,0.5306122448979592,12843
2394,calibration,0.44680851063829785,3477
2412,calibration,0.36666666666666664,9426
2413,calibration,0.5625,15438
2425,calibration,0.3870967741935484,2611
2428,calibration,0.8245614035087719,2429
2434,calibration,0.525,12925
2440,calibration,0.38636363636363635,2441
2444,calibration,0.3,921
2445,calibration,0.40540540540540543,3849
2449,calibration,0.4864864864864865,6014
2455,calibration,0.7017543859649122,2429
2461,calibration,0.4230769230769231,3732
2466,calibration,0.5135135135135135,16481
2469,calibration,0.4583333333333333,7314
2471,calibration,0.5121951219512195,1970
2486,calibration,0.9333333333333333,5540
2491,calibration,0.6111111111111112,307
2492,calibration,0.6176470588235294,307
2502,calibration,0.3125,2787
2519,calibration,0.5333333333333333,10048
2528,calibration,0.46875,13809
2536,calibration,0.46153846153846156,16049
2556,calibration,0.6444444444444445,1189
2573,calibration,0.48936170212765956,790
2577,calibration,0.4411764705882353,16158
2579,calibration,0.44,7941
2585,calibration,0.34285714285714286,2236
2590,calibration,0.3793103448275862,7698
2598,calibration,0.4583333333333333,16423
2600,calibration,0.6326530612244898,16187
2603,calibration,0.391304347826087,5570
2605,calibration,0.6428571428571429,8724
2629,calibration,0.37142857142857144,9309
2638,calibration,0.5172413793103449,7254
2639,calibration,0.4827586206896552,11513
2642,calibration,0.6730769230769231,2591
2652,calibration,0.5,15413
2653,calibration,0.4583333333333333,4403
2654,calibration,0.4074074074074074,4403
2655,calibration,0.4375,10575
2658,calibration,0.4375,10575
2670,calibration,0.5,7254
2676,calibration,0.48,47
2697,calibration,0.5142857142857142,4597
2702,calibration,0.5172413793103449,8390
2721,calibration,0.5,2485
2725,calibration,0.359375,5341
2730,calibration,0.42105263157894735,4784
2731,calibration,0.41379310344827586,10413
2754,calibration,0.4444444444444444,2321
2775,calibration,0.43902439024390244,2211
2777,calibration,0.4857142857142857,2776
2779,calibration,0.42105263157894735,2970
2780,calibration,0.5294117647058824,7263
2788,calibration,0.4827586206896552,4818
2791,calibration,0.52,15207
2792,calibration,0.4583333333333333,7692
2827,calibration,0.21875,4088
2831,calibration,0.23529411764705882,1681
2832,calibration,0.3492063492063492,11412
2835,calibration,0.36363636363636365,15498
2838,calibration,0.9411764705882353,4748
2840,calibration,0.6976744186046512,1189
2842,calibration,0.7391304347826086,15207
2851,calibration,0.34375,3964
2858,calibration,0.4090909090909091,13043
2888,calibration,0.5833333333333334,1461
2907,calibration,0.391304347826087,11860
2911,calibration,0.45,2271
2934,calibration,0.375,13044
2941,calibration,0.3783783783783784,1130
2944,calibration,0.7142857142857143,4239
2947,calibration,0.38461538461538464,4236
2949,calibration,0.7446808510638298,2860
2962,calibration,0.5952380952380952,13299
2964,calibration,0.7674418604651163,13299
2965,calibration,0.6818181818181818,13299
2966,calibration,0.5454545454545454,13299
2967,calibration,0.6938775510204082,13299
2968,calibration,0.5,9429
2971,calibration,0.2916666666666667,7287
2978,calibration,0.7692307692307693,9429
2979,calibration,0.4583333333333333,6846
2981,calibration,0.3617021276595745,13513
2991,calibration,0.46808510638297873,2616
2997,calibration,0.39344262295081966,12620
3005,calibration,0.3939393939393939,9178
3008,calibration,0.34146341463414637,13565
3015,calibration,0.55,11967
3018,calibration,0.3333333333333333,8206
3022,calibration,0.6388888888888888,3026
3023,calibration,0.3142857142857143,2336
3031,calibration,0.3225806451612903,5547
3035,calibration,0.7058823529411765,11527
3081,calibration,0.6060606060606061,3111
3083,calibration,0.5263157894736842,3124
3088,calibration,0.43902439024390244,3111
3089,calibration,0.4146341463414634,3080
3100,calibration,0.4117647058823529,1144
3105,calibration,0.35294117647058826,4765
3106,calibration,0.3333333333333333,3170
3108,calibration,0.6764705882352942,3124
3112,calibration,0.5,3124
3131,calibration,0.5555555555555556,4073
3141,calibration,0.28,814
3149,calibration,0.8125,4015
3150,calibration,0.5671641791044776,12875
3169,calibration,0.47368421052631576,4685
3171,calibration,0.375,4685
3185,calibration,0.375,2209
3195,calibration,0.3448275862068966,9442
3200,calibration,0.27906976744186046,1032
3201,calibration,0.40625,15902
3206,calibration,0.5952380952380952,5619
3209,calibration,0.5714285714285714,4192
3216,calibration,0.41935483870967744,2236
3246,calibration,0.3333333333333333,1226
3252,calibration,0.3333333333333333,2973
3258,calibration,0.3877551020408163,3524
3264,calibration,0.39473684210526316,14292
3271,calibration,0.5714285714285714,2880
3272,calibration,0.4766355140186916,15336
3274,calibration,0.44,259
3279,calibration,0.43333333333333335,12125
3280,calibration,0.6129032258064516,10700
3301,calibration,0.4827586206896552,6912
3321,calibration,0.4358974358974359,415
3322,calibration,0.5,3879
3323,calibration,0.5,3879
3324,calibration,0.5208333333333334,15278
3331,calibration,0.4411764705882353,3636
3338,calibration,0.3492063492063492,16264
3339,calibration,0.3382352941176471,16266
3344,calibration,0.3333333333333333,470
3353,calibration,0.425,4719
3355,calibration,0.5217391304347826,4753
3366,calibration,0.5416666666666666,15278
3376,calibration,0.2727272727272727,11508
3384,calibration,0.5813953488372093,3386
3387,calibration,0.6808510638297872,3562
3388,calibration,0.6808510638297872,3541
3392,calibration,0.43333333333333335,2070
3395,calibration,0.6111111111111112,5540
3396,calibration,0.6153846153846154,12875
3404,calibration,0.55,1016
3406,calibration,0.38461538461538464,962
3423,calibration,0.23333333333333334,4142
3428,calibration,0.45454545454545453,7091
3430,calibration,0.5909090909090909,3591
3432,calibration,0.4444444444444444,3479
3436,calibration,0.48484848484848486,15255
3454,calibration,0.4482758620689655,3479
3464,calibration,0.5405405405405406,4419
3465,calibration,0.625,10762
3471,calibration,0.46938775510204084,10678
3494,calibration,0.42857142857142855,8782
3496,calibration,0.3888888888888889,1134
3501,calibration,0.4528301886792453,5680
3514,calibration,0.2903225806451613,5073
3521,calibration,0.38636363636363635,15704
3526,calibration,0.3235294117647059,11368
3543,calibration,0.5813953488372093,4285
3545,calibration,0.3829787234042553,13198
3550,calibration,0.5,1334
3563,calibration,0.4222222222222222,3961
3564,calibration,0.4807692307692308,13290
3566,calibration,0.6585365853658537,3386
3568,calibration,0.3392857142857143,3839
3569,calibration,0.39285714285714285,3839
3570,calibration,0.36585365853658536,1565
3572,calibration,0.34545454545454546,12597
3573,calibration,0.40816326530612246,8524
3577,calibration,0.4318181818181818,8414
3578,calibration,0.25,98
3581,calibration,0.7435897435897436,3579
3582,calibration,0.7021276595744681,11770
3596,calibration,0.375,5059
3597,calibration,0.675,149
3598,calibration,0.46153846153846156,11103
3604,calibration,0.4230769230769231,1215
3606,calibration,0.37142857142857144,4829
3616,calibration,0.37623762376237624,10413
3634,calibration,0.4827586206896552,3444
3646,calibration,0.5531914893617021,4675
3649,calibration,0.7297297297297297,4285
3657,calibration,0.24444444444444444,4205
3667,calibration,0.35555555555555557,7578
3683,calibration,0.38235294117647056,119
3696,calibration,0.4935064935064935,3247
3703,calibration,0.41935483870967744,1192
3713,calibration,0.43333333333333335,1707
3717,calibration,0.43333333333333335,67
3718,calibration,0.3548387096774194,2336
3719,calibration,0.4,1986
3729,calibration,0.42424242424242425,7130
3742,calibration,0.75,12875
3743,calibration,0.5217391304347826,1300
3752,calibration,0.6538461538461539,1785
3764,calibration,0.4074074074074074,3096
3771,calibration,0.4642857142857143,985
3777,calibration,0.46153846153846156,3421
3778,calibration,0.37037037037037035,3048
3780,calibration,0.3888888888888889,3776
3782,calibration,0.3191489361702128,15410
3787,calibration,0.5161290322580645,15505
3790,calibration,0.39622641509433965,6688
3791,calibration,0.4666666666666667,7176
3793,calibration,0.6410256410256411,1796
3796,calibration,0.5319148936170213,3506
3801,calibration,0.39285714285714285,15710
3802,calibration,0.4117647058823529,2685
3809,calibration,0.4,5344
3816,calibration,0.47368421052631576,5136
3829,calibration,0.5555555555555556,9625
3882,calibration,0.3333333333333333,6381
3900,calibration,0.4,4692
3901,calibration,0.5454545454545454,15061
3902,calibration,0.4523809523809524,15506
3904,calibration,0.39622641509433965,2087
3912,calibration,0.3770491803278688,10301
3914,calibration,0.2564102564102564,15159
3920,calibration,0.2777777777777778,4699
3921,calibration,0.5,2648
3937,calibration,0.275,1648
3953,calibration,0.5555555555555556,273
3954,calibration,0.5555555555555556,273
3958,calibration,0.2459016393442623,65
3959,calibration,0.3333333333333333,1519
3968,calibration,0.3939393939393939,4950
3990,calibration,0.4642857142857143,934
3997,calibration,0.46,11372
4001,calibration,0.3,2148
4002,calibration,0.4583333333333333,13670
4004,calibration,0.5238095238095238,4098
4006,calibration,0.5454545454545454,7378
4010,calibration,0.4117647058823529,6122
4018,calibration,0.44680851063829785,924
4028,calibration,0.3902439024390244,8502
4030,calibration,0.4222222222222222,3461
4031,calibration,0.41935483870967744,3479
4033,calibration,0.3888888888888889,1798
4039,calibration,0.5961538461538461,4045
4043,calibration,0.328125,11412
4053,calibration,0.625,12524
4058,calibration,0.4166666666666667,2480
4059,calibration,0.36363636363636365,2515
4070,calibration,0.4375,10575
4072,calibration,0.2727272727272727,1785
4080,calibration,0.9333333333333333,5540
4106,calibration,0.38235294117647056,5799
4108,calibration,0.3333333333333333,5033
4109,calibration,0.425,2692
4111,calibration,0.34210526315789475,1188
4112,calibration,0.4666666666666667,9411
4114,calibration,0.7446808510638298,3820
4122,calibration,0.5526315789473685,526
4133,calibration,0.4411764705882353,4685
4138,calibration,0.4666666666666667,3111
4139,calibration,0.32727272727272727,2276
4158,calibration,0.42105263157894735,4157
4168,calibration,0.6,16477
4172,calibration,0.4444444444444444,3926
4174,calibration,0.7,15676
4209,calibration,0.3,990
4210,calibration,0.41935483870967744,6491
4213,calibration,0.4423076923076923,568
4242,calibration,0.42857142857142855,6774
4263,calibration,0.38235294117647056,1031
4280,calibration,0.6363636363636364,4518
4299,calibration,0.5384615384615384,4406
4312,calibration,0.46938775510204084,4306
4313,calibration,0.4791666666666667,4311
4314,calibration,0.43478260869565216,4099
4316,calibration,0.6585365853658537,4315
4326,calibration,0.6304347826086957,4431
4329,calibration,0.6458333333333334,4432
4330,calibration,0.6078431372549019,4432
4331,calibration,0.6428571428571429,2864
4334,calibration,0.6086956521739131,4734
4358,calibration,0.3333333333333333,6248
4374,calibration,0.33766233766233766,15637
4384,calibration,0.31343283582089554,182
4385,calibration,0.375,8309
4386,calibration,0.38095238095238093,8309
4408,calibration,0.625,4267
4459,calibration,0.5625,4239
4467,calibration,0.3787878787878788,10804
4468,calibration,0.4897959183673469,7575
4469,calibration,0.5111111111111111,9411
4470,calibration,0.4897959183673469,7572
4471,calibration,0.5098039215686274,7576
4472,calibration,0.43137254901960786,4841
4478,calibration,0.45652173913043476,16147
4480,calibration,0.5517241379310345,9253
4482,calibration,0.5128205128205128,15310
4491,calibration,0.8125,4015
4496,calibration,0.6333333333333333,966
4503,calibration,0.46153846153846156,12137
4506,calibration,0.46,2190
4507,calibration,0.4375,11483
4512,calibration,0.32142857142857145,2336
4515,calibration,0.2909090909090909,5914
4516,calibration,0.30357142857142855,5914
4522,calibration,0.3953488372093023,13969
4535,calibration,0.6551724137931034,5673
4542,calibration,0.6818181818181818,4544
4547,calibration,0.2903225806451613,14990
4563,calibration,0.4,12935
4571,calibration,0.5238095238095238,16420
4575,calibration,0.3333333333333333,855
4582,calibration,0.34782608695652173,3285
4587,calibration,0.6,2280
4591,calibration,0.3488372093023256,15324
4606,calibration,0.5128205128205128,7450
4613,calibration,0.4473684210526316,3444
4634,calibration,0.3684210526315789,3932
4635,calibration,0.5434782608695652,4306
4641,calibration,0.5161290322580645,15238
4673,calibration,0.7391304347826086,4672
4680,calibration,0.46511627906976744,1244
4700,calibration,0.5416666666666666,1715
4705,calibration,0.5471698113207547,1159
4723,calibration,0.6818181818181818,4724
4725,calibration,0.6956521739130435,4747
4726,calibration,0.6666666666666666,4747
4728,calibration,0.4117647058823529,13670
4729,calibration,0.44,7185
4735,calibration,0.6666666666666666,4734
4750,calibration,0.5,5547
4754,calibration,0.5217391304347826,13955
4759,calibration,0.6,16187
4761,calibration,0.46153846153846156,2316
4772,calibration,0.3939393939393939,7139
4787,calibration,0.49019607843137253,12474
4806,calibration,0.62,16187
4813,calibration,0.6551724137931034,2700
4819,calibration,0.2903225806451613,2570
4831,calibration,0.3888888888888889,1144
4832,calibration,0.3684210526315789,1144
4833,calibration,0.36363636363636365,1144
4837,calibration,0.7878787878787878,3247
4843,calibration,0.5333333333333333,7506
4855,calibration,0.5454545454545454,4850
4857,calibration,0.7291666666666666,4854
4859,calibration,0.4444444444444444,3453
4872,calibration,0.3333333333333333,5063
4873,calibration,0.27586206896551724,5594
4874,calibration,0.43333333333333335,3892
4878,calibration,0.6739130434782609,4734
4879,calibration,0.4634146341463415,11035
4906,calibration,0.3225806451612903,5035
4937,calibration,0.28,1681
4952,calibration,0.5283018867924528,15090
4953,calibration,0.47368421052631576,15090
4958,calibration,0.34065934065934067,8152
4963,calibration,0.34375,8208
5025,calibration,0.4583333333333333,3608
5026,calibration,0.6326530612244898,2557
5027,calibration,0.6521739130434783,2557
5028,calibration,0.5471698113207547,1189
5030,calibration,0.55,6785
5031,calibration,0.6285714285714286,3383
5046,calibration,0.6285714285714286,3124
5048,calibration,0.3548387096774194,682
5074,calibration,0.43478260869565216,16397
5077,calibration,0.3953488372093023,2014
5078,calibration,0.37037037037037035,9126
5081,calibration,0.4358974358974359,10249
5082,calibration,0.46153846153846156,10249
5083,calibration,0.46153846153846156,10249
5084,calibration,0.46153846153846156,10249
5094,calibration,0.2988505747126437,3556
5100,calibration,0.696969696969697,5779
5104,calibration,0.5909090909090909,10293
5105,calibration,0.6829268292682927,10293
5106,calibration,0.5777777777777777,10293
5107,calibration,0.5652173913043478,15570
5109,calibration,0.48,15584
5110,calibration,0.46296296296296297,15579
5112,calibration,0.6744186046511628,15584
5115,calibration,0.8421052631578947,15584
5121,calibration,0.36363636363636365,6164
5122,calibration,0.5,3979
5124,calibration,0.574468085106383,15584
5125,calibration,0.6,15584
5129,calibration,0.5333333333333333,6597
5132,calibration,0.3157894736842105,862
5164,calibration,0.42105263157894735,2170
5165,calibration,0.39655172413793105,2251
5179,calibration,0.4897959183673469,5180
5181,calibration,0.3050847457627119,5180
5185,calibration,0.3103448275862069,5180
5187,calibration,0.813953488372093,5189
5190,calibration,0.8043478260869565,5191
5192,calibration,0.8260869565217391,5194
5195,calibration,0.8163265306122449,5196
5202,calibration,0.5714285714285714,7969
5203,calibration,0.5245901639344263,5740
5211,calibration,0.6739130434782609,5180
5212,calibration,0.38461538461538464,5180
5239,calibration,0.5454545454545454,15707
5249,calibration,0.625,2692
5255,calibration,0.35714285714285715,15676
5258,calibration,0.6097560975609756,1796
5290,calibration,0.47619047619047616,5243
5293,calibration,0.3870967741935484,2830
5358,calibration,0.4883720930232558,12925
5359,calibration,0.3442622950819672,5008
5360,calibration,0.42857142857142855,4097
5361,calibration,0.3953488372093023,4097
5363,calibration,0.8235294117647058,5198
5369,calibration,0.36363636363636365,5675
5370,calibration,0.3541666666666667,5675
5371,calibration,0.6944444444444444,10169
5373,calibration,0.35,5204
5403,calibration,0.5454545454545454,2027
5404,calibration,0.3448275862068966,1955
5405,calibration,0.3958333333333333,4552
5412,calibration,0.75,15584
5426,calibration,0.5454545454545454,2254
5427,calibration,0.5882352941176471,5428
5431,calibration,0.25862068965517243,10678
5463,calibration,0.7,15676
5474,calibration,0.42857142857142855,3536
5476,calibration,0.3783783783783784,4698
5477,calibration,0.25,1606
5486,calibration,0.47058823529411764,3524
5492,calibration,0.5245901639344263,5488
5493,calibration,0.5079365079365079,5488
5496,calibration,0.5686274509803921,1189
5497,calibration,0.4,15137
5504,calibration,0.4594594594594595,11389
5506,calibration,0.45161290322580644,1429
5517,calibration,0.65,6240
5523,calibration,0.48484848484848486,5524
5526,calibration,0.5932203389830508,5740
5536,calibration,0.6,3215
5575,calibration,0.29411764705882354,2529
5585,calibration,0.38333333333333336,2251
5586,calibration,0.3770491803278688,2251
5630,calibration,0.6222222222222222,5628
5633,calibration,0.41379310344827586,2889
5641,calibration,0.5319148936170213,5643
5642,calibration,0.5,968
5648,calibration,0.4,7562
5649,calibration,0.2564102564102564,1050
5658,calibration,0.6190476190476191,5660
5662,calibration,0.5909090909090909,5660
5663,calibration,0.6046511627906976,5660
5665,calibration,0.37254901960784315,9411
5666,calibration,0.5,7370
5668,calibration,0.46153846153846156,2937
5689,calibration,0.38461538461538464,15415
5726,calibration,0.631578947368421,5372
5734,calibration,0.4883720930232558,12095
5744,calibration,0.47368421052631576,11527
5746,calibration,0.391304347826087,13198
5770,calibration,0.41379310344827586,15090
5788,calibration,0.48484848484848486,15287
5789,calibration,0.43661971830985913,15287
5790,calibration,0.43283582089552236,471
5791,calibration,0.4098360655737705,7117
5792,calibration,0.3918918918918919,15287
5821,calibration,0.5660377358490566,15
5822,calibration,0.5652173913043478,6965
5828,calibration,0.3333333333333333,1492
5869,calibration,0.49056603773584906,7352
5874,calibration,0.5555555555555556,12875
5875,calibration,0.4444444444444444,1723
5878,calibration,0.5106382978723404,1300
5879,calibration,0.5,1300
5890,calibration,0.5217391304347826,3383
5891,calibration,0.5,3383
5892,calibration,0.5,4177
5893,calibration,0.5714285714285714,3383
5894,calibration,0.5789473684210527,248
5899,calibration,0.5581395348837209,1300
5937,calibration,0.52,9639
5946,calibration,0.7272727272727273,11335
5960,calibration,0.3939393939393939,9178
5963,calibration,0.6,15707
5980,calibration,0.6229508196721312,5969
5981,calibration,0.94,5969
5994,calibration,0.45,4518
5995,calibration,0.37037037037037035,985
6011,calibration,0.45,5450
6020,calibration,0.45454545454545453,1393
6022,calibration,0.6428571428571429,6023
6029,calibration,0.5172413793103449,6014
6030,calibration,0.5483870967741935,3804
6031,calibration,0.6428571428571429,6032
6042,calibration,0.6666666666666666,6036
6061,calibration,0.7,6036
6076,calibration,0.5714285714285714,15933
6096,calibration,0.4117647058823529,15044
6099,calibration,0.41935483870967744,6100
6110,calibration,0.4782608695652174,6552
6111,calibration,0.47058823529411764,6164
6112,calibration,0.3888888888888889,1864
6113,calibration,0.5740740740740741,5996
6117,calibration,0.39705882352941174,15925
6171,calibration,0.3488372093023256,13802
6187,calibration,0.5094339622641509,1189
6188,calibration,0.39285714285714285,7314
6196,calibration,0.4,1873
6243,calibration,0.6428571428571429,6240
6252,calibration,0.675,6240
6284,calibration,0.8974358974358975,5660
6297,calibration,0.8636363636363636,9496
6298,calibration,0.8636363636363636,9496
6299,calibration,0.8636363636363636,9496
6300,calibration,0.8636363636363636,9496
6308,calibration,0.625,3059
6317,calibration,0.42857142857142855,9043
6325,calibration,0.4791666666666667,3524
6328,calibration,0.6956521739130435,1159
6369,calibration,0.46153846153846156,14533
6378,calibration,0.8636363636363636,9496
6435,calibration,0.4782608695652174,1037
6439,calibration,0.3333333333333333,5522
6463,calibration,0.38235294117647056,3097
6483,calibration,0.43478260869565216,16264
6486,calibration,0.5535714285714286,6487
6493,calibration,0.38461538461538464,10588
6495,calibration,0.49019607843137253,12109
6498,calibration,0.62,15925
6501,calibration,0.5192307692307693,1187
6502,calibration,0.4230769230769231,15792
6510,calibration,0.7297297297297297,7091
6511,calibration,0.4583333333333333,6552
6535,calibration,0.8125,6194
6542,calibration,0.3939393939393939,3489
6544,calibration,0.3,2505
6560,calibration,0.9215686274509803,6561
6562,calibration,0.4666666666666667,6781
6577,calibration,0.7272727272727273,7535
6595,calibration,0.2631578947368421,8216
6596,calibration,0.40625,9178
6612,calibration,0.4074074074074074,2336
6613,calibration,0.36666666666666664,2336
6620,calibration,0.5333333333333333,2834
6626,calibration,0.32432432432432434,9737
6631,calibration,0.3888888888888889,6901
6633,calibration,0.5423728813559322,15621
6642,calibration,0.7948717948717948,8172
6646,calibration,0.32608695652173914,15255
6648,calibration,0.6944444444444444,6649
6650,calibration,0.453125,7922
6651,calibration,0.3815789473684211,7922
6652,calibration,0.4027777777777778,7922
6653,calibration,0.3815789473684211,7922
6654,calibration,0.3493975903614458,7922
6655,calibration,0.4603174603174603,7922
6656,calibration,0.42028985507246375,7922
6657,calibration,0.4084507042253521,7922
6658,calibration,0.4264705882352941,7922
6659,calibration,0.3918918918918919,7922
6660,calibration,0.37662337662337664,7922
6661,calibration,0.4027777777777778,7922
6670,calibration,0.36666666666666664,1549
6675,calibration,0.3918918918918919,7922
6676,calibration,0.3625,7922
6694,calibration,0.43636363636363634,9137
6721,calibration,0.47368421052631576,1312
6726,calibration,0.45714285714285713,7080
6729,calibration,0.6363636363636364,11949
6737,calibration,0.4864864864864865,3819
6745,calibration,0.6923076923076923,3027
6746,calibration,0.5714285714285714,3027
6747,calibration,0.5576923076923077,3027
6748,calibration,0.5471698113207547,3027
6753,calibration,0.7540983606557377,6750
6765,calibration,0.5901639344262295,6750
6776,calibration,0.7090909090909091,6778
6779,calibration,0.6909090909090909,6762
6789,calibration,0.7090909090909091,6761
6790,calibration,0.4838709677419355,12555
6836,calibration,0.36666666666666664,621
6851,calibration,0.42857142857142855,6262
6853,calibration,0.4827586206896552,2563
6860,calibration,0.5,5618
6868,calibration,0.4166666666666667,2480
6877,calibration,0.35,1699
6881,calibration,0.43478260869565216,3972
6902,calibration,0.4084507042253521,7922
6903,calibration,0.358974358974359,1703
6908,calibration,0.4117647058823529,3351
6910,calibration,0.4230769230769231,2088
6911,calibration,0.3541666666666667,5552
6915,calibration,0.4489795918367347,5820
6920,calibration,0.675,7383
6938,calibration,0.5,7535
6962,calibration,0.7307692307692307,6599
6999,calibration,0.6774193548387096,6750
7001,calibration,0.4888888888888889,4113
7039,calibration,0.4090909090909091,7046
7041,calibration,0.3125,7049
7042,calibration,0.42424242424242425,7037
7044,calibration,0.6666666666666666,7037
7045,calibration,0.47058823529411764,7024
7048,calibration,0.34615384615384615,7046
7062,calibration,0.47619047619047616,2088
7070,calibration,0.48484848484848486,7056
7074,calibration,0.48,1049
7081,calibration,0.43636363636363634,11351
7083,calibration,0.36585365853658536,8070
7085,calibration,0.3611111111111111,5482
7094,calibration,0.38235294117647056,5482
7098,calibration,0.4,7340
7099,calibration,0.46153846153846156,12664
7107,calibration,0.5490196078431373,14138
7108,calibration,0.45714285714285713,15384
7113,calibration,0.36,1873
7121,calibration,0.475,13454
7126,calibration,0.37142857142857144,10320
7127,calibration,0.35802469135802467,7922
7129,calibration,0.5625,14584
7141,calibration,0.3142857142857143,1426
7144,calibration,0.7948717948717948,8172
7147,calibration,0.5,1895
7150,calibration,0.5714285714285714,7152
7151,calibration,0.3902439024390244,7152
7153,calibration,0.4074074074074074,2067
7158,calibration,0.6373626373626373,852
7160,calibration,0.5714285714285714,8012
7167,calibration,0.42028985507246375,7922
7168,calibration,0.42857142857142855,6663
7175,calibration,0.3333333333333333,14812
7214,calibration,0.48484848484848486,15469
7261,calibration,0.7419354838709677,1501
7266,calibration,0.42857142857142855,7265
7267,calibration,0.3181818181818182,12984
7268,calibration,0.35294117647058826,863
7269,calibration,0.3448275862068966,5209
7270,calibration,0.2631578947368421,863
7271,calibration,0.2608695652173913,7265
7275,calibration,0.25,3333
7312,calibration,0.37142857142857144,1523
7319,calibration,0.5348837209302325,15147
7321,calibration,0.38235294117647056,2515
7354,calibration,0.375,14696
7361,calibration,0.475,1837
7377,calibration,0.4838709677419355,2208
7380,calibration,0.29333333333333333,5910
7381,calibration,0.23170731707317074,5910
7384,calibration,0.6206896551724138,7011
7396,calibration,0.42857142857142855,2345
7397,calibration,0.49056603773584906,8523
7399,calibration,0.3333333333333333,4241
7403,calibration,0.2926829268292683,7407
7404,calibration,0.32432432432432434,7407
7405,calibration,0.3157894736842105,7407
7408,calibration,0.45454545454545453,15062
7411,calibration,0.3548387096774194,1811
7416,calibration,0.40540540540540543,12101
7433,calibration,0.7575757575757576,12790
7434,calibration,0.7647058823529411,7421
7441,calibration,0.47368421052631576,7265
7442,calibration,0.3076923076923077,3078
7455,calibration,0.4411764705882353,2316
7456,calibration,0.23684210526315788,3908
7477,calibration,0.3728813559322034,495
7483,calibration,0.27586206896551724,5570
7485,calibration,0.5151515151515151,1565
7486,calibration,0.46153846153846156,15166
7488,calibration,0.627906976744186,7489
7491,calibration,0.5277777777777778,16455
7492,calibration,0.6904761904761905,7489
7493,calibration,0.5217391304347826,13961
7494,calibration,0.627906976744186,7490
7525,calibration,0.34285714285714286,934
7527,calibration,0.4827586206896552,6610
7529,calibration,0.4,2657
7542,calibration,0.25,9076
7557,calibration,0.32075471698113206,8072
7565,calibration,0.3611111111111111,7562
7566,calibration,0.35135135135135137,7562
7573,calibration,0.7692307692307693,7572
7581,calibration,0.7619047619047619,7576
7582,calibration,0.7727272727272727,7577
7584,calibration,0.7619047619047619,7576
7585,calibration,0.7727272727272727,7577
7597,calibration,0.3565217391304348,14348
7613,calibration,0.3225806451612903,15748
7614,calibration,0.35384615384615387,7330
7619,calibration,0.4666666666666667,15923
7625,calibration,0.5609756097560976,5157
7657,calibration,0.37142857142857144,903
7660,calibration,0.3877551020408163,3918
7670,calibration,0.3488372093023256,4851
7673,calibration,0.54,1187
7674,calibration,0.44285714285714284,16178
7682,calibration,0.5277777777777778,10682
7683,calibration,0.5,6555
7688,calibration,0.3050847457627119,8066
7702,calibration,0.3761467889908257,8300
7703,calibration,0.39344262295081966,8309
7729,calibration,0.28,497
7731,calibration,0.34375,2336
7742,calibration,0.6944444444444444,7743
7765,calibration,0.9090909090909091,3894
7768,calibration,0.5384615384615384,12137
7771,calibration,0.48148148148148145,12137
7781,calibration,0.4666666666666667,10193
7819,calibration,0.3939393939393939,9178
7847,calibration,0.48484848484848486,14249
7854,calibration,0.2549019607843137,523
7857,calibration,0.5357142857142857,9178
7859,calibration,0.3939393939393939,9178
7865,calibration,0.43333333333333335,2252
7869,calibration,0.38636363636363635,4793
7870,calibration,0.37777777777777777,4793
7908,calibration,0.47368421052631576,5178
7923,calibration,0.673469387755102,7922
7937,calibration,0.43243243243243246,3982
7943,calibration,0.4857142857142857,4262
7949,calibration,0.4666666666666667,2083
7962,calibration,0.7906976744186046,7978
7968,calibration,0.5555555555555556,13769
8010,calibration,0.46153846153846156,15483
8017,calibration,0.4117647058823529,5524
8019,calibration,0.3870967741935484,827
8058,calibration,0.3958333333333333,1782
8061,calibration,0.48148148148148145,15707
8068,calibration,0.4772727272727273,3579
8073,calibration,0.3333333333333333,7419
8082,calibration,0.5217391304347826,8075
8095,calibration,0.4727272727272727,8597
8166,calibration,0.3611111111111111,2000
8181,calibration,0.2909090909090909,3706
8183,calibration,0.7948717948717948,8172
8184,calibration,0.7435897435897436,1702
8194,calibration,0.75,4267
8195,calibration,0.75,4267
8200,calibration,0.43478260869565216,5157
8251,calibration,0.8235294117647058,8250
8257,calibration,0.7,15676
8259,calibration,0.28846153846153844,6257
8265,calibration,0.3559322033898305,6071
8276,calibration,0.375,5845
8323,calibration,0.4864864864864865,2241
8324,calibration,0.45454545454545453,8407
8333,calibration,0.8518518518518519,8241
8355,calibration,0.8431372549019608,8336
8358,calibration,0.8297872340425532,8335
8360,calibration,0.6666666666666666,8335
8361,calibration,0.8297872340425532,8335
8367,calibration,0.5714285714285714,11583
8370,calibration,0.42105263157894735,10656
8371,calibration,0.45714285714285713,10656
8373,calibration,0.47058823529411764,15207
8381,calibration,0.225,7146
8388,calibration,0.48717948717948717,7556
8389,calibration,0.4444444444444444,5619
8391,calibration,0.5714285714285714,15363
8394,calibration,0.3793103448275862,5079
8437,calibration,0.31,8492
8438,calibration,0.2903225806451613,4642
8472,calibration,0.48484848484848486,1723
8486,calibration,0.6060606060606061,4829
8498,calibration,0.45,6774
8503,calibration,0.52,15207
8543,calibration,0.4838709677419355,7122
8587,calibration,0.3064516129032258,3497
8590,calibration,0.4482758620689655,8597
8591,calibration,0.4482758620689655,8597
8592,calibration,0.45614035087719296,8597
8593,calibration,0.4,8597
8594,calibration,0.38095238095238093,8597
8595,calibration,0.4642857142857143,8597
8596,calibration,0.6792452830188679,8597
8598,calibration,0.5555555555555556,8597
8599,calibration,0.3387096774193548,8597
8600,calibration,0.30434782608695654,8597
8602,calibration,0.5,1796
8603,calibration,0.65,5349
8604,calibration,0.4642857142857143,11110
8605,calibration,0.6829268292682927,5933
8606,calibration,0.6052631578947368,5347
8613,calibration,0.6724137931034483,8614
8632,calibration,0.358974358974359,8570
8653,calibration,0.49019607843137253,14548
8657,calibration,0.5,1459
8662,calibration,0.5192307692307693,8597
8663,calibration,0.41935483870967744,8597
8664,calibration,0.4482758620689655,8597
8665,calibration,0.5,8597
8666,calibration,0.45,8597
8667,calibration,0.3442622950819672,8597
8668,calibration,0.32786885245901637,8825
8674,calibration,0.5348837209302325,7509
8686,calibration,0.38636363636363635,4236
8691,calibration,0.4230769230769231,7922
8702,calibration,0.5348837209302325,7302
8703,calibration,0.3157894736842105,2240
8719,calibration,0.8636363636363636,9496
8720,calibration,0.8636363636363636,9496
8721,calibration,0.8636363636363636,9496
8722,calibration,0.8636363636363636,9496
8723,calibration,0.8636363636363636,9496
8728,calibration,0.3877551020408163,7355
8733,calibration,0.5,8735
8761,calibration,0.45161290322580644,8739
8765,calibration,0.5625,1461
8766,calibration,0.45714285714285713,4786
8783,calibration,0.7073170731707317,12477
8799,calibration,0.7567567567567568,8798
8802,calibration,0.696969696969697,8803
8823,calibration,0.55,8825
8842,calibration,0.8636363636363636,9496
8847,calibration,0.5348837209302325,5157
8848,calibration,0.3953488372093023,4497
8858,calibration,0.42857142857142855,14348
8885,calibration,0.3269230769230769,7373
8887,calibration,0.3492063492063492,9119
8913,calibration,0.2608695652173913,10552
8939,calibration,0.38095238095238093,5093
8952,calibration,0.5121951219512195,13207
8953,calibration,0.5813953488372093,15675
8956,calibration,0.42857142857142855,2148
8968,calibration,0.21428571428571427,7745
8971,calibration,0.4375,1663
8982,calibration,0.41935483870967744,8597
8983,calibration,0.4126984126984127,8597
8984,calibration,0.40625,8597
8985,calibration,0.5254237288135594,8597
8986,calibration,0.43333333333333335,8597
8987,calibration,0.41935483870967744,8597
8988,calibration,0.4603174603174603,8597
9035,calibration,0.5319148936170213,14348
9083,calibration,0.7,15676
9112,calibration,0.4782608695652174,16221
9130,calibration,0.4444444444444444,1459
9131,calibration,0.4444444444444444,1459
9132,calibration,0.4576271186440678,1459
9151,calibration,0.4117647058823529,1429
9152,calibration,0.43548387096774194,10046
9153,calibration,0.34375,2509
9165,calibration,0.3888888888888889,1444
9170,calibration,0.45652173913043476,9171
9172,calibration,0.5909090909090909,9171
9173,calibration,0.4444444444444444,9171
9174,calibration,0.3968253968253968,8597
9182,calibration,0.5079365079365079,14811
9183,calibration,0.5873015873015873,14811
9185,calibration,0.3787878787878788,3069
9199,calibration,0.5806451612903226,4239
9260,calibration,0.45714285714285713,6555
9291,calibration,0.30303030303030304,2801
9294,calibration,0.7368421052631579,15676
9330,calibration,0.35714285714285715,682
9331,calibration,0.42105263157894735,15367
9333,calibration,0.4339622641509434,16277
9334,calibration,0.4339622641509434,16278
9335,calibration,0.32608695652173914,381
9336,calibration,0.34375,7379
9340,calibration,0.6730769230769231,134
9344,calibration,0.43564356435643564,10531
9345,calibration,0.453125,5740
9363,calibration,0.24324324324324326,15789
9398,calibration,0.26136363636363635,2570
9400,calibration,0.3333333333333333,9364
9407,calibration,0.288135593220339,12856
9469,calibration,0.3958333333333333,11035
9471,calibration,0.5,11035
9491,calibration,0.5454545454545454,9490
9492,calibration,0.625,527
9501,calibration,0.47058823529411764,1461
9525,calibration,0.5652173913043478,7675
9526,calibration,0.42857142857142855,9756
9549,calibration,0.7560975609756098,9548
9559,calibration,0.6,8912
9560,calibration,0.5789473684210527,9638
9569,calibration,0.4057971014492754,631
9570,calibration,0.3225806451612903,7305
9571,calibration,0.45714285714285713,3474
9572,calibration,0.4393939393939394,631
9573,calibration,0.4603174603174603,631
9575,calibration,0.4264705882352941,631
9580,calibration,0.4444444444444444,631
9612,calibration,0.4074074074074074,6380
9614,calibration,0.37254901960784315,9648
9630,calibration,0.45454545454545453,7300
9644,calibration,0.7619047619047619,14455
9646,calibration,0.42857142857142855,1117
9647,calibration,0.46875,3792
9652,calibration,0.6578947368421053,9653
9655,calibration,0.4642857142857143,15179
9673,calibration,0.6,9496
9729,calibration,0.6097560975609756,5318
9730,calibration,0.6,9971
9731,calibration,0.6857142857142857,9733
9744,calibration,0.36363636363636365,9742
9745,calibration,0.4482758620689655,1131
9746,calibration,0.43243243243243246,7253
9747,calibration,0.45714285714285713,834
9748,calibration,0.48484848484848486,5228
9751,calibration,0.36,2102
9752,calibration,0.4166666666666667,3207
9753,calibration,0.4418604651162791,9502
9755,calibration,0.4909090909090909,9538
9781,calibration,0.3548387096774194,14455
9802,calibration,0.46226415094339623,14348
9815,calibration,0.3853211009174312,14348
9817,calibration,0.3968253968253968,6871
9818,calibration,0.46153846153846156,10575
9841,calibration,0.4153846153846154,5740
9859,calibration,0.4153846153846154,3328
9865,calibration,0.5,1479
9870,calibration,0.42857142857142855,5304
9878,calibration,0.4126984126984127,8523
9919,calibration,0.375,14348
9931,calibration,0.7555555555555555,9968
9941,calibration,0.525,7540
9962,calibration,0.6842105263157895,9961
9967,calibration,0.6842105263157895,9987
9986,calibration,0.3157894736842105,11384
10000,calibration,0.6481481481481481,9761
10005,calibration,0.6274509803921569,9538
10014,calibration,0.5,9760
10022,calibration,0.6481481481481481,9760
10039,calibration,0.7142857142857143,9968
10047,calibration,0.5588235294117647,9503
10083,calibration,0.5370370370370371,3027
10104,calibration,0.5,10108
10105,calibration,0.6,9968
10119,calibration,0.5151515151515151,14811
10131,calibration,0.46153846153846156,10249
10132,calibration,0.3793103448275862,3575
10143,calibration,0.46153846153846156,9503
10144,calibration,0.6333333333333333,9503
10148,calibration,0.6,9503
10173,calibration,0.5625,2860
10174,calibration,0.6585365853658537,10176
10178,calibration,0.5869565217391305,10176
10179,calibration,0.6521739130434783,10180
10194,calibration,0.48148148148148145,15707
10198,calibration,0.47058823529411764,9120
10200,calibration,0.47058823529411764,9120
10223,calibration,0.3111111111111111,2623
10265,calibration,0.36363636363636365,4501
10271,calibration,0.4,920
10289,calibration,0.5952380952380952,10293
10290,calibration,0.5,10293
10292,calibration,0.5102040816326531,10293
10308,calibration,0.4489795918367347,4404
10309,calibration,0.47058823529411764,1702
10310,calibration,0.5,5989
10311,calibration,0.4666666666666667,5989
10339,calibration,0.475,2691
10379,calibration,0.42105263157894735,11234
10408,calibration,0.4,410
10409,calibration,0.3870967741935484,10411
10410,calibration,0.44776119402985076,8615
10416,calibration,0.4,10080
10438,calibration,0.34375,1422
10446,calibration,0.44,1423
10462,calibration,0.21568627450980393,12309
10464,calibration,0.27906976744186046,8914
10499,calibration,0.717948717948718,10503
10500,calibration,0.5,10505
10508,calibration,0.7647058823529411,10505
10509,calibration,0.75,8051
10516,calibration,0.4642857142857143,15191
10520,calibration,0.5176470588235295,755
10522,calibration,0.4528301886792453,10181
10527,calibration,0.475,11394
10536,calibration,0.8260869565217391,4747
10545,calibration,0.36538461538461536,3677
10554,calibration,0.36893203883495146,10413
10557,calibration,0.4117647058823529,3544
10566,calibration,0.5277777777777778,10575
10578,calibration,0.7073170731707317,3027
10598,calibration,0.4594594594594595,7299
10624,calibration,0.38461538461538464,6796
10630,calibration,0.45714285714285713,5656
10638,calibration,0.2962962962962963,3907
10646,calibration,0.5909090909090909,4438
10655,calibration,0.36363636363636365,5638
10660,calibration,0.38461538461538464,10817
10661,calibration,0.6428571428571429,12527
10666,calibration,0.35,15707
10696,calibration,0.3684210526315789,16380
10699,calibration,0.3333333333333333,7132
10705,calibration,0.6666666666666666,5511
10708,calibration,0.5348837209302325,4438
10726,calibration,0.40384615384615385,8902
10752,calibration,0.34375,9311
10766,calibration,0.6964285714285714,10785
10792,calibration,0.4888888888888889,12669
10793,calibration,0.46875,5041
10794,calibration,0.42424242424242425,15790
10798,calibration,0.4230769230769231,985
10805,calibration,0.4722222222222222,13809
10814,calibration,0.5434782608695652,2715
10821,calibration,0.47619047619047616,7131
10832,calibration,0.28888888888888886,3988
10837,calibration,0.375,16123
10839,calibration,0.3225806451612903,3308
10848,calibration,0.9411764705882353,11423
10859,calibration,0.47368421052631576,1292
10879,calibration,0.9411764705882353,11423
10881,calibration,0.35714285714285715,1970
10907,calibration,0.37142857142857144,8497
10908,calibration,0.30434782608695654,10673
10909,calibration,0.29545454545454547,11254
10910,calibration,0.3023255813953488,10912
10915,calibration,0.4418604651162791,15078
10917,calibration,0.375,6552
10977,calibration,0.24489795918367346,12768
10990,calibration,0.34782608695652173,47
11001,calibration,0.475,7091
11012,calibration,0.4067796610169492,6516
11014,calibration,0.42592592592592593,13289
11027,calibration,0.37209302325581395,6072
11029,calibration,0.4,6072
11036,calibration,0.34285714285714286,11040
11077,calibration,0.5121951219512195,1963
11090,calibration,0.34375,16264
11091,calibration,0.391304347826087,2691
11092,calibration,0.391304347826087,3125
11100,calibration,0.37209302325581395,10127
11116,calibration,0.8148148148148148,6717
11117,calibration,0.4074074074074074,5282
11118,calibration,0.35714285714285715,10863
11122,calibration,0.4,10413
11130,calibration,0.46153846153846156,11123
11148,calibration,0.42857142857142855,8977
11156,calibration,0.46875,3306
11190,calibration,0.3620689655172414,2085
11203,calibration,0.375,13837
11204,calibration,0.32142857142857145,3308
11224,calibration,0.47619047619047616,10672
11240,calibration,0.47368421052631576,1200
11243,calibration,0.425,6994
11245,calibration,0.3548387096774194,1334
11247,calibration,0.3684210526315789,1134
11256,calibration,0.4166666666666667,3420
11258,calibration,0.34210526315789475,4264
11305,calibration,0.4827586206896552,1128
11309,calibration,0.42424242424242425,7310
11313,calibration,0.3448275862068966,15455
11316,calibration,0.3684210526315789,11301
11333,calibration,0.46296296296296297,11335
11342,calibration,0.42592592592592593,7304
11348,calibration,0.29411764705882354,10810
11373,calibration,0.41025641025641024,3071
11374,calibration,0.35294117647058826,11372
11387,calibration,0.42105263157894735,5557
11406,calibration,0.5588235294117647,13198
11407,calibration,0.7307692307692307,9503
11435,calibration,0.3684210526315789,10841
11436,calibration,0.7,15676
11437,calibration,0.7368421052631579,15676
11442,calibration,0.47619047619047616,704
11444,calibration,0.4888888888888889,11140
11445,calibration,0.45714285714285713,3482
11450,calibration,0.4,11123
11452,calibration,0.4358974358974359,1997
11472,calibration,0.4857142857142857,15242
11482,calibration,0.27450980392156865,5509
11492,calibration,0.375,3463
11510,calibration,0.4583333333333333,7692
11512,calibration,0.9411764705882353,4748
11525,calibration,0.4411764705882353,10901
11526,calibration,0.72,880
11532,calibration,0.5714285714285714,880
11542,calibration,0.45652173913043476,2692
11546,calibration,0.5757575757575758,6146
11550,calibration,0.45454545454545453,338
11551,calibration,0.425,15704
11552,calibration,0.425,15704
11553,calibration,0.38636363636363635,15704
11554,calibration,0.40476190476190477,15704
11555,calibration,0.38636363636363635,15704
11556,calibration,0.38636363636363635,15704
11557,calibration,0.38636363636363635,15704
11582,calibration,0.3548387096774194,11583
11586,calibration,0.3125,2122
11626,calibration,0.2608695652173913,6804
11704,calibration,0.43137254901960786,4113
11708,calibration,0.4,210
11712,calibration,0.5526315789473685,4436
11721,calibration,0.5853658536585366,10180
11722,calibration,0.525,10176
11723,calibration,0.5238095238095238,16160
11724,calibration,0.5111111111111111,2520
11725,calibration,0.575,10177
11734,calibration,0.45901639344262296,134
11753,calibration,0.27906976744186046,6863
11759,calibration,0.30666666666666664,14717
11776,calibration,0.4095238095238095,686
11780,calibration,0.44954128440366975,14348
11806,calibration,0.36363636363636365,6015
11862,calibration,0.3620689655172414,241
11863,calibration,0.44,8300
11864,calibration,0.4077669902912621,8300
11865,calibration,0.47619047619047616,13201
11879,calibration,0.296875,3967
11901,calibration,0.4,8940
11923,calibration,0.375,5289
11926,calibration,0.47619047619047616,5740
11930,calibration,0.6764705882352942,16125
11932,calibration,0.44,7922
11933,calibration,0.42857142857142855,266
11938,calibration,0.42,8300
11939,calibration,0.3925233644859813,14348
11954,calibration,0.65,2861
11955,calibration,0.7714285714285715,10176
11958,calibration,0.45454545454545453,12116
11959,calibration,0.3333333333333333,12116
11960,calibration,0.46774193548387094,12116
11964,calibration,0.32142857142857145,7350
11978,calibration,0.725,11979
12012,calibration,0.5918367346938775,9756
12022,calibration,0.25806451612903225,8976
12071,calibration,0.4716981132075472,1416
12106,calibration,0.36363636363636365,1139
12174,calibration,0.45161290322580644,6727
12189,calibration,0.7777777777777778,418
12191,calibration,0.7,418
12192,calibration,0.65625,418
12193,calibration,0.7837837837837838,12195
12194,calibration,0.7631578947368421,12195
12196,calibration,0.725,12195
12223,calibration,0.4166666666666667,8028
12258,calibration,0.3939393939393939,8523
12264,calibration,0.5102040816326531,9660
12278,calibration,0.4444444444444444,12281
12279,calibration,0.4794520547945205,12281
12280,calibration,0.4507042253521127,12281
12316,calibration,0.3076923076923077,5990
12356,calibration,0.4426229508196721,8335
12378,calibration,0.7560975609756098,12381
12402,calibration,0.35555555555555557,676
12448,calibration,0.5526315789473685,11081
12451,calibration,0.36538461538461536,12499
12457,calibration,0.5777777777777777,12499
12467,calibration,0.4576271186440678,14548
12478,calibration,0.8717948717948718,12499
12479,calibration,0.5319148936170213,12499
12495,calibration,0.5714285714285714,15072
12496,calibration,0.3611111111111111,14054
12498,calibration,0.47619047619047616,13620
12503,calibration,0.4,10690
12531,calibration,0.8205128205128205,12499
12532,calibration,0.4897959183673469,12499
12533,calibration,0.3888888888888889,9562
12541,calibration,0.9,12499
12563,calibration,0.6666666666666666,12562
12564,calibration,0.6666666666666666,12562
12585,calibration,0.5641025641025641,16415
12606,calibration,0.6833333333333333,14811
12607,calibration,0.609375,14811
12610,calibration,0.4716981132075472,4045
12614,calibration,0.6268656716417911,12875
12622,calibration,0.25925925925925924,2933
12677,calibration,0.5757575757575758,9318
12678,calibration,0.5,16455
12680,calibration,0.4918032786885246,9240
12686,calibration,0.45098039215686275,13371
12712,calibration,0.4722222222222222,12713
12714,calibration,0.4186046511627907,12713
12723,calibration,0.45161290322580644,2147
12727,calibration,0.5833333333333334,13612
12737,calibration,0.609375,12483
12739,calibration,0.5652173913043478,7509
12746,calibration,0.625,12643
12747,calibration,0.4307692307692308,134
12750,calibration,0.3,3333
12751,calibration,0.7021276595744681,4037
12758,calibration,0.6222222222222222,14230
12763,calibration,0.45714285714285713,547
12764,calibration,0.6756756756756757,248
12800,calibration,0.7391304347826086,12643
12803,calibration,0.5,16455
12821,calibration,0.6666666666666666,3826
12822,calibration,0.631578947368421,3826
12823,calibration,0.5217391304347826,3826
12824,calibration,0.5217391304347826,3826
12828,calibration,0.3888888888888889,1453
12829,calibration,0.5833333333333334,12834
12830,calibration,0.5769230769230769,12834
12831,calibration,0.5384615384615384,12834
12832,calibration,0.5833333333333334,12834
12833,calibration,0.4666666666666667,12834
12835,calibration,0.5,12834
12836,calibration,0.41379310344827586,2499
12863,calibration,0.39090909090909093,686
12864,calibration,0.39285714285714285,686
12880,calibration,0.4878048780487805,12689
12887,calibration,0.4523809523809524,12896
12889,calibration,0.5294117647058824,4239
12892,calibration,0.34782608695652173,2330
12893,calibration,0.4473684210526316,6302
12902,calibration,0.46153846153846156,12895
12905,calibration,0.4222222222222222,7301
12907,calibration,0.4772727272727273,4461
12909,calibration,0.5945945945945946,12884
12916,calibration,0.5476190476190477,12919
12922,calibration,0.38181818181818183,3639
12949,calibration,0.5,5924
12950,calibration,0.48936170212765956,12868
12956,calibration,0.4897959183673469,13987
12969,calibration,0.5957446808510638,12776
12981,calibration,0.3142857142857143,4241
13001,calibration,0.5769230769230769,12137
13021,calibration,0.4827586206896552,13154
13023,calibration,0.6078431372549019,9225
13036,calibration,0.43478260869565216,5157
13060,calibration,0.7272727272727273,7216
13070,calibration,0.75,12482
13097,calibration,0.41025641025641024,14215
13098,calibration,0.5576923076923077,2735
13100,calibration,0.25,3288
13102,calibration,0.25,3288
13111,calibration,0.5,16455
13121,calibration,0.5689655172413793,16469
13129,calibration,0.68,13154
13137,calibration,0.6666666666666666,13154
13143,calibration,0.7647058823529411,13154
13160,calibration,0.5128205128205128,3994
13170,calibration,0.30303030303030304,4236
13174,calibration,0.4166666666666667,3610
13192,calibration,0.5964912280701754,13154
13220,calibration,0.5348837209302325,4782
13221,calibration,0.7083333333333334,13283
13235,calibration,0.5625,3386
13238,calibration,0.4883720930232558,7503
13244,calibration,0.4423076923076923,9602
13249,calibration,0.43902439024390244,9162
13285,calibration,0.3142857142857143,15344
13293,calibration,0.40384615384615385,13231
13294,calibration,0.6666666666666666,13290
13298,calibration,0.45454545454545453,13299
13306,calibration,0.3684210526315789,13307
13311,calibration,0.42424242424242425,2308
13316,calibration,0.40476190476190477,12664
13324,calibration,0.24489795918367346,14173
13328,calibration,0.8857142857142857,12711
13333,calibration,0.45454545454545453,13335
13336,calibration,0.6415094339622641,13337
13362,calibration,0.5581395348837209,7975
13377,calibration,0.4074074074074074,13019
13380,calibration,0.47619047619047616,7508
13381,calibration,0.4074074074074074,13344
13407,calibration,0.3333333333333333,12664
13409,calibration,0.6,16477
13415,calibration,0.55,3236
13416,calibration,0.4772727272727273,12989
13438,calibration,0.6,16477
13447,calibration,0.5952380952380952,7975
13448,calibration,0.5641025641025641,14144
13516,calibration,0.48936170212765956,11314
13522,calibration,0.5,13550
13536,calibration,0.48148148148148145,10785
13551,calibration,0.6346153846153846,13231
13559,calibration,0.7142857142857143,13575
13561,calibration,0.8285714285714286,13575
13562,calibration,0.8157894736842105,13576
13578,calibration,0.4864864864864865,2014
13583,calibration,0.4166666666666667,10758
13597,calibration,0.43902439024390244,9162
13600,calibration,0.6764705882352942,13603
13617,calibration,0.425,13827
13619,calibration,0.4492753623188406,13620
13622,calibration,0.4444444444444444,16256
13623,calibration,0.5223880597014925,13620
13624,calibration,0.46153846153846156,16256
13625,calibration,0.463768115942029,13620
13626,calibration,0.49230769230769234,13620
13627,calibration,0.4520547945205479,13620
13628,calibration,0.4714285714285714,13620
13629,calibration,0.4657534246575342,13620
13630,calibration,0.4594594594594595,13620
13631,calibration,0.4722222222222222,13620
13632,calibration,0.4594594594594595,13621
13633,calibration,0.4666666666666667,13621
13634,calibration,0.49295774647887325,13621
13635,calibration,0.49295774647887325,13620
13636,calibration,0.5217391304347826,13620
13637,calibration,0.5,13620
13638,calibration,0.5909090909090909,13620
13639,calibration,0.49333333333333335,13621
13640,calibration,0.6470588235294118,13621
13641,calibration,0.49333333333333335,13620
13642,calibration,0.5,13620
13643,calibration,0.5,13620
13645,calibration,0.6326530612244898,16258
13660,calibration,0.4642857142857143,6077
13662,calibration,0.391304347826087,11995
13663,calibration,0.4117647058823529,11995
13671,calibration,0.46,13670
13697,calibration,0.3902439024390244,2220
13702,calibration,0.6363636363636364,2014
13713,calibration,0.5238095238095238,1382
13714,calibration,0.4418604651162791,1382
13716,calibration,0.40816326530612246,2280
13718,calibration,0.5348837209302325,6374
13719,calibration,0.5348837209302325,6374
13743,calibration,0.6818181818181818,4045
13744,calibration,0.6666666666666666,13804
13752,calibration,0.575,7950
13753,calibration,0.47619047619047616,4852
13756,calibration,0.4574468085106383,755
13757,calibration,0.4574468085106383,755
13761,calibration,0.46875,12101
13765,calibration,0.5434782608695652,13769
13766,calibration,0.46808510638297873,13769
13768,calibration,0.5813953488372093,13035
13810,calibration,0.5405405405405406,923
13811,calibration,0.3953488372093023,11337
13815,calibration,0.38636363636363635,13960
13832,calibration,0.46,13670
13855,calibration,0.44,12456
13875,calibration,0.5172413793103449,14072
13885,calibration,0.45652173913043476,12931
13886,calibration,0.4444444444444444,12933
13891,calibration,0.5,3310
13902,calibration,0.6862745098039216,16016
13904,calibration,0.46938775510204084,13567
13912,calibration,0.7391304347826086,13913
13938,calibration,0.45454545454545453,1293
13944,calibration,0.47619047619047616,5303
13949,calibration,0.5106382978723404,13961
13953,calibration,0.46511627906976744,1293
13964,calibration,0.5,14238
13973,calibration,0.4117647058823529,12720
13976,calibration,0.5714285714285714,6526
13977,calibration,0.5,13947
13979,calibration,0.46808510638297873,14238
13985,calibration,0.4523809523809524,3401
13988,calibration,0.58,13987
13989,calibration,0.5217391304347826,6526
13990,calibration,0.5217391304347826,14001
13991,calibration,0.5306122448979592,14270
13992,calibration,0.7142857142857143,14270
13993,calibration,0.4423076923076923,13987
13994,calibration,0.5098039215686274,13987
13995,calibration,0.46808510638297873,14270
13996,calibration,0.4897959183673469,13987
13997,calibration,0.4897959183673469,13987
13998,calibration,0.52,14270
14003,calibration,0.47058823529411764,13958
14008,calibration,0.4528301886792453,13670
14009,calibration,0.4423076923076923,13670
14082,calibration,0.38028169014084506,13050
14087,calibration,0.7083333333333334,3894
14093,calibration,0.3617021276595745,3656
14094,calibration,0.40540540540540543,6465
14104,calibration,0.4393939393939394,13222
14112,calibration,0.48,13670
14113,calibration,0.4375,16267
14117,calibration,0.4222222222222222,5245
14120,calibration,0.6216216216216216,14146
14122,calibration,0.45714285714285713,969
14137,calibration,0.6956521739130435,14138
14157,calibration,0.5277777777777778,13351
14159,calibration,0.4090909090909091,11035
14164,calibration,0.40384615384615385,13670
14165,calibration,0.40816326530612246,7176
14167,calibration,0.4,7176
14190,calibration,0.4838709677419355,14187
14195,calibration,0.6086956521739131,13550
14224,calibration,0.6086956521739131,13612
14233,calibration,0.375,13384
14240,calibration,0.24324324324324326,1723
14251,calibration,0.6153846153846154,3202
14252,calibration,0.5581395348837209,3202
14253,calibration,0.5454545454545454,3202
14258,calibration,0.6428571428571429,12711
14267,calibration,0.48936170212765956,13918
14287,calibration,0.5813953488372093,6641
14295,calibration,0.48148148148148145,14089
14309,calibration,0.38,4951
14313,calibration,0.2926829268292683,4452
14336,calibration,0.6363636363636364,14339
14346,calibration,0.36363636363636365,1186
14351,calibration,0.5942028985507246,12875
14367,calibration,0.34065934065934067,3553
14384,calibration,0.36363636363636365,640
14396,calibration,0.48148148148148145,10685
14406,calibration,0.5652173913043478,14407
14408,calibration,0.6571428571428571,14405
14412,calibration,0.5125,12726
14415,calibration,0.3611111111111111,3896
14417,calibration,0.43157894736842106,755
14429,calibration,0.7105263157894737,14156
14504,calibration,0.7611940298507462,12298
14523,calibration,0.6428571428571429,14530
14528,calibration,0.6285714285714286,14468
14529,calibration,0.6551724137931034,15362
14555,calibration,0.24,2152
14575,calibration,0.4666666666666667,4452
14598,calibration,0.411214953271028,686
14599,calibration,0.4036697247706422,686
14625,calibration,0.68,15925
14644,calibration,0.4838709677419355,158
14646,calibration,0.2692307692307692,160
14686,calibration,0.42857142857142855,8237
14796,calibration,0.2564102564102564,5982
14824,calibration,0.5272727272727272,9276
14829,calibration,0.7530864197530864,14348
14833,calibration,0.43243243243243246,2586
14834,calibration,0.40816326530612246,6101
14835,calibration,0.36363636363636365,2586
14870,calibration,0.5204081632653061,8300
14880,calibration,0.41,605
14886,calibration,0.3958333333333333,14895
14887,calibration,0.3333333333333333,14895
14967,calibration,0.5306122448979592,2860
14968,calibration,0.5510204081632653,2860
14969,calibration,0.6041666666666666,2860
14970,calibration,0.5454545454545454,15266
14971,calibration,0.52,2860
14972,calibration,0.52,2860
14973,calibration,0.52,2860
14974,calibration,0.48148148148148145,2860
14975,calibration,0.6521739130434783,2860
14977,calibration,0.7567567567567568,15004
15009,calibration,0.3225806451612903,1839
15010,calibration,0.4523809523809524,9076
15011,calibration,0.21739130434782608,5174
15016,calibration,0.32727272727272727,14091
15017,calibration,0.3888888888888889,14105
15022,calibration,0.30434782608695654,440
15026,calibration,0.47058823529411764,7264
15027,calibration,0.5,7263
15050,calibration,0.48484848484848486,3177
15074,calibration,0.35,3043
15077,calibration,0.47058823529411764,10912
15083,calibration,0.48148148148148145,13913
15089,calibration,0.625,12124
15128,calibration,0.27586206896551724,12570
15130,calibration,0.2823529411764706,2570
15134,calibration,0.3448275862068966,5063
15163,calibration,0.5652173913043478,2706
15170,calibration,0.4,15702
15175,calibration,0.4782608695652174,2365
15192,calibration,0.3253012048192771,2570
15193,calibration,0.47058823529411764,1084
15201,calibration,0.5454545454545454,3947
15203,calibration,0.53125,4041
15206,calibration,0.5666666666666667,9676
15212,calibration,0.35135135135135137,13789
15213,calibration,0.375,6283
15227,calibration,0.625,1189
15228,calibration,0.5833333333333334,1189
15244,calibration,0.6111111111111112,134
15273,calibration,0.5434782608695652,12474
15293,calibration,0.4838709677419355,5524
15294,calibration,0.3939393939393939,5524
15295,calibration,0.3939393939393939,5524
15296,calibration,0.48484848484848486,5524
15301,calibration,0.5909090909090909,13769
15317,calibration,0.4444444444444444,9505
15318,calibration,0.359375,2616
15326,calibration,0.20689655172413793,5116
15333,calibration,0.6666666666666666,9656
15335,calibration,0.4838709677419355,4098
15347,calibration,0.7058823529411765,15348
15349,calibration,0.5365853658536586,15348
15355,calibration,0.42105263157894735,471
15366,calibration,0.7021276595744681,15365
15370,calibration,0.5121951219512195,5947
15371,calibration,0.5121951219512195,7975
15372,calibration,0.40476190476190477,12544
15387,calibration,0.38461538461538464,12208
15414,calibration,0.41935483870967744,2140
15423,calibration,0.4444444444444444,1980
15439,calibration,0.24193548387096775,3243
15440,calibration,0.21212121212121213,3243
15441,calibration,0.20588235294117646,3243
15444,calibration,0.4935064935064935,3247
15458,calibration,0.5277777777777778,3792
15494,calibration,0.53125,15456
15496,calibration,0.32,5987
15537,calibration,0.4594594594594595,4236
15567,calibration,0.5625,14584
15571,calibration,0.56,15570
15577,calibration,0.58,15576
15593,calibration,0.7073170731707317,15584
15601,calibration,0.6744186046511628,15584
15606,calibration,0.6222222222222222,10293
15615,calibration,0.5833333333333334,15576
15639,calibration,0.5454545454545454,15642
15685,calibration,0.34285714285714286,13466
15686,calibration,0.39436619718309857,3934
15687,calibration,0.37333333333333335,3934
15709,calibration,0.85,10293
15714,calibration,0.5068493150684932,8099
15736,calibration,0.6190476190476191,2864
15745,calibration,0.36585365853658536,11638
15755,calibration,0.6756756756756757,3383
15780,calibration,0.4153846153846154,4764
15839,calibration,0.9473684210526315,9496
15869,calibration,0.5098039215686274,4734
15884,calibration,0.48148148148148145,14453
15885,calibration,0.4642857142857143,14453
15886,calibration,0.7931034482758621,15888
15890,calibration,0.6923076923076923,527
15891,calibration,0.6545454545454545,527
15892,calibration,0.3958333333333333,2860
15894,calibration,0.38,10722
15911,calibration,0.43902439024390244,2313
15914,calibration,0.4482758620689655,14455
15915,calibration,0.7666666666666667,15903
15922,calibration,0.3,8020
15930,calibration,0.5,1741
15931,calibration,0.5,15933
15938,calibration,0.5121951219512195,6053
15979,calibration,0.3283582089552239,7448
16089,calibration,0.45454545454545453,4436
16114,calibration,0.3617021276595745,16135
16143,calibration,0.47619047619047616,5303
16145,calibration,0.3835616438356164,5996
16179,calibration,0.375,5289
16188,calibration,0.78,13154
16218,calibration,0.5,7743
16227,calibration,0.6046511627906976,12369
16245,calibration,0.5319148936170213,16256
16246,calibration,0.5102040816326531,16256
16249,calibration,0.5813953488372093,16256
16250,calibration,0.4782608695652174,16258
16252,calibration,0.6896551724137931,13620
16253,calibration,0.46808510638297873,16258
16282,calibration,0.390625,2087
16286,calibration,0.46875,3
16299,calibration,0.6595744680851063,2190
16319,calibration,0.4375,5236
16320,calibration,0.7560975609756098,12499
16327,calibration,0.5319148936170213,12499
16339,calibration,0.6530612244897959,16348
16340,calibration,0.64,16348
16343,calibration,0.8571428571428571,16344
16345,calibration,0.9111111111111111,16346
16347,calibration,0.5660377358490566,16346
16352,calibration,0.3620689655172414,10586
16385,calibration,0.4,5996
16393,calibration,0.35454545454545455,14623
16395,calibration,0.37254901960784315,9502
16402,calibration,0.44,12137
16404,calibration,0.4857142857142857,13526
16412,calibration,0.4857142857142857,15449
16418,calibration,0.4482758620689655,15045
16419,calibration,0.6046511627906976,6965
16428,calibration,0.7857142857142857,5727
16431,calibration,0.4634146341463415,9653
16437,calibration,0.5681818181818182,273
16449,calibration,0.4423076923076923,11335
16474,calibration,0.8333333333333334,9561
16475,calibration,0.3684210526315789,13789
16488,calibration,0.5526315789473685,3027
16496,calibration,0.47619047619047616,12979
12,test,0.49019607843137253,13231
16,test,0.40384615384615385,62
22,test,0.30927835051546393,12558
24,test,0.41346153846153844,12558
25,test,0.2948717948717949,16219
29,test,0.390625,1170
33,test,0.48936170212765956,7947
41,test,0.3898305084745763,3524
45,test,0.40384615384615385,2211
52,test,0.3055555555555556,1037
53,test,0.36,4918
60,test,0.25925925925925924,4142
63,test,0.3548387096774194,3560
66,test,0.30303030303030304,1141
70,test,0.5625,938
80,test,0.3225806451612903,7105
81,test,0.36,6189
84,test,0.3442622950819672,3661
88,test,0.391304347826087,4889
90,test,0.6444444444444445,568
91,test,0.34545454545454546,10095
97,test,0.36363636363636365,9010
103,test,0.4897959183673469,567
104,test,0.5217391304347826,1160
109,test,0.46511627906976744,492
118,test,0.38028169014084506,2524
121,test,0.46511627906976744,15582
122,test,0.5769230769230769,527
125,test,0.48717948717948717,3244
128,test,0.6285714285714286,79
129,test,0.7727272727272727,12053
130,test,0.34285714285714286,2834
135,test,0.41025641025641024,16415
138,test,0.4166666666666667,1017
145,test,0.46,7925
151,test,0.609375,2476
166,test,0.6031746031746031,15688
171,test,0.44,650
195,test,0.3902439024390244,11713
197,test,0.48214285714285715,2667
200,test,0.35353535353535354,4159
213,test,0.35294117647058826,7960
222,test,0.5961538461538461,15827
225,test,0.4,5763
228,test,0.6739130434782609,6727
236,test,0.46875,938
244,test,0.4,14288
265,test,0.4909090909090909,7339
269,test,0.46511627906976744,5003
270,test,0.4444444444444444,15581
281,test,0.37037037037037035,4908
284,test,0.6666666666666666,1565
289,test,0.21839080459770116,4191
293,test,0.4782608695652174,5617
303,test,0.38636363636363635,9162
328,test,0.65625,300
335,test,0.2777777777777778,4291
339,test,0.425,15250
350,test,0.2909090909090909,8998
353,test,0.3142857142857143,3560
372,test,0.27586206896551724,4643
374,test,0.45,336
377,test,0.4339622641509434,7105
389,test,0.6,394
391,test,0.5348837209302325,5407
393,test,0.328125,14001
397,test,0.37681159420289856,6780
402,test,0.36585365853658536,514
403,test,0.47058823529411764,165
404,test,0.3018867924528302,495
416,test,0.7384615384615385,15688
417,test,0.35714285714285715,1077
422,test,0.3835616438356164,141
423,test,0.4074074074074074,683
427,test,0.5098039215686274,8215
433,test,0.38571428571428573,2524
462,test,0.2619047619047619,15611
472,test,0.44,4842
474,test,0.6595744680851063,6109
478,test,0.5333333333333333,1057
482,test,0.47368421052631576,480
488,test,0.4,1548
489,test,0.46511627906976744,2211
494,test,0.4,496
502,test,0.5,11244
503,test,0.46511627906976744,496
506,test,0.3103448275862069,3065
507,test,0.20588235294117646,5825
524,test,0.6428571428571429,15140
534,test,0.35714285714285715,7338
541,test,0.421875,346
548,test,0.3125,3730
553,test,0.46808510638297873,5617
574,test,0.45054945054945056,2801
587,test,0.5714285714285714,1017
597,test,0.4945054945054945,4159
604,test,0.5227272727272727,4159
613,test,0.4067796610169492,98
614,test,0.4827586206896552,4393
617,test,0.425,8695
634,test,0.3448275862068966,3214
637,test,0.32,3815
645,test,0.3695652173913043,8447
648,test,0.4444444444444444,849
651,test,0.47191011235955055,32
658,test,0.7021276595744681,6715
677,test,0.5833333333333334,2592
684,test,0.4583333333333333,745
697,test,0.7068965517241379,15688
698,test,0.32558139534883723,514
700,test,0.44642857142857145,4612
722,test,0.22727272727272727,764
728,test,0.7111111111111111,8066
729,test,0.23809523809523808,3730
730,test,0.4722222222222222,2699
731,test,0.5,937
746,test,0.7297297297297297,16492
752,test,0.43243243243243246,8238
753,test,0.5303030303030303,2801
756,test,0.6486486486486487,1459
757,test,0.4411764705882353,1665
771,test,0.45652173913043476,10418
773,test,0.38461538461538464,15082
774,test,0.4418604651162791,2316
782,test,0.4838709677419355,1289
800,test,0.6176470588235294,2806
802,test,0.42424242424242425,1032
811,test,0.6388888888888888,6053
813,test,0.48717948717948717,7587
816,test,0.5862068965517241,1771
822,test,0.3684210526315789,1393
823,test,0.4666666666666667,9648
832,test,0.35714285714285715,1852
833,test,0.5681818181818182,13231
842,test,0.54,568
843,test,0.38095238095238093,962
845,test,0.6216216216216216,4689
848,test,0.6153846153846154,3776
858,test,0.3333333333333333,1369
864,test,0.3333333333333333,1319
871,test,0.4528301886792453,3393
879,test,0.36666666666666664,6116
886,test,0.3333333333333333,208
907,test,0.3888888888888889,5005
912,test,0.38461538461538464,2987
917,test,0.696969696969697,4845
918,test,0.30952380952380953,1449
925,test,0.4772727272727273,9666
931,test,0.525,3983
932,test,0.42857142857142855,1358
939,test,0.3888888888888889,470
946,test,0.4782608695652174,2539
948,test,0.4827586206896552,2699
955,test,0.6333333333333333,1198
965,test,0.4358974358974359,9011
967,test,0.38461538461538464,1704
981,test,0.5238095238095238,980
986,test,0.3888888888888889,4116
988,test,0.35294117647058826,884
989,test,0.47368421052631576,2244
993,test,0.3548387096774194,2945
998,test,0.4375,1838
1009,test,0.45,10790
1011,test,0.4782608695652174,3462
1019,test,0.45714285714285713,2240
1021,test,0.4166666666666667,13404
1023,test,0.4090909090909091,1773
1026,test,0.41379310344827586,1032
1030,test,0.3448275862068966,2071
1048,test,0.6666666666666666,9432
1052,test,0.3333333333333333,849
1053,test,0.32142857142857145,2144
1056,test,0.5,2282
1064,test,0.375,1063
1074,test,0.37037037037037035,4009
1079,test,0.42105263157894735,1057
1082,test,0.4444444444444444,10706
1094,test,0.36666666666666664,10706
1102,test,0.375,863
1103,test,0.41509433962264153,11244
1106,test,0.7142857142857143,3556
1109,test,0.45588235294117646,15287
1112,test,0.39285714285714285,2539
1126,test,0.5526315789473685,7505
1132,test,0.3939393939393939,5706
1135,test,0.3684210526315789,1725
1150,test,0.3888888888888889,703
1151,test,0.2777777777777778,2787
1154,test,0.3392857142857143,12558
1161,test,0.36585365853658536,16333
1166,test,0.6451612903225806,300
1172,test,0.53125,922
1173,test,0.6271186440677966,317
1180,test,0.3611111111111111,2699
1182,test,0.25,16498
1203,test,0.5833333333333334,1401
1209,test,0.36585365853658536,4456
1212,test,0.36363636363636365,11860
1225,test,0.4666666666666667,888
1227,test,0.4,770
1228,test,0.7307692307692307,1104
1238,test,0.3953488372093023,3699
1248,test,0.2972972972972973,683
1250,test,0.3,3090
1251,test,0.3333333333333333,1249
1260,test,0.42857142857142855,962
1266,test,0.3,7710
1271,test,0.48936170212765956,790
1275,test,0.5166666666666667,4016
1282,test,0.3103448275862069,920
1283,test,0.36538461538461536,8678
1284,test,0.4878048780487805,8414
1287,test,0.4583333333333333,1710
1290,test,0.6590909090909091,7335
1302,test,0.4,1351
1303,test,0.6551724137931034,6465
1304,test,0.3333333333333333,1316
1306,test,0.4146341463414634,9055
1324,test,0.42857142857142855,8201
1327,test,0.41509433962264153,4993
1330,test,0.4878048780487805,9602
1336,test,0.375,1027
1338,test,0.5,362
1343,test,0.36,1095
1353,test,0.41935483870967744,970
1360,test,0.775,2929
1362,test,0.3076923076923077,6709
1364,test,0.48,1070
1365,test,0.6071428571428571,1136
1368,test,0.5384615384615384,9669
1370,test,0.38461538461538464,642
1377,test,0.4,642
1378,test,0.4444444444444444,1358
1379,test,0.6285714285714286,310
1389,test,0.3125,1366
1395,test,0.3793103448275862,683
1398,test,0.5714285714285714,1844
1404,test,0.3333333333333333,892
1407,test,0.8732394366197183,7274
1408,test,0.4387755102040816,12558
1412,test,0.5098039215686274,2824
1418,test,0.725,9778
1420,test,0.7,1406
1425,test,0.6779661016949152,627
1436,test,0.5084745762711864,28
1437,test,0.7,28
1440,test,0.5116279069767442,4159
1442,test,0.5666666666666667,16174
1443,test,0.30303030303030304,910
1448,test,0.8260869565217391,28
1452,test,0.42857142857142855,1170
1463,test,0.8085106382978723,13805
1467,test,0.43478260869565216,5992
1474,test,0.4864864864864865,7363
1491,test,0.4074074074074074,2473
1494,test,0.21428571428571427,1371
1502,test,0.35,764
1517,test,0.4489795918367347,14526
1518,test,0.673469387755102,28
1526,test,0.4117647058823529,1459
1527,test,0.5238095238095238,1459
1533,test,0.29411764705882354,1573
1536,test,0.3448275862068966,1852
1537,test,0.5897435897435898,1555
1543,test,0.4714285714285714,725
1544,test,0.45588235294117646,15287
1546,test,0.4878048780487805,9602
1550,test,0.4270833333333333,5617
1561,test,0.39473684210526316,1662
1571,test,0.43243243243243246,1583
1579,test,0.48484848484848486,4709
1594,test,0.4375,1755
1595,test,0.4166666666666667,7841
1601,test,0.42857142857142855,1980
1612,test,0.41509433962264153,568
1627,test,0.4827586206896552,1401
1629,test,0.4444444444444444,8920
1631,test,0.29411764705882354,5760
1643,test,0.7222222222222222,1644
1646,test,0.4117647058823529,1895
1649,test,0.4074074074074074,568
1654,test,0.47619047619047616,1551
1668,test,0.6,3330
1669,test,0.5,210
1676,test,0.4782608695652174,3805
1677,test,0.5,1685
1692,test,0.4166666666666667,1226
1695,test,0.32142857142857145,14526
1700,test,0.38095238095238093,13171
1706,test,0.41379310344827586,568
1736,test,0.475,2692
1746,test,0.7407407407407407,1687
1747,test,0.6538461538461539,1690
1748,test,0.4230769230769231,1693
1751,test,0.4827586206896552,966
1752,test,0.375,10439
1762,test,0.5588235294117647,1786
1763,test,0.5789473684210527,1787
1766,test,0.5185185185185185,3127
1778,test,0.36363636363636365,624
1793,test,0.37142857142857144,15384
1795,test,0.4666666666666667,5174
1802,test,0.42857142857142855,3680
1805,test,0.39473684210526316,1644
1809,test,0.3333333333333333,889
1814,test,0.35294117647058826,1960
1816,test,0.4230769230769231,3487
1821,test,0.4375,6246
1826,test,0.39473684210526316,15699
1829,test,0.3783783783783784,4698
1836,test,0.42592592592592593,12177
1842,test,0.5476190476190477,10593
1847,test,0.49019607843137253,1929
1849,test,0.7647058823529411,1848
1851,test,0.7647058823529411,1850
1881,test,0.3,2293
1882,test,0.4523809523809524,15384
1884,test,0.38461538461538464,12781
1896,test,0.78,1850
1903,test,0.8235294117647058,4748
1908,test,0.4117647058823529,703
1910,test,0.38461538461538464,4009
1912,test,0.3888888888888889,2064
1916,test,0.4878048780487805,6053
1918,test,0.38636363636363635,3961
1919,test,0.4883720930232558,4782
1931,test,0.5,9306
1936,test,0.43137254901960786,3733
1943,test,0.7894736842105263,15416
1954,test,0.6470588235294118,1675
1956,test,0.4864864864864865,480
1957,test,0.3488372093023256,3053
1958,test,0.6486486486486487,2665
1967,test,0.575,10593
1979,test,0.3333333333333333,1880
1981,test,0.2727272727272727,1347
1982,test,0.43478260869565216,3253
1983,test,0.45454545454545453,3952
2001,test,0.4888888888888889,11003
2008,test,0.475,3029
2018,test,0.7894736842105263,7586
2046,test,0.4883720930232558,16489
2049,test,0.3958333333333333,5944
2068,test,0.2857142857142857,3164
2081,test,0.5625,14058
2082,test,0.5,16100
2084,test,0.3958333333333333,11425
2086,test,0.4318181818181818,16427
2096,test,0.6071428571428571,14077
2099,test,0.3888888888888889,3611
2103,test,0.38461538461538464,2282
2104,test,0.4358974358974359,1644
2105,test,0.3333333333333333,1690
2106,test,0.4722222222222222,1644
2108,test,0.48,4950
2114,test,0.5666666666666667,1656
2117,test,0.46511627906976744,480
2118,test,0.4827586206896552,16403
2125,test,0.7454545454545455,2128
2135,test,0.6212121212121212,2128
2137,test,0.4594594594594595,11814
2138,test,0.34375,683
2146,test,0.2962962962962963,1538
2149,test,0.38461538461538464,2264
2154,test,0.4473684210526316,3103
2155,test,0.3333333333333333,962
2160,test,0.43636363636363634,5678
2161,test,0.8421052631578947,2165
2162,test,0.38235294117647056,4281
2164,test,0.7727272727272727,2918
2167,test,0.3902439024390244,792
2178,test,0.3877551020408163,12681
2183,test,0.4032258064516129,5398
2187,test,0.7037037037037037,9479
2193,test,0.40816326530612246,1922
2205,test,0.23404255319148937,11583
2212,test,0.45161290322580644,5558
2224,test,0.46153846153846156,2236
2229,test,0.391304347826087,6302
2231,test,0.4375,12555
2232,test,0.4642857142857143,4835
2245,test,0.4444444444444444,887
2247,test,0.46153846153846156,15234
2248,test,0.47058823529411764,1358
2249,test,0.4,1358
2259,test,0.6666666666666666,1387
2262,test,0.4,1489
2269,test,0.7,15072
2294,test,0.5,1710
2295,test,0.43478260869565216,15179
2311,test,0.2,15428
2314,test,0.7142857142857143,9128
2333,test,0.7058823529411765,2332
2344,test,0.4857142857142857,10729
2346,test,0.7659574468085106,1387
2350,test,0.6666666666666666,6053
2373,test,0.45454545454545453,1323
2377,test,0.38,7287
2379,test,0.3492063492063492,4525
2380,test,0.38333333333333336,8340
2381,test,0.5384615384615384,15072
2382,test,0.45161290322580644,4664
2399,test,0.34285714285714286,9557
2404,test,0.6129032258064516,2316
2409,test,0.38333333333333336,5090
2410,test,0.48214285714285715,7562
2414,test,0.4722222222222222,1117
2416,test,0.5111111111111111,793
2420,test,0.6888888888888889,1280
2422,test,0.2857142857142857,12471
2430,test,0.875,16045
2443,test,0.43243243243243246,7605
2447,test,0.5434782608695652,13231
2448,test,0.42857142857142855,8044
2463,test,0.4444444444444444,383
2465,test,0.6333333333333333,2694
2467,test,0.7631578947368421,79
2475,test,0.5283018867924528,15072
2477,test,0.43103448275862066,4441
2487,test,0.3333333333333333,1645
2488,test,0.4523809523809524,15357
2495,test,0.4634146341463415,3470
2497,test,0.25,5034
2511,test,0.7058823529411765,5352
2522,test,0.45652173913043476,10170
2531,test,0.37037037037037035,8036
2532,test,0.48484848484848486,15699
2534,test,0.21518987341772153,15331
2543,test,0.4074074074074074,1252
2558,test,0.7297297297297297,16492
2567,test,0.7321428571428571,3067
2574,test,0.46808510638297873,10593
2578,test,0.4666666666666667,6585
2587,test,0.68,2586
2588,test,0.40425531914893614,10850
2596,test,0.3170731707317073,5646
2597,test,0.35,1731
2607,test,0.4807692307692308,6245
2612,test,0.36363636363636365,1124
2614,test,0.44,962
2617,test,0.5555555555555556,3244
2618,test,0.43243243243243246,3684
2620,test,0.25842696629213485,4261
2621,test,0.5161290322580645,7299
2622,test,0.5526315789473685,10868
2624,test,0.20588235294117646,10052
2632,test,0.36585365853658536,477
2633,test,0.6111111111111112,2634
2637,test,0.45454545454545453,1214
2640,test,0.5384615384615384,2498
2641,test,0.6153846153846154,7299
2659,test,0.4576271186440678,7105
2661,test,0.4883720930232558,6056
2668,test,0.35185185185185186,12558
2674,test,0.40425531914893614,10596
2675,test,0.4375,2646
2682,test,0.4482758620689655,2071
2689,test,0.4772727272727273,2472
2716,test,0.42424242424242425,6269
2720,test,0.7777777777777778,2729
2728,test,0.8043478260869565,2722
2732,test,0.4782608695652174,868
2741,test,0.85,2823
2743,test,0.7906976744186046,2824
2746,test,0.7954545454545454,2745
2753,test,0.6666666666666666,4161
2755,test,0.4857142857142857,5771
2757,test,0.625,15410
2759,test,0.3548387096774194,2758
2762,test,0.42424242424242425,1703
2769,test,0.5483870967741935,1723
2770,test,0.6296296296296297,2586
2784,test,0.4838709677419355,6815
2786,test,0.39473684210526316,1583
2793,test,0.4716981132075472,6216
2797,test,0.4090909090909091,1316
2799,test,0.5384615384615384,3097
2800,test,0.3888888888888889,642
2804,test,0.55,2806
2805,test,0.4878048780487805,14290
2807,test,0.6285714285714286,2806
2825,test,0.75,9926
2826,test,0.7619047619047619,15173
2833,test,0.32,9505
2841,test,0.4528301886792453,6216
2857,test,0.4909090909090909,6134
2871,test,0.5,480
2873,test,0.7435897435897436,2822
2894,test,0.62,3541
2906,test,0.4444444444444444,15211
2908,test,0.37037037037037035,1811
2909,test,0.47368421052631576,1200
2916,test,0.7948717948717948,3983
2917,test,0.8604651162790697,2918
2920,test,0.7777777777777778,2919
2921,test,0.7777777777777778,2919
2922,test,0.7446808510638298,2919
2923,test,0.5645161290322581,2919
2924,test,0.5365853658536586,2925
2928,test,0.6756756756756757,5690
2963,test,0.5416666666666666,13231
2969,test,0.30612244897959184,15701
2980,test,0.7045454545454546,15565
2998,test,0.4,3191
3007,test,0.5217391304347826,6983
3010,test,0.48,15173
3012,test,0.6551724137931034,6465
3021,test,0.43243243243243246,480
3032,test,0.42105263157894735,7610
3041,test,0.7804878048780488,13497
3047,test,0.41025641025641024,3103
3064,test,0.6808510638297872,13155
3066,test,0.4,520
3082,test,0.34782608695652173,3113
3092,test,0.45,12993
3094,test,0.5957446808510638,15072
3102,test,0.2857142857142857,2150
3104,test,0.43243243243243246,7984
3107,test,0.4838709677419355,3084
3109,test,0.6785714285714286,3086
3110,test,0.6333333333333333,3087
3114,test,0.5454545454545454,4685
3129,test,0.7441860465116279,13231
3130,test,0.4666666666666667,1168
3137,test,0.6764705882352942,5284
3138,test,0.4090909090909091,5364
3151,test,0.7692307692307693,3054
3163,test,0.37037037037037035,1077
3174,test,0.45454545454545453,3952
3175,test,0.4,3630
3176,test,0.5714285714285714,16417
3179,test,0.42857142857142855,5005
3180,test,0.4166666666666667,10869
3181,test,0.42857142857142855,479
3183,test,0.3684210526315789,2692
3213,test,0.574468085106383,10807
3217,test,0.4,11079
3226,test,0.3448275862068966,899
3227,test,0.5925925925925926,9306
3249,test,0.5272727272727272,301
3250,test,0.5,6904
3255,test,0.43333333333333335,1592
3257,test,0.45454545454545453,1460
3260,test,0.34782608695652173,3285
3261,test,0.4642857142857143,1548
3265,test,0.3333333333333333,5594
3273,test,0.41935483870967744,3333
3290,test,0.4174757281553398,12558
3294,test,0.4626865671641791,15287
3307,test,0.5490196078431373,3562
3309,test,0.5945945945945946,7450
3314,test,0.6521739130434783,5381
3315,test,0.5370370370370371,11351
3316,test,0.5384615384615384,11351
3317,test,0.5555555555555556,11351
3318,test,0.46296296296296297,5383
3325,test,0.7380952380952381,3357
3326,test,0.7209302325581395,3357
3329,test,0.6875,6909
3332,test,0.6111111111111112,79
3334,test,0.34375,9656
3335,test,0.5806451612903226,1719
3336,test,0.5,1719
3342,test,0.46153846153846156,15202
3343,test,0.46153846153846156,15202
3345,test,0.5555555555555556,527
3346,test,0.7209302325581395,3357
3358,test,0.7560975609756098,3357
3361,test,0.2727272727272727,1449
3364,test,0.4090909090909091,10118
3365,test,0.4090909090909091,10118
3379,test,0.425531914893617,14290
3397,test,0.4909090909090909,8671
3399,test,0.3333333333333333,12515
3410,test,0.4888888888888889,79
3412,test,0.2807017543859649,3979
3413,test,0.41379310344827586,1549
3414,test,0.2608695652173913,15480
3417,test,0.3902439024390244,3268
3419,test,0.4032258064516129,13231
3434,test,0.48,2236
3435,test,0.3181818181818182,889
3441,test,0.4222222222222222,14292
3445,test,0.3684210526315789,9714
3448,test,0.5,14249
3456,test,0.5675675675675675,3979
3459,test,0.44,16403
3468,test,0.45454545454545453,15145
3469,test,0.5517241379310345,1771
3476,test,0.35714285714285715,1768
3490,test,0.48717948717948717,5291
3492,test,0.3333333333333333,6108
3498,test,0.38235294117647056,5066
3499,test,0.45652173913043476,2085
3502,test,0.5,2332
3504,test,0.40625,5530
3512,test,0.3559322033898305,12669
3515,test,0.5681818181818182,3852
3516,test,0.40476190476190477,13982
3517,test,0.5,2332
3522,test,0.45454545454545453,8414
3523,test,0.38461538461538464,4403
3530,test,0.37037037037037035,1874
3532,test,0.43333333333333335,10193
3535,test,0.6388888888888888,1285
3540,test,0.5,79
3542,test,0.5238095238095238,14288
3551,test,0.48333333333333334,317
3554,test,0.5,11003
3557,test,0.6666666666666666,3244
3561,test,0.5106382978723404,62
3574,test,0.68,5389
3576,test,0.7222222222222222,8215
3586,test,0.47619047619047616,5522
3592,test,0.4098360655737705,13231
3607,test,0.4838709677419355,9043
3619,test,0.723404255319149,3069
3620,test,0.8444444444444444,3069
3627,test,0.3157894736842105,7761
3645,test,0.48484848484848486,459
3662,test,0.696969696969697,3559
3663,test,0.3333333333333333,1487
3664,test,0.30303030303030304,1487
3665,test,0.4642857142857143,3467
3671,test,0.825,9547
3672,test,0.5675675675675675,7505
3674,test,0.5135135135135135,8015
3676,test,0.5333333333333333,1771
3678,test,0.3469387755102041,13903
3689,test,0.3333333333333333,4739
3701,test,0.3902439024390244,3144
3710,test,0.5405405405405406,14272
3723,test,0.2727272727272727,911
3731,test,0.5263157894736842,3726
3736,test,0.7692307692307693,947
3738,test,0.5,5593
3740,test,0.4642857142857143,15707
3745,test,0.3829787234042553,7639
3746,test,0.3870967741935484,1192
3747,test,0.3333333333333333,3420
3759,test,0.5263157894736842,11035
3767,test,0.23636363636363636,3579
3775,test,0.35714285714285715,899
3789,test,0.42857142857142855,2360
3799,test,0.5666666666666667,9676
3800,test,0.425,9676
3803,test,0.38095238095238093,11913
3813,test,0.3125,3229
3814,test,0.4473684210526316,10600
3827,test,0.40476190476190477,15374
3836,test,0.5454545454545454,3840
3841,test,0.4074074074074074,7314
3842,test,0.46938775510204084,3357
3843,test,0.5531914893617021,3854
3844,test,0.7209302325581395,3357
3845,test,0.7209302325581395,3357
3850,test,0.5952380952380952,3849
3851,test,0.5952380952380952,3849
3858,test,0.40425531914893614,1519
3861,test,0.47058823529411764,3877
3862,test,0.5217391304347826,3357
3863,test,0.5,3357
3864,test,0.48,3357
3865,test,0.48,3357
3866,test,0.5,3357
3867,test,0.45652173913043476,3849
3868,test,0.4791666666666667,3357
3869,test,0.6956521739130435,3846
3870,test,0.7307692307692307,3847
3872,test,0.543859649122807,3848
3873,test,0.4339622641509434,3357
3874,test,0.40350877192982454,3357
3875,test,0.45,15848
3878,test,0.38095238095238093,9007
3885,test,0.4423076923076923,3357
3886,test,0.48936170212765956,3357
3889,test,0.43478260869565216,9368
3895,test,0.6578947368421053,3849
3898,test,0.3333333333333333,2719
3899,test,0.3684210526315789,2767
3903,test,0.3,13999
3924,test,0.5,2033
3928,test,0.4666666666666667,7049
3929,test,0.48484848484848486,7024
3930,test,0.4411764705882353,7026
3938,test,0.35714285714285715,16333
3939,test,0.3783783783783784,15541
3942,test,0.6756756756756757,13223
3943,test,0.7352941176470589,13223
3955,test,0.32558139534883723,7982
3956,test,0.4583333333333333,3952
3965,test,0.2708333333333333,4698
3966,test,0.3904761904761905,12558
3971,test,0.3333333333333333,4456
3973,test,0.6206896551724138,7373
3980,test,0.45454545454545453,15087
3987,test,0.48936170212765956,14146
3996,test,0.3333333333333333,889
4003,test,0.7674418604651163,3950
4011,test,0.35714285714285715,1798
4023,test,0.6730769230769231,4019
4035,test,0.38235294117647056,1788
4049,test,0.5416666666666666,9819
4055,test,0.43478260869565216,962
4060,test,0.4,3724
4067,test,0.696969696969697,1113
4077,test,0.48717948717948717,8586
4094,test,0.6060606060606061,4685
4095,test,0.6176470588235294,4721
4096,test,0.9230769230769231,4685
4101,test,0.4888888888888889,6516
4105,test,0.4666666666666667,6246
4115,test,0.4583333333333333,1093
4117,test,0.5757575757575758,4685
4118,test,0.6363636363636364,4685
4121,test,0.26666666666666666,2464
4124,test,0.4827586206896552,2859
4126,test,0.5,3797
4146,test,0.7142857142857143,4145
4156,test,0.35,4456
4171,test,0.3870967741935484,2656
4175,test,0.2857142857142857,5362
4196,test,0.7631578947368421,310
4204,test,0.375,383
4208,test,0.2962962962962963,4403
4217,test,0.3333333333333333,1681
4230,test,0.8125,15580
4237,test,0.9318181818181818,4234
4238,test,0.41025641025641024,4786
4240,test,0.3541666666666667,5447
4251,test,0.5102040816326531,14049
4252,test,0.5102040816326531,14049
4255,test,0.3918918918918919,2883
4257,test,0.27941176470588236,13233
4258,test,0.6176470588235294,4721
4270,test,0.48,8775
4277,test,0.45454545454545453,8238
4288,test,0.4782608695652174,4282
4294,test,0.425,15449
4295,test,0.425,15449
4300,test,0.6216216216216216,434
4332,test,0.4482758620689655,6034
4343,test,0.35526315789473684,14231
4348,test,0.4230769230769231,6996
4353,test,0.2894736842105263,8299
4355,test,0.38596491228070173,568
4363,test,0.2616822429906542,7274
4375,test,0.328125,1673
4388,test,0.26666666666666666,1097
4405,test,0.6956521739130435,13155
4414,test,0.47368421052631576,2180
4421,test,0.4,1980
4425,test,0.8,4703
4426,test,0.6363636363636364,4678
4428,test,0.5740740740740741,4704
4437,test,0.8125,4427
4442,test,0.5849056603773585,4704
4455,test,0.3055555555555556,9080
4464,test,0.41379310344827586,2498
4465,test,0.48484848484848486,1363
4466,test,0.5384615384615384,4877
4477,test,0.5555555555555556,9669
4479,test,0.38461538461538464,896
4483,test,0.55,11209
4492,test,0.4482758620689655,4970
4494,test,0.38461538461538464,15701
4499,test,0.37142857142857144,15242
4508,test,0.4117647058823529,10858
4517,test,0.775,9354
4523,test,0.4878048780487805,13969
4526,test,0.7631578947368421,4795
4572,test,0.42424242424242425,1131
4573,test,0.3090909090909091,8447
4577,test,0.49056603773584906,5377
4578,test,0.48936170212765956,5381
4579,test,0.5,5377
4580,test,0.5102040816326531,5381
4583,test,0.5172413793103449,5438
4584,test,0.4375,5442
4585,test,0.4576271186440678,5439
4604,test,0.4782608695652174,2415
4607,test,0.4807692307692308,5383
4611,test,0.3541666666666667,4097
4617,test,0.7,4625
4618,test,0.7,4625
4620,test,0.7297297297297297,13926
4621,test,0.8235294117647058,13924
4623,test,0.7560975609756098,13999
4624,test,0.4666666666666667,4625
4638,test,0.4186046511627907,8080
4639,test,0.33962264150943394,11191
4644,test,0.578125,511
4645,test,0.36363636363636365,2787
4648,test,0.5636363636363636,4704
4649,test,0.803921568627451,4704
4650,test,0.5849056603773585,13805
4651,test,0.7708333333333334,4701
4652,test,0.6226415094339622,13805
4653,test,0.78,4427
4654,test,0.6785714285714286,4704
4655,test,0.6226415094339622,13805
4656,test,0.74,4701
4657,test,0.660377358490566,13805
4658,test,0.75,4427
4659,test,0.6111111111111112,13805
4660,test,0.7254901960784313,4701
4661,test,0.6481481481481481,13805
4662,test,0.72,4703
4663,test,0.7358490566037735,4427
4665,test,0.6440677966101694,4704
4666,test,0.7115384615384616,4701
4667,test,0.6363636363636364,13805
4668,test,0.6333333333333333,4704
4669,test,0.6666666666666666,13805
4670,test,0.6071428571428571,13805
4671,test,0.7636363636363637,4704
4676,test,0.6521739130434783,4703
4677,test,0.6666666666666666,4678
4683,test,0.7659574468085106,4703
4684,test,0.6285714285714286,4685
4697,test,0.4864864864864865,2233
4702,test,0.625,4703
4706,test,0.5555555555555556,4709
4710,test,0.45454545454545453,16434
4712,test,0.43478260869565216,4717
4714,test,0.4594594594594595,5767
4727,test,0.5573770491803278,13805
4733,test,0.5490196078431373,4747
4745,test,0.4318181818181818,8586
4746,test,0.6,13805
4760,test,0.3870967741935484,2236
4778,test,0.3333333333333333,4782
4779,test,0.5238095238095238,4782
4780,test,0.4166666666666667,15367
4785,test,0.5,2648
4788,test,0.35185185185185186,11140
4789,test,0.32786885245901637,5262
4790,test,0.31343283582089554,4898
4791,test,0.46875,15367
4796,test,0.5227272727272727,4797
4798,test,0.5,4794
4799,test,0.627906976744186,4795
4800,test,0.45454545454545453,4794
4805,test,0.425531914893617,5991
4807,test,0.5098039215686274,2165
4815,test,0.35294117647058826,11254
4816,test,0.42424242424242425,9306
4840,test,0.3870967741935484,2304
4848,test,0.2857142857142857,3830
4853,test,0.7037037037037037,527
4858,test,0.7142857142857143,2169
4875,test,0.7142857142857143,2169
4876,test,0.27586206896551724,4116
4883,test,0.4897959183673469,4296
4886,test,0.3333333333333333,683
4893,test,0.6923076923076923,9709
4896,test,0.5882352941176471,4709
4903,test,0.2894736842105263,1051
4905,test,0.5869565217391305,7339
4922,test,0.3333333333333333,1057
4933,test,0.2608695652173913,8625
4936,test,0.40625,15168
4940,test,0.4090909090909091,12063
4941,test,0.42857142857142855,2165
4945,test,0.4266666666666667,2710
4947,test,0.627906976744186,2929
4955,test,0.28,2273
4962,test,0.2777777777777778,1529
4964,test,0.5,6033
4969,test,0.24,67
4973,test,0.46808510638297873,6468
4974,test,0.6666666666666666,15255
4978,test,0.38235294117647056,2340
4988,test,0.2631578947368421,884
4996,test,0.5,79
4997,test,0.4909090909090909,10208
4998,test,0.5,10209
4999,test,0.4489795918367347,79
5004,test,0.4230769230769231,15428
5006,test,0.4925373134328358,2128
5016,test,0.5,5009
5024,test,0.6086956521739131,15415
5049,test,0.38235294117647056,3518
5051,test,0.48148148148148145,1334
5060,test,0.375,2336
5087,test,0.5348837209302325,8415
5088,test,0.5111111111111111,8415
5096,test,0.2553191489361702,3679
5101,test,0.6875,1553
5108,test,0.6363636363636364,2953
5111,test,0.7209302325581395,15608
5113,test,0.6590909090909091,15608
5114,test,0.6428571428571429,15584
5117,test,0.5319148936170213,13231
5118,test,0.3783783783783784,8282
5123,test,0.574468085106383,15579
5126,test,0.4411764705882353,3641
5128,test,0.45454545454545453,3484
5130,test,0.5681818181818182,13231
5134,test,0.3076923076923077,4412
5135,test,0.5925925925925926,15238
5137,test,0.5238095238095238,5547
5141,test,0.4375,459
5144,test,0.4772727272727273,15569
5158,test,0.4444444444444444,14290
5160,test,0.2962962962962963,10552
5184,test,0.4864864864864865,5183
5199,test,0.41304347826086957,8586
5214,test,0.41935483870967744,6191
5226,test,0.37777777777777777,6543
5227,test,0.6333333333333333,5602
5244,test,0.4864864864864865,3510
5246,test,0.509090909090909,15072
5251,test,0.7083333333333334,6033
5256,test,0.5434782608695652,13231
5261,test,0.40540540540540543,4173
5263,test,0.4838709677419355,3823
5265,test,0.35294117647058826,10742
5271,test,0.5384615384615384,3944
5272,test,0.6585365853658537,5274
5273,test,0.6136363636363636,5274
5277,test,0.6,5276
5278,test,0.65,6053
5287,test,0.5333333333333333,1555
5309,test,0.34146341463414637,6199
5323,test,0.4166666666666667,11418
5346,test,0.625,5347
5348,test,0.7222222222222222,5349
5350,test,0.45714285714285713,7299
5351,test,0.7368421052631579,5353
5355,test,0.5142857142857142,15086
5357,test,0.5581395348837209,12970
5375,test,0.5294117647058824,5377
5376,test,0.7441860465116279,5381
5378,test,0.75,5377
5379,test,0.5238095238095238,5949
5380,test,0.5094339622641509,5377
5382,test,0.6304347826086957,8649
5384,test,0.75,5383
5385,test,0.44,8647
5386,test,0.62,5383
5387,test,0.5853658536585366,8651
5388,test,0.6037735849056604,5383
5391,test,0.5853658536585366,5948
5392,test,0.6046511627906976,8646
5395,test,0.7272727272727273,5377
5396,test,0.6956521739130435,5381
5411,test,0.6226415094339622,134
5413,test,0.5652173913043478,2953
5414,test,0.5833333333333334,15573
5415,test,0.7894736842105263,5999
5416,test,0.5111111111111111,5999
5423,test,0.37142857142857144,3518
5430,test,0.4666666666666667,459
5432,test,0.3888888888888889,6374
5444,test,0.46511627906976744,9602
5445,test,0.45454545454545453,9602
5468,test,0.44642857142857145,568
5472,test,0.375,4276
5483,test,0.4838709677419355,1771
5485,test,0.5555555555555556,14434
5495,test,0.375,5644
5525,test,0.4375,5059
5529,test,0.5161290322580645,1723
5533,test,0.5185185185185185,2586
5539,test,0.40425531914893614,11804
5548,test,0.4098360655737705,12177
5554,test,0.6666666666666666,10758
5568,test,0.696969696969697,5352
5569,test,0.390625,8208
5572,test,0.4375,6246
5573,test,0.5,1545
5576,test,0.41379310344827586,6122
5578,test,0.3939393939393939,15418
5579,test,0.375,10897
5580,test,0.40384615384615385,16434
5584,test,0.3582089552238806,14171
5588,test,0.25,4844
5598,test,0.7241379310344828,5602
5599,test,0.6774193548387096,5602
5601,test,0.6428571428571429,5602
5604,test,0.5517241379310345,2586
5608,test,0.4423076923076923,9736
5634,test,0.5555555555555556,1285
5636,test,0.45098039215686275,1729
5645,test,0.5,14290
5667,test,0.3888888888888889,2611
5669,test,0.5,5377
5670,test,0.4375,4034
5672,test,0.48936170212765956,4576
5676,test,0.30952380952380953,4236
5681,test,0.7407407407407407,5679
5682,test,0.515625,5680
5683,test,0.6724137931034483,5684
5685,test,0.7407407407407407,5684
5686,test,0.6724137931034483,5684
5687,test,0.65,5684
5688,test,0.65,5684
5694,test,0.6842105263157895,5684
5695,test,0.5652173913043478,5680
5697,test,0.6153846153846154,5679
5698,test,0.5217391304347826,5680
5699,test,0.5588235294117647,5680
5701,test,0.6610169491525424,5680
5702,test,0.5714285714285714,5680
5703,test,0.3870967741935484,3831
5710,test,0.7142857142857143,5715
5713,test,0.7777777777777778,5712
5728,test,0.675,5372
5729,test,0.6888888888888889,5731
5735,test,0.5,5738
5750,test,0.5538461538461539,5680
5751,test,0.48148148148148145,15924
5758,test,0.40476190476190477,3628
5761,test,0.4722222222222222,7774
5768,test,0.37142857142857144,11168
5787,test,0.3684210526315789,7219
5804,test,0.6666666666666666,5679
5806,test,0.43103448275862066,5229
5807,test,0.3709677419354839,4525
5810,test,0.65,4782
5813,test,0.5217391304347826,2236
5817,test,0.5,5814
5819,test,0.4074074074074074,1955
5827,test,0.7674418604651163,6190
5830,test,0.34615384615384615,2064
5831,test,0.375,11583
5832,test,0.375,16434
5833,test,0.3492063492063492,5834
5835,test,0.36538461538461536,12681
5836,test,0.375,15940
5837,test,0.375,15944
5838,test,0.45454545454545453,5270
5840,test,0.5192307692307693,7105
5847,test,0.5454545454545454,16137
5868,test,0.46511627906976744,3277
5880,test,0.6190476190476191,15866
5888,test,0.5476190476190477,3383
5889,test,0.5208333333333334,9706
5907,test,0.4888888888888889,1244
5909,test,0.7083333333333334,5908
5912,test,0.64,5914
5925,test,0.5714285714285714,13033
5934,test,0.7142857142857143,5933
5935,test,0.5813953488372093,5933
5977,test,0.7777777777777778,6242
5997,test,0.4523809523809524,15658
5998,test,0.38235294117647056,7314
6004,test,0.4878048780487805,908
6010,test,0.5714285714285714,10568
6012,test,0.5151515151515151,6019
6013,test,0.8181818181818182,4822
6016,test,0.7391304347826086,3079
6017,test,0.76,5747
6018,test,0.7777777777777778,6015
6021,test,0.46153846153846156,7254
6026,test,0.5,5208
6027,test,0.7142857142857143,5208
6045,test,0.5294117647058824,4518
6049,test,0.5588235294117647,6047
6051,test,0.5161290322580645,5602
6058,test,0.7297297297297297,6645
6067,test,0.36363636363636365,5073
6068,test,0.48,987
6069,test,0.46808510638297873,6260
6070,test,0.4583333333333333,6260
6080,test,0.5789473684210527,12567
6085,test,0.4883720930232558,11000
6086,test,0.44680851063829785,11000
6087,test,0.44680851063829785,11000
6088,test,0.42,11000
6089,test,0.3684210526315789,11000
6090,test,0.3684210526315789,11000
6091,test,0.39622641509433965,11000
6092,test,0.4117647058823529,11000
6093,test,0.44,2499
6094,test,0.4375,11000
6095,test,0.42857142857142855,1634
6119,test,0.68,6118
6120,test,0.8333333333333334,6353
6144,test,0.373134328358209,5090
6145,test,0.34146341463414637,4698
6178,test,0.45,12993
6192,test,0.5,5057
6238,test,0.6551724137931034,6235
6263,test,0.29931972789115646,1373
6264,test,0.3235294117647059,15368
6265,test,0.36363636363636365,798
6266,test,0.6216216216216216,6269
6268,test,0.38181818181818183,6267
6287,test,0.48717948717948717,6197
6288,test,0.5111111111111111,14203
6290,test,0.5,13044
6291,test,0.46938775510204084,8080
6292,test,0.48,5009
6301,test,0.3333333333333333,10118
6306,test,0.43333333333333335,8081
6312,test,0.43478260869565216,13924
6313,test,0.4772727272727273,8045
6321,test,0.39285714285714285,11446
6327,test,0.4864864864864865,2242
6333,test,0.5714285714285714,6335
6334,test,0.6666666666666666,6337
6336,test,0.8043478260869565,6118
6338,test,0.8163265306122449,6353
6339,test,0.6170212765957447,6337
6340,test,0.813953488372093,6337
6342,test,0.8,6353
6343,test,0.5964912280701754,6118
6344,test,0.6538461538461539,6118
6345,test,0.8222222222222222,6346
6351,test,0.6956521739130435,6337
6352,test,0.8409090909090909,6337
6354,test,0.4117647058823529,2316
6356,test,0.8,6337
6357,test,0.39285714285714285,1548
6367,test,0.5526315789473685,8298
6370,test,0.4782608695652174,5447
6377,test,0.4838709677419355,4214
6379,test,0.4772727272727273,2085
6382,test,0.55,6434
6383,test,0.7142857142857143,6396
6385,test,0.5227272727272727,6431
6386,test,0.6486486486486487,6434
6387,test,0.6363636363636364,6440
6388,test,0.4897959183673469,6384
6389,test,0.5609756097560976,10920
6390,test,0.6122448979591837,6419
6391,test,0.7906976744186046,6443
6392,test,0.8181818181818182,6434
6393,test,0.6444444444444445,6384
6399,test,0.6041666666666666,6384
6400,test,0.627906976744186,6421
6401,test,0.6170212765957447,6443
6402,test,0.6444444444444445,6384
6403,test,0.6595744680851063,6422
6404,test,0.660377358490566,6419
6405,test,0.6226415094339622,6419
6406,test,0.6428571428571429,6424
6407,test,0.5833333333333334,6425
6408,test,0.6888888888888889,6420
6409,test,0.46296296296296297,6443
6410,test,0.6444444444444445,6426
6411,test,0.4444444444444444,6425
6412,test,0.42857142857142855,6443
6413,test,0.5957446808510638,6420
6414,test,0.4444444444444444,6384
6415,test,0.7209302325581395,6395
6416,test,0.574468085106383,10588
6417,test,0.58,6384
6418,test,0.6304347826086957,6384
6441,test,0.4807692307692308,6384
6442,test,0.6,6427
6474,test,0.4666666666666667,3788
6477,test,0.5111111111111111,5999
6478,test,0.42,5999
6479,test,0.4375,5999
6480,test,0.6153846153846154,10079
6488,test,0.34615384615384615,2064
6503,test,0.425,834
6506,test,0.45454545454545453,4924
6513,test,0.43478260869565216,8045
6514,test,0.425531914893617,8045
6515,test,0.425531914893617,8045
6524,test,0.36486486486486486,3091
6528,test,0.6382978723404256,8861
6533,test,0.2777777777777778,3593
6539,test,0.4117647058823529,1120
6554,test,0.373134328358209,14231
6576,test,0.44329896907216493,5617
6579,test,0.32142857142857145,5191
6619,test,0.36585365853658536,1768
6621,test,0.42857142857142855,301
6623,test,0.7222222222222222,3472
6632,test,0.5588235294117647,1119
6636,test,0.7222222222222222,6637
6644,test,0.7213114754098361,725
6671,test,0.6111111111111112,3263
6677,test,0.6326530612244898,6681
6678,test,0.4807692307692308,6681
6679,test,0.6530612244897959,6681
6680,test,0.717391304347826,6681
6682,test,0.41304347826086957,4801
6683,test,0.3620689655172414,6681
6692,test,0.47540983606557374,8611
6693,test,0.43137254901960786,15147
6695,test,0.5,8611
6696,test,0.48936170212765956,15147
6702,test,0.45454545454545453,5347
6716,test,0.3392857142857143,14220
6718,test,0.6842105263157895,2316
6719,test,0.4909090909090909,8611
6720,test,0.5116279069767442,15147
6722,test,0.6730769230769231,8611
6723,test,0.5818181818181818,8614
6736,test,0.7307692307692307,9619
6738,test,0.38461538461538464,6277
6741,test,0.4888888888888889,3485
6749,test,0.7380952380952381,12480
6783,test,0.6904761904761905,12480
6784,test,0.7045454545454546,12480
6794,test,0.3103448275862069,5116
6803,test,0.40476190476190477,1482
6848,test,0.5476190476190477,6056
6852,test,0.42857142857142855,12103
6873,test,0.5357142857142857,6876
6875,test,0.5172413793103449,6876
6886,test,0.5263157894736842,3059
6895,test,0.6744186046511628,6898
6897,test,0.4473684210526316,6896
6914,test,0.375,3493
6929,test,0.6829268292682927,6240
6930,test,0.5102040816326531,6241
6956,test,0.52,10758
6957,test,0.6976744186046512,10758
6958,test,0.725,10758
6968,test,0.358974358974359,5040
6974,test,0.46551724137931033,8208
6975,test,0.4098360655737705,8208
6976,test,0.38095238095238093,8208
6977,test,0.36764705882352944,8208
6981,test,0.5106382978723404,6983
6989,test,0.36363636363636365,2147
6993,test,0.44,16098
6998,test,0.65,6972
7005,test,0.3157894736842105,12984
7027,test,0.5,7057
7029,test,0.4827586206896552,7037
7031,test,0.7037037037037037,7037
7032,test,0.45161290322580644,7072
7033,test,0.3448275862068966,7057
7034,test,0.375,7035
7036,test,0.36363636363636365,7049
7038,test,0.4375,7037
7052,test,0.42105263157894735,8942
7054,test,0.391304347826087,7053
7055,test,0.36,7069
7059,test,0.546875,12001
7086,test,0.7142857142857143,6053
7092,test,0.7560975609756098,9427
7097,test,0.5121951219512195,5288
7106,test,0.8913043478260869,7105
7123,test,0.27586206896551724,14110
7125,test,0.5172413793103449,6876
7134,test,0.3076923076923077,3199
7135,test,0.3076923076923077,3199
7143,test,0.4444444444444444,15973
7145,test,0.45454545454545453,15062
7154,test,0.35294117647058826,2370
7155,test,0.4375,119
7161,test,0.45454545454545453,3917
7165,test,0.5111111111111111,13289
7199,test,0.5178571428571429,9490
7200,test,0.49056603773584906,9777
7204,test,0.18,5924
7205,test,0.3235294117647059,6805
7212,test,0.34375,7050
7226,test,0.4358974358974359,3628
7252,test,0.36,5943
7255,test,0.42424242424242425,5059
7273,test,0.3333333333333333,3487
7306,test,0.5555555555555556,1771
7309,test,0.46808510638297873,14526
7316,test,0.4666666666666667,10506
7317,test,0.48936170212765956,12674
7318,test,0.48936170212765956,12673
7325,test,0.42424242424242425,11537
7326,test,0.4,4569
7331,test,0.5609756097560976,5401
7333,test,0.42424242424242425,8776
7336,test,0.7272727272727273,7337
7346,test,0.3953488372093023,1837
7360,test,0.25862068965517243,6505
7367,test,0.5714285714285714,7366
7368,test,0.3611111111111111,3518
7401,test,0.3877551020408163,12452
7406,test,0.3333333333333333,13616
7409,test,0.2777777777777778,7146
7410,test,0.46875,13358
7412,test,0.48148148148148145,12791
7414,test,0.7857142857142857,7413
7438,test,0.7021276595744681,2169
7445,test,0.38,5958
7446,test,0.45454545454545453,6302
7452,test,0.509090909090909,7339
7458,test,0.4339622641509434,12243
7460,test,0.46808510638297873,7459
7461,test,0.4,15263
7462,test,0.5294117647058824,7457
7463,test,0.625,7459
7464,test,0.4888888888888889,7459
7487,test,0.39285714285714285,11909
7507,test,0.5581395348837209,7509
7530,test,0.28378378378378377,659
7533,test,0.972972972972973,7534
7536,test,0.7948717948717948,7505
7543,test,0.4,8412
7561,test,0.48,8560
7563,test,0.6,7562
7564,test,0.5370370370370371,6983
7567,test,0.7567567567567568,7578
7592,test,0.46,3705
7593,test,0.45098039215686275,3705
7594,test,0.45098039215686275,3705
7606,test,0.5106382978723404,7232
7621,test,0.5227272727272727,2069
7627,test,0.4878048780487805,11236
7663,test,0.4642857142857143,7339
7671,test,0.43859649122807015,7658
7679,test,0.3902439024390244,16483
7687,test,0.3793103448275862,1953
7689,test,0.5,5732
7691,test,0.6274509803921569,4441
7722,test,0.4716981132075472,9160
7732,test,0.5833333333333334,4625
7736,test,0.5625,5208
7748,test,0.2926829268292683,2834
7749,test,0.34210526315789475,2834
7751,test,0.4,968
7752,test,0.4523809523809524,2937
7753,test,0.4878048780487805,1768
7755,test,0.4583333333333333,920
7756,test,0.3783783783783784,5063
7757,test,0.5,16483
7758,test,0.48717948717948717,7211
7763,test,0.532258064516129,266
7769,test,0.3611111111111111,1894
7772,test,0.64,1875
7775,test,0.42424242424242425,5829
7782,test,0.40816326530612246,497
7783,test,0.5416666666666666,1007
7807,test,0.2037037037037037,15424
7817,test,0.5333333333333333,10758
7820,test,0.46808510638297873,1382
7862,test,0.39473684210526316,283
7864,test,0.4634146341463415,16483
7880,test,0.6101694915254238,4167
7885,test,0.4647887323943662,3360
7886,test,0.30434782608695654,3726
7899,test,0.5272727272727272,7339
7900,test,0.5555555555555556,7339
7901,test,0.6666666666666666,8633
7902,test,0.5892857142857143,8633
7903,test,0.5517241379310345,6109
7904,test,0.4782608695652174,7706
7927,test,0.5806451612903226,4966
7938,test,0.46153846153846156,5237
7944,test,0.41935483870967744,1794
7945,test,0.47058823529411764,210
7946,test,0.4888888888888889,12770
7958,test,0.5483870967741935,436
7966,test,0.3235294117647059,12978
8016,test,0.35714285714285715,1798
8023,test,0.6216216216216216,2634
8050,test,0.30952380952380953,15137
8062,test,0.38461538461538464,865
8079,test,0.35714285714285715,8080
8090,test,0.4230769230769231,5617
8094,test,0.4,5189
8102,test,0.4888888888888889,4159
8124,test,0.4603174603174603,10693
8125,test,0.42857142857142855,2208
8133,test,0.46153846153846156,15961
8134,test,0.3888888888888889,15961
8149,test,0.47540983606557374,10693
8150,test,0.4473684210526316,12095
8167,test,0.47058823529411764,568
8177,test,0.5666666666666667,6355
8199,test,0.41025641025641024,3115
8203,test,0.7254901960784313,515
8217,test,0.36538461538461536,16470
8218,test,0.25,1128
8221,test,0.711864406779661,7677
8225,test,0.32727272727272727,16470
8227,test,0.5846153846153846,15688
8253,test,0.639344262295082,15688
8264,test,0.42168674698795183,15637
8266,test,0.43243243243243246,11060
8286,test,0.4772727272727273,10868
8291,test,0.5652173913043478,14526
8292,test,0.40540540540540543,3805
8302,test,0.48717948717948717,3029
8304,test,0.391304347826087,50
8317,test,0.3617021276595745,8399
8318,test,0.4,8418
8319,test,0.40816326530612246,2692
8320,test,0.43478260869565216,2211
8321,test,0.37777777777777777,9128
8322,test,0.4230769230769231,11157
8325,test,0.4,4731
8351,test,0.4642857142857143,3097
8411,test,0.3611111111111111,2494
8413,test,0.6756756756756757,8414
8416,test,0.4166666666666667,5487
8424,test,0.49019607843137253,263
8448,test,0.48214285714285715,94
8449,test,0.46808510638297873,6900
8471,test,0.5102040816326531,7339
8475,test,0.2962962962962963,8447
8487,test,0.85,6034
8488,test,0.48717948717948717,15255
8489,test,0.4489795918367347,6468
8490,test,0.38235294117647056,7056
8493,test,0.43137254901960786,6468
8516,test,0.46875,5456
8540,test,0.47058823529411764,4965
8542,test,0.4897959183673469,1522
8557,test,0.52,13231
8572,test,0.5178571428571429,9486
8607,test,0.5757575757575758,2776
8610,test,0.74,8611
8612,test,0.7169811320754716,8611
8617,test,0.3559322033898305,9160
8618,test,0.36507936507936506,11692
8619,test,0.38095238095238093,7721
8620,test,0.40350877192982454,9160
8621,test,0.46296296296296297,9160
8622,test,0.3559322033898305,9160
8623,test,0.4716981132075472,9160
8624,test,0.3333333333333333,3560
8626,test,0.42105263157894735,8625
8629,test,0.4878048780487805,8625
8638,test,0.29545454545454547,15055
8642,test,0.3684210526315789,15437
8652,test,0.6923076923076923,5591
8655,test,0.88,8654
8692,test,0.38461538461538464,57
8698,test,0.746031746031746,6181
8705,test,0.5492957746478874,15688
8706,test,0.49056603773584906,16038
8707,test,0.6129032258064516,4966
8710,test,0.41333333333333333,471
8764,test,0.6216216216216216,13511
8774,test,0.5,9502
8777,test,0.40476190476190477,8586
8779,test,0.26785714285714285,7103
8781,test,0.75,6181
8786,test,0.4,5617
8787,test,0.4036697247706422,5617
8788,test,0.4,5617
8790,test,0.39823008849557523,5617
8792,test,0.42857142857142855,1522
8816,test,0.46808510638297873,8827
8817,test,0.5094339622641509,8824
8818,test,0.36923076923076925,8824
8819,test,0.35714285714285715,8825
8820,test,0.4393939393939394,8585
8821,test,0.4107142857142857,8575
8822,test,0.43137254901960786,8827
8829,test,0.6491228070175439,8581
8834,test,0.6444444444444445,8831
8835,test,0.5,8825
8836,test,0.34375,8824
8843,test,0.3148148148148148,16470
8855,test,0.4925373134328358,2756
8856,test,0.5238095238095238,12878
8859,test,0.2777777777777778,15133
8888,test,0.34210526315789475,1769
8889,test,0.42857142857142855,10869
8890,test,0.2727272727272727,3304
8898,test,0.5161290322580645,3231
8907,test,0.42857142857142855,8223
8910,test,0.35,4267
8921,test,0.4909090909090909,8920
8922,test,0.39473684210526316,7373
8928,test,0.5882352941176471,2171
8929,test,0.6037735849056604,9634
8930,test,0.6111111111111112,3421
8931,test,0.6078431372549019,152
8938,test,0.4186046511627907,496
8948,test,0.38636363636363635,16130
8949,test,0.3333333333333333,16130
8950,test,0.32786885245901637,16388
8958,test,0.49230769230769234,2756
8960,test,0.6363636363636364,4721
8962,test,0.39622641509433965,7947
8991,test,0.3333333333333333,6890
8994,test,0.48936170212765956,8998
9009,test,0.43636363636363634,370
9012,test,0.25,1642
9015,test,0.49056603773584906,5193
9017,test,0.5932203389830508,13072
9018,test,0.43478260869565216,10783
9019,test,0.37209302325581395,956
9020,test,0.5789473684210527,2309
9021,test,0.4878048780487805,2309
9022,test,0.574468085106383,10689
9023,test,0.46875,9486
9029,test,0.36666666666666664,15827
9040,test,0.39285714285714285,9306
9044,test,0.5223880597014925,7677
9045,test,0.37037037037037035,6324
9046,test,0.37037037037037035,6324
9049,test,0.6666666666666666,15350
9089,test,0.28205128205128205,2936
9093,test,0.38,9100
9094,test,0.38461538461538464,9103
9095,test,0.42857142857142855,9100
9096,test,0.4166666666666667,9103
9097,test,0.3611111111111111,9103
9099,test,0.34782608695652173,9098
9108,test,0.4864864864864865,5845
9109,test,0.42857142857142855,15644
9133,test,0.4,5617
9134,test,0.4,5617
9135,test,0.39473684210526316,5617
9136,test,0.3963963963963964,5617
9140,test,0.4,5617
9141,test,0.45714285714285713,9103
9150,test,0.35714285714285715,1429
9158,test,0.5,7339
9161,test,0.5483870967741935,16098
9179,test,0.5714285714285714,10560
9180,test,0.39655172413793105,3917
9188,test,0.5573770491803278,2756
9189,test,0.5396825396825397,2756
9190,test,0.546875,2756
9191,test,0.5384615384615384,2756
9192,test,0.49230769230769234,2756
9193,test,0.47761194029850745,2756
9194,test,0.4852941176470588,2756
9195,test,0.4782608695652174,2756
9196,test,0.5625,9778
9197,test,0.5,2756
9200,test,0.5142857142857142,4460
9213,test,0.4528301886792453,96
9214,test,0.42105263157894735,96
9215,test,0.425531914893617,5845
9216,test,0.3617021276595745,5845
9217,test,0.359375,2667
9218,test,0.3333333333333333,96
9219,test,0.359375,2667
9220,test,0.3269230769230769,4416
9221,test,0.35294117647058826,9186
9222,test,0.4603174603174603,16346
9223,test,0.6888888888888889,15788
9226,test,0.31746031746031744,6967
9227,test,0.32608695652173914,3560
9297,test,0.423728813559322,11341
9299,test,0.5,9298
9315,test,0.5,383
9328,test,0.5833333333333334,12611
9339,test,0.3902439024390244,9439
9343,test,0.6111111111111112,134
9346,test,0.4489795918367347,14229
9347,test,0.2926829268292683,9348
9349,test,0.39215686274509803,9348
9350,test,0.3090909090909091,9348
9351,test,0.30612244897959184,1205
9352,test,0.325,9348
9357,test,0.40425531914893614,9354
9358,test,0.3235294117647059,14531
9359,test,0.3448275862068966,14531
9361,test,0.24489795918367346,5609
9415,test,0.48,14318
9419,test,0.575,13755
9422,test,0.5128205128205128,9055
9423,test,0.5777777777777777,14300
9424,test,0.7435897435897436,6984
9430,test,0.5333333333333333,9429
9434,test,0.625,3642
9437,test,0.36,10872
9438,test,0.32142857142857145,10872
9440,test,0.75,6015
9441,test,0.3333333333333333,7379
9465,test,0.5409836065573771,424
9468,test,0.39215686274509803,9749
9470,test,0.4,11035
9476,test,0.5333333333333333,9417
9477,test,0.5686274509803921,527
9480,test,0.7142857142857143,527
9481,test,0.76,527
9482,test,0.7916666666666666,527
9483,test,0.8085106382978723,527
9484,test,0.4716981132075472,9724
9485,test,0.5319148936170213,9486
9487,test,0.4888888888888889,79
9488,test,0.4888888888888889,79
9489,test,0.7021276595744681,9490
9493,test,0.5925925925925926,9432
9522,test,0.6181818181818182,6118
9553,test,0.5714285714285714,9432
9585,test,0.4090909090909091,631
9597,test,0.5681818181818182,9602
9598,test,0.45652173913043476,8415
9599,test,0.5681818181818182,9602
9600,test,0.5227272727272727,9602
9601,test,0.7894736842105263,9602
9603,test,0.6410256410256411,4646
9604,test,0.5454545454545454,8415
9605,test,0.6097560975609756,9602
9607,test,0.5952380952380952,9602
9608,test,0.6538461538461539,6353
9618,test,0.5789473684210527,3473
9622,test,0.88,9619
9623,test,0.4,9426
9636,test,0.42857142857142855,9426
9645,test,0.4222222222222222,1117
9659,test,0.26436781609195403,12594
9662,test,0.36585365853658536,4685
9664,test,0.46,15389
9672,test,0.5357142857142857,6118
9681,test,0.6666666666666666,9946
9682,test,0.5333333333333333,16492
9683,test,0.5454545454545454,16492
9691,test,0.42857142857142855,9692
9695,test,0.4827586206896552,9694
9723,test,0.5849056603773585,9724
9770,test,0.59375,9773
9771,test,0.65625,9773
9772,test,0.7741935483870968,9775
9774,test,0.8461538461538461,9773
9776,test,0.6875,9773
9779,test,0.42105263157894735,3192
9780,test,0.4523809523809524,10041
9797,test,0.3829787234042553,12380
9807,test,0.723404255319149,16470
9834,test,0.4722222222222222,6815
9861,test,0.4782608695652174,10743
9873,test,0.45614035087719296,15778
9876,test,0.5945945945945946,11951
9882,test,0.46153846153846156,15299
9907,test,0.4642857142857143,3097
9937,test,0.40540540540540543,9426
9949,test,0.40384615384615385,9976
9955,test,0.5714285714285714,9961
9964,test,0.5925925925925926,9946
9970,test,0.48936170212765956,449
10042,test,0.42,10041
10057,test,0.6129032258064516,5292
10058,test,0.4090909090909091,10066
10059,test,0.40425531914893614,10066
10060,test,0.40540540540540543,5292
10061,test,0.40540540540540543,5292
10062,test,0.4230769230769231,2450
10063,test,0.36363636363636365,5292
10064,test,0.4090909090909091,1111
10068,test,0.3829787234042553,16448
10069,test,0.4583333333333333,16448
10070,test,0.4230769230769231,11003
10071,test,0.475,5292
10072,test,0.45,15977
10073,test,0.5348837209302325,2083
10074,test,0.717948717948718,10075
10076,test,0.55,10075
10081,test,0.4722222222222222,4239
10099,test,0.3870967741935484,2236
10102,test,0.5365853658536586,1924
10121,test,0.6428571428571429,13033
10128,test,0.35,12818
10149,test,0.48484848484848486,16403
10154,test,0.3877551020408163,10152
10155,test,0.37254901960784315,10152
10182,test,0.28846153846153844,4159
10183,test,0.2857142857142857,4159
10184,test,0.4020618556701031,4159
10185,test,0.4020618556701031,4159
10187,test,0.40816326530612246,4159
10188,test,0.52,11713
10202,test,0.35294117647058826,15418
10219,test,0.52,12791
10233,test,0.22302158273381295,8289
10235,test,0.5625,10453
10241,test,0.27586206896551724,3411
10279,test,0.6744186046511628,10293
10280,test,0.4791666666666667,10293
10281,test,0.6538461538461539,15588
10282,test,0.6122448979591837,9631
10283,test,0.5918367346938775,9631
10284,test,0.6296296296296297,15588
10285,test,0.62,3549
10286,test,0.6041666666666666,2171
10287,test,0.6428571428571429,15584
10288,test,0.6346153846153846,15588
10291,test,0.7317073170731707,10293
10305,test,0.6349206349206349,15688
10343,test,0.20491803278688525,358
10347,test,0.4423076923076923,10142
10367,test,0.29411764705882354,16093
10368,test,0.4489795918367347,15923
10369,test,0.49056603773584906,8507
10370,test,0.47058823529411764,8505
10384,test,0.4888888888888889,10382
10400,test,0.3902439024390244,14290
10415,test,0.3577981651376147,12558
10417,test,0.5882352941176471,11706
10420,test,0.4782608695652174,13289
10436,test,0.7058823529411765,10435
10484,test,0.5833333333333334,2171
10485,test,0.6875,15588
10486,test,0.4166666666666667,1204
10487,test,0.5833333333333334,152
10488,test,0.6078431372549019,9632
10489,test,0.6041666666666666,152
10492,test,0.3902439024390244,10560
10494,test,0.425531914893617,9948
10498,test,0.3333333333333333,10089
10518,test,0.6666666666666666,10519
10535,test,0.4576271186440678,5942
10550,test,0.3,317
10561,test,0.6190476190476191,5691
10569,test,0.45714285714285713,10568
10581,test,0.4375,12778
10583,test,0.4423076923076923,5381
10589,test,0.5714285714285714,4753
10590,test,0.45454545454545453,12567
10594,test,0.5,7579
10599,test,0.4878048780487805,5349
10601,test,0.5555555555555556,5347
10609,test,0.3181818181818182,3473
10620,test,0.3076923076923077,987
10632,test,0.38095238095238093,3531
10643,test,0.43333333333333335,1334
10645,test,0.4,1592
10649,test,0.4090909090909091,9305
10651,test,0.34210526315789475,8758
10658,test,0.46875,16167
10663,test,0.3548387096774194,1955
10665,test,0.45,1293
10669,test,0.4782608695652174,10668
10670,test,0.4411764705882353,9288
10671,test,0.42857142857142855,1670
10674,test,0.4791666666666667,6714
10676,test,0.5192307692307693,6698
10679,test,0.48148148148148145,15345
10680,test,0.38235294117647056,8776
10686,test,0.6730769230769231,4234
10687,test,0.5818181818181818,4234
10688,test,0.6521739130434783,152
10692,test,0.8181818181818182,10695
10709,test,0.7727272727272727,4438
10710,test,0.5957446808510638,4678
10711,test,0.7560975609756098,4678
10712,test,0.7608695652173914,4438
10713,test,0.813953488372093,4438
10717,test,0.3181818181818182,10080
10723,test,0.35714285714285715,4151
10724,test,0.3488372093023256,4151
10733,test,0.475,3991
10744,test,0.4473684210526316,10742
10756,test,0.66,10689
10760,test,0.4909090909090909,6900
10763,test,0.5555555555555556,6795
10764,test,0.53125,2945
10772,test,0.4146341463414634,960
10773,test,0.24528301886792453,10774
10780,test,0.3103448275862069,962
10781,test,0.358974358974359,5269
10789,test,0.42857142857142855,9563
10796,test,0.40384615384615385,8459
10797,test,0.4358974358974359,15469
10799,test,0.3888888888888889,938
10803,test,0.2826086956521739,15658
10808,test,0.375,3232
10812,test,0.45,1771
10813,test,0.4791666666666667,3500
10815,test,0.48936170212765956,3500
10816,test,0.41818181818181815,3500
10818,test,0.4339622641509434,3500
10819,test,0.46938775510204084,3500
10822,test,0.5405405405405406,2415
10825,test,0.3409090909090909,956
10826,test,0.3333333333333333,2415
10829,test,0.5116279069767442,1329
10835,test,0.3611111111111111,940
10836,test,0.3939393939393939,8955
10842,test,0.37142857142857144,10193
10844,test,0.48214285714285715,5383
10853,test,0.29411764705882354,10838
10861,test,0.425531914893617,5288
10864,test,0.5,3797
10866,test,0.35,1703
10871,test,0.45161290322580644,16455
10877,test,0.4473684210526316,11951
10884,test,0.4444444444444444,6625
10887,test,0.3157894736842105,62
10898,test,0.4375,11696
10906,test,0.4090909090909091,5364
10914,test,0.45,5364
10916,test,0.48,2236
10926,test,0.48484848484848486,11696
10927,test,0.3783783783783784,1335
10928,test,0.40540540540540543,3231
10932,test,0.3939393939393939,2506
10934,test,0.4117647058823529,11000
10936,test,0.4915254237288136,10937
10980,test,0.4230769230769231,11311
10981,test,0.4074074074074074,1070
10984,test,0.4423076923076923,1929
10985,test,0.39622641509433965,1929
10986,test,0.3939393939393939,2270
10987,test,0.41304347826086957,5447
10988,test,0.3548387096774194,4765
10991,test,0.4722222222222222,2830
10996,test,0.34285714285714286,15137
10998,test,0.55,3940
11002,test,0.5952380952380952,9602
11005,test,0.35294117647058826,4552
11006,test,0.3333333333333333,6053
11007,test,0.34615384615384615,7693
11009,test,0.42,11000
11010,test,0.44680851063829785,11000
11013,test,0.42,1117
11020,test,0.6666666666666666,10899
11023,test,0.41935483870967744,11174
11043,test,0.32558139534883723,218
11084,test,0.36538461538461536,6141
11086,test,0.3584905660377358,3029
11087,test,0.3548387096774194,4140
11105,test,0.4666666666666667,15676
11108,test,0.43333333333333335,15676
11113,test,0.5,8545
11115,test,0.4166666666666667,5794
11121,test,0.4117647058823529,11601
11131,test,0.5609756097560976,1555
11132,test,0.391304347826087,1555
11133,test,0.43243243243243246,480
11149,test,0.4090909090909091,2370
11150,test,0.37209302325581395,8915
11159,test,0.5555555555555556,11160
11164,test,0.4838709677419355,3276
11175,test,0.4,4145
11176,test,0.40350877192982454,4688
11183,test,0.3829787234042553,7638
11186,test,0.5319148936170213,3357
11193,test,0.5813953488372093,3357
11208,test,0.4090909090909091,13837
11211,test,0.2916666666666667,14450
11219,test,0.4,6713
11222,test,0.5087719298245614,4234
11263,test,0.2857142857142857,11420
11283,test,0.46808510638297873,6965
11310,test,0.3170731707317073,1482
11315,test,0.2857142857142857,1549
11330,test,0.5897435897435898,10366
11332,test,0.6388888888888888,11331
11334,test,0.5294117647058824,11335
11336,test,0.44680851063829785,8586
11338,test,0.4807692307692308,5383
11339,test,0.4888888888888889,12671
11340,test,0.4444444444444444,12474
11343,test,0.4230769230769231,4914
11344,test,0.37735849056603776,1628
11345,test,0.48214285714285715,5383
11346,test,0.6326530612244898,11351
11347,test,0.5094339622641509,11351
11350,test,0.5272727272727272,11351
11352,test,0.4358974358974359,6476
11353,test,0.375,93
11354,test,0.47368421052631576,8776
11393,test,0.4375,880
11396,test,0.30952380952380953,6310
11397,test,0.32727272727272727,12644
11398,test,0.45161290322580644,8643
11405,test,0.41025641025641024,10230
11409,test,0.4,4877
11417,test,0.9411764705882353,4748
11439,test,0.36,5364
11448,test,0.4117647058823529,11446
11449,test,0.3488372093023256,480
11468,test,0.2826086956521739,4930
11478,test,0.6326530612244898,4438
11481,test,0.41935483870967744,1890
11486,test,0.3958333333333333,14317
11487,test,0.40816326530612246,14317
11488,test,0.4864864864864865,3305
11493,test,0.43902439024390244,480
11501,test,0.3404255319148936,10784
11503,test,0.36363636363636365,12107
11514,test,0.5,4748
11515,test,0.5238095238095238,5364
11539,test,0.43902439024390244,6706
11541,test,0.41025641025641024,1720
11558,test,0.4772727272727273,14290
11559,test,0.41304347826086957,7232
11563,test,0.4444444444444444,6056
11566,test,0.32653061224489793,3048
11567,test,0.5121951219512195,6053
11578,test,0.2916666666666667,1775
11579,test,0.3142857142857143,15896
11585,test,0.3958333333333333,11638
11603,test,0.5365853658536586,2332
11605,test,0.5555555555555556,3357
11606,test,0.4489795918367347,2332
11608,test,0.5111111111111111,2332
11609,test,0.6046511627906976,7586
11610,test,0.5106382978723404,3357
11627,test,0.6216216216216216,13809
11628,test,0.475,7308
11629,test,0.40384615384615385,6796
11630,test,0.5945945945945946,6476
11699,test,0.47058823529411764,3762
11700,test,0.40540540540540543,5646
11701,test,0.40625,2707
11714,test,0.4772727272727273,15963
11736,test,0.6071428571428571,11735
11756,test,0.30434782608695654,6553
11816,test,0.35555555555555557,3837
11818,test,0.5227272727272727,650
11849,test,0.2972972972972973,631
11902,test,0.35294117647058826,12178
11914,test,0.41818181818181815,6919
11921,test,0.4838709677419355,16386
11924,test,0.5538461538461539,7677
11927,test,0.4095238095238095,12558
11928,test,0.4339622641509434,5191
11988,test,0.34210526315789475,1783
11990,test,0.4666666666666667,15308
12000,test,0.6153846153846154,10506
12014,test,0.43902439024390244,908
12023,test,0.43478260869565216,1555
12045,test,0.38095238095238093,15699
12046,test,0.36363636363636365,6189
12047,test,0.3617021276595745,2623
12048,test,0.3488372093023256,1965
12049,test,0.3076923076923077,5102
12050,test,0.36538461538461536,3497
12051,test,0.4647887323943662,599
12052,test,0.3333333333333333,12261
12056,test,0.42424242424242425,7852
12057,test,0.5142857142857142,16153
12058,test,0.4,7852
12060,test,0.4375,7852
12061,test,0.4838709677419355,7852
12084,test,0.5588235294117647,12095
12085,test,0.4473684210526316,12095
12086,test,0.425,12095
12087,test,0.5789473684210527,12095
12088,test,0.4418604651162791,12095
12089,test,0.3953488372093023,5352
12090,test,0.4473684210526316,12095
12091,test,0.4473684210526316,12095
12092,test,0.4222222222222222,12095
12093,test,0.4,11220
12094,test,0.3953488372093023,12095
12096,test,0.5675675675675675,12095
12098,test,0.5476190476190477,12097
12102,test,0.32142857142857145,9162
12111,test,0.48484848484848486,743
12130,test,0.42857142857142855,3144
12135,test,0.5094339622641509,568
12152,test,0.6,16492
12168,test,0.25925925925925924,2189
12170,test,0.5901639344262295,12001
12213,test,0.4117647058823529,3639
12218,test,0.3695652173913043,16146
12219,test,0.4174757281553398,12558
12220,test,0.39805825242718446,12558
12221,test,0.5409836065573771,5680
12239,test,0.8181818181818182,602
12241,test,0.7755102040816326,12244
12245,test,0.7380952380952381,12246
12247,test,0.7391304347826086,12246
12265,test,0.4423076923076923,544
12301,test,0.8604651162790697,12878
12305,test,0.45454545454545453,16084
12306,test,0.48148148148148145,14684
12307,test,0.6153846153846154,12309
12308,test,0.7209302325581395,12309
12310,test,0.3148148148148148,7356
12311,test,0.34328358208955223,6419
12312,test,0.42857142857142855,1794
12313,test,0.4090909090909091,13042
12314,test,0.35135135135135137,977
12315,test,0.3018867924528302,7356
12326,test,0.5555555555555556,5677
12340,test,0.475,14249
12392,test,0.4782608695652174,12309
12395,test,0.6491228070175439,5680
12434,test,0.5833333333333334,12435
12453,test,0.3958333333333333,3792
12459,test,0.5,5189
12460,test,0.4090909090909091,5779
12470,test,0.4722222222222222,12471
12473,test,0.4864864864864865,16043
12485,test,0.36363636363636365,16483
12486,test,0.34285714285714286,2499
12494,test,0.5,13974
12500,test,0.5573770491803278,16238
12513,test,0.30434782608695654,3375
12535,test,0.4473684210526316,4908
12536,test,0.47368421052631576,4908
12538,test,0.6,12537
12539,test,0.49019607843137253,2357
12540,test,0.5,6759
12550,test,0.3953488372093023,1131
12572,test,0.5142857142857142,12574
12573,test,0.5294117647058824,12574
12576,test,0.6,15464
12577,test,0.46153846153846156,12574
12580,test,0.4146341463414634,3172
12588,test,0.4444444444444444,14116
12589,test,0.37777777777777777,2165
12617,test,0.34545454545454546,12669
12629,test,0.7115384615384616,12760
12636,test,0.7962962962962963,13806
12637,test,0.7678571428571429,13806
12638,test,0.7169811320754716,13806
12641,test,0.5869565217391305,11965
12646,test,0.4166666666666667,1118
12649,test,0.2909090909090909,14147
12651,test,0.7678571428571429,13806
12685,test,0.36923076923076925,15827
12690,test,0.42857142857142855,3123
12719,test,0.42857142857142855,7421
12729,test,0.6923076923076923,13608
12731,test,0.5573770491803278,13072
12732,test,0.6727272727272727,13072
12733,test,0.5573770491803278,13072
12738,test,0.48484848484848486,13341
12740,test,0.4166666666666667,13342
12741,test,0.45454545454545453,7418
12742,test,0.5217391304347826,7505
12748,test,0.45714285714285713,10150
12749,test,0.3333333333333333,69
12767,test,0.6739130434782609,3386
12772,test,0.6956521739130435,12775
12773,test,0.6956521739130435,12775
12782,test,0.6923076923076923,1335
12792,test,0.4864864864864865,3231
12794,test,0.4528301886792453,12612
12795,test,0.4666666666666667,62
12799,test,0.4745762711864407,2990
12806,test,0.5945945945945946,14203
12859,test,0.5362318840579711,12855
12860,test,0.4864864864864865,13350
12861,test,0.5555555555555556,13389
12862,test,0.41935483870967744,4289
12867,test,0.5,11943
12881,test,0.4583333333333333,1950
12883,test,0.43478260869565216,12919
12885,test,0.4594594594594595,4239
12894,test,0.3902439024390244,12912
12897,test,0.3448275862068966,13101
12898,test,0.43333333333333335,4970
12901,test,0.5135135135135135,12896
12903,test,0.4,14219
12904,test,0.3684210526315789,5182
12906,test,0.48717948717948717,6611
12941,test,0.4,3308
12944,test,0.55,11951
12951,test,0.41025641025641024,3610
12955,test,0.46938775510204084,14261
12957,test,0.6666666666666666,12480
12958,test,0.5714285714285714,12771
12959,test,0.5652173913043478,15075
12960,test,0.5,12429
12961,test,0.47058823529411764,12429
12962,test,0.574468085106383,12774
12963,test,0.5208333333333334,12480
12964,test,0.5652173913043478,12775
12966,test,0.8,12480
12967,test,0.7619047619047619,12480
12974,test,0.42857142857142855,13981
12976,test,0.43103448275862066,8920
12983,test,0.3898305084745763,8920
12986,test,0.26582278481012656,440
12988,test,0.3055555555555556,12648
12995,test,0.6875,14079
12997,test,0.38095238095238093,12996
13018,test,0.7631578947368421,12854
13020,test,0.5294117647058824,16204
13022,test,0.4375,7431
13024,test,0.5192307692307693,16204
13031,test,0.4146341463414634,4801
13046,test,0.8269230769230769,13049
13047,test,0.5263157894736842,13049
13055,test,0.4,12018
13056,test,0.358974358974359,1335
13058,test,0.43859649122807015,13069
13073,test,0.62,14201
13076,test,0.46153846153846156,2360
13077,test,0.4186046511627907,2360
13081,test,0.45588235294117646,16238
13082,test,0.7894736842105263,16238
13083,test,0.4714285714285714,16238
13084,test,0.46153846153846156,16238
13085,test,0.4027777777777778,16238
13086,test,0.4246575342465753,16238
13087,test,0.5147058823529411,16238
13089,test,0.603448275862069,16238
13094,test,0.4782608695652174,2204
13099,test,0.5614035087719298,13155
13107,test,0.4166666666666667,5275
13116,test,0.45098039215686275,10678
13117,test,0.42,14158
13131,test,0.68,16190
13132,test,0.4827586206896552,16013
13133,test,0.6538461538461539,13154
13134,test,0.64,13782
13142,test,0.6481481481481481,13141
13144,test,0.76,13155
13147,test,0.8076923076923077,9224
13148,test,0.76,13155
13150,test,0.6037735849056604,13155
13152,test,0.6346153846153846,13155
13163,test,0.3333333333333333,16024
13166,test,0.5714285714285714,2776
13168,test,0.4,9602
13173,test,0.4727272727272727,13371
13184,test,0.6296296296296297,13155
13185,test,0.7755102040816326,13155
13191,test,0.4915254237288136,13669
13193,test,0.5357142857142857,13782
13194,test,0.6140350877192983,14126
13196,test,0.35714285714285715,5552
13197,test,0.5208333333333334,12870
13209,test,0.4528301886792453,12612
13210,test,0.5681818181818182,13214
13211,test,0.5319148936170213,13214
13212,test,0.5208333333333334,13214
13213,test,0.7674418604651163,13214
13216,test,0.7674418604651163,13214
13217,test,0.7674418604651163,13214
13219,test,0.7674418604651163,13214
13225,test,0.5490196078431373,3541
13226,test,0.4,13974
13227,test,0.358974358974359,12693
13234,test,0.4716981132075472,13231
13239,test,0.49019607843137253,13231
13241,test,0.56,15378
13246,test,0.46153846153846156,9162
13248,test,0.43902439024390244,9162
13250,test,0.6382978723404256,12566
13251,test,0.4878048780487805,13252
13286,test,0.6923076923076923,3386
13287,test,0.7567567567567568,13289
13295,test,0.6222222222222222,13231
13303,test,0.27586206896551724,2510
13304,test,0.43478260869565216,13773
13312,test,0.29411764705882354,4289
13332,test,0.42105263157894735,7432
13334,test,0.6346153846153846,13337
13352,test,0.375,13344
13366,test,0.8260869565217391,13369
13368,test,0.7608695652173914,13441
13387,test,0.4,13325
13396,test,0.4594594594594595,3728
13406,test,0.4375,7860
13442,test,0.5238095238095238,11951
13444,test,0.46511627906976744,7975
13445,test,0.6829268292682927,11951
13446,test,0.6595744680851063,13441
13481,test,0.46,13205
13484,test,0.38,10152
13486,test,0.41379310344827586,1386
13496,test,0.6458333333333334,13497
13504,test,0.42105263157894735,13497
13505,test,0.7142857142857143,13497
13507,test,0.6470588235294118,13497
13535,test,0.6585365853658537,3477
13580,test,0.5588235294117647,2019
13598,test,0.46153846153846156,9162
13601,test,0.5277777777777778,9318
13611,test,0.4,62
13664,test,0.30612244897959184,12711
13665,test,0.40425531914893614,12711
13666,test,0.2765957446808511,5706
13674,test,0.45901639344262296,13681
13675,test,0.4067796610169492,13974
13676,test,0.5185185185185185,13681
13677,test,0.49122807017543857,13681
13680,test,0.5,13681
13696,test,0.7115384615384616,16217
13703,test,0.5178571428571429,15557
13704,test,0.38,13708
13705,test,0.48484848484848486,14116
13706,test,0.43243243243243246,14116
13707,test,0.38,13708
13712,test,0.6976744186046512,14158
13721,test,0.43636363636363634,10275
13726,test,0.4642857142857143,9499
13738,test,0.4090909090909091,4145
13739,test,0.4772727272727273,5484
13740,test,0.4418604651162791,4145
13741,test,0.6111111111111112,4145
13758,test,0.48,6697
13759,test,0.5853658536585366,6640
13774,test,0.46938775510204084,13371
13785,test,0.375,2499
13786,test,0.34285714285714286,15795
13791,test,0.3793103448275862,3883
13794,test,0.22,523
13799,test,0.37037037037037035,13529
13801,test,0.4107142857142857,14535
13812,test,0.5,15086
13818,test,0.46153846153846156,9162
13819,test,0.5,15469
13820,test,0.43902439024390244,9162
13843,test,0.673469387755102,16190
13871,test,0.5689655172413793,14058
13872,test,0.5606060606060606,13877
13873,test,0.5689655172413793,14058
13874,test,0.5517241379310345,14058
13898,test,0.6226415094339622,14058
13906,test,0.4772727272727273,13062
13907,test,0.46,16439
13908,test,0.5384615384615384,15271
13909,test,0.5,15271
13914,test,0.6086956521739131,12527
13921,test,0.45652173913043476,13062
13925,test,0.65,13924
13929,test,0.7,5952
13941,test,0.5,9107
13946,test,0.52,13955
13951,test,0.5531914893617021,13961
13952,test,0.6470588235294118,12228
13954,test,0.5,12671
13957,test,0.6590909090909091,13958
13966,test,0.48484848484848486,14116
13968,test,0.5405405405405406,14134
13970,test,0.4583333333333333,12671
13971,test,0.6585365853658537,13983
13972,test,0.48936170212765956,4622
13975,test,0.5,12871
13984,test,0.717948717948718,13982
14002,test,0.5581395348837209,6526
14004,test,0.44680851063829785,16483
14005,test,0.5142857142857142,15086
14006,test,0.4634146341463415,5303
14017,test,0.6521739130434783,14049
14057,test,0.5806451612903226,15303
14065,test,0.47058823529411764,15303
14069,test,0.6851851851851852,14067
14071,test,0.7058823529411765,14070
14073,test,0.6792452830188679,14070
14074,test,0.7843137254901961,14070
14075,test,0.6862745098039216,14058
14083,test,0.38461538461538464,3172
14098,test,0.6571428571428571,8917
14101,test,0.4186046511627907,8917
14102,test,0.475,8917
14130,test,0.7083333333333334,14129
14174,test,0.4473684210526316,14173
14183,test,0.5531914893617021,7971
14192,test,0.64,13608
14193,test,0.34782608695652173,16483
14197,test,0.75,14201
14204,test,0.5681818181818182,14208
14217,test,0.425531914893617,5779
14222,test,0.4528301886792453,13974
14227,test,0.5135135135135135,16455
14235,test,0.3870967741935484,7733
14241,test,0.3333333333333333,14536
14242,test,0.328125,15211
14244,test,0.41818181818181815,8920
14247,test,0.48484848484848486,13608
14248,test,0.40384615384615385,62
14250,test,0.4,5242
14254,test,0.4716981132075472,14158
14255,test,0.46296296296296297,14158
14256,test,0.47058823529411764,14158
14259,test,0.4791666666666667,13928
14262,test,0.49019607843137253,13485
14263,test,0.4716981132075472,13485
14264,test,0.5238095238095238,1329
14266,test,0.5111111111111111,1329
14268,test,0.5142857142857142,15086
14271,test,0.48936170212765956,1329
14273,test,0.56,13913
14274,test,0.4772727272727273,13062
14294,test,0.5714285714285714,14293
14299,test,0.6451612903225806,12066
14301,test,0.2631578947368421,3328
14312,test,0.4032258064516129,2630
14319,test,0.4594594594594595,12066
14327,test,0.38596491228070173,15148
14343,test,0.48,16256
14378,test,0.4594594594594595,12066
14379,test,0.4358974358974359,12066
14397,test,0.6825396825396826,14587
14402,test,0.3188405797101449,14387
14403,test,0.453125,12116
14409,test,0.6176470588235294,12066
14410,test,0.4146341463414634,12066
14422,test,0.3448275862068966,6637
14423,test,0.44,9496
14426,test,0.6,12066
14427,test,0.40476190476190477,12066
14428,test,0.4927536231884058,7939
14433,test,0.5306122448979592,5552
14435,test,0.6271186440677966,13042
14443,test,0.625,9676
14449,test,0.54,1152
14459,test,0.6388888888888888,14462
14460,test,0.6052631578947368,14462
14465,test,0.6666666666666666,14466
14469,test,0.6153846153846154,14531
14471,test,0.36585365853658536,927
14489,test,0.5714285714285714,14333
14495,test,0.40425531914893614,1705
14496,test,0.40425531914893614,1705
14497,test,0.40350877192982454,2553
14505,test,0.46153846153846156,8171
14506,test,0.46153846153846156,8171
14507,test,0.46153846153846156,8171
14508,test,0.46153846153846156,8171
14524,test,0.6296296296296297,12560
14525,test,0.6530612244897959,14526
14534,test,0.4716981132075472,14533
14549,test,0.6153846153846154,3421
14556,test,0.3561643835616438,15279
14557,test,0.36666666666666664,6487
14558,test,0.43333333333333335,6487
14559,test,0.375,6487
14560,test,0.4117647058823529,4524
14561,test,0.32857142857142857,6487
14562,test,0.4406779661016949,158
14563,test,0.3384615384615385,12985
14564,test,0.34328358208955223,6247
14579,test,0.8333333333333334,16084
14589,test,0.34146341463414637,2130
14591,test,0.2898550724637681,513
14592,test,0.3333333333333333,3838
14593,test,0.3333333333333333,317
14600,test,0.3269230769230769,4137
14634,test,0.5,9307
14647,test,0.3684210526315789,2592
14649,test,0.3384615384615385,10273
14652,test,0.4583333333333333,2592
14653,test,0.3333333333333333,2592
14654,test,0.45098039215686275,2592
14655,test,0.39622641509433965,2592
14656,test,0.46153846153846156,2592
14657,test,0.42857142857142855,13568
14658,test,0.4423076923076923,2592
14659,test,0.36363636363636365,2592
14660,test,0.3888888888888889,2592
14661,test,0.6363636363636364,2592
14674,test,0.46938775510204084,12381
14677,test,0.62,14684
14678,test,0.509090909090909,14684
14679,test,0.4067796610169492,14684
14680,test,0.4406779661016949,14684
14681,test,0.36507936507936506,14684
14682,test,0.6274509803921569,14685
14683,test,0.8163265306122449,14684
14698,test,0.28205128205128205,3560
14724,test,0.2795031055900621,3393
14750,test,0.40384615384615385,956
14751,test,0.423728813559322,9047
14752,test,0.36923076923076925,5591
14753,test,0.3673469387755102,5845
14754,test,0.36363636363636365,10689
14755,test,0.36363636363636365,4416
14756,test,0.31343283582089554,14641
14757,test,0.5333333333333333,14710
14763,test,0.32,257
14782,test,0.3902439024390244,3647
14783,test,0.3488372093023256,3377
14784,test,0.34782608695652173,15977
14785,test,0.3695652173913043,3647
14786,test,0.4090909090909091,3647
14787,test,0.3939393939393939,4835
14788,test,0.47368421052631576,3377
14789,test,0.37142857142857144,4835
14790,test,0.4473684210526316,3628
14795,test,0.2815533980582524,3044
14819,test,0.7,14820
14827,test,0.4888888888888889,15963
14830,test,0.42857142857142855,13894
14836,test,0.475,15269
14842,test,0.3387096774193548,9429
14866,test,0.23170731707317074,2283
14878,test,0.48936170212765956,14730
14879,test,0.48936170212765956,14730
14896,test,0.44,4481
14897,test,0.41304347826086957,5127
14898,test,0.42,5102
14899,test,0.29310344827586204,3860
14901,test,0.2916666666666667,4246
14902,test,0.37037037037037035,2370
14910,test,0.32142857142857145,14822
14911,test,0.4489795918367347,13969
14912,test,0.45614035087719296,14913
14914,test,0.5614035087719298,14913
14915,test,0.6923076923076923,14913
14916,test,0.6730769230769231,14913
14917,test,0.5714285714285714,14913
14918,test,0.5,14913
14919,test,0.3673469387755102,10435
14920,test,0.4117647058823529,6782
14925,test,0.4482758620689655,14913
14927,test,0.5,2309
14928,test,0.3148148148148148,5948
14929,test,0.3392857142857143,8646
14930,test,0.3548387096774194,11569
14931,test,0.36363636363636365,5518
14932,test,0.25862068965517243,5518
14933,test,0.3137254901960784,1844
14934,test,0.2631578947368421,5518
14935,test,0.2727272727272727,5518
14936,test,0.27450980392156865,6371
14937,test,0.3620689655172414,6247
14938,test,0.3508771929824561,4576
14939,test,0.30985915492957744,2436
14940,test,0.3076923076923077,6247
14941,test,0.2641509433962264,6371
14942,test,0.328125,6247
14943,test,0.25,6371
14944,test,0.3392857142857143,5518
14945,test,0.2641509433962264,6371
14946,test,0.3389830508474576,12999
14947,test,0.3442622950819672,12999
14948,test,0.28169014084507044,3389
14949,test,0.265625,5381
14950,test,0.3448275862068966,5518
14951,test,0.3220338983050847,5518
14952,test,0.26785714285714285,11312
14953,test,0.25333333333333335,257
14955,test,0.24193548387096775,5518
14956,test,0.2698412698412698,7513
14957,test,0.3116883116883117,1165
14958,test,0.3387096774193548,211
14959,test,0.3333333333333333,7539
14960,test,0.2923076923076923,13943
14961,test,0.3333333333333333,12999
14962,test,0.3333333333333333,4576
14963,test,0.3103448275862069,6107
14978,test,0.4262295081967213,10747
14987,test,0.3,6583
14989,test,0.45714285714285713,14990
15012,test,0.29508196721311475,8828
15013,test,0.4107142857142857,4688
15014,test,0.4,7080
15028,test,0.43478260869565216,2282
15042,test,0.39473684210526316,15068
15043,test,0.47619047619047616,962
15047,test,0.4230769230769231,2427
15053,test,0.37037037037037035,15401
15056,test,0.47058823529411764,3402
15058,test,0.43478260869565216,8586
15069,test,0.5675675675675675,16119
15071,test,0.46938775510204084,8782
15079,test,0.7419354838709677,300
15084,test,0.5384615384615384,11000
15088,test,0.4782608695652174,2316
15091,test,0.46153846153846156,2236
15096,test,0.44285714285714284,2710
15102,test,0.3684210526315789,764
15136,test,0.38461538461538464,5763
15138,test,0.42857142857142855,2859
15142,test,0.45,8121
15155,test,0.5806451612903226,5269
15158,test,0.5,4159
15160,test,0.35294117647058826,6802
15164,test,0.4666666666666667,4461
15167,test,0.43478260869565216,2282
15169,test,0.6153846153846154,991
15171,test,0.59375,4938
15174,test,0.375,528
15177,test,0.38461538461538464,15367
15180,test,0.4358974358974359,7681
15181,test,0.4864864864864865,7587
15183,test,0.3333333333333333,4474
15186,test,0.7804878048780488,12640
15196,test,0.4444444444444444,7610
15198,test,0.42857142857142855,9102
15215,test,0.7,15209
15222,test,0.4791666666666667,11494
15231,test,0.4090909090909091,11913
15236,test,0.48717948717948717,7693
15237,test,0.5517241379310345,1895
15241,test,0.3939393939393939,4513
15243,test,0.7441860465116279,15173
15247,test,0.4444444444444444,3199
15251,test,0.44,1873
15254,test,0.43478260869565216,3207
15267,test,0.6060606060606061,15269
15289,test,0.37777777777777777,8725
15292,test,0.41304347826086957,1117
15306,test,0.6222222222222222,5140
15315,test,0.36666666666666664,16137
15319,test,0.391304347826087,962
15329,test,0.5185185185185185,15067
15346,test,0.4782608695652174,1675
15358,test,0.43333333333333335,15383
15364,test,0.38235294117647056,10087
15369,test,0.5,15085
15375,test,0.43636363636363634,301
15379,test,0.7209302325581395,3357
15380,test,0.7209302325581395,3357
15385,test,0.36363636363636365,3518
15390,test,0.7142857142857143,3849
15391,test,0.6585365853658537,3357
15392,test,0.7948717948717948,3357
15393,test,0.4897959183673469,3357
15394,test,0.48,3357
15395,test,0.48,3357
15396,test,0.48,3357
15397,test,0.48,3357
15398,test,0.5,10820
15425,test,0.6333333333333333,4685
15427,test,0.3,3285
15429,test,0.6739130434782609,12975
15436,test,0.37254901960784315,13466
15442,test,0.2786885245901639,3243
15446,test,0.34210526315789475,11317
15448,test,0.48717948717948717,1768
15451,test,0.5,5723
15457,test,0.23076923076923078,927
15459,test,0.37735849056603776,11384
15460,test,0.38636363636363635,1583
15462,test,0.4090909090909091,480
15467,test,0.7142857142857143,5942
15484,test,0.6888888888888889,5999
15485,test,0.5135135135135135,4225
15489,test,0.5555555555555556,13214
15491,test,0.6451612903225806,15490
15512,test,0.5319148936170213,3357
15538,test,0.375,10706
15545,test,0.46875,927
15547,test,0.43243243243243246,10564
15551,test,0.72,15552
15553,test,0.7083333333333334,15554
15568,test,0.6190476190476191,15688
15575,test,0.7619047619047619,15576
15585,test,0.673469387755102,15588
15586,test,0.8666666666666667,15588
15587,test,0.7872340425531915,15588
15589,test,0.8043478260869565,15588
15590,test,0.5918367346938775,152
15591,test,0.72,15588
15592,test,0.5714285714285714,152
15594,test,0.58,2171
15595,test,0.7058823529411765,15588
15596,test,0.56,2171
15597,test,0.5454545454545454,15588
15598,test,0.5925925925925926,15588
15599,test,0.76,15588
15600,test,0.6037735849056604,15588
15602,test,0.6274509803921569,9632
15603,test,0.6037735849056604,9632
15604,test,0.7307692307692307,15588
15605,test,0.5849056603773585,9632
15607,test,0.5227272727272727,2165
15613,test,0.5,13926
15614,test,0.4666666666666667,15610
15624,test,0.2857142857142857,1864
15626,test,0.38095238095238093,7666
15632,test,0.5,1719
15633,test,0.5833333333333334,16238
15638,test,0.42424242424242425,7678
15647,test,0.7631578947368421,15652
15653,test,0.7837837837837838,15730
15693,test,0.4878048780487805,4900
15694,test,0.39473684210526316,15699
15695,test,0.34375,5116
15696,test,0.5,12544
15697,test,0.3793103448275862,2828
15698,test,0.625,15469
15700,test,0.6153846153846154,8415
15705,test,0.42105263157894735,15269
15706,test,0.5121951219512195,3472
15711,test,0.4230769230769231,15608
15712,test,0.45614035087719296,4430
15713,test,0.5454545454545454,4430
15716,test,0.22857142857142856,682
15718,test,0.525,3529
15724,test,0.25806451612903225,383
15728,test,0.7142857142857143,14196
15741,test,0.47058823529411764,15132
15746,test,0.44642857142857145,8076
15758,test,0.38461538461538464,8070
15761,test,0.4444444444444444,6189
15764,test,0.5526315789473685,15765
15766,test,0.2463768115942029,3822
15767,test,0.4375,15770
15768,test,0.525,15772
15769,test,0.725,15770
15773,test,0.5384615384615384,15770
15774,test,0.5384615384615384,15770
15775,test,0.3888888888888889,15770
15776,test,0.4117647058823529,15770
15777,test,0.673469387755102,15779
15781,test,0.5714285714285714,15778
15782,test,0.6666666666666666,15779
15783,test,0.6,4764
15784,test,0.5185185185185185,15778
15785,test,0.68,15778
15786,test,0.5517241379310345,4764
15787,test,0.64,15778
15820,test,0.46153846153846156,301
15821,test,0.5,301
15829,test,0.38181818181818183,96
15830,test,0.4166666666666667,10181
15831,test,0.35185185185185186,15977
15832,test,0.46296296296296297,7080
15833,test,0.3559322033898305,96
15834,test,0.37254901960784315,15977
15835,test,0.3548387096774194,13783
15836,test,0.34545454545454546,15977
15837,test,0.3548387096774194,13783
15838,test,0.34545454545454546,15977
15850,test,0.5,9499
15860,test,0.43478260869565216,968
15870,test,0.6190476190476191,16492
15871,test,0.717948717948718,16492
15874,test,0.4090909090909091,5237
15875,test,0.4897959183673469,10312
15876,test,0.44680851063829785,1779
15877,test,0.45,5237
15899,test,0.4642857142857143,14723
15904,test,0.896551724137931,15903
15912,test,0.40540540540540543,9426
15918,test,0.40425531914893614,9265
15943,test,0.47058823529411764,14215
15946,test,0.6590909090909091,2847
15968,test,0.75,13546
15969,test,0.5,8415
15970,test,0.40350877192982454,5436
15971,test,0.71875,300
15972,test,0.6764705882352942,300
15974,test,0.6458333333333334,4424
15980,test,0.44680851063829785,11763
15982,test,0.6122448979591837,394
16015,test,0.6458333333333334,13155
16023,test,0.42,15963
16026,test,0.625,16031
16027,test,0.4107142857142857,650
16029,test,0.7333333333333333,16028
16050,test,0.48936170212765956,1471
16075,test,0.3584905660377358,10659
16079,test,0.3888888888888889,5829
16094,test,0.4,7852
16099,test,0.3488372093023256,15701
16128,test,0.19736842105263158,15316
16132,test,0.4146341463414634,15701
16139,test,0.27450980392156865,8288
16141,test,0.31746031746031744,9685
16151,test,0.4,7852
16152,test,0.42424242424242425,7852
16154,test,0.46875,7852
16191,test,0.6470588235294118,13155
16198,test,0.7037037037037037,13155
16205,test,0.7916666666666666,13155
16212,test,0.5370370370370371,16190
16213,test,0.5636363636363636,13782
16215,test,0.532258064516129,16217
16216,test,0.4838709677419355,16219
16222,test,0.76,16221
16223,test,0.7142857142857143,16221
16232,test,0.8461538461538461,12477
16244,test,0.32558139534883723,10118
16247,test,0.82,16265
16273,test,0.28846153846153844,318
16274,test,0.29411764705882354,318
16275,test,0.35555555555555557,318
16305,test,0.6274509803921569,10212
16328,test,0.75,5229
16332,test,0.7894736842105263,7586
16405,test,0.4444444444444444,1017
16406,test,0.5238095238095238,5512
16407,test,0.5238095238095238,5512
16413,test,0.4782608695652174,12462
16416,test,0.43478260869565216,12137
16421,test,0.967741935483871,2025
16424,test,0.35714285714285715,15037
16430,test,0.6666666666666666,3244
16432,test,0.7358490566037735,3848
16438,test,0.39622641509433965,10382
16442,test,0.4117647058823529,5009
16443,test,0.47619047619047616,874
16452,test,0.5142857142857142,12574
16453,test,0.5576923076923077,6394
16454,test,0.5,5512
16459,test,0.36363636363636365,1913
16462,test,0.4473684210526316,13526
16463,test,0.43478260869565216,16483
16464,test,0.5238095238095238,5512
16465,test,0.375,1017
16486,test,0.3559322033898305,12999
