ligand_id,role,max_tanimoto_to_train,nearest_training_id
4,calibration,0.5555555555555556,2760
14,calibration,0.68,532
15,calibration,0.5660377358490566,5821
24,calibration,0.8888888888888888,11927
25,calibration,0.4057971014492754,44
36,calibration,0.7796610169491526,30
47,calibration,1.0,54
48,calibration,0.4358974358974359,883
53,calibration,0.6458333333333334,45
56,calibration,0.2711864406779661,16347
63,calibration,0.6923076923076923,8624
71,calibration,0.5625,1090
80,calibration,0.4583333333333333,377
86,calibration,0.4146341463414634,16474
103,calibration,0.35714285714285715,1176
106,calibration,0.5375,633
115,calibration,0.5416666666666666,12341
124,calibration,0.4857142857142857,170
134,calibration,0.723404255319149,7624
141,calibration,0.6842105263157895,8785
150,calibration,0.4444444444444444,6182
163,calibration,0.8157894736842105,365
202,calibration,0.5789473684210527,2302
208,calibration,0.5384615384615384,1764
211,calibration,0.6363636363636364,394
226,calibration,0.9069767441860465,15497
234,calibration,0.6538461538461539,960
249,calibration,0.7659574468085106,10873
250,calibration,0.8181818181818182,12630
264,calibration,0.5853658536585366,262
270,calibration,0.625,121
271,calibration,0.35135135135135137,1955
281,calibration,0.40350877192982454,12536
301,calibration,0.7631578947368421,712
306,calibration,0.4444444444444444,11218
307,calibration,0.7631578947368421,292
310,calibration,0.6285714285714286,1379
325,calibration,1.0,54
334,calibration,0.6818181818181818,3624
337,calibration,0.6341463414634146,646
343,calibration,0.6216216216216216,10054
358,calibration,0.6557377049180327,7209
362,calibration,0.8125,3002
368,calibration,0.375,1892
378,calibration,0.6111111111111112,10685
393,calibration,0.38028169014084506,15982
396,calibration,0.765625,2453
397,calibration,0.39215686274509803,15056
405,calibration,0.26153846153846155,6731
408,calibration,0.5172413793103449,5788
415,calibration,0.6470588235294118,2808
426,calibration,0.4411764705882353,743
433,calibration,0.7962962962962963,118
440,calibration,0.75,1552
454,calibration,0.6410256410256411,4416
459,calibration,0.5,5138
463,calibration,0.9534883720930233,10873
469,calibration,1.0,1268
470,calibration,0.4,7778
475,calibration,0.7121212121212122,2304
476,calibration,0.5757575757575758,6111
493,calibration,0.5510204081632653,12464
497,calibration,0.5365853658536586,263
499,calibration,0.5116279069767442,262
502,calibration,0.5641025641025641,8938
514,calibration,0.3870967741935484,13093
519,calibration,0.5319148936170213,10121
521,calibration,0.37037037037037035,10168
525,calibration,0.6197183098591549,2731
540,calibration,0.8,3718
547,calibration,0.48148148148148145,67
548,calibration,0.4166666666666667,714
554,calibration,0.38461538461538464,6
566,calibration,0.7567567567567568,7176
567,calibration,0.34782608695652173,1176
569,calibration,0.4,12692
594,calibration,0.6086956521739131,67
607,calibration,0.6491228070175439,15125
608,calibration,0.7333333333333333,14332
621,calibration,0.36666666666666664,6836
622,calibration,0.7346938775510204,6182
623,calibration,0.7391304347826086,1431
634,calibration,0.3157894736842105,11301
645,calibration,0.725,4573
649,calibration,0.6037735849056604,12304
658,calibration,0.7021276595744681,6715
664,calibration,0.803921568627451,16298
669,calibration,0.65,2520
677,calibration,0.68,14647
679,calibration,0.7837837837837838,361
696,calibration,0.6041666666666666,568
698,calibration,0.5272727272727272,11902
703,calibration,0.4117647058823529,1908
724,calibration,0.5833333333333334,686
728,calibration,0.7727272727272727,15467
746,calibration,0.8333333333333334,12152
763,calibration,1.0,1978
767,calibration,0.7419354838709677,768
769,calibration,0.6290322580645161,766
772,calibration,0.7288135593220338,768
773,calibration,0.38461538461538464,15082
780,calibration,0.3958333333333333,3135
796,calibration,0.625,1557
798,calibration,0.52,2940
813,calibration,0.5333333333333333,15319
818,calibration,1.0,1978
832,calibration,0.6363636363636364,1536
834,calibration,0.6333333333333333,1789
837,calibration,0.3,860
840,calibration,0.8163265306122449,312
844,calibration,0.6461538461538462,12153
846,calibration,0.34375,13515
850,calibration,0.7142857142857143,1081
855,calibration,0.5333333333333333,821
893,calibration,0.7333333333333333,1153
904,calibration,0.627906976744186,15332
920,calibration,0.6470588235294118,2539
961,calibration,0.4,2459
967,calibration,0.45,15871
983,calibration,0.35,5877
987,calibration,0.7333333333333333,2933
999,calibration,0.5,9768
1005,calibration,0.5161290322580645,5286
1012,calibration,0.5714285714285714,2692
1020,calibration,0.6111111111111112,3298
1026,calibration,0.41379310344827586,1032
1027,calibration,0.6111111111111112,394
1030,calibration,0.4666666666666667,1732
1031,calibration,0.4444444444444444,15506
1036,calibration,0.7894736842105263,2470
1037,calibration,0.6470588235294118,16411
1043,calibration,0.5666666666666667,966
1056,calibration,0.56,1747
1076,calibration,0.4166666666666667,1268
1091,calibration,1.0,54
1097,calibration,0.7792207792207793,2209
1098,calibration,0.8571428571428571,2127
1099,calibration,0.7307692307692307,3636
1104,calibration,0.76,903
1108,calibration,0.7037037037037037,929
1111,calibration,0.42857142857142855,8992
1125,calibration,0.6296296296296297,1010
1129,calibration,0.5263157894736842,233
1132,calibration,0.5,1336
1151,calibration,0.4117647058823529,6539
1162,calibration,0.8888888888888888,3670
1165,calibration,0.34177215189873417,3091
1185,calibration,0.55,7122
1188,calibration,0.4473684210526316,6531
1189,calibration,0.75,2557
1203,calibration,0.5833333333333334,1401
1204,calibration,0.42424242424242425,8410
1226,calibration,0.35714285714285715,1694
1233,calibration,0.7446808510638298,5026
1248,calibration,0.38235294117647056,2138
1270,calibration,0.6857142857142857,787
1287,calibration,0.5769230769230769,236
1297,calibration,0.6153846153846154,1371
1301,calibration,0.3684210526315789,1371
1307,calibration,0.609375,6655
1310,calibration,0.5517241379310345,1309
1319,calibration,0.4,11062
1322,calibration,1.0,54
1323,calibration,0.9285714285714286,486
1328,calibration,0.5263157894736842,958
1329,calibration,0.5111111111111111,11079
1337,calibration,0.6721311475409836,1859
1345,calibration,0.7368421052631579,2546
1347,calibration,0.35714285714285715,1807
1354,calibration,0.36363636363636365,11925
1365,calibration,0.6071428571428571,1136
1372,calibration,0.6851851851851852,15125
1375,calibration,0.4,9431
1377,calibration,0.4666666666666667,1981
1380,calibration,0.2727272727272727,7440
1381,calibration,0.7169811320754716,1387
1385,calibration,0.625,1361
1389,calibration,0.725,1362
1396,calibration,0.5862068965517241,2501
1413,calibration,0.42857142857142855,3101
1415,calibration,0.8867924528301887,9456
1418,calibration,0.725,9778
1435,calibration,0.43137254901960786,15332
1438,calibration,0.30434782608695654,1442
1450,calibration,0.48148148148148145,2463
1460,calibration,0.7222222222222222,1651
1469,calibration,0.4090909090909091,9081
1474,calibration,0.4864864864864865,7363
1483,calibration,0.2857142857142857,1599
1504,calibration,0.6935483870967742,3360
1516,calibration,0.2857142857142857,2608
1517,calibration,0.75,8291
1519,calibration,0.40425531914893614,3858
1532,calibration,0.7307692307692307,3235
1533,calibration,0.5492957746478874,11263
1538,calibration,0.48148148148148145,15324
1561,calibration,0.5714285714285714,959
1567,calibration,0.65,7396
1568,calibration,0.5416666666666666,295
1571,calibration,0.5,16454
1577,calibration,0.3,1064
1578,calibration,1.0,1152
1580,calibration,0.38235294117647056,971
1589,calibration,0.2727272727272727,528
1600,calibration,1.0,1085
1612,calibration,0.6041666666666666,3551
1620,calibration,0.4888888888888889,7620
1632,calibration,0.5217391304347826,1210
1660,calibration,0.4,15043
1666,calibration,0.5517241379310345,1479
1682,calibration,0.3076923076923077,862
1684,calibration,0.42857142857142855,9306
1699,calibration,0.35,6877
1703,calibration,0.5,2803
1710,calibration,0.38461538461538464,5254
1736,calibration,0.5862068965517241,1751
1743,calibration,0.65,2470
1754,calibration,0.47619047619047616,2244
1773,calibration,0.4090909090909091,1023
1776,calibration,1.0,54
1784,calibration,0.4117647058823529,11061
1785,calibration,0.6538461538461539,3752
1802,calibration,0.42857142857142855,3680
1803,calibration,0.4375,1239
1821,calibration,0.4666666666666667,4105
1822,calibration,0.5,1479
1823,calibration,0.5555555555555556,4535
1825,calibration,0.391304347826087,3607
1835,calibration,0.32432432432432434,1917
1837,calibration,0.475,7361
1846,calibration,0.7333333333333333,2020
1847,calibration,0.6122448979591837,10984
1849,calibration,0.75,1791
1852,calibration,0.3448275862068966,1536
1868,calibration,0.7,3751
1869,calibration,0.35294117647058826,333
1879,calibration,0.2777777777777778,1914
1884,calibration,0.48484848484848486,1828
1909,calibration,0.24242424242424243,10777
1915,calibration,0.4857142857142857,2009
1921,calibration,0.5641025641025641,13060
1926,calibration,0.425531914893617,13670
1932,calibration,0.9230769230769231,2090
1942,calibration,0.48148148148148145,5558
1943,calibration,0.6666666666666666,1903
1952,calibration,0.35714285714285715,10202
1958,calibration,0.6486486486486487,2665
1976,calibration,0.8955223880597015,15095
1983,calibration,1.0,3174
2007,calibration,0.48484848484848486,1895
2017,calibration,0.5454545454545454,2289
2023,calibration,0.5476190476190477,14494
2024,calibration,0.717948717948718,2022
2034,calibration,0.9666666666666667,2028
2035,calibration,0.7297297297297297,2038
2037,calibration,0.7428571428571429,2028
2046,calibration,0.4883720930232558,16489
2060,calibration,0.25,2787
2066,calibration,0.3181818181818182,15317
2079,calibration,0.4583333333333333,2539
2081,calibration,0.5625,14058
2095,calibration,0.8214285714285714,15303
2121,calibration,0.54,5731
2122,calibration,0.525,921
2130,calibration,0.8392857142857143,3158
2139,calibration,0.41379310344827586,15168
2149,calibration,0.38461538461538464,2264
2157,calibration,0.7837837837837838,3251
2161,calibration,0.8421052631578947,2165
2164,calibration,0.6,3983
2166,calibration,0.22535211267605634,6248
2169,calibration,0.7142857142857143,4875
2173,calibration,0.8064516129032258,2220
2174,calibration,0.4888888888888889,4327
2181,calibration,0.75,5987
2185,calibration,0.7380952380952381,7698
2201,calibration,0.5882352941176471,15060
2213,calibration,0.37254901960784315,15894
2221,calibration,0.8222222222222222,2320
2242,calibration,0.5,1557
2243,calibration,0.5909090909090909,2506
2247,calibration,0.44,2859
2255,calibration,0.8666666666666667,2256
2259,calibration,0.8536585365853658,2346
2260,calibration,0.6,2256
2268,calibration,0.6296296296296297,9640
2269,calibration,0.5272727272727272,2381
2293,calibration,0.5,12101
2310,calibration,0.5172413793103449,10442
2311,calibration,0.2727272727272727,6379
2328,calibration,0.7272727272727273,10916
2333,calibration,0.7105263157894737,3515
2334,calibration,0.6551724137931034,2445
2339,calibration,0.34615384615384615,10667
2348,calibration,0.7413793103448276,2429
2359,calibration,0.6052631578947368,1562
2362,calibration,0.5517241379310345,2760
2369,calibration,0.5,5422
2371,calibration,0.575,13454
2387,calibration,0.4166666666666667,236
2388,calibration,0.36,3253
2415,calibration,0.5,1611
2419,calibration,0.6,11995
2430,calibration,0.875,16045
2437,calibration,0.7222222222222222,15582
2443,calibration,0.43243243243243246,7605
2448,calibration,0.4878048780487805,2449
2450,calibration,0.5625,2390
2454,calibration,0.851063829787234,3599
2461,calibration,0.391304347826087,5033
2464,calibration,0.35,1120
2469,calibration,0.8,6188
2480,calibration,0.4166666666666667,4058
2486,calibration,1.0,738
2488,calibration,0.4318181818181818,16400
2490,calibration,0.7021276595744681,3117
2502,calibration,0.3125,2787
2507,calibration,0.6666666666666666,2760
2508,calibration,0.6521739130434783,937
2526,calibration,0.711864406779661,8479
2549,calibration,0.6,2550
2560,calibration,1.0,2601
2591,calibration,0.6730769230769231,2642
2598,calibration,0.4583333333333333,16423
2620,calibration,0.2804878048780488,12799
2624,calibration,0.21739130434782608,15317
2643,calibration,0.4444444444444444,1206
2644,calibration,0.6714285714285714,6098
2649,calibration,0.6206896551724138,3993
2653,calibration,0.7142857142857143,1951
2656,calibration,0.3870967741935484,4171
2658,calibration,1.0,4070
2660,calibration,0.78,2950
2662,calibration,0.5652173913043478,15179
2670,calibration,0.59375,2638
2679,calibration,0.8,2216
2695,calibration,0.6875,2742
2698,calibration,0.7272727272727273,7684
2699,calibration,0.6923076923076923,1006
2740,calibration,0.9024390243902439,2747
2743,calibration,0.7441860465116279,15173
2759,calibration,0.3548387096774194,2758
2766,calibration,0.42424242424242425,1110
2767,calibration,0.41935483870967744,5772
2790,calibration,0.38095238095238093,9624
2837,calibration,0.9375,2838
2854,calibration,0.4411764705882353,3787
2857,calibration,0.4909090909090909,6134
2865,calibration,0.6470588235294118,5528
2877,calibration,0.5263157894736842,962
2878,calibration,0.37037037037037035,8577
2882,calibration,0.6153846153846154,1872
2883,calibration,0.8392857142857143,15209
2890,calibration,0.2857142857142857,4305
2895,calibration,0.725,3004
2898,calibration,0.6363636363636364,3004
2903,calibration,0.7272727272727273,2957
2904,calibration,0.7837837837837838,3004
2908,calibration,0.3793103448275862,3729
2909,calibration,0.5,6794
2920,calibration,0.7777777777777778,2919
2944,calibration,0.7142857142857143,4239
2945,calibration,0.53125,10764
2946,calibration,0.24528301886792453,2417
2959,calibration,0.725,3004
2978,calibration,0.6,2968
2979,calibration,0.7368421052631579,2011
2981,calibration,0.6,1617
2989,calibration,0.6296296296296297,14050
3008,calibration,0.34146341463414637,13565
3019,calibration,0.8620689655172413,12514
3020,calibration,0.78125,12514
3033,calibration,0.6041666666666666,1541
3034,calibration,0.575,10672
3055,calibration,0.43902439024390244,1366
3056,calibration,0.9411764705882353,9497
3057,calibration,0.5681818181818182,13742
3065,calibration,0.3953488372093023,1800
3076,calibration,0.6111111111111112,2127
3078,calibration,0.43902439024390244,15504
3079,calibration,0.7391304347826086,6016
3080,calibration,0.6944444444444444,3113
3093,calibration,1.0,805
3094,calibration,0.6428571428571429,2475
3099,calibration,1.0,2140
3104,calibration,0.625,15693
3107,calibration,0.5,3110
3109,calibration,0.5333333333333333,3110
3111,calibration,0.7297297297297297,4692
3118,calibration,0.7254901960784313,3154
3121,calibration,0.3064516129032258,10322
3122,calibration,0.72,5390
3136,calibration,0.6666666666666666,5102
3139,calibration,0.34375,748
3146,calibration,0.7096774193548387,1406
3149,calibration,1.0,4491
3153,calibration,0.6122448979591837,3152
3160,calibration,0.8421052631578947,3158
3163,calibration,0.3125,883
3176,calibration,0.5454545454545454,13604
3178,calibration,0.7619047619047619,20
3182,calibration,0.55,9282
3188,calibration,0.8333333333333334,15536
3194,calibration,0.7307692307692307,424
3195,calibration,0.36363636363636365,15317
3202,calibration,0.6285714285714286,3438
3218,calibration,0.3333333333333333,9925
3232,calibration,0.5217391304347826,5813
3233,calibration,0.5957446808510638,4047
3236,calibration,0.8461538461538461,3237
3250,calibration,0.8076923076923077,3249
3266,calibration,0.9666666666666667,4444
3268,calibration,0.3780487804878049,867
3277,calibration,0.7272727272727273,2220
3285,calibration,0.4375,1062
3290,calibration,0.8765432098765432,10415
3306,calibration,0.46875,11156
3307,calibration,0.6363636363636364,3387
3309,calibration,0.5121951219512195,2617
3318,calibration,0.6976744186046512,3316
3325,calibration,0.975,3326
3328,calibration,0.5967741935483871,8973
3330,calibration,0.6333333333333333,5559
3333,calibration,0.34285714285714286,2138
3337,calibration,0.5172413793103449,4674
3338,calibration,0.8421052631578947,3339
3355,calibration,0.7435897435897436,3322
3365,calibration,0.7647058823529411,757
3368,calibration,0.4489795918367347,12641
3374,calibration,0.6666666666666666,14050
3375,calibration,0.6842105263157895,3050
3380,calibration,0.75,3158
3391,calibration,0.9375,1988
3397,calibration,0.4909090909090909,8671
3408,calibration,0.5185185185185185,5047
3414,calibration,0.2222222222222222,15513
3420,calibration,0.6551724137931034,10427
3424,calibration,0.4411764705882353,1705
3433,calibration,1.0,9414
3446,calibration,0.6222222222222222,11241
3450,calibration,0.5,3783
3458,calibration,0.5652173913043478,15025
3472,calibration,0.7222222222222222,6623
3473,calibration,0.6875,9768
3475,calibration,0.4666666666666667,1895
3477,calibration,0.6585365853658537,13535
3489,calibration,0.5333333333333333,1993
3500,calibration,0.6923076923076923,1653
3503,calibration,0.23529411764705882,7687
3518,calibration,0.8695652173913043,2889
3521,calibration,1.0,11553
3523,calibration,0.43478260869565216,1206
3526,calibration,0.3181818181818182,889
3532,calibration,0.43333333333333335,10193
3546,calibration,0.5862068965517241,2302
3550,calibration,0.5,1334
3555,calibration,0.7142857142857143,5071
3557,calibration,0.5769230769230769,9306
3558,calibration,0.43243243243243246,10576
3567,calibration,0.6909090909090909,1170
3569,calibration,0.717391304347826,3568
3572,calibration,0.6808510638297872,3568
3591,calibration,0.6595744680851063,13284
3593,calibration,0.45161290322580644,2611
3601,calibration,0.5,7684
3605,calibration,0.4528301886792453,9404
3632,calibration,0.5111111111111111,8047
3634,calibration,0.6086956521739131,2528
3639,calibration,0.4117647058823529,12213
3671,calibration,0.825,9547
3689,calibration,0.3333333333333333,3246
3731,calibration,0.5263157894736842,3726
3735,calibration,0.5428571428571428,1886
3739,calibration,0.42857142857142855,13338
3742,calibration,0.8113207547169812,3396
3747,calibration,0.30434782608695654,882
3753,calibration,0.38095238095238093,1582
3760,calibration,0.88,709
3765,calibration,0.3793103448275862,11044
3773,calibration,0.3055555555555556,15039
3782,calibration,0.3191489361702128,15410
3790,calibration,0.39622641509433965,6688
3796,calibration,0.6097560975609756,5875
3809,calibration,0.4,5344
3822,calibration,0.32894736842105265,6248
3839,calibration,0.6976744186046512,3838
3846,calibration,0.6956521739130435,3869
3852,calibration,0.7714285714285715,2403
3861,calibration,0.4117647058823529,3860
3863,calibration,0.9024390243902439,3865
3864,calibration,1.0,3865
3875,calibration,0.5294117647058824,9437
3879,calibration,0.5,3322
3880,calibration,0.7857142857142857,3834
3893,calibration,0.6585365853658537,1584
3900,calibration,0.5,761
3909,calibration,0.7843137254901961,15259
3910,calibration,0.43333333333333335,5174
3912,calibration,0.3770491803278688,10301
3920,calibration,0.2777777777777778,4699
3932,calibration,0.47368421052631576,3275
3933,calibration,0.2807017543859649,43
3937,calibration,0.275,1648
3941,calibration,0.5,2417
3944,calibration,0.5384615384615384,3943
3945,calibration,0.6136363636363636,3951
3946,calibration,0.6410256410256411,3943
3947,calibration,0.5454545454545454,15201
3952,calibration,0.4583333333333333,3956
3966,calibration,0.7647058823529411,2668
3973,calibration,0.5714285714285714,6012
3976,calibration,0.34782608695652173,10446
3980,calibration,0.8333333333333334,782
3997,calibration,0.4523809523809524,11379
4000,calibration,0.6086956521739131,15062
4002,calibration,0.8333333333333334,3791
4003,calibration,0.7674418604651163,3950
4004,calibration,0.7368421052631579,2265
4010,calibration,0.4117647058823529,6122
4016,calibration,0.54,15282
4032,calibration,0.5384615384615384,1361
4039,calibration,0.5961538461538461,4045
4041,calibration,0.7419354838709677,3857
4049,calibration,0.5581395348837209,3793
4050,calibration,0.717948717948718,6796
4062,calibration,0.8235294117647058,15078
4064,calibration,0.6857142857142857,4151
4065,calibration,0.7777777777777778,1100
4073,calibration,0.5882352941176471,16489
4081,calibration,0.5217391304347826,5813
4082,calibration,0.25,1206
4085,calibration,0.3888888888888889,2235
4086,calibration,0.5172413793103449,537
4096,calibration,0.9230769230769231,4685
4106,calibration,0.38235294117647056,5799
4116,calibration,0.3888888888888889,986
4123,calibration,0.43478260869565216,11129
4126,calibration,0.5,3797
4128,calibration,0.3870967741935484,2721
4134,calibration,0.7777777777777778,4354
4136,calibration,0.6341463414634146,11560
4137,calibration,0.7142857142857143,11560
4142,calibration,0.34615384615384615,3807
4144,calibration,0.514018691588785,9874
4147,calibration,0.42424242424242425,3255
4150,calibration,0.42857142857142855,2932
4163,calibration,0.4339622641509434,4161
4196,calibration,0.6888888888888889,4842
4199,calibration,0.9761904761904762,4089
4202,calibration,0.7872340425531915,4089
4209,calibration,0.3,990
4213,calibration,0.4423076923076923,568
4217,calibration,0.2857142857142857,1596
4233,calibration,1.0,4231
4236,calibration,0.6333333333333333,4852
4243,calibration,0.4864864864864865,8992
4244,calibration,0.2903225806451613,15043
4257,calibration,0.3275862068965517,2519
4263,calibration,0.5,1011
4278,calibration,0.42424242424242425,4924
4280,calibration,0.5833333333333334,805
4282,calibration,0.3333333333333333,6612
4288,calibration,0.4339622641509434,11321
4304,calibration,0.7555555555555555,4564
4308,calibration,0.5625,4307
4317,calibration,0.6666666666666666,4318
4325,calibration,0.6111111111111112,1530
4335,calibration,0.38,2720
4338,calibration,0.28888888888888886,1273
4388,calibration,0.25,3718
4406,calibration,0.6764705882352942,15313
4410,calibration,0.6481481481481481,4890
4417,calibration,0.5538461538461539,7596
4419,calibration,0.5405405405405406,3464
4423,calibration,0.6666666666666666,4422
4429,calibration,0.43478260869565216,105
4434,calibration,0.8095238095238095,6445
4435,calibration,0.7954545454545454,6456
4436,calibration,0.6818181818181818,6445
4437,calibration,0.84,4653
4449,calibration,0.9629629629629629,7122
4456,calibration,0.36585365853658536,1209
4459,calibration,0.5625,4239
4461,calibration,0.5294117647058824,4239
4464,calibration,0.48148148148148145,948
4467,calibration,0.6037735849056604,4469
4471,calibration,0.6153846153846154,14295
4480,calibration,0.5,2115
4492,calibration,0.5909090909090909,12898
4495,calibration,0.4883720930232558,5944
4499,calibration,0.5517241379310345,5126
4501,calibration,0.25,1988
4518,calibration,0.9090909090909091,805
4520,calibration,1.0,15249
4533,calibration,0.3225806451612903,10320
4547,calibration,0.2608695652173913,7039
4559,calibration,0.6666666666666666,4556
4563,calibration,0.4,12935
4577,calibration,0.6666666666666666,5669
4579,calibration,0.7317073170731707,5669
4584,calibration,0.7333333333333333,4583
4585,calibration,0.85,4583
4593,calibration,0.5454545454545454,4595
4601,calibration,0.7,4556
4604,calibration,0.7209302325581395,2410
4605,calibration,0.8450704225352113,4722
4615,calibration,0.6571428571428571,4618
4620,calibration,0.7297297297297297,13926
4624,calibration,0.4666666666666667,4625
4640,calibration,0.40540540540540543,710
4673,calibration,0.7391304347826086,4672
4678,calibration,0.7804878048780488,4438
4689,calibration,0.6216216216216216,845
4697,calibration,0.5263157894736842,7945
4700,calibration,0.5416666666666666,1715
4701,calibration,0.782608695652174,4427
4703,calibration,0.8,4425
4714,calibration,0.48484848484848486,2349
4717,calibration,0.40425531914893614,4900
4726,calibration,0.8571428571428571,4878
4728,calibration,0.8421052631578947,4729
4734,calibration,0.6739130434782609,4878
4735,calibration,0.4423076923076923,4179
4736,calibration,0.8666666666666667,4737
4738,calibration,0.525,973
4746,calibration,0.9130434782608695,4655
4756,calibration,0.24324324324324326,7481
4769,calibration,0.5714285714285714,4766
4772,calibration,0.2972972972972973,5142
4785,calibration,0.5319148936170213,6370
4794,calibration,0.5,4798
4803,calibration,0.34146341463414637,2608
4815,calibration,0.5384615384615384,6794
4817,calibration,0.734375,3158
4832,calibration,0.9473684210526315,4833
4857,calibration,0.7291666666666666,4854
4866,calibration,0.8125,4226
4879,calibration,0.6829268292682927,9469
4881,calibration,0.5142857142857142,7739
4887,calibration,0.5714285714285714,3352
4892,calibration,0.6595744680851063,4337
4895,calibration,0.9333333333333333,4909
4899,calibration,0.7272727272727273,4718
4901,calibration,0.4166666666666667,2532
4912,calibration,0.8478260869565217,4909
4918,calibration,0.8235294117647058,1481
4919,calibration,1.0,1147
4925,calibration,1.0,4444
4936,calibration,0.40625,15168
4937,calibration,0.2222222222222222,1153
4950,calibration,0.4782608695652174,3207
4969,calibration,0.24,67
4975,calibration,0.6857142857142857,3531
4980,calibration,0.5652173913043478,10137
4982,calibration,1.0,4444
4988,calibration,0.2631578947368421,884
4995,calibration,0.4838709677419355,3510
5003,calibration,0.4716981132075472,11909
5007,calibration,0.8571428571428571,5490
5018,calibration,0.379746835443038,6098
5035,calibration,0.6153846153846154,5224
5043,calibration,0.55,5166
5046,calibration,0.6875,3108
5058,calibration,0.62,4842
5069,calibration,0.6,5067
5075,calibration,0.45454545454545453,3544
5103,calibration,0.6857142857142857,5102
5110,calibration,0.7954545454545454,5123
5113,calibration,0.9210526315789473,5111
5124,calibration,0.7727272727272727,5125
5127,calibration,0.7741935483870968,287
5156,calibration,0.2765957446808511,1947
5167,calibration,0.9666666666666667,5754
5179,calibration,0.7560975609756098,5211
5181,calibration,0.9736842105263158,5185
5182,calibration,0.40816326530612246,11173
5184,calibration,0.4864864864864865,5183
5189,calibration,0.7291666666666666,5194
5192,calibration,0.8260869565217391,5194
5200,calibration,0.5227272727272727,7700
5223,calibration,0.7,5221
5227,calibration,0.5666666666666667,5601
5239,calibration,0.5853658536585366,9683
5246,calibration,0.6949152542372882,2475
5251,calibration,0.5,5547
5253,calibration,0.59375,12736
5256,calibration,0.9166666666666666,5117
5258,calibration,0.6756756756756757,3793
5269,calibration,0.358974358974359,10781
5287,calibration,0.8055555555555556,12014
5294,calibration,0.6851851851851852,5298
5297,calibration,0.7288135593220338,5305
5300,calibration,0.8148148148148148,5299
5306,calibration,0.35,816
5341,calibration,0.373134328358209,2659
5350,calibration,0.6666666666666666,6080
5359,calibration,0.5918367346938775,5360
5382,calibration,0.6382978723404256,5391
5395,calibration,0.7272727272727273,5377
5403,calibration,0.7586206896551724,3271
5408,calibration,0.3,8502
5421,calibration,0.5333333333333333,6512
5424,calibration,0.6666666666666666,15426
5426,calibration,0.6666666666666666,5427
5429,calibration,0.9333333333333333,3275
5432,calibration,0.4230769230769231,2278
5439,calibration,0.8518518518518519,5438
5441,calibration,0.8163265306122449,5440
5443,calibration,0.603448275862069,5440
5445,calibration,0.6388888888888888,11567
5447,calibration,0.4782608695652174,6370
5450,calibration,0.5,10560
5456,calibration,0.46875,8516
5460,calibration,0.9354838709677419,5462
5469,calibration,0.6,2937
5473,calibration,0.4074074074074074,3607
5483,calibration,0.6153846153846154,1019
5491,calibration,0.7291666666666666,5490
5516,calibration,0.5833333333333334,5973
5518,calibration,0.6923076923076923,394
5524,calibration,0.48484848484848486,15296
5526,calibration,0.7547169811320755,5203
5539,calibration,0.3584905660377358,2687
5543,calibration,0.8604651162790697,5544
5545,calibration,0.7708333333333334,5544
5548,calibration,0.56,3551
5550,calibration,0.625,2336
5554,calibration,0.6666666666666666,10758
5564,calibration,0.8571428571428571,5565
5569,calibration,0.7708333333333334,6975
5585,calibration,0.8979591836734694,5586
5599,calibration,0.6129032258064516,5601
5602,calibration,0.6428571428571429,5601
5606,calibration,0.8163265306122449,667
5615,calibration,0.7297297297297297,9993
5616,calibration,0.875,10012
5622,calibration,0.5869565217391305,12709
5624,calibration,0.6458333333333334,13555
5625,calibration,0.9705882352941176,13754
5627,calibration,0.7368421052631579,5628
5685,calibration,0.7407407407407407,5684
5693,calibration,0.6086956521739131,5640
5698,calibration,0.8088235294117647,5697
5704,calibration,0.5909090909090909,9497
5705,calibration,0.17857142857142858,12481
5713,calibration,0.7777777777777778,5712
5715,calibration,0.6176470588235294,5706
5721,calibration,0.5128205128205128,5706
5726,calibration,0.631578947368421,5372
5732,calibration,0.7435897435897436,5519
5750,calibration,0.7761194029850746,5697
5789,calibration,0.6923076923076923,5788
5794,calibration,0.4444444444444444,3097
5795,calibration,0.7222222222222222,11466
5804,calibration,0.85,5701
5808,calibration,0.8461538461538461,1781
5824,calibration,0.45098039215686275,16419
5827,calibration,0.7674418604651163,6190
5829,calibration,0.42424242424242425,7775
5835,calibration,0.8043478260869565,5837
5848,calibration,0.7446808510638298,5394
5857,calibration,0.851063829787234,5855
5861,calibration,0.9615384615384616,5865
5868,calibration,0.4634146341463415,2220
5869,calibration,0.5483870967741935,5492
5872,calibration,0.7731958762886598,15541
5874,calibration,0.8070175438596491,3396
5894,calibration,0.8275862068965517,5031
5897,calibration,0.5135135135135135,6062
5903,calibration,0.6428571428571429,5904
5905,calibration,0.6,2200
5913,calibration,0.5882352941176471,2931
5916,calibration,0.56,5910
5919,calibration,0.7727272727272727,5918
5952,calibration,0.8378378378378378,5951
5958,calibration,0.43902439024390244,6197
5970,calibration,0.7115384615384616,5979
5980,calibration,0.6229508196721312,5969
5986,calibration,0.46551724137931033,14050
5990,calibration,0.5769230769230769,5071
5992,calibration,0.7391304347826086,3670
5999,calibration,0.7894736842105263,5415
6005,calibration,0.28169014084507044,7173
6019,calibration,0.7931034482758621,3804
6020,calibration,0.5652173913043478,4750
6023,calibration,0.6428571428571429,6022
6025,calibration,0.8,6028
6033,calibration,0.5769230769230769,3650
6047,calibration,0.5588235294117647,6049
6048,calibration,0.4594594594594595,323
6060,calibration,0.5135135135135135,6627
6072,calibration,0.5641025641025641,11030
6078,calibration,0.375,8776
6082,calibration,0.34545454545454546,8849
6099,calibration,0.38235294117647056,6104
6100,calibration,0.6896551724137931,15225
6105,calibration,0.8260869565217391,3897
6107,calibration,0.6388888888888888,7518
6118,calibration,0.8043478260869565,6336
6125,calibration,0.7017543859649122,6131
6128,calibration,0.5833333333333334,6130
6129,calibration,0.5,6452
6136,calibration,0.711864406779661,6138
6144,calibration,0.6888888888888889,377
6146,calibration,0.6060606060606061,1771
6152,calibration,0.7454545454545455,6157
6156,calibration,0.8867924528301887,6157
6160,calibration,0.8490566037735849,6162
6170,calibration,0.3508771929824561,15228
6175,calibration,0.8444444444444444,6174
6192,calibration,0.5,2350
6209,calibration,0.5777777777777777,6210
6220,calibration,0.8444444444444444,6225
6227,calibration,0.7708333333333334,6231
6237,calibration,0.578125,6238
6239,calibration,0.6511627906976745,6254
6245,calibration,0.5636363636363636,5680
6246,calibration,0.4666666666666667,4105
6251,calibration,0.7380952380952381,6253
6266,calibration,0.5952380952380952,6268
6269,calibration,0.5714285714285714,10565
6273,calibration,0.7027027027027027,5947
6276,calibration,0.45454545454545453,2071
6283,calibration,0.7368421052631579,5659
6284,calibration,0.8974358974358975,5660
6298,calibration,1.0,6297
6300,calibration,1.0,6297
6308,calibration,0.625,3059
6313,calibration,0.8947368421052632,6515
6315,calibration,0.6829268292682927,6319
6321,calibration,0.39285714285714285,11446
6327,calibration,0.4634146341463415,2511
6337,calibration,0.813953488372093,6340
6352,calibration,0.8333333333333334,6340
6353,calibration,0.8333333333333334,6120
6368,calibration,0.8125,6375
6371,calibration,0.36363636363636365,10807
6378,calibration,1.0,6297
6386,calibration,0.7647058823529411,6385
6397,calibration,0.6923076923076923,1794
6398,calibration,0.6428571428571429,1794
6399,calibration,0.8536585365853658,6417
6400,calibration,0.75,6382
6405,calibration,0.7551020408163265,6404
6435,calibration,0.41379310344827586,1044
6441,calibration,0.7317073170731707,6402
6448,calibration,0.7045454545454546,6449
6451,calibration,0.7659574468085106,6452
6459,calibration,0.7872340425531915,6456
6468,calibration,0.675,298
6488,calibration,0.34615384615384615,2064
6492,calibration,0.5535714285714286,8669
6497,calibration,0.6857142857142857,6499
6506,calibration,0.45454545454545453,4924
6513,calibration,0.972972972972973,6515
6514,calibration,1.0,6515
6517,calibration,0.5,1371
6525,calibration,0.3333333333333333,333
6532,calibration,0.45652173913043476,6480
6542,calibration,0.325,3957
6545,calibration,0.32989690721649484,10531
6596,calibration,0.9615384615384616,3005
6610,calibration,0.6666666666666666,7528
6615,calibration,0.5151515151515151,3628
6629,calibration,0.6142857142857143,6627
6631,calibration,0.6666666666666666,5051
6638,calibration,0.26373626373626374,1452
6640,calibration,0.6052631578947368,6275
6646,calibration,0.32653061224489793,13718
6673,calibration,0.3787878787878788,15200
6675,calibration,0.7647058823529411,6650
6695,calibration,0.8333333333333334,6719
6699,calibration,0.6857142857142857,6688
6729,calibration,0.6363636363636364,11949
6732,calibration,0.6808510638297872,6731
6735,calibration,0.5,6627
6736,calibration,0.76,9622
6738,calibration,0.45161290322580644,998
6744,calibration,0.525,79
6750,calibration,0.7540983606557377,6753
6752,calibration,0.6666666666666666,6753
6763,calibration,0.6666666666666666,6760
6765,calibration,0.8461538461538461,6776
6773,calibration,0.8,6772
6774,calibration,0.5714285714285714,7694
6779,calibration,0.7678571428571429,6776
6791,calibration,0.3469387755102041,10792
6815,calibration,0.5,9838
6819,calibration,0.7804878048780488,6820
6821,calibration,0.5434782608695652,6834
6826,calibration,0.8214285714285714,789
6829,calibration,0.74,6586
6858,calibration,0.6923076923076923,6857
6880,calibration,0.2857142857142857,6618
6893,calibration,0.6666666666666666,3560
6899,calibration,0.5714285714285714,6583
6901,calibration,0.5384615384615384,6279
6904,calibration,0.6530612244897959,6984
6910,calibration,0.4230769230769231,2088
6939,calibration,0.6444444444444445,4307
6942,calibration,0.6923076923076923,6943
6945,calibration,0.7446808510638298,6951
6947,calibration,0.7380952380952381,6948
6952,calibration,0.6428571428571429,7853
6964,calibration,0.6666666666666666,6605
6965,calibration,0.6341463414634146,1574
6968,calibration,0.40625,3392
6973,calibration,0.6470588235294118,10135
6980,calibration,0.5121951219512195,15274
6983,calibration,0.8,6984
6985,calibration,0.8,6984
6997,calibration,0.4716981132075472,4245
7004,calibration,0.3888888888888889,7265
7006,calibration,0.6744186046511628,7068
7008,calibration,0.6857142857142857,7002
7025,calibration,0.7857142857142857,7024
7026,calibration,0.6923076923076923,7022
7028,calibration,0.7333333333333333,7024
7030,calibration,0.43333333333333335,6436
7031,calibration,0.7037037037037037,7037
7033,calibration,0.3448275862068966,7057
7034,calibration,0.5185185185185185,7029
7053,calibration,0.391304347826087,7054
7055,calibration,0.36,7069
7056,calibration,0.43333333333333335,7069
7065,calibration,0.8222222222222222,7064
7082,calibration,0.5510204081632653,7851
7091,calibration,0.7297297297297297,6510
7092,calibration,0.7560975609756098,9427
7094,calibration,0.625,7085
7101,calibration,0.45161290322580644,4473
7114,calibration,0.9375,2809
7125,calibration,0.7692307692307693,6873
7127,calibration,0.6933333333333334,6650
7135,calibration,1.0,7134
7153,calibration,0.6071428571428571,3683
7154,calibration,0.35294117647058826,2370
7162,calibration,0.88,15558
7167,calibration,0.875,6656
7178,calibration,0.717391304347826,7201
7184,calibration,0.8695652173913043,7190
7185,calibration,0.8780487804878049,7285
7188,calibration,0.8636363636363636,7182
7200,calibration,0.7674418604651163,3410
7205,calibration,0.3235294117647059,6805
7249,calibration,0.71875,7370
7252,calibration,0.36,5943
7254,calibration,0.6,5747
7255,calibration,0.4827586206896552,5525
7276,calibration,0.22857142857142856,1420
7277,calibration,0.5641025641025641,5166
7278,calibration,0.4166666666666667,4027
7295,calibration,0.7843137254901961,7291
7307,calibration,0.8,7322
7308,calibration,0.475,11628
7309,calibration,0.7941176470588235,8291
7319,calibration,0.5348837209302325,15147
7340,calibration,0.5294117647058824,7338
7343,calibration,0.5714285714285714,7345
7344,calibration,0.5952380952380952,159
7357,calibration,0.5555555555555556,5175
7364,calibration,0.3684210526315789,1630
7369,calibration,0.4473684210526316,10828
7373,calibration,0.6129032258064516,4161
7377,calibration,0.4838709677419355,2208
7378,calibration,0.6190476190476191,4994
7379,calibration,0.3333333333333333,9441
7382,calibration,0.717948717948718,7078
7383,calibration,0.717948717948718,7068
7386,calibration,0.6333333333333333,7385
7387,calibration,0.625,7385
7388,calibration,0.5588235294117647,7385
7392,calibration,0.71875,7014
7404,calibration,0.8695652173913043,7405
7410,calibration,0.5652173913043478,10219
7415,calibration,0.8076923076923077,12791
7439,calibration,0.6097560975609756,15361
7447,calibration,0.7441860465116279,1175
7450,calibration,0.5128205128205128,4606
7454,calibration,0.46551724137931033,7453
7465,calibration,0.3611111111111111,1783
7473,calibration,0.7727272727272727,6921
7488,calibration,0.627906976744186,7489
7503,calibration,0.5238095238095238,8414
7506,calibration,0.5897435897435898,7536
7514,calibration,0.7241379310344828,12705
7515,calibration,0.75,12705
7517,calibration,0.7575757575757576,12700
7529,calibration,0.4,2657
7531,calibration,0.45454545454545453,5183
7553,calibration,0.4117647058823529,642
7561,calibration,0.5925925925925926,3551
7565,calibration,0.7377049180327869,7566
7576,calibration,0.7619047619047619,7577
7578,calibration,0.5609756097560976,7574
7585,calibration,0.7777777777777778,7582
7598,calibration,0.3770491803278688,9486
7607,calibration,0.49038461538461536,1428
7608,calibration,0.4722222222222222,2758
7609,calibration,0.7647058823529411,11560
7621,calibration,0.5227272727272727,2069
7628,calibration,0.5476190476190477,7638
7657,calibration,0.41025641025641024,11029
7660,calibration,0.59375,11148
7663,calibration,0.5254237288135594,7899
7691,calibration,0.717391304347826,9487
7696,calibration,0.6071428571428571,1689
7711,calibration,0.46774193548387094,9877
7721,calibration,0.4909090909090909,5964
7731,calibration,0.6285714285714286,392
7732,calibration,0.7575757575757576,4618
7758,calibration,0.48717948717948717,7211
7760,calibration,0.5116279069767442,7759
7762,calibration,0.673469387755102,6672
7765,calibration,0.9090909090909091,3894
7865,calibration,0.48,1991
7880,calibration,0.6101694915254238,4167
7882,calibration,0.8571428571428571,4393
7883,calibration,1.0,805
7897,calibration,0.6333333333333333,1119
7903,calibration,0.5517241379310345,6109
7927,calibration,0.5806451612903226,4966
7929,calibration,0.6875,5327
7931,calibration,0.5806451612903226,5327
7932,calibration,0.7333333333333333,5327
7946,calibration,0.5348837209302325,12957
7949,calibration,0.4666666666666667,2083
7955,calibration,0.2916666666666667,1150
7960,calibration,0.5,13372
7974,calibration,0.6,16451
7982,calibration,0.6666666666666666,7986
7985,calibration,0.8235294117647058,7986
7988,calibration,0.6153846153846154,7986
7990,calibration,0.7966101694915254,7991
7992,calibration,0.9821428571428571,7989
7994,calibration,0.8392857142857143,7993
8012,calibration,0.59375,6608
8028,calibration,0.46153846153846156,686
8029,calibration,0.3508771929824561,7461
8030,calibration,0.78,5390
8041,calibration,0.20491803278688525,7076
8058,calibration,0.3958333333333333,1782
8062,calibration,0.29411764705882354,1153
8068,calibration,0.4666666666666667,3580
8069,calibration,0.4722222222222222,11796
8072,calibration,0.4857142857142857,3125
8094,calibration,0.7804878048780488,7594
8122,calibration,0.7441860465116279,5590
8125,calibration,0.7076923076923077,8124
8134,calibration,0.5555555555555556,3745
8144,calibration,0.6818181818181818,15722
8150,calibration,0.6774193548387096,12085
8154,calibration,0.6071428571428571,15168
8184,calibration,0.8947368421052632,6642
8187,calibration,1.0,8188
8214,calibration,0.5789473684210527,16400
8218,calibration,0.55,4933
8220,calibration,0.8679245283018868,15688
8224,calibration,0.3389830508474576,1536
8240,calibration,0.82,8332
8242,calibration,0.8775510204081632,8357
8252,calibration,0.74,8362
8270,calibration,0.3333333333333333,15201
8288,calibration,0.425,6851
8293,calibration,0.717391304347826,6731
8299,calibration,0.2894736842105263,4353
8317,calibration,0.5952380952380952,8322
8318,calibration,0.5681818181818182,8322
8325,calibration,0.7142857142857143,8319
8335,calibration,0.8297872340425532,8358
8338,calibration,0.6363636363636364,8336
8343,calibration,0.6956521739130435,8344
8349,calibration,0.7317073170731707,8350
8351,calibration,0.68,9907
8373,calibration,0.5128205128205128,8371
8376,calibration,0.7674418604651163,8350
8388,calibration,0.5757575757575758,1917
8399,calibration,0.7105263157894737,2314
8415,calibration,0.6428571428571429,8421
8438,calibration,0.2903225806451613,4642
8441,calibration,0.49019607843137253,9282
8446,calibration,0.7096774193548387,8444
8453,calibration,0.5675675675675675,7494
8454,calibration,0.6938775510204082,8455
8458,calibration,0.8604651162790697,8461
8472,calibration,0.48484848484848486,1723
8487,calibration,0.85,6034
8503,calibration,1.0,2791
8505,calibration,0.85,8507
8515,calibration,0.4473684210526316,7157
8523,calibration,0.6206896551724138,14613
8531,calibration,0.3548387096774194,8965
8536,calibration,0.8285714285714286,854
8573,calibration,0.8048780487804879,8575
8574,calibration,0.8125,8577
8579,calibration,0.8148148148148148,8582
8584,calibration,0.803921568627451,8589
8595,calibration,0.8857142857142857,8665
8607,calibration,0.6666666666666666,13166
8637,calibration,0.4489795918367347,9854
8642,calibration,0.3684210526315789,15437
8647,calibration,0.9090909090909091,8646
8649,calibration,0.6052631578947368,8645
8653,calibration,0.49019607843137253,14548
8654,calibration,0.88,8655
8663,calibration,0.6382978723404256,8592
8678,calibration,0.5454545454545454,2881
8692,calibration,0.38461538461538464,57
8709,calibration,0.7464788732394366,3247
8720,calibration,1.0,6297
8739,calibration,0.4666666666666667,9827
8747,calibration,0.5384615384615384,8750
8748,calibration,0.7777777777777778,8749
8753,calibration,0.625,8749
8775,calibration,0.48,4270
8783,calibration,0.7435897435897436,16232
8788,calibration,0.9052631578947369,8787
8818,calibration,0.7222222222222222,8817
8826,calibration,0.6428571428571429,8828
8829,calibration,0.6491228070175439,8581
8831,calibration,0.6458333333333334,8830
8839,calibration,0.6136363636363636,8386
8840,calibration,0.627906976744186,8386
8842,calibration,1.0,6297
8869,calibration,0.6862745098039216,8870
8895,calibration,0.5,6326
8896,calibration,0.35135135135135137,2834
8902,calibration,0.5238095238095238,7843
8927,calibration,0.7878787878787878,9146
8931,calibration,0.9361702127659575,8929
8939,calibration,0.48717948717948717,14299
8956,calibration,0.42857142857142855,2148
8960,calibration,0.6363636363636364,4721
8962,calibration,0.6,33
8971,calibration,0.4482758620689655,7899
8972,calibration,0.3333333333333333,2544
8977,calibration,0.6666666666666666,15156
8984,calibration,0.9767441860465116,8983
8986,calibration,0.8604651162790697,8987
8993,calibration,0.5897435897435898,12856
8995,calibration,0.4897959183673469,8996
8999,calibration,0.7368421052631579,3052
9000,calibration,0.8235294117647058,9004
9007,calibration,0.5555555555555556,3052
9010,calibration,0.53125,6079
9017,calibration,0.8979591836734694,12731
9020,calibration,0.6857142857142857,9019
9021,calibration,0.6216216216216216,9019
9026,calibration,0.5,11815
9036,calibration,0.25,2540
9039,calibration,0.31343283582089554,7052
9043,calibration,0.4838709677419355,3607
9049,calibration,0.6333333333333333,9440
9059,calibration,0.7777777777777778,9057
9062,calibration,0.375,11116
9065,calibration,0.78,16466
9085,calibration,0.8045977011494253,9874
9123,calibration,0.7380952380952381,9122
9154,calibration,0.45,4161
9155,calibration,0.37254901960784315,2220
9173,calibration,0.631578947368421,8662
9179,calibration,0.5714285714285714,10560
9194,calibration,0.8431372549019608,9193
9196,calibration,0.8260869565217391,9188
9218,calibration,0.9111111111111111,9216
9225,calibration,0.75,16495
9227,calibration,0.8409090909090909,9226
9253,calibration,0.5806451612903226,4151
9259,calibration,0.4838709677419355,1015
9269,calibration,0.717948717948718,12640
9280,calibration,0.71875,9276
9284,calibration,0.4857142857142857,3774
9290,calibration,0.46236559139784944,12178
9305,calibration,1.0,10231
9314,calibration,0.4536082474226804,113
9330,calibration,0.5483870967741935,5427
9331,calibration,0.3409090909090909,3710
9332,calibration,0.47368421052631576,1997
9333,calibration,0.7333333333333333,9334
9342,calibration,0.8421052631578947,9341
9347,calibration,0.5833333333333334,9352
9353,calibration,0.2558139534883721,15789
9354,calibration,0.775,4517
9357,calibration,0.5405405405405406,9358
9371,calibration,0.6440677966101694,7746
9372,calibration,0.6538461538461539,7624
9376,calibration,0.7818181818181819,9456
9384,calibration,0.8363636363636363,9392
9385,calibration,0.7083333333333334,425
9386,calibration,0.8148148148148148,6509
9388,calibration,0.56,425
9398,calibration,0.5595238095238095,4819
9403,calibration,0.8363636363636363,9392
9410,calibration,0.42105263157894735,6277
9415,calibration,0.5208333333333334,3041
9423,calibration,0.6,3041
9424,calibration,0.7435897435897436,6984
9425,calibration,0.5531914893617021,4206
9432,calibration,0.6666666666666666,1048
9449,calibration,0.8070175438596491,9392
9455,calibration,0.7413793103448276,9390
9460,calibration,0.86,9451
9461,calibration,0.7241379310344828,9392
9463,calibration,0.546875,1411
9468,calibration,0.675,5761
9471,calibration,0.7368421052631579,9469
9482,calibration,0.7916666666666666,527
9483,calibration,0.8085106382978723,527
9492,calibration,0.7555555555555555,9491
9500,calibration,0.30434782608695654,1908
9501,calibration,0.7058823529411765,15201
9562,calibration,0.7037037037037037,8914
9585,calibration,0.5263157894736842,9573
9597,calibration,0.8285714285714286,9607
9600,calibration,0.6842105263157895,9599
9609,calibration,1.0,9497
9615,calibration,0.9629629629629629,9629
9616,calibration,0.9629629629629629,9629
9631,calibration,0.7727272727272727,9632
9636,calibration,0.8846153846153846,9623
9642,calibration,0.5,9980
9644,calibration,0.5,15914
9648,calibration,0.4318181818181818,5284
9659,calibration,0.515625,8304
9661,calibration,0.6481481481481481,14778
9662,calibration,0.6666666666666666,4133
9664,calibration,0.46,15389
9666,calibration,0.4772727272727273,925
9676,calibration,0.9473684210526315,9675
9680,calibration,1.0,9675
9692,calibration,0.6296296296296297,9693
9708,calibration,0.46938775510204084,3341
9726,calibration,0.32142857142857145,1095
9730,calibration,0.6,9971
9744,calibration,0.36363636363636365,9742
9748,calibration,0.6428571428571429,9745
9750,calibration,0.391304347826087,12463
9753,calibration,0.5909090909090909,16395
9755,calibration,0.5294117647058824,9525
9762,calibration,0.7454545454545455,9527
9764,calibration,0.88,9528
9765,calibration,0.6216216216216216,3509
9779,calibration,0.42105263157894735,3192
9782,calibration,1.0,9721
9797,calibration,0.38095238095238093,16079
9803,calibration,0.2857142857142857,10813
9816,calibration,0.7741935483870968,4451
9828,calibration,0.6551724137931034,4786
9840,calibration,0.5,754
9841,calibration,0.625,9345
9849,calibration,0.5909090909090909,9850
9864,calibration,0.6666666666666666,10742
9871,calibration,0.8840579710144928,8300
9876,calibration,0.6486486486486487,13442
9889,calibration,0.8846153846153846,12420
9899,calibration,1.0,9893
9905,calibration,0.6440677966101694,14281
9911,calibration,0.2647058823529412,1048
9919,calibration,0.8876404494382022,11780
9934,calibration,0.6153846153846154,9936
9937,calibration,0.5454545454545454,9623
9946,calibration,0.6666666666666666,9681
9947,calibration,0.8823529411764706,9767
9949,calibration,0.40384615384615385,9976
9960,calibration,0.9629629629629629,9959
9981,calibration,0.5384615384615384,449
9982,calibration,1.0,15905
9986,calibration,0.3137254901960784,8391
9987,calibration,0.6842105263157895,9967
10014,calibration,0.7,9526
10035,calibration,0.6176470588235294,10036
10042,calibration,0.6415094339622641,10347
10061,calibration,0.6857142857142857,10058
10065,calibration,0.7647058823529411,10066
10069,calibration,0.6428571428571429,10071
10072,calibration,0.5675675675675675,10076
10087,calibration,0.6410256410256411,9057
10098,calibration,0.8,10088
10108,calibration,0.62,10048
10128,calibration,0.29411764705882354,1547
10134,calibration,0.7560975609756098,10332
10138,calibration,0.5681818181818182,10137
10155,calibration,0.7368421052631579,10154
10159,calibration,0.9545454545454546,2529
10170,calibration,0.5128205128205128,10171
10176,calibration,0.7105263157894737,10177
10182,calibration,0.9821428571428571,10183
10205,calibration,0.5,4810
10209,calibration,0.72,4201
10212,calibration,0.64,4201
10223,calibration,0.3617021276595745,5121
10229,calibration,0.3709677419354839,7337
10238,calibration,0.7111111111111111,10237
10239,calibration,0.7659574468085106,9264
10240,calibration,0.782608695652174,9264
10242,calibration,0.43859649122807015,12585
10247,calibration,0.3620689655172414,11398
10252,calibration,0.9777777777777777,10253
10263,calibration,0.391304347826087,1651
10273,calibration,0.723404255319149,16409
10286,calibration,0.975,10484
10289,calibration,0.8285714285714286,10290
10305,calibration,0.8909090909090909,697
10313,calibration,1.0,10318
10331,calibration,0.7142857142857143,10325
10344,calibration,0.5714285714285714,11793
10351,calibration,0.8085106382978723,9977
10372,calibration,0.7777777777777778,8648
10382,calibration,0.5813953488372093,11349
10396,calibration,0.8064516129032258,9277
10398,calibration,0.75,10395
10400,calibration,0.40540540540540543,2807
10409,calibration,0.5789473684210527,10410
10452,calibration,0.36363636363636365,6370
10464,calibration,0.2826086956521739,1306
10472,calibration,0.7454545454545455,10468
10475,calibration,0.8,10479
10476,calibration,0.6274509803921569,10479
10492,calibration,0.46511627906976744,5199
10498,calibration,0.35714285714285715,12830
10500,calibration,0.5510204081632653,14396
10515,calibration,0.6610169491525424,10514
10517,calibration,0.2878787878787879,5374
10530,calibration,0.5535714285714286,10529
10533,calibration,0.5294117647058824,4201
10557,calibration,0.5357142857142857,710
10568,calibration,0.65625,10565
10574,calibration,0.4482758620689655,10571
10585,calibration,0.6585365853658537,10580
10587,calibration,0.6666666666666666,4034
10590,calibration,0.6285714285714286,3598
10591,calibration,0.7674418604651163,4740
10597,calibration,0.37209302325581395,1742
10611,calibration,0.6,1242
10630,calibration,0.6363636363636364,8010
10636,calibration,0.35714285714285715,714
10638,calibration,0.2962962962962963,3907
10641,calibration,0.48148148148148145,5511
10655,calibration,0.5813953488372093,13249
10656,calibration,0.5,2102
10658,calibration,0.46875,16167
10659,calibration,0.4074074074074074,13990
10662,calibration,0.4473684210526316,8516
10668,calibration,0.5263157894736842,1866
10669,calibration,0.4444444444444444,1867
10677,calibration,0.6097560975609756,10678
10686,calibration,0.72,4237
10687,calibration,0.7659574468085106,10688
10691,calibration,0.6041666666666666,12772
10705,calibration,0.6666666666666666,5511
10720,calibration,0.6444444444444445,10721
10728,calibration,0.6470588235294118,15426
10732,calibration,0.34782608695652173,3336
10762,calibration,0.625,3465
10771,calibration,0.48484848484848486,1877
10778,calibration,0.5428571428571428,1119
10788,calibration,0.3181818181818182,10790
10795,calibration,0.5434782608695652,11209
10800,calibration,0.4166666666666667,6122
10802,calibration,0.5555555555555556,3144
10818,calibration,0.7619047619047619,10815
10822,calibration,0.45161290322580644,9317
10839,calibration,0.3103448275862069,11204
10848,calibration,1.0,10879
10853,calibration,0.275,13247
10854,calibration,0.3448275862068966,10571
10858,calibration,0.5,1390
10868,calibration,0.5526315789473685,2622
10877,calibration,0.4634146341463415,13447
10892,calibration,0.3548387096774194,5398
10899,calibration,0.6666666666666666,11020
10910,calibration,0.6944444444444444,10908
10914,calibration,0.5454545454545454,10906
10926,calibration,0.8,10898
10935,calibration,0.574468085106383,10779
10939,calibration,0.47540983606557374,16183
10948,calibration,0.425,6010
10949,calibration,1.0,10913
10956,calibration,0.6857142857142857,3673
10977,calibration,0.24489795918367346,12768
10980,calibration,0.4230769230769231,11311
10992,calibration,0.27586206896551724,2498
10998,calibration,0.90625,11567
11014,calibration,0.7884615384615384,11012
11060,calibration,0.5357142857142857,3362
11082,calibration,0.5,11308
11089,calibration,0.4074074074074074,3
11090,calibration,0.5757575757575758,3504
11092,calibration,0.391304347826087,3125
11095,calibration,0.3695652173913043,70
11110,calibration,0.6078431372549019,11111
11118,calibration,0.35,10809
11120,calibration,0.3695652173913043,3357
11124,calibration,0.5853658536585366,5965
11154,calibration,0.5517241379310345,11155
11168,calibration,0.37142857142857144,5768
11169,calibration,0.55,14055
11183,calibration,0.41025641025641024,4535
11185,calibration,0.5526315789473685,921
11200,calibration,0.3939393939393939,10594
11202,calibration,0.2,131
11203,calibration,0.4444444444444444,3803
11210,calibration,0.8518518518518519,11260
11219,calibration,0.6666666666666666,10676
11221,calibration,0.5576923076923077,10678
11234,calibration,0.42105263157894735,10379
11239,calibration,0.4857142857142857,10036
11258,calibration,0.34210526315789475,4264
11317,calibration,0.4634146341463415,11321
11329,calibration,0.74,11327
11338,calibration,0.7317073170731707,3316
11351,calibration,0.5555555555555556,3574
11368,calibration,0.3684210526315789,11367
11369,calibration,0.5,15469
11370,calibration,0.34328358208955223,8687
11372,calibration,0.38181818181818183,3519
11377,calibration,0.28205128205128205,11581
11378,calibration,0.358974358974359,11379
11384,calibration,0.40425531914893614,3035
11395,calibration,0.36,3783
11413,calibration,0.4393939393939394,3249
11416,calibration,1.0,4748
11417,calibration,0.9411764705882353,4748
11420,calibration,0.4473684210526316,6106
11423,calibration,1.0,11454
11424,calibration,1.0,11454
11438,calibration,0.3617021276595745,11387
11443,calibration,0.3783783783783784,1303
11477,calibration,0.7222222222222222,5136
11480,calibration,0.6774193548387096,6907
11481,calibration,0.41935483870967744,1890
11491,calibration,0.6666666666666666,13732
11499,calibration,0.6774193548387096,7374
11503,calibration,0.36363636363636365,12107
11509,calibration,1.0,4748
11512,calibration,1.0,2838
11517,calibration,0.42105263157894735,1755
11525,calibration,0.59375,2115
11550,calibration,0.45454545454545453,338
11556,calibration,0.6097560975609756,11551
11557,calibration,0.6097560975609756,11551
11580,calibration,0.25925925925925924,1912
11583,calibration,0.5714285714285714,8367
11631,calibration,0.6,10937
11646,calibration,0.5853658536585366,10146
11694,calibration,0.4189189189189189,428
11696,calibration,0.4375,10898
11702,calibration,0.3125,873
11714,calibration,0.7714285714285715,12459
11716,calibration,0.2857142857142857,2503
11721,calibration,0.6923076923076923,8603
11724,calibration,0.6486486486486487,4641
11767,calibration,0.6511627906976745,11768
11778,calibration,0.46774193548387094,10412
11806,calibration,0.3870967741935484,6013
11807,calibration,0.32,7408
11824,calibration,0.8103448275862069,11834
11827,calibration,0.8545454545454545,11826
11842,calibration,0.5230769230769231,9886
11844,calibration,0.8771929824561403,9886
11847,calibration,0.86,9885
11863,calibration,0.7931034482758621,11939
11913,calibration,0.38095238095238093,3803
11928,calibration,0.5909090909090909,14836
11943,calibration,0.625,14434
11947,calibration,0.6341463414634146,11950
11948,calibration,0.6285714285714286,16451
11953,calibration,0.8064516129032258,3247
11955,calibration,0.75,10177
11960,calibration,0.6909090909090909,11958
11962,calibration,0.7741935483870968,11963
11964,calibration,0.32142857142857145,7350
11971,calibration,1.0,11969
11988,calibration,0.34210526315789475,1783
11989,calibration,0.9069767441860465,11983
11990,calibration,0.4666666666666667,15308
11992,calibration,0.8620689655172413,5877
11999,calibration,0.39215686274509803,5241
12056,calibration,0.6666666666666666,12057
12062,calibration,0.5681818181818182,12063
12086,calibration,0.6875,12085
12091,calibration,0.7333333333333333,12085
12159,calibration,0.9142857142857143,12158
12170,calibration,0.6,7059
12200,calibration,0.75,12201
12204,calibration,0.8723404255319149,12203
12222,calibration,0.7894736842105263,3690
12252,calibration,0.8181818181818182,12154
12257,calibration,0.3508771929824561,8646
12260,calibration,0.7230769230769231,12262
12261,calibration,0.5797101449275363,12262
12281,calibration,0.4794520547945205,12279
12286,calibration,0.6551724137931034,12283
12295,calibration,0.6410256410256411,12294
12301,calibration,0.625,3237
12306,calibration,0.7560975609756098,14682
12312,calibration,0.4745762711864407,12313
12369,calibration,0.6046511627906976,16227
12371,calibration,0.9696969696969697,12370
12375,calibration,0.5681818181818182,12387
12380,calibration,0.7560975609756098,12382
12383,calibration,0.6046511627906976,12382
12385,calibration,0.5777777777777777,12382
12422,calibration,0.7096774193548387,559
12432,calibration,0.7708333333333334,12435
12433,calibration,0.8409090909090909,12439
12438,calibration,0.7755102040816326,12439
12450,calibration,0.8333333333333334,16049
12452,calibration,0.4411764705882353,54
12465,calibration,0.5666666666666667,12101
12466,calibration,0.6585365853658537,4036
12486,calibration,0.6363636363636364,7775
12510,calibration,1.0,5577
12513,calibration,0.3333333333333333,1210
12515,calibration,0.5681818181818182,16083
12524,calibration,0.625,4053
12527,calibration,0.6382978723404256,16248
12531,calibration,0.8421052631578947,12478
12533,calibration,0.3684210526315789,8914
12540,calibration,0.6346153846153846,12538
12544,calibration,0.5,15696
12569,calibration,0.575,12570
12580,calibration,0.525,12573
12582,calibration,0.2857142857142857,9774
12597,calibration,0.5789473684210527,5286
12602,calibration,0.4,7391
12606,calibration,0.5909090909090909,9183
12607,calibration,0.6461538461538462,9183
12608,calibration,0.7391304347826086,12609
12610,calibration,0.5294117647058824,14224
12617,calibration,0.3090909090909091,15582
12632,calibration,0.9024390243902439,12754
12637,calibration,0.6842105263157895,12760
12638,calibration,0.5882352941176471,5101
12648,calibration,0.3055555555555556,12988
12649,calibration,0.525,5703
12652,calibration,0.6190476190476191,15388
12656,calibration,0.8775510204081632,12657
12669,calibration,0.4888888888888889,10792
12671,calibration,0.7777777777777778,4621
12675,calibration,0.7222222222222222,12674
12678,calibration,0.5853658536585366,7494
12681,calibration,0.5277777777777778,2361
12686,calibration,0.47619047619047616,4168
12690,calibration,0.5869565217391305,774
12694,calibration,0.40625,10571
12695,calibration,0.4722222222222222,6790
12696,calibration,0.47368421052631576,12698
12713,calibration,0.4186046511627907,12738
12720,calibration,0.52,2427
12727,calibration,0.7391304347826086,14224
12729,calibration,0.5454545454545454,14247
12737,calibration,0.609375,12483
12743,calibration,0.6065573770491803,406
12770,calibration,0.6818181818181818,12771
12778,calibration,0.6521739130434783,11965
12781,calibration,0.3902439024390244,6555
12796,calibration,0.5581395348837209,7505
12798,calibration,0.9,16204
12800,calibration,0.85,12746
12806,calibration,0.6341463414634146,6288
12807,calibration,0.5652173913043478,12808
12809,calibration,0.6666666666666666,14026
12812,calibration,0.7272727272727273,12937
12818,calibration,0.2894736842105263,10106
12829,calibration,0.7368421052631579,12832
12831,calibration,0.7727272727272727,12835
12837,calibration,0.8108108108108109,12709
12853,calibration,0.8421052631578947,5626
12875,calibration,0.6153846153846154,3396
12877,calibration,0.6382978723404256,16409
12890,calibration,0.6122448979591837,3036
12894,calibration,0.48148148148148145,12898
12903,calibration,0.40625,12898
12905,calibration,0.6571428571428571,12893
12907,calibration,0.5238095238095238,8486
12913,calibration,0.4358974358974359,12893
12914,calibration,0.5,2330
12938,calibration,0.7333333333333333,14026
12940,calibration,0.7567567567567568,13585
12941,calibration,0.35,6440
12960,calibration,0.6304347826086957,12962
12968,calibration,0.6363636363636364,12967
12971,calibration,0.41025641025641024,6772
12978,calibration,0.41935483870967744,2532
13020,calibration,0.6938775510204082,13024
13028,calibration,0.4807692307692308,13992
13038,calibration,0.6666666666666666,7611
13040,calibration,0.49019607843137253,2980
13062,calibration,0.4883720930232558,11339
13072,calibration,0.6727272727272727,12732
13073,calibration,0.6470588235294118,12732
13074,calibration,0.6491228070175439,6233
13075,calibration,0.6607142857142857,12732
13077,calibration,0.46808510638297873,3789
13087,calibration,0.6666666666666666,13082
13089,calibration,0.76,13084
13095,calibration,0.4074074074074074,13094
13109,calibration,0.34285714285714286,2399
13111,calibration,0.5428571428571428,4168
13114,calibration,0.391304347826087,805
13148,calibration,0.8823529411764706,16198
13150,calibration,0.6808510638297872,4405
13154,calibration,0.78,16188
13173,calibration,0.39285714285714285,11949
13175,calibration,0.46511627906976744,13169
13185,calibration,0.7924528301886793,16198
13194,calibration,0.7446808510638298,4405
13196,calibration,0.7111111111111111,14433
13206,calibration,0.6388888888888888,13513
13212,calibration,0.8205128205128205,13211
13213,calibration,0.7674418604651163,13214
13217,calibration,0.7674418604651163,13214
13224,calibration,0.4418604651162791,12927
13225,calibration,0.6585365853658537,5130
13229,calibration,1.0,2919
13233,calibration,1.0,13242
13234,calibration,0.673469387755102,13235
13243,calibration,0.5869565217391305,13237
13254,calibration,0.6296296296296297,2140
13282,calibration,0.6190476190476191,4782
13285,calibration,0.5142857142857142,13714
13289,calibration,0.7567567567567568,13287
13294,calibration,0.7073170731707317,3564
13297,calibration,0.48,12926
13316,calibration,0.40476190476190477,12664
13339,calibration,0.5172413793103449,13340
13350,calibration,0.5263157894736842,13389
13355,calibration,0.74,14058
13356,calibration,0.2972972972972973,3786
13362,calibration,0.5581395348837209,7975
13366,calibration,0.8260869565217391,13369
13367,calibration,0.6176470588235294,13365
13397,calibration,0.5135135135135135,12674
13399,calibration,0.675,12797
13403,calibration,0.7352941176470589,16280
13465,calibration,0.8823529411764706,13463
13468,calibration,1.0,13480
13470,calibration,0.8095238095238095,13455
13471,calibration,0.8717948717948718,13457
13486,calibration,0.34782608695652173,4733
13487,calibration,0.5,7714
13511,calibration,0.5641025641025641,7969
13526,calibration,0.4473684210526316,16462
13559,calibration,0.631578947368421,13578
13561,calibration,0.5945945945945946,2014
13570,calibration,0.7307692307692307,2217
13581,calibration,0.7142857142857143,12693
13596,calibration,0.7358490566037735,3063
13609,calibration,0.5666666666666667,13093
13626,calibration,0.76,13625
13630,calibration,0.8245614035087719,13627
13641,calibration,0.8166666666666667,13629
13665,calibration,0.40425531914893614,12711
13676,calibration,0.5384615384615384,13680
13678,calibration,0.65,13167
13679,calibration,0.52,13167
13687,calibration,0.5813953488372093,13688
13690,calibration,0.7222222222222222,13686
13700,calibration,0.78125,13699
13708,calibration,0.425531914893617,13764
13733,calibration,0.9032258064516129,13699
13741,calibration,0.7352941176470589,13739
13744,calibration,0.6666666666666666,13804
13767,calibration,0.48936170212765956,13771
13770,calibration,0.8157894736842105,11949
13774,calibration,0.5581395348837209,13444
13775,calibration,0.5555555555555556,11949
13782,calibration,0.64,13134
13783,calibration,0.6976744186046512,9013
13787,calibration,0.5714285714285714,2485
13802,calibration,0.6363636363636364,59
13809,calibration,0.6216216216216216,11627
13815,calibration,0.3191489361702128,11758
13819,calibration,0.717948717948718,13818
13837,calibration,0.4074074074074074,13838
13872,calibration,0.5517241379310345,14058
13877,calibration,0.5072463768115942,13871
13879,calibration,0.8148148148148148,2094
13882,calibration,0.7727272727272727,5023
13885,calibration,0.6511627906976745,13522
13887,calibration,0.375,11222
13890,calibration,0.39473684210526316,3310
13892,calibration,0.5,13042
13894,calibration,0.46808510638297873,5157
13899,calibration,0.8055555555555556,5623
13905,calibration,0.47619047619047616,13986
13906,calibration,0.65,14274
13907,calibration,0.5348837209302325,7775
13916,calibration,0.6964285714285714,9885
13923,calibration,0.6511627906976745,13930
13934,calibration,0.4864864864864865,4625
13945,calibration,0.5490196078431373,13930
13951,calibration,0.5681818181818182,11339
13952,calibration,0.6470588235294118,12228
13955,calibration,0.5909090909090909,13928
13958,calibration,0.5909090909090909,13932
13960,calibration,0.48717948717948717,15765
13970,calibration,0.5581395348837209,11339
13974,calibration,0.5434782608695652,13981
13976,calibration,0.5476190476190477,14267
13978,calibration,0.5217391304347826,13910
13989,calibration,0.5333333333333333,14267
14003,calibration,0.6521739130434783,13979
14012,calibration,0.7894736842105263,13754
14013,calibration,0.75,14229
14042,calibration,0.6956521739130435,13614
14065,calibration,0.6949152542372882,14057
14071,calibration,0.7058823529411765,14070
14080,calibration,0.6981132075471698,14063
14082,calibration,0.36363636363636365,13047
14093,calibration,0.5384615384615384,7937
14114,calibration,0.4074074074074074,13784
14118,calibration,0.6,3628
14133,calibration,0.7111111111111111,7163
14149,calibration,0.6875,12757
14152,calibration,0.5714285714285714,14001
14171,calibration,0.7419354838709677,600
14174,calibration,0.4473684210526316,14173
14186,calibration,0.3409090909090909,2776
14192,calibration,0.5,13093
14193,calibration,0.6216216216216216,12749
14196,calibration,0.7142857142857143,15728
14202,calibration,0.4915254237288136,2364
14204,calibration,0.5681818181818182,14208
14210,calibration,0.7428571428571429,14205
14221,calibration,0.5625,1854
14222,calibration,0.76,13675
14223,calibration,0.9090909090909091,12512
14234,calibration,1.0,14211
14245,calibration,1.0,13338
14249,calibration,0.6111111111111112,14246
14258,calibration,0.6904761904761905,13328
14264,calibration,0.75,11339
14265,calibration,0.40816326530612246,13614
14266,calibration,0.8461538461538461,14271
14273,calibration,0.6304347826086957,14262
14294,calibration,0.5714285714285714,14293
14300,calibration,0.8285714285714286,14318
14301,calibration,0.39705882352941174,14866
14315,calibration,0.32,619
14319,calibration,0.7714285714285715,14379
14321,calibration,0.3793103448275862,14541
14322,calibration,1.0,2983
14336,calibration,0.5789473684210527,14406
14337,calibration,0.7567567567567568,14338
14346,calibration,0.36363636363636365,1186
14366,calibration,0.8125,14357
14378,calibration,0.7272727272727273,14299
14387,calibration,0.6739130434782609,14386
14408,calibration,0.6571428571428571,14405
14410,calibration,0.9166666666666666,14427
14413,calibration,0.7887323943661971,14350
14429,calibration,0.7105263157894737,14156
14448,calibration,0.325,10267
14452,calibration,0.6086956521739131,12596
14457,calibration,0.55,12429
14459,calibration,0.696969696969697,14460
14470,calibration,0.675,14155
14471,calibration,0.525,15545
14475,calibration,0.625,8861
14481,calibration,0.803921568627451,2093
14507,calibration,0.6825396825396826,14505
14532,calibration,0.6,9496
14549,calibration,0.6153846153846154,9414
14560,calibration,0.8823529411764706,14558
14561,calibration,0.5538461538461539,14562
14568,calibration,0.28846153846153844,360
14571,calibration,0.953125,14570
14573,calibration,0.8636363636363636,14574
14576,calibration,0.525,365
14588,calibration,0.20967741935483872,8631
14593,calibration,0.3728813559322034,3551
14595,calibration,1.0,14594
14601,calibration,0.3739130434782609,14870
14608,calibration,0.8478260869565217,14843
14632,calibration,0.8888888888888888,14843
14637,calibration,0.6493506493506493,14816
14646,calibration,0.2692307692307692,160
14654,calibration,0.7446808510638298,14647
14671,calibration,0.5135135135135135,14692
14679,calibration,0.5957446808510638,14682
14681,calibration,0.56,14682
14686,calibration,0.45,14469
14700,calibration,0.7058823529411765,5235
14703,calibration,0.8775510204081632,14711
14705,calibration,0.7049180327868853,14713
14707,calibration,0.7291666666666666,14710
14712,calibration,0.8979591836734694,14711
14721,calibration,0.8305084745762712,9795
14723,calibration,0.7916666666666666,14722
14725,calibration,0.45614035087719296,4442
14730,calibration,0.6052631578947368,14729
14744,calibration,0.5789473684210527,14745
14751,calibration,0.7454545454545455,14756
14752,calibration,0.49206349206349204,14756
14753,calibration,0.5333333333333333,14756
14766,calibration,0.8448275862068966,14769
14770,calibration,0.875,14767
14784,calibration,0.717948717948718,14783
14796,calibration,0.28,1157
14823,calibration,0.5,6198
14833,calibration,0.6153846153846154,3171
14835,calibration,0.723404255319149,14834
14838,calibration,0.6285714285714286,5235
14876,calibration,1.0,14875
14879,calibration,1.0,14878
14882,calibration,0.6617647058823529,14883
14894,calibration,0.7755102040816326,14890
14895,calibration,0.3958333333333333,14886
14896,calibration,0.7446808510638298,14897
14902,calibration,0.6122448979591837,14897
14918,calibration,0.7321428571428571,14916
14928,calibration,0.851063829787234,14930
14929,calibration,0.9347826086956522,14930
14933,calibration,0.8,14956
14935,calibration,0.813953488372093,14934
14936,calibration,0.782608695652174,14941
14944,calibration,0.5740740740740741,14941
14945,calibration,0.68,14941
14970,calibration,0.6976744186046512,14968
14974,calibration,0.6444444444444445,14968
14978,calibration,0.4262295081967213,10747
14997,calibration,0.6885245901639344,14996
15019,calibration,0.3269230769230769,708
15020,calibration,0.27692307692307694,15021
15029,calibration,0.23809523809523808,15031
15032,calibration,0.40625,3467
15035,calibration,0.5,1592
15050,calibration,0.48484848484848486,3177
15053,calibration,0.36,3127
15055,calibration,0.7241379310344828,15065
15061,calibration,0.6363636363636364,15062
15075,calibration,0.775,15081
15076,calibration,0.3793103448275862,1579
15085,calibration,0.48,5813
15087,calibration,0.59375,15065
15091,calibration,0.8947368421052632,2224
15094,calibration,0.6923076923076923,3075
15112,calibration,0.24175824175824176,2436
15132,calibration,0.3142857142857143,2494
15143,calibration,0.6521739130434783,2500
15144,calibration,0.7241379310344828,15727
15145,calibration,0.5,2071
15155,calibration,0.5555555555555556,15319
15161,calibration,0.4,1002
15164,calibration,0.6341463414634146,10081
15167,calibration,0.41379310344827586,6191
15177,calibration,0.6486486486486487,4780
15187,calibration,0.3181818181818182,6552
15198,calibration,0.3018867924528302,14422
15202,calibration,0.5789473684210527,9625
15204,calibration,0.23333333333333334,1665
15205,calibration,0.5,2880
15206,calibration,0.5483870967741935,9675
15212,calibration,0.7058823529411765,16475
15216,calibration,0.8604651162790697,2744
15222,calibration,0.4883720930232558,4295
15224,calibration,0.7837837837837838,1500
15236,calibration,0.48717948717948717,7693
15240,calibration,0.5,13180
15248,calibration,0.35714285714285715,1601
15257,calibration,0.7441860465116279,15256
15277,calibration,0.3076923076923077,2061
15279,calibration,0.3728813559322034,15569
15287,calibration,0.48484848484848486,5788
15297,calibration,0.4090909090909091,9306
15300,calibration,0.7619047619047619,6552
15320,calibration,0.5238095238095238,1897
15334,calibration,0.48484848484848486,4801
15339,calibration,0.7708333333333334,3936
15345,calibration,0.48148148148148145,10679
15348,calibration,0.7058823529411765,15347
15350,calibration,0.6,9440
15351,calibration,0.6428571428571429,3642
15354,calibration,0.5777777777777777,6923
15358,calibration,0.42857142857142855,67
15369,calibration,0.6,5813
15372,calibration,0.65625,15696
15379,calibration,1.0,3326
15380,calibration,1.0,3326
15383,calibration,0.5555555555555556,10193
15390,calibration,0.675,3862
15392,calibration,0.8095238095238095,3326
15393,calibration,0.975,3865
15397,calibration,1.0,3865
15401,calibration,0.2926829268292683,9713
15407,calibration,1.0,6888
15409,calibration,0.3783783783783784,6049
15420,calibration,0.6875,15137
15430,calibration,0.4583333333333333,2778
15435,calibration,0.4375,710
15436,calibration,0.525,4156
15442,calibration,0.43859649122807015,15440
15451,calibration,0.6744186046511628,15448
15453,calibration,0.5333333333333333,6260
15454,calibration,0.5,3377
15479,calibration,0.46296296296296297,7667
15483,calibration,0.47619047619047616,3284
15492,calibration,0.6551724137931034,15490
15511,calibration,1.0,10820
15533,calibration,1.0,15530
15547,calibration,0.5151515151515151,10594
15563,calibration,0.82,15557
15566,calibration,0.574468085106383,10761
15571,calibration,0.56,15570
15575,calibration,0.7619047619047619,15576
15577,calibration,0.58,15576
15583,calibration,0.5365853658536586,15582
15588,calibration,0.8043478260869565,15589
15602,calibration,0.9767441860465116,10488
15610,calibration,0.5121951219512195,15611
15616,calibration,0.2972972972972973,1214
15638,calibration,0.4827586206896552,13726
15643,calibration,0.6470588235294118,15642
15647,calibration,0.7631578947368421,15652
15654,calibration,0.5121951219512195,1475
15655,calibration,0.6896551724137931,1475
15668,calibration,0.7380952380952381,15667
15684,calibration,0.7654320987654321,5356
15686,calibration,0.696969696969697,15687
15701,calibration,0.5833333333333334,15699
15703,calibration,0.5641025641025641,15699
15714,calibration,0.4939759036144578,5697
15730,calibration,0.7837837837837838,15653
15750,calibration,0.5909090909090909,15748
15755,calibration,0.7666666666666667,5031
15767,calibration,0.55,15768
15774,calibration,0.7674418604651163,15776
15785,calibration,0.6981132075471698,15781
15833,calibration,0.8863636363636364,9214
15838,calibration,0.9090909090909091,15834
15841,calibration,0.875,15840
15846,calibration,1.0,4446
15856,calibration,0.711864406779661,9392
15859,calibration,0.2826086956521739,5000
15870,calibration,0.6363636363636364,4334
15889,calibration,0.5769230769230769,10648
15890,calibration,0.7169811320754716,15891
15900,calibration,0.48484848484848486,9735
15909,calibration,0.5,5820
15912,calibration,0.5454545454545454,9623
15922,calibration,0.3,8020
15923,calibration,0.5714285714285714,15933
15934,calibration,0.6216216216216216,15933
15935,calibration,0.5333333333333333,13826
15937,calibration,0.62,15921
15961,calibration,0.46153846153846156,8133
15974,calibration,0.6458333333333334,4424
15979,calibration,0.3283582089552239,7448
15980,calibration,0.42,11769
15986,calibration,0.625,15274
16013,calibration,0.44680851063829785,4761
16026,calibration,0.6046511627906976,11818
16027,calibration,0.4716981132075472,11818
16031,calibration,0.5681818181818182,16029
16037,calibration,0.8627450980392157,16035
16043,calibration,0.4864864864864865,12473
16050,calibration,0.4489795918367347,1470
16076,calibration,0.18181818181818182,2851
16084,calibration,0.8333333333333334,14579
16097,calibration,0.6857142857142857,3961
16099,calibration,0.6470588235294118,8540
16109,calibration,0.3409090909090909,1442
16112,calibration,0.7058823529411765,16123
16120,calibration,0.7352941176470589,16124
16138,calibration,0.7446808510638298,15497
16139,calibration,0.27450980392156865,15313
16143,calibration,0.7435897435897436,13953
16154,calibration,0.6666666666666666,12061
16155,calibration,0.5692307692307692,3161
16158,calibration,0.5862068965517241,16098
16161,calibration,0.7441860465116279,3062
16175,calibration,0.39473684210526316,7147
16176,calibration,0.7560975609756098,2861
16180,calibration,0.6666666666666666,16167
16190,calibration,0.68,13131
16193,calibration,0.7021276595744681,16208
16197,calibration,0.8571428571428571,16494
16205,calibration,0.7647058823529411,13144
16213,calibration,0.7454545454545455,13193
16228,calibration,0.75,1797
16230,calibration,0.7291666666666666,16229
16233,calibration,0.6140350877192983,11761
16262,calibration,0.6909090909090909,12556
16265,calibration,0.9375,16287
16274,calibration,0.6511627906976745,16273
16296,calibration,0.782608695652174,9082
16310,calibration,0.5657894736842105,16313
16317,calibration,0.5277777777777778,10236
16320,calibration,0.775,12478
16345,calibration,0.62,16339
16346,calibration,0.6153846153846154,16340
16373,calibration,0.7692307692307693,16375
16377,calibration,0.4878048780487805,14696
16378,calibration,0.46511627906976744,14696
16385,calibration,0.5466666666666666,6113
16403,calibration,0.5,1999
16415,calibration,0.6774193548387096,2634
16416,calibration,0.391304347826087,1040
16420,calibration,0.7142857142857143,15135
16421,calibration,0.5405405405405406,2622
16425,calibration,0.36666666666666664,9156
16428,calibration,0.5952380952380952,5372
16430,calibration,0.8,2617
16448,calibration,0.5,2405
16456,calibration,0.5897435897435898,6583
16457,calibration,0.7837837837837838,3004
16460,calibration,0.673469387755102,7453
16465,calibration,0.6451612903225806,16405
16471,calibration,0.6486486486486487,6275
16483,calibration,0.5,7757
16488,calibration,0.71875,4641
16491,calibration,0.8,11634
1,test,0.375,1602
10000,test,0.6938775510204082,10005
10013,test,0.90625,10032
10034,test,0.75,10040
10037,test,0.7142857142857143,10040
10039,test,0.7142857142857143,9968
10051,test,0.6470588235294118,10049
10053,test,0.8064516129032258,10049
10057,test,0.6764705882352942,10058
10060,test,0.6857142857142857,10058
10062,test,0.625,10058
10064,test,0.6304347826086957,10063
10067,test,0.6585365853658537,10066
10068,test,0.6,10071
10070,test,0.775,10071
1008,test,0.52,59
10085,test,0.775,9057
1009,test,0.5769230769230769,236
10091,test,0.7380952380952381,9057
10094,test,0.7948717948717948,9057
101,test,0.46987951807228917,9146
10105,test,0.6862745098039216,10104
10107,test,0.59375,9503
10112,test,0.4888888888888889,10041
10119,test,0.5294117647058824,9183
10122,test,0.9473684210526315,13039
10124,test,0.5806451612903226,1997
10127,test,0.5333333333333333,10126
1013,test,0.5652173913043478,1016
10131,test,1.0,5082
10132,test,0.7419354838709677,5082
10136,test,0.5581395348837209,10135
10141,test,0.6052631578947368,14155
10142,test,0.5609756097560976,14155
10148,test,0.6,9503
10165,test,0.5517241379310345,10166
10169,test,0.6944444444444444,5371
1017,test,0.5714285714285714,587
10185,test,1.0,10184
10187,test,0.8412698412698413,10184
10210,test,0.8,10208
10218,test,0.5581395348837209,16267
10228,test,0.2708333333333333,4390
10230,test,0.5555555555555556,9629
1024,test,0.47619047619047616,7062
10256,test,0.7777777777777778,10255
10265,test,0.23076923076923078,1988
10272,test,0.32989690721649484,7745
10274,test,0.7727272727272727,10277
10275,test,0.6170212765957447,3237
10276,test,0.7272727272727273,16409
1028,test,0.23076923076923078,3727
10288,test,0.9090909090909091,10285
10309,test,0.8478260869565217,279
10310,test,0.8181818181818182,279
10311,test,0.8666666666666667,279
10314,test,0.7647058823529411,10315
10323,test,0.46153846153846156,10140
10327,test,0.6222222222222222,10325
10329,test,0.5714285714285714,10325
10343,test,0.21641791044776118,12402
10373,test,0.6551724137931034,13693
10374,test,0.6190476190476191,1522
10376,test,0.43283582089552236,8789
10383,test,0.375,6272
10387,test,0.6481481481481481,10385
10388,test,0.6363636363636364,10385
10397,test,0.8245614035087719,9276
10407,test,0.5057471264367817,4354
1041,test,0.5217391304347826,3404
10418,test,0.6486486486486487,365
10420,test,0.5609756097560976,756
10443,test,0.7361111111111112,340
1046,test,0.7,2809
10467,test,0.8125,10493
10470,test,0.8113207547169812,10466
10477,test,0.75,10474
10482,test,0.68,10254
10489,test,0.975,10487
10495,test,0.6551724137931034,16024
10508,test,0.7647058823529411,10505
1051,test,0.5416666666666666,1001
10510,test,0.42105263157894735,5005
10519,test,0.6666666666666666,10518
1052,test,0.36363636363636365,1066
10522,test,0.4528301886792453,10181
10526,test,0.7076923076923077,9276
10527,test,0.5555555555555556,14267
10532,test,0.5945945945945946,15274
10536,test,0.8260869565217391,4747
10541,test,0.7301587301587301,14332
10545,test,0.72,15009
10550,test,0.3,317
10551,test,1.0,13165
10558,test,0.5348837209302325,11235
10561,test,0.5,3322
10562,test,0.8461538461538461,10563
10572,test,0.6923076923076923,10571
10577,test,0.4418604651162791,2552
10579,test,0.5945945945945946,2634
10582,test,0.42105263157894735,4068
10586,test,0.717948717948718,6516
10589,test,0.5714285714285714,4753
1059,test,0.3333333333333333,1134
10593,test,0.575,1967
10601,test,0.5757575757575758,5346
10602,test,0.625,10171
10605,test,0.6896551724137931,6079
10617,test,0.6190476190476191,10618
1063,test,0.3888888888888889,1021
10650,test,0.4,4094
10651,test,0.37777777777777777,2084
10657,test,0.6666666666666666,9212
10660,test,0.4523809523809524,1917
10661,test,0.631578947368421,14272
10671,test,0.7428571428571429,10665
1068,test,0.4,1588
10680,test,0.5862068965517241,10679
10682,test,0.5277777777777778,7682
1069,test,0.5555555555555556,1074
10693,test,0.7674418604651163,10692
10694,test,0.4166666666666667,12083
1070,test,0.48,1364
10703,test,0.6521739130434783,1299
10707,test,0.5,830
10709,test,0.8222222222222222,11478
10724,test,0.7352941176470589,10723
10727,test,0.5882352941176471,3641
10729,test,0.4857142857142857,2344
10744,test,0.4473684210526316,10742
10752,test,0.45454545454545453,2971
1077,test,0.5925925925925926,9798
10773,test,0.5609756097560976,10772
10776,test,0.6060606060606061,3164
1079,test,0.42105263157894735,1057
10794,test,0.6896551724137931,10793
10797,test,0.5897435897435898,10796
10803,test,0.2826086956521739,15658
10814,test,0.5454545454545454,10815
10816,test,0.6170212765957447,10815
1082,test,0.6842105263157895,1074
10823,test,0.4857142857142857,3676
10827,test,0.4074074074074074,5240
10829,test,0.5675675675675675,3598
10838,test,0.3870967741935484,5747
10841,test,0.3684210526315789,11435
10855,test,0.5217391304347826,2244
10859,test,0.5555555555555556,2343
10862,test,0.4166666666666667,15025
10863,test,0.38095238095238093,4125
10866,test,0.41304347826086957,905
1087,test,1.0,1081
10871,test,0.45161290322580644,16455
10881,test,0.4418604651162791,2471
10884,test,0.3333333333333333,5525
10887,test,0.34375,1579
1089,test,1.0,54
10890,test,0.7916666666666666,10889
10891,test,0.639344262295082,559
109,test,0.6097560975609756,121
10900,test,0.3902439024390244,10565
10904,test,0.38235294117647056,11147
10922,test,0.8292682926829268,11504
10923,test,0.7441860465116279,10924
10927,test,0.525,10928
1094,test,0.7368421052631579,1910
10947,test,0.37777777777777777,15040
10976,test,0.37777777777777777,8070
10986,test,0.3939393939393939,2270
10990,test,0.5714285714285714,1085
10999,test,0.30434782608695654,986
1101,test,0.696969696969697,9983
11011,test,0.4666666666666667,7305
11015,test,0.6451612903225806,11018
11021,test,0.6666666666666666,11020
11025,test,0.4186046511627907,11024
11028,test,0.45454545454545453,6326
11045,test,0.40625,11044
11046,test,0.9583333333333334,10427
11078,test,0.6833333333333333,13493
11081,test,0.6052631578947368,11549
11083,test,0.358974358974359,15062
11086,test,0.3829787234042553,70
11091,test,0.5208333333333334,3339
111,test,0.5121951219512195,641
11109,test,0.5283018867924528,13940
11114,test,0.8285714285714286,6054
11117,test,0.75,6463
11119,test,0.4375,11605
11123,test,0.5714285714285714,1999
1113,test,0.5135135135135135,3438
1114,test,0.46808510638297873,7502
11149,test,0.4090909090909091,2370
11151,test,0.45714285714285713,11444
1116,test,0.4634146341463415,3755
11162,test,0.3170731707317073,11236
11163,test,0.4230769230769231,11637
11175,test,0.7708333333333334,15012
112,test,0.5747126436781609,641
11208,test,0.5,3803
11211,test,0.38095238095238093,6539
11216,test,0.4375,11218
11217,test,0.559322033898305,11218
11224,test,0.47619047619047616,10672
1123,test,0.45901639344262296,9935
11242,test,0.2894736842105263,11431
11246,test,0.5116279069767442,938
11251,test,0.34146341463414637,6790
11253,test,0.5,6837
11254,test,0.5757575757575758,15437
11255,test,0.4827586206896552,15676
11259,test,0.5217391304347826,5782
11265,test,0.27380952380952384,1405
11281,test,0.41304347826086957,5895
11288,test,0.6666666666666666,11287
11303,test,0.25,3513
11312,test,0.4117647058823529,3786
11316,test,0.3684210526315789,11301
11318,test,0.3611111111111111,3673
11319,test,0.4222222222222222,11321
11325,test,0.6851851851851852,11632
11326,test,0.7358490566037735,11632
11340,test,0.7209302325581395,11334
11343,test,0.6285714285714286,4465
11344,test,0.4,3701
11346,test,0.6739130434782609,11345
11347,test,0.75,11345
11350,test,0.6875,3315
11353,test,0.375,93
11359,test,0.45454545454545453,8545
11381,test,0.3142857142857143,3676
11385,test,0.5,11538
1139,test,0.875,1321
11393,test,0.45161290322580644,1949
11394,test,0.45652173913043476,10044
11396,test,0.6216216216216216,11397
114,test,0.6947368421052632,12863
11408,test,0.42424242424242425,6063
11410,test,0.39285714285714285,6998
11418,test,0.7037037037037037,5475
11428,test,0.3125,8403
11432,test,0.5142857142857142,11426
11442,test,0.6,5486
11448,test,0.43478260869565216,3904
11451,test,0.8125,5618
11457,test,0.5172413793103449,7560
11470,test,1.0,11454
11476,test,0.20454545454545456,6618
1148,test,0.24,4358
11483,test,0.6428571428571429,2771
11486,test,0.6571428571428571,11487
11507,test,0.8666666666666667,10873
11508,test,0.2727272727272727,3376
11523,test,0.25,11419
11527,test,0.7058823529411765,3035
11528,test,0.4,11513
11539,test,0.43243243243243246,11302
1155,test,0.5833333333333334,809
11552,test,1.0,11551
11554,test,0.5813953488372093,11555
11558,test,0.55,2805
11559,test,0.425,15385
11563,test,0.7,15970
11614,test,0.46938775510204084,11976
11625,test,0.275,1917
11629,test,0.6,4077
11630,test,0.5945945945945946,6476
1167,test,0.3125,15625
11670,test,0.8,11691
11671,test,0.8,11669
11681,test,0.8076923076923077,11680
11682,test,0.8235294117647058,11683
1169,test,0.5882352941176471,9556
11693,test,0.6875,11692
11706,test,0.5882352941176471,10417
11708,test,0.43478260869565216,7945
11712,test,0.6060606060606061,16089
11713,test,0.5588235294117647,2801
11727,test,0.5833333333333334,686
11743,test,0.8333333333333334,11747
11750,test,0.7,5814
11755,test,0.5121951219512195,13604
11759,test,0.30666666666666664,14717
11763,test,0.7619047619047619,11764
11765,test,0.7619047619047619,11766
1177,test,0.6964285714285714,5791
11770,test,0.717391304347826,11769
11775,test,0.4523809523809524,8659
1178,test,0.5757575757575758,1565
11804,test,0.5087719298245614,5305
11808,test,0.32,7408
1181,test,0.4897959183673469,1175
11810,test,0.29310344827586204,7408
11812,test,0.5666666666666667,11813
11821,test,0.8490566037735849,9900
1183,test,0.4444444444444444,15437
11833,test,0.8620689655172413,9883
11835,test,0.8333333333333334,9883
11839,test,0.8035714285714286,9886
11846,test,0.631578947368421,9886
11848,test,0.7,9886
11864,test,0.8690476190476191,11938
11878,test,0.7096774193548387,5296
11879,test,0.296875,3967
11890,test,0.6326530612244898,11889
11892,test,0.82,11891
1190,test,0.7272727272727273,2556
11901,test,0.8705882352941177,11862
11903,test,0.8,9792
11910,test,0.2857142857142857,11813
11919,test,0.3835616438356164,14281
11930,test,0.6764705882352942,16125
11931,test,0.631578947368421,10714
11932,test,0.6666666666666666,8691
11937,test,0.5161290322580645,9798
11944,test,0.2962962962962963,2544
11951,test,0.7105263157894737,11952
11986,test,0.8367346938775511,11987
1199,test,0.6296296296296297,801
11993,test,0.6744186046511628,11991
1200,test,0.47368421052631576,11240
12000,test,0.7222222222222222,13598
12012,test,0.75,10005
12025,test,0.4418604651162791,8500
12047,test,0.6829268292682927,12046
12048,test,0.4418604651162791,12045
12049,test,0.5306122448979592,12050
1205,test,0.48,1811
12058,test,0.5833333333333334,12057
12066,test,0.6451612903225806,14299
12084,test,0.6666666666666666,12085
12087,test,0.5897435897435898,12094
12090,test,0.7333333333333333,12085
12092,test,0.5909090909090909,12093
12095,test,0.5675675675675675,12096
12103,test,0.4838709677419355,15037
12113,test,0.391304347826087,7759
12116,test,0.45454545454545453,11958
12122,test,0.7021276595744681,12125
12127,test,0.7857142857142857,12125
12137,test,0.631578947368421,2318
12151,test,0.5116279069767442,4796
12155,test,0.5526315789473685,12154
12156,test,0.5384615384615384,12154
12157,test,0.9090909090909091,12154
1218,test,1.0,54
12186,test,0.7857142857142857,12187
1219,test,0.7333333333333333,1088
12194,test,0.9696969696969697,12193
12198,test,0.9361702127659575,12199
12211,test,0.4418604651162791,9854
12216,test,0.3787878787878788,1159
12219,test,0.788235294117647,11927
12220,test,0.7241379310344828,11927
12239,test,0.8181818181818182,602
12240,test,0.7441860465116279,12243
12247,test,0.7391304347826086,12246
12248,test,0.725,12242
12250,test,0.75,12244
12251,test,0.5,12154
12256,test,0.40476190476190477,12154
12287,test,0.7142857142857143,12284
12290,test,0.4888888888888889,4974
12291,test,0.46153846153846156,5016
12308,test,0.7209302325581395,12309
12311,test,0.5689655172413793,12313
12316,test,0.5675675675675675,12315
12319,test,0.88,12318
12320,test,0.7424242424242424,3856
12350,test,0.6,1522
12352,test,0.8928571428571429,12351
1236,test,1.0,1217
12392,test,0.7027027027027027,12307
1243,test,0.5373134328358209,3699
12434,test,0.5833333333333334,12435
12444,test,0.4567901234567901,321
1246,test,0.4827586206896552,15090
12477,test,0.8461538461538461,16232
12495,test,0.46875,2475
12500,test,0.7307692307692307,15633
12501,test,0.48936170212765956,263
12526,test,0.5238095238095238,3482
12539,test,0.5869565217391305,12536
1254,test,0.41025641025641024,8500
12541,test,0.9,12499
12550,test,0.75,12453
12558,test,0.4095238095238095,11927
12562,test,0.6756756756756757,12570
12565,test,0.5333333333333333,3172
12566,test,0.6428571428571429,12561
12567,test,0.6578947368421053,12568
12575,test,0.6774193548387096,6362
12576,test,0.6,15464
12581,test,0.5172413793103449,6022
12589,test,0.4444444444444444,4506
12591,test,0.8260869565217391,12592
12593,test,0.8055555555555556,12507
12594,test,0.5263157894736842,14596
1260,test,0.42857142857142855,962
12614,test,0.8518518518518519,3396
12624,test,0.5490196078431373,10578
12628,test,0.9534883720930233,12757
12634,test,0.6078431372549019,12757
12635,test,0.8076923076923077,12024
12636,test,0.6724137931034483,12762
12651,test,0.7017543859649122,12633
12653,test,0.8,2239
12658,test,0.6666666666666666,12657
12667,test,0.5625,12585
12676,test,0.7878787878787878,12674
12677,test,0.6153846153846154,13601
12679,test,0.3,12154
12691,test,0.7380952380952381,7420
12697,test,0.5434782608695652,7420
12712,test,0.5384615384615384,2296
12714,test,0.4117647058823529,2296
12719,test,0.5675675675675675,12861
12733,test,0.9583333333333334,12731
12740,test,0.5333333333333333,2640
12750,test,0.38235294117647056,2138
12755,test,0.7407407407407407,12659
12758,test,0.5609756097560976,248
12759,test,0.8636363636363636,12660
12773,test,0.8222222222222222,12772
12775,test,0.6956521739130435,12772
12776,test,0.7441860465116279,12769
12782,test,0.6923076923076923,1335
1279,test,0.3048780487804878,11760
12792,test,0.7142857142857143,8898
12803,test,0.5,16455
12804,test,0.7727272727272727,2684
1281,test,0.4,762
12813,test,0.7142857142857143,12711
12820,test,0.6296296296296297,12101
12821,test,0.8,12822
12828,test,0.27419354838709675,9261
12840,test,0.2894736842105263,13307
12854,test,0.7631578947368421,13018
1286,test,0.7391304347826086,16172
12860,test,0.7666666666666667,12861
12862,test,0.41935483870967744,4289
12865,test,0.8108108108108109,13585
12870,test,0.5531914893617021,5552
12878,test,0.5238095238095238,8856
12880,test,0.4878048780487805,12689
12884,test,0.5161290322580645,2330
12886,test,0.6176470588235294,4970
12887,test,0.4523809523809524,12896
12897,test,0.39285714285714285,12898
12899,test,0.5135135135135135,4460
1290,test,0.6590909090909091,7335
12909,test,0.4864864864864865,4239
12912,test,0.6,712
12915,test,0.5116279069767442,3482
12916,test,0.6216216216216216,13304
12931,test,0.7435897435897436,12932
12933,test,0.5681818181818182,12930
12948,test,0.5531914893617021,735
1295,test,0.47619047619047616,15249
12950,test,0.7948717948717948,12949
12954,test,0.7560975609756098,12769
12956,test,0.6428571428571429,12955
12961,test,0.6304347826086957,12962
12963,test,0.7441860465116279,12958
12964,test,0.775,12959
12966,test,0.85,12967
12969,test,0.6304347826086957,12967
12970,test,0.5581395348837209,5357
12975,test,0.6739130434782609,15429
1298,test,0.6153846153846154,1371
12983,test,0.7916666666666666,14244
12986,test,0.5925925925925926,12453
12989,test,0.6304347826086957,16409
12993,test,0.6304347826086957,14107
12997,test,0.5,13001
12998,test,0.6744186046511628,12999
130,test,0.6176470588235294,1306
13019,test,0.6,13348
13029,test,0.425531914893617,13997
13034,test,0.6511627906976745,13033
13037,test,0.46938775510204084,2980
13041,test,0.7272727272727273,14177
1305,test,0.3442622950819672,7818
13050,test,0.49056603773584906,6623
13052,test,0.6976744186046512,13032
13053,test,0.45454545454545453,2805
13055,test,0.4230769230769231,8602
13069,test,0.43859649122807015,13058
13070,test,0.75,12482
13076,test,0.5116279069767442,3789
13083,test,0.8245614035087719,13085
13086,test,0.6885245901639344,13081
13100,test,0.5,13102
13104,test,0.52,13101
13108,test,0.4864864864864865,4497
1311,test,0.375,831
13115,test,0.4,12984
1312,test,0.6333333333333333,1309
13129,test,0.6730769230769231,13121
1313,test,0.5769230769230769,8073
13132,test,0.6981132075471698,16191
13133,test,0.6346153846153846,16191
13137,test,0.6296296296296297,16188
13143,test,0.7222222222222222,16188
13149,test,0.6938775510204082,15120
1315,test,0.6428571428571429,1318
13151,test,0.7659574468085106,13141
13152,test,0.78,13142
13155,test,0.7755102040816326,9224
13160,test,0.5128205128205128,3994
13161,test,0.45714285714285713,3921
13164,test,0.3877551020408163,13162
13171,test,0.5526315789473685,2776
13174,test,0.5,5249
13192,test,0.5666666666666667,16188
13198,test,0.7297297297297297,12709
13205,test,0.6923076923076923,16126
13207,test,0.6666666666666666,16451
13210,test,0.625,15489
13215,test,1.0,13214
13219,test,0.7674418604651163,13214
13221,test,0.7083333333333334,13283
13223,test,0.7352941176470589,3943
13227,test,0.38636363636363635,13580
13230,test,0.7222222222222222,6623
13241,test,0.5,2919
13246,test,1.0,13818
13251,test,0.7142857142857143,13250
13286,test,0.6923076923076923,3386
13293,test,0.5909090909090909,3384
13299,test,0.6938775510204082,2967
1330,test,0.6060606060606061,811
13308,test,0.3409090909090909,5476
13325,test,0.625,4289
13327,test,0.6296296296296297,2140
13329,test,0.8043478260869565,14425
13330,test,0.8378378378378378,13479
13332,test,0.6,10219
13333,test,0.6346153846153846,13334
13336,test,0.5,16188
13337,test,0.6346153846153846,13334
13344,test,0.8095238095238095,13340
13345,test,0.4838709677419355,13341
13347,test,0.56,13346
13371,test,0.6136363636363636,11952
13383,test,0.851063829787234,13392
13386,test,0.7142857142857143,4289
13396,test,0.4594594594594595,3728
1340,test,0.6666666666666666,2592
13406,test,0.5483870967741935,3005
13415,test,0.5757575757575758,2721
13416,test,0.5757575757575758,2721
13451,test,0.5925925925925926,4289
13466,test,0.6666666666666666,13479
13483,test,0.4772727272727273,9121
13499,test,0.421875,3042
13512,test,0.6756756756756757,13513
13516,test,0.48936170212765956,11314
13530,test,0.8571428571428571,13529
13540,test,0.6304347826086957,12930
1355,test,0.4,1371
13551,test,0.6346153846153846,13231
13560,test,0.696969696969697,13566
13564,test,0.6730769230769231,13571
13572,test,0.5957446808510638,14041
13575,test,0.7096774193548387,2014
13582,test,0.4583333333333333,2809
1359,test,0.3684210526315789,1980
1360,test,0.5869565217391305,4947
13608,test,0.5357142857142857,13093
13613,test,0.43478260869565216,11349
13616,test,0.4166666666666667,13307
13635,test,0.7818181818181819,13623
13642,test,0.7868852459016393,13636
13664,test,0.3333333333333333,9165
13666,test,0.3829787234042553,13662
13667,test,0.5694444444444444,13621
1367,test,0.7083333333333334,2870
13672,test,0.7142857142857143,15708
13673,test,0.7692307692307693,13754
13681,test,0.5,13680
13684,test,0.23684210526315788,3487
1369,test,0.3333333333333333,858
13691,test,0.5897435897435898,13689
13703,test,0.5178571428571429,15557
13709,test,0.2692307692307692,864
13720,test,1.0,16073
13727,test,0.6388888888888888,5815
13740,test,0.7027027027027027,13739
13750,test,0.4067796610169492,12118
13755,test,0.8285714285714286,14490
13758,test,0.48,6697
13772,test,0.5208333333333334,11949
13778,test,0.5952380952380952,12816
1378,test,0.4444444444444444,1358
13780,test,0.525,12929
13789,test,0.41935483870967744,16412
138,test,0.41379310344827586,5920
13806,test,0.6896551724137931,4663
13814,test,0.32432432432432434,1994
13817,test,0.85,1615
13823,test,0.3333333333333333,13821
13824,test,0.4107142857142857,13822
13827,test,0.425,13617
13828,test,0.6875,13829
1383,test,0.4782608695652174,1547
13831,test,0.38636363636363635,13617
13839,test,0.2978723404255319,8266
13858,test,0.8507462686567164,8518
1386,test,0.35714285714285715,1361
13861,test,0.7407407407407407,13863
13873,test,0.5689655172413793,14058
13874,test,0.5517241379310345,14058
13875,test,0.5666666666666667,13871
13884,test,0.8541666666666666,9082
13886,test,0.5641025641025641,1174
13889,test,0.578125,9082
13893,test,0.574468085106383,12868
13895,test,0.43137254901960786,13771
13908,test,0.5641025641025641,14005
13909,test,0.6097560975609756,11339
1391,test,0.6,1392
13912,test,0.7391304347826086,13913
13914,test,0.7560975609756098,13921
13917,test,0.6785714285714286,9895
13918,test,0.7727272727272727,13913
13929,test,0.6363636363636364,5951
1393,test,0.4166666666666667,4750
13931,test,0.5945945945945946,15765
13939,test,0.6111111111111112,15765
13944,test,0.5813953488372093,13953
13948,test,0.6304347826086957,6664
1395,test,0.5,2138
13950,test,0.675,16439
13954,test,0.5714285714285714,11339
13957,test,0.6818181818181818,13964
13966,test,0.6451612903225806,12588
13968,test,0.5405405405405406,9019
1397,test,0.6,1563
13971,test,0.75,13972
13977,test,0.5652173913043478,16227
13982,test,0.717948717948718,13984
13993,test,0.5476190476190477,12448
13996,test,0.7837837837837838,13997
14002,test,0.6923076923076923,11339
14009,test,0.7777777777777778,13671
14017,test,0.5813953488372093,4251
14049,test,0.7142857142857143,14050
14054,test,0.7424242424242424,14055
14060,test,0.7777777777777778,8444
14061,test,0.9285714285714286,8444
14073,test,0.875,14074
14075,test,0.6862745098039216,14058
14076,test,0.5901639344262295,2092
14077,test,0.9333333333333333,14063
1408,test,0.75,22
14090,test,0.775,3302
14100,test,0.78,4674
14112,test,0.8863636363636364,14008
14119,test,0.32558139534883723,13248
14121,test,0.5333333333333333,7310
14135,test,0.6285714285714286,14134
14143,test,0.5945945945945946,16455
14145,test,0.6842105263157895,13779
1416,test,0.7380952380952381,298
14164,test,0.8461538461538461,14165
14166,test,0.6585365853658537,16325
1417,test,0.6511627906976745,790
14179,test,0.5833333333333334,14177
14180,test,0.4603174603174603,14178
14188,test,0.38461538461538464,12996
1419,test,0.5512820512820513,20
14190,test,0.4838709677419355,14187
14191,test,0.6296296296296297,14194
142,test,0.8125,16400
14200,test,0.6785714285714286,12735
14225,test,0.3409090909090909,9166
14230,test,0.8571428571428571,14148
14233,test,0.41379310344827586,13381
14235,test,0.4074074074074074,1819
14239,test,0.5882352941176471,9838
14252,test,0.875,14253
14255,test,0.7209302325581395,14256
14261,test,0.6136363636363636,14260
14269,test,0.5853658536585366,14270
14277,test,0.2857142857142857,5737
1429,test,0.673469387755102,1431
14290,test,0.5,5645
14296,test,0.7027027027027027,9055
14298,test,0.6986301369863014,9198
14307,test,0.6538461538461539,2983
14312,test,0.74,15012
14313,test,0.24242424242424243,15329
14316,test,0.54,12586
1432,test,0.8490566037735849,726
1433,test,0.7121212121212122,726
14335,test,0.4264705882352941,5592
14339,test,0.696969696969697,14405
14340,test,0.5238095238095238,14338
14341,test,0.5116279069767442,14338
14342,test,0.6923076923076923,14338
14349,test,0.8194444444444444,14350
14351,test,0.8363636363636363,3396
1436,test,0.5084745762711864,28
14365,test,0.8153846153846154,14353
14385,test,0.4,14386
1441,test,0.42,620
14424,test,0.3037974683544304,12615
14426,test,0.9090909090909091,14409
1443,test,0.30303030303030304,910
14431,test,0.6842105263157895,11730
14432,test,0.5517241379310345,2586
14435,test,0.6271186440677966,13042
14449,test,0.54,1152
1445,test,0.7796610169491526,7614
14450,test,0.75,14345
14455,test,0.6190476190476191,14453
14456,test,0.5454545454545454,12596
1446,test,0.4222222222222222,6141
14468,test,0.8214285714285714,3000
14483,test,0.5753424657534246,8940
14489,test,0.5714285714285714,14333
14493,test,0.8888888888888888,14451
14495,test,0.8260869565217391,14496
14497,test,0.49056603773584906,14496
14504,test,0.7611940298507462,12298
14523,test,0.6428571428571429,14530
1453,test,0.3783783783783784,3295
14531,test,0.6153846153846154,14469
14550,test,0.25609756097560976,7527
14551,test,0.25,15692
14578,test,0.5531914893617021,365
14585,test,0.26153846153846155,6013
14587,test,0.6825396825396826,14397
14589,test,0.29069767441860467,3158
1459,test,0.7368421052631579,4646
14609,test,0.6129032258064516,10531
1461,test,0.5833333333333334,2888
14611,test,0.7727272727272727,12596
14626,test,0.7037037037037037,778
14627,test,0.8902439024390244,14623
1463,test,0.8085106382978723,13805
14634,test,0.5070422535211268,1543
14638,test,0.6625,4826
14643,test,1.0,14594
14644,test,0.4838709677419355,158
14645,test,0.68,12596
14652,test,0.7560975609756098,14661
14656,test,0.7608695652173914,14660
14657,test,0.75,14658
14659,test,0.7777777777777778,14658
1466,test,0.6538461538461539,3235
14677,test,0.7804878048780488,14682
14680,test,0.5714285714285714,14682
14709,test,0.7037037037037037,14717
1471,test,0.896551724137931,1470
14714,test,0.9818181818181818,14713
14715,test,0.7169811320754716,14717
14716,test,0.813953488372093,14710
14718,test,0.7608695652173914,14710
14750,test,0.5423728813559322,14756
14754,test,0.484375,14756
14755,test,0.75,14756
1476,test,0.5625,3252
14775,test,0.5384615384615384,12298
14786,test,0.7,14790
14788,test,0.7027027027027027,14789
14793,test,0.8817204301075269,14828
14811,test,0.5873015873015873,9183
14820,test,0.7,14819
14824,test,0.5272727272727272,9276
14830,test,0.7017543859649122,14505
1484,test,0.7647058823529411,1907
1486,test,0.42105263157894735,2544
14872,test,0.3,1833
14874,test,1.0,14873
14885,test,0.7111111111111111,14889
14887,test,0.3157894736842105,14886
14888,test,0.7272727272727273,14889
14899,test,0.6808510638297872,14898
149,test,0.6842105263157895,79
14904,test,0.7142857142857143,14908
1491,test,0.5,3586
14912,test,0.8837209302325582,14925
14914,test,0.8367346938775511,14916
14915,test,0.9777777777777777,14916
14917,test,0.8541666666666666,14916
14919,test,0.7777777777777778,14920
14921,test,1.0,14922
14931,test,0.8333333333333334,14958
14938,test,0.8333333333333334,14937
14939,test,0.8,14937
14940,test,0.803921568627451,14937
14942,test,0.6727272727272727,14937
14947,test,0.803921568627451,16486
14949,test,0.851063829787234,14955
1496,test,1.0,1371
14967,test,0.725,14968
1497,test,0.5416666666666666,828
14972,test,0.7073170731707317,14968
14990,test,0.45714285714285713,14989
14995,test,0.90625,340
15011,test,0.6666666666666666,740
15013,test,0.9777777777777777,11176
15018,test,0.3673469387755102,15933
15023,test,0.6923076923076923,15024
15027,test,0.5555555555555556,7441
15028,test,0.5,4482
15036,test,0.3157894736842105,3702
15041,test,0.3125,1262
15042,test,0.52,1336
15045,test,0.5925925925925926,9909
1505,test,0.7101449275362319,5232
15051,test,0.4838709677419355,1482
15067,test,0.8148148148148148,1965
15068,test,0.37254901960784315,10807
15070,test,0.4444444444444444,1235
15072,test,0.5384615384615384,2381
15073,test,0.4722222222222222,9426
15079,test,0.7419354838709677,300
15084,test,0.6774193548387096,6085
15093,test,0.9545454545454546,15095
15097,test,0.7692307692307693,312
15109,test,0.28421052631578947,11963
1512,test,0.1875,5538
15133,test,0.4146341463414634,10678
15136,test,0.5882352941176471,225
1514,test,0.28,2541
15148,test,0.6875,2279
15152,test,0.6818181818181818,298
15153,test,0.75,2304
15158,test,0.6833333333333333,753
15160,test,0.30357142857142855,1168
15163,test,0.5652173913043478,2706
15165,test,0.7931034482758621,3528
15166,test,0.6521739130434783,2647
15170,test,0.28,10081
15171,test,0.59375,4938
1518,test,0.673469387755102,28
15186,test,0.7804878048780488,12640
15192,test,0.8055555555555556,4819
1521,test,0.3142857142857143,300
15211,test,0.4375,13759
15227,test,0.7608695652173914,5026
15231,test,0.5,3803
15234,test,0.9,2859
15237,test,0.5517241379310345,1398
1526,test,0.6,1527
15261,test,0.8235294117647058,15259
15263,test,0.4318181818181818,2008
15266,test,0.5526315789473685,15271
15272,test,0.625,7538
15273,test,0.625,4787
15278,test,0.6153846153846154,2316
15281,test,0.48484848484848486,1127
1529,test,0.3111111111111111,6141
15294,test,0.6296296296296297,15293
15306,test,0.6222222222222222,5140
15310,test,0.5128205128205128,4482
15318,test,0.359375,2616
15325,test,0.3333333333333333,861
15330,test,0.9318181818181818,12757
15331,test,0.26153846153846155,1642
1534,test,0.2345679012345679,2540
15357,test,0.6875,16400
15367,test,0.5,1176
15370,test,0.5609756097560976,8702
15373,test,0.4444444444444444,3144
15378,test,0.5217391304347826,13237
15381,test,0.796875,3856
15387,test,0.8571428571428571,15175
15391,test,0.7948717948717948,3862
15405,test,0.6153846153846154,15403
15408,test,1.0,6888
15415,test,0.6086956521739131,5024
15416,test,0.75,2355
15417,test,0.5633802816901409,809
15418,test,0.42857142857142855,11156
1542,test,0.6,1109
15422,test,0.75,4744
15427,test,0.6666666666666666,2596
15433,test,0.4117647058823529,710
15439,test,0.6875,15440
15444,test,0.7575757575757576,3696
15446,test,0.32432432432432434,11426
1546,test,0.6060606060606061,811
15460,test,0.6,15459
15465,test,0.7,15464
15470,test,0.1724137931034483,1912
15476,test,0.5925925925925926,3984
15477,test,0.725,6319
15478,test,0.8085106382978723,7669
15480,test,0.6190476190476191,15513
15484,test,0.7894736842105263,6477
15488,test,0.5384615384615384,7002
15494,test,0.53125,15456
15496,test,0.6585365853658537,6595
15498,test,0.36363636363636365,2835
15499,test,0.4166666666666667,5344
15500,test,0.5862068965517241,975
15501,test,0.6666666666666666,6834
15521,test,1.0,15522
15524,test,1.0,15526
15525,test,1.0,15526
1553,test,0.8297872340425532,13805
15537,test,0.37777777777777777,3791
15538,test,0.375,1080
15543,test,0.6666666666666666,16260
15548,test,0.29411764705882354,11147
15549,test,0.875,15550
15551,test,0.8666666666666667,15553
15559,test,0.8695652173913043,15565
15567,test,1.0,7129
15568,test,0.8448275862068966,8227
15572,test,0.7209302325581395,15579
15573,test,0.9230769230769231,15579
15586,test,0.7954545454545454,10485
1559,test,0.375,2252
15590,test,0.975609756097561,15592
15596,test,0.9761904761904762,15594
1560,test,0.4146341463414634,15625
15601,test,0.7619047619047619,15593
15606,test,0.8461538461538461,10291
15615,test,0.5833333333333334,15576
15629,test,0.43902439024390244,70
15675,test,0.6842105263157895,3649
15702,test,0.36363636363636365,1062
15704,test,0.48484848484848486,8385
15706,test,0.6842105263157895,6623
15707,test,0.8,12474
15709,test,0.85,10293
15713,test,0.8867924528301887,15712
15716,test,0.30952380952380953,3955
15717,test,0.2857142857142857,2948
15720,test,0.42,15721
1573,test,0.4166666666666667,1442
15741,test,0.3191489361702128,159
15744,test,0.27450980392156865,10981
15758,test,0.38461538461538464,8070
15771,test,0.8095238095238095,15770
15773,test,0.7674418604651163,15776
15777,test,0.673469387755102,15779
15780,test,0.7037037037037037,15783
15782,test,0.6666666666666666,15779
15784,test,0.6415094339622641,15786
15792,test,0.7333333333333333,15274
1581,test,0.5434782608695652,8537
15827,test,0.82,148
1583,test,0.6551724137931034,2709
15832,test,0.6481481481481481,15830
15836,test,0.9090909090909091,15834
15845,test,1.0,4446
15848,test,0.6,15847
15850,test,0.5,9499
15853,test,1.0,9497
1586,test,1.0,1907
15862,test,0.7755102040816326,9435
15864,test,0.8709677419354839,5906
15866,test,0.6285714285714286,5906
15876,test,0.6666666666666666,7938
15888,test,0.896551724137931,15887
15892,test,0.5,3646
15896,test,0.5,11155
15902,test,0.46153846153846156,3297
15911,test,0.43902439024390244,5612
15915,test,0.7931034482758621,15904
15919,test,0.47297297297297297,12262
15920,test,0.4576271186440678,15921
15930,test,0.6818181818181818,6076
15932,test,0.5833333333333334,1042
15936,test,0.47619047619047616,12785
1594,test,0.4375,1755
15941,test,0.6551724137931034,15940
15968,test,0.75,13546
15969,test,0.6857142857142857,811
15978,test,0.696969696969697,1326
15988,test,0.6785714285714286,7940
16033,test,0.6935483870967742,14635
16034,test,0.8703703703703703,16041
16038,test,0.725,7942
1606,test,0.27692307692307694,2537
16074,test,0.7941176470588235,12293
16093,test,0.64,11155
16094,test,0.6764705882352942,12057
1610,test,0.5208333333333334,4468
16113,test,0.6410256410256411,16116
16122,test,0.7777777777777778,16121
16145,test,0.47368421052631576,6113
16147,test,0.5208333333333334,13922
16149,test,0.3225806451612903,95
16152,test,0.5675675675675675,16151
16174,test,0.5666666666666667,1442
16177,test,0.7560975609756098,16160
16178,test,0.38571428571428573,14704
16179,test,1.0,11923
1619,test,0.5238095238095238,248
16212,test,0.660377358490566,13134
16216,test,0.6909090909090909,16215
16217,test,0.7115384615384616,13696
16218,test,0.5128205128205128,6851
16221,test,0.76,16222
16226,test,0.7272727272727273,573
16238,test,0.7894736842105263,13082
16252,test,0.6896551724137931,13620
1626,test,0.5609756097560976,3339
16261,test,0.8888888888888888,16234
16266,test,0.582089552238806,16264
1627,test,0.59375,4483
16272,test,0.9787234042553191,16316
16282,test,0.390625,2087
16283,test,0.5,1994
16288,test,0.7358490566037735,3063
16290,test,0.7659574468085106,5023
16292,test,0.8571428571428571,16234
16299,test,0.6595744680851063,2190
16302,test,0.41025641025641024,3127
16303,test,0.7872340425531915,10534
16319,test,0.5614035087719298,14396
16328,test,0.75,5229
16329,test,0.5333333333333333,9497
16335,test,0.85,14798
16362,test,0.6271186440677966,8785
16379,test,0.425531914893617,14696
16380,test,0.425531914893617,14696
16381,test,0.47619047619047616,14696
16382,test,0.425531914893617,14696
16393,test,0.4174757281553398,11939
16404,test,0.4666666666666667,13298
16407,test,1.0,16406
16408,test,0.5098039215686274,13567
16417,test,0.5,803
16418,test,0.43333333333333335,9909
1643,test,0.7222222222222222,1644
16434,test,0.575,11042
16437,test,0.5869565217391305,7129
16438,test,0.813953488372093,4805
16441,test,0.7931034482758621,4597
16443,test,0.47619047619047616,874
16459,test,0.48484848484848486,6612
1646,test,0.4117647058823529,1895
16463,test,0.6363636363636364,14004
16464,test,1.0,16406
16478,test,0.6666666666666666,3302
1649,test,0.7333333333333333,3551
16493,test,0.72,15872
1656,test,0.5666666666666667,2114
1659,test,0.7692307692307693,6798
1671,test,0.6666666666666666,10325
1672,test,0.6428571428571429,5135
1673,test,0.5882352941176471,1032
1674,test,0.27906976744186046,707
1676,test,0.4782608695652174,3805
1681,test,0.375,888
1686,test,0.7407407407407407,1689
1692,test,0.3888888888888889,3246
1706,test,0.5849056603773585,3551
1708,test,0.6129032258064516,1705
171,test,0.44,650
1714,test,0.4642857142857143,1718
1716,test,0.4,1749
1717,test,0.36363636363636365,8017
1720,test,0.5555555555555556,3
1721,test,0.6388888888888888,14333
1726,test,0.7058823529411765,8802
1727,test,0.8103448275862069,1728
1730,test,0.64,3215
1734,test,1.0,1152
1748,test,0.4230769230769231,1693
1768,test,0.7037037037037037,3628
1769,test,0.53125,3466
1772,test,0.5,6622
1788,test,0.55,6583
179,test,0.7777777777777778,418
1790,test,0.3888888888888889,1944
1801,test,0.9411764705882353,105
1808,test,0.4166666666666667,520
1812,test,0.6666666666666666,1492
1814,test,0.3333333333333333,5420
1826,test,0.625,15693
1829,test,0.4594594594594595,5476
1832,test,0.65,3384
1834,test,0.4594594594594595,2755
1836,test,0.46808510638297873,3551
1838,test,0.5625,972
1848,test,0.75,1791
1851,test,0.7647058823529411,1850
1857,test,0.8260869565217391,1861
1858,test,0.5094339622641509,1187
1874,test,0.4074074074074074,906
1889,test,0.4230769230769231,5482
1891,test,0.7560975609756098,1920
1896,test,0.78,1850
1899,test,0.36231884057971014,5440
19,test,0.4666666666666667,1833
1911,test,0.6666666666666666,6805
1918,test,0.6216216216216216,1284
1919,test,0.6216216216216216,1284
1922,test,0.5294117647058824,4201
1924,test,0.7575757575757576,15708
1931,test,0.7058823529411765,4799
1934,test,0.9615384615384616,2090
1939,test,0.53125,6328
194,test,0.19318181818181818,14605
1950,test,0.5833333333333334,16090
1953,test,0.46153846153846156,1989
1957,test,0.47368421052631576,2084
1960,test,0.7333333333333333,4737
1962,test,0.45,12910
1963,test,0.7058823529411765,2080
1968,test,0.6666666666666666,7370
1974,test,0.875,1933
1975,test,0.25,4140
1979,test,0.3333333333333333,1880
1985,test,0.9375,1907
1990,test,0.42857142857142855,1572
1995,test,1.0,2842
1996,test,0.4,7572
2016,test,0.38235294117647056,911
2021,test,0.5833333333333334,2022
2025,test,0.5135135135135135,2622
2029,test,0.75,2038
2031,test,0.5945945945945946,2220
204,test,0.3728813559322034,2727
2043,test,0.8382352941176471,15095
2045,test,0.25,1015
2047,test,0.25,1015
2049,test,0.725,33
2054,test,0.75,6098
2067,test,0.7727272727272727,15692
207,test,0.676056338028169,8022
2075,test,0.6097560975609756,4959
2078,test,0.8529411764705882,1300
2082,test,0.7105263157894737,15877
2085,test,0.4772727272727273,6379
2086,test,0.5714285714285714,2084
2104,test,0.8,1805
2107,test,0.4117647058823529,3978
2108,test,0.43333333333333335,3968
2110,test,0.7058823529411765,2809
2113,test,0.38095238095238093,1331
2118,test,0.5333333333333333,1019
2129,test,0.9629629629629629,3077
2142,test,1.0,738
2143,test,1.0,738
2144,test,0.5806451612903226,2405
2150,test,0.47619047619047616,5755
2153,test,0.36363636363636365,1135
2154,test,0.6363636363636364,3105
2158,test,0.43103448275862066,221
2159,test,0.47619047619047616,984
216,test,0.3,15030
2160,test,0.8285714285714286,15877
2163,test,0.4222222222222222,9001
2178,test,0.391304347826087,5122
218,test,0.7096774193548387,5870
2180,test,0.7441860465116279,7699
2182,test,0.72,158
2183,test,0.4032258064516129,5398
2187,test,0.875,9481
2189,test,0.40625,937
219,test,0.6842105263157895,15282
2195,test,0.4782608695652174,3668
2199,test,0.22784810126582278,5791
2205,test,0.5769230769230769,12453
2214,test,0.5789473684210527,3275
222,test,0.5081967213114754,148
2227,test,0.2,1494
2229,test,0.391304347826087,6302
2233,test,0.5,15795
2240,test,0.5833333333333334,2009
2245,test,0.48,7847
2248,test,0.47058823529411764,1358
2249,test,0.4,1358
2254,test,0.625,2253
2261,test,0.5769230769230769,2256
2271,test,0.45,2911
2281,test,0.6896551724137931,3823
2282,test,0.5,5047
2294,test,0.52,2295
2297,test,0.3783783783783784,11441
2298,test,0.45454545454545453,9261
230,test,0.8235294117647058,9055
2305,test,0.6774193548387096,3239
2308,test,0.4827586206896552,13307
2312,test,0.75,8486
2313,test,0.6111111111111112,5612
2315,test,0.6296296296296297,5497
2321,test,0.48,12705
2331,test,0.5208333333333334,16344
2332,test,0.8181818181818182,2403
2337,test,0.48936170212765956,10667
2345,test,0.47368421052631576,984
2354,test,0.7457627118644068,2453
2357,test,0.5581395348837209,2365
2368,test,0.7777777777777778,2372
237,test,0.6779661016949152,2476
2377,test,0.725,2380
2383,test,0.4090909090909091,2197
2386,test,0.6140350877192983,13049
2396,test,0.660377358490566,2436
2397,test,0.65,2439
2404,test,0.6129032258064516,2316
2413,test,0.8571428571428571,3015
2416,test,0.7560975609756098,2409
2420,test,0.7631578947368421,694
2425,test,0.3870967741935484,2611
2428,test,0.8245614035087719,2429
243,test,0.5172413793103449,100
244,test,0.5625,771
2446,test,1.0,6614
2447,test,0.6976744186046512,12
245,test,0.6491228070175439,76
2451,test,0.5416666666666666,8537
2477,test,0.6666666666666666,3332
2482,test,0.3448275862068966,10632
2489,test,0.6111111111111112,10049
2499,test,0.44,6093
2504,test,0.3191489361702128,1795
2509,test,0.4098360655737705,1437
2518,test,0.6666666666666666,8711
2521,test,0.8409090909090909,1431
2527,test,0.8409090909090909,6174
2534,test,0.2236842105263158,828
2535,test,0.625,962
2543,test,0.4074074074074074,1252
2548,test,0.6,2550
2553,test,0.4074074074074074,11452
2559,test,1.0,2601
256,test,0.4666666666666667,180
2561,test,1.0,2601
2562,test,1.0,2601
2578,test,0.56,9180
2579,test,0.7307692307692307,5788
258,test,0.5283018867924528,5821
2585,test,0.6388888888888888,10908
2589,test,0.6190476190476191,7810
2594,test,0.7727272727272727,2593
260,test,0.5294117647058824,1675
2602,test,1.0,2601
2605,test,0.6428571428571429,8724
261,test,0.4883720930232558,262
2614,test,0.44,962
2615,test,0.5333333333333333,7374
2621,test,0.6551724137931034,5135
2623,test,0.5588235294117647,5175
2629,test,0.3333333333333333,7085
2632,test,0.36666666666666664,1157
2635,test,0.25925925925925924,748
2641,test,0.7916666666666666,5135
2646,test,0.5555555555555556,3071
2648,test,0.6206896551724138,3993
2650,test,0.6206896551724138,3993
2655,test,1.0,4070
2667,test,0.6037735849056604,3154
2676,test,0.48,54
268,test,0.6481481481481481,312
2680,test,0.49056603773584906,2556
2682,test,0.5454545454545454,3102
269,test,0.6,2784
2691,test,0.6756756756756757,8027
2694,test,0.6333333333333333,2465
2700,test,0.6551724137931034,4813
2702,test,0.4642857142857143,6034
2703,test,0.5357142857142857,1783
2707,test,0.40625,11701
2710,test,0.44285714285714284,15096
2713,test,0.41025641025641024,2209
2714,test,0.41025641025641024,2788
272,test,0.7073170731707317,712
2729,test,0.8043478260869565,2722
2745,test,0.7954545454545454,2746
2752,test,0.8409090909090909,2744
2754,test,0.375,1153
2761,test,0.5185185185185185,14079
2768,test,0.425,816
2769,test,0.5483870967741935,1723
2770,test,0.8518518518518519,2753
2780,test,0.5294117647058824,7263
2792,test,1.0,11510
2793,test,0.9743589743589743,2841
2824,test,0.8,15173
2828,test,0.3793103448275862,15697
2832,test,0.3492063492063492,11412
284,test,0.6666666666666666,1565
2849,test,0.6578947368421053,12514
2850,test,0.75,1797
2858,test,0.4090909090909091,13043
2866,test,0.2926829268292683,1917
2879,test,0.6451612903225806,323
2884,test,0.32,2111
2891,test,0.5454545454545454,8479
2901,test,0.7073170731707317,2896
2902,test,0.7837837837837838,3004
2906,test,0.45,14250
2907,test,0.55,1368
2912,test,0.9583333333333334,14211
2913,test,0.4339622641509434,1629
2916,test,0.7948717948717948,3983
2917,test,0.574468085106383,3983
2918,test,0.5510204081632653,3983
2921,test,0.7777777777777778,2919
2928,test,0.6756756756756757,5690
2929,test,0.627906976744186,4947
2936,test,0.5,1999
2941,test,0.5,10339
2947,test,0.5,1306
2955,test,0.5609756097560976,11135
2956,test,0.5443037974683544,4837
2962,test,0.6842105263157895,3430
2964,test,0.7058823529411765,2966
2965,test,0.5490196078431373,13284
2969,test,0.3333333333333333,15693
2987,test,0.5263157894736842,452
299,test,0.7142857142857143,3002
2995,test,0.6774193548387096,1618
2998,test,0.5,15254
3012,test,0.6551724137931034,1303
3013,test,0.868421052631579,292
3014,test,0.6216216216216216,8912
302,test,0.5128205128205128,14713
3027,test,0.7073170731707317,10578
3029,test,0.475,2008
303,test,0.38636363636363635,9162
3031,test,0.3225806451612903,5547
3032,test,0.7142857142857143,15196
3038,test,0.4878048780487805,8774
3040,test,0.6,312
3043,test,0.84,11462
3061,test,0.72,94
3064,test,0.7380952380952381,4405
3081,test,0.6129032258064516,845
3086,test,0.34285714285714286,3110
3087,test,0.6333333333333333,3110
3088,test,0.5526315789473685,3089
3096,test,0.4230769230769231,3378
3103,test,0.41025641025641024,3047
3120,test,0.75,3117
3124,test,0.6764705882352942,3108
3126,test,0.7380952380952381,7138
3128,test,0.4074074074074074,3127
3140,test,0.6129032258064516,7118
3151,test,0.7692307692307693,3054
3170,test,0.5263157894736842,9032
3173,test,1.0,4292
3181,test,0.6,1353
3183,test,0.6190476190476191,1011
3189,test,0.3548387096774194,2301
3191,test,0.375,15254
3193,test,0.9818181818181818,3240
3200,test,0.29310344827586204,9970
3203,test,0.6551724137931034,10236
3204,test,0.6129032258064516,10236
3210,test,0.975,3212
3213,test,0.574468085106383,10807
3214,test,0.46511627906976744,3177
3225,test,0.3333333333333333,714
3226,test,0.5,3775
3241,test,0.875,9721
3244,test,0.5925925925925926,9306
3257,test,0.45454545454545453,1547
3259,test,0.4523809523809524,287
3261,test,0.4642857142857143,1548
3267,test,0.3076923076923077,648
3272,test,0.4766355140186916,15336
3273,test,0.4074074074074074,3066
328,test,0.65625,300
3288,test,0.4375,6685
3294,test,0.9767441860465116,1544
3299,test,0.4444444444444444,3300
3301,test,0.5185185185185185,2115
3303,test,1.0,12583
3308,test,0.32142857142857145,11204
3311,test,0.6060606060606061,3144
3317,test,0.6875,3315
3335,test,0.78125,3336
3340,test,0.6923076923076923,14318
3351,test,0.5769230769230769,1688
3358,test,0.9024390243902439,3326
3370,test,0.5348837209302325,6510
3385,test,0.7446808510638298,13290
339,test,0.425,15250
3409,test,0.5277777777777778,2685
3412,test,0.3157894736842105,2519
3417,test,0.5238095238095238,6263
3421,test,1.0,9414
3422,test,0.5161290322580645,5784
3423,test,0.21621621621621623,1648
3434,test,0.6,5813
3435,test,0.3181818181818182,889
3436,test,0.96,2721
344,test,0.4864864864864865,6113
3440,test,1.0,3438
3443,test,0.68,4674
3445,test,0.4186046511627907,5121
3447,test,0.3888888888888889,8979
346,test,0.3584905660377358,467
3469,test,0.64,1398
3470,test,0.4634146341463415,2495
3474,test,0.6785714285714286,1431
3476,test,0.5853658536585366,6619
3480,test,0.5833333333333334,10631
3486,test,0.6551724137931034,2613
3490,test,0.48717948717948717,5291
3496,test,0.3888888888888889,1134
3501,test,0.5961538461538461,5806
3505,test,0.4576271186440678,10681
3511,test,0.4772727272727273,6379
3517,test,0.7073170731707317,3515
352,test,0.6909090909090909,14368
3520,test,0.4444444444444444,10810
3529,test,0.6578947368421053,1366
3530,test,0.5185185185185185,10620
3541,test,0.72,3562
3552,test,0.42857142857142855,8979
3573,test,0.7272727272727273,3568
3576,test,0.5490196078431373,427
3578,test,0.2711864406779661,131
3579,test,0.7567567567567568,3580
359,test,0.6022727272727273,11776
3594,test,0.4666666666666667,7610
3603,test,0.8536585365853658,16409
3612,test,0.4090909090909091,2223
3614,test,0.3103448275862069,3359
3620,test,0.8604651162790697,3619
3623,test,0.23809523809523808,1914
3630,test,0.42857142857142855,14120
3635,test,0.2916666666666667,15364
3643,test,0.68,9693
3645,test,0.5333333333333333,782
3647,test,0.696969696969697,13603
3656,test,0.8275862068965517,3528
3661,test,0.42857142857142855,5821
3663,test,0.59375,6897
3665,test,0.4642857142857143,3467
3667,test,0.3404255319148936,7572
3679,test,0.41935483870967744,3644
3681,test,0.5294117647058824,2102
3682,test,0.34545454545454546,9161
3684,test,0.6129032258064516,3135
3694,test,0.4864864864864865,6553
3704,test,0.6333333333333333,2709
3705,test,0.4791666666666667,13924
3709,test,0.20689655172413793,3752
3711,test,0.5,1563
3714,test,0.6333333333333333,5906
3719,test,0.4,1986
3720,test,0.5161290322580645,5494
3725,test,0.6833333333333333,3741
3732,test,0.30303030303030304,3413
3743,test,0.8780487804878049,5899
3746,test,0.45161290322580644,3703
3748,test,0.4,11212
375,test,0.5161290322580645,3310
3756,test,0.4782608695652174,4994
3757,test,1.0,8436
3758,test,0.45,10997
3767,test,0.21052631578947367,9048
3771,test,0.5806451612903226,3816
3776,test,0.6153846153846154,848
3778,test,0.37037037037037035,3048
3779,test,0.8181818181818182,11261
3780,test,0.4523809523809524,13818
3788,test,0.5357142857142857,3037
3795,test,0.5384615384615384,11562
380,test,0.7592592592592593,15125
381,test,0.6111111111111112,8912
3814,test,0.4473684210526316,10600
3824,test,0.5,1351
3827,test,0.40476190476190477,15374
3833,test,0.7096774193548387,6521
3835,test,0.7674418604651163,3834
3836,test,0.5909090909090909,6895
3843,test,0.7021276595744681,15398
3849,test,0.7142857142857143,2335
3853,test,0.5416666666666666,11604
3854,test,0.5306122448979592,11604
386,test,0.7142857142857143,14606
3868,test,0.6976744186046512,3862
3877,test,0.6304347826086957,3860
388,test,0.5306122448979592,8660
3882,test,0.5094339622641509,9612
3885,test,0.9761904761904762,3873
3891,test,0.28125,879
3896,test,0.5283018867924528,3838
3905,test,0.8235294117647058,15581
3908,test,0.3142857142857143,2288
3911,test,0.4375,15413
3914,test,0.2564102564102564,15159
3917,test,0.660377358490566,3918
3925,test,0.5102040816326531,12959
3939,test,0.3783783783783784,15541
3948,test,0.5172413793103449,2417
3962,test,0.627906976744186,3951
3964,test,0.34375,2851
3979,test,0.5675675675675675,3456
3981,test,0.5517241379310345,9329
3982,test,0.4634146341463415,3957
3987,test,0.5714285714285714,13116
399,test,0.38461538461538464,401
3995,test,0.3333333333333333,1050
4005,test,0.8,4302
4014,test,0.631578947368421,3978
402,test,0.5370370370370371,11902
4025,test,0.52,6016
4028,test,0.5625,12892
4030,test,0.5142857142857142,3274
4033,test,0.5,701
4035,test,0.34615384615384615,10699
4043,test,0.328125,11412
4052,test,0.36585365853658536,7325
4054,test,0.2857142857142857,10981
4067,test,0.4838709677419355,7168
4072,test,0.625,4575
4074,test,0.7884615384615384,4075
4076,test,0.42857142857142855,2471
4080,test,1.0,738
4084,test,0.41935483870967744,624
4097,test,0.7857142857142857,5820
4098,test,0.5873015873015873,1498
4099,test,0.6410256410256411,2781
4102,test,0.3902439024390244,4466
4107,test,0.8301886792452831,12423
411,test,0.5416666666666666,1232
4110,test,1.0,2684
4114,test,0.7446808510638298,3820
4115,test,0.46153846153846156,1066
4117,test,0.896551724137931,4094
4122,test,0.6551724137931034,7121
4139,test,0.32727272727272727,2276
4141,test,0.5217391304347826,1675
4149,test,0.5,15078
4152,test,0.5416666666666666,1485
416,test,0.7384615384615385,15688
4166,test,0.4076923076923077,12178
417,test,0.30303030303030304,883
4172,test,0.4444444444444444,3926
4173,test,0.40540540540540543,5261
4175,test,0.5,8624
4176,test,0.9743589743589743,4180
4181,test,1.0,4180
4187,test,0.7321428571428571,4188
4194,test,0.7333333333333333,4203
4198,test,0.9090909090909091,3211
4205,test,0.5384615384615384,1913
4207,test,0.425,13903
4208,test,0.2962962962962963,4403
421,test,0.313953488372093,14566
4215,test,0.7894736842105263,1084
4216,test,0.475,10511
423,test,0.44,3066
4232,test,1.0,4231
4235,test,1.0,4231
4242,test,0.5,1121
4247,test,0.6511627906976745,4248
4256,test,0.40625,1065
4260,test,0.36363636363636365,1749
4262,test,0.6111111111111112,6637
4268,test,1.0,3590
4269,test,1.0,3590
4287,test,0.6764705882352942,3728
4294,test,0.4594594594594595,4295
4297,test,0.7222222222222222,6261
4298,test,0.21739130434782608,1263
4300,test,0.6111111111111112,1379
4301,test,0.8421052631578947,4303
431,test,0.5892857142857143,11218
4315,test,0.6585365853658537,4316
4330,test,0.7755102040816326,4329
4333,test,0.6716417910447762,3134
4336,test,0.7045454545454546,4337
434,test,0.6111111111111112,128
4344,test,0.5,14604
4348,test,0.4230769230769231,6996
4355,test,0.6862745098039216,613
437,test,0.7142857142857143,361
4374,test,0.33766233766233766,15637
4375,test,0.6666666666666666,6524
438,test,0.5161290322580645,4496
4385,test,0.8392857142857143,7703
4400,test,0.8717948717948718,11976
4409,test,0.2857142857142857,858
4412,test,0.5714285714285714,3352
4414,test,0.46153846153846156,13742
442,test,0.28846153846153844,795
4421,test,0.5833333333333334,1601
4441,test,0.4791666666666667,79
4452,test,0.6111111111111112,4451
4457,test,0.3584905660377358,2358
4476,test,0.36363636363636365,1019
4477,test,0.7391304347826086,4750
450,test,0.44680851063829785,12561
4508,test,0.5172413793103449,1579
4510,test,0.775,4509
4514,test,1.0,4231
4519,test,0.9285714285714286,15249
4531,test,0.5957446808510638,4532
4534,test,0.7105263157894737,6797
4541,test,0.5882352941176471,1739
4544,test,0.6818181818181818,4542
4552,test,0.7,4550
4553,test,0.7,4556
456,test,0.6162790697674418,1500
4562,test,0.6666666666666666,4551
4567,test,0.673469387755102,4542
4572,test,0.575,15871
4576,test,0.7714285714285715,4034
4580,test,0.7368421052631579,4578
4591,test,0.3488372093023256,15324
4592,test,0.7027027027027027,4267
4607,test,0.7317073170731707,3316
4611,test,0.75,11398
4613,test,0.4473684210526316,3444
4617,test,1.0,4618
4619,test,0.625,13928
4634,test,0.35294117647058826,3304
4638,test,0.5161290322580645,5263
4647,test,0.40816326530612246,11371
4648,test,0.8181818181818182,4702
4652,test,0.8723404255319149,4657
4656,test,0.92,4666
4658,test,0.9411764705882353,4663
4659,test,0.9333333333333333,4655
4660,test,0.9795918367346939,4666
4661,test,0.9787234042553191,4667
4665,test,0.9811320754716981,4668
4669,test,0.8444444444444444,4650
4675,test,0.8125,4704
468,test,0.5074626865671642,7563
4686,test,0.6111111111111112,3115
4687,test,0.5714285714285714,3115
4694,test,0.7115384615384616,10873
471,test,0.6666666666666666,12153
4712,test,0.42857142857142855,4900
472,test,0.5581395348837209,2193
4730,test,0.4642857142857143,7544
4731,test,0.4,2009
4755,test,0.65625,4786
4760,test,0.782608695652174,2224
4762,test,0.5862068965517241,6122
4764,test,0.6610169491525424,14713
4767,test,0.6086956521739131,4841
4771,test,0.45454545454545453,2071
4778,test,0.35555555555555557,2350
4779,test,0.5238095238095238,4782
478,test,0.5384615384615384,989
4781,test,0.4666666666666667,13252
4789,test,0.6666666666666666,4788
479,test,0.34615384615384615,1021
4791,test,0.45161290322580644,1528
4797,test,0.5227272727272727,4796
4811,test,0.7291666666666666,4810
483,test,0.6153846153846154,170
4848,test,0.2857142857142857,3830
4858,test,0.76,4875
4863,test,0.64,4862
4865,test,0.6756756756756757,4226
4871,test,0.8928571428571429,4224
4872,test,0.4166666666666667,7321
4876,test,0.3333333333333333,986
4877,test,0.6153846153846154,9107
488,test,0.4,1548
4883,test,0.4897959183673469,4296
4886,test,0.5555555555555556,3066
4888,test,0.42424242424242425,12535
4891,test,0.6222222222222222,4337
4893,test,0.6923076923076923,9709
4905,test,0.5869565217391305,7339
4914,test,0.43333333333333335,1791
4915,test,0.3333333333333333,15871
4917,test,0.7647058823529411,4898
4921,test,0.5869565217391305,6923
4930,test,1.0,16260
4940,test,0.5135135135135135,1284
4941,test,0.4888888888888889,12152
4945,test,0.7704918032786885,15096
4946,test,0.627906976744186,4959
4952,test,0.5686274509803921,15089
4953,test,0.509090909090909,15089
4958,test,0.34065934065934067,8152
496,test,0.5833333333333334,672
4962,test,0.46808510638297873,1362
4963,test,0.38,1654
4964,test,0.47619047619047616,1866
4965,test,0.5925925925925926,2943
4972,test,0.4375,15071
4989,test,0.7,3003
5001,test,0.6274509803921569,783
5004,test,0.4230769230769231,15428
5009,test,0.6764705882352942,4597
5010,test,0.8888888888888888,5014
5017,test,0.38461538461538464,7156
5028,test,0.72,5496
5030,test,0.7857142857142857,5031
5037,test,0.7777777777777778,4810
5040,test,0.45652173913043476,660
5041,test,0.6785714285714286,4012
5042,test,0.5641025641025641,5166
5048,test,0.3548387096774194,16411
5049,test,0.6875,5226
5054,test,0.7450980392156863,5053
5055,test,0.7037037037037037,5053
5057,test,0.5714285714285714,6083
5063,test,0.5588235294117647,6180
5066,test,0.7083333333333334,5070
507,test,0.4423076923076923,491
5078,test,0.37037037037037035,9126
5080,test,0.3076923076923077,383
5081,test,0.9655172413793104,5082
5083,test,1.0,5082
5087,test,0.8285714285714286,5088
5089,test,0.5121951219512195,9800
509,test,0.7804878048780488,10540
5090,test,0.4153846153846154,7105
51,test,0.6764705882352942,4299
5106,test,0.8378378378378378,5105
511,test,0.8333333333333334,3042
5112,test,0.7333333333333333,5109
5115,test,0.8421052631578947,15584
5134,test,0.25,1334
5144,test,0.4772727272727273,15569
5163,test,0.3902439024390244,5126
5164,test,0.8125,5165
5171,test,0.9016393442622951,4826
5177,test,0.7014925373134329,3158
5186,test,0.9705882352941176,5652
5187,test,0.5918367346938775,5191
5188,test,0.975609756097561,5191
5193,test,0.8723404255319149,5194
5202,test,0.875,5203
5204,test,0.6060606060606061,13808
5209,test,0.37037037037037035,1081
5212,test,0.5909090909090909,5185
5215,test,0.7096774193548387,5216
5236,test,0.8125,5194
5244,test,0.4864864864864865,3510
5248,test,0.3448275862068966,4990
5250,test,0.6842105263157895,702
5257,test,0.24324324324324326,5067
5260,test,0.48717948717948717,12294
5264,test,0.6764705882352942,6795
5265,test,0.35294117647058826,10742
5272,test,0.6585365853658537,5274
5273,test,0.6136363636363636,5274
5277,test,0.6097560975609756,13287
5278,test,0.7435897435897436,15489
5282,test,0.6,10595
5289,test,0.5,6347
5295,test,0.7543859649122807,5296
5308,test,0.6938775510204082,5307
531,test,0.5,969
5323,test,0.4166666666666667,11419
5340,test,0.6,210
5342,test,0.8076923076923077,5475
5343,test,0.92,5475
5345,test,0.696969696969697,10700
5348,test,0.7297297297297297,5351
5349,test,0.7297297297297297,5353
5352,test,0.7058823529411765,2511
5354,test,0.27586206896551724,5025
5355,test,0.6486486486486487,13812
5358,test,0.6444444444444445,5360
5363,test,0.8235294117647058,5198
5368,test,0.52,1388
5373,test,0.34210526315789475,4465
5375,test,0.7111111111111111,10844
5378,test,0.75,5377
5385,test,0.56,5392
5389,test,0.8260869565217391,5377
5407,test,0.7567567567567568,7345
5409,test,0.4444444444444444,1949
541,test,0.36363636363636365,10783
5412,test,0.75,15584
5413,test,0.8947368421052632,5108
5414,test,0.9230769230769231,5123
5419,test,0.43478260869565216,5240
5428,test,0.6060606060606061,2253
5431,test,0.25862068965517243,10678
5436,test,0.5254237288135594,5440
5437,test,0.6363636363636364,5440
544,test,0.4897959183673469,8428
5444,test,0.6111111111111112,11567
5449,test,0.6153846153846154,2156
5452,test,0.4827586206896552,3084
5453,test,0.7966101694915254,3158
5454,test,0.625,11349
5464,test,0.29411764705882354,1904
5466,test,0.7647058823529411,5440
5468,test,0.5961538461538461,3551
5478,test,0.8125,2693
5495,test,0.47368421052631576,811
5500,test,1.0,5501
5503,test,0.7906976744186046,14148
5506,test,0.75,9151
5508,test,0.6792452830188679,16444
5512,test,0.6956521739130435,9414
5515,test,0.4186046511627907,4404
5517,test,0.65,6240
5523,test,0.6206896551724138,15293
5529,test,0.6363636363636364,757
5536,test,0.6,3215
5537,test,0.7142857142857143,5538
5542,test,0.8571428571428571,5922
5546,test,0.6875,5865
5553,test,0.5238095238095238,7132
5571,test,0.3333333333333333,1675
5572,test,0.5714285714285714,4105
5574,test,0.43902439024390244,11206
5575,test,0.29411764705882354,2529
5578,test,0.3055555555555556,15425
5584,test,0.3559322033898305,3538
5598,test,0.6551724137931034,5601
5604,test,0.7,2753
5611,test,0.4583333333333333,9768
5613,test,0.23333333333333334,392
5631,test,0.65,2809
5636,test,0.5660377358490566,5634
5639,test,0.7142857142857143,5640
5642,test,0.7142857142857143,710
5649,test,0.37777777777777777,10566
565,test,0.4411764705882353,16239
5651,test,1.0,5652
5657,test,0.6756756756756757,5944
5662,test,0.7222222222222222,5658
5666,test,0.5227272727272727,5746
5667,test,0.3888888888888889,2611
5672,test,0.725,4578
5673,test,0.6551724137931034,4535
5674,test,0.5294117647058824,2395
5675,test,0.5476190476190477,5643
5677,test,0.8723404255319149,5680
5679,test,0.8125,5680
5683,test,0.7457627118644068,5681
5687,test,0.8103448275862069,5681
5688,test,0.6666666666666666,5681
5691,test,0.6756756756756757,4034
5702,test,0.85,5701
5710,test,0.6857142857142857,5706
5716,test,0.7058823529411765,5714
5717,test,0.7368421052631579,5712
5727,test,0.4745762711864407,7902
5728,test,0.675,5372
5729,test,0.6888888888888889,5731
5738,test,0.6046511627906976,5739
5753,test,0.29411764705882354,2099
5756,test,0.6595744680851063,5589
5762,test,0.5357142857142857,5024
5770,test,0.4426229508196721,580
5787,test,0.3780487804878049,22
5790,test,0.6326530612244898,5788
5792,test,0.6481481481481481,5788
5793,test,0.28205128205128205,1841
5797,test,0.7575757575757576,5798
5805,test,0.7777777777777778,5801
5812,test,0.7948717948717948,2576
5816,test,0.5,2076
5826,test,0.5833333333333334,4186
5830,test,0.6785714285714286,4455
5836,test,0.7551020408163265,5837
5840,test,0.5227272727272727,377
5841,test,0.45098039215686275,5838
5844,test,0.8571428571428571,5843
5845,test,0.5882352941176471,16492
5853,test,0.8541666666666666,5852
5858,test,0.86,5856
5885,test,0.6578947368421053,6928
5886,test,0.74,5922
5901,test,0.8444444444444444,5851
5908,test,0.7083333333333334,5909
5915,test,0.72,2931
5924,test,0.5675675675675675,6275
5926,test,0.925,5609
593,test,0.6,1530
5932,test,0.39215686274509803,11371
5935,test,0.7,5934
5942,test,0.7142857142857143,15467
5946,test,0.7272727272727273,11335
5950,test,0.8333333333333334,5953
5959,test,0.8181818181818182,5023
5960,test,1.0,3005
5963,test,0.48148148148148145,8061
597,test,0.7419354838709677,1440
5984,test,0.5,5985
60,test,0.23529411764705882,1648
6006,test,0.6944444444444444,12514
6015,test,0.75,9440
6018,test,0.9615384615384616,9440
6024,test,0.6428571428571429,6022
6035,test,0.7441860465116279,6953
604,test,0.7377049180327869,1440
6040,test,0.7111111111111111,6953
605,test,0.7894736842105263,686
6053,test,0.7027027027027027,3940
6055,test,0.7441860465116279,6953
6059,test,0.6935483870967742,6627
6069,test,0.5106382978723404,16023
6070,test,0.5,16023
6081,test,0.46808510638297873,11602
6087,test,0.7647058823529411,6085
6091,test,0.65,6085
6092,test,0.6046511627906976,6094
6110,test,0.6086956521739131,6511
6115,test,0.3684210526315789,6104
6117,test,0.45614035087719296,1767
612,test,0.7592592592592593,609
6133,test,0.8076923076923077,6132
6137,test,0.676923076923077,6138
6147,test,0.8490566037735849,6149
6153,test,0.6101694915254238,6158
6154,test,0.5230769230769231,6149
6155,test,0.8076923076923077,6159
616,test,0.75,8970
6161,test,0.8148148148148148,6158
6164,test,0.6571428571428571,6165
6171,test,0.6470588235294118,7613
618,test,0.2962962962962963,3858
6194,test,0.5476190476190477,13771
62,test,0.7096774193548387,964
6204,test,0.5806451612903226,6197
6213,test,0.3611111111111111,6182
6214,test,0.45652173913043476,5764
6219,test,0.8043478260869565,6231
6221,test,0.7058823529411765,6218
6223,test,0.8163265306122449,6218
6226,test,0.8571428571428571,6255
6232,test,0.7547169811320755,6234
6236,test,0.6190476190476191,6235
6241,test,0.8048780487804879,6254
625,test,0.38,9
6252,test,0.8,6243
6257,test,0.7547169811320755,6248
6267,test,0.4339622641509434,6516
6278,test,0.34210526315789475,6188
6280,test,0.975609756097561,16447
629,test,0.2608695652173913,1452
6304,test,0.3888888888888889,12927
6305,test,0.32558139534883723,11156
6306,test,0.5384615384615384,5263
6311,test,0.4838709677419355,5302
6314,test,0.5961538461538461,7669
6320,test,0.45,15302
6329,test,0.55,6104
6334,test,0.8372093023255814,6356
6338,test,0.9,6342
6346,test,0.8222222222222222,6345
6348,test,0.8125,6359
6350,test,0.8378378378378378,6358
6357,test,0.39285714285714285,1548
6360,test,0.7857142857142857,3622
6366,test,0.696969696969697,6362
6367,test,0.7058823529411765,12573
6373,test,0.8805970149253731,6372
6374,test,0.58,16444
6377,test,0.4838709677419355,4214
638,test,0.7636363636363637,15355
6387,test,0.8378378378378378,6389
6388,test,0.7692307692307693,6401
6390,test,0.7948717948717948,6418
6393,test,0.8157894736842105,6418
64,test,0.5142857142857142,8
640,test,0.40625,686
6412,test,0.926829268292683,6409
6413,test,0.7692307692307693,6410
6414,test,0.75,6409
6420,test,0.6888888888888889,6408
6423,test,0.9285714285714286,6428
6465,test,0.6551724137931034,1303
6483,test,0.5272727272727272,3339
6493,test,0.4642857142857143,3801
6522,test,0.37037037037037035,6586
6526,test,0.5111111111111111,11079
6527,test,0.24324324324324326,10249
6529,test,0.42857142857142855,9440
6535,test,0.4318181818181818,13771
6541,test,0.48,5813
6547,test,0.5357142857142857,6504
655,test,0.32558139534883723,4101
6554,test,0.6833333333333333,1161
6557,test,1.0,6556
6563,test,0.45098039215686275,7317
6576,test,0.8095238095238095,553
6582,test,0.9090909090909091,15522
6587,test,0.7708333333333334,6586
6592,test,0.6129032258064516,2613
6601,test,0.7659574468085106,6586
6602,test,0.78,6584
6604,test,0.35,1062
6606,test,0.3333333333333333,849
6611,test,0.6,5268
6625,test,0.3125,1641
6630,test,0.3148148148148148,466
6632,test,0.5588235294117647,1119
6639,test,0.2553191489361702,1452
6643,test,0.7592592592592593,659
6654,test,0.6987951807228916,6653
6658,test,0.8387096774193549,6650
666,test,0.3148148148148148,356
6667,test,0.6785714285714286,6668
6671,test,0.6111111111111112,3263
6674,test,0.7931034482758621,8114
6681,test,0.717391304347826,6680
6682,test,0.7073170731707317,6678
6683,test,0.7435897435897436,6678
6684,test,0.6551724137931034,4970
6692,test,0.7916666666666666,6693
6696,test,0.825,6720
670,test,0.3958333333333333,3797
6702,test,0.4782608695652174,1023
6703,test,0.7027027027027027,6688
6706,test,0.625,6704
6714,test,0.6756756756756757,6688
6716,test,0.6,6678
6717,test,0.8148148148148148,11116
6727,test,0.6739130434782609,228
6733,test,0.5,12083
6737,test,0.5,7683
674,test,0.696969696969697,3482
6743,test,0.9583333333333334,6742
6746,test,0.8431372549019608,6747
6751,test,0.7419354838709677,6753
6766,test,0.8163265306122449,6761
6771,test,0.8541666666666666,6760
6780,test,0.27586206896551724,1795
6782,test,0.5106382978723404,7201
6783,test,0.8,6749
6786,test,0.5526315789473685,16451
68,test,0.46153846153846156,962
6800,test,0.8,6795
6801,test,0.48936170212765956,394
6802,test,0.41935483870967744,1783
6804,test,0.38596491228070173,3130
6816,test,0.3939393939393939,2065
682,test,0.7058823529411765,3978
6846,test,0.6086956521739131,6847
6848,test,0.5476190476190477,6056
6850,test,0.765625,3666
6853,test,0.7692307692307693,15296
6862,test,0.6296296296296297,6864
6868,test,0.6470588235294118,4058
6881,test,0.43478260869565216,3972
6887,test,1.0,6888
689,test,0.5975609756097561,641
6891,test,0.8048780487804879,12769
6896,test,0.6216216216216216,15508
6898,test,0.75,15508
6908,test,0.3793103448275862,3275
6913,test,0.9565217391304348,11511
695,test,0.4,15030
6956,test,0.717391304347826,7817
6959,test,0.3888888888888889,6612
6960,test,0.6428571428571429,10077
6963,test,0.8372093023255814,6605
6970,test,0.6041666666666666,7279
6971,test,0.5957446808510638,15617
6986,test,0.3023255813953488,2137
6993,test,0.44,16098
6999,test,0.5797101449275363,6753
7001,test,0.7045454545454546,5486
7010,test,0.7560975609756098,7009
7012,test,0.7222222222222222,7014
7018,test,0.6,7002
7019,test,0.7045454545454546,7078
7020,test,0.6,7078
7038,test,0.5185185185185185,7029
7042,test,0.6071428571428571,3928
7047,test,0.5416666666666666,6436
706,test,0.71875,14332
7060,test,0.7555555555555555,16409
7061,test,0.65,5154
7067,test,0.7560975609756098,7013
7070,test,0.42424242424242425,7037
7072,test,0.7037037037037037,7024
7083,test,0.6571428571428571,6544
7086,test,0.6857142857142857,1916
7088,test,0.6904761904761905,7089
7103,test,0.3469387755102041,12588
7109,test,0.5,12512
7117,test,0.5116279069767442,2316
7126,test,0.4444444444444444,4582
7139,test,0.7894736842105263,5142
7143,test,0.5227272727272727,15971
7144,test,1.0,6642
7149,test,0.5151515151515151,6608
7150,test,0.7058823529411765,7151
7155,test,0.4375,119
7161,test,0.675,7097
7165,test,0.675,833
7170,test,0.4909090909090909,3052
7177,test,0.7727272727272727,7201
7216,test,0.7272727272727273,13060
7220,test,0.5074626865671642,7000
7225,test,0.6071428571428571,3
7234,test,0.581081081081081,725
7239,test,0.6774193548387096,7370
7240,test,0.47058823529411764,15046
7246,test,0.5757575757575758,7371
7248,test,0.5757575757575758,7371
7250,test,0.6551724137931034,7371
7251,test,0.7241379310344828,7371
7258,test,0.45714285714285713,7259
7266,test,0.5789473684210527,7441
7268,test,0.5555555555555556,7269
727,test,0.36585365853658536,1300
7274,test,0.8732394366197183,1407
7282,test,0.8775510204081632,7202
729,test,0.23809523809523808,3730
73,test,0.410958904109589,428
730,test,0.4166666666666667,7783
7300,test,0.6486486486486487,16451
7301,test,0.3333333333333333,15062
7306,test,0.5555555555555556,1771
7311,test,0.43478260869565216,1057
7314,test,0.4583333333333333,3668
7346,test,0.5348837209302325,391
7351,test,0.765625,600
7355,test,0.5531914893617021,8507
7360,test,0.25862068965517243,6505
7375,test,0.3484848484848485,14397
7384,test,0.6206896551724138,7011
74,test,0.5,2851
7402,test,0.5833333333333334,13388
7403,test,0.6785714285714286,7405
7406,test,0.3,7405
7411,test,0.5294117647058824,7399
7412,test,0.6190476190476191,10219
7414,test,0.7857142857142857,7413
7416,test,0.6176470588235294,13761
7418,test,0.6756756756756757,7419
7432,test,0.6129032258064516,1740
7438,test,0.5,4875
7445,test,0.45652173913043476,7331
7452,test,0.6037735849056604,228
7455,test,0.5333333333333333,4496
7462,test,0.7111111111111111,7460
7464,test,0.6744186046511628,7460
7469,test,0.7380952380952381,5501
7471,test,0.5714285714285714,7468
7472,test,0.6744186046511628,6919
7477,test,0.38596491228070173,5663
7480,test,0.8222222222222222,94
7483,test,0.5,144
7484,test,0.5094339622641509,2727
7486,test,0.5294117647058824,7317
7491,test,0.631578947368421,9630
7493,test,0.5333333333333333,13949
7501,test,0.3442622950819672,7305
7507,test,0.5581395348837209,7509
751,test,0.2733812949640288,15656
7510,test,0.625,7513
7523,test,0.8829787234042553,5462
7530,test,0.28378378378378377,659
7537,test,0.6785714285714286,1740
7539,test,0.6060606060606061,5175
755,test,0.7666666666666667,3553
7554,test,0.5217391304347826,1905
7557,test,0.3150684931506849,559
7564,test,0.6166666666666667,7563
7567,test,0.5,10594
7575,test,0.7692307692307693,7580
7579,test,0.7567567567567568,7574
7584,test,0.7674418604651163,7581
7587,test,0.4864864864864865,15181
7593,test,1.0,7594
7606,test,0.5106382978723404,7232
7619,test,0.425531914893617,15933
7623,test,0.3902439024390244,800
7625,test,0.6,8702
7640,test,0.625,7638
7670,test,0.4090909090909091,2084
7673,test,0.8235294117647058,6502
7674,test,0.6666666666666666,6502
7681,test,0.4358974358974359,15180
7686,test,0.4864864864864865,119
7688,test,0.3541666666666667,3332
7690,test,0.3888888888888889,4635
7692,test,0.5,1758
7695,test,0.6666666666666666,4850
7712,test,0.575,15147
7722,test,0.8297872340425532,8623
7728,test,0.3333333333333333,6652
7742,test,0.6944444444444444,7743
7744,test,0.8166666666666667,11942
7749,test,0.5609756097560976,7748
7756,test,0.34146341463414637,5509
776,test,0.5319148936170213,754
7761,test,0.3157894736842105,3627
7773,test,0.21296296296296297,16375
7780,test,0.7435897435897436,7779
78,test,0.7777777777777778,165
7816,test,0.6964285714285714,15622
7855,test,0.4418604651162791,1456
7856,test,0.25925925925925924,1420
7857,test,0.5555555555555556,4503
7860,test,0.24242424242424243,1811
7885,test,0.4647887323943662,3360
7888,test,0.8260869565217391,7887
7896,test,0.375,5497
7900,test,0.7037037037037037,7899
7921,test,0.6444444444444445,7922
7925,test,0.6944444444444444,15708
7928,test,0.8596491228070176,7930
793,test,0.575,1611
7939,test,0.6086956521739131,5327
7941,test,0.6052631578947368,12153
7948,test,0.5660377358490566,7947
7950,test,0.5952380952380952,13826
7956,test,0.4716981132075472,12468
7962,test,0.5869565217391305,10509
7964,test,0.64,7961
7968,test,0.9428571428571428,15301
7971,test,0.9411764705882353,11950
7972,test,0.6666666666666666,11950
7978,test,0.5833333333333334,7961
7997,test,0.7213114754098361,7993
7998,test,0.8333333333333334,7996
7999,test,0.9827586206896551,8005
8000,test,0.9833333333333333,8006
8004,test,0.8666666666666667,8001
8021,test,0.6571428571428571,8020
8023,test,0.6216216216216216,2634
8025,test,1.0,805
8026,test,0.22580645161290322,3595
8034,test,0.7076923076923077,280
8036,test,0.4,520
8045,test,0.6153846153846154,8046
806,test,0.4117647058823529,3783
807,test,0.36363636363636365,11307
8075,test,0.5454545454545454,10114
8077,test,0.7391304347826086,8076
8080,test,0.5853658536585366,8679
8088,test,0.5068493150684932,2267
8095,test,0.75,8592
8099,test,0.6607142857142857,4167
8112,test,0.7936507936507936,8127
8119,test,0.98,8118
8123,test,0.46153846153846156,323
8131,test,1.0,600
814,test,0.28,3141
8143,test,0.8222222222222222,8147
8148,test,0.4117647058823529,15721
815,test,0.6666666666666666,5166
8177,test,0.6451612903225806,9199
8178,test,0.5294117647058824,10560
8181,test,0.6666666666666666,1520
8182,test,0.9777777777777777,6556
8186,test,1.0,8185
819,test,0.7205882352941176,3666
8190,test,0.2777777777777778,5817
8199,test,0.41025641025641024,3115
8207,test,0.391304347826087,2696
8215,test,0.5714285714285714,16489
823,test,0.5789473684210527,3137
8236,test,0.7096774193548387,6324
8237,test,0.5555555555555556,14469
8238,test,0.5384615384615384,9306
8239,test,0.3939393939393939,2611
8243,test,0.7090909090909091,8346
8244,test,0.8214285714285714,8241
8245,test,0.7954545454545454,8246
8247,test,0.7254901960784313,8346
8248,test,0.8,8246
825,test,0.36363636363636365,1135
8262,test,0.5681818181818182,1468
8264,test,0.42168674698795183,15637
8265,test,0.3559322033898305,6071
8267,test,0.43478260869565216,1663
8285,test,0.475,8286
8302,test,0.5405405405405406,2008
8303,test,0.9545454545454546,11419
8307,test,0.7241379310344828,11715
8311,test,0.59375,13781
8320,test,0.5102040816326531,8319
8321,test,0.5434782608695652,8319
8326,test,0.7391304347826086,8455
8329,test,0.7916666666666666,8332
8333,test,0.8518518518518519,8241
8342,test,0.8431372549019608,8357
8354,test,0.5172413793103449,5047
836,test,0.19736842105263158,609
8375,test,0.8363636363636363,8377
838,test,0.5,1783
8381,test,0.225,7146
8390,test,0.6206896551724138,5208
8407,test,0.5641025641025641,8384
8411,test,0.3611111111111111,2494
8416,test,0.4166666666666667,5487
8417,test,0.38,8507
8418,test,0.5208333333333334,8403
842,test,0.6458333333333334,3551
8426,test,0.6818181818181818,8725
8427,test,0.34615384615384615,2196
8433,test,0.7272727272727273,8432
8434,test,0.6808510638297872,8429
8437,test,0.3132530120481928,626
8462,test,0.8695652173913043,8459
8465,test,0.7346938775510204,8463
8471,test,0.5102040816326531,7339
8478,test,0.7796610169491526,15303
8489,test,0.8048780487804879,4973
8490,test,0.5666666666666667,3005
8491,test,0.8666666666666667,9956
8492,test,0.5975609756097561,3247
8493,test,0.7674418604651163,4973
8497,test,0.5625,1557
8498,test,0.5294117647058824,1121
8506,test,0.6666666666666666,8507
851,test,0.9230769230769231,1081
8524,test,0.5277777777777778,11815
8532,test,0.5283018867924528,3052
859,test,0.4166666666666667,6347
8590,test,0.7727272727272727,8987
8591,test,0.6976744186046512,8592
8601,test,0.9,15497
8604,test,0.6428571428571429,8602
8605,test,0.7105263157894737,8602
8610,test,0.8695652173913043,8612
8613,test,0.6724137931034483,8614
8625,test,0.6764705882352942,8630
8632,test,0.38181818181818183,5837
8633,test,0.6666666666666666,7901
865,test,0.3333333333333333,1153
8651,test,0.5853658536585366,5387
8652,test,0.6923076923076923,5591
8657,test,0.6511627906976745,2963
8661,test,0.6170212765957447,513
8666,test,0.7608695652173914,8987
868,test,0.4782608695652174,2732
8686,test,0.38596491228070173,10093
8705,test,0.7164179104477612,8227
8710,test,0.6964285714285714,1543
872,test,0.6052631578947368,16400
8723,test,1.0,6297
8734,test,0.6808510638297872,6647
8735,test,0.7333333333333333,6647
8736,test,0.673469387755102,6647
8746,test,0.6551724137931034,9829
8752,test,0.6551724137931034,8751
8757,test,0.7931034482758621,8756
8763,test,0.6071428571428571,8758
8764,test,0.6046511627906976,6361
8766,test,0.45714285714285713,4786
877,test,0.3939393939393939,1747
8777,test,0.40476190476190477,8586
8779,test,0.23684210526315788,7262
8782,test,0.46938775510204084,15071
8791,test,0.5161290322580645,12900
8799,test,0.7567567567567568,8798
8800,test,0.96875,8798
8814,test,0.4461538461538462,12537
8825,test,0.55,8823
8827,test,0.717948717948718,8828
8835,test,0.7619047619047619,8819
8847,test,0.5348837209302325,5157
887,test,0.5,888
8871,test,0.66,8872
8887,test,0.6101694915254238,580
8888,test,0.2972972972972973,614
8897,test,0.6875,16131
890,test,0.42857142857142855,1641
8908,test,0.4117647058823529,7935
8910,test,0.5,8907
8913,test,0.2608695652173913,10552
8915,test,0.7857142857142857,8914
8917,test,0.8235294117647058,3957
8920,test,0.5365853658536586,3125
8922,test,0.3939393939393939,1951
8926,test,0.3333333333333333,15344
8928,test,0.875,8929
8952,test,0.5897435897435898,15371
8954,test,0.9565217391304348,10236
8958,test,0.8367346938775511,9197
896,test,0.7391304347826086,1001
8978,test,0.7931034482758621,15156
8998,test,0.5652173913043478,8997
9005,test,0.6585365853658537,9004
901,test,0.5666666666666667,2317
9012,test,0.25,1642
9022,test,0.6511627906976745,10756
9023,test,0.6451612903225806,395
9029,test,0.6481481481481481,12685
9035,test,0.7752808988764045,11780
9068,test,0.7441860465116279,9069
9073,test,0.7045454545454546,9072
9074,test,0.7045454545454546,9069
908,test,0.5555555555555556,480
9086,test,0.5384615384615384,6882
9096,test,0.6285714285714286,9099
9102,test,0.7619047619047619,9101
9112,test,0.4230769230769231,16223
9115,test,0.75,9118
9117,test,0.7777777777777778,9114
9128,test,0.7142857142857143,2314
9137,test,0.48214285714285715,6174
9138,test,0.6428571428571429,8614
9140,test,0.9052631578947369,8787
9142,test,0.6956521739130435,59
9147,test,0.6153846153846154,2301
9150,test,0.6349206349206349,9151
9152,test,0.7,9151
916,test,0.39285714285714285,2114
9160,test,0.4716981132075472,8623
9163,test,0.46,3463
917,test,0.696969696969697,4845
9171,test,0.45652173913043476,9170
9172,test,0.717948717948718,9170
9182,test,0.6779661016949152,9183
9186,test,0.6052631578947368,956
9195,test,0.8269230769230769,9193
9215,test,0.8913043478260869,15831
9268,test,0.375,13838
9294,test,1.0,11437
9298,test,0.5,9299
9307,test,0.5060240963855421,633
9309,test,0.5135135135135135,699
9318,test,0.5277777777777778,13601
932,test,0.42857142857142855,1358
9320,test,0.27848101265822783,240
9327,test,0.65,7853
9336,test,0.5714285714285714,9335
9339,test,0.3902439024390244,9439
9348,test,0.5,6583
9349,test,0.5576923076923077,9351
9364,test,0.9047619047619048,9366
9365,test,0.574468085106383,9368
9395,test,0.7538461538461538,9397
9396,test,0.7833333333333333,9452
940,test,0.48148148148148145,67
9405,test,0.46808510638297873,7675
9412,test,0.8048780487804879,9633
9418,test,0.5789473684210527,312
9419,test,0.6944444444444444,9422
9429,test,0.5,2968
9430,test,0.5581395348837209,3430
9434,test,0.6875,9440
9442,test,0.2916666666666667,15317
9453,test,0.7833333333333333,9452
9457,test,0.6885245901639344,9456
946,test,0.5333333333333333,1654
9470,test,0.9,5761
9485,test,0.868421052631579,122
9489,test,0.7346938775510204,7199
9490,test,0.5454545454545454,9491
9502,test,0.631578947368421,9732
9507,test,0.723404255319149,9506
9509,test,0.6274509803921569,9516
951,test,0.42857142857142855,6553
9517,test,0.6,15851
9518,test,0.8333333333333334,9497
952,test,0.32653061224489793,1704
9534,test,0.7884615384615384,9527
9538,test,0.68,9756
954,test,0.5806451612903226,955
9548,test,0.8292682926829268,9550
9551,test,0.7592592592592593,9527
9554,test,0.9090909090909091,1630
9557,test,0.48484848484848486,13891
9567,test,0.7380952380952381,9511
9570,test,0.6551724137931034,9569
9601,test,0.7317073170731707,11003
9602,test,0.7045454545454546,11003
9614,test,0.3333333333333333,16209
9617,test,0.8888888888888888,9629
9643,test,0.42424242424242425,9964
9646,test,0.6756756756756757,9645
9649,test,0.575,854
9650,test,0.7368421052631579,6543
9651,test,0.5454545454545454,9653
9658,test,0.5454545454545454,11155
9673,test,0.625,15839
9674,test,1.0,9675
9678,test,1.0,9675
97,test,0.41935483870967744,6067
9710,test,0.9166666666666666,9711
9714,test,0.6,9720
9719,test,0.5833333333333334,8379
9724,test,0.8666666666666667,9486
9727,test,0.7692307692307693,9728
9731,test,0.6857142857142857,9733
9737,test,0.8928571428571429,9739
9740,test,0.7272727272727273,9769
9746,test,0.6129032258064516,9745
9752,test,0.6923076923076923,8394
9759,test,0.7272727272727273,9761
9760,test,0.9791666666666666,9528
977,test,0.42424242424242425,15142
9770,test,0.8,9771
9773,test,0.9230769230769231,9775
978,test,0.3793103448275862,1118
9781,test,0.7407407407407407,9751
9784,test,0.5789473684210527,9720
9785,test,0.5476190476190477,3341
979,test,0.7241379310344828,5772
9794,test,0.7258064516129032,10440
98,test,0.6875,721
980,test,0.5757575757575758,1119
9802,test,0.8837209302325582,9815
9805,test,0.7083333333333334,16470
981,test,0.5135135135135135,1119
9831,test,0.30158730158730157,15946
9835,test,0.3559322033898305,10168
9845,test,0.2647058823529412,9310
985,test,0.5652173913043478,1724
9852,test,0.3958333333333333,12825
9859,test,0.3108108108108108,8973
9861,test,0.4782608695652174,10743
9873,test,0.45901639344262296,15781
988,test,0.35294117647058826,884
9884,test,0.82,9885
9887,test,1.0,9886
9894,test,1.0,9893
9908,test,0.6296296296296297,9909
9910,test,0.5333333333333333,9909
9917,test,0.4915254237288136,7105
9926,test,0.7692307692307693,2823
9938,test,0.7727272727272727,9940
9948,test,0.696969696969697,449
9954,test,0.9629629629629629,9959
9955,test,0.625,12641
9957,test,0.8518518518518519,9958
9961,test,0.6842105263157895,9962
9988,test,0.5769230769230769,9767
9996,test,0.4444444444444444,5973
