ligand_id,y,prediction,abs_residual
8,2.739617546,2.8442900293161792,0.1046724833161794
29,4.004166548,4.061120947193387,0.05695439919338696
31,4.274878993,4.307577641294749,0.03269864829474933
37,4.276976654,4.274729479242406,0.0022471747575938394
51,3.751974994,3.0218954108522635,0.7300795831477362
52,3.641734078,3.468704519310613,0.17302955868938685
68,3.107799938,3.2080932090543506,0.10029327105435071
79,4.179954039,3.9115927647681334,0.2683612742318666
85,3.763058637,3.844717027447595,0.08165839044759515
94,4.626843591,4.183896259353092,0.44294733164690836
96,4.012215927,3.9751360843306047,0.03707984266939501
98,2.089339808,3.08767654849689,0.9983367404968901
103,3.355582864,3.8542079268305227,0.49862506283052266
129,3.665135584,3.7555231508348155,0.0903875668348153
138,2.951590055,3.462168857038871,0.5105788020388711
140,2.802112091,3.5198016353069304,0.7176895443069302
171,1.360457754,1.8111160464080465,0.45065829240804645
201,6.453073598,5.607295093389869,0.8457785046101307
202,1.797919532,2.12259921432734,0.3246796823273399
216,2.542315477,2.7869380847243783,0.2446226077243785
219,3.907297875,3.9678954764217567,0.06059760142175685
222,4.232044192,4.1003572343401204,0.1316869576598796
228,4.209269202,3.958998484716563,0.25027071728343664
236,3.104760167,3.3498642098431692,0.24510404284316945
241,4.502626274,4.716289649308312,0.21366337530831192
253,4.054398261,5.027826755093717,0.9734284940937163
254,4.462175445,4.978144476741706,0.5159690317417063
275,4.122448376,3.742879794858485,0.37956858114151526
332,2.980059691,3.304025281055959,0.32396559005595904
334,3.988207676,3.8825350391386797,0.10567263686132033
339,2.575718838,3.1491733604482164,0.5734545224482166
368,3.494701757,3.5296220873614157,0.03492033036141562
374,4.128570035,2.7584108080355807,1.3701592269644194
405,3.100333614,4.030068494526878,0.9297348805268779
420,2.697966291,3.422755036065911,0.724788745065911
421,4.220304261,3.9295590510078706,0.29074520999212927
427,4.089574851,4.25249610111985,0.16292125011985004
438,3.167546421,3.2255095594867145,0.05796313848671453
442,2.928003297,3.011454586084448,0.0834512890844481
467,3.942508754,3.4690442848020804,0.4734644691979195
469,1.863312777,2.2497216997435485,0.38640892274354854
476,3.119898275,4.036759235821538,0.9168609608215381
478,2.073815094,2.16359356650689,0.08977847250688997
479,3.685979528,3.7022812809780503,0.016301752978050477
486,3.557906597,3.0488385885051525,0.5090680084948476
498,2.496785583,2.665635006649686,0.16884942364968625
501,2.560508776,3.2373937266694996,0.6768849506694998
507,1.778579543,2.963964169203101,1.1853846262031011
512,4.013560283,3.783554805312494,0.23000547768750623
524,4.291159202,4.01725567472374,0.27390352727626066
525,4.817161221,4.143983814934851,0.6731774060651494
540,3.500429315,3.3974384401063826,0.10299087489361725
580,3.611352087,3.512111141304616,0.09924094569538422
592,4.13538838,4.1618199912400655,0.026431611240065322
617,4.074401217,3.7084896988678806,0.36591151813211953
621,3.225392571,3.864587520921358,0.6391949499213578
626,1.874298552,3.169228400434121,1.294929848434121
634,3.651119245,3.3891854446841214,0.26193380031587843
642,2.494267513,2.6707379615361546,0.17647044853615457
649,3.634507081,3.458993547002202,0.175513533997798
677,3.634743708,3.913100743802344,0.2783570358023444
681,2.315370812,2.720499107923378,0.4051282959233782
683,2.696373865,1.957436243178205,0.7389376218217949
699,3.993166311,3.456636230297964,0.5365300807020361
709,4.084865966,3.780686896954218,0.30417906904578196
721,1.94254135,3.1398054160969098,1.1972640660969098
728,3.981491863,3.882518528872204,0.09897333412779608
731,3.176730649,3.284778643030873,0.10804799403087317
762,2.152358809,3.403981491459969,1.2516226824599692
766,3.043192319,4.16223083882658,1.1190385198265798
767,3.783840193,4.416472897290232,0.632632704290232
768,3.872562063,4.361646493437399,0.4890844304373987
769,3.706981995,4.286285564633933,0.5793035696339328
772,3.820628855,4.1374585582892,0.31682970328920046
811,3.726867545,3.6542931038731026,0.0725744411268976
816,2.336537702,2.6887067882374147,0.3521690862374145
831,4.000506382,3.3733251585628086,0.6271812234371916
834,5.348949078,4.2120172640390585,1.136931813960942
842,3.772088521,3.248441761134222,0.5236467598657781
856,3.249465577,3.4304942902394715,0.18102871323947145
863,2.159892482,2.3470397353209065,0.18714725332090643
879,2.82168749,3.7416710732521112,0.9199835832521113
881,3.345130754,3.968194579101797,0.6230638251017973
883,2.932961114,3.3162158407581503,0.38325472675815053
896,4.010884842,3.646553617971756,0.36433122402824436
899,3.526238735,3.3504443770762706,0.17579435792372955
912,3.850551061,3.46891045313808,0.3816406078619199
921,2.900290238,3.1548183783645403,0.2545281403645401
931,3.578407478,3.5913880422520186,0.012980564252018656
932,2.490598445,2.1317949764460082,0.3588034685539916
944,2.957500868,2.9541460634894605,0.0033548045105393776
945,2.710233754,2.681760969888892,0.028472784111107874
952,3.086663706,3.731618100355027,0.6449543943550271
954,3.216432763,3.6104729675674885,0.39404020456748867
968,3.037430925,2.5418424607798706,0.49558846422012914
982,3.600318091,3.9601212404444515,0.35980314944445135
991,3.314560273,3.4569406504597486,0.14238037745974852
994,3.658939331,4.312044876215527,0.653105545215527
1001,2.960227585,3.3684192396627157,0.40819165466271556
1002,3.7155333,3.3957925229528154,0.31974077704718473
1006,1.622610059,2.3738517666286723,0.7512417076286722
1011,3.823443661,3.450095412448857,0.37334824855114324
1026,3.710247356,3.914159264025035,0.2039119080250349
1043,3.419651919,3.330115338209079,0.08953658079092097
1056,6.16165095,3.8463288931847437,2.3153220568152566
1059,3.102060484,3.222671592771074,0.12061110877107417
1062,4.010519028,3.7039543777256263,0.30656465027437374
1076,2.210431593,2.239813941683101,0.02938234868310108
1080,3.087106492,3.169592891811154,0.0824863998111538
1084,2.019450842,2.6066558817594103,0.5872050397594104
1095,2.981199727,3.433337070865219,0.452137343865219
1111,2.927008015,3.131809045784565,0.2048010307845649
1116,2.879164002,3.4229766740771255,0.5438126720771255
1131,2.031754104,2.4890038589852095,0.4572497549852095
1142,7.095543245,4.2283872426298235,2.8671560023701765
1151,2.046383148,3.04794147647397,1.00155832847397
1169,3.948508739,3.721377356406109,0.2271313825938912
1174,3.779696233,3.8200953013632333,0.04039906836323315
1185,3.761560344,3.9210502390555213,0.15948989505552147
1186,3.096250337,3.1961382152822875,0.09988787828228762
1211,3.289764087,2.929292578056552,0.3604715089434478
1220,7.313490593,4.63023150314493,2.6832590898550697
1234,4.488891814,2.835588062071838,1.6533037519281617
1254,3.716504164,3.6560990168133753,0.060405147186624486
1263,3.899929883,3.306014270132413,0.5939156128675869
1268,2.948446129,2.816388048995136,0.1320580800048643
1275,4.146931616,4.180330943345903,0.03339932734590345
1279,4.196083597,3.3727970158222833,0.823286581177717
1282,3.35066289,3.248508116285739,0.10215477371426118
1284,3.423532001,3.6084711248052344,0.18493912380523447
1293,3.070431941,3.4251281501200923,0.3546962091200925
1301,1.747596286,2.4828844314609606,0.7352881454609606
1306,4.105784078,3.938626471926149,0.1671576060738511
1308,3.020681084,2.7251460780656247,0.2955350059343753
1312,4.719384108,3.8714671316554083,0.8479169763445915
1315,5.27586337,3.75928302014546,1.5165803498545398
1316,4.466204711,3.467663141784759,0.9985415692152406
1317,4.606361082,3.784580525556201,0.8217805564437994
1318,4.108194489,3.6052914643939094,0.5029030246060904
1323,3.270021538,2.8591255402298117,0.41089599777018826
1326,1.952647852,3.606550829793402,1.653902977793402
1327,2.834206757,3.201451043435267,0.36724428643526696
1330,3.167290229,3.361545624607738,0.1942553956077382
1332,2.874356773,3.5777544086538695,0.7033976356538694
1333,3.233603323,3.1432438381021095,0.09035948489789059
1339,4.123513983,4.030869927685221,0.09264405531477848
1359,3.577854279,3.664492758194775,0.08663847919477519
1364,3.093180343,3.449961784292371,0.3567814412923709
1378,2.770426505,2.3768597486923984,0.39356675630760174
1381,3.669896499,3.6094898710801044,0.060406627919895595
1387,3.72242354,3.6886114543575985,0.033812085642401346
1393,3.733664505,3.0211239594086803,0.7125405455913199
1401,3.507537838,3.212981338823913,0.29455649917608717
1413,2.831114708,3.402146672015903,0.5710319640159032
1436,3.407690403,3.8077251499137463,0.4000347469137462
1444,3.453842323,3.689749418409056,0.23590709540905586
1459,3.912270958,3.4565088348125963,0.45576212318740383
1466,3.530917438,3.364772973260562,0.1661444647394381
1470,4.748224843,3.3353020781578784,1.4129227648421216
1471,4.638247576,3.19077898594189,1.4474685900581106
1490,3.376854233,2.5625146439921402,0.8143395890078597
1497,4.136836456,4.472084704194724,0.33524824819472343
1504,4.155328749,4.003881795317478,0.15144695368252137
1520,4.101452722,3.788537851347331,0.3129148706526692
1527,3.440979247,3.5679225708483107,0.12694332384831064
1530,3.851336067,4.041725286248657,0.19038921924865715
1532,3.087513252,3.2835874072916256,0.19607415529162564
1546,2.952103309,3.102086967382365,0.14998365838236483
1554,3.648802606,3.6628660108330644,0.014063404833064563
1567,3.061491599,2.715129259877891,0.3463623391221091
1571,3.25338405,2.7836676546512735,0.46971639534872667
1577,3.566851796,2.8056691090953874,0.7611826869046125
1592,5.734198055,3.5552164876661534,2.178981567333847
1602,2.988017543,3.260292050521935,0.2722745075219346
1604,3.864671736,3.8286451884406216,0.0360265475593784
1612,3.702826736,2.657489227018326,1.045337508981674
1613,4.556695035,3.885778535464638,0.6709164995353616
1615,3.781791558,3.523089733257625,0.25870182474237513
1619,3.817188788,3.5941424249663276,0.22304636303367253
1626,3.29030457,3.0776974561512973,0.21260711384870268
1646,4.128745963,4.008424518109143,0.12032144489085717
1649,2.356862264,2.967597199932815,0.6107349359328147
1654,3.628830299,3.216603899169158,0.4122263998308422
1663,3.511945032,3.592875774600238,0.08093074260023814
1664,3.81970841,3.694497960260657,0.12521044973934314
1666,3.42644747,2.8513647941820732,0.5750826758179266
1670,2.037936196,2.305319533474276,0.26738333747427623
1681,2.955321542,3.22734343463159,0.27202189263159005
1687,5.138583714,4.133466172379486,1.005117541620514
1691,3.317033051,2.985527057092158,0.3315059939078422
1698,3.1109767,2.5599598667417642,0.5510168332582359
1709,3.376170757,3.6927532366287004,0.31658247962870023
1713,4.190867731,3.9049724759094926,0.2858952550905074
1717,3.432499715,3.397227143598369,0.03527257140163087
1742,2.911593683,3.288620906902042,0.3770272239020418
1744,2.625382279,3.034597974672758,0.40921569567275773
1746,5.578685043,4.23881833315469,1.3398667098453103
1747,5.661462459,4.078735055886179,1.5827274031138208
1751,3.688497685,3.408127008457501,0.28037067654249936
1754,2.870532127,2.9925120163825554,0.12197988938255522
1758,2.659112743,2.9345676830624896,0.2754549400624895
1759,2.31163207,2.8638845762411123,0.5522525062411123
1762,5.459172939,3.9522412154116844,1.5069317235883157
1763,4.957644784,3.7428192626816963,1.214825521318304
1764,1.716766695,2.7432670953180596,1.0265004003180596
1768,3.510054045,3.343717517655463,0.16633652734453674
1774,3.568473361,3.7110948402343475,0.14262147923434743
1775,2.993384788,3.835850309628759,0.8424655216287587
1789,4.389322465,4.361558286692641,0.027764178307359444
1793,1.900353804,2.833552365286835,0.933198561286835
1797,3.53848576,3.785635691288838,0.2471499312888379
1805,4.615229966,4.0689001538068155,0.5463298121931848
1813,2.984595913,2.755291844147274,0.22930406885272614
1814,2.727491553,2.4237440553949847,0.3037474976050154
1816,3.442937822,2.882157886347497,0.5607799356525032
1823,3.007892329,3.3305998399875736,0.32270751098757344
1828,3.474889772,3.375468832283585,0.09942093971641519
1835,2.895278654,3.2471606712179026,0.35188201721790247
1837,3.326902941,3.419430827426172,0.09252788642617205
1845,3.74878787,3.757415150261062,0.008627280261062076
1847,3.730010389,3.5833147383825885,0.1466956506174113
1852,3.184104109,3.21792247896382,0.033818369963819706
1866,2.091147741,2.66173757302714,0.5705898320271401
1878,3.631499113,3.583885967527132,0.04761314547286766
1895,3.45679556,3.239064234513953,0.21773132548604712
1899,4.017180175,3.7025347757742733,0.31464539922572676
1901,3.908053683,4.0928903316724945,0.1848366486724946
1909,3.341653524,3.5051994904483013,0.16354596644830144
1916,3.655177896,3.770299077298413,0.11512118129841298
1917,3.318524528,3.2460991295302053,0.0724253984697949
1918,3.377569668,3.6450480124952724,0.2674783444952724
1919,3.347757268,3.556521170125812,0.20876390212581208
1920,3.772256492,3.6756147692346044,0.09664172276539551
1940,4.842386687,4.909564987027953,0.06717830002795289
1947,4.528376709,3.9345206224272893,0.5938560865727105
1948,5.346751873,3.7785672830667814,1.5681845899332183
1950,3.466777618,3.3609398132861363,0.10583780471386373
1963,4.014864414,3.7494371006752583,0.26542731332474157
1980,2.942052721,3.5744471712477335,0.6323944502477334
1983,3.61412854,3.2054415218348407,0.4086870181651592
1986,2.845662256,2.7414508453482895,0.10421141065171025
1991,2.712289218,3.242644217322912,0.530354999322912
1995,3.67738165,3.607257354127263,0.07012429587273727
2006,3.544619425,3.3737980371356127,0.1708213878643874
2012,3.67307524,3.4015602732509045,0.2715149667490957
2014,4.136088986,3.849303078320019,0.286785907679981
2018,2.915363819,3.3147014976817224,0.39933767868172243
2021,3.975234148,3.8500007965530645,0.1252333514469357
2022,3.999187109,3.7175340856591887,0.28165302334081144
2024,3.990353657,3.8020957814479703,0.18825787555202966
2031,3.432655633,3.6735005731305646,0.24084494013056457
2070,3.334914609,3.3362054448120215,0.0012908358120213848
2071,3.029386033,3.4705721436052843,0.4411861106052841
2075,3.301694147,3.934382763300208,0.6326886163002081
2080,3.59653552,3.7580762985248306,0.1615407785248304
2087,3.659331234,3.482413020869884,0.17691821313011635
2103,5.215083879,3.95508098424955,1.2600028947504498
2104,5.017305523,4.121575383193765,0.8957301398062354
2106,5.361791361,3.8467333378071618,1.515058023192838
2108,2.343912258,2.1150346702807195,0.22887758771928057
2111,3.88822319,3.159780201518429,0.7284429884815711
2122,3.368967763,3.3871297422843356,0.018161979284335494
2125,3.391620366,3.952258279640491,0.5606379136404906
2126,4.34163761,4.104000873568457,0.23763673643154348
2128,3.684057414,3.677738792487461,0.0063186215125390355
2135,4.231566672,3.610053475838279,0.6215131961617204
2138,2.802205614,3.368922478363933,0.5667168643639329
2159,3.144689626,3.540262448191821,0.3955728221918209
2161,2.798821533,3.2521314202331166,0.4533098872331167
2165,3.353403259,3.3661705776968938,0.012767318696893959
2169,3.993982696,3.8040336012244884,0.1899490947755118
2172,3.812799014,3.832831497991343,0.020032483991343053
2180,4.008653391,3.7790859592598847,0.2295674317401155
2190,3.709229244,3.971610748614153,0.2623815046141531
2192,4.251768976,4.124876793990586,0.12689218200941443
2193,4.186761452,3.9760789103934813,0.21068254160651856
2217,4.397306718,4.042511493080776,0.3547952249192239
2219,3.682964986,3.694872382598865,0.011907396598865194
2223,3.561850696,3.5565304783250484,0.005320217674951611
2229,3.9297657,3.8059874073523052,0.12377829264769469
2231,3.432499715,3.347759595938322,0.08474011906167789
2237,3.532363794,3.512419688163197,0.01994410583680306
2242,3.431263221,3.259445150693367,0.171818070306633
2247,2.824353665,2.4430408110873367,0.3813128539126631
2257,4.071250963,4.308138406366485,0.23688744336648515
2258,4.025637349,3.9853503368777643,0.040287012122235843
2277,4.283816647,4.323372865040546,0.039556218040545765
2295,3.694158454,3.5497900509646625,0.1443684030353376
2297,3.33724114,3.1431330858703572,0.19410805412964294
2309,3.999014482,3.9172858138565134,0.08172866814348678
2326,2.630715761,3.7875530506517348,1.156837289651735
2331,2.853346802,2.9029229733805186,0.04957617138051873
2338,3.782050103,3.7296237303508746,0.05242637264912542
2353,3.778729924,3.067627692070258,0.711102231929742
2357,3.78550101,3.4662990051663862,0.3192020048336137
2360,3.808590971,3.530946473731291,0.2776444972687093
2364,3.455300249,3.4921025058668578,0.036802256866857785
2388,3.450958053,3.6511528389364782,0.20019478593647833
2399,3.007783328,3.4549679097870136,0.4471845817870137
2408,3.222693065,3.4705128209940193,0.24781975599401918
2417,3.376153144,3.043259492182174,0.3328936518178258
2440,3.476524414,3.3139963103114978,0.16252810368850223
2443,3.037437565,3.189820495194537,0.1523829301945372
2448,3.827603714,3.6759617852240294,0.1516419287759705
2451,4.454413261,4.445328922601587,0.009084338398412939
2461,4.228695435,3.651717922696938,0.5769775123030616
2463,3.390666287,3.3824849430561486,0.008181343943851616
2464,2.567288579,3.110524352806979,0.5432357738069791
2471,3.213591535,3.5869355454087897,0.37334401040878973
2473,1.441500327,2.0898478193473653,0.6483474923473653
2493,3.890937484,2.7316606055614097,1.1592768784385905
2495,3.25584154,3.05963247221018,0.19620906778982006
2501,3.164739384,2.732638858990277,0.4321005250097234
2502,3.114455295,3.1601775965093015,0.045722301509301566
2515,2.888504978,2.958236643902101,0.069731665902101
2528,3.835299425,3.2523935689573586,0.5829058560426414
2540,3.526726867,3.9990146100970794,0.47228774309707955
2541,3.831507559,3.709514157282316,0.1219934017176838
2588,3.136653639,3.088614193897643,0.048039445102356915
2603,2.959934421,3.853017081059797,0.8930826600597972
2629,3.05657456,3.3649431443532283,0.3083685843532282
2646,2.941366087,3.390137935974198,0.44877184897419786
2692,3.299221743,3.5819420886629363,0.28272034566293636
2699,3.546800361,3.340250841638731,0.20654951936126897
2710,3.347537083,3.920442917480437,0.5729058344804367
2711,3.572473289,3.4876735638513154,0.0847997251486845
2716,3.359318911,3.568426302298954,0.20910739129895406
2731,3.936285393,4.2389383034158215,0.30265291041582154
2742,2.984294727,3.25140767061051,0.2671129436105102
2761,4.795231815,3.974358855603802,0.8208729593961981
2764,4.352065618,3.4722756711734255,0.8797899468265746
2768,3.598926134,3.4969331436459234,0.10199299035407661
2777,3.561935763,3.535817768363857,0.02611799463614295
2795,5.458263061,4.392038367861195,1.066224693138805
2796,4.244818448,4.38336650945124,0.13854806145123977
2803,2.934671476,3.266503476121716,0.3318320001217159
2827,2.726655907,3.421187729931037,0.6945318229310371
2828,3.442427504,3.3338237908587534,0.1086037131412465
2834,3.689858657,3.5235532412042927,0.16630541579570712
2842,4.140552036,3.616376822152623,0.5241752138473768
2847,2.391277465,2.6683592570574506,0.27708179205745065
2850,3.773555345,3.760992341639358,0.012563003360642089
2869,3.612701095,2.918873852217314,0.6938272427826857
2910,4.402898173,3.963593179035295,0.4393049939647047
2924,3.578093421,3.504142141026551,0.07395127997344897
2941,3.509843119,3.4056561266299736,0.10418699237002649
2948,5.183527428,3.904813191171928,1.2787142368280717
2952,3.324192764,3.5118678411539714,0.18767507715397125
2953,3.429279788,3.8463790161478153,0.4170992281478152
2954,3.28338463,2.7364680028807635,0.5469166271192365
2968,3.773591867,3.964923564213938,0.19133169721393806
2971,3.212773374,3.679638048646487,0.46686467464648684
2978,3.756520103,3.815375534588045,0.05885543158804474
2988,4.056056769,4.017181702206564,0.038875066793435664
2993,4.570325497,4.446235907090511,0.12408958990948893
2997,4.136964818,3.750734646217668,0.3862301717823322
3010,3.735002473,3.941953633645723,0.2069511606457226
3023,3.338962078,3.6538910663112856,0.31492898831128535
3027,3.692250052,3.5574373374830706,0.13481271451692933
3029,2.67042331,2.5830602195275607,0.08736309047243918
3049,3.734591259,3.8496401167225596,0.11504885772255946
3055,3.608514572,3.6057100797768165,0.0028044922231833525
3092,4.028720329,3.7760993343916267,0.25262099460837373
3103,3.869655084,3.5648630885190635,0.3047919954809366
3109,3.491913318,3.6681602005182263,0.1762468825182264
3112,3.524401315,3.897027122737726,0.3726258077377258
3114,3.61972969,3.706521826923696,0.08679213692369592
3115,4.248371329,3.5434598326981344,0.7049114963018659
3130,3.355381647,3.2769723621886335,0.07840928481136666
3169,5.526898346,4.343700356164398,1.1831979898356026
3171,5.56345951,4.092821809710429,1.4706377002895712
3174,3.156962856,3.331823243662763,0.17486038766276302
3183,3.537634728,3.569191130481184,0.031556402481184076
3218,3.126758711,2.9531701083332256,0.17358860266677434
3229,3.261267118,3.672609513355963,0.41134239535596295
3235,3.563923715,3.50314608769186,0.06077762730813996
3245,3.441602496,3.9786437364928906,0.5370412404928908
3247,4.096995126,3.866339337323304,0.23065578867669645
3253,3.528659645,3.452441084505383,0.07621856049461684
3255,6.204762805,3.901807488681319,2.3029553163186804
3257,3.628041975,2.8144389326848227,0.8136030423151772
3266,2.808332788,3.3414680721445764,0.5331352841445764
3269,3.079394753,3.48439920571478,0.40500445271478025
3275,3.728062318,3.4920133710075665,0.23604894699243362
3282,3.230894341,3.354927301672815,0.12403296067281522
3284,2.657407076,2.997544589955818,0.3401375139558178
3325,3.726664639,3.510348910139207,0.21631572886079287
3326,3.98965001,3.505012478879899,0.484637531120101
3334,3.656862783,3.7451539975414367,0.08829121454143696
3338,3.778435517,3.495302517296403,0.28313299970359695
3339,3.478944355,3.5910531981207474,0.11210884312074754
3346,4.026990096,3.604417490433479,0.42257260556652065
3348,2.876443839,3.392306496515753,0.5158626575157532
3353,4.166511518,3.766145907758745,0.40036561024125517
3358,3.453944862,3.6040129317845215,0.15006806978452136
3360,3.611228303,3.9353824723790547,0.32415416937905484
3370,3.364091131,3.3564071724978093,0.007683958502190613
3389,3.602535687,3.8489089006149655,0.24637321361496545
3397,3.573813744,3.6861611165887176,0.11234737258871741
3400,2.963660943,3.397415061915,0.43375411891500004
3423,2.602490679,3.353076832484206,0.750586153484206
3432,4.304872978,3.4644152002961306,0.8404577777038691
3435,2.845508013,2.633659411445623,0.2118486015543768
3444,3.059203565,3.3721236840437347,0.31292011904373496
3448,3.263150618,3.276630458881449,0.013479840881449157
3456,3.71986068,3.8648261149031793,0.14496543490317926
3460,2.835179543,2.8901454740081376,0.0549659310081374
3461,3.43016539,3.3895991154054887,0.04056627459451123
3475,2.840367513,3.2177498614137408,0.37738234841374085
3476,3.425329526,3.7093096609203595,0.28398013492035945
3479,4.348146437,3.7502142672013923,0.5979321697986073
3481,3.568680358,3.474948348939745,0.09373200906025492
3504,3.019314806,3.562013371429225,0.5426985654292249
3505,3.737142927,3.381704756095047,0.3554381709049528
3511,3.737142927,3.4079528054094013,0.3291901215905986
3516,3.423419557,3.294688872910576,0.12873068408942379
3524,3.139323575,3.434202809745766,0.29487923474576583
3536,4.037635995,3.833585822965517,0.20405017203448272
3537,3.693394346,3.7723175515334324,0.07892320553343257
3543,3.546890629,3.5200776961367515,0.026812932863248484
3546,2.598813602,2.729355603636603,0.130542001636603
3551,2.781487319,2.919164423899534,0.137677104899534
3570,2.858858514,2.6580124880057823,0.20084602599421775
3584,3.481379743,4.089191673074734,0.607811930074734
3610,3.639646545,3.680119855440186,0.04047331044018598
3611,2.133957035,2.8249806714456276,0.6910236364456277
3614,3.578564875,3.586521907958279,0.007957032958278987
3616,4.259895453,4.630722292144634,0.3708268391446339
3628,2.97283705,3.17929055189477,0.20645350189476996
3634,4.028720329,3.3196889472600324,0.709031381739968
3643,2.76938436,3.1967869653347214,0.4274026053347213
3660,3.563743752,3.48140526287215,0.08233848912785025
3661,4.602612378,4.993542091837684,0.39092971383768393
3662,1.856701434,2.463345558840248,0.6066441248402481
3663,1.740815327,2.4531449503387166,0.7123296233387166
3678,4.651705162,4.088362719179464,0.5633424428205362
3681,3.296869662,3.421727322420602,0.12485766042060176
3698,2.926194989,2.963719444911644,0.03752445591164433
3700,2.741138462,3.1767608595550407,0.43562239755504084
3702,3.471141051,3.6576549377981467,0.18651388679814662
3703,3.281621881,3.1766944250986136,0.10492745590138641
3706,3.301553005,3.943205067070508,0.641652062070508
3713,3.497854847,3.169415134726693,0.32843971227330737
3718,3.190116341,3.341277515442818,0.15116117444281807
3723,5.464516373,3.328606975310091,2.1359093976899093
3731,3.410578815,3.625463156602844,0.21488434160284386
3738,3.306254612,3.501430671331153,0.1951760593311529
3748,2.872337596,2.440354215692489,0.43198338030751104
3760,3.949366372,3.9364006240295337,0.012965747970466346
3773,3.109938594,3.584570605738117,0.47463201173811687
3780,3.84735559,3.853309369402469,0.005953779402469106
3791,3.964717927,3.8612305056175034,0.10348742138249678
3805,3.514865436,3.4618530974715944,0.05301233852840559
3807,3.191466984,3.3940095577351217,0.20254257373512186
3809,3.40375862,3.23481558452297,0.16894303547703027
3817,3.235885767,3.1422206827265606,0.09366508427343945
3824,2.789646803,3.4221169828925655,0.6324701798925654
3831,3.140618017,3.395224809617689,0.25460679261768915
3841,3.68042779,3.381534335800067,0.29889345419993285
3842,3.453877669,2.9370898826573573,0.5167877863426429
3843,3.566522339,3.6248732142943347,0.05835087529433469
3844,3.834555804,3.587879749922146,0.24667605407785365
3845,3.59838118,3.5431972224969943,0.055183957503005754
3850,3.261305172,3.524439434085839,0.2631342620858388
3851,3.786547355,3.60028065563039,0.18626669936961004
3862,3.683791355,3.3246504834136057,0.3591408715863942
3863,4.198672357,3.5162221782759304,0.68245017872407
3864,3.834555804,3.646849286000732,0.18770651799926785
3865,3.343108675,3.699218620042855,0.3561099450428551
3866,3.680541084,3.479702352497622,0.2008387315023783
3867,3.705756835,3.453150341685633,0.2526064933143668
3868,3.198672357,3.435876947864829,0.2372045908648288
3873,3.782638959,3.7711365488449315,0.011502410155068254
3875,3.292680557,3.336088593342081,0.04340803634208079
3878,3.84563061,3.7053905398147777,0.14024007018522244
3885,3.257229118,3.6306133944939822,0.3733842764939821
3886,3.17829093,3.25789770049214,0.07960677049213993
3895,3.708862316,3.579139668402869,0.1297226475971307
3899,3.697612265,3.690185153034776,0.007427111965224054
3907,2.59222882,3.002427752253411,0.4101989322534112
3911,3.618552363,3.469648783356186,0.14890357964381407
3922,4.153633659,3.943622901556776,0.21001075744322373
3926,2.734905673,2.7093444574789003,0.0255612155210998
3934,3.564788766,3.6308681784631367,0.06607941246313676
3940,3.564915814,3.713695869453082,0.14878005545308204
3942,3.350023581,3.453073106651083,0.10304952565108305
3943,3.439464611,3.791864150447874,0.35239953944787406
3944,3.12546973,3.303366777500527,0.17789704750052726
3946,3.745326408,3.5051969743957594,0.24012943360424055
3964,3.062870948,4.065711100681396,1.002840152681396
3967,3.169854925,3.0080125826978277,0.16184234230217243
3972,3.574586809,3.268497388104175,0.3060894208958249
3979,3.911919571,3.9230131759689892,0.011093604968989368
3981,4.163110894,3.5540286686169935,0.6090822253830064
3982,3.513336529,3.010838971532146,0.5024975574678541
4000,3.572564601,3.775886636749094,0.20332203574909435
4002,3.935675654,3.7679597787595234,0.16771587524047682
4017,4.00223242,3.904567213531085,0.09766520646891541
4030,2.925015411,3.612452931426542,0.6874375204265419
4045,3.755126259,3.844085022926966,0.088958763926966
4061,3.087860259,3.697310526723798,0.6094502677237976
4065,1.101168678,4.369065310152924,3.2678966321529237
4068,3.002964047,3.910553449618777,0.9075894026187772
4073,4.13172185,3.831448557310665,0.3002732926893348
4088,3.196877363,2.995817303356793,0.20106005964320683
4094,4.837148523,4.451898390856684,0.38525013214331594
4109,3.29315268,3.544577604772225,0.2514249247722251
4117,4.783554486,4.318560516359279,0.46499396964072126
4123,3.134063718,3.720032534990857,0.585968816990857
4125,3.222424532,3.627596134640335,0.40517160264033514
4132,4.577559773,4.509867710239245,0.0676920627607549
4134,5.916378329,4.943400411555227,0.9729779174447728
4139,3.31350633,3.9364591975475736,0.6229528675475735
4141,3.073604315,3.386268256961196,0.3126639419611963
4149,3.134683011,3.9920609853557947,0.8573779743557948
4150,4.000369427,4.146795717483376,0.14642629048337596
4152,3.386830242,3.26455438523094,0.12227585676905983
4155,1.561832907,2.855090699724756,1.293257792724756
4159,4.197156874,4.580238755596311,0.3830818815963113
4160,6.105684889,4.863522717406685,1.242162171593315
4161,3.409275195,3.9192939466010284,0.5100187516010282
4163,1.019262554,3.7670837472628746,2.7478211932628747
4186,3.930851769,4.115526013479428,0.18467424447942804
4188,4.012626945,4.017170745535772,0.004543800535771858
4190,4.204088173,4.109596177203634,0.09449199579636591
4194,3.797271803,3.899652134133138,0.10238033113313794
4195,3.744453273,3.9985592178938605,0.2541059448938605
4203,3.837219773,3.975948359977079,0.1387285869770789
4204,5.629425505,5.325594608049264,0.3038308969507364
4209,3.462125141,3.4149043349826953,0.04722080601730472
4215,2.616091332,2.7062192654607706,0.09012793346077075
4222,4.630745691,4.4751419934317,0.15560369756830017
4229,3.423319134,3.4128464448027365,0.01047268919726374
4243,3.546599943,3.320357625952192,0.22624231704780806
4250,2.884471237,3.1567368214208242,0.27226558442082416
4251,3.79229161,3.4030411373010323,0.3892504726989676
4252,3.733723043,3.4206007203363966,0.3131223226636033
4263,3.67345209,3.383941748619653,0.28951034138034704
4289,5.086048237,3.7957348663426456,1.2903133706573544
4299,3.463705804,3.5559445524754687,0.09223874847546876
4336,4.981639682,4.35093360320274,0.6307060787972603
4337,4.392277276,4.370897133698369,0.021380142301630656
4338,6.382237363,5.136288169008307,1.2459491939916925
4348,3.96922671,4.12397040485694,0.15474369485693984
4354,6.312384142,5.1372393817548385,1.1751447602451615
4367,4.384852237,4.068771984742808,0.3160802522571915
4409,3.929865764,3.825352718778096,0.1045130452219043
4410,5.309308449,4.354423056640468,0.9548853923595324
4412,4.485203086,3.7453062031559154,0.7398968828440848
4413,3.89279142,4.6261457112368785,0.7333542912368785
4414,3.879164002,3.1451500133106594,0.7340139886893406
4421,4.130182543,3.701208147718777,0.42897439528122305
4438,4.215077704,3.9981375435149715,0.21694016048502807
4443,4.182001546,4.26916917970401,0.08716763370400926
4444,2.890056495,3.7018576771689395,0.8118011821689395
4445,3.057033935,3.234250513871577,0.17721657887157694
4447,2.937079657,3.78630111316067,0.8492214561606701
4460,3.990888652,3.6048898082181915,0.3859988437818087
4463,3.598592691,3.9430202897533757,0.3444275987533758
4464,4.202224295,3.236741576637493,0.9654827183625065
4466,3.699778556,3.5710379456729946,0.12874061032700546
4473,5.005648641,4.8755997720517765,0.1300488689482231
4476,3.178074826,3.2685739607221573,0.09049913472215732
4512,2.745221411,2.9895286715002127,0.24430726050021256
4519,3.520850632,3.887525353698418,0.36667472169841764
4520,4.131163363,3.889764755082271,0.24139860791772882
4522,3.794798146,3.9350594294459835,0.14026128344598332
4537,4.50270505,3.4930496475945625,1.0096554024054378
4545,3.942544386,3.8404459831980438,0.10209840280195603
4546,5.568368628,3.6521354503150825,1.9162331776849175
4547,2.978444291,3.3013709824692308,0.3229266914692306
4563,3.943933974,3.3280846293611543,0.6158493446388458
4571,3.74654107,3.865472681597063,0.11893161159706267
4597,4.154252023,3.979317203829719,0.17493481917028086
4602,3.389713462,3.793795603612981,0.40408214161298117
4624,3.681777312,3.5380257932822388,0.14375151871776115
4647,3.099294967,3.1862746343241852,0.08697966732418516
4677,3.49877562,3.279439174879145,0.21933644512085504
4678,3.847223486,4.132571608000163,0.2853481220001628
4686,4.13271851,3.651188174711276,0.48153033528872413
4687,4.13271851,3.5210673787297666,0.6116511312702335
4703,3.748690277,3.504665602224936,0.2440246747750643
4711,3.968492955,3.5555214273732663,0.4129715276267336
4712,4.673918605,3.9002001525067653,0.7737184524932346
4728,3.93856054,3.790418378934938,0.14814216106506217
4729,4.108720878,3.89768711053356,0.21103376746643976
4730,3.873802883,3.167982681245042,0.7058202017549582
4733,3.587442955,3.97774409278442,0.3903011377844199
4769,3.357395726,3.650936105385546,0.2935403793855458
4787,3.399194753,3.5728457805999,0.1736510275998997
4788,2.971242498,3.7760100311928695,0.8047675331928694
4789,3.785301864,3.685070242369029,0.1002316216309711
4790,3.817206378,3.6887082619148828,0.12849811608511708
4805,3.648319436,3.700059311053334,0.05173987505333422
4809,3.368126694,3.6782533538282784,0.3101266598282786
4810,1.704300692,3.436542367693737,1.732241675693737
4811,2.098973701,3.386954977961555,1.2879812769615553
4812,2.43545436,3.322169094064269,0.8867147340642689
4818,3.410707958,3.117654746430122,0.29305321156987807
4835,3.335253673,3.3680488764608514,0.03279520346085141
4837,3.834397994,3.900495378174182,0.06609738417418187
4842,3.975339885,3.8393316430318265,0.1360082419681734
4847,4.752470486,4.215111093280299,0.5373593927197007
4856,4.018809683,3.5433213467461346,0.4754883362538651
4858,3.935177719,3.7815440643487297,0.1536336546512702
4872,3.449340555,3.5062314513676536,0.05689089636765354
4874,2.89115943,2.9894373163730394,0.09827788637303936
4875,3.936760431,3.7518668689394543,0.18489356206054586
4876,4.561929384,3.6210612295424776,0.9408681544575224
4881,3.541099847,3.503499986482579,0.037599860517421035
4887,4.153425264,3.6924107980314105,0.4610144659685895
4891,4.758272847,4.271956636319839,0.48631621068016084
4892,4.040569849,4.3925393991752415,0.3519695501752418
4903,3.786362818,3.6980028356537105,0.08835998234628972
4905,3.953155414,3.8891543656669256,0.06400104833307418
4922,2.116660865,2.1907244905942376,0.07406362559423751
4925,3.08658376,3.4954165551562757,0.4088327951562758
4926,2.864486673,3.5733897800670347,0.7089031070670346
4930,3.341014867,3.267855740421165,0.07315912657883539
4931,3.619754634,3.3870298269494947,0.23272480705050524
4938,3.723587594,3.3372951266450315,0.3862924673549686
4941,3.09570347,3.5054046141073734,0.40970114410737324
4944,4.903746963,4.296406549415,0.6073404135849998
4946,4.051822749,3.9558578576115555,0.09596489138844477
4955,4.978538856,4.411056307433046,0.5674825485669537
4959,3.638049071,4.0690927049256365,0.43104363392563627
4969,2.949324939,3.198999200669496,0.24967426166949602
4974,3.638113704,3.6463901114157258,0.008276407415725995
4978,3.5052566,3.423758835748665,0.08149776425133526
4982,2.864486673,3.6333969336278185,0.7689102606278184
4984,3.113753753,3.662152850789519,0.548399097789519
4987,3.619754634,3.6330058630473916,0.013251229047391622
5000,2.827797217,3.7760253445481577,0.9482281275481577
5003,3.822410492,3.8265539293371815,0.004143437337181588
5006,4.241504538,3.8175061040534803,0.4239984339465197
5010,3.960837813,3.8088869926889357,0.15195082031106422
5011,3.782315281,3.5751239692844905,0.2071913117155093
5012,4.006601761,3.8908353911258553,0.11576636987414446
5013,3.964166719,3.8916411925500873,0.07252552644991273
5014,4.310087296,3.8765620939477525,0.4335252020522473
5015,4.310496146,4.067977564375536,0.2425185816244646
5037,2.31368583,3.482698488696525,1.1690126586965253
5038,3.09021041,3.5713685146068066,0.4811581046068065
5040,2.818479674,3.4725869405481316,0.6541072665481313
5057,3.212591565,3.393097982968593,0.18050641796859335
5059,3.441482168,3.334294198531509,0.10718796946849096
5063,3.434160674,3.2710037869369017,0.1631568870630984
5077,3.580976406,3.8725596738136376,0.29158326781363764
5087,4.087039219,3.9479626407676167,0.1390765782323835
5088,4.1342345,3.9481583607120334,0.1860761392879664
5105,3.295216754,3.6138568622717973,0.3186401082717971
5126,3.070941736,3.1075364105421706,0.03659467454217058
5133,3.734140919,3.8386312905877458,0.10449037158774566
5138,3.733545825,3.718023523031537,0.015522301968463381
5139,3.546592849,3.7664163453264226,0.2198234963264225
5144,3.31879919,2.607959098391124,0.7108400916088762
5155,2.864756298,3.620929415838434,0.7561731178384341
5156,2.212604302,2.782113450284622,0.569509148284622
5157,3.794701622,3.591679471125806,0.20302215087419384
5163,3.110216125,3.373876045502699,0.26365992050269904
5199,3.911784951,3.3129357591163764,0.5988491918836236
5202,4.839248391,4.490770087022263,0.34847830397773727
5203,5.342962745,4.492976485630856,0.8499862593691443
5213,5.176711988,4.7926639341300135,0.38404805386998664
5215,4.753466114,4.734853823935325,0.018612290064675463
5217,5.19936362,5.050482064083517,0.1488815559164829
5218,5.294449268,5.082767494327819,0.211681773672181
5228,2.805748799,2.852231019517445,0.04648222051744533
5239,3.085304456,3.432433624217947,0.34712916821794737
5249,3.613973886,3.7280697917567296,0.11409590575672945
5251,3.633885898,4.249049247786796,0.6151633497867959
5261,3.770065413,3.410383650324333,0.3596817626756672
5267,4.454946437,4.260393091839783,0.19455334516021683
5270,3.72272925,3.5777808742223063,0.1449483757776937
5302,3.748131243,3.6137549659967156,0.13437627700328436
5305,4.255885418,4.136343025958025,0.11954239204197492
5307,3.747886141,3.948305636890845,0.20041949589084496
5308,3.573088903,3.794211606682933,0.22112270368293307
5309,4.281984791,3.3361702478260593,0.9458145431739409
5357,3.760217783,3.9302684614541437,0.1700506784541438
5358,4.046139657,3.8326290968296197,0.21351056017038061
5360,3.770723977,3.5793500973119907,0.19137387968800912
5361,3.942120115,3.602565358034762,0.33955475696523774
5362,3.960999839,3.39341166863651,0.5675881703634897
5380,3.166865736,3.3135414173335995,0.14667568133359943
5385,3.189321841,3.5889998265836707,0.39967798558367074
5393,4.497192358,4.051943636781699,0.4452487212183014
5401,3.511912142,3.447767619741681,0.06414452225831901
5415,4.068010624,3.999930694648068,0.0680799293519323
5416,4.046659018,4.048455829434264,0.001796811434264356
5421,2.771729834,3.0526604302956404,0.28093059629564054
5429,3.10506336,3.4969586589410118,0.3918952989410118
5431,3.491745385,3.2810439383876964,0.21070144661230383
5444,3.249939234,3.5410294016651336,0.2910901676651334
5445,3.355712257,3.653173345651727,0.29746108865172705
5447,3.584759168,3.437252451261629,0.14750671673837124
5472,3.034844137,3.66735252976411,0.6325083927641102
5487,3.971213676,3.8709144511029665,0.10029922489703358
5488,3.846453549,3.975373527750877,0.12891997875087702
5489,3.842718219,3.9049439269251693,0.06222570792516935
5492,4.022699859,4.068185025920338,0.04548516692033733
5493,3.923629183,4.17425956593157,0.25063038293157014
5506,3.943744238,4.137486391776424,0.1937421537764239
5511,4.536396,4.5244319067406895,0.01196409325931036
5513,6.103605679,4.457061269674733,1.6465444093252675
5526,5.467901482,4.503653297431238,0.9642481845687625
5548,3.724723045,3.0383188040888562,0.6864042409111439
5572,2.869081712,2.779233904460187,0.08984780753981303
5579,3.503622904,3.6900495702408507,0.18642666624085047
5595,3.174886122,3.961651838005821,0.7867657160058208
5608,3.789083974,3.859938792263964,0.07085481826396389
5612,3.77417051,3.9651144426132774,0.19094393261327758
5643,3.491952493,3.476367967705637,0.015584525294362717
5644,3.777338359,3.6839818077442015,0.09335655125579834
5659,3.994777457,3.8640446146943823,0.13073284230561777
5666,4.087062913,4.040795281212635,0.04626763178736493
5689,3.200143335,3.2057787226712295,0.005635387671229619
5710,3.568850724,3.7013527758800464,0.1325020518800466
5715,3.633209454,3.7613424954917143,0.12813304149171412
5732,4.220999598,3.9088317380640945,0.31216785993590523
5735,3.347353871,4.066955971814796,0.7196021008147957
5744,2.880890373,3.650706918253525,0.7698165452535246
5746,4.039712645,4.012485960227305,0.027226684772695187
5751,4.556228532,4.211823789014287,0.3444047429857138
5767,3.112580799,2.7906512813113964,0.32192951768860345
5797,3.362155885,3.5345874043420924,0.17243151934209244
5798,3.820536759,3.7155900160195845,0.1049467429804154
5799,2.923199101,3.7308510036348523,0.8076519026348525
5800,4.103847241,3.8158569476727076,0.28799029332729287
5801,4.311728438,3.927429728099493,0.3842987099005071
5802,3.777551096,4.0173592982939,0.23980820229389987
5803,3.740085354,3.513951926682595,0.22613342731740493
5805,3.668118672,3.7628130428837125,0.09469437088371269
5828,3.92853809,3.5803626164864655,0.3481754735135345
5846,3.748106942,3.5413034496496953,0.20680349235030482
5851,3.785417579,3.9254522691878155,0.14003469018781534
5853,4.110733134,3.9883017342884783,0.12243139971152184
5855,3.994348581,4.090532527249022,0.09618394624902171
5858,4.262067021,4.086951480778866,0.1751155402211344
5860,3.910259316,3.813161145805394,0.09709817019460587
5863,3.879215194,3.8251797726462495,0.05403542135375039
5869,3.979008655,3.9251281577048793,0.053880497295120566
5877,3.326927491,3.402240117805609,0.07531262680560902
5895,2.918606915,3.4966386665208384,0.5780317515208386
5896,3.144975282,3.4470220173536363,0.30204673535363646
5910,4.109014951,4.332745285931581,0.2237303349315809
5950,4.200440076,3.921832264633451,0.27860781136654866
5955,4.012703964,3.876376054180431,0.1363279098195691
5964,3.650651972,3.8830208056665056,0.23236883366650574
5984,4.933023388,3.3692908378584603,1.5637325501415393
5985,4.903619503,3.3429586075563686,1.5606608954436312
5995,3.49238618,4.139636880965841,0.647250700965841
6008,3.276907359,4.079324092684437,0.8024167336844368
6015,3.798548446,3.2878993685245868,0.5106490774754131
6018,4.05751396,3.4267046486055097,0.6308093113944899
6019,3.568828065,3.502651754756357,0.06617631024364279
6033,4.494402758,4.199394925502985,0.29500783249701445
6035,3.783234897,3.753451426710837,0.02978347028916284
6039,3.400113927,3.568734580909329,0.16862065390932912
6040,3.699564794,3.7255588369963637,0.025994042996363653
6044,3.158225228,3.9157772745350203,0.7575520465350203
6051,3.776995214,3.8299128848528925,0.05291767085289267
6053,3.454739681,3.6879268206508007,0.23318713965080073
6055,3.80084018,3.7911715297776776,0.009668650222322217
6057,5.022449521,4.787363918047849,0.23508560295215108
6072,3.165877149,3.5990076656924557,0.4331305166924557
6076,2.630689977,3.2803380334916246,0.6496480564916247
6081,3.144826651,2.9195105038554994,0.22531614714450043
6085,3.087692705,3.432838663477309,0.3451459584773091
6086,3.121787746,3.503789696024842,0.38200195002484216
6087,3.657875019,3.4723814454666626,0.1854935735333374
6088,3.955995747,3.4513988152305806,0.5045969317694192
6089,3.22000488,3.432839558670444,0.21283467867044426
6090,3.727089358,3.299123407296334,0.4279659507036664
6091,2.954652483,3.5716599947379746,0.6170075117379747
6094,3.089636291,3.550928010239022,0.4612917192390218
6099,2.408833322,2.499565287821265,0.09073196582126508
6106,3.283983801,3.2497716725002515,0.03421212849974875
6111,3.917979048,4.172336734116701,0.2543576861167014
6115,4.043566604,3.531295216653429,0.5122713873465705
6124,4.923094247,3.5299167361027166,1.3931775108972833
6128,3.108476458,3.3114307432656997,0.20295428526569959
6129,2.976130131,3.0617971962677437,0.08566706526774359
6132,2.892377141,2.809244375272988,0.083132765727012
6141,2.875527879,3.4289542543191045,0.5534263753191047
6145,3.511162502,3.683460400056316,0.1722978980563159
6151,4.205238502,4.077601713282187,0.1276367887178136
6154,3.954230165,3.8266448398806707,0.12758532511932907
6178,4.251100189,3.8218267628727043,0.42927342612729547
6206,2.146664368,2.5159291281039913,0.3692647601039911
6239,2.984994529,3.043002240178164,0.058007711178163834
6241,3.009288678,3.081464672350443,0.07217599435044297
6242,3.526136985,3.306933514210885,0.21920347078911506
6254,3.056903466,3.054170123098197,0.0027333429018030486
6271,3.531127507,3.940207145725493,0.40907963872549313
6272,3.323590326,3.656901818584725,0.3333114925847247
6273,3.774165556,3.825779848140071,0.05161429214007107
6277,3.384235101,3.4405167295382943,0.05628162853829455
6280,3.968686265,3.941943602321606,0.02674266267839398
6281,4.023423421,3.9228756247813634,0.10054779621863696
6282,3.968451259,3.8163277146726657,0.15212354432733433
6283,3.876585197,3.6256024443802755,0.25098275261972436
6302,3.932539225,3.910093472029496,0.022445752970503996
6303,3.73638353,3.651784185369271,0.08459934463072871
6306,3.513920428,3.4731839144980032,0.04073651350199681
6371,3.954359271,3.8609633293554944,0.0933959416445056
6394,3.796543647,3.9359453344094852,0.13940168740948522
6416,3.679272608,3.8945280853754136,0.2152554773754134
6435,3.212552681,3.5331371125706763,0.3205844315706763
6440,4.40322236,4.161762624584484,0.2414597354155159
6463,3.073761106,3.257474738690342,0.1837136326903419
6464,4.681691223,3.1569168375708268,1.5247743854291729
6476,3.210682583,3.259013165737807,0.04833058273780688
6477,5.311636621,4.562357645048249,0.7492789759517509
6479,5.427924078,4.548113194540932,0.8798108834590685
6494,3.957362675,5.030658226338028,1.073295551338028
6496,3.696450003,3.627628041103423,0.06882196189657686
6503,4.500324313,4.17866484310813,0.3216594698918698
6512,3.019333268,3.0430504400741465,0.023717172074146475
6544,3.151506046,3.4698982869221466,0.31839224092214646
6547,4.220516979,4.226328760871266,0.005811781871265964
6553,3.052738818,3.1996933710885127,0.1469545530885128
6577,3.980132784,3.5173969877168614,0.46273579628313843
6584,3.116665292,3.693079589266303,0.5764142972663029
6585,3.238526574,3.526574266062221,0.2880476920622206
6586,3.323276599,3.5078229420302387,0.18454634303023854
6587,3.54849354,3.5883712690032525,0.03987772900325259
6597,3.250095524,3.4631725143951777,0.2130769903951779
6601,3.26638851,3.480165135590658,0.21377662559065813
6602,3.040705406,3.529977665001871,0.4892722590018712
6603,3.288159763,3.525928468507447,0.2377687055074471
6604,3.808998473,3.7091567448724856,0.09984172812751435
6612,3.37023676,3.237378234357183,0.13285852564281697
6619,3.459771599,3.552666523900502,0.09289492490050177
6620,3.590865709,3.2860025708648966,0.30486313813510346
6633,4.729113679,4.021801248264025,0.7073124307359748
6662,3.14489406,3.1210570605686976,0.023836999431302353
6692,4.25584047,3.5367643858635676,0.7190760841364323
6695,3.553505688,3.5255039389441425,0.028001749055857506
6696,3.78665446,3.8963280428254663,0.10967358282546646
6717,3.260918999,3.5224650098433385,0.2615460108433387
6719,3.248879466,3.35578097898284,0.1069015129828399
6720,3.679589859,3.8444650106917653,0.16487515169176525
6722,3.964570311,3.5336495661508893,0.4309207448491108
6736,4.046057918,4.279716186558989,0.2336582685589894
6740,3.431722762,3.5936146766922725,0.16189191469227238
6741,2.881002841,3.5388518244119487,0.6578489834119488
6742,3.648536275,4.012226265741749,0.36368999074174857
6743,3.839097739,4.02945743017381,0.19035969117381013
6749,3.831024898,3.8220039302315465,0.009020967768453403
6781,4.16606529,4.619298584120093,0.4532332941200936
6783,3.797671813,3.7605508972143196,0.03712091578568044
6784,4.105036247,3.951036814539414,0.15399943246058623
6785,4.251475989,4.473721293913779,0.2222453049137787
6791,3.693614139,3.7994365109684494,0.10582237196844924
6803,2.656521387,3.183968254541495,0.527446867541495
6817,3.136886962,3.517958607067193,0.38107164506719293
6819,3.347863203,3.6425807586442067,0.29471755564420654
6820,3.231770693,3.77252668891724,0.5407559959172401
6826,3.679772678,3.8547887007416524,0.1750160227416524
6827,4.134721874,3.9203047582650203,0.2144171157349799
6829,3.455739487,3.5840546085699794,0.12831512156997915
6846,4.013299227,3.8812425138928055,0.13205671310719458
6847,3.900594947,3.8036398050526823,0.0969551419473178
6851,3.480273929,3.270558816670778,0.20971511232922202
6854,2.99641042,3.8422683660291295,0.8458579460291293
6889,3.836878839,3.633954840634896,0.2029239983651041
6895,2.424553491,3.2936080287036207,0.8690545377036205
6899,3.877542308,3.6859353642106645,0.19160694378933574
6904,3.401028711,3.8159361173057866,0.4149074063057867
6913,3.717734383,3.5702911970767044,0.14744318592329542
6953,3.142020096,3.2612812782508853,0.11926118225088533
6957,3.961412618,3.9639992944740134,0.0025866764740132275
6958,3.849262639,3.8813509536766935,0.032088314676693486
6983,3.40769336,3.780707217779334,0.37301385777933405
6984,3.337153768,3.729285120494,0.3921313524940002
6985,3.430220226,3.8714987670773438,0.4412785410773439
6996,3.718626783,4.112035768079137,0.3934089850791369
7013,3.521104595,2.6452506089999592,0.8758539860000409
7016,2.363992302,2.3035022747469442,0.06049002725305597
7034,2.503554453,2.831954869322535,0.3284004163225349
7041,1.73194534,2.585086758346974,0.8531414183469741
7047,2.186481794,2.6536831657667284,0.46720137176672827
7066,2.563707271,2.4607740608471493,0.10293321015285084
7067,2.494326071,2.4347607295688185,0.05956534143118164
7069,1.822018555,2.232844290550385,0.41082573555038504
7076,3.31859648,4.145294047942622,0.8266975679426221
7082,3.978317497,3.8491133113320344,0.12920418566796554
7083,3.068369357,3.5348039964955795,0.4664346394955796
7086,3.769640371,3.643287776531844,0.12635259446815583
7101,5.528726494,5.293000905004134,0.23572558899586582
7107,4.642987159,4.528460781602452,0.11452637739754756
7123,4.531253847,3.7410403808366843,0.790213466163316
7131,3.190798431,3.256329076570301,0.06553064557030064
7134,4.83332564,4.415676326364468,0.4176493136355317
7135,4.389884501,4.499722613483422,0.10983811248342157
7143,1.384691993,1.8532975063134673,0.46860551331346745
7146,3.161705656,3.552556138154024,0.39085048215402374
7147,3.011147361,3.410213533016682,0.39906617201668215
7149,2.919729046,3.0830992520697027,0.16337020606970265
7172,3.518921722,3.6721849398171043,0.15326321781710428
7177,3.476244543,3.6403488252447995,0.16410428224479956
7178,3.496129478,3.7009437113654444,0.20481423336544458
7201,3.515143668,3.7914129711410878,0.2762693031410879
7207,3.110880826,3.5261015517105694,0.41522072571056956
7220,3.632443351,3.9823034913815385,0.34986014038153845
7232,3.181387784,3.5265952323548144,0.34520744835481443
7252,4.33800656,3.6638856716446417,0.6741208883553584
7258,3.942586727,3.889015731492781,0.053570995507219
7268,2.907300489,3.2644378981084254,0.3571374091084256
7270,3.464337724,3.3582758678901556,0.10606185610984431
7271,3.247341477,3.394455919243009,0.14711444224300907
7300,3.56202294,3.881637783663219,0.31961484366321935
7302,4.068317821,3.6846350781737582,0.3836827428262417
7303,3.487023303,3.685162048208792,0.19813874520879216
7311,2.144293316,3.0475318589723432,0.9032385429723431
7314,3.366194753,3.2813312481253165,0.0848635048746833
7316,4.226139356,3.9592414478935707,0.2668979081064293
7317,4.374135781,3.900329622077054,0.47380615892294564
7318,4.12606775,4.054908908068768,0.0711588419312319
7331,3.990359577,3.8776037418625857,0.11275583513741427
7339,3.328528013,3.4094265524103564,0.0808985394103563
7341,3.239741167,3.376647201150567,0.136906034150567
7355,4.068742293,3.9112928386996626,0.15744945430033708
7396,2.892289592,2.5573778648913574,0.3349117271086426
7403,4.048909318,3.694723478547463,0.35418583945253657
7404,4.401665862,3.553510817294475,0.8481550447055248
7405,3.796305418,3.8568318945291824,0.060526476529182194
7407,4.128034241,3.6948324462534257,0.4332017947465743
7410,4.173181411,3.6184819593877413,0.5546994516122585
7421,3.845416996,3.675250294980341,0.1701667010196588
7434,4.259442558,3.6537398647707504,0.6057026932292495
7438,3.967205152,3.7856970391060285,0.1815081128939715
7440,3.284262749,3.6566698290652067,0.37240708006520684
7442,2.95955587,3.7316246636444603,0.7720687936444603
7448,4.934364336,3.73578177613531,1.1985825598646898
7452,3.808216344,3.765974680613665,0.04224166338633495
7454,4.6531649,3.9870185686942317,0.6661463313057685
7480,4.909133237,4.181412388799844,0.727720848200156
7481,3.837412614,3.6608990861818507,0.17651352781814955
7483,3.578753784,3.448142855659711,0.13061092834028898
7487,3.957826,4.144811168371852,0.18698516837185242
7489,4.699594113,3.6062175911826975,1.0933765218173024
7490,3.841814881,3.803202286926979,0.03861259407302109
7496,4.357134093,3.8467959186200944,0.5103381743799056
7497,4.076221601,3.922081462773116,0.1541401382268841
7503,3.297044301,3.2857616826674816,0.011282618332518535
7506,4.098450471,3.9257605131989464,0.17268995780105323
7510,4.173955561,3.8805513767440996,0.2934041842559001
7513,3.499923406,3.8278336038800336,0.3279101978800334
7529,3.168427957,3.6332769625637726,0.4648490055637726
7532,3.363597208,3.4243240296366246,0.060726821636624795
7533,3.7910655,3.824456786825283,0.033391286825282585
7534,3.885629744,3.84763850735252,0.037991236647480164
7535,3.885279531,3.5924805300156333,0.29279900098436684
7544,3.22059037,3.350183423068366,0.129593053068366
7559,3.256685539,3.7213294424338565,0.46464390343385675
7568,3.634788753,3.901710392760769,0.26692163976076877
7577,3.449288595,3.1105329821973458,0.3387556128026543
7582,3.470416372,3.2484779747569985,0.22193839724300135
7584,3.496722133,3.7993188896670853,0.3025967566670853
7585,3.499442379,3.382134309887311,0.11730806911268887
7586,4.139679727,3.5352744295564578,0.6044052974435421
7589,3.93080861,3.847602586474609,0.08320602352539108
7607,4.070225589,4.783445407086951,0.7132198180869516
7608,3.488297664,3.1103420740103616,0.3779555899896385
7626,3.876869124,3.592760135263815,0.2841089887361852
7660,3.170874577,3.13953776380587,0.031336813194130286
7680,3.650498327,3.762027565456968,0.11152923845696794
7682,3.598495433,3.697674330414311,0.09917889741431107
7702,5.187959729,5.343901067844791,0.15594133884479078
7704,3.427302355,4.36765365237437,0.9403512973743702
7706,2.772016695,2.74886015325859,0.02315654174141013
7728,4.506802578,4.300396720498079,0.2064058575019212
7733,3.604015723,3.57588646805851,0.02812925494148999
7750,3.524194739,3.5120127306069806,0.012182008393019306
7758,4.045016386,3.580062408610935,0.4649539773890652
7768,3.699625088,3.306085978867645,0.3935391091323548
7771,3.417836912,3.2838993806913095,0.13393753130869035
7777,3.322259645,3.597531325686477,0.275271680686477
7778,3.78191646,3.6468764955260213,0.1350399644739788
7841,3.863454219,3.7467096810985603,0.11674453790143957
7847,3.558719282,3.2972145360721337,0.26150474592786654
7848,3.287061033,3.6248563056257517,0.3377952726257516
7864,4.097635162,3.5225005957662776,0.5751345662337228
7943,3.56410995,3.1396786255929006,0.42443132440709963
7947,4.058139372,3.810529971875619,0.24760940012438137
7954,4.21414285,3.8896872267599556,0.3244556232400444
7962,3.350273868,3.568568635954131,0.21829476795413116
7968,3.955480657,3.786811702937938,0.16866895406206206
7970,3.73139496,3.7434303644715037,0.012035404471503863
7974,3.566195402,3.606583586424738,0.04038818442473824
7975,3.578663764,3.8271570029891637,0.24849323898916387
7978,4.000645172,3.8447118920801024,0.15593327991989714
8015,3.033052749,3.161217618334839,0.12816486933483917
8020,3.975443797,3.8089875366592088,0.1664562603407913
8021,4.3545054,3.811238981951038,0.5432664180489617
8041,5.449209317,4.983902187864663,0.4653071291353372
8044,4.152609359,3.8075368087777943,0.34507255022220606
8045,3.86381382,3.960562768186873,0.0967489481868733
8046,4.754108184,4.116252854151883,0.6378553298481169
8056,4.612549772,4.372433490142227,0.24011628185777312
8057,4.586923573,4.655343358618745,0.06841978561874473
8064,3.542903402,3.2377591303586515,0.3051442716413484
8066,4.212086778,3.821904864308761,0.3901819136912388
8081,3.768416088,3.7168795801737815,0.051536507826218436
8177,3.687055213,3.694939800167881,0.007884587167881207
8181,3.410217987,3.836211840453198,0.4259938534531984
8206,2.946637821,3.0949747954170523,0.1483369744170524
8207,2.930590896,3.438715070773747,0.508124174773747
8214,3.83939382,3.9393370937866794,0.09994327378667922
8224,3.16547044,3.3612060669888977,0.19573562698889768
8289,5.065812007,4.474480533378232,0.5913314736217679
8294,3.816365749,3.808018490210543,0.00834725878945708
8300,5.192225154,4.24394199406678,0.9482831599332195
8307,3.43734884,3.305871596870068,0.13147724312993203
8321,3.083830964,3.2698062999291913,0.18597533592919113
8322,3.183094192,3.3062240057461407,0.12312981374614074
8323,3.057171442,3.4572146042624405,0.4000431622624405
8324,3.116445388,3.6056107639100756,0.4891653759100758
8353,2.907724785,3.0322552920847463,0.12453050708474622
8373,3.570818164,3.662559334035932,0.0917411700359323
8378,4.592455641,4.367761900995628,0.2246937400043718
8388,2.715295777,3.0621233649315838,0.34682758793158364
8392,3.534910936,3.6892419827660556,0.15433104676605547
8406,3.182710993,3.5441551846459114,0.36144419164591124
8407,3.11266271,3.4513676063222958,0.33870489632229583
8411,3.081385318,3.602881564800191,0.5214962468001909
8437,2.890587259,3.6003454594421562,0.7097582004421561
8491,3.433206885,3.6620670880396045,0.2288602030396043
8498,3.259438575,3.504444898580058,0.24500632358005792
8502,3.167733703,3.33876707771397,0.17103337471397007
8520,3.821612659,3.9590047543783413,0.1373920953783414
8531,3.517005492,3.9178095760824556,0.4008040840824556
8532,3.959935631,3.8711572974907393,0.08877833350926068
8539,3.323681025,3.6109940439977413,0.2873130189977413
8574,3.946270566,4.189203875194895,0.2429333091948953
8577,3.643337919,3.9460132250370497,0.30267530603704973
8580,3.847204422,4.197693879366562,0.350489457366562
8581,3.661567845,4.128676032544701,0.46710818754470074
8587,3.595875351,3.7699548914624157,0.17407954046241558
8589,4.263524173,4.101095699664897,0.1624284733351038
8610,3.435108882,3.3949573433738545,0.04015153862614573
8613,4.184695972,4.04732949360894,0.1373664783910602
8626,3.123538844,3.4658429271657467,0.3423040831657467
8632,2.503978903,2.899348338520314,0.3953694355203137
8648,3.061270228,3.4079448422398912,0.3466746142398911
8686,3.840140959,3.888022710630043,0.047881751630042935
8692,5.052199999,3.594005024713126,1.458194974286874
8697,5.204582531,3.7775089821685484,1.4270735488314514
8709,3.999608959,4.479334842652538,0.47972588365253754
8746,3.844208377,3.8657488173281482,0.02154044032814806
8748,4.148515252,3.8282271129093957,0.3202881390906045
8752,3.908673448,3.8678226447099515,0.04085080329004853
8755,4.02924738,3.8222950945345913,0.2069522854654089
8756,4.148360456,3.874543709306732,0.2738167466932677
8757,4.023355361,3.8837000662267656,0.13965529477323457
8779,3.201680545,3.682243407659145,0.48056286265914494
8814,4.142618126,4.180185369133186,0.03756724313318571
8815,4.150869428,3.790353097721682,0.3605163302783181
8816,3.928013628,3.9568528806837637,0.02883925268376375
8817,3.912339746,4.10710064103977,0.1947608950397699
8818,3.78116998,4.136033807293155,0.35486382729315524
8819,3.741498664,4.155155840794138,0.41365717679413816
8820,4.050389885,4.156648937086765,0.10625905208676478
8823,3.970978794,3.902582794727246,0.06839599927275408
8829,3.512423708,3.8757073659091845,0.3632836579091845
8835,3.916811368,3.7531440642005984,0.16366730379940142
8836,3.901161453,4.1619513406401625,0.26078988764016264
8841,3.381094602,3.6271976861528947,0.2461030841528946
8887,3.744890963,3.682934849055638,0.061956113944361846
8891,3.470167971,3.6812656393132634,0.2110976683132635
8913,3.648563865,3.6770677274324255,0.028503862432425642
8936,4.053383322,3.945731920627229,0.10765140137277118
8940,5.089371161,4.17608886478106,0.9132822962189397
8950,3.542155846,3.3998685777785407,0.14228726822145932
8953,3.605029558,3.3231349341398366,0.2818946238601634
8964,3.081078015,3.28949522591444,0.20841721091444
8965,3.806702924,3.639751016926503,0.16695190707349727
8966,3.130436999,3.181264393341383,0.05082739434138306
8967,3.091026072,3.3313874144220446,0.24036134242204454
8976,1.408684211,1.831844151031393,0.423159940031393
8996,3.794712804,3.9411557482923594,0.14644294429235938
8997,3.943421963,3.982886713436656,0.03946475043665609
9010,3.679205566,3.5213276279999186,0.1578779380000812
9039,2.201315174,2.88859042828314,0.68727525428314
9049,4.13166485,3.5953266323831667,0.5363382176168332
9058,3.720391801,3.8440294009798,0.12363759997980006
9061,3.599569631,3.949980544671761,0.350410913671761
9112,3.732086845,3.8657918663120943,0.13370502131209427
9115,4.592153654,4.178730538056807,0.4134231159431927
9121,4.543864499,3.8361912264763633,0.7076732725236363
9150,3.88019142,4.034777049873967,0.15458562987396718
9151,4.058018788,4.115494816801404,0.05747602880140423
9152,4.356966553,4.35639083277062,0.0005757202293805719
9158,3.379087296,3.6893545833650894,0.3102672873650896
9174,3.694496308,3.8474671810907304,0.1529708730907302
9180,2.935437108,3.670329923354284,0.734892815354284
9199,3.497973131,3.6397313645240814,0.14175823352408123
9201,3.636892486,3.5868756034062654,0.05001688259373438
9240,3.61598595,3.7296669675151026,0.11368101751510284
9260,3.190779771,3.589021511079219,0.3982417400792193
9284,2.944057492,2.8628725901939664,0.08118490180603377
9290,3.34324065,3.8703434604222244,0.5271028104222246
9299,3.261769448,3.827783111718059,0.5660136637180591
9305,4.237556304,4.198526784262199,0.039029519737800555
9329,3.977441908,3.8366442636402223,0.1407976443597776
9333,4.209629892,3.9939200911161783,0.2157098008838214
9334,4.10932759,4.0280986193534165,0.08122897064658385
9335,3.764557005,3.8101763431241418,0.04561933812414187
9343,3.759521293,3.849372193194261,0.08985090019426067
9345,5.228414476,4.510714397880582,0.7177000781194183
9346,4.898538057,4.485986597257974,0.41255145974202545
9349,3.806007209,3.852886150542028,0.046878941542027874
9400,5.589697157,5.295302239731022,0.2943949172689777
9404,3.980292936,3.689585256018084,0.29070767998191593
9424,4.014831238,3.7197414241674,0.29508981383260036
9429,3.741019019,3.9298012774247986,0.18878225842479868
9434,2.595702703,2.9716803083853884,0.37597760538538827
9439,2.674420667,3.428956931819943,0.7545362648199427
9440,4.106430067,3.4128188187505337,0.6936112482494661
9498,3.969571809,3.6550298357116473,0.31454197328835276
9499,4.124442847,3.9731340972609805,0.15130874973901953
9503,3.146593102,3.7940983847414014,0.6475052827414012
9505,3.935857001,3.45004026914152,0.48581673185847984
9519,4.125725183,3.855429096593129,0.2702960864068711
9520,4.111848349,3.8242029991623796,0.28764534983762013
9565,3.926153731,3.9500100042350015,0.023856273235001613
9598,3.746749016,3.974390477170187,0.22764146117018713
9603,3.887954704,3.7605022080184183,0.12745249598158193
9604,3.972866497,3.871096176982949,0.10177032001705122
9618,3.787312503,4.078135679598228,0.2908231765982281
9619,5.398686354,4.19169403805003,1.2069923159499698
9620,4.953438554,4.739830714120147,0.21360783987985332
9621,5.191906146,4.730337160615401,0.46156898538459856
9622,4.072622988,4.379722849373393,0.30709986137339307
9642,4.051805885,4.233114055923837,0.18130817092383644
9643,4.589498326,4.318182604040524,0.2713157219594766
9672,3.641330535,3.720811596134848,0.07948106113484821
9692,3.45388276,3.3617357803720846,0.0921469796279153
9693,2.594306899,2.828167224066264,0.23386032506626364
9730,4.32960972,4.253263578429667,0.07634614157033237
9735,4.828441152,4.2303733973692745,0.5980677546307254
9753,6.804812899,4.63278065103769,2.17203224796231
9779,3.97223939,3.5146655673597946,0.4575738226402053
9780,4.647946014,3.480049248627663,1.1678967653723373
9785,4.168091818,4.05709797896536,0.11099383903463966
9787,3.776327526,3.8456347180818775,0.0693071920818773
9793,3.90343869,4.118513040640842,0.21507435064084168
9803,3.037032865,3.5632626927609286,0.5262298277609285
9829,3.383285289,3.838517326224026,0.45523203722402616
9840,3.854917066,4.104820894807302,0.2499038288073021
9841,4.182679821,4.354191521974158,0.17151170097415847
9849,3.373761767,3.3254631854173238,0.04829858158267619
9852,3.5733121,3.3146561160182793,0.2586559839817206
9871,3.712204237,3.4797782299187956,0.2324260070812043
9873,3.90778267,3.959268546593754,0.05148587659375403
9876,3.990780227,3.656161771122968,0.334618455877032
9878,4.524847601,3.7953163812448123,0.729531219755188
9905,3.656877113,3.26736943357778,0.3895076794222203
9917,4.359616223,4.19360148260708,0.16601474039291997
9933,4.53112282,4.771182892039252,0.24006007203925162
9934,4.599190705,4.453506982091161,0.14568372290883858
9936,4.53190789,4.302398231942163,0.22950965805783685
9967,5.257544872,5.332390571929211,0.07484569992921042
9970,5.310969304,4.568945218739798,0.7420240852602022
9971,5.549540394,5.344685282991602,0.20485511100839826
9988,4.756474454,4.464313156182454,0.29216129781754585
10014,4.001837035,4.029201941634439,0.027364906634439023
10035,3.72012353,3.869249747503636,0.14912621750363586
10036,2.857831648,3.746119000603425,0.8882873526034252
10042,3.732616951,3.9104141249745306,0.17779717397453076
10052,2.756970637,3.300121776270269,0.543151139270269
10073,3.493347726,3.6975203429057415,0.2041726169057414
10074,2.973958077,3.1654172832391483,0.19145920623914847
10075,2.957586328,3.153125869879923,0.19553954187992284
10076,3.202166286,3.5732318464849433,0.3710655604849431
10088,3.81280347,3.9570917282902767,0.1442882582902767
10092,3.748786884,4.012850470627482,0.2640635866274823
10098,3.770360534,3.9926653319768,0.22230479797680003
10099,4.144523615,4.419326679903133,0.274803064903133
10115,3.4384664,3.7258063213976262,0.28733992139762643
10127,5.512870341,5.811284154440527,0.29841381344052653
10135,3.14906508,3.719408141787606,0.570343061787606
10144,4.408393513,4.568057630375466,0.15966411737546604
10148,4.527145254,4.430056534652366,0.0970887193476333
10149,3.251526366,3.955611135467159,0.7040847694671593
10188,3.899387,3.967867372652912,0.06848037265291218
10191,3.524423662,4.257127920968726,0.732704258968726
10198,4.139064283,3.951585642449686,0.1874786405503137
10200,4.456124691,4.057548183826796,0.39857650717320414
10217,3.512929751,4.063809267632352,0.5508795166323517
10227,4.649901214,4.680833399516256,0.03093218551625654
10231,4.266644517,4.007907821596986,0.25873669540301325
10242,4.716618437,4.864028637115471,0.14741020011547068
10281,3.265456656,3.478871414486995,0.2134147584869952
10285,3.266464079,3.4583908569705377,0.1919267779705378
10288,3.272966258,3.5085351528897446,0.23556889488974475
10289,3.61978181,3.5091938282615587,0.11058798173844142
10291,3.65650014,3.7521030682043426,0.09560292820434269
10293,3.626832904,3.7172245825871304,0.09039167858713038
10314,2.837921606,3.7825837822537105,0.9446621762537104
10315,3.026845989,3.7282043794206543,0.7013583904206544
10347,4.136186617,4.761056138591855,0.6248695215918554
10352,4.435402538,4.202192672320015,0.23320986567998503
10368,3.954877803,3.7278045467097827,0.22707325629021735
10369,3.618059444,3.739710716639906,0.12165127263990616
10370,3.519082099,3.6950463177953385,0.17596421879533874
10372,3.089708909,3.4350085787633984,0.3452996697633983
10380,3.454023492,2.394417713599115,1.059605778400885
10385,2.836678497,3.3815263310449293,0.5448478340449294
10386,3.171824707,3.4090018882354527,0.23717718123545284
10387,2.553041525,3.450792269364294,0.897750744364294
10388,2.26873472,3.456987386868055,1.1882526668680553
10400,4.400438228,3.9912832496563224,0.4091549783436772
10413,3.244345562,4.098309772860704,0.853964210860704
10416,2.970543158,3.094377369545142,0.12383421154514229
10473,4.09332244,3.383281520520911,0.7100409194790887
10474,3.325533648,3.205237857418942,0.12029579058105799
10475,3.301625077,2.904988003202442,0.39663707379755797
10476,3.595374955,3.327726504481893,0.26764845051810715
10477,3.236873013,3.1221552651617217,0.11471774783827815
10481,3.505747955,3.275086498312224,0.23066145668777605
10494,4.711428755,4.825722070264085,0.11429331526408504
10495,3.387918134,3.526749043242278,0.13883090924227792
10529,3.067619467,3.0015344798456023,0.06608498715439781
10531,3.838377971,4.02243114194896,0.18405317094896034
10545,2.217873319,3.1920082634521876,0.9741349444521874
10550,3.439894544,3.6867215608537838,0.24682701685378383
10554,4.169287128,4.957166996215076,0.787879868215076
10561,3.843365165,3.579321915217208,0.2640432497827918
10573,3.869200278,3.5093986998405486,0.35980157815945146
10607,3.478785443,3.595515570539523,0.11673012753952294
10614,4.535849972,4.1709242435388605,0.3649257284611398
10615,3.650172976,4.852635721406298,1.2024627454062977
10623,4.218068459,3.779079739462201,0.4389887195377993
10628,3.673955143,3.628137396577167,0.045817746422833316
10632,3.102239013,3.662144098945748,0.559905085945748
10651,6.513829976,4.393557053659826,2.120272922340174
10661,3.103223895,3.621907477042191,0.5186835820421907
10673,2.79294515,3.31652464488274,0.5235794948827399
10701,3.95492826,4.1161961897658195,0.1612679297658195
10709,4.235228152,4.134914460863418,0.1003136911365825
10711,3.905151089,3.8665494483611007,0.03860164063889915
10714,3.068317821,3.296030523946124,0.2277127029461239
10715,3.30928028,2.772580401336672,0.5366998786633279
10719,3.61955728,2.9877605993261165,0.6317966806738835
10722,3.494647072,3.2359699144650698,0.25867715753493004
10748,3.781336004,3.9574044673657713,0.17606846336577142
10749,3.702622837,3.5109527292359357,0.19167010776406412
10750,3.72367845,3.5645195722338876,0.15915887776611237
10758,4.119554447,3.8544117583845163,0.2651426886154833
10765,3.228099374,3.5655580886545986,0.3374587146545984
10769,4.347322696,3.831324740207856,0.5159979557921441
10774,3.464358375,3.505846337407867,0.041487962407866785
10783,4.173004245,3.974620862961981,0.19838338203801875
10784,2.866359346,2.4628762171219236,0.40348312887807625
10790,3.585473138,3.703589230085585,0.11811609208558504
10791,4.109786238,3.666825655924923,0.4429605820750768
10792,2.956957394,3.7802524172709604,0.8232950232709606
10796,3.139447025,3.7379088925884885,0.5984618675884885
10797,3.39471953,3.5890247104253516,0.1943051804253515
10799,3.878929115,3.41120489770736,0.4677242172926399
10800,3.357477454,3.427119612445961,0.06964215844596078
10806,3.428301314,3.8761394220217555,0.4478381080217555
10814,3.693255726,3.6470402187834137,0.04621550721658618
10829,3.137984977,3.6818137926471057,0.5438288156471058
10835,2.952830267,2.923513099755141,0.02931716724485911
10836,3.187299757,3.159676523368386,0.027623233631613786
10842,3.384915858,3.00715786382572,0.3777579941742797
10848,3.920937238,3.5503048205880865,0.37063241741191355
10852,3.087773533,3.368013573206993,0.2802400402069929
10858,2.837807345,3.3480934029141025,0.5102860579141026
10859,3.631563343,3.5142294516600776,0.11733389133992222
10866,4.028315755,4.169100181029023,0.14078442602902275
10870,2.965473475,3.597005961991935,0.6315324869919348
10871,3.673961715,3.6847103348570327,0.010748619857032793
10879,3.9337954,3.500279340748831,0.4335160592511693
10896,3.819899533,4.2777419702685595,0.45784243726855944
10899,4.251769314,4.220126924202078,0.031642389797921666
10901,3.310068498,3.473596141009044,0.163527643009044
10915,4.529497085,4.489460989700992,0.04003609529900842
10934,2.916920893,3.314109863138844,0.39718897013884424
10977,3.578739464,3.4776674319665353,0.1010720320334646
10984,3.709266932,3.497655579651214,0.2116113523487857
10985,3.425371166,3.729024903924504,0.3036537379245039
10991,2.938042577,3.547066619291716,0.6090240422917161
10997,3.380760225,3.151609994358949,0.2291502306410509
10998,3.408370938,3.6293302993450496,0.22095936134504957
11009,4.089636291,3.4182310105732947,0.671405280426705
11010,3.596720769,3.5706183506028863,0.02610241839711369
11011,3.028422125,3.4701048880725804,0.44168276307258036
11012,3.725841843,3.854206650468008,0.12836480746800794
11014,3.578230609,4.109833400585059,0.5316027915850596
11021,3.888378898,3.962168551244463,0.07378965324446307
11038,3.10129827,3.1309055209684806,0.029607250968480603
11040,3.112785548,3.5626981563489615,0.4499126083489613
11044,3.646988041,3.8162968164453734,0.16930877544537326
11061,2.563747988,2.5366385428230456,0.02710944517695424
11070,3.68690108,2.871650553659154,0.8152505263408463
11074,3.378712756,4.100596638298889,0.7218838822988887
11077,4.201400159,3.7527789783473042,0.44862118065269607
11089,3.222433206,3.520795401947225,0.29836219594722513
11093,2.942508754,3.3480130168398654,0.4055042628398655
11109,3.493236316,3.973220592273126,0.4799842762731261
11110,3.825147813,3.9217577396149363,0.09660992661493628
11111,3.381731624,4.254743793991751,0.873012169991751
11112,3.030688252,3.873285083516999,0.8425968315169992
11116,3.303602793,3.5107343163156295,0.20713152331562945
11117,3.276798692,3.320126361653661,0.04332766965366108
11122,3.630937135,4.261728463899663,0.6307913288996634
11147,3.478739087,3.380286229443198,0.098452857556802
11151,3.672610722,3.469577794236495,0.203032927763505
11161,4.007282251,3.4451901419750315,0.5620921090249689
11169,4.375615284,4.098658461269846,0.27695682273015443
11178,3.025893813,3.6106241974087596,0.5847303844087595
11186,3.491953892,3.3989059966982484,0.09304789530175173
11193,3.657183949,3.3073663738941796,0.34981757510582057
11199,2.74095697,2.943279888418229,0.20232291841822914
11243,3.22398168,3.6491976978065623,0.42521601780656226
11258,3.412097504,3.4669688453852148,0.054871341385214656
11265,3.394716224,4.855804602218863,1.461088378218863
11312,3.111208728,2.9504262379599693,0.16078249004003053
11314,3.334936033,3.346465294912431,0.011529261912431199
11318,3.099619263,3.7266859483681287,0.6270666853681286
11342,3.156893933,3.6814459810701936,0.5245520480701935
11346,2.94098315,3.7868647981538817,0.8458816481538816
11351,3.395679666,3.9446577520252775,0.5489780860252775
11354,3.131742982,3.6046549519566153,0.47291196995661533
11359,4.057223108,3.8016394546912395,0.2555836533087601
11363,3.26627744,3.49142321602652,0.22514577602651986
11368,3.246909179,3.5424778243806117,0.29556864538061145
11384,4.355892976,4.065185221187838,0.2907077548121615
11393,4.047480003,3.730850259300373,0.3166297436996275
11407,3.320655089,3.788372028545889,0.4677169395458889
11409,3.885742757,3.775523371912729,0.11021938508727125
11423,4.035046452,3.425586887484146,0.6094595645158534
11424,3.99292889,3.5810742288111452,0.4118546611888547
11431,3.343025449,3.56047817441471,0.21745272541470984
11439,3.145094496,3.6028924993043887,0.4577980033043887
11441,3.543632443,3.4193329745963643,0.1242994684036356
11446,3.145557218,3.583331808141423,0.43777459014142295
11448,3.108811114,3.2370113338760635,0.12820021987606367
11454,3.946283792,3.461657584791719,0.4846262072082812
11470,3.894019204,3.5845169748351533,0.3095022291648468
11478,4.254484968,4.11032367157475,0.1441612964252501
11486,3.645718693,3.5542936787004824,0.09142501429951766
11487,4.195182921,3.6010589818331424,0.5941239391668574
11511,3.166839446,3.5975808948195693,0.43074144881956933
11523,3.61034832,3.680637029630957,0.07028870963095724
11538,4.349184678,4.417437290156946,0.06825261215694578
11551,4.522563224,3.598404561995849,0.9241586620041509
11552,4.867065122,3.7179690664484784,1.1490960555515213
11554,4.282727284,3.749935569575048,0.5327917144249521
11556,4.200555403,3.7614686257472867,0.4390867772527134
11557,4.241677967,3.771735546449791,0.4699424205502094
11566,3.139754935,3.464214513647492,0.3244595786474922
11567,3.460051472,3.7152887419454723,0.25523726994547236
11605,3.173416147,3.3368576100098215,0.16344146300982132
11609,3.447705208,3.5595188477501845,0.11181363975018455
11625,3.141359177,3.032628841638038,0.1087303353619622
11637,3.693150417,3.821826751844332,0.12867633484433183
11656,4.046339056,3.8529966235030093,0.19334243249699057
11669,4.062729472,3.811948537343144,0.25078093465685614
11671,4.299192748,3.9520625539897285,0.3471301940102718
11680,4.218768994,3.8268046366271844,0.391964357372816
11681,4.631549032,4.021789191887134,0.6097598401128659
11682,4.321431335,3.8530987395520686,0.46833259544793115
11683,4.212419724,3.9750547813261443,0.23736494267385577
11691,4.154749364,3.9893461881143204,0.16540317588567932
11711,3.845678779,3.696135015839604,0.1495437631603962
11751,3.138469014,3.407610901249037,0.2691418872490372
11756,4.031836488,3.30336375055226,0.7284727374477398
11760,4.199566011,3.940272580961234,0.2592934300387659
11865,3.665696551,3.320479428629068,0.34521712237093194
11878,4.156163422,4.027250206884455,0.12891321511554477
11879,3.322293045,3.8072522909416042,0.48495924594160433
11909,5.646518902,4.134894048085458,1.511624853914542
11926,5.137317766,4.348553609151139,0.7887641568488606
11928,2.767199948,3.336773763886453,0.5695738158864532
11948,4.054938462,3.77474893794539,0.28018952405460995
11965,3.895132367,3.947641885127492,0.05250951812749216
11977,3.547575469,3.3600356493482106,0.18753981965178923
11978,3.610063296,3.434752779027758,0.17531051697224198
11979,3.277215264,3.326261762925645,0.049046498925644944
11981,3.458489562,3.4697431626489155,0.011253600648915452
11982,3.848158315,3.8979125143505287,0.049754199350528605
11989,3.469716273,3.518546306087426,0.04883003308742584
12046,4.063793695,3.790185790542747,0.27360790445725325
12047,4.02647512,4.0093622150123505,0.01711290498764928
12058,3.656327727,3.5583974259116204,0.09793030108837941
12102,3.185706574,3.4971178925433484,0.31141131854334825
12106,3.513295957,2.6072980233222576,0.9059979336777424
12135,3.152636863,3.0435095716629412,0.1091272913370589
12136,3.650332154,3.7478750443649194,0.09754289036491937
12216,5.185191225,5.960669027842336,0.7754778028423361
12258,4.609491743,3.7154846582069854,0.894007084793015
12262,4.133441254,4.13337915577211,6.209822789049468e-05
12283,3.348545453,3.6882150920436128,0.3396696390436129
12284,3.525022414,3.808221549527449,0.283199135527449
12285,3.510834699,3.8084761741538196,0.29764147515381945
12286,3.701984688,3.8444987749879456,0.14251408698794554
12287,3.434568904,3.757143094981228,0.3225741909812281
12293,4.944172571,3.835351419736702,1.1088211512632982
12304,3.491325923,3.2247227538114167,0.2666031691885835
12310,3.209002137,3.583522987771968,0.37452085077196795
12428,3.673545555,3.738933322125154,0.06538776712515393
12430,3.677962029,3.788898134666773,0.11093610566677281
12465,3.549066789,3.8810631630162966,0.3319963740162968
12468,3.873357868,3.3753188054740955,0.49803906252590435
12471,3.544640935,3.5425031894898757,0.002137745510124134
12474,3.361457589,3.637848164392724,0.2763905753927238
12477,3.48953994,3.7588190737580267,0.2692791337580269
12480,3.644059278,3.6479528435775763,0.0038935655775764744
12507,3.097329965,3.3038660693078636,0.2065361043078635
12512,4.837061566,4.0732568656491575,0.7638047003508426
12513,3.096952124,3.1093857885926255,0.012433664592625515
12515,3.438605956,3.4351584916315403,0.003447464368459663
12516,3.40924022,3.332829571989916,0.0764106480100839
12527,3.57072775,3.8792721416080984,0.3085443916080983
12567,3.594771268,3.2638305508397294,0.33094071716027074
12576,3.328854417,3.5693412565494302,0.24048683954943018
12580,3.99883852,3.621314798660521,0.37752372133947887
12587,3.697560917,3.6796569730734934,0.017903943926506738
12591,3.33842816,3.434976759604459,0.09654859960445927
12592,3.238676434,3.4243573941344927,0.18568096013449287
12593,3.255703406,3.261131011933845,0.005427605933844948
12594,4.660371163,4.346534304600676,0.3138368583993234
12597,3.45361059,3.0228651764104186,0.4307454135895812
12610,3.6186097,4.053781986610147,0.4351722866101473
12612,3.68754807,3.6952875732123616,0.007739503212361498
12627,5.068497098,4.347984716024374,0.7205123819756256
12628,5.835853534,4.338326146605266,1.497527387394734
12629,4.960345924,3.9942559905980914,0.9660899334019089
12631,4.673634012,4.176095768745967,0.4975382432540325
12632,4.010464678,3.6708078121071868,0.3396568658928132
12633,4.939535517,4.085500416574543,0.8540351004254569
12636,4.530998817,4.480765231389788,0.050233585610212295
12637,4.807430095,4.450544122010345,0.3568859729896552
12639,4.800555287,4.374958813405897,0.42559647359410313
12651,4.967714325,4.450296712687167,0.5174176123128333
12656,4.493190535,4.0516188878584085,0.4415716471415916
12657,4.671204521,4.253641087726438,0.41756343327356227
12660,4.945454847,4.2523357355355555,0.6931191114644442
12684,4.601534177,3.814714675242913,0.7868195017570865
12689,3.62891779,3.7661497521602034,0.1372319621602034
12697,3.750355467,3.91239652819664,0.16204106119664008
12719,3.612381153,3.81273324250646,0.2003520895064601
12720,3.415752152,3.8770321732720414,0.4612800212720414
12749,3.847757688,3.521777785049575,0.32597990295042534
12751,4.337744038,4.265368431539166,0.07237560646083452
12752,3.833739625,3.5334909062810693,0.3002487187189309
12754,4.299395848,3.93830355478461,0.3610922932153895
12757,5.741086023,4.216429829030398,1.5246561939696024
12759,4.167900434,4.057238701763369,0.11066173223663078
12760,4.34016923,4.033358759540421,0.3068104704595793
12761,5.225924097,4.38838705401255,0.8375370429874502
12762,5.404596576,4.293242257652957,1.1113543183470433
12783,3.487253418,3.5957740668232345,0.10852064882323464
12796,4.039179805,3.932617748241089,0.10656205675891073
12815,3.387912801,3.683864442296869,0.295951641296869
12855,4.382719275,4.105357054109929,0.2773622208900717
12856,3.649823409,3.6488830815431315,0.0009403274568686726
12858,4.114496606,4.102949105608101,0.011547500391899668
12868,3.463992472,3.9206413474296156,0.4566488754296154
12883,3.970631585,3.7270895231115926,0.24354206188840744
12885,3.566256463,3.448799605721753,0.11745685727824728
12886,3.566288044,3.760663920258535,0.19437587625853459
12899,3.584856003,3.7377575639236613,0.15290156092366125
12901,3.560067711,3.912646101132552,0.3525783901325523
12909,4.58077025,3.7265703627968,0.8541998872031997
12910,3.606540664,3.91593440149357,0.3093937374935698
12920,4.107125138,3.815861297760066,0.2912638402399339
12935,3.905419756,3.860204450271215,0.04521530572878518
12949,3.958842494,3.786913101749588,0.17192939225041215
12950,4.083781231,3.8811383737166354,0.20264285728336429
12953,3.444291208,3.634742068977774,0.19045086097777375
12957,3.517720125,3.669812012781714,0.15209188778171434
12966,3.666335673,3.6713405895911353,0.005004916591135444
12967,3.967541736,3.6605063501461514,0.3070353858538484
12968,3.377878251,3.3707214394518576,0.0071568115481421835
12976,3.765586072,3.7098511167134993,0.05573495528650074
12979,4.643378643,3.9474962160743883,0.6958824269256119
12982,3.560058285,3.4307816145124477,0.12927667048755254
12984,4.358741732,3.730431946160602,0.6283097858393982
12996,3.643008284,3.4729250003039915,0.17008328369600845
13001,7.350914459,3.3428227347000625,4.008091724299938
13036,4.927958125,3.7917586695879337,1.1361994554120662
13042,3.724541342,3.9714064652928545,0.24686512329285426
13057,3.240350807,3.8740127246287064,0.6336619176287064
13093,3.933830926,3.45314726323208,0.4806836627679201
13098,3.77350565,3.7617701646358412,0.011735485364158915
13100,3.995279229,4.159031472817821,0.16375224381782116
13101,3.375490471,3.8996409429569705,0.5241504719569705
13114,3.618070521,3.801721546113559,0.18365102511355902
13134,3.730935048,3.7868666841693255,0.055931636169325394
13162,4.526500815,3.7903721880122694,0.736128626987731
13170,3.832572775,3.7497065289082845,0.08286624609171556
13172,3.641321812,3.6310944593498213,0.010227352650178823
13197,4.254286987,3.810885992485835,0.44340099451416526
13207,3.443598816,3.5595014800595957,0.11590266405959548
13223,3.27479035,3.291193659899381,0.016403309899381213
13227,4.217773377,3.7009701664825783,0.5168032105174221
13255,4.073554925,3.5061347847812834,0.5674201402187165
13284,3.356259818,3.8792586424656683,0.5229988244656685
13310,3.751680432,3.6638382253742945,0.08784220662570563
13325,3.824163039,3.5763556944584995,0.24780734454150055
13338,4.055070257,3.0104961267920993,1.0445741302079004
13340,4.910719668,4.232633488788034,0.6780861792119657
13344,4.87818314,4.29977222837588,0.5784109116241201
13350,3.933278442,4.029951199925899,0.09667275792589836
13351,3.709086644,3.627486419019015,0.08160022498098529
13382,3.733248868,3.701674526381114,0.03157434161888606
13386,3.664348116,3.6429742186023173,0.021373897397682917
13388,3.477407795,3.6473010175894345,0.1698932225894345
13389,3.49860412,3.855925518682914,0.357321398682914
13416,3.433044071,3.464270811011169,0.031226740011168985
13440,3.533695815,3.849135729435485,0.3154399144354847
13442,3.566195402,3.6444892061033376,0.07829380410333764
13448,3.651985451,3.61072167006753,0.04126378093246963
13481,3.598642018,3.5942714951459553,0.004370522854044712
13515,3.57426283,3.137302291120415,0.43696053887958497
13529,3.776217183,4.026663349630323,0.25044616663032304
13556,3.412307635,3.8013987491996284,0.3890911141996285
13557,3.480284195,3.592473370569175,0.11218917556917507
13564,3.372135091,3.5646733084476776,0.19253821744767752
13565,4.108976349,3.788633675467512,0.3203426735324877
13567,3.688572358,3.7852424228412045,0.09667006484120444
13570,4.413144032,3.9800713099001865,0.4330727220998134
13575,4.525680874,4.101597066227144,0.42408380777285615
13577,4.305233105,3.955107705638177,0.35012539936182296
13589,4.344547945,4.167458449247938,0.17708949575206212
13671,3.919689035,3.742370796084786,0.17731823891521437
13685,3.443638431,3.57193162550689,0.12829319450688992
13687,3.949061966,3.6577707439829377,0.29129122201706226
13689,2.857937674,3.3168535452059213,0.45891587120592137
13691,3.288423624,3.355730226385128,0.06730660238512787
13694,3.459915437,3.6319451100340547,0.17202967303405492
13697,3.902131932,3.871367057512318,0.03076487448768228
13702,4.040275004,3.789919357010485,0.25035564698951474
13703,4.158685747,3.7714441596434605,0.38724158735653935
13704,3.70411833,3.5652312769658305,0.13888705303416948
13717,3.866575929,3.8043865978086435,0.06218933119135661
13718,3.433616244,3.6019951976735256,0.16837895367352562
13719,3.662381707,3.5486278464943113,0.11375386050568892
13743,3.752996362,3.890450687878762,0.13745432587876172
13750,3.758886221,3.3738956265792095,0.38499059442079053
13752,3.79236,3.6210677338889186,0.1712922661110814
13753,4.294357455,3.882435206613595,0.4119222483864049
13765,4.348700177,3.9351143101302415,0.41358586686975807
13766,4.348700177,4.005608809451514,0.34309136754848524
13768,4.061946999,3.825188241216159,0.23675875778384103
13778,3.711775103,3.798833583519658,0.08705848051965814
13782,4.062571241,3.7355647131107337,0.327006527889266
13794,3.714884849,3.9271458493254743,0.21226100032547413
13804,4.064383104,3.830699982982379,0.2336831210176209
13815,3.280109225,3.336671820879663,0.05656259587966295
13817,3.893959109,3.821753596653569,0.07220551234643091
13823,4.221064865,3.9352135620398627,0.28585130296013705
13826,3.950661053,3.821301679163248,0.12935937383675222
13832,3.933941454,3.8571432208268632,0.07679823317313694
13845,3.513199837,3.4500254172305627,0.0631744197694375
13852,3.265346208,3.1118545087141074,0.15349169928589257
13862,3.997433194,4.1579027301231095,0.16046953612310944
13864,3.484107086,3.9402089149610036,0.4561018289610037
13887,3.739501708,3.7807365850443624,0.04123487704436224
13892,3.601258005,3.8069372413731366,0.20567923637313656
13893,3.494627606,3.4332939468631034,0.06133365913689648
13907,3.768347347,4.0906279625542625,0.32228061555426235
13908,4.099371746,3.8936514444830013,0.20572030151699883
13911,4.281967144,3.8064136171613723,0.47555352683862795
13922,3.691769601,3.679128305726168,0.012641295273831954
13929,3.412804822,3.908046320878231,0.49524149887823077
13938,3.625767775,3.934283996593486,0.30851622159348624
13942,3.331734939,3.5625521130653177,0.23081717406531777
13946,4.28873922,3.940213389842207,0.34852583015779315
13947,3.802890954,3.870609414046475,0.06771846004647486
13961,4.15086044,3.8415080387105314,0.3093524012894684
13968,4.114605647,3.9588002655398182,0.15580538146018208
13976,3.853995721,3.8519286568899367,0.002067064110063299
13987,3.779721433,4.408082496620131,0.6283610636201309
13989,3.758611847,3.7309845320210235,0.027627314978976525
13993,4.107197246,3.8399326856527654,0.2672645603472348
14001,3.74471338,3.9168929833600625,0.17217960336006266
14008,4.235399654,3.8955096324301945,0.3398900215698055
14009,3.837459646,3.7704558142593725,0.06700383174062763
14057,3.719841532,3.832425782870375,0.11258425087037516
14065,3.85980069,4.051045698478229,0.19124500847822912
14076,4.808138022,3.708899629257428,1.0992383927425715
14084,3.806229653,3.915082615107825,0.10885296210782514
14086,3.539615494,3.6396803048177024,0.10006481081770247
14088,4.357512014,3.8754489799997263,0.48206303400027384
14096,3.435740874,3.4534736226438545,0.017732748643854546
14106,3.515036941,3.6082894924927356,0.09325255149273559
14112,4.013194159,3.8063319278973844,0.2068622311026158
14118,3.449807402,3.9468240376452806,0.49701663564528076
14124,3.493660085,3.7086082973018737,0.21494821230187355
14151,3.670630132,3.8702420216651476,0.19961188966514776
14159,3.425874788,3.9617990410510937,0.5359242530510939
14164,4.074031652,3.896003369996384,0.1780282820036163
14165,4.075621349,3.9590818097692324,0.11653953923076799
14173,4.625108159,3.875961308575979,0.7491468504240206
14179,3.886479982,4.042471834843178,0.15599185284317763
14185,3.734932634,3.7110620162722117,0.023870617727788535
14189,3.769305219,3.50755903132594,0.2617461876740599
14191,3.985274871,3.5067030619870794,0.47857180901292073
14193,3.677039601,3.657122823841289,0.019916777158710985
14194,3.273112437,3.378378485845888,0.10526604884588808
14215,3.665174334,3.7016388747995683,0.03646454079956829
14216,4.115697267,4.106049089853998,0.00964817714600219
14223,4.426083706,3.8721231131088882,0.5539605928911118
14241,4.065041648,3.780522664870869,0.28451898312913126
14242,3.924869577,3.733352317608437,0.19151725939156306
14245,3.667524662,3.3268158849494154,0.34070877705058455
14247,3.732186904,3.826829569212024,0.09464266521202402
14281,3.504604506,3.433804585737306,0.0707999202626941
14289,3.81805874,3.7272491631487834,0.09080957685121671
14299,2.872062317,3.111825745978909,0.2397634289789088
14319,2.850673061,3.253757255274393,0.4030841942743928
14323,2.559048291,3.173240730376405,0.6141924393764051
14324,2.318244253,2.6634977919270417,0.3452535389270417
14325,4.130745438,3.9724879363447556,0.15825750165524433
14331,2.933797207,3.2886670692149402,0.3548698622149402
14363,3.068209989,3.313951949684909,0.24574196068490872
14378,2.919025973,3.374386777245208,0.455360804245208
14379,2.986261235,3.4060892428006007,0.4198280078006005
14386,3.102533177,3.2268210587216273,0.12428788172162708
14387,3.238500243,3.7013210792972533,0.46282083629725346
14388,3.124342802,3.435676382050142,0.311333580050142
14409,3.576149963,3.4366091637630527,0.1395407992369475
14410,3.014563515,3.52850895141076,0.5139454364107601
14426,3.547497341,3.5248858891498327,0.02261145185016744
14427,3.588242309,3.5695514278655596,0.018690881134440396
14428,2.789725347,3.0413077481997606,0.2515824011997605
14430,3.82266742,3.627843374926508,0.19482404507349216
14433,4.725913333,3.9487222304719842,0.777191102528016
14435,3.270785553,3.9795033768229113,0.7087178238229113
14436,3.286218178,3.5254233415802756,0.23920516358027566
14456,3.412383258,3.827356464210456,0.41497320621045564
14459,3.366815046,3.3474285007132054,0.019386545286794732
14460,3.39223428,3.414334716542918,0.022100436542918267
14462,3.416174347,3.4216620358712717,0.005487688871271601
14505,4.458497389,3.7542342667962214,0.7042631222037783
14506,3.976859111,3.9407020138837976,0.03615709711620241
14507,3.607826057,3.912374577021116,0.304548520021116
14508,3.656205648,3.948604763974315,0.2923991159743151
14533,3.44364251,3.5906995809276077,0.14705707092760756
14547,3.586007483,3.8505296906780986,0.26452220767809864
14548,4.047280061,3.931227637961503,0.11605242303849739
14549,3.971520315,4.081959244322931,0.11043892932293131
14576,4.078123912,3.846081511033529,0.23204240096647055
14579,4.278263519,3.943871491805646,0.3343920271943541
14588,4.345905809,3.4767479604983853,0.8691578485016143
14593,3.9995043,3.3303997284737843,0.6691045715262156
14623,4.230862712,4.354736249244098,0.12387353724409778
14627,4.980140446,4.2211051518190414,0.7590352941809586
14631,3.342721272,3.731309307208689,0.38858803520868923
14698,2.008411762,2.624158359984232,0.615746597984232
14704,3.769784189,3.957970644887425,0.18818645588742466
14726,3.509758816,3.394322178224976,0.11543663777502422
14727,3.490502061,3.4008258416876482,0.0896762193123517
14731,6.098517976,2.7013317727115194,3.3971862032884808
14750,3.700145242,3.8175392753314905,0.11739403333149045
14752,3.977317129,4.086087347029593,0.10877021802959286
14753,3.993613327,3.9235617007591395,0.07005162624086037
14754,3.922127299,4.072001769024646,0.14987447002464593
14755,3.621507458,3.9435626216975495,0.3220551636975495
14756,3.532064199,3.930678857049519,0.3986146580495187
14775,4.017582124,3.739372380652948,0.2782097433470514
14830,3.47000792,3.4357301709190975,0.03427774908090253
14833,3.485342791,3.985057923234853,0.499715132234853
14842,3.491895283,3.655649281808441,0.1637539988084411
14884,3.456592101,3.1819211357773765,0.2746709652226236
14885,3.398234791,3.308965439344272,0.08926935165572836
14888,3.348717354,3.259327291414338,0.08939006258566229
14889,2.764001435,3.126581851921271,0.3625804169212712
14890,3.397135495,3.3344793836666144,0.06265611133338567
14891,3.251693636,3.354866908682645,0.10317327268264487
14892,3.129860564,3.4455987390202774,0.31573817502027746
14893,3.340055824,3.2452602990592987,0.09479552494070109
14910,3.364045909,3.6272650988342283,0.2632191898342282
14927,3.656185675,3.996512562036189,0.3403268870361891
14962,4.266425745,3.663133282470055,0.6032924625299452
14987,3.634790827,3.430997522428717,0.20379330457128297
14989,3.347276592,3.6860191911160745,0.3387425991160744
14996,4.029905429,3.455490888346418,0.5744145406535823
14997,3.939057757,3.5594523730332677,0.3796053839667324
15006,3.660396008,3.6024074440309977,0.05798856396900254
15009,3.794204931,3.7425064340115193,0.05169849698848061
15010,2.827901569,2.4228198009695783,0.4050817680304215
15018,3.885191541,3.3644789977153047,0.5207125432846955
15026,3.651017408,3.3491345943238073,0.30188281367619263
15050,3.568710841,3.342230284702601,0.22648055629739927
15061,3.104035435,3.4000333193644465,0.2959978843644464
15062,3.067517202,3.5884958553807014,0.5209786533807015
15068,3.352689864,3.426382469867008,0.07369260586700799
15070,3.739882275,3.7480897048733492,0.008207429873349437
15075,3.168026307,3.5475881602007893,0.3795618532007894
15081,3.406335758,3.473270550761102,0.06693479276110192
15084,3.657538438,3.6566514980100235,0.0008869399899764652
15086,3.64139478,3.80389798929422,0.1625032092942198
15092,3.82834229,4.284364898770974,0.456022608770974
15105,3.903832658,4.371994143374878,0.46816148537487834
15136,2.778810234,3.4246898814200764,0.6458796474200765
15138,3.827870926,4.1426822605892095,0.3148113345892094
15140,4.984245526,4.17043962413488,0.8138059018651198
15141,3.229663359,3.7156980106042945,0.4860346516042946
15142,2.964752091,3.251253192448349,0.28650110144834917
15159,3.286038782,3.0949070088745847,0.19113177312541518
15169,4.21550009,3.41765874569569,0.79784134430431
15194,4.02383296,3.7040269443463076,0.3198060156536924
15198,2.721630546,3.0364902931607514,0.31485974716075127
15207,3.597559382,3.8023943589705493,0.2048349769705493
15211,2.84359869,2.8842012839616524,0.040602593961652556
15249,4.020135186,3.992317589535791,0.027817596464208894
15252,4.127417513,4.083104913030694,0.04431259996930592
15255,3.36290797,3.1858371147416724,0.17707085525832778
15263,2.54438949,2.5895686341926965,0.04517914419269653
15266,3.028521549,3.0592551857818444,0.030733636781844265
15270,3.316366694,3.2357061534183558,0.08066054058164429
15280,3.769476234,3.4218209436080294,0.3476552903919705
15282,3.717814293,3.9627020400627995,0.24488774706279948
15297,3.186271819,3.324145275618538,0.137873456618538
15298,3.463413906,3.553032400697063,0.08961849469706307
15301,4.268586041,3.881219656609445,0.38736638439055504
15315,3.054861917,3.5389229622222,0.48406104522219984
15317,3.305252391,3.3256662717785304,0.02041388077853057
15320,3.581637955,3.5444063742786276,0.03723158072137256
15326,3.751372597,3.893100314065272,0.14172771706527199
15330,5.999438622,4.429882842683656,1.5695557793163442
15347,2.813398604,3.1295448822033225,0.3161462782033224
15348,3.206711737,3.2040035032968985,0.0027082337031014703
15350,2.657071158,3.2160243841690366,0.5589532261690366
15351,3.83566521,2.851575852641979,0.9840893573580209
15352,3.927259123,3.6336154290700278,0.293643693929972
15371,4.449772458,3.844974025770287,0.6047984322297131
15379,3.258598709,3.5900570185740244,0.3314583095740242
15380,4.29439886,3.6614711767882007,0.6329276832117996
15383,2.489295204,2.652889093626938,0.163593889626938
15390,3.38440539,3.159675549255594,0.22472984074440605
15391,3.153570981,3.4047295476281425,0.2511585666281424
15393,3.726664639,3.4581073855551403,0.2685572534448597
15394,3.746611961,3.446091858206553,0.3005201027934472
15395,3.258598709,3.500932007000038,0.2423332980000379
15396,3.532140074,3.5933651662386428,0.06122509223864281
15397,3.801483338,3.591732557992636,0.20975078000736413
15398,3.818334312,3.601290547125631,0.21704376487436905
15418,2.952229911,3.5857837855311385,0.6335538745311386
15431,3.907724785,3.4085739237885764,0.4991508612114237
15434,3.34850541,3.2699387483891784,0.0785666616108216
15437,3.119671871,3.192733029675964,0.07306115867596397
15450,3.326121848,3.6165731773259515,0.2904513293259514
15464,3.448300428,3.329190766491663,0.1191096615083369
15465,3.233605219,3.4056325646996024,0.1720273456996022
15467,3.977270085,3.9518064539234823,0.0254636310765175
15480,4.397752739,3.606374807380395,0.7913779316196052
15484,5.57960832,4.409658388058324,1.1699499319416757
15485,5.029984069,4.586468912906599,0.443515156093401
15489,4.299413587,3.738150387016371,0.5612631999836291
15501,2.980526029,3.2452381102421244,0.2647120812421244
15506,3.069507766,3.4373985497335164,0.36789078373351636
15507,3.489110614,3.5790087440658445,0.08989813006584457
15512,3.547164049,3.4496027362202875,0.09756131277971258
15513,4.147875266,3.750435525142147,0.3974397408578527
15537,3.981256695,3.9122635042065594,0.06899319079344046
15538,3.442829595,3.6965698979356496,0.25374030293564953
15543,3.189367085,3.3273563425092583,0.13798925750925806
15586,3.285060568,3.3665810853157767,0.0815205173157767
15588,3.404690984,3.534499532695324,0.129808548695324
15613,3.099166376,3.48893736922291,0.3897709932229101
15615,3.444822229,3.7355101523740823,0.2906879233740822
15618,3.746833594,3.91519735909353,0.16836376509353013
15624,3.673840117,3.544949356413072,0.12889076058692828
15631,2.45787258,3.396639940872262,0.9387673608722618
15654,3.819939925,3.6584800607098242,0.16145986429017567
15662,2.792876148,3.2452446017553873,0.45236845375538737
15702,3.641178318,3.6191041214524895,0.02207419654751064
15707,3.26106837,3.638482841983015,0.37741447198301525
15717,3.876857662,3.386877984705363,0.48997967729463676
15724,6.156551105,4.7707070104671585,1.3858440945328416
15749,3.447733091,3.5910801265185612,0.14334703551856132
15761,3.551216842,3.406625274312259,0.14459156768774095
15767,3.365566705,3.654270471513132,0.288703766513132
15777,3.219314645,3.596447507819575,0.3771328628195749
15778,3.660066297,3.653249740784368,0.0068165562156323745
15779,3.339281452,3.332014490390621,0.007266961609378786
15781,3.370115409,4.010724160732917,0.6406087517329175
15782,3.53938267,3.5203261155329804,0.019056554467019815
15784,3.25235402,3.504010653265462,0.25165663326546195
15785,3.475738221,3.839988083679636,0.3642498626796362
15786,3.567356507,3.899196024280956,0.33183951728095584
15787,3.4245044,3.759094749378885,0.3345903493788849
15789,3.653839375,3.9819064803861326,0.3280671053861326
15830,3.841937311,3.9136013639881773,0.07166405298817713
15864,4.619790148,4.788649671077968,0.16885952307796792
15892,2.459390168,2.436523387531411,0.02286678046858892
15906,4.212128984,4.380933297530012,0.16880431353001235
15909,5.041261061,5.350900575298813,0.3096395142988131
15917,2.517728389,3.2509962257462823,0.7332678367462822
15930,2.271643381,2.903624702290643,0.6319813212906431
15931,2.6113097,2.9534217482737564,0.3421120482737563
15943,3.880496804,3.657851822270663,0.22264498172933678
15946,1.787038019,2.516171613347936,0.729133594347936
15969,3.973095867,3.901066107947755,0.07202975905224518
15977,1.837752793,3.7411837334165696,1.9034309404165697
15978,1.834159054,3.5032404203779377,1.6690813663779378
16003,3.284733966,3.699606623174029,0.4148726571740289
16024,3.512422315,3.360588137894272,0.15183417710572789
16074,4.207449578,3.8102218563633565,0.39722772163664377
16082,3.634880141,3.7786854227624787,0.14380528176247864
16126,3.535606027,3.6123458108446607,0.07673978384466063
16130,4.166510038,3.8491944674951855,0.31731557050481474
16146,3.872320838,3.525176605872511,0.3471442321274889
16160,3.056543135,3.5807212630138068,0.5241781280138067
16164,3.204122781,3.197418571889622,0.0067042091103779455
16166,3.225725281,3.3481078542064924,0.12238257320649248
16168,3.243501876,3.3205581154550656,0.07705623945506579
16176,3.67335119,3.6642393775250675,0.009111812474932535
16177,3.669802848,3.754273966099633,0.08447111809963337
16178,4.002712722,3.7843777393453744,0.2183349826546257
16228,3.720214024,3.875354608020267,0.1551405840202671
16237,3.987800286,3.781179182178546,0.20662110382145427
16248,3.490931085,3.9192949660481142,0.42836388104811407
16251,3.727624172,3.8276130981454624,0.09998892614546229
16260,3.138025363,3.5535529764178135,0.4155276134178134
16264,3.307484152,3.5441260516781177,0.23664189967811788
16282,3.883371948,3.8498447922640384,0.03352715573596177
16291,3.141366223,3.6861152460813362,0.5447490230813363
16304,3.37705697,4.017107955112987,0.6400509851129872
16308,3.317784852,3.431558463656187,0.11377361165618716
16319,4.135844267,4.120144437074254,0.015699829925746478
16332,3.330547397,3.3921952791153474,0.06164788211534722
16377,2.22645316,2.748309728495828,0.5218565684958278
16380,3.009732595,2.9650414060357884,0.04469118896421165
16381,2.515264204,2.7892785800435544,0.2740143760435543
16382,2.915119743,3.278594300205037,0.36347455720503685
16395,4.102784066,4.709762301921623,0.6069782359216234
16404,3.575210099,3.5855452666120193,0.010335167612019358
16405,3.502795217,3.048544394907544,0.45425082209245593
16413,3.316542733,3.5215418011835813,0.20499906818358138
16438,3.81000196,3.7084636972255898,0.10153826277441036
16441,3.723525372,3.832757831998624,0.10923245999862408
16447,3.924368319,4.010466742519026,0.08609842351902586
16449,2.928507868,3.0933449665905126,0.16483709859051254
16451,3.622803442,3.619119888003038,0.0036835539969617415
16456,3.257482286,3.6582443240185922,0.4007620380185921
16461,3.86652178,3.6198368878371547,0.24668489216284506
16465,3.809317671,3.3066771198930476,0.5026405511069525
16483,3.984037612,3.4535960555834313,0.5304415564165685
