ligand_id,y,prediction,abs_residual
28,3.474002368,3.9993486788439307,0.5253463108439309
32,3.844848019,3.8191775442080913,0.02567047479190876
35,4.64599979,4.2572192715611985,0.3887805184388018
42,3.368453189,3.8924961342570885,0.5240429452570887
44,3.279164537,3.5581088022545053,0.2789442652545051
52,3.641734078,3.5003100448591193,0.14142403314088048
80,3.626219292,3.6400556120490757,0.013836320049075645
84,4.651597954,4.109292139403174,0.5423058145968254
103,3.355582864,4.0352530455466695,0.6796701815466695
108,4.254464761,4.150722576668294,0.10374218433170679
127,4.287178378,3.790611272540233,0.49656710545976734
134,3.937195421,3.9511612715212956,0.013965850521295398
139,5.270849192,5.175318168151585,0.09553102384841505
141,3.801412286,3.5466814633917707,0.25473082260822943
207,2.485202106,3.3304633528269934,0.8452612468269933
213,3.335181605,3.371185197681084,0.03600359268108422
222,4.232044192,4.222207540683498,0.00983665131650202
233,2.924431595,2.7943711128636783,0.13006048213632182
240,7.307492436,5.993876343461155,1.3136160925388456
248,3.787628062,3.524149096035257,0.26347896596474296
250,4.941171677,4.179380751072518,0.7617909259274818
253,4.054398261,4.815947902419496,0.7615496414194958
254,4.462175445,4.526522476579148,0.0643470315791479
294,5.007827309,5.310762623078094,0.3029353140780948
336,3.924008762,2.9814330114627037,0.9425757505372965
381,3.871304573,3.911988908293502,0.040684335293502016
382,4.181635406,3.812021234777381,0.36961417122261864
402,2.137742048,2.566548331773623,0.42880628377362306
414,3.948851379,3.943795505540064,0.005055873459935967
422,5.335057523,3.776138451172591,1.5589190718274089
423,2.091380654,2.3072490557978615,0.2158684017978616
424,3.839638975,4.19404996892151,0.35441099392150965
425,3.766619166,3.960551330892077,0.1939321648920771
426,1.889741378,2.4493237666031993,0.5595823886031992
447,3.541719974,3.77853918027186,0.23681920627186015
449,6.170365184,5.586199194808563,0.5841659891914368
467,3.942508754,3.510432612429394,0.4320761415706058
470,2.812857088,3.201013357749256,0.3881562697492562
479,3.685979528,3.6748654696771745,0.011114058322825304
513,3.167876338,3.2688582368304053,0.1009818988304052
525,4.817161221,4.076899141723659,0.7402620792763415
544,3.578840586,3.527580156802507,0.051260429197493185
554,2.723734902,3.1162189655875556,0.3924840635875557
566,4.089816125,4.181857589058462,0.09204146405846281
567,2.870153628,3.889282316573657,1.019128688573657
573,3.325503254,3.4266279159195574,0.10112466191955738
586,3.556282938,3.4827739437144953,0.0735089942855045
587,1.683839471,2.148371698488173,0.46453222748817313
595,5.837828244,3.991679441404673,1.846148802595327
609,3.262564086,3.5100104656209243,0.24744637962092453
612,3.690395292,3.6096387440480475,0.0807565479519523
613,3.342217135,3.022999745545387,0.31921738945461264
615,3.37927192,3.1428311528320703,0.2364407671679296
619,3.462803649,3.259430062370474,0.20337358662952587
648,1.315746497,1.9386585220870636,0.6229120250870637
670,4.125292997,3.852229523585318,0.27306347341468173
698,2.486175353,2.9407388535579284,0.45456350055792827
702,3.951761984,3.8207071309633522,0.13105485303664777
704,3.319281339,3.394801412575486,0.07552007357548574
710,1.957926387,2.526061758616742,0.5681353716167421
716,3.279130588,2.3254683845797923,0.9536622034202078
722,2.000487859,2.32153144751105,0.32104358851104964
725,1.919521579,2.3168034240360558,0.3972818450360558
767,3.783840193,4.198153567848837,0.4143133748488368
790,4.359774472,4.033962895315859,0.3258115766841412
792,2.877351016,3.604826311281386,0.7274752952813861
796,2.995720485,3.1200323967460646,0.12431191174606449
797,3.01755561,2.867632541732014,0.14992306826798618
810,5.121013098,4.43026984686332,0.6907432511366798
813,2.651625933,3.259817168893125,0.6081912358931247
816,2.336537702,2.6109246157271864,0.27438691372718615
820,3.770245539,4.0839177171318815,0.31367217813188164
831,4.000506382,3.418084424401057,0.5824219575989433
834,5.348949078,4.100729816468061,1.2482192615319398
835,0.832698709,1.8944397049174904,1.0617409959174904
836,4.621654217,3.9887784970698936,0.632875719930106
838,3.749804805,3.084570907795293,0.6652338972047072
842,3.772088521,3.016867017393147,0.7552215036068533
843,3.326761752,3.212652944407122,0.11410880759287778
850,2.293611638,2.2833982447272327,0.010213393272767046
851,2.680404494,2.52708610197596,0.15331839202403996
855,3.22922379,4.098122050746907,0.8688982607469073
865,1.318469136,3.292356931256933,1.9738877952569331
871,3.445095558,4.227831088008669,0.7827355300086691
874,3.647706525,3.7236787366152444,0.07597221161524459
880,3.650305788,3.646189156501545,0.004116631498454648
883,2.932961114,3.0598059589260242,0.12684484492602444
888,2.715599485,2.633077971698028,0.08252151330197188
897,3.587005004,3.410191091546466,0.17681391245353373
902,3.263515086,3.4570311564617056,0.1935160704617056
904,4.203132651,4.286467848072502,0.08333519707250225
905,3.703971159,3.4537581312473864,0.25021302775261356
906,3.636811956,3.332726390160548,0.3040855658394519
910,3.041879349,2.80531997478755,0.23655937421244966
920,3.502802527,3.431065584483024,0.07173694251697604
929,2.946637821,3.370376870715785,0.42373904971578513
937,3.134157975,3.137395078163373,0.0032371031633728897
948,3.416836811,3.423393239157896,0.006556428157896033
965,2.993304669,3.301446335905413,0.3081416669054131
970,2.338321155,2.8446646933106843,0.5063435383106842
980,3.121999132,3.4066027758174133,0.2846036438174133
986,2.872551201,3.1307887677890047,0.2582375667890049
993,3.153565899,3.4436718158703052,0.29010591687030507
1009,3.724425096,3.3963616396270604,0.32806345637293965
1014,4.188683236,3.522630118781507,0.6660531172184934
1021,3.305673746,3.3273424209786207,0.021668674978620572
1036,3.576040731,3.475307472192487,0.10073325880751316
1038,3.373577656,3.302733064791993,0.07084459120800712
1041,3.310143637,2.8828959272592396,0.4272477097407603
1048,2.917856385,3.29318548404476,0.3753290990447602
1065,2.494868676,2.8011409295186533,0.3062722535186535
1068,3.314808313,2.74009320783143,0.5747151051685697
1069,3.103553282,3.3565866713244534,0.2530333893244534
1070,3.106968628,2.8545022645946965,0.2524663634053037
1079,3.007891585,2.26806087218058,0.7398307128194199
1080,3.087106492,3.1800664095916664,0.09295991759166622
1108,2.946637821,3.3369633383642303,0.3903255173642304
1109,2.193668518,2.666655617809363,0.47298709980936327
1110,2.438187807,2.5840318829063875,0.1458440759063877
1112,2.909523343,2.864926788744507,0.044596554255492915
1118,3.152631916,3.103652205777461,0.048979710222538664
1119,3.266519145,3.546404471019798,0.279885326019798
1131,2.031754104,2.5578837045538103,0.5261296005538103
1139,2.809963522,2.9215994839942288,0.11163596199422887
1143,3.862392573,3.704378666719082,0.15801390628091827
1162,3.560809635,3.893071699784951,0.3322620647849508
1174,3.779696233,3.9386318224042003,0.15893558940420016
1183,3.071526084,2.8084684762194496,0.2630576077805502
1187,3.952961867,3.6607123381324835,0.29224952886751643
1194,3.097590453,3.177640153567213,0.08004970056721294
1209,4.379464842,3.7239434345086067,0.6555214074913933
1210,3.619344465,3.2000034787195806,0.4193409862804196
1221,5.520013569,4.714496085944253,0.8055174830557466
1240,3.103617408,3.7021924114807603,0.5985750034807604
1246,3.624973848,3.8936949393141798,0.26872109131417954
1256,3.719983593,3.3687713275583118,0.35121226544168804
1266,2.260141566,2.502128802999967,0.24198723699996671
1271,4.119641577,3.853826652866095,0.2658149241339052
1287,3.64758522,3.4942303856480956,0.15335483435190422
1301,1.747596286,2.5663453327650094,0.8187490467650094
1306,4.105784078,3.8617407520605966,0.24404332593940348
1314,4.867303981,3.7303576779810936,1.1369463030189064
1319,3.597463863,3.3984378874973693,0.1990259755026309
1321,2.237671847,2.4466636015035497,0.20899175450354956
1327,2.834206757,3.1600758638208784,0.32586910682087833
1340,4.275441892,4.3636911743528675,0.08824928235286755
1345,4.214487751,3.9523391718398577,0.26214857916014234
1353,2.411280151,3.1262835808459046,0.7150034298459045
1358,2.727143469,2.530658198406907,0.19648527059309284
1363,3.017962644,3.1538622275900705,0.1358995835900707
1368,2.488283467,2.724017790966429,0.23573432396642913
1373,4.500270103,4.875893332881294,0.3756232298812936
1383,3.345786681,3.1395701022209876,0.20621657877901223
1395,2.244447418,2.194422356311,0.050025061688999894
1410,3.952773834,4.043717025965906,0.09094319196590606
1411,4.774303781,3.825051812353284,0.9492519686467165
1415,3.906265042,4.147214164398181,0.24094912239818145
1417,4.411733638,4.116634971645958,0.29509866635404247
1428,4.280088716,4.957348153815849,0.6772594378158487
1437,3.738879546,3.7929720256624466,0.05409247966244646
1438,2.559647826,3.113600747501194,0.5539529215011942
1448,3.40942078,4.045530010426871,0.6361092304268712
1461,4.005850279,3.4358211461633728,0.5700291328366269
1463,4.037956476,3.7344947392662395,0.3034617367337602
1464,3.47284174,3.310713849636103,0.16212789036389674
1467,3.086093812,3.651757264824903,0.5656634528249027
1476,2.875476058,2.948308846684445,0.07283278868444532
1480,2.751851044,3.046439364753814,0.29458832075381425
1487,1.959948066,2.1875170562533985,0.2275689902533986
1497,4.136836456,4.497903212842703,0.3610667568427024
1505,3.238703759,3.6853161710937146,0.4466124120937147
1506,3.821255615,3.8548592025540804,0.03360358755408033
1511,3.300754131,3.61845039943364,0.31769626843363996
1512,3.977427989,3.6058355922597434,0.3715923967402568
1514,3.096881059,3.4073589067507055,0.3104778477507053
1518,3.434029693,4.011897785789012,0.5778680927890121
1533,3.545374751,3.796141674422086,0.25076692342208595
1534,5.762244135,3.787066971594098,1.9751771634059025
1539,4.427951098,4.17692377417057,0.2510273238294305
1542,2.243529144,2.4451129768098827,0.20158383280988268
1543,2.254552911,2.530284002942625,0.2757310919426246
1544,2.233581125,2.8443094464618004,0.6107283214618002
1548,1.885008917,2.2554231698245255,0.37041425282452556
1554,3.648802606,3.8288558689102095,0.18005326291020962
1557,2.745843012,3.1899835880799072,0.4441405760799073
1591,4.032855942,2.732426896057694,1.3004290459423062
1593,3.195489988,3.72526661708105,0.5297766290810499
1596,4.008166435,3.042893698988967,0.9652727360110327
1598,4.38955884,3.3396189795334204,1.04993986046658
1602,2.988017543,3.404286327310066,0.41626878431006586
1612,3.702826736,2.9104386256032995,0.7923881103967005
1619,3.817188788,3.451844279717148,0.36534450828285214
1639,3.860237213,4.031815072703079,0.17157785970307904
1649,2.356862264,2.9211350835704373,0.5642728195704372
1658,3.815782847,3.554986465750599,0.26079638124940097
1675,3.724396356,3.269492352173187,0.45490400382681306
1676,3.335253673,2.9965504842588464,0.33870318874115357
1703,3.007470389,3.2886292616777415,0.28115887267774164
1710,3.418486352,3.569446004122167,0.15095965212216722
1720,2.959994838,2.6481434369212686,0.31185140107873144
1742,2.911593683,3.40990490797285,0.49831122497284985
1743,2.754384744,2.7271268270664613,0.02725791693353896
1748,3.340493689,3.328617842439242,0.01187584656075824
1767,2.46691085,3.0760299969612275,0.6091191469612274
1772,3.726655513,3.6359564229053,0.09069909009470001
1773,3.262315005,3.128241329372343,0.13407367562765726
1780,1.327818309,2.53974330711193,1.2119249981119302
1782,3.528586173,3.2586073905504787,0.2699787824495212
1786,2.733056528,3.610472674473168,0.877416146473168
1787,3.301554451,3.781818460756687,0.48026400975668704
1789,4.389322465,4.314716216746414,0.07460624825358586
1792,3.678523345,3.3944977723427225,0.28402557265727735
1797,3.53848576,3.8419372678824018,0.3034515078824018
1798,2.333642558,3.205465321354318,0.8718227633543179
1800,2.748234071,3.0365678707542205,0.28833379975422035
1810,3.544767178,3.6829911596085356,0.13822398160853577
1822,2.889184545,2.799948989912153,0.0892355550878472
1824,3.728343635,2.8837260675460548,0.8446175674539451
1826,3.920806632,3.5978769137409006,0.32292971825909955
1828,3.474889772,3.4267355842991867,0.04815418770081337
1834,3.542136018,3.454005057798876,0.08813096020112399
1845,3.74878787,3.8154946619271626,0.06670679192716245
1864,2.133692946,3.4693033788495007,1.3356104328495007
1865,2.763877031,3.634481774495341,0.870604743495341
1866,2.091147741,2.177296840435627,0.0861490994356271
1873,3.305673746,3.3462591130855115,0.040585367085511415
1874,3.475791697,2.969369653895689,0.5064220431043109
1879,3.553126338,3.307835892921707,0.24529044507829312
1880,3.320331186,3.662478984769538,0.3421477987695378
1884,3.258076696,3.3440705747580735,0.08599387875807363
1887,3.559823296,3.1752279384729554,0.38459535752704443
1895,3.45679556,3.1997813857099304,0.2570141742900698
1897,3.757466525,3.3669663027765036,0.39050022222349634
1911,2.987037304,3.253935330507204,0.2668980265072043
1920,3.772256492,3.6719560384331187,0.10030045356688122
1938,4.075121354,3.517330561584522,0.5577907924154784
1940,4.842386687,4.512430748989957,0.32995593801004297
1942,2.90218143,3.9977647785347985,1.0955833485347983
1947,4.528376709,3.9135177321904733,0.6148589768095265
1954,3.324352284,3.0084836589565915,0.3158686250434086
1957,2.847990576,3.619914544735077,0.7719239687350772
1962,3.574609941,3.723926681752014,0.14931674075201418
1979,4.018669298,3.785187165093768,0.23348213290623177
1980,2.942052721,3.4223947374640176,0.48034201646401753
1981,2.97012983,3.289852164809045,0.319722334809045
1982,3.669389205,3.438689746474064,0.23069945852593587
1986,2.845662256,2.7166644377967897,0.1289978182032101
2008,3.067337479,2.799011546196634,0.26832593280336603
2017,3.158397677,3.388280561855589,0.22988288485558916
2018,2.915363819,3.2805287571465156,0.3651649381465156
2027,3.915153859,4.023281294112222,0.10812743511222145
2028,3.791383652,3.9232914678600044,0.13190781586000444
2033,3.967933208,4.069521375103122,0.10158816710312202
2034,3.899710504,3.905909308100618,0.006198804100618016
2036,3.817262214,3.8085823903244846,0.00867982367551523
2037,4.013411687,3.562988282075343,0.4504234049246567
2040,3.85322547,3.563083249862145,0.29014222013785496
2046,4.026616169,4.116581044044228,0.08996487504422745
2069,2.924178743,2.8949028329069395,0.02927591009306063
2083,3.712049607,3.748010684776361,0.03596107777636082
2121,2.744450141,3.191476734107152,0.447026593107152
2141,3.277641953,3.3056723933088796,0.0280304403088798
2147,3.338780102,3.2186448940858865,0.12013520791411336
2154,3.631302182,3.828052826433242,0.19675064443324164
2164,4.438978095,3.692428755413971,0.7465493395860294
2166,3.945010414,4.000677448731524,0.055667034731524456
2171,4.263860061,3.8554190422227252,0.4084410187772747
2172,3.812799014,3.9861875005760754,0.17338848657607553
2182,4.233640724,3.8356892443132025,0.39795147968679734
2183,5.336552785,3.730582645204744,1.6059701397952564
2192,4.251768976,4.001223611682712,0.25054536431728813
2193,4.186761452,3.983387550989037,0.20337390101096275
2195,3.371648587,3.3492619324093376,0.02238665459066258
2197,3.517200612,3.336556283152771,0.18064432884722903
2198,2.767094244,2.9709347828897466,0.20384053888974663
2212,2.809092344,3.5304079976042027,0.7213156536042025
2214,4.55720849,3.76926236787029,0.7879461221297097
2222,3.297094885,3.2385032819478967,0.0585916030521032
2227,3.260535549,3.6432353920958707,0.3826998430958706
2239,5.691682543,3.4340274441691254,2.2576550988308743
2249,2.921122654,2.2967006290756817,0.6244220249243182
2252,2.87743254,3.3560136170979797,0.4785810770979797
2263,4.68268301,3.5869311390432355,1.0957518709567644
2267,3.870672566,3.934536110199372,0.06386354419937179
2287,3.745411838,3.7114468700929244,0.03396496790707548
2290,3.471079729,3.6920043124537645,0.22092458345376453
2294,3.82108637,3.5565959005445498,0.2644904694554504
2297,3.33724114,3.1952505341627084,0.14199060583729173
2305,4.587561312,4.391237536989922,0.19632377501007792
2307,3.516976621,2.968800644509284,0.5481759764907159
2321,3.062909827,3.5653155731072026,0.5024057461072027
2341,2.965295796,2.5235311225372583,0.4417646734627416
2349,3.410695908,3.170619598308427,0.240076309691573
2373,3.214669277,3.0890556619590983,0.12561361504090174
2405,3.682261148,3.406387241586759,0.2758739064132407
2410,4.475346678,3.9455733291593114,0.5297733488406888
2416,4.136674916,3.952997522086445,0.18367739391355453
2424,3.931268398,4.04213550194944,0.11086710394944044
2451,4.454413261,4.539575124260835,0.08516186326083464
2456,3.309742511,3.523529856242797,0.21378734524279697
2470,3.466420404,3.6426638693265585,0.17624346532655855
2477,3.871251144,3.926577697535305,0.055326553535305134
2482,3.235936038,2.6357538217130916,0.6001822162869086
2483,3.647722741,4.072997866478872,0.4252751254788718
2487,2.745426147,2.6708411891944093,0.0745849578055906
2493,3.890937484,2.795473406984967,1.0954640770150332
2498,3.580342432,3.153844406137094,0.4264980258629061
2506,3.284977863,3.209108430630246,0.07586943236975374
2508,3.6772447,3.2914425765058986,0.3858021234941016
2527,4.065328913,3.7963034113466243,0.2690255016533758
2528,3.835299425,3.274826617545286,0.5604728074547141
2539,3.059108818,3.4751123085353988,0.41600349053539887
2540,3.526726867,3.89759939945645,0.37087253245645035
2543,3.225813081,3.320396622052418,0.09458354105241806
2544,3.114420814,2.6870404322101895,0.4273803817898103
2546,4.563154851,4.200101320383096,0.36305353061690404
2559,4.694968526,4.0266728872507995,0.6682956387492007
2560,4.396858138,3.935987343918279,0.4608707940817207
2561,4.089756006,3.832422357236573,0.257333648763427
2562,3.56840499,3.7045813104107603,0.13617632041076044
2569,4.493926848,4.0986542392045795,0.3952726087954206
2592,3.628470023,3.7502737741036167,0.12180375110361652
2593,3.233125444,3.7558919663340147,0.5227665223340145
2594,3.42667529,3.8419093020157686,0.4152340120157687
2596,2.52328679,2.9588654935172847,0.4355787035172849
2597,2.980502678,4.061146355056224,1.0806436770562242
2601,4.672435988,4.0384686944911525,0.6339672935088476
2602,4.116443543,3.874189428878408,0.24225411412159215
2615,3.664119608,3.8946770833669553,0.23055747536695526
2632,4.16521464,3.353443177858589,0.8117714621414112
2633,3.369368019,3.378405159189378,0.009037140189378068
2634,3.552053008,3.2020148589817135,0.35003814901828667
2640,3.276556006,3.1330777751205,0.14347823087949996
2648,3.597062454,3.4366670278380522,0.1603954261619478
2649,3.619294622,3.7222397667454357,0.1029451447454357
2650,3.487749272,3.5653386211811102,0.07758934918111038
2663,3.948752737,4.167206314788759,0.21845357778875885
2664,4.266590324,4.126228914141489,0.1403614098585111
2669,4.307564554,2.7106105857718115,1.5969539682281884
2675,2.874015667,3.341713705396489,0.46769803839648905
2679,3.744200133,3.576819830996836,0.1673803020031639
2691,3.424160479,3.420973371916802,0.0031871070831983594
2695,2.720686341,2.8824300570485093,0.16174371604850935
2696,3.41618101,3.5112249479415127,0.09504393794151289
2719,2.794611958,3.1519573284169313,0.3573453704169314
2725,3.640118258,3.5971416343905154,0.04297662360948484
2731,3.936285393,4.0416750996603845,0.10538970666038461
2740,3.696311603,4.030413190845527,0.33410158784552735
2743,4.205892483,4.041112981092856,0.16477950190714452
2744,4.023552275,3.9761964331380106,0.04735584186198949
2746,3.965560328,4.039090889166426,0.07353056116642565
2747,4.023552275,4.071788814796564,0.04823653979656406
2748,3.965560328,3.958673895686504,0.006886432313495838
2751,3.95033315,4.060971645259135,0.11063849525913527
2752,3.997341598,4.054347478678516,0.057005880678516085
2756,4.483814487,4.087802891752518,0.3960115952474821
2759,2.615368951,2.9594093727693824,0.3440404217693822
2766,3.676900911,3.5202808365206786,0.15662007447932158
2773,3.600237565,3.5821088388403606,0.018128726159639452
2779,3.048361947,3.286423902772838,0.23806195577283784
2782,3.977481901,3.9191297592863688,0.058352141713631234
2793,4.768947497,4.268993502375445,0.4999539946245548
2822,4.195064839,3.8412437762977665,0.3538210627022331
2823,3.902326653,3.934798601173122,0.03247194817312238
2824,3.931268398,3.93734203568817,0.006073637688170042
2826,3.948752737,4.013234901915911,0.06448216491591063
2841,4.450279908,4.375973182290248,0.07430672570975183
2850,3.773555345,3.699763332053279,0.07379201294672111
2860,3.053494859,3.299426178414796,0.24593131941479562
2871,3.941215725,2.831585192827927,1.1096305321720732
2889,3.410906719,3.4074297838854397,0.0034769351145604865
2900,3.913510535,3.717605621207562,0.1959049137924378
2915,3.843242552,3.9910648422476056,0.14782229024760563
2916,5.039897721,3.633655794844723,1.406241926155277
2917,4.13885824,3.983311291855986,0.15554694814401415
2918,4.139601484,4.072292601612301,0.06730888238769861
2942,3.255605337,3.540985526510157,0.28538018951015687
2948,5.183527428,3.7526282462448193,1.4308991817551804
2949,3.073214741,3.2513890078891245,0.1781742668891244
2970,3.380664601,3.584119723391548,0.20345512239154795
2987,3.492757895,3.349589732846057,0.1431681621539429
2990,3.999277704,3.9815422254724266,0.01773547852757318
2995,1.847826769,2.557270330696067,0.7094435616960668
2997,4.136964818,3.9094659244787646,0.22749889352123542
3000,5.781185434,4.951471748391828,0.8297136856081719
3005,3.632722951,3.3922027660749348,0.2405201849250651
3007,3.681327715,3.733789805311832,0.05246209031183202
3021,3.798728314,3.2829925552585633,0.5157357587414366
3022,2.77377823,3.2381551008962464,0.46437687089624635
3025,3.609426314,4.0771866826303444,0.46776036863034465
3026,2.358431982,3.0160008610407965,0.6575688790407965
3044,4.978068415,3.830579606499508,1.147488808500492
3045,4.164169191,3.8713671556261655,0.29280203537383453
3046,3.512570053,3.149842272243844,0.3627277807561562
3064,3.937912947,4.07604293583001,0.13812998883001004
3078,4.244910435,3.747021596180842,0.49788883881915824
3079,3.418881069,3.1587673856693272,0.260113683330673
3097,3.481713918,3.5003527745684995,0.018638856568499396
3102,3.567815886,3.3384866249949057,0.22932926100509432
3104,3.882702296,3.8448579131649643,0.037844382835035884
3105,3.841617152,4.10071489433455,0.2590977423345504
3111,4.13861196,3.584515072671726,0.5540968873282743
3115,4.248371329,3.541684098450848,0.7066872305491523
3128,3.158956225,3.563131681359754,0.4041754563597544
3137,6.367806959,5.020072819593267,1.3477341394067333
3162,5.066130791,3.824115980692402,1.242014810307598
3181,3.297337822,3.695248580074716,0.3979107580747163
3184,3.269300248,2.820757988035589,0.4485422599644111
3194,4.093191051,4.094613631004327,0.0014225800043270453
3206,2.88827635,3.024390500829111,0.13611415082911105
3209,3.77128918,4.031351395816899,0.26006221581689903
3226,3.840592207,3.297080549979494,0.5435116570205056
3230,3.742250016,3.988710345658528,0.24646032965852793
3236,3.653819436,3.77253736628774,0.11871793028773991
3237,3.699588631,3.8338372332248216,0.1342486022248215
3239,3.575174769,4.1148934724984025,0.5397187034984023
3243,7.640835252,4.378177192791282,3.262658059208718
3261,3.095568386,3.1884850865833956,0.09291670058339552
3266,2.808332788,3.233497360595793,0.4251645725957931
3271,3.061270228,3.035887245307931,0.025382982692069067
3275,3.728062318,3.6411758203038977,0.08688649769610235
3280,3.216561735,3.724121180418647,0.507559445418647
3294,2.196462211,2.6932439880048133,0.4967817770048133
3298,2.971772483,3.067003853860439,0.09523137086043887
3322,3.685343976,3.4732014811331546,0.21214249486684533
3323,3.613209116,3.46300085764871,0.15020825835129026
3324,3.639553345,3.5968015541851974,0.042751790814802515
3333,2.137715722,2.4838017393833547,0.34608601738335487
3341,4.301673206,4.454287032211171,0.15261382621117114
3344,4.612183829,3.3870540164519722,1.2251298125480279
3351,3.043827765,3.484764942820567,0.44093717782056707
3355,3.599172377,3.3627052968442284,0.23646708015577156
3359,3.908967894,3.6325148330437016,0.2764530609562983
3361,3.595178749,3.070573309316263,0.5246054396837372
3366,3.747001349,3.644266095732737,0.10273525326726318
3377,3.389109103,3.201773583659646,0.18733551934035386
3384,3.543754767,3.7013438328954433,0.15758906589544353
3388,3.497515758,3.7576938369132686,0.2601780789132686
3393,4.380760398,4.752872376678889,0.37211197867888934
3395,4.06153965,4.385433366220528,0.3238937162205273
3401,3.637604078,3.709527840802069,0.07192376280206902
3419,2.947979379,2.804151585787877,0.14382779321212302
3428,3.756436409,3.641525331406353,0.11491107759364683
3435,2.845508013,2.649949761837262,0.19555825116273784
3448,3.263150618,3.3986191867579727,0.13546856875797264
3449,3.298061848,3.671327707647554,0.373265859647554
3475,2.840367513,3.067114616104627,0.2267471031046271
3481,3.568680358,3.414436114330905,0.15424424366909495
3485,3.685397813,3.541470629557663,0.14392718344233701
3495,3.091692354,3.1216764991914063,0.029984145191406242
3508,3.18751132,3.3964116568108675,0.2089003368108675
3513,3.010132634,3.1498269958251153,0.1396943618251152
3518,2.864244348,3.4194274432952025,0.5551830952952024
3521,4.312473558,3.7415252977229,0.5709482602770999
3526,3.233716796,3.137139020004675,0.0965777759953248
3541,3.561815326,4.019267754575502,0.4574524285755017
3548,3.536409023,3.508392337802368,0.028016685197632007
3550,3.558584297,3.4127728912531623,0.1458114057468376
3551,2.781487319,2.767727216630426,0.013760102369574145
3563,4.894542264,4.398805653325739,0.49573661067426134
3568,3.48713366,2.6072661020141408,0.8798675579858592
3569,3.225151275,2.5058546231241996,0.7192966518758004
3572,3.458364346,2.929063038441959,0.5293013075580411
3573,3.251686878,2.7336789950133413,0.5180078829866588
3580,3.903591531,3.795879940925008,0.10771159007499209
3592,2.832184022,2.956898176901477,0.12471415490147697
3603,3.766078073,4.042978952001927,0.2769008790019267
3606,3.419651919,3.1884370484494275,0.23121487055057255
3608,2.572934068,3.1772720656152655,0.6043379976152656
3610,3.639646545,3.6281603474030932,0.011486197596906944
3611,2.133957035,3.014059046201165,0.8801020112011653
3613,3.075561559,3.152268831260712,0.07670727226071206
3614,3.578564875,3.5709994248909083,0.00756545010909182
3616,4.259895453,4.472175491760762,0.2122800387607615
3622,4.380848644,3.9031543375450957,0.4776943064549046
3634,4.028720329,3.284507196679942,0.7442131323200583
3635,2.736613374,3.1145128685302916,0.3778994945302916
3646,2.730175438,3.172451195476215,0.44227575747621506
3648,6.421968952,4.925344433579928,1.496624518420072
3649,3.612216196,4.25022641040634,0.6380102144063398
3670,3.541791347,3.8310275896601436,0.28923624266014336
3671,4.164140331,4.358458651158938,0.19431832015893846
3673,3.228574863,3.6006918655691678,0.3721170025691678
3678,4.651705162,4.002881687577745,0.6488234744222545
3679,3.049099254,3.7967392400088564,0.7476399860088563
3690,2.795630123,3.2056258545317866,0.4099957315317866
3710,4.069731745,3.8644704265518808,0.20526131844811957
3729,2.897755345,3.3274529331009775,0.42969758810097725
3732,3.177485196,3.8171140738325358,0.6396288778325356
3756,2.560839751,2.527654091609237,0.0331856593907629
3761,2.935736724,3.7026436903462208,0.7669069663462209
3762,3.003077387,3.7995804921112635,0.7965031051112637
3777,3.708216028,3.6056452945207043,0.10257073347929557
3779,3.440113158,4.342306482844451,0.9021933248444514
3783,2.76311238,2.398069961503821,0.3650424184961789
3787,3.035409724,3.1633894221743244,0.12797969817432442
3789,3.231465975,3.3818654593439677,0.15039948434396777
3791,3.964717927,3.9065437236073053,0.058174203392694857
3801,3.580762105,3.4019709554705027,0.17879114952949715
3810,3.252044885,3.438740389318931,0.1866955043189309
3813,3.574902601,3.854907183126057,0.28000458212605706
3820,4.032331099,3.9698016175120174,0.06252948148798287
3828,2.852517268,3.222507875833749,0.3699906078337487
3829,3.314707589,3.875860934806736,0.5611533458067357
3830,3.487633217,3.4378401765313824,0.049793040468617544
3839,2.646725721,2.6775328480560634,0.030807127056063255
3846,3.236716361,3.74145446911212,0.5047381081121198
3869,3.236716361,3.6668649025420303,0.4301485415420303
3890,3.691460008,3.4574626498783414,0.23399735812165856
3891,3.000581836,3.8852496373522647,0.8846678013522649
3892,2.735391782,3.155954192074201,0.4205624100742007
3896,2.691850662,3.0999002605569856,0.40804959855698586
3901,3.554290095,3.3233791394745347,0.23091095552546514
3907,2.59222882,2.9974334087303394,0.4052045887303395
3931,3.097405791,3.9522339155331077,0.8548281245331077
3971,4.384838256,3.4340450453460285,0.9507932106539716
3973,2.44024412,2.7870636775480593,0.34681955754805927
3979,3.911919571,3.8977290392023285,0.01419053179767138
3982,3.513336529,3.140341410747647,0.3729951182523532
3983,3.687715203,3.692735345554495,0.0050201425544949
3984,3.110668258,3.3884121882371625,0.2777439302371625
3993,3.482697524,3.5338039589254144,0.051106434925414224
4002,3.935675654,3.842925728933365,0.09274992506663526
4005,3.619190366,3.843271097336992,0.2240807313369917
4024,3.287012696,3.5092934190081864,0.22228072300818624
4037,4.375902486,4.348458286920133,0.027444199079867282
4046,5.822625679,5.245977759165356,0.5766479198346435
4058,2.954649805,2.935555878527386,0.019093926472613987
4076,2.957383778,3.107059417763364,0.14967563976336384
4091,2.641107517,3.210180109955579,0.5690725929555791
4098,3.820158232,3.746598323382826,0.07355990861717387
4109,3.29315268,3.3883549863592517,0.09520230635925175
4113,2.916993192,3.4483102974612763,0.5313171054612762
4116,3.261724285,3.363102290194884,0.10137800519488405
4122,3.831313873,3.7867255219446534,0.04458835105534664
4127,3.024027049,3.4509256061081466,0.4268985571081467
4132,4.577559773,4.497490192057247,0.08006958094275252
4134,5.916378329,4.085605528701875,1.8307728002981243
4142,2.680054922,2.922406216643276,0.24235129464327576
4144,3.431828245,4.628423318552131,1.196595073552131
4150,4.000369427,4.126421765468404,0.12605233846840402
4156,5.518027893,3.9326720255630776,1.5853558674369226
4160,6.105684889,4.8065639329906125,1.2991209560093875
4161,3.409275195,3.7778014798973327,0.3685262848973325
4187,4.031437075,4.079301283116855,0.04786420811685499
4189,4.221019076,4.0827957366196355,0.13822333938036468
4191,3.987369485,4.2150318916852925,0.22766240668529258
4192,3.995375383,4.297786990615546,0.30241160761554653
4193,3.791818423,4.06565321690851,0.27383479390850995
4212,3.657214687,3.505137879988394,0.15207680701160609
4220,6.011090919,4.945189229089655,1.065901689910345
4223,3.072168601,5.271906071106687,2.199737470106687
4224,6.624279991,5.361499975747339,1.2627800152526607
4227,6.808607186,5.202189583444777,1.606417602555223
4285,5.377098883,4.264575109968868,1.1125237730311328
4289,5.086048237,3.8996700707548797,1.1863781662451203
4300,3.863340081,3.892829290229798,0.029489209229797808
4301,3.664519895,3.8438052786394312,0.17928538363943103
4303,3.828606197,3.7961640372139365,0.032442159786063574
4304,3.904761572,3.818893884096458,0.08586768790354204
4305,3.820426306,3.887570462853013,0.06714415685301311
4307,3.772407929,3.8272245909529334,0.054816661952933554
4310,3.868388723,3.7914099200325713,0.07697880296742854
4315,3.716966273,3.8922368683403947,0.17527059534039457
4316,3.777343954,3.931387087947738,0.15404313394773794
4354,6.312384142,3.997694843128434,2.314689298871566
4355,3.909666041,3.1407137352500007,0.7689523057499992
4383,4.754935763,3.545234714598449,1.2097010484015507
4388,6.232689718,4.102131484136663,2.1305582338633364
4405,4.201563277,3.9569728248581435,0.24459045214185648
4406,4.042019547,4.06353714209624,0.021517595096240072
4408,2.092283794,2.5624200484458948,0.4701362544458947
4416,4.146703095,3.9186688032041506,0.22803429179584978
4434,2.931502366,3.0406604373611774,0.10915807136117728
4435,2.969326159,3.0340395450051054,0.06471338600510546
4444,2.890056495,3.4965839060275834,0.6065274110275833
4447,2.937079657,3.6861489519246198,0.7490692949246198
4464,4.202224295,3.2592998689685584,0.9429244260314413
4478,3.915366853,3.7900322064131933,0.12533464658680682
4498,3.732996528,3.563608642360425,0.16938788563957496
4502,3.39841747,3.5947130257239057,0.19629555572390567
4517,4.039023429,3.9501229186915894,0.08890051030841084
4527,3.118233486,3.4972166903429636,0.37898320434296373
4545,3.942544386,3.8462044302490486,0.09633995575095122
4548,3.241382095,3.641883890165409,0.40050179516540885
4551,3.685791483,3.685400623372435,0.00039085962756502113
4554,3.826500554,3.7219230792894202,0.10457747471057965
4557,3.843825867,3.798004132288164,0.045821734711835926
4560,3.562974132,3.6704664804698544,0.10749234846985445
4562,3.493976597,3.7433158226917285,0.2493392256917284
4564,3.645903991,3.8651832533677526,0.21927926236775264
4569,4.111966495,3.9721153709140005,0.13985112408599942
4594,3.303520037,3.399693328306881,0.09617329130688068
4604,4.029499729,3.9947024064519376,0.03479732254806267
4605,3.788775157,4.284276108862868,0.49550095186286836
4611,3.661086593,3.936269028688813,0.27518243568881307
4615,3.834754404,3.7736590689571536,0.061095335042846255
4617,3.591716355,3.6072006810648776,0.015484326064877596
4618,3.585630654,3.8327020618716947,0.24707140787169468
4625,3.764015925,3.6138615674636867,0.15015435753631312
4635,3.645749668,3.914506605860206,0.2687569378602057
4642,3.369745808,2.977631069506486,0.39211473849351375
4644,3.842774954,3.866849833072235,0.024074879072235156
4680,3.7484717,4.285433457023483,0.5369617570234833
4686,4.13271851,3.5805271060771857,0.5521914039228144
4692,4.216561735,3.805934407625496,0.4106273273745038
4694,3.952039724,3.8120713378274393,0.1399683861725607
4699,3.038392735,3.2968001162489937,0.25840738124899376
4705,3.771329585,3.675409905101965,0.09591967989803507
4707,4.554625237,3.9173331947261034,0.6372920422738964
4710,3.727023261,3.5872997261149346,0.13972353488506517
4711,3.968492955,3.561658539709253,0.40683441529074704
4717,4.453972347,3.8302230504734363,0.6237492965265634
4718,4.373097301,4.0956136234303875,0.2774836775696121
4722,4.300631051,4.4190696349924,0.11843858399240048
4728,3.93856054,3.9012385917394514,0.03732194826054869
4730,3.873802883,3.336150408588504,0.5376524744114963
4801,3.535606027,2.9603684457617696,0.5752375812382304
4835,3.335253673,3.285552364564729,0.049701308435270874
4838,3.693481646,3.625898952733287,0.06758269326671273
4863,2.348071648,4.689210698103414,2.3411390501034144
4871,3.111985907,4.864099786463248,1.7521138794632476
4874,2.89115943,2.9742846497771724,0.08312521977717235
4876,4.561929384,3.4948484261172776,1.0670809578827223
4883,4.550157664,4.076312833709897,0.47384483029010305
4889,4.210141876,4.02799136406548,0.1821505119345197
4890,4.961363026,4.515883619999813,0.445479406000187
4897,3.658780154,3.6831405411649554,0.024360387164955366
4898,4.370533906,4.038026945237217,0.3325069607627835
4899,4.378512971,3.966253808105009,0.412259162894991
4901,4.051797052,3.8875684476291976,0.16422860437080278
4917,4.319381384,3.9895042350815824,0.32987714891841735
4924,2.491166045,3.0111562169992907,0.5199901719992908
4925,3.08658376,3.4616116337357434,0.37502787373574353
4926,2.864486673,3.3383984199800865,0.4739117469800864
4934,3.703637923,3.97936487861736,0.27572695561736005
4950,2.061056457,3.3513058772878894,1.2902494202878896
4952,4.229782919,3.8775622282821187,0.3522206907178811
4953,4.158238218,3.7753566290335225,0.3828815889664776
4964,3.463074371,3.7726177095048925,0.3095433385048927
4969,2.949324939,3.2796185289501443,0.33029358995014446
4982,2.864486673,3.554395128787765,0.6899084557877648
4984,3.113753753,3.4853985342753226,0.3716447812753225
4988,2.770631128,2.8076842997316476,0.03705317173164735
4993,3.091700168,3.4797036252995053,0.38800345729950525
4994,2.889184545,2.7595050419519596,0.12967950304804043
5004,3.511802221,3.290505875400602,0.22129634559939815
5006,4.241504538,3.5274843751804488,0.7140201628195513
5007,3.924531788,3.856691127164784,0.06784066083521578
5008,3.90370582,4.033663169974054,0.12995734997405428
5016,3.797004608,3.8477467904525966,0.05074218245259665
5017,2.791881954,3.3473953899551585,0.5555134359551586
5045,3.528653889,3.9351593450986826,0.4065054560986825
5047,3.598683053,3.6519781434596292,0.053295090459629435
5052,3.944427335,3.8939181231489446,0.05050921185105528
5053,4.122785005,3.966471537964583,0.15631346703541693
5054,4.234335684,3.8409532839325675,0.39338240006743286
5055,4.251600137,3.89196759853874,0.35963253846125953
5059,3.441482168,3.2865260541897006,0.15495611381029928
5066,3.005349753,3.1274648167446264,0.12211506374462644
5070,2.720686341,3.1451997755906964,0.42451343459069646
5077,3.580976406,4.010718969792255,0.42974256379225517
5078,3.177677555,3.340666818679402,0.16298926367940236
5080,3.139754935,3.6957612552603485,0.5560063202603485
5095,3.55140207,3.3615160905086365,0.18988597949136343
5099,4.900965476,5.139077558770994,0.2381120827709946
5100,4.09404566,3.8197408172010996,0.27430484279890033
5101,4.74297606,4.0101984565196,0.7327776034804003
5107,3.683702372,3.8244442024008807,0.14074183040088073
5108,3.614181235,3.9589851930719355,0.3448039580719353
5111,3.347464767,3.639118097104098,0.291653330104098
5113,3.539613282,3.8545273018947213,0.31491401989472134
5114,3.396166745,3.587301894304628,0.19113514930462827
5115,3.383377323,3.529211200733562,0.14583387773356193
5118,2.971294851,3.1303668752880833,0.1590720242880832
5120,6.300211233,4.038016114068471,2.262195118931529
5123,3.730402708,4.019018529725196,0.28861582172519595
5125,3.469032207,3.7220539702390445,0.25302176323904435
5138,3.733545825,3.713953599554987,0.019592225445013156
5139,3.546592849,3.8342554317533604,0.2876625827533603
5145,3.605542642,4.2001125045612575,0.5945698625612574
5157,3.794701622,3.7694333231160306,0.025268298883969198
5160,3.335110297,3.286301983555849,0.04880831344415082
5163,3.110216125,3.3688666954136846,0.25865057041368456
5175,5.543362568,3.177243559450529,2.366119008549471
5182,2.931686654,3.6869494141952686,0.7552627601952686
5189,3.585821062,3.8914440840557316,0.30562302205573166
5193,3.77225053,3.9808604542460437,0.20860992424604374
5194,3.733953328,3.807048163426413,0.07309483542641271
5208,4.537859247,4.394089110310176,0.14377013668982386
5213,5.176711988,4.524613659067149,0.6520983289328512
5215,4.753466114,4.437042367223864,0.3164237467761364
5217,5.19936362,5.305709347151836,0.10634572715183666
5218,5.294449268,4.771625775192637,0.5228234928073627
5236,3.804534685,3.8394973605114133,0.03496267551141319
5239,3.085304456,3.458181508397591,0.37287705239759106
5240,3.943936719,3.2088073775828705,0.7351293414171294
5250,3.91970031,3.7441334778297186,0.17556683217028146
5251,3.633885898,4.302343327003893,0.6684574290038929
5257,3.121205173,3.591127148183213,0.4699219751832131
5261,3.770065413,3.51098252523146,0.25908288776854027
5263,3.704240934,3.8291496506878073,0.12490871668780734
5266,2.827527685,3.267905484833156,0.44037779983315595
5267,4.454946437,4.317570996126095,0.13737544087390496
5282,3.039964075,3.757670731581922,0.7177066565819223
5284,4.720168246,4.686204031152791,0.03396421484720946
5286,2.846746928,2.5084123744080085,0.3383345535919915
5305,4.255885418,4.185960953989507,0.06992446401049346
5306,4.194799681,3.633205982403566,0.5615936985964343
5315,4.658001538,5.266957113410214,0.6089555754102145
5322,3.298298101,3.3763883697315147,0.07809026873151481
5325,5.066068121,5.103734235536763,0.03766611453676294
5345,3.965417795,3.5925168378796166,0.3729009571203834
5352,3.484463559,3.530907628129639,0.046444069129639054
5358,4.046139657,3.6958686283296798,0.35027102867032056
5360,3.770723977,3.4991752652061177,0.2715487117938822
5361,3.942120115,3.598571186146961,0.34354892885303867
5380,3.166865736,3.2999145941990973,0.13304885819909718
5398,4.30560929,3.7805177065036033,0.5250915834963963
5413,3.593970944,3.836823934940083,0.24285299094008295
5414,3.711091248,3.8730306231965854,0.16193937519658563
5422,3.911417275,3.9504606640908055,0.039043389090805736
5426,2.854618309,3.745901247469066,0.8912829384690659
5427,3.360821133,4.021936721469302,0.6611155884693023
5429,3.10506336,3.4695982029531693,0.3645348429531694
5430,3.480281628,3.3580904897703743,0.1221911382296259
5434,2.924075304,2.830832226589039,0.09324307741096094
5436,3.580340394,3.7073203991134607,0.12698000511346086
5448,2.94321932,3.102040601771416,0.15882128177141608
5467,4.670021133,5.686382482979795,1.0163613499797952
5490,3.73736294,3.8945139818647445,0.15715104186474438
5491,3.611949369,3.9217849593125655,0.3098355903125656
5505,2.629333596,3.3301830806840282,0.7008494846840283
5513,6.103605679,4.836446450194673,1.267159228805327
5523,3.441044504,3.590097308938207,0.14905280493820694
5530,3.485313197,3.532982406383113,0.04766920938311303
5539,2.924851764,3.3449203569457975,0.42006859294579746
5546,4.614178419,4.68505451274247,0.07087609374246995
5547,4.117930525,3.501951558894032,0.6159789661059683
5564,3.134030405,3.682446478807899,0.5484160738078994
5565,3.058934428,3.7605075623307904,0.7015731343307903
5566,3.06267164,3.7984052979165184,0.7357336579165183
5567,3.242194837,3.7991986627413175,0.5570038257413175
5627,3.306227367,3.486977931962992,0.18075056496299213
5634,3.356371566,3.679953912109939,0.32358234610993897
5642,3.037797914,2.663827590365509,0.3739703236344911
5644,3.777338359,3.723680651282303,0.053657707717696734
5648,4.370059499,3.8622033077979614,0.5078561912020385
5676,3.477780239,3.8327363148689,0.3549560758689001
5682,3.357739061,3.450934839276041,0.09319577827604064
5707,3.80293393,3.6918990737752715,0.11103485622472853
5710,3.568850724,3.731816265597426,0.16296554159742627
5715,3.633209454,3.7673507472237704,0.13414129322377022
5721,3.994777457,3.9511721325948304,0.04360532440516973
5729,3.85963915,3.6518721399750307,0.20776701002496933
5730,3.902127269,3.790504780268416,0.1116224887315842
5731,3.847190015,3.676946195387918,0.1702438196120819
5747,3.463002594,3.1083047327484543,0.3546978612515459
5751,4.556228532,4.023983827647765,0.5322447043522356
5761,5.163457496,4.576956433387866,0.5865010626121343
5778,2.937802962,3.7539733729497704,0.8161704109497703
5786,2.573766209,3.658338697264362,1.084572488264362
5787,3.56041995,3.711310371503143,0.15089042150314302
5817,3.380893814,3.3723664852182997,0.008527328781700483
5824,4.163203629,3.8733754297084646,0.28982819929153525
5826,3.639857712,4.0514696595448525,0.41161194754485253
5828,3.92853809,3.4905688895855524,0.43796920041444753
5841,3.744616538,3.946509118837798,0.20189258083779826
5861,4.491158041,4.349107257338921,0.14205078366107937
5865,4.464119778,4.415434998952055,0.04868477904794499
5876,3.10382204,2.869216647559693,0.23460539244030665
5887,4.126869335,4.666737937556664,0.5398686025566635
5888,3.283278401,3.719095076982726,0.4358166759827258
5897,4.253841805,3.1242320508902184,1.129609754109782
5918,3.951940655,4.532049772077073,0.5801091170770731
5919,3.951940655,4.46997814859067,0.5180374935906698
5933,3.674657784,3.625604463370694,0.04905332062930601
5934,4.234976812,3.646334468455,0.5886423435450001
5935,3.234976812,3.6709668395763084,0.4359900275763082
5947,3.833903757,3.9043184746573965,0.0704147176573966
5960,4.451956232,3.39061207617444,1.0613441558255596
5962,3.399080704,3.5921882143008004,0.1931075103008002
5965,4.470454594,3.9962069285420885,0.4742476654579111
5985,4.903619503,3.7574414307306943,1.1461780722693056
5991,3.846454199,3.625075398318409,0.22137880068159088
5992,3.579029912,3.926078577240828,0.3470486652408278
5995,3.49238618,4.148494620132067,0.6561084401320669
5997,4.936463852,5.157540508369854,0.22107665636985363
6016,3.463002594,3.0700658897801754,0.39293670421982485
6017,2.724900913,3.148156844937051,0.42325593193705124
6022,4.536506293,4.275614169624363,0.26089212337563783
6033,4.494402758,4.491170348590107,0.003232409409892334
6034,4.754929591,4.11621152025539,0.6387180707446101
6035,3.783234897,3.7560251811435403,0.027209715856459482
6039,3.400113927,3.6677194734924496,0.2676055464924496
6040,3.699564794,3.690882745118181,0.008682048881818893
6044,3.158225228,3.5958538664530018,0.4376286384530017
6055,3.80084018,3.8318595814301033,0.03101940143010351
6067,3.641080858,3.470518674328162,0.17056218367183806
6068,3.641080858,3.4264037860177665,0.2146770719822335
6069,3.214320921,3.7873508514241,0.5730299304241
6070,3.391948211,3.7896431213180612,0.39769491031806137
6073,4.824970048,4.139732544363192,0.6852375036368077
6074,3.700823397,3.4137784689579416,0.2870449280420586
6075,3.367421153,3.5472381822213075,0.1798170292213075
6083,3.369672978,3.24017913021013,0.12949384778986994
6089,3.22000488,3.4819387606869605,0.26193388068696066
6090,3.727089358,3.458643104388146,0.26844625361185415
6100,2.924825258,3.515199588691182,0.5903743306911822
6109,3.599221666,3.5941705027257833,0.00505116327421673
6112,3.06287462,4.1946701768194865,1.1317955568194864
6113,3.736443427,3.646461119992743,0.0899823070072574
6154,3.954230165,3.769356034621064,0.18487413037893585
6173,4.150601672,4.061223514172879,0.08937815782712022
6174,3.823242738,3.7150216695982814,0.10822106840171841
6175,3.849426785,3.7961309632757922,0.05329582172420766
6176,3.762018905,3.9061113332333943,0.1440924282333942
6177,3.72463294,3.866889720678233,0.14225678067823333
6180,3.667952338,3.6781738546351073,0.010221516635107175
6187,3.821398225,3.645264249123103,0.17613397587689672
6196,3.524310331,3.4616957213571555,0.0626146096428446
6204,3.586395439,3.168210973657725,0.41818446534227505
6205,2.4066246,2.9627050739073746,0.5560804739073748
6211,3.000614815,3.276657919015822,0.27604310401582177
6214,4.033697114,3.748965617827945,0.28473149617205484
6218,3.277210951,3.0135076809793304,0.2637032700206694
6226,3.158034924,3.11540993504135,0.042624988958649634
6234,3.149261,3.251393770216004,0.10213277021600398
6244,3.576426046,3.0869062883156575,0.4895197576843424
6246,2.872279322,3.0536537327840723,0.18137441078407246
6251,3.207656332,3.1359719058650692,0.07168442613493076
6253,3.174016865,3.073578498594031,0.10043836640596915
6255,3.400305205,3.1467414904789743,0.25356371452102566
6262,3.917695833,3.716298954977453,0.20139687802254658
6271,3.531127507,3.780153382699893,0.2490258756998931
6272,3.323590326,3.6190404426348324,0.2954501166348322
6273,3.774165556,3.6723782612007687,0.1017872947992311
6316,2.653598382,3.134437279865192,0.48083889786519185
6320,3.581462016,3.646194527495093,0.06473251149509274
6324,3.744852656,3.800884265080008,0.05603160908000815
6332,2.417664716,3.5102436586682786,1.0925789426682786
6333,3.638527375,3.482149856018072,0.15637751898192764
6348,3.466141499,3.61018083072513,0.14403933172513028
6349,3.777315798,3.9594185190276647,0.18210272102766467
6358,3.801172873,4.103846334790636,0.3026734617906359
6359,3.745139113,3.7719505116688503,0.026811398668850295
6360,4.422423571,3.8755731160832863,0.5468504549167141
6363,3.406494762,3.518972855102958,0.11247809310295809
6364,3.56410995,3.4444652808688807,0.11964466913111949
6377,2.933077413,3.162182121556457,0.22910470855645704
6383,3.5921798,3.6189625731237687,0.026782773123768866
6409,3.740356615,3.7148589215701917,0.025497693429808344
6412,3.916772022,3.7426286722465627,0.17414334975343726
6439,4.36415775,3.6321935889206514,0.731964161079349
6449,2.917816339,3.0858315781130186,0.16801523911301874
6451,3.015817257,3.1382169933517834,0.12239973635178325
6452,3.077218544,3.149851910453371,0.07263336645337093
6453,3.543454299,3.2044095609093937,0.3390447380906063
6454,3.415784273,3.193412689440176,0.2223715835598239
6455,3.534912241,3.277593130729053,0.2573191102709469
6458,3.428815519,3.423416934002392,0.005398584997608147
6460,3.483557503,3.213433852885103,0.2701236501148969
6463,3.073761106,3.197129175828992,0.12336806982899207
6466,3.13111765,3.4475658315274638,0.31644818152746357
6469,3.889313885,4.0476182538917485,0.15830436889174848
6474,3.292962333,3.3610882231304204,0.06812589013042025
6483,3.039163228,3.4086568231233985,0.3694935951233984
6488,3.017937178,2.9560151888405386,0.061921989159461344
6490,3.046510339,3.7035501388784544,0.6570397998784543
6496,3.696450003,3.713300303876118,0.01685030087611805
6500,3.288977019,3.6195650199065375,0.3305880009065376
6505,3.67394492,3.5530502523480574,0.12089466765194246
6509,4.031016831,4.209113378278767,0.17809654727876723
6512,3.019333268,2.9594350211682996,0.05989824683170042
6532,4.066673222,3.957707778442492,0.10896544355750848
6545,4.590148728,3.7491056324949237,0.8410430955050763
6556,2.328013714,2.5995366216558295,0.27152290765582965
6557,2.558859771,2.8074180307255854,0.24855825972558554
6558,2.781320082,2.7962760551550883,0.01495597315508812
6559,2.129697947,2.6061781626730256,0.4764802156730257
6560,2.114894573,2.5524063158808916,0.4375117428808917
6561,2.166355172,2.548165273246079,0.3818101012460793
6596,4.042063349,3.2380645668271244,0.8039987821728758
6598,3.685181199,3.9048314391395746,0.21965024013957457
6604,3.808998473,3.60793744746093,0.20106102553907013
6616,4.528559441,4.9624452982289835,0.4338858572289839
6617,4.571767044,4.358470293365973,0.21329675063402664
6633,4.729113679,3.742246758638991,0.9868669203610092
6634,4.120523081,3.913759914151725,0.20676316684827478
6642,2.451321968,2.406553182309416,0.04476878569058362
6664,3.55756334,3.9936129644189013,0.43604962441890116
6677,3.146971585,3.16567127129387,0.018699686293869977
6679,3.439888235,3.4131976820455585,0.02669055295444167
6680,3.471053224,3.6141381676538495,0.14308494365384972
6681,2.892571754,3.356527382292761,0.4639556282927608
6687,3.229276448,3.5377404551462934,0.30846400714629363
6688,3.587702548,3.571834469125013,0.0158680788749872
6693,3.879055476,3.93605215216834,0.05699667616833981
6694,3.572900981,3.779943892047713,0.20704291104771277
6698,2.552497871,3.570445960858185,1.017948089858185
6699,3.63351769,3.5922531673018816,0.04126452269811853
6701,2.548482232,3.5337022019062925,0.9852199699062925
6703,3.18976254,3.552521816061722,0.362759276061722
6705,3.581458966,3.5512924192121424,0.030166546787857573
6708,3.563983615,3.548440489823366,0.015543125176634032
6712,3.649084045,3.5903954116362007,0.05868863336379926
6713,2.442219689,3.5565183698439173,1.1142986808439175
6714,3.582365167,3.6213027827323083,0.03893761573230847
6717,3.260918999,3.4125351463122624,0.15161614731226258
6723,3.761053267,3.9814551065077985,0.22040183950779868
6740,3.431722762,3.6774068797833794,0.24568411778337929
6747,3.717349239,4.075543368249245,0.3581941292492452
6748,4.473601307,3.9929628515452027,0.48063845545479733
6805,3.097503722,3.2200900220120086,0.12258630001200865
6806,4.227196167,4.221351239739261,0.005844927260739041
6834,3.097968896,3.5621958027777114,0.4642269067777116
6837,3.033473453,3.1826035792240277,0.14913012622402766
6854,2.99641042,3.6345481491949108,0.6381377291949106
6857,3.856084118,3.3019442584072443,0.5541398595927558
6858,4.407921762,3.605486264115425,0.8024354978845749
6868,2.89763787,2.934354636392979,0.03671676639297905
6872,3.823867171,3.6949339404131996,0.12893323058680028
6884,4.036149909,3.8486857927326468,0.18746411626735293
6892,3.381188819,3.740847893421555,0.35965907442155487
6900,3.86652178,3.676786914269781,0.1897348657302187
6901,3.237013932,3.54817781498623,0.31116388298623
6903,4.858777737,3.3566106440078065,1.502167092992193
6912,3.73808656,3.772114891712562,0.03402833171256203
6913,3.717734383,3.6733980642140587,0.04433631878594113
6919,2.042035276,1.9553382531900736,0.08669702280992642
6939,4.01848517,3.786885503215608,0.2315996667843918
6952,3.812009083,3.8405527341573427,0.028543651157342698
6953,3.142020096,3.3292679138226604,0.18724781782266042
6954,4.259444918,4.354970405532876,0.0955254875328766
6980,3.238595781,3.653575174597905,0.41497939359790514
6987,2.915552254,3.0790533900435344,0.16350113604353433
6999,4.212664957,4.139486509339262,0.07317844766073822
7017,2.784302894,2.6766163993385503,0.10768649466144975
7018,2.769886762,2.726151657791732,0.043735104208268094
7019,2.530297719,2.483107189213155,0.047190529786845126
7020,2.167323554,2.75842233041043,0.5910987764104298
7021,2.33544085,2.5166012180002,0.1811603680002003
7022,2.667645729,2.7600786136483535,0.09243288464835331
7026,3.142782927,3.120122987647407,0.022659939352593028
7036,2.613858289,2.6380838657675896,0.02422557676758963
7038,2.733936167,2.80796455306628,0.07402838606628004
7044,2.993166563,2.9427105323403366,0.05045603065966331
7052,2.236476612,3.3752331961249036,1.1387565841249034
7059,3.4581162,3.6172949233505043,0.1591787233505042
7060,3.73389339,4.0077802154962425,0.27388682549624255
7064,2.719101232,2.6679175383421243,0.05118369365787556
7065,2.573467108,2.608715880685496,0.0352487726854962
7078,2.109686622,2.2559571167336285,0.14627049473362863
7081,3.375303229,3.398018566525421,0.022715337525420765
7110,5.210157938,5.167894455550452,0.04226348244954803
7115,2.110357662,2.698596892322132,0.5882392303221318
7116,2.205867896,2.9313048929670895,0.7254369969670895
7121,3.946779664,3.826791401706326,0.1199882622936741
7123,4.531253847,3.771430019168087,0.7598238278319132
7144,1.97475691,2.400592483280973,0.4258355732809731
7147,3.011147361,3.448914919981162,0.43776755898116226
7150,2.979476109,3.284986321754815,0.30551021275481505
7151,3.167905575,3.218188847788883,0.05028327278888334
7157,3.747106114,3.8446669018366286,0.09756078783662847
7159,2.959632775,2.979225930918142,0.019593155918141925
7160,2.669386175,3.2906270560417306,0.6212408810417305
7176,4.109192336,4.17329035999171,0.06409802399171038
7207,3.110880826,3.4998643913986425,0.38898356539864265
7212,2.516871993,2.930698637468008,0.4138266444680081
7214,3.512235999,4.161790350091966,0.6495543510919659
7219,4.885376333,5.175368933894768,0.2899926008947684
7232,3.181387784,3.3583429581919333,0.1769551741919333
7239,3.90154459,3.5759200396197217,0.32562455038027815
7242,3.512558841,3.582236239871455,0.06967739887145497
7246,3.649256024,3.6668879134805383,0.017631889480538288
7248,3.633702526,3.633085777042112,0.0006167489578881025
7249,3.86405994,3.693773472900271,0.17028646709972906
7250,3.615218234,3.5908530223861757,0.02436521161382421
7251,3.761397598,3.7586108267513785,0.002786771248621367
7256,4.183311464,3.5545694806549157,0.6287419833450842
7259,4.255862131,3.6159209490903352,0.6399411819096645
7265,3.484069528,3.3893322709259093,0.09473725707409075
7269,3.192379559,3.337476695203431,0.145097136203431
7270,3.464337724,3.4283043782397886,0.03603334576021133
7273,2.54525471,2.731170374694223,0.18591566469422283
7275,2.792886993,2.7300450558256992,0.06284193717430098
7300,3.56202294,3.904199020233789,0.3421760802337892
7303,3.487023303,3.649759721286153,0.16273641828615304
7311,2.144293316,2.9308536900098887,0.7865603740098885
7328,3.137684171,3.2121516922971214,0.07446752129712131
7344,2.285114476,2.971658352289575,0.686543876289575
7347,3.116318044,3.3755737526732013,0.25925570867320147
7350,2.348731158,2.184974676627058,0.1637564813729422
7352,3.52848984,3.789360818506381,0.26087097850638097
7356,3.47457662,3.5265695997998163,0.05199297979981621
7360,2.990532585,3.663509956326454,0.672977371326454
7363,3.681737291,2.86364880482777,0.81808848617223
7364,3.934132176,4.0702125763796015,0.13608040037960167
7366,3.621982447,3.8777362527896413,0.25575380578964113
7367,3.3422835,4.305072720931026,0.9627892209310258
7368,3.630895595,3.7716068676234515,0.1407112726234514
7370,3.392209915,3.4943382545660135,0.10212833956601353
7371,3.699700276,3.7140635352879667,0.014363259287966557
7373,4.172858901,3.884884387514616,0.2879745134853837
7378,2.850729176,2.690299617127809,0.16042955887219135
7382,2.459367354,2.5804442786792725,0.12107692467927267
7384,2.243202827,2.2534387903981354,0.010235963398135262
7400,3.44811862,3.8695821727554387,0.4214635527554389
7407,4.128034241,3.6808309049184684,0.4472033360815315
7409,3.425848742,3.802583995201072,0.37673525320107215
7417,4.126425006,3.85194558343839,0.2744794225616096
7453,4.635392002,4.148747757865448,0.48664424413455176
7455,3.828656445,3.4635682677154858,0.36508817728451426
7472,1.958489225,2.1975598301815022,0.23907060518150236
7488,4.054938462,3.830928447181913,0.22401001481808702
7491,4.531127507,3.7077426537774154,0.8233848532225845
7492,4.178921634,3.66806849026422,0.5108531437357797
7494,4.079751888,3.888782984632346,0.19096890336765382
7538,2.730157562,3.005783742299092,0.275626180299092
7539,3.103229602,3.2391000198734177,0.1358704178734178
7542,2.859069814,3.114943213303228,0.25587339930322806
7554,2.861601716,3.2430166468460575,0.3814149308460575
7562,4.033233962,3.8682005046246988,0.16503345737530095
7563,4.651875727,3.584585845077976,1.067289881922024
7564,3.871502048,3.7695471009108017,0.10195494708919828
7565,4.637157377,3.9942687353488875,0.6428886416511128
7566,4.403283566,3.8690505870077674,0.5342329789922324
7576,3.446234174,3.6779754723701443,0.23174129837014412
7581,3.467507474,3.7092999099089488,0.24179243590894872
7586,4.139679727,3.459753006851781,0.6799267201482189
7607,4.070225589,5.232909355619078,1.1626837666190788
7610,3.39447556,3.3237833944567297,0.0706921655432704
7626,3.876869124,3.4897431568031543,0.3871259671968459
7637,3.524371453,3.5977727167629685,0.0734012637629684
7671,4.222797601,3.893844353739784,0.3289532472602157
7681,3.0462805,3.2262828054581245,0.18000230545812457
7688,3.820191604,3.7801434606162037,0.040048143383796475
7692,3.46970668,3.9844146490638206,0.5147079690638208
7694,3.620310839,3.679670875166121,0.059360036166121066
7704,3.427302355,3.7596966720789275,0.3323943170789274
7738,2.97829467,3.1814137200314625,0.20311905003146258
7746,4.093191051,4.143088926835276,0.04989787583527594
7749,3.989612944,3.511981979981668,0.47763096401833227
7755,3.221838616,3.64430818945988,0.42246957345988
7768,3.699625088,3.349646628033188,0.3499784599668119
7771,3.417836912,3.2807380397297807,0.1370988722702191
7776,3.431764735,3.6005348002347803,0.16877006523478055
7816,3.425040794,3.7697983675144653,0.34475757351446523
7819,3.657352979,3.4877260634161202,0.16962691558387988
7844,3.80213298,3.6177585425662757,0.1843744374337244
7847,3.558719282,3.3403305837918134,0.21838869820818685
7853,3.963277704,3.7514598408773328,0.21181786312266704
7859,3.606611658,3.357628514811156,0.24898314318884385
7861,3.756070734,3.5598541617670687,0.19621657223293143
7885,3.865138487,3.872028940362732,0.006890453362732085
7897,3.60082904,3.2463457522769295,0.35448328772307036
7899,3.831619544,3.623219869312154,0.20839967468784604
7901,3.808039383,3.8934516067575182,0.08541222375751811
7902,3.609770794,3.607506481668172,0.002264312331828222
7904,3.538030346,3.3715573137838506,0.16647303221614962
7907,3.204890903,3.521842027338428,0.316951124338428
7944,4.470654664,3.5662914207674707,0.9043632432325288
7947,4.058139372,3.8973019260813855,0.16083744591861482
7948,4.281183033,4.287734387666189,0.006551354666189724
7951,3.14042633,3.2453594707282374,0.10493314072823745
7956,2.682852711,3.2327712387865413,0.5499185277865415
7966,2.377034905,2.2660825432669798,0.11095236173302014
7970,3.73139496,3.9044551497164974,0.17306018971649761
7974,3.566195402,3.688414493977989,0.12221909197798908
7975,3.578663764,3.8344744567637834,0.25581069276378354
7982,3.663708776,3.7592455581938617,0.09553678219386175
7985,3.588282167,3.802296644919235,0.214014477919235
7986,3.705662762,3.780601254984179,0.07493849298417876
7987,3.705662762,3.752912115017461,0.047249353017460916
7988,3.628301722,3.7601726117075467,0.1318708897075469
8017,3.38588202,3.3814033749990373,0.004478645000962622
8019,3.768285018,3.895831188640151,0.12754617064015106
8022,3.412147945,3.3499484907879773,0.062199454212022776
8023,3.379671658,3.5898646075607856,0.2101929495607857
8027,3.604393858,3.7188160632948133,0.1144222052948134
8047,3.061119791,3.3086894689372315,0.2475696779372316
8050,3.86578269,3.746134609954597,0.11964808004540295
8064,3.542903402,3.4435337388533527,0.09936966314664719
8070,4.128652318,3.715524692836628,0.4131276251633724
8091,3.03554091,3.310630344070016,0.2750894340700163
8133,3.447835313,3.6965608567973276,0.24872554379732748
8148,3.501586398,3.788447351291594,0.286860953291594
8150,3.238934869,3.5385898069144517,0.29965493791445175
8176,5.792280955,4.558074600200845,1.2342063547991549
8178,3.576824499,3.41604740579909,0.16077709320091005
8182,2.120833805,2.563512106964983,0.4426783019649827
8183,2.560600709,2.4865504329722636,0.0740502760277364
8189,3.28165594,3.3960524937207595,0.11439655372075963
8194,2.132891135,2.0622183316246074,0.0706728033753925
8195,2.146756068,2.0498448878083617,0.09691118019163847
8236,4.101533413,4.052471985749604,0.04906142725039597
8255,3.565860169,3.7669094025738183,0.20104923357381832
8256,3.519192488,3.7321687272848045,0.2129762392848047
8261,3.841719621,3.6777353961579218,0.16398422484207842
8266,3.648525541,3.4663684432812594,0.18215709771874078
8303,3.639840312,3.4752342529496936,0.16460605905030645
8367,2.868273308,2.7468201288930496,0.12145317910695042
8384,3.057025472,3.432144399823104,0.3751189278231042
8385,3.155900557,3.113558869278849,0.042341687721150656
8390,3.493019651,4.286876412722317,0.7938567617223171
8416,3.477667611,3.725174934539125,0.24750732353912497
8427,5.523228108,3.888196180402725,1.6350319275972747
8452,3.460821697,3.607048849827187,0.146227152827187
8487,4.80031654,4.062348005878025,0.7379685341219746
8491,3.433206885,3.695469584929724,0.26226269992972373
8500,3.651439552,3.5587610650442008,0.09267848695579906
8502,3.167733703,3.318353757976065,0.150620054976065
8505,3.748734572,3.6199434151867447,0.12879115681325537
8506,3.480860419,3.64934382304351,0.16848340404350992
8507,3.685357962,3.8001877157681068,0.11482975376810689
8531,3.517005492,3.9216832259745846,0.4046777339745846
8536,4.349966799,3.849715680093396,0.5002511189066037
8537,4.254574788,4.0574868298491875,0.1970879581508127
8631,2.64671194,3.0252896859636778,0.3785777459636779
8641,3.053689868,3.8755830711400643,0.8218932031400641
8657,4.158194698,3.756447293450377,0.401747404549623
8660,2.774646568,3.1474364798436825,0.3727899118436824
8661,2.845246915,3.309514838696039,0.46426792369603875
8704,4.076334318,4.087713337138657,0.011379019138657576
8730,3.57924611,3.332275479002737,0.24697063099726302
8748,4.148515252,3.8461754678646236,0.30233978413537654
8752,3.908673448,3.8906141565837813,0.01805929141621876
8754,3.859719713,3.8231645569038473,0.036555156096152785
8755,4.02924738,3.806086016230116,0.22316136376988416
8756,4.148360456,3.896963432277474,0.2513970237225256
8757,4.023355361,3.87664596231233,0.14670939868766997
8778,2.559498963,2.8876795048664365,0.32818054186643675
8782,3.866835272,3.9560020095328094,0.08916673753280957
8785,6.725142848,3.755333425567952,2.969809422432048
8819,3.741498664,4.04778728531378,0.3062886213137803
8823,3.970978794,3.832032409739751,0.1389463842602492
8830,3.7971858,4.232018149597673,0.43483234959767314
8831,3.813511094,3.9749849645509765,0.16147387055097662
8834,3.541409843,3.887651216480073,0.3462413734800731
8835,3.916811368,3.7506332621798872,0.1661781058201126
8896,4.519663715,3.4365282905696866,1.0831354244303135
8897,3.949026094,3.9197539154469885,0.029272178553011674
8898,3.661941076,3.5126738306446983,0.1492672453553019
8910,1.458954957,2.519004803124475,1.0600498461244752
8951,4.485008845,3.675491279677041,0.8095175653229592
8952,4.037849891,3.806780815345714,0.2310690756542857
8955,2.348326285,3.0955662550796124,0.7472399700796122
8976,1.408684211,2.3232360817474564,0.9145518707474565
8995,3.697733111,3.745148315467536,0.04741520446753622
8996,3.794712804,3.7946691604130582,4.3643586941755075e-05
8997,3.943421963,3.879758950512602,0.06366301248739825
9009,3.114216599,3.2503268165032613,0.13611021750326113
9011,4.210580082,3.4454490805816773,0.7651310014183226
9014,3.654133742,3.60466023540858,0.0494735065914198
9018,4.291444335,3.9691810034047643,0.3222633315952361
9019,4.321407558,3.9502842340248394,0.37112332397516035
9020,4.168623504,3.8766496254069027,0.2919738785930974
9021,4.30013567,3.980197736313727,0.31993793368627355
9036,4.463854184,3.825369056658087,0.6384851273419128
9040,4.063525502,3.9311458010755445,0.1323797009244556
9053,3.726173086,3.6877172062092933,0.03845587979070686
9058,3.720391801,3.9242886799804793,0.20389687898047937
9061,3.599569631,4.091933664534379,0.49236403353437863
9089,2.915992075,3.356286970521031,0.44029489552103085
9096,3.415419345,3.473375048753478,0.057955703753477916
9099,3.720657422,3.533336661968689,0.18732076003131093
9107,3.647668493,3.9206274691851584,0.2729589761851585
9108,3.615216846,3.8183515085813164,0.2031346625813164
9109,3.58986586,3.7799805401834736,0.19011468018347344
9110,3.640754142,3.9732528057589236,0.33249866375892356
9130,2.507051562,2.9174605409260455,0.41040897892604544
9131,3.859905369,3.806862715066319,0.05304265393368102
9173,3.805323831,3.4764385854381294,0.3288852455618705
9179,3.572662118,3.399836525490783,0.17282559250921725
9182,3.263561862,3.4853032765090917,0.22174141450909168
9183,3.952439214,3.628676598137109,0.3237626158628908
9201,3.636892486,3.630016771337455,0.006875714662544663
9224,3.971042465,3.978982089938267,0.007939624938266832
9253,3.157228946,3.288912525548553,0.13168357954855292
9260,3.190779771,3.420787688480314,0.23000791748031402
9261,2.47751556,2.8479071243038705,0.37039156430387044
9262,2.502162434,2.860890687317721,0.35872825331772074
9263,2.535710172,3.0481546936046504,0.5124445216046505
9264,2.528666073,2.810660858725901,0.28199478572590087
9265,2.559724135,3.008220188109728,0.44849605310972773
9289,4.228330011,4.257947206109725,0.029617195109725714
9299,3.261769448,3.931787278824761,0.6700178308247611
9327,3.662247708,3.7247642645613444,0.06251655656134414
9328,3.579538625,3.663736157492394,0.08419753249239381
9330,3.476964963,3.5916706821714173,0.11470571917141736
9341,4.209907682,4.141151726159119,0.06875595584088057
9342,3.93958026,4.163763927710032,0.22418366771003173
9354,3.623571247,3.8019360775671416,0.17836483056714147
9355,4.113174305,4.025834915026104,0.0873393899738959
9370,3.429056029,3.9611951931667324,0.5321391641667326
9373,3.69835054,4.41277883885855,0.7144282988585502
9374,3.384286493,4.1412377720176945,0.7569512790176947
9375,4.65623839,4.3411953913921755,0.3150429986078249
9376,2.619973294,4.151168036031412,1.531194742031412
9378,3.765832117,4.00875215437302,0.2429200373730196
9381,4.040817358,4.263278781940265,0.22246142394026514
9382,3.943630204,4.130150800764959,0.18652059676495858
9383,4.105035182,4.3227515952029645,0.21771641320296453
9384,3.978916137,4.168631750030619,0.18971561303061923
9386,4.083711168,4.077054689017279,0.006656478982720593
9387,4.100253869,4.120806764228173,0.02055289522817283
9390,3.721085336,4.017146758582184,0.29606142258218426
9391,4.103612841,4.321802142584554,0.21818930158455352
9392,4.198777774,4.335873479455733,0.13709570545573335
9393,3.862748309,4.209394262941743,0.3466459539417426
9394,3.989316305,4.173454893038959,0.18413858803895877
9395,4.087642796,4.253582366171752,0.16593957017175232
9396,3.793403419,4.224393251785374,0.43098983278537384
9397,4.215221331,4.112673487099091,0.10254784390090954
9399,3.795094682,4.12334127360605,0.3282465916060495
9402,3.780216469,4.118295181374665,0.33807871237466536
9403,4.071799189,4.307860707894584,0.2360615188945836
9412,3.859467047,3.979217659448178,0.1197506124481782
9413,4.116217434,3.8241689491528486,0.2920484848471516
9425,3.034300699,3.8083483664255313,0.7740476674255312
9426,4.197442297,4.002570550309035,0.19487174669096508
9432,2.277742882,2.3972626746532284,0.11951979265322832
9437,3.198248755,3.1010583862109242,0.09719036878907561
9443,3.541710261,3.516277361360785,0.025432899639215023
9445,3.982040599,4.027581816602574,0.04554121760257379
9446,3.735909414,4.136471990231655,0.40056257623165514
9448,4.231016133,4.061919552338075,0.16909658066192446
9449,4.232110719,4.0802274659531514,0.15188325304684813
9451,4.064853001,4.171023596564606,0.10617059556460529
9454,4.26833165,4.185122214183874,0.08320943581612639
9455,4.055355632,4.2957341531717255,0.2403785211717251
9456,3.787291128,4.323854369749306,0.5365632417493056
9458,4.452570739,4.374372487871719,0.07819825112828127
9459,4.77151154,4.323630176701451,0.44788136329854833
9460,3.875717542,4.093398014602204,0.21768047260220458
9461,4.004359457,4.123040199995313,0.11868074299531362
9462,4.196415304,4.2704662052072475,0.07405090120724722
9468,5.767253293,4.330378602548119,1.436874690451881
9470,4.539615494,4.33359162232465,0.20602387167535063
9491,3.694877807,3.71519097887161,0.02031317187161008
9494,4.539834984,4.413178891758692,0.12665609224130758
9505,3.935857001,3.488382894240239,0.4474741067597612
9541,3.848303131,3.826229583785826,0.022073547214174205
9547,4.54469174,4.370803225509839,0.1738885144901614
9548,3.72856774,4.023773412394573,0.29520567239457307
9550,4.110521026,4.1406917429840515,0.030170716984051715
9553,2.619285844,3.368839529604743,0.7495536856047429
9612,4.858777737,3.8285776350251113,1.0302001019748883
9625,3.67108579,3.9044529297919857,0.23336713979198587
9627,4.390536902,4.503329809908799,0.11279290790879859
9630,3.875560415,3.54743756124416,0.3281228537558398
9631,4.119104358,3.8501712590545734,0.26893309894542705
9632,4.159862122,4.022392248078073,0.1374698739219271
9633,3.977553322,3.8081771477527786,0.1693761742472213
9648,3.378972081,3.3560079858018623,0.0229640951981378
9651,4.318760152,4.46417319069901,0.1454130386990098
9652,4.077067276,4.461269738651662,0.384202462651662
9653,3.763805278,4.390895269597324,0.6270899915973236
9654,4.791800341,5.516406441164363,0.7246061001643627
9655,3.349798223,3.5194389715429413,0.1696407485429412
9694,3.249762777,3.357515958185251,0.10775318118525101
9706,4.780060837,4.605907988937568,0.17415284806243214
9708,4.379316095,4.0958707220942445,0.28344537290575555
9719,3.849547835,4.206709163125332,0.35716132812533186
9727,4.317421561,4.453266273980839,0.13584471298083933
9728,4.422156911,4.431853743047941,0.009696832047940696
9729,4.499655013,4.300464273937755,0.19919073906224494
9731,4.525129531,4.2397927215666735,0.2853368094333266
9733,4.32960972,4.571869928681119,0.24226020868111942
9735,4.828441152,4.354334791827079,0.47410636017292074
9736,4.956392566,4.469789501644819,0.4866030643551813
9749,6.609833839,4.275449547555205,2.3343842914447954
9778,3.350901876,3.6079362737584884,0.25703439775848835
9785,4.168091818,4.192951386420809,0.024859568420809275
9786,5.575249443,4.072342352491512,1.5029070905084874
9793,3.90343869,3.9719573251578684,0.06851863515786816
9861,3.310430383,3.221596647014238,0.08883373598576183
9863,2.722339487,2.805937862719018,0.08359837571901796
9864,2.227770245,2.5712401706101,0.3434699256100999
9878,4.524847601,3.7949986265385798,0.7298489744614205
9905,3.656877113,3.6543124821931343,0.002564630806865864
9918,3.437266297,3.5180130523884117,0.0807467553884118
9968,5.80524856,5.5899011170031505,0.21534744299684938
9969,2.655484881,5.362818240725742,2.7073333597257423
9982,4.045797562,4.251783608036917,0.2059860460369176
10039,4.763026332,4.130621859711813,0.6324044722881865
10062,3.527234841,3.2534202933310654,0.2738145476689344
10068,3.004380092,3.2648099357713094,0.2604298437713095
10069,3.437945844,3.5848660960623753,0.14692025206237513
10070,3.555448685,3.58528771999233,0.02983903499232987
10071,3.606743172,3.694850568305889,0.08810739630588937
10072,3.049732353,3.349923632146143,0.30019127914614296
10083,3.484827949,4.013263597538561,0.5284356485385611
10088,3.81280347,4.114316236035817,0.3015127660358172
10092,3.748786884,4.139252163603927,0.39046527960392696
10098,3.770360534,4.184165269270186,0.4138047352701859
10104,4.435961096,5.046162222790379,0.6102011267903791
10105,4.585723416,5.167070399633441,0.5813469836334404
10118,3.164892909,3.438505265555447,0.2736123565554469
10125,3.31114613,3.4614549214661157,0.15030879146611564
10127,5.512870341,5.493896551510934,0.01897378948906603
10142,3.534698392,3.7993504868226227,0.26465209482262253
10152,3.916438541,3.619350708952085,0.29708783204791533
10165,4.237281859,4.097021217453184,0.14026064154681617
10171,3.136464908,3.2752615885192697,0.13879668051926952
10194,3.458042269,3.362691777151511,0.09535049184848887
10217,3.512929751,4.038408068757056,0.5254783177570554
10218,3.606942541,3.8037109696027986,0.19676842860279864
10235,3.427471128,3.6868089628244483,0.25933783482444817
10237,2.502162434,2.847026195692525,0.34486376169252475
10238,2.547619353,3.1038109504340534,0.5561915974340534
10239,2.55064257,2.959036981076195,0.40839441107619523
10240,2.571560355,3.1109809160243715,0.5394205610243716
10249,2.574603745,2.579444183137552,0.00484043813755175
10273,3.61790537,3.975705585940722,0.3578002159407223
10274,3.606769004,4.015680786209675,0.40891178220967506
10276,3.90229782,4.097572276849183,0.19527445684918332
10277,3.689689728,3.9625144320727586,0.2728247040727587
10287,3.544745326,3.731135210272238,0.1863898842722378
10314,2.837921606,3.422991111541358,0.585069505541358
10315,3.026845989,3.3685896966316258,0.34174370763162587
10322,3.108200434,2.8228511311519284,0.2853493028480716
10323,4.631081222,4.1052155256511345,0.5258656963488653
10376,3.859200268,3.8938027142339187,0.03460244623391873
10382,3.732172535,3.722769088375794,0.009403446624206335
10385,2.836678497,3.0353379572350323,0.19865946023503245
10386,3.171824707,3.1502892504027162,0.02153545659728362
10387,2.553041525,3.236602909038211,0.6835613840382111
10388,2.26873472,3.240476782361875,0.9717420623618751
10409,3.816953188,3.7371264414545715,0.07982674654542832
10414,2.600855871,3.1282283442220287,0.5273724732220288
10435,2.919558768,3.3130901163445903,0.39353134834459036
10436,3.24171765,3.5731191063310574,0.33140145633105744
10453,3.819411136,3.6782471486705304,0.14116398732946944
10492,3.387005199,3.4748989581416514,0.08789375914165154
10504,3.058584174,3.2188502569892505,0.1602660829892506
10505,3.537766641,3.600443525919795,0.06267688491979495
10517,3.33542794,3.719423846611279,0.3839959066112786
10522,3.718858134,4.246601884050122,0.5277437500501221
10527,3.222372482,3.5907662877678472,0.3683938057678473
10554,4.169287128,4.564359218608054,0.39507209060805426
10567,3.364181891,3.8353588490275516,0.4711769580275518
10574,3.385055858,3.7450846918140748,0.3600288338140749
10577,3.968949681,3.7077089037443134,0.2612407772556864
10578,3.684396478,3.6552853485888126,0.02911112941118743
10589,3.10129827,3.271245380257673,0.16994711025767284
10594,2.753151997,3.0413697700765567,0.28821777307655694
10595,3.983630314,3.8374339831633733,0.14619633083662675
10602,3.33815477,3.450951374453531,0.11279660445353112
10605,3.306302288,3.757790530507519,0.4514882425075193
10614,4.535849972,4.1526629354468945,0.3831870365531058
10619,3.064056068,3.3677923700255743,0.3037363020255741
10642,4.175470395,4.314947749239253,0.13947735423925334
10644,3.684434972,4.139945445385795,0.45551047338579487
10650,4.048454752,4.153893613484864,0.10543886148486425
10662,2.989907066,3.755461365384485,0.765554299384485
10673,2.79294515,3.3752143014677793,0.5822691514677794
10674,3.252879988,3.438533323817647,0.18565333581764687
10682,3.275043934,3.3434808659615656,0.06843693196156542
10700,3.562602115,3.7386141562213435,0.17601204122134373
10706,3.549209144,4.666994033338554,1.1177848893385538
10719,3.61955728,2.90061143605095,0.7189458439490499
10720,3.858392165,3.575822583546094,0.282569581453906
10721,4.189223535,3.479545216166333,0.7096783188336668
10725,3.437212456,3.2475984980306327,0.18961395796936742
10742,2.499078337,2.965228987283726,0.46615065028372626
10743,2.227140594,2.9887998360888606,0.7616592420888604
10745,3.543342877,3.7454186386295616,0.20207576162956142
10747,3.216529496,3.0308441457867157,0.18568535021328447
10751,3.315816462,3.9768798672617063,0.6610634052617064
10779,3.204718233,3.5322700335153696,0.3275518005153697
10786,4.212990276,3.410143114567655,0.8028471614323451
10787,3.290624406,3.4363328050992212,0.14570839909922118
10788,3.96094365,3.6065607419108483,0.3543829080891516
10798,3.245626162,3.532975292641635,0.2873491306416347
10804,3.826879677,3.8875718676519253,0.060692190651925326
10805,4.253793828,3.626513905179814,0.6272799228201862
10813,3.981090588,3.3703832805373284,0.6107073074626714
10815,3.444531932,3.344626631911906,0.09990530008809406
10816,3.465821386,3.437573104142699,0.028248281857301105
10818,3.738052539,3.5064190271560114,0.2316335118439885
10819,3.738052539,3.3783435808620035,0.3597089581379964
10820,3.042014071,3.7659311312493835,0.7239170602493834
10829,3.137984977,3.714688955885408,0.576703978885408
10841,4.173445278,3.5061476399432716,0.6672976380567284
10850,3.763775504,3.705147656816197,0.05862784718380265
10854,4.574522547,3.712015176330481,0.862507370669519
10859,3.631563343,3.3243786620308025,0.3071846809691974
10861,3.247662361,3.814226291556995,0.5665639305569949
10863,3.212137274,3.6417558596699124,0.4296185856699126
10864,3.179885171,3.0689918564238026,0.11089331457619744
10880,3.407595774,3.8869042526118003,0.4793084786118005
10895,3.959366395,4.354509023216238,0.395142628216238
10896,3.819899533,4.2571855780272,0.43728604502720003
10902,3.75757767,3.6598182416887766,0.0977594283112233
10913,5.710299341,4.407818851815222,1.302480489184778
10919,3.051371512,3.6093365252186107,0.5579650132186109
10935,2.995096105,3.53907024654457,0.5439741415445698
10949,5.81776084,4.365427711802877,1.4523331281971235
10955,2.94121595,2.847693390831195,0.09352255916880514
10956,2.762648091,3.3377005867019354,0.5750524957019354
10976,3.796877748,3.5846931792698227,0.21218456873017733
10983,3.92688883,3.9634125854827054,0.036523755482705145
10991,2.938042577,3.4571073054559998,0.5190647284559997
11001,3.019416337,3.516366422006547,0.49695008500654714
11015,3.602819342,3.848150107437913,0.2453307654379131
11018,3.598899887,3.8447196571536226,0.24581977015362266
11024,3.848771745,3.808144003492964,0.040627741507035964
11029,3.374113849,3.504253815685283,0.13013996668528316
11058,3.064056068,3.3225702361813685,0.2585141681813683
11078,3.783219929,3.8758867797553274,0.09266685075532743
11086,3.296531128,3.1095254829171113,0.18700564508288853
11095,2.923349276,3.7124838177328265,0.7891345417328264
11115,3.553367147,3.0940482886127247,0.45931885838727515
11116,3.303602793,3.5937108330568384,0.2901080400568383
11117,3.276798692,3.313454845114704,0.03665615311470427
11122,3.630937135,4.135323706623534,0.5043865716235345
11123,3.524273226,3.2392266022954495,0.2850466237045506
11128,3.268657523,3.527918602926521,0.2592610799265209
11129,3.826625424,3.6541019374261516,0.1725234865738483
11147,3.478739087,3.343947900388931,0.13479118661106915
11155,3.461004122,3.1294137794107257,0.3315903425892741
11172,4.259322659,3.6467445226136572,0.6125781363863432
11203,2.754016881,3.22099531310552,0.4669784321055199
11247,3.376576957,3.8047877850743705,0.4282108280743704
11256,3.859185491,3.8700365325480477,0.010851041548047835
11257,2.93568077,3.179184673828072,0.24350390382807197
11261,3.146895989,4.409707660223957,1.2628116712239574
11313,4.099294967,3.1121478645314755,0.9871471024685241
11331,3.820090377,3.8664014806684524,0.04631110366845226
11332,3.688181378,3.8426914785963895,0.1545101005963896
11348,3.007688522,2.7457040602301195,0.26198446176988055
11367,3.203233105,3.657766583598922,0.45453347859892235
11377,3.356939401,3.680686719298342,0.3237473182983419
11398,3.706661154,3.827700785536579,0.12103963153657915
11419,3.362354279,3.425147036873074,0.06279275787307403
11426,3.581543328,3.504169400515801,0.07737392748419891
11435,3.443056355,3.637761507670848,0.19470515267084787
11438,3.841171694,3.8903024801958708,0.04913078619587097
11449,3.276953267,3.169182632285419,0.10777063471458126
11488,3.187772555,3.478082613528513,0.290310058528513
11492,3.720552059,3.1185165002032527,0.6020355587967474
11511,3.166839446,3.5666784186377067,0.39983897263770674
11526,3.730610704,4.262259065966604,0.5316483619666039
11528,3.502749459,3.488689521169003,0.014059937830996905
11541,3.150048237,3.4201928132314587,0.2701445762314587
11542,3.396586377,3.119686793611346,0.27689958338865406
11551,4.522563224,3.7076316691345528,0.814931554865447
11552,4.867065122,3.6089373514139447,1.258127770586055
11553,4.436437339,3.7062800649052976,0.7301572740947027
11554,4.282727284,3.7725113273376225,0.5102159566623774
11556,4.200555403,3.7402007181033197,0.4603546848966804
11557,4.241677967,3.9036503951037016,0.3380275718962986
11564,3.240056791,3.425021522071075,0.1849647310710747
11578,3.050637498,3.1625019866453634,0.11186448864536347
11584,3.730071035,3.769276490853396,0.0392054558533963
11600,3.173416147,3.6214762640323177,0.4480601170323175
11601,3.762959751,3.6821358232356296,0.0808239277643703
11602,2.900221998,3.5305790608083982,0.6303570628083981
11609,3.447705208,3.493325895018194,0.045620687018193884
11613,2.748234071,3.110024651693994,0.36179058069399384
11630,3.153564205,2.650833459533027,0.5027307454669727
11639,2.829456305,3.7074104567404254,0.8779541517404255
11644,5.630364149,3.8144464148122283,1.8159177341877717
11712,3.610198931,3.0188938783840533,0.5913050526159469
11728,5.265408439,4.235038284313348,1.0303701546866515
11751,3.138469014,3.3813371123208142,0.24286809832081424
11753,4.041984501,3.227660935965087,0.814323565034913
11759,3.401084913,3.938070760724376,0.5369858477243761
11760,4.199566011,4.1668633135216915,0.03270269747830845
11769,4.299945385,4.04778389993054,0.25216148506946023
11770,4.035324654,3.9610314556797968,0.07429319832020331
11771,4.381453126,3.895105572225603,0.4863475537743973
11941,3.638050893,3.677263380723412,0.039212487723411904
11948,4.054938462,3.8315872753138565,0.2233511866861435
11974,3.774299399,3.6955331158253757,0.07876628317462453
11977,3.547575469,3.4545540071769554,0.0930214618230445
11978,3.610063296,3.5560370643743755,0.054026231625624366
11979,3.277215264,3.3213806591875974,0.04416539518759732
11990,3.022128315,3.7277579742389584,0.7056296592389586
12024,4.259782364,4.455592003858259,0.1958096398582585
12048,3.554376782,3.764827417826543,0.21045063582654322
12049,3.565927596,3.832626122009013,0.2666985260090131
12083,2.682953871,3.074446518681695,0.3914926476816949
12084,3.13681113,3.2581069508800855,0.12129582088008561
12085,3.21368374,3.471449831047097,0.25776609104709713
12086,3.322843403,3.61273087903075,0.28988747603075016
12089,3.25777646,3.6986193999214607,0.4408429399214606
12090,3.279404555,3.554843671077226,0.27543911607722604
12091,3.442469018,3.6251796844876742,0.1827106664876741
12096,3.28688292,3.718642162189535,0.4317592421895351
12101,3.460880669,3.554607842010512,0.09372717301051203
12106,3.513295957,2.980369332792104,0.5329266242078958
12107,3.329033611,3.3672782345861973,0.03824462358619751
12135,3.152636863,3.069648412767,0.08298845023300006
12170,3.273246236,3.7866366113505308,0.5133903753505309
12172,3.695050671,3.68547702122265,0.009573649777350202
12174,3.681173374,3.68003355063277,0.001139823367230175
12212,3.939162867,3.7873639431470156,0.1517989238529842
12213,3.573111843,3.7182671850940143,0.14515534209401437
12221,4.537244901,3.6266967494532674,0.9105481515467329
12222,2.365406859,2.980925920751078,0.615519061751078
12228,3.742525945,3.5288699682186704,0.21365597678132975
12229,4.235155854,4.23921066719112,0.004054813191119777
12242,2.365383455,3.0113861072179953,0.6460026522179954
12256,3.784249877,3.958915316481081,0.17466543948108093
12258,4.609491743,3.9379004914948075,0.6715912515051929
12264,2.568651924,3.026636240493281,0.4579843164932811
12278,4.168419127,3.814728566457813,0.3536905605421867
12279,3.109036377,3.7345591562200062,0.6255227792200064
12280,3.514708013,3.9297102712021283,0.41500225820212844
12290,3.670698008,3.654902411133344,0.01579559686665588
12309,3.844018614,3.9879386043394227,0.14391999033942282
12310,3.209002137,3.4730950409695276,0.26409290396952745
12313,3.169525106,3.319209103409862,0.14968399740986182
12315,3.759717476,3.6119322334735044,0.1477852425264956
12320,3.176591882,3.640429064250319,0.4638371822503191
12326,3.923345625,3.889634660241398,0.033710964758602024
12369,3.979880569,3.9405707218394106,0.039309847160589495
12386,3.778860019,3.88314998457719,0.10428996557718984
12434,3.31625857,3.6285644270117263,0.3123058570117263
12458,3.623719521,3.246931218929604,0.37678830207039615
12464,2.935045384,3.1428652285473304,0.2078198445473305
12468,3.873357868,3.5059615114711487,0.36739635652885116
12477,3.48953994,3.757451486327419,0.2679115463274191
12496,3.862636296,3.5739117000202434,0.2887245959797564
12504,5.541484049,4.158954132509966,1.382529916490034
12515,3.438605956,3.2614110964766008,0.1771948595233992
12533,3.966749711,4.310207983141907,0.34345827214190683
12544,3.4338543,3.6599331595406692,0.22607885954066909
12581,3.410759162,4.039860808952732,0.6291016469527322
12587,3.697560917,3.58201583819401,0.11554507880599019
12596,4.19238496,4.401013955144496,0.20862899514449573
12606,3.246074912,3.6553278168465932,0.40925290484659316
12607,3.690520941,3.5945850393435546,0.09593590165644539
12612,3.68754807,3.795484990667099,0.10793692066709903
12622,3.461500528,3.4734720923176097,0.011971564317609484
12630,4.850045945,4.133060767583134,0.7169851774168654
12635,4.290026406,4.180777210061537,0.10924919593846294
12652,4.316450531,3.385631483226271,0.930819047773729
12653,5.399358662,3.428406235839601,1.970952426160399
12662,3.485511403,3.5113525574740114,0.025841154474011585
12666,4.306301279,3.544292852853815,0.7620084261461852
12669,3.557593812,3.6995326529456447,0.1419388409456448
12677,3.56202294,3.8396951175798097,0.2776721775798099
12678,3.958842494,3.838475227326942,0.12036726667305819
12680,3.638988159,3.8288711484453195,0.18988298944531934
12681,3.679831516,3.5279114921820094,0.15192002381799075
12689,3.62891779,3.7418530227009117,0.11293523270091166
12695,3.73556611,3.8433642389899343,0.10779812898993413
12713,4.267317773,3.74952758289198,0.5177901901080202
12742,3.795400788,3.8916159924967215,0.09621520449672172
12764,3.350751818,3.346261709668151,0.00449010833184893
12792,3.755857168,3.5703976513757723,0.18545951662422766
12825,3.430842298,3.6729580109271946,0.2421157129271947
12868,3.463992472,3.8708306648000814,0.40683819280008127
12877,3.808192061,3.944926304017579,0.13673424301757864
12880,3.650274558,3.8368524163297812,0.18657785832978124
12883,3.970631585,3.6925032858692393,0.27812829913076076
12884,4.141479387,3.899430254044331,0.24204913295566932
12886,3.566288044,3.656800746628707,0.0905127026287067
12893,4.166942951,3.825198403311509,0.3417445476884913
12896,3.6026548,3.5751424747348137,0.0275123252651861
12901,3.560067711,3.663343171550262,0.10327546055026193
12902,3.868346824,3.868330982944545,1.584105545493486e-05
12905,3.526602323,3.7666855309881746,0.2400832079881745
12913,3.526602323,3.9138269265805494,0.38722460358054933
12915,4.148446689,3.9888726417435745,0.15957404725642554
12916,3.557810003,3.9599616187327893,0.4021516157327891
12936,3.704167376,3.675952422488058,0.02821495351194203
12948,4.027297704,3.6513311410859886,0.37596656291401187
12978,4.502718296,3.826170155134892,0.6765481408651084
12979,4.643378643,3.8460870842453505,0.7972915587546496
12984,4.358741732,3.7415790681441887,0.6171626638558116
12989,4.184678815,3.908973586517057,0.27570522848294265
13001,7.350914459,3.3117146782755613,4.039199780724439
13021,3.928592128,3.7887991150625204,0.1397930129374796
13031,3.500292846,3.026488788240801,0.47380405775919865
13043,3.94146688,3.713138286618847,0.22832859338115297
13093,3.933830926,3.3588069568325203,0.5750239691674799
13107,4.077132913,3.8131054608600996,0.2640274521399002
13121,3.80508073,4.0999109338596575,0.29483020385965775
13129,3.750691562,3.95308820281817,0.20239664081816988
13132,3.809845783,3.858804642776603,0.04895885977660308
13137,3.89958661,4.035681835643569,0.1360952256435688
13142,4.012626351,4.03823185589505,0.02560550489504987
13143,4.275484116,4.058424986558127,0.2170591294418731
13144,4.36630019,4.002662374397153,0.36363781560284636
13147,3.785140362,4.0936726572983,0.30853229529830006
13148,3.971042465,3.935668209411418,0.03537425558858187
13149,3.650715639,4.18687100260486,0.5361553636048604
13150,4.220432617,4.1001989565082235,0.12023366049177664
13152,3.825910561,3.8932202119318764,0.06730965093187624
13153,3.539063388,3.635555339851258,0.0964919518512577
13154,4.24082233,3.9268289674515677,0.3139933625484326
13155,3.822995764,3.781709253219001,0.041286510780998764
13171,4.648410548,3.5760309992076604,1.0723795487923398
13172,3.641321812,3.4961221170224825,0.1451996949775176
13184,3.896819598,3.9922528189546522,0.09543322095465223
13185,4.048936804,3.8986958696541434,0.15024093434585684
13207,3.443598816,3.6730574493985833,0.22945863339858308
13225,3.617911657,3.8129320312499266,0.19502037424992658
13234,3.857987967,3.9770511658611714,0.11906319886117123
13282,3.732964402,3.6270499553226987,0.10591444667730121
13298,3.608114211,3.9171590584501863,0.3090448474501861
13304,4.956920428,4.460373816087994,0.4965466119120059
13306,3.831626045,3.758082228418339,0.07354381658166131
13307,3.401590072,3.6066448499377186,0.20505477793771876
13308,3.865608708,3.875779019199591,0.010170311199590998
13311,3.805800123,3.825292320630508,0.019492197630508024
13325,3.824163039,3.8194057039675746,0.00475733503242548
13333,3.837377973,3.9557930367396494,0.11841506373964927
13340,4.910719668,4.0383084245177745,0.8724112434822251
13343,4.905996465,4.098723395817165,0.8072730691828349
13344,4.87818314,4.039331022806979,0.8388521171930208
13345,4.919372319,4.128960151132663,0.7904121678673368
13347,3.88750176,3.9320337991837757,0.044532039183775574
13351,3.709086644,3.8108947871365424,0.1018081431365423
13358,3.743501365,3.9886974131806383,0.24519604818063812
13362,3.835603366,4.058281725529262,0.22267835952926163
13371,4.248371329,3.8648958246093637,0.3834755043906366
13382,3.733248868,3.9400363007512915,0.20678743275129152
13386,3.664348116,3.864683456659375,0.20033534065937486
13407,3.472505702,3.5229241826368787,0.050418480636878815
13440,3.533695815,3.952538396109148,0.4188425811091476
13451,3.887453525,4.232060265422059,0.34460674042205897
13487,3.314189659,3.4516060243378033,0.1374163653378031
13491,3.755429721,3.8663201059604093,0.11089038496040926
13493,4.142751376,3.9097722612248584,0.23297911477514122
13499,3.650566533,3.6688213790502036,0.018254846050203444
13515,3.57426283,3.172662486260763,0.4016003437392368
13536,3.391404456,3.4069570348029994,0.015552578802999317
13551,3.495422912,4.045085463036922,0.549662551036922
13558,3.604642554,3.535844041131265,0.06879851286873517
13559,3.858602715,3.938731977260832,0.08012926226083206
13561,3.944877306,4.0771907557876235,0.1323134497876235
13578,3.590056766,3.758069922716744,0.16801315671674377
13580,3.498638563,3.7584231627178264,0.2597845997178263
13601,4.590865709,3.895418460626941,0.6954472483730592
13622,4.073273095,3.932090979514582,0.14118211548541826
13623,4.640804619,3.997752967173153,0.643051651826847
13624,4.024530819,3.705601653285318,0.3189291657146818
13625,4.406487774,3.8031376594847104,0.60335011451529
13626,4.289982205,3.7414561126510772,0.548526092348923
13627,4.568796737,4.215853157162423,0.35294357983757774
13628,4.248461586,4.240445558706252,0.008016027293748174
13629,4.670642641,4.370605162764429,0.3000374782355708
13631,4.323855155,4.238822020168902,0.08503313483109842
13632,4.314715538,4.262737324047745,0.0519782139522551
13635,4.589404437,3.795211063682707,0.7941933733172926
13636,4.370504994,3.9855027960102936,0.3850021979897065
13637,4.143118134,3.9807444963841316,0.1623736376158682
13638,4.61857223,3.780856632608087,0.837715597391913
13639,4.427649453,4.177152365260193,0.2504970877398067
13640,4.281521417,4.157421818352811,0.12409959864718978
13641,4.862372822,4.347136826856722,0.5152359951432786
13642,4.540821159,4.393398881410796,0.1474222775892038
13643,5.354150531,4.217294677259366,1.1368558537406344
13667,4.169138558,4.3756518700703,0.20651331207029955
13671,3.919689035,3.863422566906102,0.056266468093898236
13688,3.678336247,3.78912051816119,0.11078427116119016
13692,3.447872994,3.529454732771305,0.08158173877130492
13708,3.491809767,3.76326869108536,0.2714589240853602
13714,3.443738847,3.5035061040594804,0.05976725705948027
13716,3.505193941,3.361528039785018,0.14366590121498213
13747,3.928558609,3.973937105077987,0.04537849607798705
13753,4.294357455,4.074589233010547,0.21976822198945278
13770,3.982103439,3.8558948984911545,0.12620854050884533
13771,3.88645371,3.859266623705534,0.027187086294465868
13784,4.330584211,3.3428007685274443,0.9877834424725553
13786,5.849078321,5.452561351877955,0.3965169691220449
13791,4.243620853,3.56756400642092,0.6760568465790802
13794,3.714884849,3.8292534836484196,0.1143686346484194
13799,3.749395337,4.285886566232142,0.5364912292321415
13801,3.746602232,4.0996606013968835,0.3530583693968836
13811,3.634522252,3.426963189110032,0.20755906288996817
13821,3.68426352,3.9366780311185914,0.25241451111859137
13822,3.835614711,3.784230496005518,0.05138421499448187
13830,3.840403651,3.8069963604509076,0.033407290549092306
13832,3.933941454,3.9267843799633093,0.007157074036690858
13835,3.431028263,3.252388225136132,0.17864003786386817
13862,3.997433194,4.0808689856754015,0.08343579167540138
13872,3.845682614,3.863321454196098,0.01763884019609785
13873,3.859874583,4.042453516025317,0.18257893302531691
13874,4.337503631,4.122959576030418,0.21454405496958184
13895,3.469422871,3.907190958231401,0.4377680872314009
13911,4.281967144,3.796383259693184,0.4855838843068163
13919,3.323890064,3.819408642353091,0.4955185783530909
13922,3.691769601,3.7121725505199286,0.020402949519928715
13926,5.27897333,4.037791772373117,1.2411815576268834
13937,4.068184315,4.020493607872103,0.047690707127896914
13947,3.802890954,3.6688335064908166,0.13405744750918336
13948,3.677952218,4.0175943463563195,0.33964212835631935
13952,3.823549912,3.903654814760169,0.08010490276016924
13962,3.633349405,3.8192304741202587,0.1858810691202586
13968,4.114605647,3.8908989021623306,0.22370674483766972
13981,3.70986483,3.7595193989311144,0.04965456893111453
13987,3.779721433,4.590417939903467,0.8106965069034664
14004,3.690208741,3.5566076791115857,0.13360106188841447
14006,3.710827305,3.961510968100164,0.2506836631001641
14008,4.235399654,3.9989468924387,0.23645276156130013
14009,3.837459646,3.8578971612256145,0.020437515225614433
14013,4.352134904,4.093593672465274,0.25854123153472575
14038,4.029689643,3.649272574794195,0.380417068205805
14076,4.808138022,3.8777801264509746,0.930357895549025
14104,3.725027333,3.471706774868995,0.25332055813100496
14112,4.013194159,3.892150208539989,0.12104395046001137
14113,4.094349471,3.749742320004337,0.34460715099566297
14117,4.145006384,4.296517999433996,0.1515116154339955
14126,3.512071002,3.7199019898651526,0.20783098786515275
14131,3.68267789,3.937898765382158,0.2552208753821583
14134,4.540930578,4.832663897616868,0.2917333196168679
14135,4.70097515,4.655079079689597,0.04589607031040277
14136,5.169476047,4.842833725308129,0.326642321691871
14140,4.623885789,4.319476736542721,0.3044090524572791
14141,3.964499267,4.204848138539312,0.24034887153931184
14153,3.271241013,3.351972656920736,0.08073164392073595
14161,3.762867828,3.4270150562355184,0.3358527717644817
14162,4.005905876,3.513782537500284,0.4921233384997161
14164,4.074031652,4.005675190576224,0.06835646142377616
14189,3.769305219,3.463451197463855,0.30585402153614494
14202,4.302738475,3.643793271060634,0.658945203939366
14215,3.665174334,3.6673536001010056,0.002179266101005606
14229,4.094815009,4.023861960067114,0.07095304893288645
14281,3.504604506,3.4536861482811756,0.05091835771882458
14328,4.457554918,3.862737111544824,0.5948178064551755
14337,3.586440745,3.7010464005632717,0.11460565556327174
14338,2.992475753,3.2530490353939765,0.2605732823939766
14340,3.143534697,3.612545684499428,0.46901098749942793
14341,3.565439887,3.808922015421827,0.2434821284218267
14342,2.975494677,3.4408346847786393,0.4653400077786394
14348,3.885869861,5.358414809577538,1.472544948577538
14349,4.124058709,4.763145560982085,0.6390868519820856
14350,5.10905842,4.3765570447293145,0.7325013752706857
14363,3.068209989,3.2678560187350394,0.1996460297350393
14391,5.018823087,4.429087733112257,0.5897353538877432
14412,3.909011215,4.2497878040049795,0.3407765890049794
14413,4.585605299,4.577269056139861,0.00833624286013901
14423,4.36617632,3.17129378526529,1.19488253473471
14447,4.006777669,3.7753646561155816,0.2314130128844183
14449,3.599408144,3.294023669110049,0.305384474889951
14452,3.457136753,4.1025968342873425,0.6454600812873426
14461,3.510248677,3.461640059958189,0.04860861704181074
14467,4.754638788,4.12388111603543,0.6307576719645702
14468,4.76128041,4.403057145987749,0.3582232640122509
14473,5.494791649,4.207024659596642,1.2877669894033579
14497,5.150293231,4.2034208545637535,0.9468723764362466
14528,5.29439151,4.528950404963931,0.7654411050360688
14536,3.22911946,3.728516862463628,0.49939740246362785
14548,4.047280061,3.8482037518468193,0.19907630915318109
14549,3.971520315,4.1021969920206836,0.13067667702068375
14564,3.577674359,3.757375154241828,0.17970079524182792
14567,5.178502703,4.112052564207157,1.0664501387928436
14588,4.345905809,3.6689037471224135,0.677002061877586
14601,6.553130852,5.249351893403273,1.3037789585967268
14609,3.708096219,4.781035952652973,1.0729397336529725
14611,4.582215704,4.8241599239490585,0.24194421994905824
14630,4.428006485,3.7704965000271926,0.6575099849728074
14645,4.551020778,4.979365743202106,0.42834496520210585
14662,3.01457781,3.3540650209622664,0.3394872109622664
14674,4.616394004,4.175693978707695,0.4407000252923048
14676,4.367878437,3.6906464006617576,0.6772320363382422
14680,3.146725773,3.43335165096326,0.2866258779632598
14681,3.630935428,3.6481778141558228,0.017242386155822853
14686,6.621367412,5.311538843914407,1.3098285680855923
14691,3.668965211,3.6391874233137473,0.029777787686252832
14692,3.997117161,4.355530527382686,0.35841336638268606
14696,3.840755795,3.5846193703658757,0.25613642463412445
14704,3.769784189,3.746998695747381,0.022785493252619027
14713,3.955977082,4.243498882834937,0.2875218008349374
14714,3.830825657,4.122396403942177,0.29157074694217666
14757,3.58155342,3.4267295238504527,0.1548238961495474
14794,2.273096999,2.937026905534803,0.6639299065348032
14811,4.032276797,3.554017932810859,0.47825886418914054
14824,3.468227077,3.5007535821064555,0.032526505106455605
14829,5.047864959,4.97304728830993,0.07481767069007006
14878,4.65611418,4.826218080579323,0.17010390057932234
14879,6.153351751,5.159571393203181,0.993780357796819
14887,3.337548836,3.9535943219398613,0.6160454859398614
14904,3.791342212,3.206671745680266,0.584670466319734
14906,3.697286439,3.208355935606096,0.48893050339390376
14907,3.66275984,3.2283521954795913,0.4344076445204088
14908,3.629349945,3.2976812939634184,0.3316686510365816
14910,3.364045909,3.671672197824703,0.3076262888247028
14928,3.512300084,3.5401023411752033,0.027802257175203238
14929,3.831663771,3.6455812431866184,0.18608252781338175
14930,3.54822476,3.6744809697590433,0.12625620975904317
14931,3.663397666,3.5439463270262315,0.11945133897376836
14932,3.314245131,3.498756173329328,0.18451104232932813
14933,3.87773867,3.554003832663566,0.32373483733643393
14934,3.389382291,3.290799566961932,0.09858272403806811
14935,3.369497872,3.2684463276099613,0.10105154439003883
14936,3.75830077,3.5038752891896223,0.25442548081037764
14937,3.514924774,3.5915883540724747,0.07666358007247487
14938,3.533150285,3.6353815765371036,0.10223129153710353
14939,3.851671649,3.607566500969108,0.24410514803089223
14940,3.410920007,3.590542103432319,0.17962209643231875
14941,3.919352187,3.446167080989506,0.4731851060104937
14943,3.63274976,3.6234042738950065,0.009345486104993306
14944,3.440173095,3.723948123114287,0.2837750281142868
14945,3.920384242,3.731550838613169,0.18883340338683086
14946,3.554513882,3.790710995815871,0.23619711381587072
14949,3.134851985,3.5516371862741782,0.4167852012741782
14950,3.657630582,3.5394776751557564,0.11815290684424351
14951,3.793971885,3.6686123838989126,0.1253595011010873
14952,3.675990169,3.6293893625144387,0.0466008064855612
14953,3.436644521,3.3529550964997696,0.0836894245002302
14955,3.64015087,3.5960725644049916,0.04407830559500825
14956,3.693846715,3.692586688744779,0.0012600262552209252
14957,3.793971885,3.54178007741984,0.2521918075801599
14958,3.727669331,3.70812318071539,0.019546150284610153
14960,3.698311549,3.7882852216546197,0.08997367265461964
14963,3.643640529,3.630535585238164,0.013104943761835575
14967,2.929365624,3.0465353645596434,0.11716974055964346
14968,3.00428245,3.1035188129371156,0.0992363629371158
14969,3.093992197,3.180842664030649,0.08685046703064891
14970,3.126615773,3.0901417268622273,0.03647404613777283
14971,2.975654242,3.0271583374210107,0.05150409542101064
14972,3.521672629,3.343139897996344,0.1785327310036564
14973,3.047925225,3.319557904460829,0.2716326794608288
14974,3.64553525,3.0939631323848262,0.5515721176151738
14975,3.326876685,3.2505164470825387,0.07636023791746105
14990,3.431852649,3.4163623293475434,0.01549031965245673
15008,3.717902482,3.2208695237517007,0.4970329582482993
15023,3.203777786,3.730687749362128,0.5269099633621281
15024,3.52956967,3.9928950858539145,0.4633254158539146
15037,2.782663691,3.0785478347685045,0.29588414376850425
15047,3.592261376,3.5065442382190875,0.08571713778091272
15074,3.408757078,3.4371575734041007,0.028400495404100834
15086,3.64139478,3.776726806488135,0.1353320264881348
15088,3.831124976,3.901022686263911,0.0698977102639109
15112,5.786734942,3.87219107179666,1.9145438702033397
15120,3.910368234,3.9788648228820254,0.06849658888202548
15125,3.759454799,3.6280030581459624,0.13145174085403744
15129,3.997763061,3.567965946503468,0.429797114496532
15131,2.783367523,3.2571248583573054,0.47375733535730546
15135,3.556239887,3.6917239204496757,0.13548403344967586
15141,3.229663359,3.7046345256893347,0.4749711666893348
15142,2.964752091,3.327712423233841,0.36296033223384105
15150,3.370711451,3.5032670253359095,0.13255557433590948
15173,3.913050518,3.925093235361046,0.012042717361046229
15174,2.749689088,2.614960223415476,0.13472886458452393
15186,3.20920959,3.9651220198547508,0.7559124298547508
15191,2.949965431,3.183151711366352,0.23318628036635225
15216,4.027499104,4.033314022968609,0.005814918968608751
15221,5.06610564,3.9027587184350976,1.1633469215649024
15225,3.364268593,3.476889029698561,0.11262043669856103
15239,3.06347527,3.6856737836102957,0.6221985136102957
15240,3.191843956,3.6881777422521793,0.4963337862521793
15251,3.428804085,3.5656166149127233,0.1368125299127234
15272,2.766369735,2.9296666303525103,0.16329689535251024
15283,6.031172737,4.46562960068452,1.5655431363154806
15289,2.713650119,2.808919848869252,0.0952697298692522
15293,3.515833647,3.5231667249374796,0.007333077937479615
15294,3.212839888,3.3394686345406672,0.12662874654066725
15295,3.439512691,3.6408427167840807,0.20133002578408066
15296,3.264021674,3.591646067632121,0.32762439363212126
15305,3.048957416,3.4251357825813518,0.37617836658135184
15312,3.285814402,3.2028079312230715,0.08300647077692869
15313,4.980621199,4.0729145892569045,0.9077066097430952
15332,4.510139387,4.410332212374891,0.09980717462510835
15334,3.395469096,3.4239910452195215,0.02852194921952167
15337,4.118176513,3.724782293111644,0.39339421988835577
15345,3.446037762,3.5183498952716237,0.07231213327162367
15363,3.091432457,3.158273717357744,0.0668412603577444
15388,5.617480527,3.4281556409584892,2.1893248860415104
15389,4.771707477,3.774970149928323,0.9967373270716768
15427,2.915484845,3.028690309968952,0.11320546496895201
15458,3.103946183,3.0903940727648065,0.013552110235193648
15470,3.189175438,4.048976350414516,0.8598009124145158
15476,3.63596818,2.925734964605553,0.7102332153944468
15480,4.397752739,3.3760500072331032,1.0217027317668972
15495,3.7335742,3.43343729259594,0.30013690740406007
15506,3.069507766,3.406166825642526,0.33665905964252607
15509,3.147664303,3.458768895937123,0.3111045929371228
15511,3.308838207,3.7976484022034187,0.48881019520341873
15513,4.147875266,3.5820589400332556,0.5658163259667441
15546,3.848476498,3.614142678112031,0.23433381988796897
15566,3.430236353,3.368882519632412,0.06135383336758826
15583,3.502584549,3.467434111972076,0.035150437027923864
15607,3.422826667,3.5000071814448037,0.0771805144448039
15608,3.401021229,3.56758330548006,0.16656207648005994
15621,3.201851666,3.4765996738398273,0.2747480078398272
15622,3.221862647,3.5908580096602742,0.3689953626602742
15626,2.356234841,3.377143209522553,1.0209083685225528
15629,3.253472624,3.5449721756408854,0.29149955164088537
15637,3.367435648,3.617555256039232,0.25011960803923206
15639,3.675095211,3.6751078802063244,1.266920632447821e-05
15674,2.347768968,2.2572577890312213,0.0905111789687787
15675,5.342976218,4.031831028476158,1.3111451895238426
15685,2.729013246,3.550068682080513,0.8210554360805129
15691,3.762751221,3.3474960559233042,0.4152551650766956
15693,3.602049349,3.8959079836180064,0.2938586346180063
15694,3.869649334,3.802112739711383,0.06753659428861702
15714,2.935527252,3.4979967249590986,0.5624694729590987
15745,3.116338348,3.180351821188361,0.06401347318836059
15750,3.900252736,3.4653714121345325,0.43488132386546763
15761,3.551216842,3.446678577236721,0.1045382647632791
15767,3.365566705,3.542147965163805,0.17658126016380482
15830,3.841937311,3.8732577348310926,0.03132042383109246
15847,3.48355933,3.4549431117570553,0.02861621824294458
15848,3.751566485,3.6166022783304466,0.13496420666955355
15856,4.338070338,4.287485610955391,0.05058472704460826
15864,4.619790148,4.577370618888478,0.04241952911152147
15869,3.437239535,3.505316452259891,0.06807691725989118
15889,3.936809944,4.203906921964562,0.2670969779645622
15895,2.915591928,3.216136101200197,0.3005441732001972
15901,4.932532141,5.700151495165338,0.7676193541653378
15905,4.481157464,4.631492761434994,0.15033529743499408
15910,4.315540454,4.46185175965413,0.1463113056541303
15947,3.176663737,3.195103909895555,0.018440172895554774
15953,3.151756821,3.4742879185572444,0.3225310975572442
16015,4.188301953,4.027452932899486,0.16084902010051394
16085,3.382195409,3.327263740499224,0.05493166850077591
16089,3.180883324,3.120744106556092,0.06013921744390771
16093,3.331618679,3.29293230379617,0.038686375203830003
16098,2.185983402,2.7666537363957397,0.5806703343957396
16126,3.535606027,3.5567540369324404,0.02114800993244037
16128,5.228205381,5.382252542028136,0.15404716102813598
16131,4.089878276,3.917616221979794,0.17226205402020645
16139,3.109311882,2.992349269219186,0.1169626127808141
16153,3.870284661,3.764468799592309,0.10581586140769073
16160,3.056543135,3.665910879247236,0.609367744247236
16166,3.225725281,3.2812551404122785,0.055529859412278615
16172,3.494333057,3.3754852865523866,0.11884777044761341
16176,3.67335119,3.6454057550247696,0.027945434975230388
16177,3.669802848,3.73420319612864,0.06440034812864015
16182,4.657587598,3.9396103182109488,0.7179772797890513
16183,4.677793828,3.981863885861408,0.6959299421385925
16184,4.958598904,3.9600461074430098,0.9985527965569898
16185,3.710236777,3.7445918325309617,0.03435505553096174
16191,3.730935048,3.8650721958292484,0.13413714782924835
16198,4.346692745,4.0086093069270845,0.33808343807291585
16204,3.522884792,3.534474982093505,0.011590190093504926
16205,4.052887437,4.008367392149224,0.044520044850775875
16209,4.552541599,3.5212698540940126,1.0312717449059878
16227,3.630279456,3.798066594293565,0.16778713829356517
16228,3.720214024,3.7709736314441042,0.05075960744410413
16230,2.768435334,3.746625513837619,0.9781901798376191
16244,3.392086402,3.393145027510054,0.0010586255100539788
16319,4.135844267,4.3952626103281585,0.25941834332815805
16332,3.330547397,3.3093246203403837,0.02122277665961647
16344,3.438298633,2.7184778388713453,0.7198207941286547
16362,3.072479058,3.5999382139643235,0.5274591559643236
16386,3.549098354,3.7407900605234317,0.19169170652343182
16395,4.102784066,5.05788314764473,0.9550990816447298
16403,3.830529647,3.324465783635624,0.5060638633643761
16409,3.767343205,3.9916130341750207,0.2242698291750207
16412,4.093956842,3.176029821515546,0.9179270204844538
16420,3.881945241,3.7131268560375994,0.16881838496240054
16434,3.182984967,3.1485025384104626,0.03448242858953732
16435,3.081811204,3.5607075894736258,0.4788963854736257
16451,3.622803442,3.6233694699501644,0.0005660279501644716
16460,4.416869562,4.006095886476198,0.4107736755238012
16481,4.07105975,3.965232619039891,0.10582713096010865
16482,4.591606883,4.240531011984978,0.3510758710150217
16486,4.164801197,3.8907678991017702,0.27403329789822983
