ligand_id,y,prediction,abs_residual
8,2.739617546,3.1884354148215905,0.4488178688215907
29,4.004166548,3.828196485943793,0.1759700620562068
31,4.274878993,4.285268537399206,0.010389544399206585
37,4.276976654,4.076867613318701,0.20010904068129953
51,3.751974994,3.032707029049904,0.7192679649500957
52,3.641734078,3.58530321515512,0.05643086284487975
68,3.107799938,3.204938268834999,0.09713833083499912
79,4.179954039,3.901410805612711,0.27854323338728904
85,3.763058637,3.7225024249564824,0.04055621204351745
94,4.626843591,4.304161228575751,0.3226823624242492
96,4.012215927,3.9192180247638566,0.09299790223614313
98,2.089339808,3.2824575699464495,1.1931177619464495
103,3.355582864,3.9418424418310876,0.5862595778310875
129,3.665135584,3.7803046966380927,0.11516911263809249
138,2.951590055,3.629939501635802,0.678349446635802
140,2.802112091,3.045848861827019,0.24373677082701883
171,1.360457754,2.407334766269035,1.046877012269035
201,6.453073598,5.060655555147643,1.3924180428523565
202,1.797919532,2.014506350664109,0.21658681866410912
216,2.542315477,3.0828040757820414,0.5404885987820416
219,3.907297875,3.8050217591103186,0.10227611588968122
222,4.232044192,4.149167721222651,0.08287647077734928
228,4.209269202,3.9036026281788376,0.30566657382116214
236,3.104760167,3.1029572418264855,0.0018029251735143248
241,4.502626274,4.401446795448914,0.101179478551086
253,4.054398261,4.59610483741532,0.5417065764153195
254,4.462175445,4.67751970247609,0.2153442574760902
275,4.122448376,3.985759546931581,0.13668882906841917
284,1.595379942,2.3629301355910197,0.7675501935910196
332,2.980059691,3.2705156901516594,0.2904559991516593
334,3.988207676,3.780791894963088,0.20741578103691216
339,2.575718838,3.3115368400125558,0.735818002012556
364,1.722826845,3.058541652545135,1.3357148075451353
368,3.494701757,3.9703393006655308,0.4756375436655307
374,4.128570035,2.8351006864026695,1.2934693485973305
405,3.100333614,3.899372090627469,0.799038476627469
420,2.697966291,3.6626101411257452,0.964643850125745
421,4.220304261,4.007131472430776,0.21317278856922428
427,4.089574851,3.952967901097672,0.1366069499023279
438,3.167546421,3.3635148403067836,0.19596841930678366
442,2.928003297,3.3590949161131873,0.4310916191131873
467,3.942508754,3.733371242614352,0.20913751138564773
469,1.863312777,2.4636056838975087,0.6002929068975087
476,3.119898275,3.866455637927925,0.7465573629279247
478,2.073815094,1.9636693941809364,0.11014569981906353
479,3.685979528,3.4126579189599,0.27332160904009983
486,3.557906597,3.1325404570627424,0.4253661399372577
490,1.672535493,1.6799571428540392,0.007421649854039147
498,2.496785583,2.8586375738807472,0.3618519908807474
501,2.560508776,3.1171263298167027,0.5566175538167029
507,1.778579543,3.3481812685511803,1.5696017255511803
512,4.013560283,3.7574332555327254,0.2561270274672749
524,4.291159202,3.768941104047616,0.522218097952384
525,4.817161221,4.117559633669639,0.6996015873303607
540,3.500429315,3.791696236688298,0.29126692168829793
580,3.611352087,3.787913045428333,0.17656095842833297
592,4.13538838,4.055152299137546,0.08023608086245382
617,4.074401217,3.9188376585513907,0.15556355844860947
621,3.225392571,3.8156433819034565,0.5902508109034565
626,1.874298552,2.8987495648131567,1.0244510128131568
634,3.651119245,3.301505162381184,0.34961408261881566
642,2.494267513,2.9846838812479484,0.4904163682479483
649,3.634507081,3.3331834510727134,0.3013236299272868
677,3.634743708,3.9852710317808655,0.3505273237808657
681,2.315370812,2.973150955722429,0.6577801437224293
683,2.696373865,2.644448299311926,0.05192556568807394
699,3.993166311,3.560121736670903,0.43304457432909693
703,1.917374204,2.1712969689481136,0.2539227649481137
709,4.084865966,4.159682647575229,0.07481668157522936
714,2.245104181,2.3929185867002474,0.1478144057002475
721,1.94254135,3.314981718259621,1.3724403682596211
728,3.981491863,3.896518384165717,0.08497347883428308
731,3.176730649,3.277810967110987,0.10108031811098694
762,2.152358809,3.3815089338226403,1.2291501248226404
766,3.043192319,4.50798695539504,1.4647946363950402
767,3.783840193,4.742571940815142,0.958731747815142
768,3.872562063,4.431889725409133,0.5593276624091326
769,3.706981995,5.249313570873845,1.542331575873845
772,3.820628855,4.775430323967207,0.9548014689672071
811,3.726867545,3.5809855816411393,0.14588196335886083
816,2.336537702,2.6840233849306077,0.34748568293060744
831,4.000506382,3.413917670801955,0.5865887111980452
834,5.348949078,4.168582210182086,1.1803668678179147
842,3.772088521,2.687458560615164,1.0846299603848362
856,3.249465577,3.8026464432267533,0.5531808662267532
863,2.159892482,2.597080642862861,0.43718816086286116
879,2.82168749,3.4888994141835017,0.6672119241835017
881,3.345130754,3.9496945137337254,0.6045637597337254
883,2.932961114,3.1431967210935974,0.21023560709359757
896,4.010884842,3.497238207400482,0.5136466345995183
899,3.526238735,3.3750689880404825,0.15116974695951768
912,3.850551061,3.3451318183248673,0.5054192426751327
921,2.900290238,3.395051903568189,0.494761665568189
931,3.578407478,3.6155266573733997,0.03711917937339981
932,2.490598445,2.413968072540955,0.0766303724590447
944,2.957500868,3.173334005237766,0.21583313723776598
945,2.710233754,3.1472478185642943,0.43701406456429437
952,3.086663706,3.8723025585993667,0.7856388525993667
954,3.216432763,3.7155143289575223,0.4990815659575225
968,3.037430925,2.894965673061309,0.14246525193869086
982,3.600318091,4.127916180038566,0.5275980890385661
991,3.314560273,3.4690758535875568,0.15451558058755666
994,3.658939331,3.5565119913722976,0.10242733962770245
1001,2.960227585,3.3549985041779093,0.3947709191779092
1002,3.7155333,3.394869043908677,0.3206642560913231
1006,1.622610059,2.411225816179317,0.7886157571793169
1011,3.823443661,3.2559316954744717,0.5675119655255285
1026,3.710247356,3.570056220411276,0.14019113558872398
1043,3.419651919,3.441437673028573,0.021785754028572857
1056,6.16165095,3.8703784745311918,2.2912724754688085
1059,3.102060484,2.877560753518349,0.22449973048165095
1062,4.010519028,3.4750139056459775,0.5355051223540226
1076,2.210431593,2.532680920357084,0.3222493273570839
1080,3.087106492,3.4538107494817822,0.36670425748178204
1084,2.019450842,2.842139101819653,0.8226882598196532
1095,2.981199727,3.789577768423962,0.8083780414239623
1111,2.927008015,3.0596780980775637,0.13267008307756356
1116,2.879164002,3.3281791107830365,0.4490151087830365
1131,2.031754104,2.611195599018747,0.579441495018747
1142,7.095543245,4.9583609842904455,2.1371822607095545
1151,2.046383148,2.9953709401113957,0.9489877921113958
1169,3.948508739,3.782688260367424,0.16582047863257632
1174,3.779696233,3.9316964676633854,0.1520002346633853
1185,3.761560344,3.839908810771834,0.07834846677183416
1186,3.096250337,3.525099348499235,0.42884901149923493
1208,2.298970397,2.2745563537782765,0.02441404322172369
1211,3.289764087,2.9134309997909886,0.3763330872090114
1220,7.313490593,4.868282390531935,2.4452082024680655
1234,4.488891814,2.5015958954604907,1.987295918539509
1254,3.716504164,3.6164924914998555,0.10001167250014431
1263,3.899929883,3.4075699773478454,0.4923599056521546
1268,2.948446129,3.206575777094715,0.25812964809471506
1275,4.146931616,3.9632271447530685,0.18370447124693134
1279,4.196083597,3.17216014435245,1.0239234526475505
1282,3.35066289,3.1771488326613566,0.17351405733864356
1284,3.423532001,3.6345077883450103,0.21097578734501043
1293,3.070431941,3.155073903693974,0.08464196269397428
1301,1.747596286,3.0808266158422373,1.3332303298422372
1306,4.105784078,3.781482377313002,0.32430170068699793
1308,3.020681084,2.5985139601251355,0.42216712387486455
1312,4.719384108,3.75012958224147,0.9692545257585299
1315,5.27586337,4.018860189423503,1.257003180576497
1316,4.466204711,3.411456107404943,1.0547486035950566
1317,4.606361082,3.8189278679769494,0.7874332140230509
1318,4.108194489,3.4639224408092817,0.644272048190718
1323,3.270021538,2.8603825885932803,0.40963894940671963
1326,1.952647852,3.572412994789551,1.6197651427895512
1327,2.834206757,3.0151940690615704,0.18098731206157037
1330,3.167290229,3.3707569019994477,0.20346667299944787
1332,2.874356773,3.4347442080520514,0.5603874350520512
1333,3.233603323,3.2894361705297612,0.05583284752976114
1339,4.123513983,3.7977540628156334,0.32575992018436617
1359,3.577854279,3.3763478320129234,0.20150644698707643
1364,3.093180343,3.235790088659812,0.14260974565981188
1378,2.770426505,2.507941260976891,0.26248524402310913
1381,3.669896499,3.5788764159053357,0.09102008309466436
1387,3.72242354,3.608810031623084,0.11361350837691608
1393,3.733664505,2.9145720101436283,0.8190924948563718
1401,3.507537838,3.3933054895232106,0.11423234847678954
1413,2.831114708,3.5671741936047097,0.7360594856047098
1436,3.407690403,3.9559620619732168,0.5482716589732166
1444,3.453842323,3.4517989382565886,0.0020433847434113694
1459,3.912270958,3.4276334916007025,0.4846374663992976
1466,3.530917438,3.306444737565123,0.22447270043487677
1470,4.748224843,3.4420444876919927,1.3061803553080074
1471,4.638247576,3.325989030159386,1.3122585458406144
1490,3.376854233,2.1791700493981594,1.1976841836018406
1497,4.136836456,4.238275329442969,0.10143887344296854
1504,4.155328749,4.04569644589186,0.10963230310813987
1520,4.101452722,3.6805019226623457,0.42095079933765467
1521,2.050126376,2.4651379596728953,0.41501158367289515
1527,3.440979247,3.3836446777758056,0.05733456922419444
1530,3.851336067,3.8170746906395143,0.03426137636048576
1532,3.087513252,3.336719945904288,0.2492066939042883
1546,2.952103309,3.360671868045054,0.40856855904505407
1554,3.648802606,3.646437194840499,0.002365411159500841
1565,1.635229316,2.3125014568384006,0.6772721408384006
1567,3.061491599,2.6911716695402705,0.37031992945972947
1571,3.25338405,2.8271856769960957,0.4261983730039045
1577,3.566851796,2.7596059634109373,0.8072458325890626
1592,5.734198055,3.8005878875529424,1.9336101674470578
1602,2.988017543,3.1651760685604557,0.17715852556045553
1604,3.864671736,3.8592261768273723,0.005445559172627679
1612,3.702826736,2.9023742748357697,0.8004524611642303
1613,4.556695035,4.209370107001685,0.34732492799831505
1615,3.781791558,3.5457845503104393,0.23600700768956084
1619,3.817188788,3.583699764944971,0.23348902305502905
1626,3.29030457,2.942510473074542,0.3477940969254578
1646,4.128745963,3.9960338561985465,0.13271210680145362
1649,2.356862264,2.9116825719535027,0.5548203079535026
1654,3.628830299,3.327158152135348,0.30167214686465194
1663,3.511945032,3.4931066754802553,0.018838356519744526
1664,3.81970841,3.4832230871154324,0.3364853228845677
1666,3.42644747,2.8209386932105867,0.6055087767894132
1670,2.037936196,2.6632697510966032,0.6253335550966033
1681,2.955321542,3.1660669153271384,0.21074537332713827
1687,5.138583714,3.7549752320473777,1.3836084819526224
1691,3.317033051,2.9732030119741513,0.34383003902584885
1698,3.1109767,2.882658265317839,0.22831843468216118
1709,3.376170757,3.2088697963708115,0.16730096062918864
1713,4.190867731,3.4797246457914266,0.7111430852085734
1717,3.432499715,3.6018042926772607,0.1693045776772606
1742,2.911593683,3.1857607109739274,0.27416702797392745
1744,2.625382279,3.207625024196351,0.5822427451963508
1746,5.578685043,3.882799724620129,1.695885318379871
1747,5.661462459,3.607043907229501,2.054418551770499
1751,3.688497685,3.409506049896535,0.27899163510346536
1754,2.870532127,2.7459898736205774,0.12454225337942271
1758,2.659112743,3.3836761834877267,0.7245634404877266
1759,2.31163207,3.597252873123427,1.285620803123427
1762,5.459172939,3.5316634271584975,1.9275095118415027
1763,4.957644784,3.673386109059381,1.2842586749406193
1764,1.716766695,2.8240208927116894,1.1072541977116894
1768,3.510054045,3.3281602884344457,0.1818937565655543
1774,3.568473361,3.6558592036894404,0.08738584268944027
1775,2.993384788,3.406921897490784,0.4135371094907838
1789,4.389322465,4.093946278300152,0.29537618669984855
1793,1.900353804,2.6527628644184276,0.7524090604184275
1797,3.53848576,3.7435170053565905,0.20503124535659056
1805,4.615229966,3.920697098419333,0.6945328675806675
1813,2.984595913,3.358232184145164,0.37363627114516396
1814,2.727491553,2.4018567385428877,0.3256348144571124
1816,3.442937822,3.0251529451391717,0.41778487686082855
1823,3.007892329,3.5893572301085817,0.5814649011085815
1828,3.474889772,3.161984162744969,0.3129056092550311
1835,2.895278654,3.1118622105692495,0.21658355656924932
1837,3.326902941,3.1355754288805073,0.19132751211949284
1845,3.74878787,3.7339359812305455,0.014851888769454646
1847,3.730010389,3.6452823623518227,0.08472802664817713
1852,3.184104109,3.3119838652947884,0.1278797562947882
1866,2.091147741,2.7394420961169477,0.6482943551169478
1878,3.631499113,3.267185088264406,0.3643140247355938
1895,3.45679556,3.379041145090445,0.07775441490955526
1899,4.017180175,3.5548815738931125,0.4622986011068875
1901,3.908053683,4.092201586878389,0.18414790387838886
1909,3.341653524,3.347900336388594,0.006246812388594147
1916,3.655177896,3.663186038952006,0.008008142952006025
1917,3.318524528,3.1849945445352583,0.13352998346474187
1918,3.377569668,3.778033845011917,0.40046417701191706
1919,3.347757268,3.7551667132516595,0.40740944525165945
1920,3.772256492,3.7407108922284986,0.03154559977150129
1940,4.842386687,5.00209999067295,0.1597133036729499
1947,4.528376709,3.65959589764613,0.86878081135387
1948,5.346751873,3.4366281751498224,1.9101236978501772
1950,3.466777618,2.9277207649042722,0.5390568530957278
1963,4.014864414,3.7151470348114652,0.2997173791885346
1980,2.942052721,3.424608877565462,0.48255615656546214
1983,3.61412854,3.048093189810057,0.5660353501899427
1986,2.845662256,2.9080569976377224,0.06239474163772263
1991,2.712289218,3.282448115316256,0.5701588973162561
1995,3.67738165,3.926448733509225,0.24906708350922502
2001,3.349070707,3.8147086816426294,0.46563797464262935
2006,3.544619425,3.4926037753919568,0.05201564960804328
2012,3.67307524,3.6004914098328125,0.07258383016718772
2014,4.136088986,4.053387305332782,0.08270168066721784
2018,2.915363819,3.5058755785010822,0.5905117595010823
2021,3.975234148,3.728085418318068,0.24714872968193236
2022,3.999187109,3.6013905652084066,0.39779654379159357
2024,3.990353657,3.8178510233097525,0.17250263369024754
2031,3.432655633,3.674264548405918,0.241608915405918
2070,3.334914609,3.0622442220443444,0.2726703869556557
2071,3.029386033,3.4708640171048977,0.44147798410489747
2075,3.301694147,3.9258482626094913,0.6241541156094912
2080,3.59653552,3.8175148492032456,0.22097932920324537
2087,3.659331234,3.5803496889247977,0.0789815450752025
2103,5.215083879,3.8323021985004244,1.3827816804995754
2104,5.017305523,3.9863129075506674,1.0309926154493327
2106,5.361791361,3.8544795923312183,1.5073117686687816
2108,2.343912258,2.5092592120607566,0.1653469540607566
2111,3.88822319,3.162427381143787,0.7257958088562133
2122,3.368967763,3.0821727492605353,0.2867950137394648
2125,3.391620366,3.353810792981209,0.03780957301879129
2126,4.34163761,4.007349698124302,0.3342879118756983
2128,3.684057414,3.293154659860499,0.39090275413950115
2135,4.231566672,3.622651895167299,0.6089147768327008
2138,2.802205614,2.6294118426165998,0.17279377138340024
2159,3.144689626,3.649178327199984,0.5044887011999841
2161,2.798821533,3.526022238054731,0.7272007050547309
2165,3.353403259,3.6285965030485774,0.2751932440485776
2169,3.993982696,3.901073151798866,0.09290954420113406
2172,3.812799014,3.83978528286779,0.02698626886779021
2180,4.008653391,3.7377131237761283,0.2709402672238719
2190,3.709229244,3.8565553462731827,0.14732610227318288
2192,4.251768976,4.364957468323267,0.11318849232326667
2193,4.186761452,3.760239232208719,0.426522219791281
2217,4.397306718,4.047650740880303,0.3496559771196974
2219,3.682964986,3.695850426513413,0.012885440513413116
2223,3.561850696,3.4221001931916564,0.13975050280834367
2229,3.9297657,3.841555154953383,0.08821054504661685
2231,3.432499715,3.5327537722149533,0.10025405721495328
2237,3.532363794,3.419809026563207,0.11255476743679305
2242,3.431263221,2.969068694774635,0.46219452622536483
2247,2.824353665,2.8109258378062236,0.01342782719377622
2257,4.071250963,4.0813912335509865,0.010140270550986763
2258,4.025637349,3.991554679027979,0.03408266997202114
2277,4.283816647,4.213235036124724,0.07058161087527637
2295,3.694158454,3.7526002315319578,0.05844177753195767
2297,3.33724114,3.238818007817966,0.09842313218203413
2309,3.999014482,3.833410708380058,0.16560377361994227
2313,3.597826116,4.16494928736663,0.5671231713666303
2326,2.630715761,3.054109527610467,0.423393766610467
2331,2.853346802,2.7661542429028687,0.0871925590971312
2338,3.782050103,3.74790566666651,0.03414443633349018
2353,3.778729924,3.160679430139834,0.6180504938601659
2357,3.78550101,3.801297838353924,0.01579682835392404
2360,3.808590971,3.2541882959130506,0.5544026750869495
2364,3.455300249,3.5594781447268424,0.10417789572684244
2381,3.938407412,4.037586507274614,0.09917909527461433
2388,3.450958053,3.3484564183903878,0.10250163460961215
2399,3.007783328,3.38707736704697,0.3792940390469699
2408,3.222693065,3.3666269962784385,0.14393393127843845
2417,3.376153144,3.031498461160705,0.3446546828392947
2440,3.476524414,3.567532919460072,0.091008505460072
2443,3.037437565,3.3127045567559437,0.2752669917559438
2448,3.827603714,3.710933970755842,0.11666974324415769
2451,4.454413261,4.983098211574749,0.5286849505747488
2461,4.228695435,3.9285026642058543,0.3001927707941454
2463,3.390666287,3.5522634102168773,0.16159712321687714
2464,2.567288579,3.101974415223273,0.5346858362232729
2471,3.213591535,3.448253523672287,0.23466198867228716
2473,1.441500327,2.6136939612099868,1.1721936342099868
2493,3.890937484,3.2944200184491743,0.5965174655508259
2495,3.25584154,2.96804643599648,0.28779510400352004
2501,3.164739384,2.858927759399033,0.3058116246009672
2502,3.114455295,3.1161816161148694,0.001726321114869478
2515,2.888504978,2.983424775235031,0.0949197972350313
2528,3.835299425,3.4960462805570445,0.3392531444429556
2540,3.526726867,4.442007745976895,0.9152808789768949
2541,3.831507559,3.735197608695414,0.09630995030458589
2588,3.136653639,3.213190025278272,0.07653638627827197
2603,2.959934421,3.2643822668154097,0.30444784581540985
2629,3.05657456,3.3926262953799617,0.3360517353799617
2631,2.60248831,3.750868798821487,1.1483804888214868
2643,2.648568804,2.7900455382997533,0.14147673429975338
2646,2.941366087,3.426398390736549,0.48503230373654915
2692,3.299221743,3.283588358637968,0.015633384362031766
2699,3.546800361,3.389918559157436,0.15688180184256373
2710,3.347537083,4.284384244276052,0.9368471612760518
2711,3.572473289,3.360831124683275,0.211642164316725
2716,3.359318911,3.6393193875101013,0.2800004765101014
2731,3.936285393,4.270558531304367,0.3342731383043671
2742,2.984294727,3.165230096485662,0.1809353694856619
2761,4.795231815,3.8606717398673362,0.9345600751326639
2764,4.352065618,3.5656930833827825,0.7863725346172177
2768,3.598926134,3.3440198327821986,0.25490630121780145
2777,3.561935763,3.466421119994891,0.09551464300510926
2795,5.458263061,4.520803046521339,0.9374600144786616
2796,4.244818448,4.649759830325236,0.40494138232523547
2803,2.934671476,3.179000941837084,0.24432946583708404
2827,2.726655907,3.404220661035159,0.677564754035159
2828,3.442427504,3.8029327252870355,0.36050522128703566
2834,3.689858657,3.3526824120514513,0.3371762449485485
2842,4.140552036,3.8243056286265875,0.31624640737341236
2847,2.391277465,3.245367968734147,0.8540905037341471
2850,3.773555345,3.758344833758876,0.01521051124112427
2869,3.612701095,3.042644267754574,0.5700568272454256
2910,4.402898173,3.966886434612794,0.43601173838720575
2924,3.578093421,3.5524766002114467,0.02561682078855343
2941,3.509843119,3.2349335914383084,0.27490952756169174
2948,5.183527428,3.547555092975703,1.6359723350242965
2952,3.324192764,3.4912028584413353,0.16701009444133508
2953,3.429279788,3.693705280292962,0.2644254922929621
2954,3.28338463,2.306778560334482,0.9766060696655181
2968,3.773591867,4.09259221720301,0.3190003502030101
2971,3.212773374,3.6359617386087915,0.4231883646087913
2978,3.756520103,3.7868848882162434,0.030364785216243195
2988,4.056056769,3.966999176707747,0.08905759229225252
2993,4.570325497,4.110698821738651,0.45962667526134915
2997,4.136964818,3.9627957737481685,0.17416904425183155
3010,3.735002473,3.977302426318676,0.2422999533186756
3023,3.338962078,3.856954163989026,0.5179920859890257
3027,3.692250052,3.501142753930675,0.19110729806932492
3029,2.67042331,2.519420277038392,0.15100303296160789
3049,3.734591259,3.3666981657388813,0.36789309326111885
3055,3.608514572,3.688776802575339,0.0802622305753391
3092,4.028720329,3.6901866033365542,0.3385337256634462
3103,3.869655084,3.5997262651050206,0.26992881889497955
3109,3.491913318,3.752013469574166,0.2601001515741661
3112,3.524401315,3.8815650708570524,0.3571637558570524
3114,3.61972969,3.5241061766627353,0.09562351333726493
3115,4.248371329,3.620762013733312,0.6276093152666884
3130,3.355381647,3.1948541292900825,0.1605275177099177
3169,5.526898346,3.851293687253896,1.6756046587461042
3171,5.56345951,4.014335664276637,1.5491238457233631
3174,3.156962856,3.36738683612192,0.2104239801219201
3183,3.537634728,3.4589272050282527,0.07870752297174732
3218,3.126758711,2.955078370060395,0.17168034093960483
3229,3.261267118,3.3745463260002486,0.11327920800024849
3235,3.563923715,3.360944917885246,0.20297879711475408
3245,3.441602496,3.8542569687456503,0.4126544727456505
3247,4.096995126,4.233817986613398,0.13682286061339788
3253,3.528659645,3.2198906133269487,0.30876903167305114
3255,6.204762805,3.996394303907826,2.2083685010921736
3257,3.628041975,2.9704196615567464,0.6576223134432535
3266,2.808332788,3.24038061547206,0.43204782747206005
3269,3.079394753,3.544982408103225,0.4655876551032252
3275,3.728062318,3.7249851780270866,0.0030771399729134785
3282,3.230894341,3.582234252030984,0.35133991103098383
3284,2.657407076,3.1398538537778347,0.4824467777778345
3325,3.726664639,3.568204916005447,0.1584597229945528
3326,3.98965001,3.7350679424569138,0.2545820675430863
3334,3.656862783,3.522943102063548,0.1339196809364518
3338,3.778435517,3.362425831977894,0.416009685022106
3339,3.478944355,3.452543944554807,0.0264004104451927
3346,4.026990096,3.8139478860706677,0.21304220992933187
3347,2.614990216,2.3387174111116455,0.27627280488835426
3348,2.876443839,3.5069031679956666,0.6304593289956668
3353,4.166511518,3.730971037167241,0.435540480832759
3358,3.453944862,3.5864475080178,0.13250264601779982
3360,3.611228303,4.139518894926467,0.5282905919264671
3370,3.364091131,3.324844408338813,0.039246722661186784
3389,3.602535687,3.83516708785343,0.23263140085343004
3397,3.573813744,3.762035379301597,0.18822163530159663
3400,2.963660943,3.23961315373374,0.27595221073374
3423,2.602490679,2.8837480639837554,0.2812573849837552
3432,4.304872978,3.5821393160976904,0.7227336619023093
3435,2.845508013,2.670557131556766,0.1749508814432339
3444,3.059203565,3.2984025345392753,0.23919896953927555
3448,3.263150618,3.483281812970654,0.22013119497065414
3456,3.71986068,3.9092192858413894,0.18935860584138942
3460,2.835179543,3.0210992928227625,0.18591974982276227
3461,3.43016539,3.6087058613220977,0.17854047132209772
3475,2.840367513,3.2081001771480353,0.3677326641480354
3476,3.425329526,3.766792957749894,0.34146343174989413
3479,4.348146437,3.466638607720864,0.8815078292791356
3481,3.568680358,3.353815059840888,0.21486529815911215
3504,3.019314806,3.4838399390770873,0.4645251330770872
3505,3.737142927,3.5311573818767035,0.20598554512329637
3511,3.737142927,3.53299393764454,0.20414898935545978
3516,3.423419557,3.5200074701695847,0.09658791316958482
3524,3.139323575,3.49483425437347,0.3555106793734697
3536,4.037635995,3.7687600543921667,0.26887594060783293
3537,3.693394346,3.704783949223906,0.011389603223906253
3543,3.546890629,3.34728955849838,0.19960107050162001
3546,2.598813602,2.645425894007753,0.04661229200775319
3551,2.781487319,2.730051107775921,0.05143621122407893
3570,2.858858514,2.6895756396994606,0.16928287430053945
3584,3.481379743,3.928683911357997,0.4473041683579968
3610,3.639646545,3.6834064300395504,0.043759885039550195
3611,2.133957035,3.1456411184430824,1.0116840834430825
3614,3.578564875,3.2515944078953547,0.3269704671046454
3616,4.259895453,4.837719515170527,0.5778240621705262
3628,2.97283705,3.292134069520152,0.3192970195201523
3634,4.028720329,3.4387183530842083,0.5900019759157922
3643,2.76938436,3.037677347131194,0.26829298713119387
3660,3.563743752,3.496458817974689,0.06728493402531122
3661,4.602612378,4.749195273948003,0.14658289594800333
3662,1.856701434,2.8407981821597987,0.9840967481597986
3663,1.740815327,2.533837239522212,0.793021912522212
3678,4.651705162,3.7845173212074323,0.8671878407925675
3681,3.296869662,3.592839967020158,0.29597030502015764
3698,2.926194989,3.147408115942252,0.22121312694225193
3700,2.741138462,2.8103870706742833,0.0692486086742834
3702,3.471141051,3.5329143687676408,0.06177331776764072
3703,3.281621881,3.2094496832390442,0.07217219776095574
3706,3.301553005,3.760105797466345,0.45855279246634506
3713,3.497854847,3.2089432730022747,0.2889115739977255
3718,3.190116341,3.725618720141933,0.5355023791419331
3723,5.464516373,3.4423246049879417,2.0221917680120587
3731,3.410578815,3.6306922782194064,0.2201134632194064
3738,3.306254612,3.776891435426503,0.4706368234265028
3748,2.872337596,2.5669448920954654,0.30539270390453455
3760,3.949366372,4.004121614755259,0.05475524275525867
3773,3.109938594,3.4192671562122996,0.30932856221229965
3780,3.84735559,3.717812771200262,0.1295428187997376
3791,3.964717927,3.8948639609797047,0.06985396602029548
3805,3.514865436,3.50138650158481,0.013478934415190214
3807,3.191466984,3.2528275759356187,0.061360591935618825
3809,3.40375862,3.4810275110911872,0.07726889109118718
3817,3.235885767,3.2142706124961817,0.021615154503818346
3824,2.789646803,3.217563961751625,0.42791715875162506
3831,3.140618017,3.3794396988148967,0.2388216818148967
3841,3.68042779,3.483134499255126,0.19729329074487412
3842,3.453877669,3.0710831604032203,0.3827945085967799
3843,3.566522339,3.9056512625169257,0.3391289235169257
3844,3.834555804,3.923505791525355,0.08894998752535521
3845,3.59838118,3.82797371800399,0.22959253800399004
3850,3.261305172,4.010488668177189,0.7491834961771886
3851,3.786547355,4.0441594050037235,0.25761205000372334
3862,3.683791355,3.4207904378739507,0.2630009171260492
3863,4.198672357,3.608863685329292,0.5898086716707085
3864,3.834555804,3.9934279333923532,0.1588721293923534
3865,3.343108675,3.888877984748105,0.5457693097481053
3866,3.680541084,3.4142438469053515,0.2662972370946486
3867,3.705756835,3.556558548682337,0.14919828631766308
3868,3.198672357,3.7825249984540323,0.5838526414540324
3873,3.782638959,3.803090336744974,0.02045137774497441
3875,3.292680557,3.5377767969739407,0.24509623997394048
3878,3.84563061,3.9102257547762465,0.06459514477624628
3882,5.506738051,3.95599967431834,1.55073837668166
3885,3.257229118,3.613930321636501,0.3567012036365007
3886,3.17829093,3.286558780971677,0.1082678509716768
3895,3.708862316,3.7999805309230994,0.09111821492309957
3899,3.697612265,3.5457542314966686,0.1518580335033315
3907,2.59222882,2.704551103265897,0.11232228326589722
3911,3.618552363,3.559373116694839,0.059179246305161026
3922,4.153633659,4.042967878453032,0.11066578054696752
3926,2.734905673,2.977972483605814,0.2430668106058138
3934,3.564788766,3.626993386936172,0.062204620936172184
3940,3.564915814,3.572096234270632,0.0071804202706320375
3942,3.350023581,3.566229510239305,0.21620592923930504
3943,3.439464611,3.6037323951520936,0.16426778415209364
3944,3.12546973,3.3579652314508146,0.23249550145081477
3946,3.745326408,3.727570040897699,0.017756367102300885
3964,3.062870948,3.9155251253272434,0.8526541773272434
3967,3.169854925,3.076149369501657,0.09370555549834325
3972,3.574586809,3.3256137518657023,0.24897305713429763
3979,3.911919571,4.056981765307925,0.1450621943079251
3981,4.163110894,3.7791547811549875,0.3839561128450124
3982,3.513336529,3.144979316210368,0.3683572127896322
4000,3.572564601,3.5234438872506315,0.04912071374936833
4002,3.935675654,3.9320398583932312,0.0036357956067689656
4017,4.00223242,3.791737458838782,0.21049496116121835
4030,2.925015411,3.5116775590077096,0.5866621480077097
4045,3.755126259,3.809693884768092,0.05456762576809204
4061,3.087860259,4.181907842319056,1.094047583319056
4065,1.101168678,4.500888449802256,3.3997197718022556
4068,3.002964047,4.266025165505801,1.2630611185058012
4073,4.13172185,4.081543186359742,0.050178663640258137
4082,3.897917135,3.0813848295552,0.8165323054448002
4088,3.196877363,3.2155274192872074,0.018650056287207395
4094,4.837148523,4.186474647555312,0.6506738754446877
4109,3.29315268,3.5179340416704363,0.22478136167043639
4117,4.783554486,4.109222030037655,0.6743324559623449
4123,3.134063718,3.420974202599742,0.2869104845997419
4125,3.222424532,3.6538372464420723,0.4314127144420725
4132,4.577559773,4.711204451544995,0.13364467854499473
4134,5.916378329,4.98856357737014,0.9278147516298594
4139,3.31350633,3.8117051106823663,0.4981987806823662
4141,3.073604315,3.2730883982396355,0.19948408323963562
4149,3.134683011,3.839763909116443,0.7050808981164431
4150,4.000369427,4.594857970650447,0.5944885436504475
4152,3.386830242,3.279477285412989,0.1073529565870106
4155,1.561832907,2.6329630088317133,1.0711301018317132
4159,4.197156874,4.586785326965581,0.3896284529655807
4160,6.105684889,4.9207736786355,1.1849112103644996
4161,3.409275195,3.9457093528798777,0.5364341578798775
4163,1.019262554,3.8407522099629325,2.8214896559629326
4186,3.930851769,4.005647993992369,0.07479622499236882
4188,4.012626945,3.915459923213476,0.09716702178652392
4190,4.204088173,3.9412490184947666,0.2628391545052331
4194,3.797271803,3.79016977420192,0.0071020287980800845
4195,3.744453273,3.986754445302896,0.24230117230289583
4201,3.905091197,3.8526920939930314,0.052399103006968595
4203,3.837219773,3.7736602640953505,0.06355950890464968
4204,5.629425505,4.230653772882345,1.3987717321176554
4209,3.462125141,3.276020502414187,0.18610463858581294
4215,2.616091332,2.9273440741973236,0.3112527421973237
4222,4.630745691,4.300568783713408,0.3301769072865923
4229,3.423319134,3.397619157627323,0.02569997637267729
4243,3.546599943,3.3468132033029327,0.19978673969706717
4250,2.884471237,2.938857658177723,0.054386421177722966
4251,3.79229161,3.6669141952664606,0.12537741473353936
4252,3.733723043,3.6889664413122634,0.04475660168773654
4263,3.67345209,3.310560318256364,0.36289177174363596
4289,5.086048237,3.7622925781766456,1.3237556588233543
4299,3.463705804,3.2899724890384086,0.1737333149615914
4336,4.981639682,4.471240752912699,0.5103989290873008
4337,4.392277276,4.3913131288899905,0.0009641471100092502
4338,6.382237363,3.8091141852111314,2.5731231777888683
4348,3.96922671,3.763255251713531,0.20597145828646912
4354,6.312384142,5.328776756192905,0.9836073858070948
4367,4.384852237,3.935270909456376,0.44958132754362357
4409,3.929865764,3.514858396376941,0.41500736762305923
4410,5.309308449,4.645253825607254,0.6640546233927465
4412,4.485203086,3.345381282709875,1.1398218032901255
4413,3.89279142,4.5621495571493025,0.6693581371493025
4414,3.879164002,3.185345839830636,0.693818162169364
4421,4.130182543,3.503113845650632,0.627068697349368
4438,4.215077704,4.082295943481453,0.1327817605185464
4443,4.182001546,4.455782474501147,0.27378092850114655
4444,2.890056495,3.4929767884354117,0.6029202934354116
4445,3.057033935,3.001642380087787,0.05539155491221326
4447,2.937079657,3.4416383266626465,0.5045586696626465
4460,3.990888652,3.5446486088180276,0.44624004318197263
4463,3.598592691,4.142579963393068,0.5439872723930681
4464,4.202224295,3.2448938707937103,0.9573304242062894
4466,3.699778556,3.6576867828783737,0.042091773121626375
4473,5.005648641,4.8344408844322775,0.17120775656772214
4476,3.178074826,3.1483855828696603,0.029689243130339715
4512,2.745221411,2.9946114286210475,0.2493900176210473
4519,3.520850632,4.055558785722434,0.5347081537224341
4520,4.131163363,4.267454328060263,0.1362909650602635
4522,3.794798146,3.5245316151245705,0.27026653087542973
4537,4.50270505,3.3945036065578047,1.1082014434421956
4545,3.942544386,3.993305145648812,0.050760759648812215
4546,5.568368628,3.421571541051967,2.146797086948033
4547,2.978444291,3.0010070209805684,0.022562729980568186
4563,3.943933974,3.23761418881482,0.7063197851851801
4571,3.74654107,3.7261778438343143,0.020363226165685866
4597,4.154252023,3.9176470806042483,0.23660494239575147
4602,3.389713462,3.5542122383388084,0.16449877633880838
4624,3.681777312,3.4381968823351414,0.2435804296648585
4647,3.099294967,3.265975962054601,0.16668099505460088
4677,3.49877562,3.218205777920173,0.28056984207982705
4678,3.847223486,3.8800027348251676,0.032779248825167695
4686,4.13271851,3.6438959370595034,0.4888225729404967
4687,4.13271851,3.485689078229273,0.647029431770727
4703,3.748690277,3.4800843962812054,0.26860588071879477
4711,3.968492955,3.8621811230893877,0.10631183191061222
4712,4.673918605,4.121867520967543,0.5520510840324571
4728,3.93856054,4.092281184879309,0.15372064487930892
4729,4.108720878,4.1014511936840785,0.007269684315921232
4730,3.873802883,3.158154576389115,0.7156483066108854
4733,3.587442955,3.8462437242177923,0.25880076921779205
4769,3.357395726,3.64511654244472,0.28772081644472003
4787,3.399194753,3.6657713979415862,0.26657664494158606
4788,2.971242498,3.657548012302394,0.686305514302394
4789,3.785301864,3.6063695890122607,0.17893227498773934
4790,3.817206378,3.9100103346429105,0.09280395664291063
4805,3.648319436,3.769424667077546,0.121105231077546
4809,3.368126694,3.744909905050863,0.3767832110508631
4810,1.704300692,3.677629010909063,1.9733283189090631
4811,2.098973701,3.752419204569907,1.6534455035699072
4812,2.43545436,3.456567559693738,1.0211131996937381
4818,3.410707958,3.1321172596208116,0.2785906983791886
4835,3.335253673,3.2267136479009917,0.10854002509900829
4837,3.834397994,4.217506241287843,0.3831082472878431
4842,3.975339885,3.9285063630965866,0.04683352190341328
4847,4.752470486,4.463268552683518,0.28920193331648214
4856,4.018809683,3.453260710813598,0.5655489721864018
4858,3.935177719,3.9284552436789237,0.006722475321076171
4872,3.449340555,3.7510505142377317,0.3017099592377317
4874,2.89115943,2.910231033594002,0.01907160359400173
4875,3.936760431,3.935363741366923,0.0013966896330770417
4876,4.561929384,3.169846461666021,1.3920829223339788
4881,3.541099847,3.6122119909927224,0.07111214399272248
4887,4.153425264,3.304422465132155,0.8490027988678448
4891,4.758272847,4.099722410992775,0.658550436007225
4892,4.040569849,4.5235581581986954,0.48298830919869573
4903,3.786362818,3.483317818094863,0.3030449999051372
4905,3.953155414,3.58600813537034,0.3671472786296599
4922,2.116660865,2.2613690461554183,0.14470818115541828
4925,3.08658376,3.4500172215799387,0.36343346157993883
4926,2.864486673,3.474002050854462,0.609515377854462
4930,3.341014867,3.1577478597987714,0.1832670072012288
4931,3.619754634,3.152885314109903,0.46686931989009706
4938,3.723587594,3.562512822235792,0.16107477176420826
4941,3.09570347,3.5688375520159714,0.4731340820159713
4944,4.903746963,4.486321963821104,0.41742499917889564
4946,4.051822749,3.8687802161631013,0.18304253283689897
4955,4.978538856,4.065554702869979,0.9129841531300213
4959,3.638049071,3.8379001261405814,0.1998510551405812
4969,2.949324939,3.0340669692473656,0.08474203024736582
4974,3.638113704,3.3716434116923706,0.2664702923076292
4978,3.5052566,3.473096386323631,0.03216021367636923
4982,2.864486673,3.4527031213383954,0.5882164483383954
4984,3.113753753,3.7055598693994205,0.5918061163994204
4987,3.619754634,3.2580369366336086,0.36171769736639137
5000,2.827797217,4.0258638808059395,1.1980666638059394
5003,3.822410492,3.7712041419773774,0.05120635002262253
5006,4.241504538,3.541134580650085,0.7003699573499151
5010,3.960837813,3.8456588002029255,0.11517901279707443
5011,3.782315281,3.2998132333814536,0.4825020476185462
5012,4.006601761,3.8558660490934167,0.15073571190658308
5013,3.964166719,3.8764359597646165,0.08773075923538354
5014,4.310087296,4.162063336202417,0.14802395979758298
5015,4.310496146,4.065330901541208,0.24516524445879195
5037,2.31368583,3.6613842694840875,1.3476984394840876
5038,3.09021041,3.819351638224186,0.729141228224186
5040,2.818479674,3.169308798312417,0.35082912431241686
5057,3.212591565,3.5181897574334635,0.30559819243346364
5059,3.441482168,3.607751038765564,0.16626887076556418
5063,3.434160674,3.55500227704447,0.12084160304446989
5074,3.460241308,2.953375818890226,0.5068654891097739
5077,3.580976406,3.712613212531216,0.1316368065312159
5087,4.087039219,3.716184065020002,0.37085515397999824
5088,4.1342345,3.850656722260621,0.28357777773937887
5094,1.956580105,2.8493856360186363,0.8928055310186362
5105,3.295216754,3.5459644267409463,0.2507476727409461
5126,3.070941736,3.077518740752896,0.00657700475289591
5133,3.734140919,3.3753748347155246,0.35876608428447554
5138,3.733545825,3.78279165043902,0.049245825439019786
5139,3.546592849,3.6407668702019844,0.09417402120198437
5144,3.31879919,2.3831084780438427,0.9356907119561573
5155,2.864756298,3.675789950802774,0.8110336528027737
5156,2.212604302,3.200091515281871,0.9874872132818711
5157,3.794701622,3.660722209359459,0.13397941264054092
5163,3.110216125,3.272809054184003,0.16259292918400314
5199,3.911784951,3.6134349137741903,0.29835003722580966
5202,4.839248391,4.4468016010737115,0.39244678992628845
5203,5.342962745,4.571830099968326,0.771132645031674
5213,5.176711988,4.879272195171378,0.2974397928286221
5215,4.753466114,4.899430499260969,0.1459643852609691
5217,5.19936362,5.18053017067418,0.018833449325819984
5218,5.294449268,4.930048235683866,0.36440103231613374
5228,2.805748799,2.911610971222251,0.10586217222225125
5239,3.085304456,3.42879568425749,0.34349122825749
5249,3.613973886,3.7549060548642417,0.14093216886424154
5251,3.633885898,4.265965730140792,0.6320798321407919
5261,3.770065413,3.3958299349339027,0.37423547806609747
5267,4.454946437,4.05127565685629,0.4036707801437105
5270,3.72272925,3.6422958791770257,0.0804333708229743
5302,3.748131243,3.689246051961583,0.05888519103841716
5305,4.255885418,4.110085644856467,0.14579977314353343
5307,3.747886141,3.988165470390562,0.24027932939056207
5308,3.573088903,3.634526944149212,0.06143804114921192
5309,4.281984791,3.425377984176743,0.8566068068232573
5357,3.760217783,3.9355939200476,0.1753761370475999
5358,4.046139657,3.8938983786490637,0.1522412783509366
5360,3.770723977,3.8290462700598917,0.058322293059891894
5361,3.942120115,3.7358095614438906,0.20631055355610917
5362,3.960999839,3.636809178977081,0.32419066002291874
5380,3.166865736,3.243328251089861,0.0764625150898608
5385,3.189321841,3.8631023532545874,0.6737805122545875
5393,4.497192358,3.9652926088156364,0.531899749184364
5401,3.511912142,3.578770221932937,0.06685807993293702
5415,4.068010624,3.972490195179454,0.09552042882054623
5416,4.046659018,3.8528042943614516,0.19385472363854817
5421,2.771729834,2.72025435945692,0.05147547454307988
5429,3.10506336,3.3955256688039817,0.2904623088039817
5431,3.491745385,3.3451441741749415,0.14660121082505873
5444,3.249939234,3.4732668178983657,0.2233275838983655
5445,3.355712257,3.5751939072900125,0.21948165029001254
5447,3.584759168,3.2813869506017483,0.3033722173982518
5472,3.034844137,4.021207904518533,0.9863637675185335
5487,3.971213676,3.763350211510805,0.20786346448919524
5488,3.846453549,3.8754559941376683,0.029002445137668253
5489,3.842718219,3.9360793863579935,0.09336116735799349
5492,4.022699859,3.9771194355550703,0.04558042344492996
5493,3.923629183,4.055809400697768,0.13218021769776822
5503,3.975176761,4.012558730477092,0.03738196947709227
5506,3.943744238,3.562006242695969,0.38173799530403096
5511,4.536396,4.640721676976064,0.10432567697606387
5513,6.103605679,4.713511764145091,1.3900939148549094
5526,5.467901482,4.626158641702208,0.8417428402977922
5548,3.724723045,3.135274052926814,0.5894489920731862
5572,2.869081712,3.044043711789866,0.17496199978986615
5579,3.503622904,3.408174132160483,0.09544877183951739
5595,3.174886122,3.7637031918629047,0.5888170698629045
5608,3.789083974,3.6715772398094533,0.11750673419054669
5612,3.77417051,4.223674554039738,0.44950404403973776
5643,3.491952493,3.4558167096661117,0.03613578333388823
5644,3.777338359,3.8346888384752664,0.057350479475266614
5659,3.994777457,3.708584318641465,0.2861931383585352
5666,4.087062913,4.05935313478082,0.027709778219179526
5689,3.200143335,3.2340912647567137,0.03394792975671379
5710,3.568850724,3.6145070952459357,0.04565637124593591
5715,3.633209454,3.506334527316636,0.1268749266833642
5732,4.220999598,3.83269263097093,0.38830696702906975
5735,3.347353871,3.8831240854751,0.5357702144750998
5744,2.880890373,3.7682248000643153,0.8873344270643151
5746,4.039712645,4.05950159373607,0.01978894873607029
5751,4.556228532,4.394098300565504,0.16213023143449679
5767,3.112580799,3.06860700451641,0.043973794483589845
5797,3.362155885,3.3903371974264154,0.028181312426415417
5798,3.820536759,3.7206490529637577,0.0998877060362422
5799,2.923199101,3.5486262375759114,0.6254271365759116
5800,4.103847241,3.7648031274091127,0.3390441135908877
5801,4.311728438,3.789716248292882,0.5220121897071182
5802,3.777551096,3.8774037837809505,0.09985268778095069
5803,3.740085354,3.5173108021957016,0.2227745518042985
5805,3.668118672,3.8036488932793913,0.1355302212793914
5828,3.92853809,3.581426237220597,0.34711185277940304
5846,3.748106942,3.5515821308721383,0.1965248111278619
5851,3.785417579,3.899855193947794,0.1144376149477937
5853,4.110733134,3.9584489738102153,0.15228416018978486
5855,3.994348581,4.022267548995219,0.0279189679952192
5858,4.262067021,4.048115863340686,0.21395115765931383
5860,3.910259316,3.689239014982001,0.22102030101799874
5863,3.879215194,3.6110231161181296,0.26819207788187027
5869,3.979008655,4.006195085894765,0.027186430894765135
5877,3.326927491,3.220351686418017,0.10657580458198312
5895,2.918606915,3.6021166630063695,0.6835097480063697
5896,3.144975282,3.2833526963689548,0.1383774143689549
5910,4.109014951,4.442838260480306,0.33382330948030603
5950,4.200440076,4.065956324030966,0.13448375196903317
5955,4.012703964,3.9262753063274376,0.08642865767256236
5964,3.650651972,4.011115396837493,0.36046342483749294
5984,4.933023388,3.341277046781769,1.5917463412182307
5985,4.903619503,3.3530335425514806,1.5505859604485193
5995,3.49238618,3.6801202644429316,0.1877340844429316
6008,3.276907359,3.7944868542992234,0.5175794952992234
6015,3.798548446,3.503417969674083,0.2951304763259168
6018,4.05751396,3.5730947644560778,0.4844191955439219
6019,3.568828065,3.498380223619081,0.07044784138091886
6033,4.494402758,4.15742556232223,0.33697719567777007
6035,3.783234897,3.7502454855094554,0.03298941149054446
6039,3.400113927,3.491798283979758,0.09168435697975807
6040,3.699564794,3.729408939024191,0.029844145024191082
6044,3.158225228,3.6707734416827322,0.5125482136827322
6051,3.776995214,3.7266095508299353,0.05038566317006454
6053,3.454739681,3.5675906115089537,0.11285093050895378
6055,3.80084018,3.9097365896097442,0.10889640960974445
6057,5.022449521,4.939708071525241,0.08274144947475914
6072,3.165877149,3.666654352062821,0.500777203062821
6076,2.630689977,3.639792930996644,1.0091029539966443
6081,3.144826651,2.9901102217561517,0.1547164292438481
6085,3.087692705,3.538931423500024,0.4512387185000244
6086,3.121787746,3.603981016147244,0.4821932701472442
6087,3.657875019,3.5498896897921615,0.10798532920783854
6088,3.955995747,3.6438364549642825,0.31215929203571724
6089,3.22000488,3.259772027861965,0.039767147861965224
6090,3.727089358,3.216288856396927,0.510800501603073
6091,2.954652483,3.6854081253848023,0.7307556423848025
6094,3.089636291,3.6746916497092994,0.5850553587092993
6099,2.408833322,2.9025970922006423,0.4937637702006423
6106,3.283983801,3.5522217726844043,0.2682379716844041
6111,3.917979048,3.8565276005920377,0.061451447407962156
6115,4.043566604,3.3491145271879974,0.6944520768120022
6124,4.923094247,3.627501197177994,1.2955930498220058
6128,3.108476458,3.4209702315808608,0.3124937735808606
6129,2.976130131,3.1861161692942686,0.20998603829426843
6132,2.892377141,2.9798589637884847,0.08748182278848482
6141,2.875527879,3.3423580925624856,0.4668302135624858
6145,3.511162502,3.374919284188103,0.13624321781189686
6151,4.205238502,4.1466305099742,0.05860799202580047
6154,3.954230165,3.838154945937117,0.11607521906288287
6178,4.251100189,3.9640012828540545,0.28709890614594524
6206,2.146664368,3.1696756107528588,1.0230112427528586
6239,2.984994529,3.0510192990660654,0.06602477006606522
6241,3.009288678,3.097515780837444,0.08822710283744417
6242,3.526136985,3.120586061280112,0.405550923719888
6254,3.056903466,3.1585934853932818,0.1016900193932817
6271,3.531127507,3.757123999098611,0.22599649209861106
6272,3.323590326,3.6435164496673456,0.3199261236673454
6273,3.774165556,3.704347736718262,0.06981781928173802
6277,3.384235101,3.4220233089405294,0.03778820794052962
6280,3.968686265,3.9416992092653635,0.026987055734636556
6281,4.023423421,3.9142519408271252,0.10917148017287515
6282,3.968451259,3.653069385528122,0.31538187347187785
6283,3.876585197,3.2868868221966583,0.5896983748033415
6302,3.932539225,4.2220540476655355,0.2895148226655353
6303,3.73638353,3.9700727837282823,0.23368925372828242
6306,3.513920428,3.4289002747151067,0.08502015328489332
6371,3.954359271,3.476601696438837,0.4777575745611631
6394,3.796543647,3.8690609544258185,0.07251730742581852
6416,3.679272608,3.9190312970058674,0.23975868900586716
6435,3.212552681,3.81502233192438,0.6024696509243799
6440,4.40322236,4.127439749033706,0.275782610966294
6463,3.073761106,3.15090575580897,0.07714464980896985
6464,4.681691223,3.3459366456192887,1.335754577380711
6476,3.210682583,3.426574098243234,0.2158915152432339
6477,5.311636621,4.643848728377394,0.6677878926226057
6479,5.427924078,4.602114354879096,0.8258097231209041
6494,3.957362675,5.332475551701472,1.3751128767014715
6496,3.696450003,3.60422207126037,0.09222793173962973
6503,4.500324313,4.1310471098723065,0.36927720312769363
6512,3.019333268,2.939478156834988,0.0798551111650121
6544,3.151506046,3.6367864168960296,0.4852803708960294
6547,4.220516979,4.204261483276853,0.016255495723147106
6553,3.052738818,3.312241821748084,0.2595030037480841
6577,3.980132784,3.7112936832466263,0.26883910075337347
6584,3.116665292,3.521225429823957,0.40456013782395717
6585,3.238526574,3.6250542691544987,0.3865276951544985
6586,3.323276599,3.6645855128857803,0.3413089138857801
6587,3.54849354,3.8243894979679953,0.2758959579679954
6597,3.250095524,3.5712300150975875,0.32113449109758774
6601,3.26638851,3.629370542211193,0.36298203221119296
6602,3.040705406,3.810036355327706,0.7693309493277063
6603,3.288159763,3.6188124335706995,0.3306526705706996
6604,3.808998473,4.290177312868843,0.4811788398688428
6612,3.37023676,3.720110817372338,0.3498740573723378
6619,3.459771599,3.5405430174739596,0.08077141847395941
6620,3.590865709,3.327004700674974,0.2638610083250259
6633,4.729113679,4.089214335858713,0.6398993431412867
6662,3.14489406,3.2265169078142706,0.08162284781427065
6692,4.25584047,3.6245191141054383,0.6313213558945616
6695,3.553505688,3.5063356937219776,0.047169994278022376
6696,3.78665446,3.8045410370920294,0.017886577092029565
6717,3.260918999,3.689745398967304,0.4288263999673041
6719,3.248879466,3.4449257575974874,0.19604629159748743
6720,3.679589859,3.7328656771410085,0.05327581814100846
6722,3.964570311,3.6236225522059344,0.3409477587940657
6736,4.046057918,4.189755065307646,0.1436971473076465
6740,3.431722762,3.694848003402298,0.26312524140229776
6741,2.881002841,3.5851827208121514,0.7041798798121515
6742,3.648536275,4.140846783303312,0.4923105083033117
6743,3.839097739,4.23679746785437,0.39769972885436955
6749,3.831024898,3.797571987583498,0.03345291041650178
6781,4.16606529,4.5528735188832705,0.3868082288832708
6783,3.797671813,3.633143757985843,0.16452805501415702
6784,4.105036247,3.928477798585542,0.176558448414458
6785,4.251475989,4.449672357532736,0.19819636853273614
6791,3.693614139,3.724757828011675,0.03114368901167497
6803,2.656521387,3.172893416981778,0.516372029981778
6817,3.136886962,3.5531892812126755,0.41630231921267535
6819,3.347863203,3.80916969191694,0.4613064889169398
6820,3.231770693,3.9417057855311626,0.7099350925311625
6826,3.679772678,3.5920063893324135,0.08776628866758651
6827,4.134721874,3.9245952604092214,0.2101266135907789
6829,3.455739487,3.8756143752794534,0.4198748882794532
6846,4.013299227,3.6798191406110115,0.33348008638898863
6847,3.900594947,3.544833869783696,0.35576107721630423
6851,3.480273929,3.16628534023317,0.3139885887668301
6854,2.99641042,3.7681909502966144,0.7717805302966143
6889,3.836878839,3.5012539341086235,0.33562490489137664
6895,2.424553491,2.9562102766992098,0.5316567856992096
6899,3.877542308,3.698988094505747,0.17855421349425304
6904,3.401028711,3.7578627969979905,0.3568340859979906
6913,3.717734383,3.6369269685539094,0.08080741444609041
6953,3.142020096,3.5337797789287815,0.3917596829287815
6957,3.961412618,3.8568344448326224,0.10457817316737783
6958,3.849262639,3.8248994857589884,0.02436315324101157
6983,3.40769336,3.7775744561193827,0.3698810961193826
6984,3.337153768,3.6691977664737108,0.3320439984737109
6985,3.430220226,3.6994302762409403,0.26921005024094047
6996,3.718626783,3.7960908762201675,0.07746409322016756
7013,3.521104595,2.9560248135317675,0.5650797814682327
7016,2.363992302,2.7908083618786184,0.42681605987861815
7034,2.503554453,2.983048617215146,0.4794941642151458
7041,1.73194534,2.582720950791171,0.8507756107911708
7047,2.186481794,2.8430801497158718,0.6565983557158717
7066,2.563707271,2.2548400078056665,0.30886726319433366
7067,2.494326071,2.796928236821529,0.30260216582152877
7069,1.822018555,2.1348213242504195,0.3128027692504194
7076,3.31859648,4.190772631837507,0.8721761518375066
7082,3.978317497,3.6759845922343932,0.3023329047656067
7083,3.068369357,3.554453932148359,0.4860845751483591
7086,3.769640371,3.589052133496497,0.18058823750350284
7088,3.230992159,3.444262067071484,0.21326990807148416
7089,3.065032675,3.5709870079462607,0.5059543329462608
7101,5.528726494,5.221979209962172,0.3067472840378276
7107,4.642987159,4.673317555302384,0.03033039630238399
7123,4.531253847,3.4316521582099924,1.099601688790008
7131,3.190798431,3.2645611942323676,0.07376276323236741
7134,4.83332564,4.21518784376747,0.6181377962325296
7135,4.389884501,4.248043432954905,0.14184106804509522
7143,1.384691993,2.187202639937628,0.802510646937628
7146,3.161705656,3.463561069438574,0.3018554134385738
7147,3.011147361,3.5632750899930277,0.5521277289930278
7149,2.919729046,3.1422739108213733,0.22254486482137326
7172,3.518921722,3.733686833880529,0.21476511188052916
7177,3.476244543,3.5718060378757075,0.09556149487570753
7178,3.496129478,3.6834333237051315,0.1873038457051317
7201,3.515143668,3.6525641586131505,0.13742049061315065
7207,3.110880826,3.6461899844523926,0.5353091584523928
7220,3.632443351,4.407032822630316,0.7745894716303159
7232,3.181387784,3.5499718808547716,0.36858409685477156
7252,4.33800656,4.012075042406729,0.3259315175932711
7258,3.942586727,3.6397841227979155,0.3028026042020846
7268,2.907300489,3.247679404072132,0.34037891507213214
7270,3.464337724,3.2962926553000993,0.16804506869990066
7271,3.247341477,3.301557293324361,0.05421581632436112
7300,3.56202294,3.708426618931813,0.14640367893181327
7302,4.068317821,3.771689749601082,0.296628071398918
7303,3.487023303,3.7595083168329277,0.2724850138329278
7311,2.144293316,3.0709583685367954,0.9266650525367952
7314,3.366194753,3.413896551803112,0.047701798803112094
7316,4.226139356,3.8325299845279464,0.39360937147205366
7317,4.374135781,3.9154782818964886,0.45865749910351106
7318,4.12606775,4.026541613009662,0.09952613699033819
7331,3.990359577,3.755086932364002,0.23527264463599806
7339,3.328528013,3.3453716979231736,0.016843684923173452
7341,3.239741167,3.4163796212579975,0.1766384542579975
7355,4.068742293,3.7743338979656507,0.294408395034349
7396,2.892289592,2.622865113125446,0.2694244788745541
7403,4.048909318,3.630501987548586,0.41840733045141354
7404,4.401665862,3.5263567182934485,0.8753091437065512
7405,3.796305418,3.83682025822828,0.04051484022827978
7407,4.128034241,3.710607614077563,0.4174266269224369
7410,4.173181411,3.505975929657108,0.6672054813428918
7421,3.845416996,3.721188157504466,0.1242288384955339
7434,4.259442558,3.766205646481403,0.49323691151859705
7438,3.967205152,3.855918543600038,0.11128660839996218
7440,3.284262749,3.7502716050078226,0.4660088560078228
7442,2.95955587,3.6984923234999116,0.7389364534999117
7448,4.934364336,4.21352645903401,0.72083787696599
7452,3.808216344,3.8681237280600813,0.05990738406008145
7454,4.6531649,4.0139755069837415,0.6391893930162587
7478,3.000489512,2.810814693816869,0.18967481818313114
7480,4.909133237,4.234549541621437,0.6745836953785629
7481,3.837412614,3.3416885358484505,0.49572407815154973
7483,3.578753784,3.5041480517719865,0.07460573222801337
7487,3.957826,3.974244065489347,0.0164180654893471
7489,4.699594113,3.67814024187004,1.02145387112996
7490,3.841814881,3.8534464724667914,0.011631591466791491
7496,4.357134093,3.9945753768794083,0.36255871612059165
7497,4.076221601,3.9585806100472647,0.11764099095273561
7503,3.297044301,3.288439790867729,0.008604510132271148
7506,4.098450471,4.084845815154524,0.013604655845475655
7510,4.173955561,3.618102017769626,0.5558535432303735
7513,3.499923406,3.532966018697915,0.03304261269791464
7525,2.057304099,2.8043999883217867,0.7470958893217867
7529,3.168427957,3.734196154074106,0.5657681970741062
7532,3.363597208,3.777778300616782,0.4141810926167824
7533,3.7910655,4.091761391442914,0.3006958914429134
7534,3.885629744,3.866327454924108,0.019302289075892265
7535,3.885279531,3.6543899041883057,0.23088962681169445
7544,3.22059037,3.029782932888416,0.1908074371115842
7559,3.256685539,3.40027158855382,0.14358604955382015
7568,3.634788753,3.646543533554862,0.011754780554861899
7577,3.449288595,3.2243424273463983,0.22494616765360176
7582,3.470416372,3.3691301975605477,0.1012861744394522
7584,3.496722133,3.8000662502331153,0.3033441172331153
7585,3.499442379,3.515904626043311,0.016462247043310896
7586,4.139679727,3.6305074823587415,0.5091722446412583
7589,3.93080861,3.770056020889626,0.16075258911037427
7607,4.070225589,4.916281670120221,0.8460560811202216
7608,3.488297664,3.167536274785179,0.3207613892148209
7626,3.876869124,3.8476622861649483,0.029206837835051846
7660,3.170874577,3.2500953087214963,0.07922073172149613
7680,3.650498327,3.7326516075653204,0.08215328056532023
7682,3.598495433,3.6440342396816634,0.045538806681663324
7702,5.187959729,5.056080653315945,0.1318790756840551
7704,3.427302355,4.837251482093558,1.409949127093558
7706,2.772016695,3.2205447935708924,0.4485280985708924
7728,4.506802578,4.077484422150412,0.42931815584958866
7733,3.604015723,3.417840109562233,0.18617561343776678
7750,3.524194739,3.5394897524798057,0.015295013479805775
7758,4.045016386,3.7374873154879618,0.3075290705120386
7768,3.699625088,3.2707777372220925,0.42884735077790737
7771,3.417836912,3.258018027471085,0.15981888452891502
7777,3.322259645,3.7233294816736464,0.4010698366736465
7778,3.78191646,3.7365841365584256,0.04533232344157456
7841,3.863454219,3.9777512556444834,0.11429703664448354
7847,3.558719282,3.4171381330335397,0.14158114896646046
7848,3.287061033,3.6736955120666557,0.3866344790666556
7864,4.097635162,3.701016714119202,0.39661844788079836
7943,3.56410995,3.2194679428829622,0.34464200711703796
7947,4.058139372,3.7605199431888705,0.2976194288111298
7954,4.21414285,3.9293904686397187,0.28475238136028125
7962,3.350273868,3.4895928235472247,0.13931895554722473
7968,3.955480657,3.759456352123257,0.19602430487674294
7970,3.73139496,3.8656040132683063,0.13420905326830646
7974,3.566195402,3.690669719666338,0.12447431766633787
7975,3.578663764,3.698105956555294,0.1194421925552942
7978,4.000645172,3.785659359013215,0.21498581298678454
8015,3.033052749,3.267769042187311,0.23471629318731102
8020,3.975443797,3.8296295792331847,0.14581421776681536
8021,4.3545054,4.019940912995365,0.33456448700463515
8041,5.449209317,4.26549616547231,1.18371315152769
8044,4.152609359,4.022471646350363,0.13013771264963747
8045,3.86381382,3.9223473126100874,0.058533492610087556
8046,4.754108184,4.049451338625669,0.7046568453743305
8056,4.612549772,4.3767665839897925,0.23578318801020792
8057,4.586923573,4.455350311331783,0.13157326166821726
8064,3.542903402,3.5728592838431776,0.029955881843177767
8066,4.212086778,3.9411101472237324,0.2709766307762673
8081,3.768416088,3.408455530638869,0.3599605573611311
8152,3.065408399,4.258211531291548,1.192803132291548
8177,3.687055213,3.632733243649213,0.054321969350787036
8181,3.410217987,3.672514213240384,0.2622962262403843
8196,2.715947838,3.028238908769624,0.31229107076962404
8206,2.946637821,3.3870793387367915,0.4404415177367915
8207,2.930590896,3.5569232412260487,0.6263323452260487
8214,3.83939382,4.0760272270621245,0.23663340706212432
8224,3.16547044,3.4400984546016247,0.27462801460162467
8289,5.065812007,4.492583246210427,0.573228760789573
8294,3.816365749,3.633477516913433,0.18288823208656702
8300,5.192225154,4.0959042925107125,1.0963208614892874
8307,3.43734884,3.462690904156964,0.02534206415696394
8321,3.083830964,3.3035236578768448,0.21969269387684465
8322,3.183094192,3.145898501555286,0.037195690444713936
8323,3.057171442,3.7995343294172845,0.7423628874172845
8324,3.116445388,3.8455960585366684,0.7291506705366686
8353,2.907724785,2.841958169511349,0.06576661548865115
8373,3.570818164,3.74524647532842,0.17442831132842018
8378,4.592455641,4.182934455127838,0.4095211858721619
8388,2.715295777,3.152453251397876,0.43715747439787567
8392,3.534910936,3.6739430820164585,0.1390321460164583
8406,3.182710993,3.7674922042554555,0.5847812112554553
8407,3.11266271,3.6568699187560387,0.5442072087560388
8411,3.081385318,3.7485450063982566,0.6671596883982565
8437,2.890587259,3.2298130256526205,0.3392257666526204
8491,3.433206885,3.910096624999447,0.47688973999944695
8498,3.259438575,3.866127117257656,0.6066885422576562
8502,3.167733703,3.507188986144233,0.339455283144233
8520,3.821612659,3.589913365202247,0.23169929379775311
8531,3.517005492,3.620259559732614,0.10325406773261392
8532,3.959935631,3.950933949758994,0.009001681241005866
8539,3.323681025,3.2574829122691593,0.06619811273084064
8574,3.946270566,4.0520569368515,0.10578637085149989
8577,3.643337919,3.9663622691828775,0.32302435018287756
8580,3.847204422,4.111613479323196,0.26440905732319653
8581,3.661567845,4.199677890571428,0.5381100455714276
8587,3.595875351,3.6321569565964222,0.03628160559642213
8589,4.263524173,4.192749985376173,0.0707741876238277
8610,3.435108882,3.485570152992921,0.05046127099292086
8613,4.184695972,3.9190609599703707,0.26563501202962936
8626,3.123538844,3.3241555631921718,0.20061671919217172
8632,2.503978903,2.9325173723077507,0.4285384693077505
8648,3.061270228,3.3166400652374977,0.2553698372374975
8686,3.840140959,3.929172467546628,0.08903150854662778
8692,5.052199999,3.304885616234721,1.7473143827652788
8697,5.204582531,3.5479800186571993,1.6566025123428005
8709,3.999608959,4.326322558361795,0.3267135993617951
8746,3.844208377,3.923078633753385,0.07887025675338499
8748,4.148515252,3.7696651038595803,0.37885014814041984
8752,3.908673448,3.8316953003092045,0.07697814769079558
8755,4.02924738,3.852151437566716,0.1770959424332843
8756,4.148360456,3.916346495716827,0.23201396028317278
8757,4.023355361,3.9436301253693715,0.07972523563062861
8779,3.201680545,3.9723434796843278,0.7706629346843279
8814,4.142618126,4.070493692667586,0.07212443333241403
8815,4.150869428,3.804750058916902,0.34611936908309815
8816,3.928013628,4.077628416842591,0.14961478884259138
8817,3.912339746,4.4577826414407165,0.5454428954407167
8818,3.78116998,4.453716664788631,0.6725466847886312
8819,3.741498664,4.421217258721214,0.6797185947212139
8820,4.050389885,4.4088467789634915,0.3584568939634911
8823,3.970978794,4.23721397711285,0.26623518311284977
8829,3.512423708,3.888888624430586,0.376464916430586
8835,3.916811368,3.9105002538485962,0.006311114151403618
8836,3.901161453,4.476128043775278,0.5749665907752779
8841,3.381094602,3.547861268066822,0.16676666606682167
8887,3.744890963,3.641787800803696,0.10310316219630389
8891,3.470167971,3.649321965006028,0.17915399400602805
8913,3.648563865,3.7755614373856745,0.12699757238567466
8936,4.053383322,3.283384048619829,0.7699992733801713
8938,2.686025609,2.7953440118116735,0.10931840281167338
8940,5.089371161,4.168801740149265,0.9205694208507351
8950,3.542155846,3.6435981300841083,0.10144228408410827
8953,3.605029558,3.380837736014559,0.22419182198544085
8964,3.081078015,3.23095695151365,0.14987893651364992
8965,3.806702924,3.7122661968709005,0.09443672712909956
8966,3.130436999,3.2492271817015785,0.11879018270157848
8967,3.091026072,3.3499895701154556,0.2589634981154556
8969,1.730468244,2.109007695914101,0.378539451914101
8976,1.408684211,2.4291645723144586,1.0204803613144586
8996,3.794712804,3.708497602133337,0.0862152018666631
8997,3.943421963,3.7865322817565414,0.1568896812434586
9010,3.679205566,3.611946537455359,0.06725902854464083
9039,2.201315174,2.677994518354281,0.47667934435428094
9049,4.13166485,3.477544509005404,0.6541203409945959
9058,3.720391801,3.9404124466776698,0.22002064567766988
9061,3.599569631,4.0382899262917045,0.4387202952917044
9112,3.732086845,4.006485513193909,0.27439866819390923
9115,4.592153654,4.0553031356918465,0.5368505183081531
9121,4.543864499,3.7671676090512918,0.7766968899487079
9150,3.88019142,3.859217663254871,0.020973756745128913
9151,4.058018788,3.8227158401357526,0.23530294786424744
9152,4.356966553,4.403322800978423,0.04635624797842297
9158,3.379087296,3.6130448936497293,0.23395759764972945
9174,3.694496308,3.959436173133518,0.26493986513351775
9180,2.935437108,3.723543912616497,0.788106804616497
9199,3.497973131,3.529617757407399,0.031644626407398846
9201,3.636892486,3.6716381929401383,0.034745706940138454
9240,3.61598595,3.7172861848628167,0.10130023486281692
9260,3.190779771,3.687233327461139,0.4964535564611392
9284,2.944057492,2.8701024877225905,0.07395500427740975
9290,3.34324065,3.498071460270786,0.15483081027078605
9299,3.261769448,3.793371094446685,0.5316016464466853
9305,4.237556304,4.589229708423302,0.35167340442330186
9329,3.977441908,3.7588213513465076,0.21862055665349223
9333,4.209629892,3.982210233376115,0.22741965862388458
9334,4.10932759,4.214527962366965,0.10520037236696478
9335,3.764557005,3.7315331791933013,0.0330238258066986
9343,3.759521293,3.7712831546894163,0.011761861689416175
9345,5.228414476,4.446393724140764,0.7820207518592364
9346,4.898538057,4.26953978146597,0.6289982755340295
9349,3.806007209,3.8853686189634264,0.07936140996342633
9400,5.589697157,4.319649606648254,1.2700475503517454
9404,3.980292936,3.7329230434380265,0.24736989256197361
9424,4.014831238,3.755851887705698,0.2589793502943021
9429,3.741019019,3.8897262336584983,0.14870721465849845
9434,2.595702703,3.091727570788752,0.49602486778875177
9439,2.674420667,3.3433198510393716,0.6688991840393714
9440,4.106430067,3.5787498981415746,0.5276801688584252
9498,3.969571809,3.8315624590264092,0.13800934997359082
9499,4.124442847,4.451903572170233,0.3274607251702326
9500,2.526902461,2.43794582577005,0.08895663522995001
9503,3.146593102,4.305604098682158,1.159010996682158
9505,3.935857001,3.289886047305978,0.6459709536940221
9519,4.125725183,4.4213698789303075,0.2956446959303074
9520,4.111848349,3.806216510009477,0.3056318389905228
9565,3.926153731,3.7635755459953413,0.1625781850046586
9598,3.746749016,3.8898790170545867,0.14313000105458684
9603,3.887954704,3.6753815363646924,0.21257316763530776
9604,3.972866497,3.771814095460343,0.20105240153965687
9618,3.787312503,4.341003304484895,0.5536908014848949
9619,5.398686354,4.342582766186542,1.0561035878134577
9620,4.953438554,4.476734031460301,0.4767045225396993
9621,5.191906146,4.449319485685196,0.7425866603148039
9622,4.072622988,4.235136410874164,0.16251342287416382
9642,4.051805885,4.1821218165531935,0.1303159315531932
9643,4.589498326,4.264542188814389,0.32495613718561156
9672,3.641330535,4.0624584219752915,0.4211278869752917
9692,3.45388276,3.2104795990889246,0.2434031609110754
9693,2.594306899,2.721574170905478,0.12726727190547793
9730,4.32960972,4.331127253455608,0.0015175334556083442
9735,4.828441152,4.320098739165695,0.5083424128343053
9753,6.804812899,4.3161378310612974,2.4886750679387024
9777,3.953519424,3.752770044955715,0.20074937904428491
9779,3.97223939,3.607345870707057,0.3648935192929428
9780,4.647946014,4.021323785431135,0.6266222285688654
9785,4.168091818,4.37521270545446,0.2071208874544599
9787,3.776327526,3.574425265556606,0.20190226044339443
9793,3.90343869,4.166391674382784,0.262952984382784
9803,3.037032865,3.7988264635602467,0.7617935985602466
9829,3.383285289,3.711410725866771,0.3281254368667712
9840,3.854917066,3.8180536949556707,0.03686337104432935
9841,4.182679821,4.28130172795454,0.09862190695454043
9849,3.373761767,3.3943690109448243,0.020607243944824383
9852,3.5733121,3.356018715801296,0.2172933841987037
9871,3.712204237,3.7582699505428963,0.04606571354289635
9873,3.90778267,3.9818531898689935,0.07407051986899349
9876,3.990780227,3.563776884644229,0.4270033423557713
9878,4.524847601,3.737730616013915,0.7871169849860853
9905,3.656877113,3.4725907529448774,0.18428636005512278
9917,4.359616223,3.986121111122323,0.3734951118776766
9933,4.53112282,5.224208880225913,0.6930860602259123
9934,4.599190705,4.570435373113096,0.028755331886904045
9936,4.53190789,4.625625711882474,0.0937178218824739
9967,5.257544872,5.452513096017896,0.19496822401789515
9970,5.310969304,4.979216185883902,0.3317531181160982
9971,5.549540394,5.203520407528564,0.34601998647143617
9988,4.756474454,4.295587410427051,0.4608870435729493
10014,4.001837035,4.0423838793488684,0.04054684434886813
10035,3.72012353,4.391942872134784,0.6718193421347842
10036,2.857831648,4.276126549273071,1.4182949012730712
10042,3.732616951,4.126097521425408,0.3934805704254085
10044,4.778636137,4.367781213782764,0.4108549232172365
10052,2.756970637,3.033720195889025,0.2767495588890254
10073,3.493347726,3.6162477506002304,0.1229000246002303
10074,2.973958077,3.159748482427185,0.18579040542718506
10075,2.957586328,3.1861309001169733,0.2285445721169732
10076,3.202166286,3.576145236786134,0.37397895078613397
10088,3.81280347,4.068904631242508,0.2561011612425079
10092,3.748786884,3.9298769166500236,0.18109003265002377
10098,3.770360534,4.015304907708305,0.24494437370830546
10099,4.144523615,4.424970420995596,0.280446805995596
10102,4.224650878,3.865737035371313,0.3589138426286871
10115,3.4384664,3.4719385716266946,0.0334721716266948
10127,5.512870341,5.154121225020146,0.3587491159798546
10135,3.14906508,3.65778031347952,0.5087152334795197
10144,4.408393513,4.572087161130788,0.16369364813078757
10148,4.527145254,4.480090789831637,0.047054464168362564
10149,3.251526366,3.6020345719884714,0.35050820598847165
10188,3.899387,3.3998502450110135,0.4995367549889864
10191,3.524423662,4.290862390476126,0.766438728476126
10198,4.139064283,4.023108546922923,0.1159557360770771
10200,4.456124691,3.9786094046586338,0.47751528634136653
10203,3.178051952,3.7810206848934143,0.6029687328934141
10208,3.972061902,3.865948192778728,0.10611370922127206
10209,4.096951189,3.8929819839563047,0.20396920504369564
10210,4.083600223,3.8488435782048476,0.2347566447951528
10212,3.880266809,3.9215839642765973,0.041317155276597184
10217,3.512929751,3.925653885484273,0.4127241344842729
10227,4.649901214,4.508217047369681,0.14168416663031902
10231,4.266644517,4.851437569714541,0.5847930527145415
10241,3.575217309,3.766130698274199,0.19091338927419876
10242,4.716618437,4.83620920633541,0.11959076933541013
10281,3.265456656,3.484469124963461,0.21901246896346116
10285,3.266464079,3.2561214601273876,0.010342618872612341
10288,3.272966258,3.5057221524828077,0.23275589448280787
10289,3.61978181,3.581969367388051,0.03781244261194905
10291,3.65650014,3.671201690413412,0.014701550413412257
10293,3.626832904,3.7493938304076897,0.12256092640768967
10309,3.300432592,2.668299502125152,0.6321330898748481
10311,3.117305773,2.7013376854286815,0.41596808757131853
10314,2.837921606,4.043561921130833,1.2056403151308333
10315,3.026845989,3.9874103249612967,0.9605643359612968
10347,4.136186617,4.756777321266482,0.6205907042664824
10352,4.435402538,3.7617371442707035,0.6736653937292965
10368,3.954877803,3.7408197860947263,0.2140580169052737
10369,3.618059444,3.6157148388018006,0.0023446051981994565
10370,3.519082099,3.4701959884397695,0.04888611056023029
10372,3.089708909,3.4150133314077937,0.32530442240779367
10380,3.454023492,3.0064242151858185,0.44759927681418166
10385,2.836678497,3.9800093707192454,1.1433308737192456
10386,3.171824707,3.7282089304693704,0.5563842234693706
10387,2.553041525,4.055476367203431,1.502434842203431
10388,2.26873472,3.996189955822309,1.7274552358223092
10400,4.400438228,3.7979714074211057,0.6024668205788939
10413,3.244345562,4.199102207443948,0.9547566454439482
10416,2.970543158,3.2410090128160163,0.27046585481601637
10473,4.09332244,3.3611417724304746,0.732180667569525
10474,3.325533648,3.0617064043191013,0.2638272436808986
10475,3.301625077,2.9289808873503134,0.3726441896496868
10476,3.595374955,3.1334457942371996,0.46192916076280044
10477,3.236873013,3.0993425659381066,0.1375304470618932
10481,3.505747955,3.185685744746868,0.32006221025313186
10486,2.940557433,3.8134025024903178,0.8728450694903178
10494,4.711428755,4.85966702887052,0.14823827387052013
10495,3.387918134,3.6453351272105072,0.25741699321050726
10529,3.067619467,2.9740125989269623,0.09360686807303775
10531,3.838377971,3.892268890159851,0.05389091915985089
10534,3.840175821,3.832424293313702,0.007751527686298054
10545,2.217873319,3.4239076682872396,1.2060343492872394
10550,3.439894544,4.030232896902461,0.5903383529024606
10554,4.169287128,4.549418831987731,0.38013170398773166
10561,3.843365165,3.756208561591178,0.08715660340882181
10573,3.869200278,3.485073271696464,0.38412700630353624
10607,3.478785443,3.34638795124727,0.1323974917527302
10614,4.535849972,3.8841765979512624,0.6516733740487379
10615,3.650172976,4.374788274945878,0.7246152989458783
10623,4.218068459,4.309252619758605,0.0911841607586048
10628,3.673955143,3.5381471426788114,0.13580800032118878
10632,3.102239013,3.633331488894482,0.5310924758944817
10651,6.513829976,4.459557996146628,2.0542719798533726
10661,3.103223895,3.457670380410886,0.35444648541088597
10673,2.79294515,3.4744815972595844,0.6815364472595844
10701,3.95492826,4.0626899584801475,0.1077616984801475
10709,4.235228152,4.199038303671172,0.036189848328828766
10711,3.905151089,3.959995362236424,0.05484427323642427
10714,3.068317821,3.4639265337495946,0.39560871274959464
10715,3.30928028,2.9654279873270823,0.3438522926729175
10719,3.61955728,3.0080975740697045,0.6114597059302955
10722,3.494647072,3.433008942021938,0.06163812997806195
10748,3.781336004,3.97324239830591,0.19190639430591006
10749,3.702622837,3.586454212501888,0.11616862449811194
10750,3.72367845,3.731212857903057,0.007534407903056817
10758,4.119554447,3.7391031146636955,0.3804513323363041
10765,3.228099374,3.6140892213005613,0.3859898473005612
10769,4.347322696,4.118487204092419,0.22883549190758057
10774,3.464358375,3.7455839881774233,0.2812256131774231
10783,4.173004245,4.053275828717004,0.11972841628299591
10784,2.866359346,2.7604387709451235,0.1059205750548764
10790,3.585473138,3.7675906520784586,0.18211751407845878
10791,4.109786238,3.8441956520846716,0.26559058591532825
10792,2.956957394,3.888839148009561,0.9318817540095612
10796,3.139447025,3.8627161956207576,0.7232691706207577
10797,3.39471953,3.72529116644725,0.33057163644724996
10799,3.878929115,3.237847336272536,0.6410817787274641
10800,3.357477454,3.500036737564431,0.14255928356443093
10806,3.428301314,3.817331698797634,0.38903038479763374
10814,3.693255726,3.5835426215354915,0.10971310446450833
10829,3.137984977,3.7367556179757577,0.5987706409757578
10835,2.952830267,3.365390749614937,0.41256048261493694
10836,3.187299757,3.4586083758299293,0.2713086188299294
10842,3.384915858,3.130052213880746,0.2548636441192538
10848,3.920937238,3.9837860124210724,0.0628487744210724
10852,3.087773533,3.481639963547406,0.3938664305474058
10858,2.837807345,3.48599590915287,0.64818856415287
10859,3.631563343,3.5380029445012022,0.0935603984987976
10866,4.028315755,3.98201942267632,0.04629633232368047
10870,2.965473475,3.593513893224079,0.6280404182240789
10871,3.673961715,3.516099012777669,0.15786270222233112
10879,3.9337954,3.9433691018785213,0.009573701878521135
10896,3.819899533,3.928697019536495,0.10879748653649512
10899,4.251769314,4.331441358344636,0.07967204434463593
10901,3.310068498,3.5305278651350402,0.2204593671350401
10915,4.529497085,4.1322501316224605,0.39724695337753957
10934,2.916920893,3.228943566846591,0.3120226738465912
10977,3.578739464,3.538019925548459,0.04071953845154086
10984,3.709266932,3.613135304877484,0.09613162712251588
10985,3.425371166,3.49101372935658,0.06564256335658003
10991,2.938042577,3.154313989318282,0.21627141231828206
10997,3.380760225,3.153108730642016,0.22765149435798415
10998,3.408370938,3.6164021280334593,0.20803119003345927
11009,4.089636291,3.447606792954223,0.6420294980457766
11010,3.596720769,3.5433320825524266,0.05338868644757344
11011,3.028422125,3.4424258031877915,0.4140036781877914
11012,3.725841843,3.80251858065007,0.07667673765006988
11014,3.578230609,3.929524220734102,0.3512936117341021
11021,3.888378898,3.792591374760495,0.09578752323950512
11038,3.10129827,3.3785385121711142,0.2772402421711142
11040,3.112785548,3.778290993657176,0.6655054456571756
11044,3.646988041,3.749593896781628,0.10260585578162784
11061,2.563747988,2.835346843768683,0.27159885576868303
11070,3.68690108,3.259144523554282,0.427756556445718
11074,3.378712756,4.027846437788366,0.6491336817883657
11077,4.201400159,3.9789801601965884,0.2224199988034119
11089,3.222433206,3.261385924667408,0.03895271866740835
11093,2.942508754,3.4529209328484347,0.5104121788484348
11109,3.493236316,3.9837131291977856,0.4904768131977857
11110,3.825147813,3.6446161371389043,0.18053167586109575
11111,3.381731624,3.6897264322917827,0.3079948082917827
11112,3.030688252,3.5307867139451967,0.5000984619451967
11116,3.303602793,3.6654018675866706,0.3617990745866706
11117,3.276798692,3.246176712413521,0.030621979586479053
11122,3.630937135,4.196264871510605,0.5653277365106053
11147,3.478739087,3.481577310201782,0.002838223201782064
11151,3.672610722,3.4777277214837183,0.1948830005162816
11161,4.007282251,3.6773585237673956,0.32992372723260477
11169,4.375615284,4.11802034862617,0.25759493537383005
11178,3.025893813,3.470367093544657,0.44447328054465673
11186,3.491953892,3.531609637567811,0.03965574556781082
11193,3.657183949,3.1967035459547306,0.4604804030452696
11199,2.74095697,3.1537668089431534,0.4128098389431534
11243,3.22398168,3.7250966819001623,0.5011150019001622
11258,3.412097504,4.031730396932415,0.6196328929324153
11265,3.394716224,5.001607890812324,1.606891666812324
11312,3.111208728,3.0321252796582217,0.07908344834177816
11314,3.334936033,3.2884741248582605,0.04646190814173945
11318,3.099619263,3.5554039441914695,0.4557846811914694
11342,3.156893933,3.7989244358535394,0.6420305028535394
11346,2.94098315,4.577143873272353,1.6361607232723525
11351,3.395679666,4.009044314238365,0.6133646482383655
11354,3.131742982,3.28004847628172,0.14830549428172013
11359,4.057223108,3.9634480472757434,0.09377506072425623
11363,3.26627744,3.2703857765513624,0.004108336551362335
11368,3.246909179,3.589323955413647,0.3424147764136469
11384,4.355892976,4.137710429717518,0.21818254628248201
11393,4.047480003,4.082429375277949,0.03494937227794814
11407,3.320655089,4.305142831569741,0.9844877425697409
11409,3.885742757,3.76166021389602,0.12408254310398004
11423,4.035046452,3.7975092393184724,0.23753721268152717
11424,3.99292889,3.9174695793623098,0.07545931063769018
11431,3.343025449,3.7229045111364343,0.3798790621364341
11439,3.145094496,3.5995679874713082,0.4544734914713082
11441,3.543632443,3.522313722218798,0.021318720781201783
11446,3.145557218,3.4455087613741506,0.29995154337415064
11448,3.108811114,3.0803024829625754,0.028508631037424514
11454,3.946283792,3.9396809212907025,0.006602870709297548
11470,3.894019204,3.7420887683053152,0.1519304356946849
11478,4.254484968,4.437767976870956,0.18328300887095583
11486,3.645718693,3.593034972853648,0.05268372014635192
11487,4.195182921,3.686601668092652,0.5085812529073479
11511,3.166839446,3.571666541212868,0.40482709521286786
11523,3.61034832,3.7219356584784657,0.1115873384784658
11538,4.349184678,3.8629587209912275,0.4862259570087728
11551,4.522563224,3.860556136510364,0.662007087489636
11552,4.867065122,3.853431466544623,1.0136336554553766
11554,4.282727284,3.622184624954688,0.6605426590453121
11556,4.200555403,3.6617056531208,0.5388497498792
11557,4.241677967,3.7303938413543376,0.5112841256456626
11566,3.139754935,3.5423037886476823,0.4025488536476822
11567,3.460051472,3.7916642044395026,0.3316127324395026
11605,3.173416147,3.304394895282971,0.13097874828297096
11609,3.447705208,3.7901966063678483,0.34249139836784837
11625,3.141359177,3.1845730929411764,0.043213915941176406
11637,3.693150417,3.6964740310450557,0.003323614045055656
11656,4.046339056,3.862326394785347,0.18401266121465287
11669,4.062729472,3.728506190931842,0.3342232810681578
11671,4.299192748,3.8695248574955516,0.42966789050444865
11680,4.218768994,3.9310566450214455,0.2877123489785549
11681,4.631549032,4.030364592173406,0.6011844398265938
11682,4.321431335,3.8852015613504927,0.4362297736495071
11683,4.212419724,3.970101490589469,0.24231823341053094
11691,4.154749364,3.960377942842323,0.19437142115767658
11711,3.845678779,3.5460011768641273,0.2996776021358727
11751,3.138469014,3.464200353005798,0.32573133900579787
11756,4.031836488,3.1908546165259035,0.8409818714740962
11760,4.199566011,3.9890792056060222,0.21048680539397768
11865,3.665696551,3.575727369090226,0.08996918190977388
11878,4.156163422,4.080853826016131,0.07530959598386833
11879,3.322293045,3.3367463878655204,0.014453342865520469
11909,5.646518902,3.9523481574812678,1.6941707445187326
11926,5.137317766,4.058240453063454,1.0790773129365459
11928,2.767199948,3.6534163719854655,0.8862164239854655
11948,4.054938462,3.6722949161841507,0.38264354581584925
11953,3.010925398,3.3373890414387,0.32646364343870005
11965,3.895132367,4.007912015763892,0.11277964876389168
11977,3.547575469,3.3143487620971,0.23322670690289993
11978,3.610063296,3.369409559266524,0.240653736733476
11979,3.277215264,3.2307802076510472,0.04643505634895284
11981,3.458489562,3.2997064157524325,0.1587831462475675
11982,3.848158315,3.706277210452245,0.14188110454775504
11989,3.469716273,3.573632391221435,0.1039161182214352
12022,1.992826199,2.799572188599396,0.806745989599396
12046,4.063793695,3.842827513809704,0.22096618119029632
12047,4.02647512,4.013403118955558,0.013072001044442061
12052,3.471898712,3.7838661274159358,0.31196741541593553
12058,3.656327727,3.5960268871133114,0.06030083988668844
12102,3.185706574,3.0261940267313885,0.15951254726861164
12106,3.513295957,2.9631605288235088,0.5501354281764912
12135,3.152636863,2.913427633501446,0.23920922949855417
12136,3.650332154,3.866614992761381,0.21628283876138088
12216,5.185191225,4.707910476952154,0.47728074804784537
12258,4.609491743,3.657620470945476,0.9518712720545244
12262,4.133441254,4.177141463240588,0.04370020924058782
12283,3.348545453,3.564955703694399,0.21641025069439923
12284,3.525022414,4.000096328732617,0.4750739147326173
12285,3.510834699,3.8255211196925742,0.31468642069257413
12286,3.701984688,3.9157701217900787,0.21378543379007864
12287,3.434568904,3.8501903126214803,0.41562140862148045
12293,4.944172571,3.8022563367256983,1.1419162342743019
12304,3.491325923,3.200435120567258,0.2908908024327421
12310,3.209002137,3.313511565427758,0.1045094284277579
12428,3.673545555,3.75747351008069,0.08392795508069018
12430,3.677962029,3.9295384666563935,0.25157643765639337
12465,3.549066789,3.6947071871320007,0.14564039813200091
12468,3.873357868,3.5388600043177156,0.3344978636822842
12471,3.544640935,3.532469991896088,0.01217094310391209
12474,3.361457589,3.689247034855795,0.32778944585579506
12477,3.48953994,3.6556264453096246,0.16608650530962477
12480,3.644059278,3.5748531002438377,0.06920617775616211
12507,3.097329965,3.384495559966936,0.28716559496693606
12512,4.837061566,4.210559122923518,0.6265024430764816
12513,3.096952124,3.246609681102732,0.14965755710273188
12515,3.438605956,3.4223255366914374,0.01628041930856261
12516,3.40924022,3.3570214422457543,0.05221877775424577
12527,3.57072775,3.8523166758590093,0.2815889258590092
12567,3.594771268,3.3072381453598556,0.2875331226401445
12576,3.328854417,3.1736817780946804,0.15517263890531963
12580,3.99883852,3.718803027820326,0.28003549217967416
12587,3.697560917,3.548135177788553,0.14942573921144708
12591,3.33842816,3.410772080936541,0.0723439209365413
12592,3.238676434,3.4186407639607026,0.17996432996070277
12593,3.255703406,3.4898545236012453,0.2341511176012454
12594,4.660371163,4.144484706574073,0.5158864564259265
12597,3.45361059,3.268985096839393,0.1846254931606066
12610,3.6186097,3.6665100752114386,0.04790037521143864
12612,3.68754807,3.8501583374824304,0.16261026748243035
12615,3.015921505,3.0625811201172826,0.04665961511728245
12627,5.068497098,4.4928797997102405,0.5756172982897594
12628,5.835853534,4.599905141328839,1.235948392671161
12629,4.960345924,3.9531276147055596,1.0072183092944407
12631,4.673634012,4.4350565450089965,0.23857746699100346
12632,4.010464678,3.950927349034695,0.05953732896530495
12633,4.939535517,4.381058981740702,0.558476535259298
12636,4.530998817,4.236802548010795,0.2941962689892055
12637,4.807430095,4.261371976184238,0.546058118815762
12639,4.800555287,4.138003549680735,0.6625517373192649
12651,4.967714325,4.252941514099409,0.7147728109005911
12656,4.493190535,4.353972815519105,0.13921771948089479
12657,4.671204521,4.445148697064304,0.22605582393569623
12660,4.945454847,4.519681322772818,0.42577352422718207
12684,4.601534177,4.002200676434985,0.5993335005650149
12689,3.62891779,3.7128017369999076,0.08388394699990753
12697,3.750355467,3.6199418680525404,0.13041359894745952
12719,3.612381153,3.71800715827456,0.10562600527456034
12720,3.415752152,3.7573832517727688,0.34163109977276873
12749,3.847757688,3.6246187803876766,0.22313890761232358
12751,4.337744038,4.647296730361209,0.3095526923612084
12752,3.833739625,3.658667075947258,0.17507254905274205
12754,4.299395848,4.190503339146064,0.10889250885393587
12755,4.997488198,4.415553176537913,0.5819350214620869
12757,5.741086023,4.630158433179144,1.1109275898208564
12759,4.167900434,4.181433659761738,0.013533225761737988
12760,4.34016923,4.176874162421063,0.16329506757893686
12761,5.225924097,4.5259725231387735,0.6999515738612265
12762,5.404596576,4.49004526924468,0.9145513067553201
12783,3.487253418,3.6665655983367773,0.17931218033677743
12796,4.039179805,3.6023537267682024,0.4368260782317974
12815,3.387912801,3.6070093775550234,0.21909657655502324
12855,4.382719275,3.9990311523960234,0.383688122603977
12856,3.649823409,3.5942957595186944,0.05552764948130573
12858,4.114496606,4.206615881045718,0.09211927504571804
12868,3.463992472,3.6305372881288536,0.1665448161288534
12883,3.970631585,3.7132029422619675,0.25742864273803256
12885,3.566256463,3.677382970447609,0.11112650744760888
12886,3.566288044,3.526893549556295,0.03939449444370524
12899,3.584856003,3.5891584755984254,0.004302472598425311
12901,3.560067711,3.8642266819445323,0.3041589709445325
12909,4.58077025,3.6210899568224577,0.9596802931775419
12910,3.606540664,3.7139987786426167,0.10745811464261656
12920,4.107125138,3.851769127305474,0.2553560106945256
12935,3.905419756,3.797180750451508,0.10823900554849208
12949,3.958842494,3.7934009545693197,0.16544153943068052
12950,4.083781231,3.864965987745059,0.21881524325494084
12953,3.444291208,3.4959399526823844,0.05164874468238434
12957,3.517720125,3.529769286036629,0.012049161036629119
12966,3.666335673,3.5791414411242366,0.08719423187576325
12967,3.967541736,3.6735972461326463,0.29394448986735355
12968,3.377878251,3.3284113623233247,0.04946688867667515
12976,3.765586072,3.6872174334290593,0.07836863857094079
12979,4.643378643,3.882851699860738,0.7605269431392623
12982,3.560058285,3.362532310074792,0.1975259749252083
12984,4.358741732,3.6148551571820433,0.7438865748179571
12996,3.643008284,3.632055992398021,0.01095229160197908
13001,7.350914459,3.251271244542885,4.0996432144571155
13036,4.927958125,3.7340382371893637,1.1939198878106363
13042,3.724541342,4.278544852143922,0.5540035101439216
13057,3.240350807,4.15910049902768,0.9187496920276801
13093,3.933830926,3.338946500828901,0.5948844251710992
13098,3.77350565,3.5399114080580927,0.23359424194190748
13100,3.995279229,3.9220174944262154,0.07326173457378449
13101,3.375490471,3.4778705887636487,0.10238011776364875
13114,3.618070521,4.094208916293974,0.47613839529397417
13134,3.730935048,3.807384858816329,0.07644981081632896
13162,4.526500815,4.034702432926951,0.49179838207304893
13170,3.832572775,3.575324604821855,0.25724817017814505
13172,3.641321812,3.7455639399209653,0.1042421279209651
13197,4.254286987,3.936159985733088,0.3181270012669124
13207,3.443598816,3.7723983915955004,0.3287995755955002
13223,3.27479035,3.5998276403948015,0.32503729039480156
13227,4.217773377,3.8036335253684177,0.4141398516315826
13255,4.073554925,3.281411779534874,0.792143145465126
13284,3.356259818,4.151682493219866,0.7954226752198661
13310,3.751680432,3.472422633666431,0.27925779833356934
13325,3.824163039,3.4718112825536895,0.35235175644631056
13338,4.055070257,2.7851810640884866,1.269889192911513
13340,4.910719668,3.83521843573111,1.0755012322688895
13344,4.87818314,3.896316087487853,0.9818670525121469
13350,3.933278442,3.793455585127743,0.13982285687225726
13351,3.709086644,3.622036523610361,0.08705012038963922
13382,3.733248868,3.6080714723573344,0.1251773956426656
13386,3.664348116,3.4624742305373952,0.20187388546260499
13388,3.477407795,3.6400759584176705,0.16266816341767054
13389,3.49860412,3.795584868982012,0.296980748982012
13416,3.433044071,3.5846881823142347,0.15164411131423483
13440,3.533695815,4.03956137046347,0.5058655554634695
13442,3.566195402,3.6763920027239814,0.11019660072398141
13448,3.651985451,3.6305525822053344,0.02143286879466544
13481,3.598642018,3.7380492111761905,0.13940719317619044
13515,3.57426283,2.8495009215218166,0.7247619084781833
13529,3.776217183,4.2403708930033295,0.4641537100033295
13556,3.412307635,3.808867971230145,0.3965603362301451
13557,3.480284195,3.5904439026080253,0.1101597076080254
13564,3.372135091,3.620547443869888,0.24841235286988805
13565,4.108976349,3.6079338520443036,0.5010424969556961
13567,3.688572358,3.6331675685107854,0.05540478948921468
13570,4.413144032,4.2073487849327815,0.2057952470672184
13575,4.525680874,4.150358141192191,0.3753227328078088
13577,4.305233105,3.7638212491090033,0.5414118558909968
13589,4.344547945,4.067467054244769,0.2770808907552311
13671,3.919689035,4.063526060920897,0.14383702592089698
13685,3.443638431,3.380887106883946,0.062751324116054
13687,3.949061966,3.4596913684806228,0.48937059751937717
13689,2.857937674,3.1965577067897613,0.33862003278976127
13691,3.288423624,3.226712830591529,0.061710793408471076
13694,3.459915437,3.7577384439213932,0.2978230069213934
13697,3.902131932,3.71963972435083,0.18249220764917018
13702,4.040275004,4.005612243983524,0.0346627600164755
13703,4.158685747,3.8726029096691903,0.2860828373308095
13704,3.70411833,3.7524202902536423,0.048301960253642306
13717,3.866575929,4.105330129203431,0.2387542002034313
13718,3.433616244,3.7337150575574,0.30009881355739987
13719,3.662381707,3.6685416050399313,0.006159898039931111
13743,3.752996362,3.85925556207714,0.10625920007713985
13750,3.758886221,3.3979532893211823,0.3609329316788177
13752,3.79236,3.6304201940647007,0.16193980593529922
13753,4.294357455,4.028179096143003,0.2661783588569975
13765,4.348700177,3.9006881758171814,0.44801200118281814
13766,4.348700177,3.9997971786187687,0.34890299838123084
13768,4.061946999,4.017356313506441,0.04459068549355916
13778,3.711775103,3.7585904556695375,0.046815352669537624
13782,4.062571241,3.8733701800032674,0.18920106099673228
13794,3.714884849,3.5778135006090577,0.13707134839094248
13804,4.064383104,4.00383036454904,0.0605527394509604
13815,3.280109225,3.3858833020772696,0.10577407707726971
13817,3.893959109,3.808118256572673,0.08584085242732664
13823,4.221064865,3.458932743256606,0.7621321217433938
13826,3.950661053,3.6517006271901873,0.29896042580981286
13832,3.933941454,4.025345720233151,0.0914042662331509
13845,3.513199837,3.416353806146077,0.09684603085392318
13852,3.265346208,3.2933197047639533,0.02797349676395333
13862,3.997433194,4.187045648008559,0.18961245400855908
13864,3.484107086,3.9614278472212727,0.47732076122127287
13887,3.739501708,3.8399465416603875,0.10044483366038737
13892,3.601258005,3.791164860034934,0.1899068550349341
13893,3.494627606,3.6265256663360423,0.13189806033604246
13907,3.768347347,4.004673164435252,0.23632581743525138
13908,4.099371746,3.9241667888389444,0.17520495716105566
13911,4.281967144,3.7559343821200324,0.5260327618799678
13922,3.691769601,3.9276189442849057,0.2358493432849058
13929,3.412804822,3.90210257830111,0.48929775630110983
13938,3.625767775,4.184208876825197,0.5584411018251974
13942,3.331734939,3.412150988617886,0.08041604961788584
13946,4.28873922,4.132588569508247,0.15615065049175314
13947,3.802890954,3.9540712673946388,0.15118031339463878
13961,4.15086044,3.858302106132461,0.2925583338675386
13968,4.114605647,3.874866976685966,0.2397386703140345
13976,3.853995721,4.046001429566765,0.1920057085667648
13987,3.779721433,4.352868830762075,0.5731473977620749
13989,3.758611847,4.001031964347373,0.2424201173473728
13993,4.107197246,3.846163753935082,0.261033492064918
14001,3.74471338,3.8719561265262903,0.12724274652629042
14008,4.235399654,4.054469658134007,0.18092999586599312
14009,3.837459646,3.9941311627644116,0.1566715167644115
14057,3.719841532,3.948392365591027,0.22855083359102712
14065,3.85980069,4.204326049738846,0.3445253597388458
14076,4.808138022,3.762659368450961,1.0454786535490386
14084,3.806229653,3.6912740480452597,0.11495560495474022
14086,3.539615494,3.6763304956571075,0.13671500165710748
14088,4.357512014,3.6697011693713164,0.6878108446286837
14096,3.435740874,3.6544636874001557,0.21872281340015576
14106,3.515036941,3.727735769467745,0.21269882846774513
14112,4.013194159,4.033714136047312,0.020519977047311677
14118,3.449807402,4.167326914532553,0.7175195125325531
14124,3.493660085,3.651280748778438,0.15762066377843764
14148,3.461650199,3.733807935312115,0.2721577363121148
14151,3.670630132,3.7780664776108774,0.10743634561087756
14159,3.425874788,3.83570928980618,0.4098345018061802
14164,4.074031652,3.9370323012250457,0.13699935077495473
14165,4.075621349,3.9674844683063535,0.10813688069364691
14173,4.625108159,3.9655657477062283,0.6595424112937716
14179,3.886479982,3.915974261293534,0.02949427929353421
14185,3.734932634,3.5738635557209166,0.16106907827908357
14189,3.769305219,3.5210685642117547,0.2482366547882453
14191,3.985274871,3.2879240884291994,0.6973507825708007
14193,3.677039601,3.820910457925671,0.14387085692567103
14194,3.273112437,3.2390428932272712,0.03406954377272875
14215,3.665174334,3.6103091399868528,0.05486519401314727
14216,4.115697267,4.016993083050901,0.09870418394909919
14223,4.426083706,4.117980087719651,0.3081036182803487
14230,3.621653641,4.032588982582154,0.41093534158215395
14240,3.345412943,2.7789724475692656,0.5664404954307343
14241,4.065041648,3.8534221086155744,0.2116195393844258
14242,3.924869577,3.6815968744118215,0.24327270258817846
14245,3.667524662,3.092216565459264,0.575308096540736
14247,3.732186904,3.798103891263941,0.06591698726394091
14281,3.504604506,3.696528337293817,0.19192383129381696
14289,3.81805874,3.671745954652867,0.1463127853471331
14299,2.872062317,3.2634988532908227,0.39143653629082253
14319,2.850673061,3.0950673904614816,0.24439432946148143
14323,2.559048291,3.173346154104283,0.6142978631042832
14324,2.318244253,2.9589904939011475,0.6407462409011475
14325,4.130745438,3.6645548395771312,0.4661905984228687
14331,2.933797207,3.1105118688727047,0.17671466187270468
14363,3.068209989,3.3532358589051467,0.28502586990514667
14378,2.919025973,3.3528888409656963,0.4338628679656962
14379,2.986261235,3.3243465608820326,0.33808532588203244
14386,3.102533177,3.423541544121318,0.32100836712131775
14387,3.238500243,4.101677157244917,0.8631769142449173
14388,3.124342802,3.688973269052801,0.5646304670528011
14409,3.576149963,3.4494359632582836,0.1267139997417166
14410,3.014563515,3.4731516645912937,0.4585881495912938
14426,3.547497341,3.593149334169417,0.045651993169416816
14427,3.588242309,3.6065428251207736,0.018300516120773658
14428,2.789725347,3.3029991356682937,0.5132737886682937
14430,3.82266742,3.51366782547769,0.3089995945223101
14433,4.725913333,4.043002096883689,0.6829112361163112
14435,3.270785553,4.148296441452809,0.8775108884528087
14436,3.286218178,3.4815031302598154,0.19528495225981546
14456,3.412383258,3.9728692230549956,0.5604859650549954
14459,3.366815046,3.7968978298807183,0.4300827838807182
14460,3.39223428,3.775235057577648,0.38300077757764805
14462,3.416174347,3.7546596381454727,0.33848529114547254
14505,4.458497389,3.858961363011172,0.5995360259888276
14506,3.976859111,3.961493337927474,0.015365773072526068
14507,3.607826057,3.8463867815004282,0.2385607245004282
14508,3.656205648,3.85451215718575,0.1983065091857501
14533,3.44364251,3.7350438284199248,0.29140131841992467
14547,3.586007483,3.717655046229914,0.1316475632299139
14548,4.047280061,3.8978224055318162,0.14945765546818413
14549,3.971520315,4.018192154327957,0.04667183932795682
14576,4.078123912,3.886364932180538,0.19175897981946166
14579,4.278263519,4.027709244315467,0.25055427468453306
14588,4.345905809,3.3335025399195004,1.0124032690804992
14593,3.9995043,3.3885528968125866,0.6109514031874133
14623,4.230862712,5.088279067318136,0.8574163553181355
14627,4.980140446,4.671565306918442,0.3085751390815581
14631,3.342721272,3.7589341942863865,0.4162129222863866
14698,2.008411762,2.2181184915466203,0.20970672954662017
14704,3.769784189,3.854757479708097,0.0849732907080969
14726,3.509758816,3.44206145635638,0.06769735964362011
14727,3.490502061,3.2085958749838923,0.2819061860161076
14731,6.098517976,3.28991530110875,2.80860267489125
14750,3.700145242,3.9076515215852696,0.20750627958526957
14752,3.977317129,3.9210027313781532,0.056314397621846535
14753,3.993613327,4.009027497179556,0.015414170179556042
14754,3.922127299,3.995034285920382,0.072906986920382
14755,3.621507458,3.7953775506037353,0.17387009260373532
14756,3.532064199,3.8543446439591924,0.3222804449591923
14775,4.017582124,3.560153907001462,0.45742821699853753
14830,3.47000792,3.4619864783776606,0.00802144162233942
14833,3.485342791,3.7694533753135264,0.28411058431352654
14842,3.491895283,3.7025259998204305,0.21063071682043066
14884,3.456592101,3.1468867272854175,0.3097053737145825
14885,3.398234791,3.236720148990844,0.161514642009156
14888,3.348717354,2.9710477117064857,0.3776696422935144
14889,2.764001435,3.030276738314981,0.26627530331498095
14890,3.397135495,3.2088244879240726,0.18831100707592752
14891,3.251693636,3.11872532515077,0.13296831084923033
14892,3.129860564,3.2603378825856004,0.13047731858560052
14893,3.340055824,3.164811682165078,0.17524414183492176
14910,3.364045909,3.562047129640652,0.19800122064065206
14927,3.656185675,4.015283711527874,0.359098036527874
14962,4.266425745,3.740608050163592,0.5258176948364084
14987,3.634790827,3.6881319019073224,0.05334107490732265
14989,3.347276592,3.7008405422392108,0.3535639502392107
14996,4.029905429,3.383991061390458,0.6459143676095422
14997,3.939057757,3.470356460027101,0.468701296972899
15006,3.660396008,3.713747290091918,0.05335128209191797
15009,3.794204931,3.6063742719988143,0.18783065900118556
15010,2.827901569,3.150164317958339,0.3222627489583392
15018,3.885191541,3.670889839440852,0.2143017015591484
15026,3.651017408,3.1467717553543992,0.5042456526456007
15050,3.568710841,3.4704702114133292,0.0982406295866709
15061,3.104035435,3.6828792182712586,0.5788437832712585
15062,3.067517202,3.6131496594938883,0.5456324574938884
15068,3.352689864,3.6002806571370596,0.24759079313705978
15070,3.739882275,3.7006120352263263,0.0392702397736735
15075,3.168026307,3.830963796804844,0.6629374898048441
15081,3.406335758,3.3991465469299045,0.007189211070095514
15084,3.657538438,3.6547998539934303,0.0027385840065696776
15086,3.64139478,3.667304715174028,0.025909935174027954
15092,3.82834229,4.15140948172876,0.32306719172876
15105,3.903832658,4.686141312012566,0.7823086540125663
15136,2.778810234,3.1140530092856356,0.33524277528563573
15138,3.827870926,3.653679640035752,0.17419128596424827
15140,4.984245526,3.9986665087772932,0.9855790172227064
15141,3.229663359,3.7552291148928147,0.5255657558928148
15142,2.964752091,3.133512787280749,0.1687606962807493
15159,3.286038782,3.1728715051552694,0.11316727684473049
15169,4.21550009,3.3991246842804697,0.8163754057195303
15194,4.02383296,3.2646980532597722,0.7591349067402278
15198,2.721630546,3.3530805505872108,0.6314500045872107
15207,3.597559382,3.869598288236031,0.2720389062360309
15211,2.84359869,3.1110264165549903,0.2674277265549905
15233,2.841406127,3.3142250655351435,0.47281893853514356
15249,4.020135186,4.199310283670214,0.179175097670214
15252,4.127417513,4.118482493264589,0.008935019735410776
15255,3.36290797,3.464283215781153,0.10137524578115276
15263,2.54438949,2.6120221766910223,0.0676326866910224
15266,3.028521549,3.3934552705402936,0.36493372154029347
15270,3.316366694,3.212249276820564,0.1041174171794359
15273,3.855218359,3.0694154799942397,0.7858028790057605
15280,3.769476234,3.3474891916235707,0.42198704237642914
15282,3.717814293,3.861996826598774,0.14418253359877387
15297,3.186271819,3.569623722650816,0.3833519036508162
15298,3.463413906,3.4063446577504513,0.05706924824954873
15301,4.268586041,3.8858100470853687,0.38277599391463113
15315,3.054861917,3.370304684770885,0.31544276777088465
15317,3.305252391,3.2922233657780025,0.013029025221997337
15320,3.581637955,3.641042418358897,0.05940446335889682
15326,3.751372597,3.8191963470012396,0.06782375000123952
15330,5.999438622,4.64031336729701,1.3591252547029908
15347,2.813398604,2.942807575210198,0.1294089712101978
15348,3.206711737,3.0172837228326213,0.18942801416737876
15350,2.657071158,3.453144966223855,0.7960738082238552
15351,3.83566521,2.7720881154578247,1.0635770945421754
15352,3.927259123,3.761342004422402,0.16591711857759783
15355,1.868819577,2.8752880631544104,1.0064684861544104
15371,4.449772458,3.8677426949252682,0.5820297630747318
15379,3.258598709,3.7998419831436134,0.5412432741436133
15380,4.29439886,3.8305019334226977,0.4638969265773025
15383,2.489295204,2.665765692636681,0.17647048863668102
15390,3.38440539,3.3369237522839,0.04748163771609981
15391,3.153570981,3.3737050169135023,0.22013403591350222
15393,3.726664639,3.540913830629113,0.1857508083708872
15394,3.746611961,3.765435421686021,0.0188234606860207
15395,3.258598709,3.8478999498573483,0.5893012408573481
15396,3.532140074,3.877136014565981,0.34499594056598104
15397,3.801483338,3.9132778840134783,0.11179454601347816
15398,3.818334312,3.870924478155947,0.052590166155946694
15418,2.952229911,3.2879467418305826,0.3357168308305827
15431,3.907724785,3.3667987410018783,0.5409260439981218
15434,3.34850541,3.318613977743333,0.029891432256667017
15437,3.119671871,3.267645221963569,0.14797335096356923
15450,3.326121848,3.616258692539328,0.29013684453932775
15464,3.448300428,3.0802883994970682,0.3680120285029318
15465,3.233605219,3.297475160176259,0.06386994117625866
15467,3.977270085,3.8910317005860984,0.08623838441390141
15480,4.397752739,3.9638675184158787,0.4338852205841217
15484,5.57960832,4.597753427454249,0.9818548925457513
15485,5.029984069,5.07115734175565,0.04117327275564975
15489,4.299413587,3.626228283348188,0.6731853036518123
15501,2.980526029,3.1932496997268305,0.21272367072683052
15506,3.069507766,3.35793526622485,0.28842750022485
15507,3.489110614,3.6299221507882153,0.14081153678821545
15512,3.547164049,3.7946253081705734,0.24746125917057338
15513,4.147875266,3.96555482089026,0.18232044510974
15537,3.981256695,3.8856559713413534,0.09560072365864647
15538,3.442829595,3.605645730375186,0.16281613537518602
15543,3.189367085,3.352711551722272,0.16334446672227187
15586,3.285060568,3.2550345824546323,0.030025985545367728
15588,3.404690984,3.5090634084885943,0.10437242448859418
15613,3.099166376,3.5842337444503474,0.4850673684503475
15615,3.444822229,3.6540426647487063,0.2092204357487062
15618,3.746833594,4.042896943765606,0.296063349765606
15624,3.673840117,3.276745920341591,0.39709419665840917
15631,2.45787258,3.6154541561366806,1.1575815761366806
15654,3.819939925,3.6899300528304946,0.13000987216950532
15662,2.792876148,3.1386710570548564,0.34579490905485644
15702,3.641178318,3.4764157750386384,0.16476254296136172
15707,3.26106837,3.782879698798599,0.521811328798599
15717,3.876857662,3.3498979905496507,0.5269596714503493
15724,6.156551105,4.346030473116257,1.810520631883743
15749,3.447733091,3.5967186805692934,0.14898558956929353
15761,3.551216842,3.4510520909451894,0.10016475105481071
15767,3.365566705,3.588909041149795,0.22334233614979482
15777,3.219314645,3.5764808989776173,0.3571662539776175
15778,3.660066297,3.721224487371978,0.061158190371978005
15779,3.339281452,3.5579933966121873,0.21871194461218746
15781,3.370115409,3.787802934720317,0.417687525720317
15782,3.53938267,3.5898856591294215,0.050502989129421305
15784,3.25235402,3.587773948315231,0.33541992831523126
15785,3.475738221,3.7410747069949126,0.2653364859949128
15786,3.567356507,3.9066014109885567,0.3392449039885568
15787,3.4245044,3.8594099253631438,0.43490552536314375
15789,3.653839375,3.90917181195785,0.25533243695785
15830,3.841937311,3.979456240060551,0.13751892906055074
15864,4.619790148,4.542723458854857,0.07706668914514303
15892,2.459390168,3.038444042445482,0.5790538744454818
15906,4.212128984,4.3854932994372176,0.17336431543721798
15909,5.041261061,5.238958219221209,0.19769715822120926
15917,2.517728389,3.3570433494501644,0.8393149604501642
15930,2.271643381,3.4245282040017666,1.1528848230017665
15931,2.6113097,3.541953809729846,0.9306441097298461
15943,3.880496804,3.573738162524199,0.3067586414758008
15946,1.787038019,2.754543120155337,0.9675051011553373
15969,3.973095867,3.7487165867491474,0.22437928025085263
15977,1.837752793,3.545727252389668,1.7079744593896682
15978,1.834159054,3.383523543979618,1.5493644899796182
16003,3.284733966,3.812786076101516,0.5280521101015161
16024,3.512422315,3.4656837739305075,0.04673854106949227
16074,4.207449578,3.7513331578455222,0.45611642015447806
16082,3.634880141,3.7295570941019656,0.09467695310196556
16126,3.535606027,3.7276565086098574,0.19205048160985738
16130,4.166510038,3.968424886859428,0.19808515114057235
16146,3.872320838,3.437273654949604,0.4350471830503957
16149,3.080833245,3.1460038350782917,0.06517059007829173
16160,3.056543135,3.7283348729103287,0.6717917379103286
16164,3.204122781,3.1797930218770936,0.02432975912290658
16166,3.225725281,3.2372565799095288,0.011531298909528864
16168,3.243501876,3.292098476257641,0.04859660025764123
16176,3.67335119,3.7416293402505305,0.06827815025053052
16177,3.669802848,3.8002667880466876,0.13046394004668782
16178,4.002712722,3.532763003339463,0.46994971866053703
16228,3.720214024,3.8299937856178756,0.1097797616178755
16237,3.987800286,3.7272427857913004,0.2605575002086997
16238,3.740127844,3.7240149598562597,0.016112884143740125
16248,3.490931085,3.790655449572242,0.29972436457224205
16251,3.727624172,3.7063268123524242,0.021297359647575842
16260,3.138025363,3.3598347288342274,0.22180936583422728
16264,3.307484152,3.291938152746362,0.015545999253637977
16282,3.883371948,3.9553100287817853,0.0719380807817851
16291,3.141366223,3.542690568285273,0.40132434528527305
16303,4.054760417,3.8629492185837786,0.19181119841622118
16304,3.37705697,3.7858003111794676,0.40874334117946765
16308,3.317784852,3.4286739653053115,0.11088911330531159
16319,4.135844267,4.088443818961021,0.0474004480389798
16332,3.330547397,3.484327437049192,0.15378004004919177
16377,2.22645316,3.249769988166985,1.0233168281669847
16380,3.009732595,3.432103076006047,0.4223704810060469
16381,2.515264204,3.198933366162092,0.6836691621620918
16382,2.915119743,3.7049294448805523,0.7898097018805523
16395,4.102784066,4.350449943754892,0.24766587775489235
16404,3.575210099,3.540273911792558,0.03493618720744207
16405,3.502795217,2.911582755225735,0.5912124617742651
16413,3.316542733,3.7221695173208387,0.40562678432083876
16438,3.81000196,3.8437480163625812,0.0337460563625811
16441,3.723525372,3.8266982173660558,0.10317284536605564
16447,3.924368319,3.996748663630132,0.07238034463013188
16449,2.928507868,3.2860955379072143,0.35758766990721425
16451,3.622803442,3.719393666870366,0.09659022487036628
16456,3.257482286,3.5124704801808644,0.25498819418086427
16461,3.86652178,3.6109944738515285,0.2555273061484713
16465,3.809317671,3.085513467012592,0.7238042039874082
16483,3.984037612,3.5900569529870388,0.3939806590129611
