ligand_id,y,prediction,abs_residual
10,2.879025754,3.6452726728123395,0.7662469188123393
16,5.882834638,3.7955368878631965,2.0872977501368037
62,3.358051236,3.505255135677845,0.14720389967784486
74,4.239971231,3.9251851213529525,0.3147861096470477
78,1.427654993,2.4653477836056146,1.0376927906056146
84,4.651597954,4.241271834300321,0.410326119699679
90,3.027922626,3.163483442175241,0.13556081617524107
94,4.626843591,4.382437594981586,0.24440599601841395
95,2.598234601,3.4075108431105536,0.8092762421105535
122,3.927901751,3.7613370930187147,0.16656465798128517
131,4.015908184,3.3095106622688606,0.7063975217311391
134,3.937195421,3.7649756757397395,0.17221974526026074
140,2.802112091,3.039288791191167,0.23717670019116666
141,3.801412286,3.5743284062656997,0.22708387973430044
164,6.757180187,4.22432849207641,2.5328516949235906
165,1.574330387,2.2651858428226888,0.6908554558226887
196,4.154926917,3.788455497259638,0.36647141974036224
202,1.797919532,1.9796731586492797,0.18175362664927963
207,2.485202106,2.7791155090656483,0.2939134030656483
216,2.542315477,2.9095995484220145,0.3672840714220147
230,3.634302752,3.885666349387547,0.251363597387547
249,3.643398096,3.7527591467968007,0.10936105079680081
253,4.054398261,4.938253097499232,0.883854836499232
254,4.462175445,4.747364438903729,0.28518899390372887
260,3.063425105,3.124896731962048,0.06147162696204811
268,3.746743974,3.874003739214045,0.12725976521404503
272,4.015587791,3.7159666225704795,0.29962116842952025
283,3.132837831,3.027256278388047,0.10558155261195301
287,3.40026809,3.198401363745566,0.2018667262544338
292,4.111224269,4.0091918087333624,0.10203246026663759
295,1.449269864,2.0667980524289558,0.6175281884289558
301,4.251042759,3.7259654689779005,0.5250772900220992
312,3.846791041,3.9352879116238553,0.08849687062385536
322,3.154653472,4.469196218281991,1.3145427462819907
326,3.742984616,3.703027300899872,0.03995731510012801
333,2.871932005,2.4128110246297467,0.4591209803702534
334,3.988207676,3.849711760787046,0.13849591521295412
350,3.931892225,3.9086988549162984,0.02319337008370148
361,4.080096324,3.8819541083142504,0.19814221568574997
368,3.494701757,3.9661606042979125,0.47145884729791243
382,4.181635406,3.7423730691760286,0.4392623368239712
396,3.99194008,3.8320029597708674,0.15993712022913265
399,3.039942171,3.34139236313561,0.3014501921356101
406,4.461095467,3.9880654734700975,0.47302999352990227
410,4.055519594,3.9800555977009924,0.07546399629900735
414,3.948851379,4.254456136810422,0.30560475781042173
423,2.091380654,2.1931647787868265,0.10178412478682652
424,3.839638975,3.8796761711554053,0.04003719615540513
425,3.766619166,3.775924243103656,0.009305077103656245
428,1.867622814,3.0737657679283297,1.2061429539283297
432,2.315821126,2.763777551521244,0.44795642552124404
437,4.055811039,3.7879306975797435,0.2678803414202564
463,4.231604131,3.7197904039126266,0.5118137270873735
470,2.812857088,3.2923551491460787,0.47949806114607885
472,3.837017009,3.8648445163591334,0.027827507359133197
473,3.8692422,4.452490875948007,0.5832486759480067
475,3.301572525,3.8030427791852377,0.5014702541852376
480,2.632078148,2.925351042656101,0.29327289465610074
481,2.668672445,2.731750182677575,0.0630777376775753
488,2.339785233,2.8054356646593783,0.46565043165937814
499,2.427015206,2.6977957006719526,0.27078049467195253
500,2.825343237,2.9112747984990506,0.08593156149905079
506,3.187104929,3.422986707804614,0.2358817788046137
511,3.80486152,3.6979402781596744,0.10692124184032581
525,4.817161221,4.183350723062336,0.633810497937664
559,4.145537126,4.095091309169898,0.050445816830102075
564,4.027748474,3.3498331425463896,0.6779153314536104
565,3.619987248,3.8989469686729774,0.27895972067297725
568,1.540899459,3.1209274687604123,1.5800280097604122
569,2.953316496,2.809108871184197,0.14420762481580285
579,3.714227634,5.217596204185479,1.5033685701854789
585,4.852234922,5.006010946584659,0.15377602458465933
593,3.836930722,3.645225121829332,0.19170560017066807
598,3.448222806,4.004104882228559,0.5558820762285595
599,4.139600838,3.634345261580184,0.5052555764198159
614,3.392074831,2.961840957336304,0.4302338736636959
640,2.104468553,2.064477771794949,0.03999078120505084
658,3.93981481,3.7039235947038684,0.23589121529613166
677,3.634743708,3.7678860676111494,0.13314235961114962
679,4.2491762,3.743260366287373,0.5059158337126268
682,3.013959516,2.7737786522545207,0.2401808637454792
690,1.96869857,2.6246206683232502,0.6559220983232503
701,3.929660968,3.4367025382953167,0.4929584297046832
712,3.806239608,3.800468817982403,0.0057707900175967275
726,5.371005893,3.9572158639457857,1.4137900290542147
738,4.073950401,4.42418824224076,0.35023784124075963
761,3.336834803,3.738682355719655,0.401847552719655
783,5.380215866,4.448335601968163,0.9318802640318378
792,2.877351016,3.5245098253075193,0.6471588093075193
805,3.822117648,4.106847216835632,0.2847295688356324
814,1.225733029,2.6345095831897645,1.4087765541897646
819,5.772132395,3.8425826548343593,1.9295497401656405
830,3.5652915,3.6066360806507802,0.041344580650780394
834,5.348949078,4.287798538791823,1.0611505392081773
840,3.906360086,3.834229202327974,0.0721308836720258
845,5.173968028,3.7136342586092215,1.4603337693907785
849,1.935612788,1.9790779764688435,0.04346518846884351
852,6.205281716,4.153138036802647,2.0521436791973526
859,2.181577491,2.289849544646853,0.1082720536468531
863,2.159892482,2.458028651097651,0.29813616909765095
871,3.445095558,4.111273097031815,0.6661775390318154
881,3.345130754,3.9914943331802872,0.6463635791802873
891,3.629223474,2.272663080983403,1.3565603930165966
892,3.331723667,2.736383127695118,0.5953405393048818
904,4.203132651,3.773153676601346,0.42997897439865396
911,3.48628623,3.91977629883634,0.43349006883633967
918,5.055481765,2.9771365243126837,2.078345240687316
930,3.196134716,2.4513068481842586,0.7448278678157414
934,1.329574138,2.3967059815267238,1.0671318435267239
937,3.134157975,3.106902257318607,0.027255717681392788
947,4.705030696,3.9914858112869576,0.7135448847130421
952,3.086663706,3.8102937878528977,0.7236300818528978
964,3.201765221,3.5984481191220046,0.3966828981220045
973,3.328860527,3.0546355968272274,0.2742249301727724
974,3.065399568,2.823448757906235,0.24195081009376507
975,3.017548063,3.0277948043059877,0.010246741305987683
979,3.385538072,3.3210118229916,0.06452624900839998
999,4.458336346,3.9991680766242936,0.45916826937570665
1034,2.671465013,2.6965035616368365,0.0250385486368363
1036,3.576040731,3.3675897777751653,0.20845095322483465
1044,3.379493287,3.116312780458973,0.26318050654102665
1046,3.392605998,3.2224874221727893,0.1701185758272108
1059,3.102060484,2.9070965066042254,0.19496397739577453
1060,2.733308865,3.217828638627376,0.48451977362737564
1065,2.494868676,2.5790877009039868,0.08421902490398692
1066,2.208907496,2.745483670225144,0.5365761742251438
1073,2.853987286,2.7401212668269466,0.11386601917305361
1075,2.72606467,2.6777443864397497,0.04832028356025031
1081,2.996515923,2.715268055796904,0.281247867203096
1084,2.019450842,2.6087575110416807,0.5893066690416808
1085,2.769631356,3.3257445404469514,0.5561131844469513
1086,3.856147966,3.2110271574283664,0.6451208085716336
1087,3.275865285,3.0429986599174033,0.2328666250825968
1090,1.363681392,2.59174568982334,1.2280642978233403
1095,2.981199727,3.7180457741878725,0.7368460471878726
1116,2.879164002,3.849211323217079,0.9700473212170788
1121,3.605060581,3.44749563106712,0.15756494993288017
1126,2.416848453,2.411208259126768,0.005640193873232224
1129,3.489550698,3.2231829293390595,0.2663677686609405
1136,4.456290101,3.400035798120447,1.0562543028795526
1137,3.10382204,2.3602742590976744,0.7435477809023254
1139,2.809963522,2.8561693170254037,0.046205795025403784
1203,3.432499715,3.49042771212999,0.05792799712998997
1210,3.619344465,2.76245021807602,0.85689424692398
1214,2.10312382,2.4431727005287094,0.3400488805287094
1216,2.654536418,3.1714415121496002,0.5169050941496001
1226,2.69913404,2.1821884230154414,0.5169456169845588
1235,3.518487018,3.478853282769348,0.03963373523065217
1239,4.483622193,3.5088295431662373,0.9747926498337631
1245,3.637432544,3.272997753984132,0.364434790015868
1258,2.984819745,3.22836528069106,0.24354553569106008
1259,2.827798098,3.231441690407335,0.40364359240733494
1267,2.156319558,2.4488528162762435,0.29253325827624366
1273,4.387698726,5.428153719108189,1.040454993108189
1274,4.105587102,4.182086308284307,0.07649920628430706
1281,3.201531489,4.30119385899181,1.0996623699918096
1284,3.423532001,3.4902610711879025,0.06672907018790264
1290,3.82276529,3.5695931313987033,0.2531721586012967
1293,3.070431941,3.7013945301555413,0.6309625891555415
1295,3.586264652,3.900736889282123,0.3144722372821227
1300,5.723640352,4.049637718784156,1.674002633215844
1309,4.369364351,3.4618340984230414,0.9075302525769584
1312,4.719384108,3.7566978990777766,0.9626862089222232
1315,5.27586337,3.8734312412974052,1.4024321287025945
1318,4.108194489,3.3630471101781496,0.7451473788218501
1321,2.237671847,2.4525300074552723,0.21485816045527217
1341,4.166970877,4.147307832290444,0.0196630447095556
1348,3.506729176,3.9477056576685188,0.4409764816685189
1365,3.303580486,3.306200995457476,0.00262050945747605
1373,4.500270103,4.830994423054759,0.3307243200547587
1378,2.770426505,2.524095855295432,0.2463306497045683
1383,3.345786681,3.2634552467777573,0.08233143422224254
1394,1.359544755,2.14417773453722,0.78463297953722
1395,2.244447418,2.500463347064595,0.25601592906459514
1415,3.906265042,4.020934813187752,0.11466977118775246
1423,3.582242955,3.3787207511280926,0.20352220387190734
1430,3.360566593,3.603498049860815,0.24293145686081496
1432,5.58592974,3.7565164346092432,1.8294133053907569
1433,3.233279357,3.3929748039136727,0.15969544691367288
1434,3.821692459,3.8518724497727215,0.0301799907727216
1442,2.681623662,2.687617380515429,0.0059937185154290695
1446,4.546964415,3.5088507275538663,1.0381136874461334
1450,3.471838636,3.364409154060123,0.10742948193987711
1452,4.049788459,3.7692130950603357,0.2805753639396644
1460,3.345720216,2.8550157853118208,0.49070443068817937
1469,2.785474427,3.610060106874613,0.824585679874613
1520,4.101452722,3.856122326457329,0.2453303955426711
1528,3.428487689,3.2255927813975256,0.2028949076024742
1529,3.255435611,3.488800211616307,0.23336460061630726
1534,5.762244135,4.091094976247548,1.6711491587524527
1537,2.454963652,2.8800090910350495,0.42504543903504954
1545,3.105008422,3.3458129738412046,0.24080455184120453
1547,3.338765882,3.0433026451099403,0.2954632368900598
1549,3.15028045,2.8624086549563534,0.28787179504364646
1554,3.648802606,3.5798271510854636,0.06897545491453627
1555,2.695788026,2.3862284008857433,0.3095596251142565
1558,4.067719675,3.930627421221329,0.1370922537786714
1568,3.233063166,3.127446093643453,0.10561707235654705
1590,3.525005443,4.045614757390287,0.520609314390287
1599,3.899209654,3.343159853299099,0.5560498007009009
1600,3.654060971,3.8724487253341455,0.2183877543341457
1602,2.988017543,3.0598055796792494,0.07178803667924916
1613,4.556695035,3.7733242818762798,0.78337075312372
1614,1.663807372,2.2683239512253075,0.6045165792253075
1615,3.781791558,3.3749130666033893,0.4068784913966108
1616,4.275540409,4.167076365708762,0.10846404329123871
1618,2.881897974,2.6065171192636205,0.27538085473637963
1629,3.734782545,3.6128587710082942,0.12192377399170562
1630,4.02071816,3.8340490181725118,0.18666914182748862
1638,4.075823967,4.142816315300233,0.06699234830023304
1643,4.572935464,4.005891270413101,0.5670441935868995
1644,4.524635528,3.7980809795812527,0.7265545484187474
1650,3.519133918,3.554459832629034,0.035325914629034116
1651,3.183863922,3.0519813036988266,0.13188261830117343
1660,2.903623479,3.1177679490769963,0.2141444700769961
1661,4.482130075,3.683509278596349,0.7986207964036507
1662,4.451868605,3.6689618295302466,0.782906775469753
1669,2.037936196,2.4268939169865087,0.3889577209865087
1686,4.859079727,3.5686112696533168,1.2904684573466834
1688,3.076453892,3.657984609886378,0.5815307178863782
1689,2.688319691,3.2928518281277985,0.6045321371277987
1692,3.404132939,2.7109551874401823,0.6931777515598179
1700,3.114253187,3.5451358406834306,0.4308826536834305
1703,3.007470389,3.222135844325437,0.21466545532543702
1710,3.418486352,3.6261444672673595,0.20765811526735956
1714,3.784329094,3.5724820073332246,0.2118470866667752
1715,2.921203658,2.8760017063360817,0.04520195166391838
1741,1.965562728,2.4437928343836504,0.47823010638365027
1742,2.911593683,3.247386508255313,0.33579282525531307
1743,2.754384744,2.867454355306778,0.11306961130677795
1755,3.13417073,3.457785848479719,0.3236151184797187
1756,2.200850969,3.4791080945901802,1.27825712559018
1757,1.783874548,3.538117060731765,1.7542425127317651
1758,2.659112743,3.651836872265338,0.9927241292653379
1759,2.31163207,3.7133929651472517,1.4017608951472518
1770,3.807550361,3.814902072149972,0.007351711149971685
1781,3.786284085,3.8172031732848875,0.03091908828488732
1782,3.528586173,3.397408221225407,0.13117795177459302
1786,2.733056528,3.1514977270485596,0.4184411990485595
1787,3.301554451,3.2870230758690244,0.014531375130975466
1788,4.168804065,4.22033456177353,0.05153049677353039
1789,4.389322465,4.242882629782574,0.14643983521742587
1790,4.454316274,3.342506610636401,1.1118096633635988
1792,3.678523345,3.2906686730760275,0.3878546719239724
1797,3.53848576,3.807483178862249,0.26899741886224904
1798,2.333642558,2.989160830339564,0.6555182723395636
1803,2.350257712,3.224483245316523,0.874225533316523
1809,1.86978011,2.1001749831222623,0.23039487312226226
1813,2.984595913,3.471002159513945,0.48640624651394493
1814,2.727491553,2.62798345045202,0.09950810254798004
1823,3.007892329,3.45262589400712,0.44473356500712
1832,3.432578632,3.5340827447366374,0.10150411273663762
1842,3.168670957,3.600260935333632,0.4315899783336321
1845,3.74878787,3.766104223987949,0.01731635398794884
1854,4.236707968,3.4676825659925865,0.7690254020074136
1865,2.763877031,2.907207206845216,0.14333017584521635
1869,3.166398394,2.8804541053264043,0.28594428867359545
1872,3.165117321,3.6894575576884727,0.5243402366884728
1875,2.599292745,3.3758589049225503,0.7765661599225502
1887,3.559823296,3.547745689801766,0.012077606198233948
1915,3.002758641,3.4864820114297927,0.48372337042979296
1918,3.377569668,3.614399658531629,0.2368299905316289
1919,3.347757268,3.566809708652589,0.2190524406525891
1920,3.772256492,3.7151266886251957,0.05712980337480422
1933,4.346105108,3.819512375966074,0.5265927320339259
1940,4.842386687,4.71544473179315,0.12694195520685003
1946,3.132381377,3.6048585062581537,0.47247712925815355
1947,4.528376709,4.079440083809199,0.44893662519080113
1952,3.17159065,2.721380058499151,0.45021059150084897
1957,2.847990576,3.6441451844257235,0.7961546084257236
1958,3.030903177,3.168659767716008,0.1377565907160081
1963,4.014864414,3.6784410169328603,0.33642339706713953
1965,2.855269228,3.129227836847607,0.2739586088476069
1966,4.559571503,4.286700095576984,0.27287140742301563
1967,3.145091041,3.4380082787423802,0.2929172377423801
1982,3.669389205,3.0932003877072813,0.5761888172927185
1983,3.61412854,3.1790021169572236,0.43512642304277627
1995,3.67738165,3.67160238751196,0.005779262488040171
2006,3.544619425,3.4269249790557166,0.11769444594428347
2008,3.067337479,3.0151188097873822,0.05221866921261764
2009,5.652585625,4.028265897715545,1.6243197272844556
2015,4.330935784,3.851642882030045,0.4792929019699552
2032,3.508337105,3.5351822942615168,0.02684518926151691
2040,3.85322547,3.7732958899373306,0.07992958006266937
2045,3.321470698,3.3088606556299913,0.012610042370008845
2047,3.337321685,3.551974110732226,0.21465242573222598
2060,3.385597484,3.1622254979552773,0.22337198604472253
2063,2.905435056,2.9362429075015086,0.030807851501508665
2066,3.612291336,3.530047415527617,0.08224392047238327
2067,3.176730649,3.2518449404583123,0.07511429145831228
2078,5.939802034,3.9350158200882714,2.004786213911729
2080,3.59653552,3.8445692121404393,0.24803369214043913
2084,3.869168136,4.302923631704412,0.4337554957044123
2093,3.639537714,3.7995338666419576,0.15999615264195777
2110,3.19193981,2.200260338635338,0.991679471364662
2113,2.792102647,3.168186584456399,0.3760839374563987
2114,3.927580319,3.3082287781900153,0.6193515408099848
2116,2.604559465,2.7583139364500946,0.1537544714500947
2121,2.744450141,2.7952895124009,0.05083937140089967
2142,4.642776412,4.290856381472893,0.35192003052710685
2143,4.329902737,4.2982070580884715,0.0316956789115288
2145,2.480504555,3.464215903794036,0.9837113487940359
2148,2.228614202,3.190893264040236,0.9622790620402357
2153,4.848250715,3.0788885445687124,1.7693621704312874
2155,3.487812332,3.4572916413792742,0.0305206906207256
2156,3.556511412,3.5502047309400395,0.006306681059960351
2166,3.945010414,3.3016632331188145,0.6433471808811855
2167,3.651992364,3.744316729942332,0.09232436594233207
2172,3.812799014,3.810748483668955,0.002050530331044964
2192,4.251768976,3.8277635610667895,0.42400541493321064
2196,3.596517926,3.2258964628548132,0.37062146314518696
2198,2.767094244,2.768416744249558,0.0013225002495582672
2207,3.768439775,4.042550566202638,0.2741107912026379
2211,3.780762722,3.3305517374140248,0.4502109845859752
2217,4.397306718,4.055419390256411,0.34188732774358943
2238,3.057631638,3.5197530541260242,0.4621214161260241
2244,2.609270835,2.939625742535876,0.33035490753587604
2246,2.152893488,2.918675760484733,0.7657822724847327
2247,2.824353665,2.3418122208090706,0.48254144419092926
2250,4.172029895,3.9743732890814245,0.19765660591857515
2264,3.35975081,3.161307023244075,0.198443786755925
2272,3.497238656,3.7142099000259403,0.21697124402594037
2290,3.471079729,4.045801160480918,0.5747214314809184
2294,3.82108637,3.634066830993032,0.18701953900696822
2308,2.813032354,3.3018452587343528,0.48881290473435257
2312,3.109703866,3.076356114996056,0.03334775100394394
2321,3.062909827,3.307178464215801,0.24426863721580094
2328,3.505041775,4.191074595491317,0.6860328204913171
2344,3.330799191,3.4602915887330448,0.12949239773304466
2354,4.080612058,3.7663396378705833,0.3142724201294165
2361,3.164926578,3.542316448239227,0.3773898702392269
2370,4.121840602,3.6021703937665777,0.5196702082334221
2377,4.119287318,3.735164184313671,0.38412313368632844
2379,3.971577337,4.080252094867362,0.10867475786736192
2387,5.341688366,3.6798365748785216,1.661851791121478
2395,2.936620155,3.5422624134409784,0.6056422584409784
2397,3.314774289,3.4129715377261594,0.09819724872615954
2413,4.384659804,4.078257450585269,0.30640235341473065
2419,3.679156732,3.8620038185133385,0.18284708651333847
2425,2.817658316,3.1421471647249697,0.3244888487249695
2432,4.207053343,3.5222789732875435,0.6847743697124566
2439,2.885596776,3.3691468142288428,0.4835500382288429
2440,3.476524414,3.709965445452126,0.2334410314521258
2443,3.037437565,3.2754682050687425,0.23803064006874264
2453,3.829591848,3.8514784663356108,0.021886618335610564
2457,4.723731848,4.070369587473873,0.6533622605261273
2459,3.176202231,3.452303270751728,0.27610103975172784
2466,3.861409797,3.6052857157079856,0.25612408129201425
2467,3.860485649,3.95978983042184,0.09930418142183983
2470,3.466420404,3.482704763726239,0.016284359726239206
2486,4.854718014,4.2217905510734575,0.6329274629265429
2489,3.204713113,3.3248094646767825,0.12009635167678256
2490,3.825908832,3.67493974056653,0.15096909143347004
2495,3.25584154,3.2225400640039115,0.03330147599608857
2499,4.258452896,3.6871581473748045,0.5712947486251951
2502,3.114455295,3.119090860906839,0.004635565906839112
2508,3.6772447,3.2507527892626005,0.42649191073739967
2516,3.73817585,3.6135252996933667,0.12465055030663352
2518,3.62300179,3.3294162793391866,0.2935855106608134
2531,2.806089487,2.9176822592760066,0.11159277227600661
2534,4.02086656,3.5284061424063156,0.4924604175936844
2565,4.497033997,3.951360709341577,0.5456732876584232
2566,4.51431829,3.9775141072080378,0.5368041827919625
2569,4.493926848,3.95971226206617,0.5342145859338299
2583,3.664573146,3.450168774666287,0.21440437133371315
2585,4.245425265,4.381886441633247,0.1364611766332473
2595,3.845463491,3.887683796692445,0.04222030569244506
2603,2.959934421,3.255892684764567,0.29595826376456724
2611,3.674172785,3.7481426956629456,0.07396991066294545
2613,3.29118114,3.2061314711061764,0.0850496688938236
2615,3.664119608,3.805521260905685,0.14140165290568518
2623,3.535671544,3.3108864679027565,0.2247850760972434
2629,3.05657456,3.447713928696106,0.391139368696106
2660,3.669170386,3.953178343631803,0.2840079576318031
2665,3.003039054,3.1993901520774166,0.1963510980774168
2667,4.011220808,3.949097165698223,0.062123642301776805
2675,2.874015667,3.504828648037547,0.6308129810375469
2683,3.457042762,3.6631178131322435,0.20607505113224356
2687,3.585337881,3.8635208167172643,0.27818293571726427
2710,3.347537083,4.569566319139675,1.2220292361396745
2716,3.359318911,3.5235581879972213,0.1642392769972214
2731,3.936285393,3.721056586092655,0.2152288069073447
2756,4.483814487,3.7520362001798793,0.7317782868201208
2757,2.769522713,3.094632293978365,0.32510958097836484
2761,4.795231815,3.983093954589234,0.8121378604107661
2766,3.676900911,3.6184983757163574,0.05840253528364281
2772,2.899757987,3.2760118411712167,0.3762538541712166
2792,3.438430003,3.9212084258006628,0.48277842280066263
2799,2.533452046,2.1205046401430865,0.41294740585691336
2809,2.880823676,3.016226405009454,0.13540272900945416
2832,5.022993956,4.69667865848991,0.3263152975100896
2836,3.494397254,3.637850602031933,0.1434533480319331
2842,4.140552036,3.670031606441074,0.4705204295589258
2849,2.94897601,3.171608039525732,0.22263202952573202
2850,3.773555345,3.7780135938837582,0.00445824888375812
2860,3.053494859,3.391484039705295,0.33798918070529504
2868,3.951351075,3.8900506232112164,0.061300451788783406
2869,3.612701095,3.1098556139975795,0.5028454810024203
2880,3.546232563,3.747446996519473,0.20121443351947343
2889,3.410906719,3.6327249583185472,0.22181823931854705
2895,4.066546558,3.7254635249751855,0.34108303302481424
2896,3.878075126,3.7088104524839345,0.16926467351606567
2897,3.835875099,3.7875682560929946,0.048306842907005265
2898,3.86382528,3.871622512401677,0.007797232401677068
2899,4.131499329,4.124301467826165,0.0071978611738350295
2901,3.652098926,4.0120412080809205,0.3599422820809206
2902,4.004281444,3.8186577243651536,0.18562371963484647
2903,3.881334107,3.780708843208509,0.10062526379149084
2904,3.881334107,3.7972100287120107,0.08412407828798907
2905,3.970778432,3.8638022840062054,0.10697614799379451
2909,3.031498091,3.562293815358298,0.5307957243582981
2910,4.402898173,3.9926047786926087,0.410293394307391
2911,2.914586421,2.8416504175321546,0.07293600346784546
2946,5.166942951,3.8236294797437935,1.3433134712562067
2949,3.073214741,3.3090816572703017,0.23586691627030154
2950,4.009093795,3.8556511996131735,0.15344259538682659
2951,3.421830379,3.838742971035424,0.41691259203542375
2957,3.913741023,3.757032299082416,0.15670872391758417
2958,4.024203161,3.6682819793416908,0.3559211816583092
2959,3.791386513,3.705717411461098,0.08566910153890195
2964,3.849847832,3.986996148796979,0.13714831679697914
2965,3.713263676,3.6909871005790036,0.02227657542099637
2967,3.673089732,3.92334033890699,0.25025060690698986
2975,4.158698049,3.9627659867292984,0.19593206227070148
2976,4.49315238,4.077443767179944,0.41570861282005556
2989,4.063225914,4.052850886352185,0.010375027647815394
2990,3.999277704,4.073288166504868,0.07401046250486853
2992,3.70603211,3.6340755564966174,0.07195655350338281
2994,4.982665482,3.9323606206982653,1.0503048613017345
3004,3.850959395,3.7505767122521845,0.10038268274781537
3005,3.632722951,4.0228457068338415,0.3901227558338416
3010,3.735002473,3.957767794834929,0.2227653218349288
3015,4.553688018,3.9980072153996886,0.5556808026003113
3019,2.5898858,3.1425310357113627,0.5526452357113629
3020,2.223142755,2.594437268934678,0.37129451393467816
3021,3.798728314,3.049562909331201,0.749165404668799
3036,3.840373486,3.7274566184116287,0.11291686758837116
3040,3.987796315,3.6806966105857404,0.3070997044142598
3048,4.153333475,3.860586935139049,0.2927465398609512
3055,3.608514572,3.6810110462959504,0.07249647429595063
3060,2.868427678,3.0261718338271693,0.15774415582716905
3065,3.59451758,3.3516500418137123,0.24286753818628792
3073,3.850689277,3.8964691219128964,0.04577984491289655
3080,4.894149847,3.717632290439364,1.1765175565606363
3081,3.798891251,3.536160954551037,0.26273029644896306
3084,5.183921982,4.482154366845393,0.7017676151546075
3085,4.180856733,4.200774867863332,0.019918134863332604
3093,4.834927966,4.317809571776673,0.5171183942233277
3103,3.869655084,3.474248402567859,0.3954066814321413
3109,3.491913318,3.4468879017082563,0.045025416291743614
3117,3.87567897,3.6886705487916456,0.18700842120835448
3118,4.126938827,3.5773923381718236,0.5495464888281765
3119,4.093515072,3.8766286459061705,0.21688642609382924
3120,3.968576335,3.6326111549610554,0.3359651800389445
3122,4.202659541,3.7977914123889063,0.4048681286110938
3134,3.360281369,3.304794704181673,0.05548666481832676
3141,2.68267789,2.881746823875661,0.19906893387566127
3151,3.970218586,4.425366888529377,0.45514830252937655
3152,4.194585491,4.617321917948102,0.4227364269481022
3153,4.574396174,4.229428209136202,0.3449679648637982
3154,3.901629546,3.826183085280178,0.0754464607198222
3174,3.156962856,3.3716966538057664,0.21473379780576662
3175,3.511112975,3.8727974224288393,0.3616844474288392
3179,4.071393049,3.3117001267557153,0.7596929222442848
3182,3.17184342,3.809367920949426,0.6375245009494259
3194,4.093191051,3.982455996414007,0.11073505458599264
3202,4.148510111,3.507334344264355,0.6411757667356452
3213,3.515052144,3.6237541169841165,0.10870197298411632
3216,3.730373082,3.337289912522636,0.393083169477364
3217,3.345578466,3.7332318072880284,0.3876533412880283
3218,3.126758711,2.9071185819222087,0.21964012907779118
3222,3.678660617,3.4555066907594747,0.2231539262405251
3230,3.742250016,3.785711450578057,0.04346143457805729
3231,3.526491586,3.332165827504489,0.19432575849551093
3232,3.732303272,4.135667380766909,0.40336410876690953
3243,7.640835252,4.085345356329142,3.555489895670857
3246,2.16388091,2.353892402446794,0.19001149244679416
3253,3.528659645,3.0391778764642416,0.4894817685357582
3262,4.202286956,3.540906638072669,0.661380317927331
3274,3.146591381,3.3152118685832455,0.16862048758324555
3275,3.728062318,3.7399063707625766,0.011844052762576496
3276,2.184248993,2.690998886168164,0.506749893168164
3280,3.216561735,3.6302634829605553,0.41370174796055537
3282,3.230894341,3.5306912874263934,0.29979694642639343
3298,2.971772483,3.2625058210879927,0.2907333380879926
3299,3.031747687,3.225223783368431,0.193476096368431
3301,3.505654552,3.6036416400095117,0.0979870880095115
3307,3.736993744,3.6122125430151146,0.12478120098488521
3310,2.915602072,3.2820161801010377,0.3664141081010377
3314,3.42375853,3.5044697258616053,0.08071119586160513
3315,3.190860624,3.4009170315865753,0.2100564075865754
3316,2.94098315,3.338290700006386,0.39730755000638585
3317,3.165173406,3.4393406931088313,0.2741672871088312
3318,2.918608552,3.4798149816977135,0.5612064296977137
3319,3.133278801,3.654730463129914,0.5214516621299139
3329,2.994893245,3.38716021805693,0.3922669730569299
3332,3.905293087,3.8408215396332213,0.06447154736677874
3343,4.369689582,4.528078536495645,0.15838895449564472
3345,3.735214186,3.689698693676051,0.04551549232394869
3361,3.595178749,2.7275584693638413,0.8676202796361587
3374,4.323789247,4.040881071648406,0.2829081753515936
3377,3.389109103,2.952508138495768,0.4366009645042319
3383,3.454749428,3.550529341545957,0.09577991354595694
3404,3.643209375,3.3222179246123855,0.32099145038761456
3405,3.445519693,3.499070477126817,0.0535507841268168
3408,3.067380867,3.311695917937856,0.244315050937856
3410,3.715209906,3.836598216999169,0.12138831099916869
3418,3.539675664,3.9801418524549814,0.4404661884549812
3419,2.947979379,2.829686159455903,0.1182932195440971
3423,2.602490679,3.2917099141942128,0.6892192351942126
3438,4.101418633,3.3005542420699907,0.800864390930009
3439,4.127419782,3.40566736174967,0.7217524202503296
3440,4.175171834,3.5928797683425846,0.5822920656574158
3441,5.639000625,3.808326643432502,1.8306739815674984
3451,3.725274126,3.6836350925663384,0.0416390334336616
3452,3.580845584,3.2563001884807785,0.32454539551922146
3459,2.58530207,2.680683994148814,0.09538192414881408
3460,2.835179543,2.773053751663599,0.06212579133640128
3466,3.805789612,3.535910509189462,0.26987910281053784
3473,3.369443879,4.179143948089196,0.8097000690891965
3486,2.633734022,3.073764969503179,0.4400309475031787
3490,3.001430812,2.9057271789592427,0.09570363304075746
3497,4.358859385,3.724361713383565,0.6344976716164346
3504,3.019314806,3.64133438675384,0.62201958075384
3510,3.468261645,3.7555025933322037,0.2872409483322036
3514,3.214820014,3.3811531420113687,0.1663331280113689
3518,2.864244348,3.29070453148829,0.42646018348828996
3522,3.528774421,3.1739376593520943,0.3548367616479058
3528,3.462951745,3.811046357993238,0.3480946129932381
3540,4.036292624,3.914954855503343,0.12133776849665656
3545,3.769822528,4.114772009586069,0.344949481586069
3546,2.598813602,2.4314216612559174,0.16739194074408248
3552,2.879361137,3.7321426787745446,0.8527815417745446
3554,2.802861345,3.4619274962118207,0.6590661512118206
3558,3.129034305,3.3201708721576955,0.19113656715769567
3561,4.756208068,3.8921329500332553,0.864075117966745
3564,3.621710287,3.5772034780262048,0.04450680897379522
3568,3.48713366,3.8660286728275954,0.3788950128275954
3569,3.225151275,3.0106919582529246,0.2144593167470754
3572,3.458364346,3.405016643652868,0.05334770234713204
3573,3.251686878,3.4555456572214256,0.20385877922142548
3574,3.190860624,3.583142495987455,0.39228187198745523
3586,3.5535623,3.7597593708713086,0.20619707087130879
3592,2.832184022,3.2745801887608783,0.44239616676087845
3593,3.005349753,3.124967112058445,0.11961735905844506
3594,4.057494177,3.951104875413595,0.1063893015864048
3606,3.419651919,3.317615880515372,0.10203603848462794
3612,2.878617529,3.1958167441666174,0.3171992151666174
3616,4.259895453,4.804854681069731,0.5449592280697306
3618,3.271948951,3.704388278024357,0.43243932702435695
3624,4.175242108,3.9110066356715754,0.2642354723284246
3639,3.956560592,3.973207998295731,0.016647406295730693
3641,3.949444222,3.3561755749896047,0.5932686470103952
3646,2.730175438,3.060042007761493,0.3298665697614931
3656,3.973760354,3.5736779077655263,0.40008244623447364
3663,1.740815327,2.669324780264637,0.928509453264637
3665,4.315264203,3.069145532508182,1.2461186704918181
3666,3.871307001,3.293022925672397,0.5782840753276028
3672,3.729260273,3.358450784413945,0.3708094885860551
3679,3.049099254,3.290056729691636,0.24095747569163573
3700,2.741138462,2.738401985437791,0.0027364765622088782
3713,3.497854847,3.2046202238230634,0.2932346231769367
3745,3.707094154,3.7499401726512738,0.0428460186512738
3758,3.802058812,2.771570192851145,1.030488619148855
3767,3.757702335,3.8278416613413775,0.07013932634137765
3799,3.000706704,3.772122527487995,0.7714158234879949
3803,4.558298477,3.674429257934806,0.8838692190651942
3821,3.407798661,4.0000575863072925,0.5922589253072923
3831,3.140618017,3.6733519238472114,0.5327339068472114
3883,2.845797174,2.8710337001552366,0.02523652615523675
3884,3.37105822,3.8746726236831854,0.5036144036831853
3897,3.251090445,3.5597059050814504,0.30861546008145035
3899,3.697612265,3.550178726143134,0.14743353885686616
3906,2.857151503,3.0103572280083117,0.15320572500831187
3921,3.535727776,3.7369643012696026,0.20123652526960267
3944,3.12546973,3.3687325834409694,0.24326285344096954
3945,3.974985139,3.3750675875265017,0.5999175514734985
3957,3.757768718,3.5812195094652393,0.17654920853476064
3976,4.835347393,3.414684634390225,1.420662758609775
3978,3.502929214,3.22987942377875,0.2730497902212501
3990,2.159399225,2.4180033214103247,0.25860409641032467
3996,2.644469363,2.7841054325647447,0.13963606956474495
4012,3.545565548,3.706725205389116,0.16115965738911608
4014,2.869296924,3.0255008249090816,0.15620390090908165
4018,3.762438473,3.5626031789659383,0.19983529403406175
4038,4.425415741,3.9574749913467318,0.4679407496532684
4039,3.884786304,4.131165568624125,0.24637926462412496
4043,5.337553542,4.502773129447691,0.8347804125523091
4045,3.755126259,3.8116197005262147,0.05649344152621483
4052,2.577048071,3.1264588674659226,0.5494107964659225
4058,2.954649805,2.91735145273288,0.03729835226711975
4062,4.620461193,3.883475207588859,0.7369859854111409
4063,4.81012526,3.888881823742846,0.9212434362571544
4064,4.90791515,3.939528432001185,0.9683867179988148
4066,4.475067986,3.2169762928986705,1.2580916931013295
4068,3.002964047,4.666695537805419,1.6637314908054188
4074,5.154046006,4.13808211754678,1.0159638884532196
4075,3.932766803,4.3809055466672335,0.4481387436672337
4080,4.231291146,4.471003915694861,0.23971276969486066
4086,2.804544723,2.677667118830221,0.126877604169779
4095,4.772779968,4.630877437297334,0.14190253070266579
4096,3.748838981,3.6580831327149683,0.09075584828503169
4102,3.664800812,3.563290798148846,0.10151001385115421
4104,3.718922612,3.8382950695567692,0.11937245755676917
4107,4.622141912,4.169382673862159,0.45275923813784136
4118,3.62796567,3.688818365708643,0.06085269570864282
4123,3.134063718,3.411205635985334,0.27714191798533383
4128,3.058769663,3.4687087467308624,0.4099390837308623
4132,4.577559773,5.240875929448372,0.6633161564483725
4134,5.916378329,5.042556642805727,0.8738216861942725
4135,3.650262412,3.333874499474959,0.31638791252504106
4139,3.31350633,3.6843812237800893,0.3708748937800892
4151,4.860916978,3.657271455409998,1.2036455225900018
4152,3.386830242,3.5949779098041357,0.20814766780413585
4167,2.89318603,3.3131655445371293,0.41997951453712945
4172,3.285457287,3.3994907047914014,0.11403341779140153
4174,3.886140086,3.943792998543673,0.05765291254367266
4187,4.031437075,4.092361169388349,0.06092409438834867
4189,4.221019076,4.100931757319698,0.12008731868030242
4195,3.744453273,3.9025989554778566,0.15814568247785665
4206,3.9681647,3.744923497429301,0.22324120257069913
4213,2.449486113,3.0476623852553097,0.5981762722553099
4214,3.667316172,3.362072695183428,0.30524347681657193
4215,2.616091332,2.878522802980234,0.2624314709802342
4217,4.383582005,3.4863516519076345,0.8972303530923655
4253,3.57426283,2.4939162521366325,1.0803465778633674
4254,3.730935048,3.771382509185961,0.040447461185960876
4258,4.486918774,4.654787140365686,0.1678683663656857
4261,3.684397762,4.116935146830593,0.4325373848305927
4282,3.600659851,3.772745255147982,0.1720854041479818
4286,4.347120318,4.0742055251849045,0.27291479281509545
4288,3.732854522,3.7630822673901507,0.03022774539015094
4294,3.208988955,3.631932875683265,0.4229439206832648
4306,3.601041122,3.717869484361871,0.11682836236187111
4311,3.641465231,3.966389933236563,0.3249247022365629
4327,3.881120826,3.8355266150845178,0.045594210915482325
4333,3.292069758,3.501506921061584,0.2094371630615841
4336,4.981639682,4.239731230544155,0.7419084514558447
4337,4.392277276,4.1989789667551465,0.19329830924485325
4344,2.920535154,4.0878051089874345,1.1672699549874346
4345,5.791208799,4.537007141064715,1.254201657935285
4354,6.312384142,5.106137932908869,1.2062462090911312
4356,2.87122443,4.474513370931549,1.6032889409315496
4366,4.766921209,4.792369061206894,0.025447852206893273
4383,4.754935763,3.265673653486617,1.489262109513383
4384,2.298847839,3.426446917195255,1.1275990781952552
4385,2.518273695,3.3113231030261137,0.7930494080261137
4386,2.518273695,3.3770591573709536,0.8587854623709537
4390,6.913760886,4.794858022058503,2.1189028639414973
4393,4.250289857,3.717412312083838,0.5328775449161625
4410,5.309308449,4.462606203655878,0.8467022453441224
4417,3.715348067,3.5922836064014096,0.12306446059859022
4451,2.600347671,3.1038170729105836,0.5034694019105834
4452,3.600347671,3.0634006770580293,0.5369469939419709
4455,3.012387237,3.1417876709876285,0.12940043398762846
4483,4.033010264,3.5818764608097595,0.4511338031902401
4498,3.732996528,3.5717963781285125,0.16120014987148767
4510,3.807325271,3.6280662597524405,0.17925901124755939
4512,2.745221411,3.093394303705357,0.3481728927053567
4518,3.002729644,3.907873796391424,0.9051441523914239
4523,4.399463943,3.6960616194685505,0.7034023235314493
4526,4.015279837,4.062907503469145,0.04762766646914507
4551,3.685791483,3.6068273257377905,0.07896415726220951
4554,3.826500554,3.6209126726644034,0.20558788133559647
4557,3.843825867,3.709803963019925,0.13402190398007496
4560,3.562974132,3.5961064415710133,0.03313230957101343
4562,3.493976597,3.5593340971857312,0.06535750018573117
4571,3.74654107,3.900497367361473,0.15395629736147276
4612,2.42850573,3.0177100775846415,0.5892043475846416
4621,3.975253688,3.884622916041394,0.09063077195860592
4639,3.075508437,3.0727038072011235,0.0028046297988764124
4642,3.369745808,3.0832652569500905,0.2864805510499093
4680,3.7484717,4.584231439628334,0.8357597396283336
4684,4.11457948,3.7436404493641824,0.37093903063581735
4685,4.067610133,3.661184177389185,0.4064259556108145
4688,4.183054621,3.8718967377823246,0.31115788321767557
4689,3.664045654,3.757596628979962,0.09355097497996168
4707,4.554625237,4.16930369792511,0.38532153907488986
4714,3.073677627,3.201952811565517,0.128275184565517
4718,4.373097301,4.115762388656686,0.25733491234331396
4721,4.121988201,3.8414728851397597,0.28051531586024003
4742,3.795327492,3.4494451069838057,0.3458823850161945
4750,5.432583317,4.1490763978586,1.2835069191413995
4753,3.282717756,3.39897800947246,0.11626025347246038
4756,3.440056854,3.492323543957101,0.05226668995710115
4782,3.319505801,3.6587090550379235,0.3392032540379235
4788,2.971242498,3.6986890292192096,0.7274465312192095
4789,3.785301864,3.7053876459769195,0.07991421802308052
4790,3.817206378,3.5863001146370483,0.2309062633629515
4795,4.014022236,3.8554664151564366,0.15855582084356312
4797,3.572285955,3.7997608962659832,0.22747494126598333
4805,3.648319436,3.498953307569681,0.14936612843031893
4809,3.368126694,3.7298085144417645,0.36168182044176467
4829,3.346228706,3.194317444519018,0.15191126148098233
4844,3.869212156,3.731347066412831,0.13786508958716892
4847,4.752470486,3.965648738918107,0.786821747081893
4882,4.374683129,3.484685212641724,0.8899979163582761
4891,4.758272847,4.0414296457840875,0.7168432012159123
4892,4.040569849,4.22892817207683,0.1883583230768302
4893,4.026403174,3.9318858077404983,0.09451736625950202
4897,3.658780154,3.6483389470889054,0.010441206911094625
4898,4.370533906,3.843738578527291,0.5267953274727093
4899,4.378512971,4.03814960471259,0.34036336628741015
4900,4.277881088,4.0744774464967115,0.2034036415032885
4917,4.319381384,3.8945754383526383,0.4248059456473614
4937,2.890284756,3.6631016913109615,0.7728169353109617
4952,4.229782919,4.014201272518074,0.21558164648192601
4953,4.158238218,3.9306544025079786,0.22758381549202156
4960,4.017060642,3.9857587744011536,0.03130186759884612
4966,3.110673868,3.2577841220161563,0.14711025401615618
4970,3.497973131,3.4716959435780086,0.026277187421991588
4978,3.5052566,3.436820920358337,0.06843567964166297
4996,3.885933459,3.777599082898277,0.1083343761017228
4997,3.985479803,3.7535278130205545,0.23195198997944555
4998,3.922125091,3.812559386594346,0.10956570440565372
4999,4.181961978,3.797739474284047,0.38422250371595323
5001,4.466520639,3.787036691198647,0.6794839478013528
5007,3.924531788,3.8021331086761094,0.12239867932389048
5008,3.90370582,3.9521465971344623,0.048440777134462376
5033,4.334182232,3.576282092366857,0.7579001396331431
5036,2.805923544,2.948632643039068,0.14270909903906803
5052,3.944427335,3.8054242706561627,0.13900306434383713
5053,4.122785005,4.217693709614895,0.09490870461489553
5054,4.234335684,4.073745874544603,0.1605898094553977
5055,4.251600137,4.014972535397891,0.23662760160210894
5057,3.212591565,3.3612392266182876,0.14864766161828769
5058,4.06066919,3.7874629561270563,0.2732062338729433
5065,4.233058622,3.651065521074709,0.5819931009252906
5067,3.063352127,3.370219539844318,0.3068674128443183
5068,3.35076731,3.0213689999199977,0.3293983100800024
5069,3.398547596,3.5487165744692803,0.15016897846928057
5075,4.100033122,3.658065981989135,0.4419671400108651
5091,3.865284646,3.3488345033725175,0.5164501426274826
5093,2.848195403,3.2591100160202635,0.41091461302026344
5104,3.474707459,3.4183118954297953,0.05639556357020492
5106,3.669684062,3.4432252941496544,0.22645876785034558
5109,3.627740366,3.7647985967724202,0.1370582307724204
5112,3.511518893,3.7038776578102097,0.19235876481020986
5116,3.544172174,3.513265647582223,0.030906526417776803
5120,6.300211233,4.263586403662175,2.036624829337825
5133,3.734140919,3.3574679382698456,0.37667298073015454
5159,4.067566768,3.888218668931177,0.17934809906882299
5164,3.963474439,3.9015460757428104,0.061928363257189645
5175,5.543362568,3.1992307962050175,2.3441317717949826
5176,2.918642926,3.256499162680762,0.33785623668076203
5200,3.533671986,3.5981781876519756,0.06450620165197574
5201,3.132684737,3.215971149569639,0.08328641256963909
5204,3.609081535,3.1374005543337957,0.47168098066620434
5207,3.837616797,4.442616530268204,0.6049997332682038
5208,4.537859247,4.610965873611835,0.07310662661183454
5214,3.505491399,3.503174053357181,0.0023173456428189354
5260,3.62300179,3.4294428025220713,0.19355898747792866
5261,3.770065413,3.532036375003994,0.2380290379960064
5266,2.827527685,3.4567802012432107,0.6292525162432105
5267,4.454946437,4.167689377972238,0.28725705902776255
5272,3.760134932,3.474814367863183,0.2853205641368173
5273,3.076431789,3.5695721157300238,0.49314032673002384
5274,4.277466395,3.537695356648331,0.7397710383516691
5275,4.269339459,3.718342542433419,0.5509969165665813
5276,3.269599046,3.800854324541347,0.5312552785413467
5277,3.416633029,3.731568966471074,0.31493593747107385
5287,2.989198488,3.0608671228667177,0.0716686348667177
5289,2.42212674,3.264330652820273,0.8422039128202732
5302,3.748131243,3.8428098139968188,0.09467857099681876
5309,4.281984791,3.3111798981597635,0.9708048928402366
5341,3.819156496,3.905045437965239,0.08588894196523889
5345,3.965417795,3.3953582991105744,0.5700594958894256
5362,3.960999839,3.465776043164007,0.49522379583599285
5375,3.189321841,3.247045143081004,0.05772330208100396
5378,3.23102476,3.4254335297413645,0.19440876974136456
5379,3.166865736,3.241244874319112,0.07437913831911169
5384,3.250464731,3.3765433915578003,0.12607866055780015
5385,3.189321841,3.8564748419601886,0.6671530009601887
5390,3.919450434,3.893792005111298,0.025658428888701845
5396,3.186164962,3.2653769435134588,0.07921198151345887
5411,3.756464182,3.6609804717678984,0.09548371023210178
5412,3.576937605,3.614051579671586,0.03711397467158628
5429,3.10506336,3.444192597352728,0.33912923735272793
5437,3.577235827,3.704918300083741,0.12768247308374114
5438,3.767427608,3.86022603682659,0.09279842882658995
5439,3.763554608,3.8032296796890517,0.03967507168905149
5440,3.840477262,3.7793090999967536,0.06116816200324626
5441,3.626097884,3.6066915250427614,0.019406358957238634
5442,3.895233367,3.9940299491269102,0.09879658212691034
5443,3.870514066,3.755834030777057,0.11468003522294312
5449,4.21181443,3.59349001847348,0.6183244115265203
5455,4.042813878,2.8384564385917774,1.2043574394082222
5458,3.211643196,5.730830821018232,2.5191876250182323
5460,3.204093924,5.443878061354328,2.2397841373543277
5461,3.172537549,5.064558550938026,1.892021001938026
5462,3.196411099,5.460153661672845,2.2637425626728453
5463,3.334421357,3.917533147651054,0.5831117906510541
5466,3.934794522,3.7687622923062962,0.16603222969370357
5474,3.317777282,3.685556176828,0.36777889482799964
5481,3.403636904,3.1042859175449884,0.29935098645501146
5485,3.991809175,3.4446201214062677,0.5471890535937325
5490,3.73736294,3.863100321036695,0.12573738103669507
5491,3.611949369,3.8967996346528,0.28485026565280025
5504,3.646716975,3.7249880462297424,0.07827107122974253
5523,3.441044504,3.6795740576268092,0.23852955362680905
5527,4.386205855,3.5879063712972803,0.7982994837027197
5533,5.57129435,3.9478816559211496,1.62341269407885
5540,4.734583162,3.7734127995357003,0.9611703624642995
5541,3.395043879,3.9261844860719544,0.5311406070719542
5546,4.614178419,4.890103588663491,0.27592516966349123
5557,3.568130454,3.5944158999419265,0.02628544594192661
5577,3.619357973,3.7566456599987585,0.13728768699875848
5578,2.132407192,2.8015273102979097,0.6691201182979096
5580,3.171060826,3.4067668705060914,0.23570604450609123
5604,5.812431564,3.901984265005796,1.9104472989942036
5622,4.185860104,3.8699320186533237,0.31592808534667594
5623,3.996281038,3.8605196235677592,0.13576141443224055
5624,3.978368517,4.088019947264136,0.10965143026413582
5625,3.677681341,3.8936506221304414,0.21596928113044145
5626,3.420866316,3.5971125038217417,0.17624618782174162
5628,3.194584443,3.5771149336443995,0.38253049064439937
5629,3.637425681,3.769317848982699,0.13189216798269898
5631,3.247949738,3.052840859120972,0.19510887887902806
5637,3.494941716,3.6979975037771706,0.2030557877771706
5656,3.306302288,3.517274422498293,0.21097213449829288
5658,4.056925364,3.7527113640834577,0.30421399991654186
5660,3.593298728,3.9837400653397292,0.3904413373397291
5661,3.928569041,4.021324149172689,0.0927551081726894
5662,3.751646461,3.5722457872937023,0.17940067370629764
5663,3.583533778,3.6561885485221826,0.0726547705221825
5667,3.354768987,3.642531645576054,0.287762658576054
5668,2.633882353,2.5530338630229408,0.0808484899770594
5674,3.814866623,3.6750838244320767,0.1397827985679232
5676,3.477780239,3.6877832263790764,0.21000298737907652
5682,3.357739061,3.421161350805768,0.06342228980576792
5703,3.348260717,3.4923682773494122,0.1441075603494122
5705,3.987991672,3.514233314226642,0.4737583577733582
5716,3.921488787,3.6407998570816757,0.28068892991832417
5718,3.335745062,3.724232485900901,0.3884874239009011
5719,3.402017077,3.5017719530360005,0.09975487603600053
5720,3.699551569,3.8371707955875443,0.13761922658754422
5729,3.85963915,3.4945274109098943,0.36511173909010575
5730,3.902127269,3.9444057259298737,0.04227845692987353
5731,3.847190015,3.53659633721856,0.31059367778143976
5732,4.220999598,3.85047015574449,0.3705294422555099
5747,3.463002594,3.076457745317428,0.386544848682572
5762,2.754018475,3.221365716138532,0.467347241138532
5793,3.148133561,3.6128240408145462,0.46469047981454636
5807,4.161977085,4.088912362793167,0.07306472220683347
5808,3.683411691,3.737683118660986,0.05427142766098614
5810,3.611240963,3.5261049583771014,0.08513600462289883
5813,4.33333521,4.359492614562611,0.02615740456261051
5818,3.686316655,3.7326744455448853,0.04635779054488509
5826,3.639857712,3.975866081142211,0.3360083691422111
5830,2.72056239,2.8805773787635376,0.1600149887635376
5831,2.972973821,2.810587841785633,0.16238597921436693
5832,2.975096798,3.642699817677281,0.6676030196772809
5845,3.610037984,3.4010822094284276,0.20895577457157222
5861,4.491158041,4.512814112180368,0.021656071180367498
5865,4.464119778,4.498182459362265,0.03406268136226487
5869,3.979008655,3.8317972875945885,0.1472113674054114
5890,3.394997296,3.6058977495807447,0.2109004535807446
5903,3.834760619,3.5256548809782284,0.30910573802177144
5904,3.801269216,3.3519078721705595,0.4493613438294406
5905,3.652037365,3.8733201098925325,0.22128274489253252
5910,4.109014951,4.269129473449117,0.16011452244911695
5931,3.922820574,3.8703106065824215,0.05250996741757863
5951,3.879930534,3.9791636528684142,0.09923311886841413
5952,4.157532317,3.8846816334460432,0.27285068355395703
5960,4.451956232,4.045288571034066,0.4066676609659341
5993,3.611245215,3.7454928150236366,0.13424760002363678
6006,2.58935525,2.947870719302173,0.3585154693021728
6012,4.923144344,4.045292158475868,0.8778521855241319
6016,3.463002594,3.3165710312156,0.14643156278440017
6017,2.724900913,3.1109379796983747,0.3860370666983748
6021,3.466007073,3.7202016131936357,0.25419454019363563
6022,4.536506293,4.213028265025521,0.32347802797447933
6026,5.127264326,3.7811111561482917,1.346153169851708
6027,3.973799566,3.791275968333154,0.182523597666846
6031,3.534696079,3.840519676145248,0.30582359714524765
6032,3.96682433,3.9846267530470656,0.017802423047065474
6035,3.783234897,3.6847270520221866,0.09850784497781317
6039,3.400113927,3.5200805447832066,0.11996661778320661
6040,3.699564794,3.609460791983708,0.0901040020162922
6051,3.776995214,3.7556106515304704,0.021384562469529467
6054,3.065534071,3.187599766316662,0.12206569531666212
6055,3.80084018,3.8021804319673325,0.001340251967332673
6072,3.165877149,3.81817246644997,0.6522953174499699
6076,2.630689977,3.5671823357580763,0.9364923587580765
6078,3.673598463,3.387455780718949,0.28614268228105066
6099,2.408833322,3.2519030987196613,0.8430697767196613
6104,2.537133754,3.400440746832767,0.8633069928327668
6105,3.283983801,3.657784374804522,0.3738005738045218
6106,3.283983801,3.572645422048038,0.2886616210480377
6109,3.599221666,3.4395056729188664,0.1597159930811336
6111,3.917979048,3.992630625211782,0.07465157721178217
6113,3.736443427,4.441055665090797,0.7046122380907969
6118,4.664686289,3.9132706193663767,0.7514156696336229
6119,4.254511824,4.139491924529469,0.11501989947053115
6128,3.108476458,3.3500104208027954,0.24153396280279527
6129,2.976130131,3.1424609055327952,0.1663307745327951
6141,2.875527879,3.412541017184151,0.5370131381841512
6145,3.511162502,3.3489608341253527,0.16220166787464718
6153,3.745589782,4.013567120351506,0.2679773383515056
6180,3.667952338,3.7116636978472766,0.043711359847276476
6214,4.033697114,3.7794450650141713,0.2542520489858284
6235,4.768892352,3.936208002580312,0.8326843494196878
6236,4.022732575,3.6731385607846443,0.34959401421535574
6237,4.530776879,3.916024600638232,0.614752278361768
6238,4.420868513,3.8719560944437896,0.5489124185562106
6245,3.429032052,3.5637988011737045,0.13476674917370435
6247,3.586748006,3.4871613181212475,0.09958668787875258
6262,3.917695833,3.8345079342705595,0.08318789872944032
6265,3.453859999,3.6450279297360786,0.19116793073607852
6275,3.404254271,3.6383881751962712,0.23413390419627111
6284,3.824544684,3.8172115469938315,0.007333137006168666
6301,4.060859513,3.6941903431857526,0.366669169814247
6305,3.131654302,3.6290079092527585,0.4973536072527587
6310,2.73343552,3.42420576173288,0.69077024173288
6312,3.772664489,3.80837545648689,0.035710967486890066
6313,3.861208152,3.811235757042092,0.04997239495790806
6315,2.472125387,2.972300330756332,0.5001749437563316
6319,2.397203675,2.695688473216244,0.29848479821624396
6321,3.706993471,3.4501603087488846,0.2568331622511155
6326,3.682119278,3.726151807596306,0.04403252959630599
6334,3.569707079,3.4649968413195444,0.10471023768045562
6336,3.879315009,3.717307599865201,0.16200740913479894
6337,4.26007981,3.800070531167687,0.4600092788323127
6339,3.395031589,3.4079537240917923,0.01292213509179252
6340,3.671098756,3.643071098569348,0.028027657430651942
6342,3.926105681,3.684032127951606,0.24207355304839417
6344,3.857060276,3.8739026249870743,0.016842348987074374
6347,4.070608081,3.4695129298190497,0.6010951511809499
6351,3.858837851,3.6514872488345786,0.20735060216542145
6352,3.817167102,3.696908633107418,0.12025846889258185
6356,3.847190015,3.603861637390777,0.243328377609223
6367,3.326935674,3.4511556873064917,0.12422001330649168
6369,4.517426844,3.602515116502609,0.9149117274973912
6372,3.627195793,4.263162907231113,0.635967114231113
6373,3.77357729,4.075190542045987,0.3016132520459869
6374,3.754910604,3.842896354470905,0.08798575047090518
6380,5.538993807,3.9388593202196556,1.6001344867803442
6381,5.512374838,4.044075767433229,1.4682990705667711
6404,4.247422074,3.941648751332283,0.3057733226677173
6416,3.679272608,3.909661365429416,0.23038875742941567
6419,4.278939126,3.9111507895462534,0.36778833645374664
6435,3.212552681,3.8432713653486283,0.6307186843486283
6436,2.759083357,2.7130373665282654,0.04604599047173474
6439,4.36415775,3.0050650665167136,1.3590926834832868
6444,2.466615567,2.681868162693958,0.21525259569395816
6481,3.49016817,3.875175941511077,0.3850077715110771
6485,3.728028954,3.9463868370870223,0.2183578830870223
6491,3.362514518,3.6034847960772267,0.24097027807722693
6495,3.990507651,3.947713445401907,0.042794205598092994
6497,2.569541364,3.3880693083924704,0.8185279443924705
6499,2.57616852,3.1168016948869384,0.5406331748869384
6501,3.667101639,4.026182520412257,0.3590808814122566
6502,3.542162903,4.119834691819525,0.5776717888195253
6509,4.031016831,4.109252055355643,0.07823522435564367
6512,3.019333268,2.9179309513916736,0.10140231660832644
6513,4.752532436,3.8954401202627316,0.8570923157372685
6514,4.171495353,4.044765255859719,0.12673009714028094
6515,4.170358121,4.06989015593095,0.10046796506904965
6516,3.070341664,3.4900217443813877,0.4196800803813878
6527,2.71839557,3.0347481054456686,0.31635253544566844
6532,4.066673222,3.9048786109315627,0.16179461106843762
6545,4.590148728,3.69303805568469,0.8971106723153102
6552,3.922264999,3.5394991446298603,0.38276585437013955
6555,2.819593284,3.310462960493078,0.490869676493078
6571,3.166477478,3.8335687362315207,0.6670912582315207
6577,3.980132784,3.5382487918917276,0.4418839921082722
6590,4.230940163,3.934587621200743,0.29635254179925674
6592,2.74352283,3.178308093077093,0.4347852630770932
6596,4.042063349,3.603085417669241,0.43897793133075913
6606,2.623746874,2.6238947647853514,0.0001478907853513789
6608,2.580417432,3.0702038434840078,0.4897864114840078
6616,4.528559441,4.996753142179547,0.4681937011795476
6617,4.571767044,4.383596272573217,0.1881707714267824
6619,3.459771599,3.3857217709372818,0.07404982806271843
6622,3.000697954,3.2952342412339366,0.29453628723393654
6640,3.439229504,3.707381492593865,0.268151988593865
6662,3.14489406,3.1893524644230142,0.0444584044230143
6673,3.569377606,4.036257200595179,0.46687959459517847
6684,3.461959203,3.4487107402804615,0.013248462719538612
6685,3.497973131,3.5033899968157836,0.005416865815783378
6691,3.438939282,3.2124013101260456,0.22653797187395464
6704,3.314701276,3.486184776005886,0.17148350000588586
6706,3.649084045,3.4073677995759866,0.24171624542401338
6710,3.598284264,3.204911935010289,0.3933723289897113
6711,3.660630725,3.192598678702897,0.46803204629710304
6727,3.891666361,3.870966921208364,0.02069943979163602
6728,3.600975617,3.551205506383954,0.04977011061604619
6730,3.092478595,3.281593692036117,0.18911509703611662
6731,2.91206586,3.1649612617595757,0.2528954017595759
6732,3.189201897,3.2644253991587315,0.07522350215873175
6733,3.390624525,3.3156762610479116,0.0749482639520882
6735,4.030735038,4.224609277628329,0.19387423962832884
6738,3.314198086,3.4765226964028026,0.16232461040280244
6742,3.648536275,4.019176117928598,0.3706398429285982
6743,3.839097739,3.9995807473103073,0.16048300831030726
6750,3.851825823,4.158011033008318,0.306185210008318
6751,3.990816208,4.1565166600980215,0.16570045209802142
6752,3.691725724,3.924854550069487,0.23312882606948726
6753,4.578458694,4.2055947859987155,0.37286390800128455
6754,3.853873557,3.7430892702580163,0.1107842867419837
6755,4.043951418,3.6712618342003376,0.3726895837996622
6756,4.059373112,3.975085233574207,0.08428787842579322
6757,3.989335245,3.8399168448785415,0.14941840012145846
6758,4.263493095,4.058185769069334,0.20530732593066592
6759,4.211854429,4.00297190473113,0.2088825242688701
6760,3.804659372,3.9567473210179642,0.15208794901796407
6762,4.189321841,3.9364690078717595,0.2528528331282405
6764,3.978812293,3.9777992523676846,0.0010130406323152208
6767,4.168890155,3.9773653602460506,0.19152479475394912
6768,4.101943365,3.9628137633055847,0.13912960169441568
6769,3.918602725,3.910567158294336,0.008035566705663744
6770,4.289602126,4.061657831536967,0.22794429446303344
6771,3.757525083,3.938852177713766,0.18132709471376618
6777,3.808989258,3.774678150669277,0.03431110733072318
6780,3.429315684,3.490804226033479,0.061488542033478755
6788,3.598776832,3.9497545583399885,0.35097772633998847
6802,3.223759778,3.550634839373031,0.32687506137303135
6806,4.227196167,3.9338846494422537,0.2933115175577461
6828,2.625900717,3.2150146906239088,0.5891139736239088
6834,3.097968896,3.5328346251676837,0.43486572916768385
6850,3.565593619,3.948374685774324,0.3827810667743239
6855,2.985541545,3.3812661119349308,0.39572456693493097
6868,2.89763787,3.0690463382387705,0.17140846823877043
6871,3.108672745,3.595632785307918,0.4869600403079182
6879,3.060512754,4.524757184884434,1.4642444308844342
6886,3.639879411,3.55977451204314,0.08010489895686002
6897,1.828084967,3.1844801852933884,1.3563952182933885
6909,3.233788349,3.7634894176504163,0.5297010686504162
6910,3.461252886,3.647652904068253,0.18640001806825302
6953,3.142020096,3.581535064123063,0.439514968123063
6959,3.156702253,3.6673719997445224,0.5106697467445223
6963,4.163338669,4.077717946811832,0.08562072218816752
7002,2.391419152,2.247961727972578,0.14345742402742223
7007,3.051099975,2.3128701646196204,0.7382298103803797
7008,2.908212765,2.806682529747012,0.1015302352529881
7009,2.376953554,2.4088541685607954,0.031900614560795404
7010,2.477598989,2.3556943537811694,0.12190463521883066
7027,3.096325525,2.796988841891297,0.2993366831087032
7036,2.613858289,2.978876761087984,0.3650184720879839
7041,1.73194534,2.6330218751452095,0.9010765351452095
7055,1.3696796,2.5705517606292823,1.2008721606292823
7062,3.347410252,3.775518353713815,0.4281081017138151
7082,3.978317497,3.750806968397638,0.22751052860236198
7098,2.5467978,3.4615260526829856,0.9147282526829859
7114,2.68115075,2.709455928721942,0.02830517872194216
7141,3.186103664,3.6665272743112824,0.48042361031128245
7171,3.397731497,3.521901048881766,0.12416955188176582
7174,3.217647284,3.282550413061699,0.06490312906169926
7175,3.596538246,3.4966939653838844,0.09984428061611572
7177,3.476244543,3.660603402847192,0.18435885984719214
7178,3.496129478,3.7421903104689562,0.24606083246895638
7199,3.81017425,3.7364351066630186,0.07373914333698162
7200,3.880037616,3.7416673431808154,0.13837027281918468
7201,3.515143668,3.7823782596807627,0.2672345916807628
7230,4.151951789,3.4456952246430776,0.7062565643569223
7231,3.758288142,3.8556262924388616,0.09733815043886151
7234,2.817151112,2.3385314200463343,0.4786196919536656
7253,3.158261949,3.4206878302566186,0.2624258812566187
7254,3.418881069,2.733667690072453,0.6852133789275472
7255,3.671621207,3.410352558231742,0.2612686487682576
7256,4.183311464,3.75978317572702,0.42352828827297984
7272,3.161620851,3.5966225591048375,0.4350017081048376
7285,4.184253479,4.109491018656044,0.07476246034395562
7328,3.137684171,3.426830582582782,0.28914641158278176
7330,2.63362459,3.2006770731665677,0.5670524831665675
7340,2.590327785,3.30804967704512,0.71772189204512
7360,2.990532585,3.4993844618023116,0.5088518768023116
7369,4.424651744,4.2349052824175715,0.1897464615824287
7385,2.395941385,2.321907318891302,0.07403406610869778
7386,2.060566862,2.1695243592357465,0.10895749723574655
7387,2.248638232,2.3231239426016748,0.07448571060167497
7399,3.82423124,3.867977391459031,0.04374615145903116
7433,3.617780112,3.9004504706815517,0.28267035868155155
7450,4.149703445,3.817751616506699,0.3319518284933012
7480,4.909133237,4.557039300507763,0.35209393649223664
7481,3.837412614,3.514529165274538,0.32288344872546215
7488,4.054938462,3.73610938534505,0.31882907665494997
7491,4.531127507,3.68878003214018,0.8423474748598201
7492,4.178921634,3.7860840882748916,0.3928375457251083
7494,4.079751888,3.6110705801282452,0.46868130787175444
7506,4.098450471,4.005635317657096,0.09281515334290358
7508,3.872507286,3.7485947095194803,0.12391257648051957
7511,3.857621068,3.7500955100548756,0.1075255579451242
7512,3.708399652,3.7928841633355246,0.08448451133552437
7514,3.718925574,3.7706749136551716,0.05174933965517159
7515,3.788690968,3.7305585876361453,0.05813238036385471
7523,2.910613201,5.0873797814000925,2.1767665804000926
7527,3.310593791,3.4844166993795005,0.17382290837950043
7529,3.168427957,3.619474613633884,0.451046656633884
7535,3.885279531,3.5859631754120365,0.29931635558796366
7539,3.103229602,3.134899795542875,0.03167019354287515
7540,3.658019819,3.851039798385215,0.19301997938521476
7556,2.718520372,3.3270361968270135,0.6085158248270135
7557,3.768056398,3.3069760398973798,0.4610803581026204
7565,4.637157377,3.8849787152357327,0.7521786617642676
7566,4.403283566,3.908373939656883,0.49490962634311675
7567,3.402060098,3.529854783421586,0.1277946854215859
7572,3.503929547,3.4585201999138975,0.045409347086102336
7573,3.477273954,3.5378705981619523,0.060596644161952096
7575,3.427151658,3.5477727946944153,0.12062113669441521
7576,3.446234174,3.6446776827273437,0.1984435087273435
7578,3.377226089,3.4633594567124137,0.08613336771241364
7579,3.403750049,3.38294212178123,0.020807927218770228
7580,3.449356502,3.614935846253089,0.16557934425308884
7581,3.467507474,3.720388041970991,0.2528805679709909
7583,3.479775353,3.5799270493123703,0.10015169631237031
7587,3.390343287,3.348733228505954,0.041610058494045976
7588,3.613413656,4.873260792216568,1.259847136216568
7592,4.140205264,3.7571688179495704,0.3830364460504301
7593,4.119356452,3.8459137370389844,0.27344271496101547
7594,4.065132867,3.921319314567929,0.14381355243207095
7595,3.046178552,3.074541007296972,0.028362455296971678
7620,3.116452769,3.3121477813671207,0.19569501236712084
7657,3.923038509,4.0282578770649895,0.10521936806498955
7659,5.480808882,4.38284157420114,1.0979673077988599
7660,3.170874577,3.2868978797888064,0.11602330278880624
7666,2.735486179,3.4157359633191002,0.6802497843191002
7667,2.946630728,3.070310236091337,0.12367950809133665
7668,3.242006927,3.6262803097565928,0.38427338275659295
7669,3.190854405,3.3246318346488413,0.1337774296488412
7673,3.524319513,4.063821165746475,0.5395016527464751
7674,3.593814211,3.9298174357611875,0.33600322476118727
7675,3.367935215,3.7381333143446223,0.3701980993446221
7691,3.926090361,3.691073366930777,0.23501699406922283
7696,2.234768349,3.2532809037586228,1.018512554758623
7703,1.582844495,3.413569439470904,1.830724944470904
7737,5.072543986,4.572177166103072,0.5003668198969287
7745,3.509707699,3.520810421216113,0.011102722216113303
7746,4.093191051,3.844847061367948,0.24834398963205162
7748,4.315891662,3.7488717735062083,0.567019888493792
7761,3.488041794,3.300033952668578,0.18800784133142212
7772,3.725756111,3.7799841668548466,0.05422805585484669
7774,3.067517202,3.431167893303192,0.3636506913031923
7816,3.425040794,4.4994414930130455,1.0744006990130455
7818,4.170020374,3.210120897754447,0.9598994762455528
7819,3.657352979,3.859975788898964,0.20262280989896375
7820,3.55711174,3.4563372222601,0.10077451773989976
7846,3.126385862,3.2002799520372047,0.07389409003720493
7851,3.577378746,3.721905368141889,0.14452662214188905
7854,2.2244722,3.1755189110198305,0.9510467110198304
7859,3.606611658,3.9985483839436387,0.3919367259436388
7862,2.639386677,2.7801343513613013,0.1407476743613012
7880,3.195393537,3.159116437633055,0.03627709936694501
7882,4.337181053,3.688905938867522,0.6482751141324781
7883,4.814732861,4.633065339679904,0.18166752132009645
7884,6.083312875,4.781044713929873,1.3022681610701268
7893,3.341094945,4.476439484724203,1.135344539724203
7944,4.470654664,3.4491500771290857,1.0215045868709138
7962,3.350273868,3.4729424267257434,0.12266855872574345
7971,3.614126654,3.7323804107282363,0.11825375672823624
7978,4.000645172,3.7458298907343797,0.2548152812656199
7989,4.166557763,4.287731940900551,0.12117417790055107
7990,4.213296664,4.16032711988291,0.05296954411708921
7991,4.55596369,4.157846145750125,0.39811754424987456
7992,4.260596996,4.262090729853389,0.0014937338533886901
7994,4.171398363,4.17845300466058,0.007054641660579897
7995,4.66290181,4.299502716330685,0.3633990936693152
7999,4.66723071,4.306919590782809,0.36031111921719106
8000,4.741864329,4.305795625523404,0.43606870347659665
8001,4.483586313,4.290252942636645,0.19333337036335507
8002,4.456292949,4.1345117288219955,0.32178122017800437
8003,3.854232957,4.1341406078747625,0.27990765087476266
8004,3.706170422,4.117245653611489,0.41107523161148896
8005,4.783475741,4.300257334459708,0.483218406540292
8006,4.755447017,4.315045399217444,0.44040161778255627
8007,4.858794385,4.32207619975333,0.53671818524667
8008,4.796646478,4.336864264511065,0.45978221348893555
8009,4.630315057,4.3409749942105025,0.2893400627894973
8022,3.412147945,2.852149846638894,0.5599980983611061
8025,5.197353871,4.520883933209702,0.6764699377902978
8049,4.685781669,4.607365263930006,0.07841640506999425
8062,3.122124093,3.395059563581474,0.27293547058147416
8094,4.453946135,3.904792375021519,0.5491537599784806
8099,3.309545532,3.4315066314123874,0.12196109941238742
8100,3.664091036,3.6267557149890997,0.0373353210109002
8176,5.792280955,4.5161018767136225,1.2761790782863773
8177,3.687055213,3.6808988231587936,0.006156389841206256
8180,3.69883523,3.459194074872513,0.23964115512748663
8181,3.410217987,3.872493215955329,0.46227522895532935
8189,3.28165594,3.6009241718763105,0.3192682318763107
8257,3.986666186,4.247424457556888,0.26075827155688813
8276,3.003022283,2.9850665976917057,0.017955685308294278
8281,3.866835401,3.6239959854886354,0.24283941551136445
8289,5.065812007,3.8923540494926376,1.1734579575073623
8293,2.797997986,3.38539668708734,0.58739870108734
8307,3.43734884,3.3476223935614615,0.08972644643853833
8323,3.057171442,3.4954937949457467,0.43832235294574673
8324,3.116445388,3.4033252865186836,0.2868798985186838
8349,3.169363955,3.15166959759362,0.017694357406380146
8354,3.627073107,3.566691958901544,0.06038114809845618
8369,3.789889728,4.079741066774182,0.2898513387741821
8373,3.570818164,3.707509196460708,0.13669103246070824
8376,2.719282444,3.380403241102022,0.6611207971020221
8378,4.592455641,4.111987661937381,0.4804679790626185
8379,3.497973131,3.39025788370813,0.10771524729187032
8390,3.493019651,3.959653445849151,0.4666337948491508
8397,4.004109811,4.11826511058418,0.11415529958417991
8411,3.081385318,4.023708874311504,0.942323556311504
8413,2.976033429,3.3423666255601683,0.36633319656016816
8414,3.295276655,3.583212436553353,0.2879357815533532
8415,3.717723605,3.7812463017509446,0.06352269675094435
8421,3.428606684,3.6306686570127473,0.2020619730127473
8427,5.523228108,3.6002513357652415,1.9229767722347582
8502,3.167733703,3.329677579610021,0.16194387661002096
8505,3.748734572,3.844292260419245,0.09555768841924506
8506,3.480860419,3.6993976484008795,0.2185372294008796
8507,3.685357962,3.938640962887022,0.25328300088702216
8531,3.517005492,3.74412385877225,0.22711836677224984
8583,4.216888924,3.8330301787793792,0.3838587452206208
8584,3.695841771,3.922296115003991,0.226454344003991
8585,4.35361268,4.177844561080833,0.17576811891916755
8596,3.511785514,3.748827563529416,0.23704204952941588
8598,3.428478521,3.709978299942037,0.2814997789420368
8625,3.100778378,3.42188648662884,0.3211081086288403
8630,2.642009703,3.0582929742120935,0.41628327121209363
8631,2.64671194,3.087119945844983,0.4404080058449833
8652,4.313812116,4.118082919659946,0.19572919634005448
8670,4.307508006,3.9092574163285896,0.39825058967141036
8686,3.840140959,4.240085627787968,0.39994466878796775
8692,5.052199999,3.3942905608935354,1.6579094381064645
8695,3.491120664,3.7988326846904106,0.3077120206904107
8703,2.55234281,3.635252434344919,1.0829096243449192
8707,3.550430884,3.1616043079357787,0.3888265760642211
8711,3.586739972,3.2717161214243493,0.31502385057565085
8726,3.451960788,3.6771883345916625,0.22522754659166244
8730,3.57924611,3.442065655645836,0.13718045435416393
8731,4.118020718,3.968073921774856,0.1499467962251444
8747,3.69961614,3.450537906914027,0.24907823308597266
8785,6.725142848,3.624484809855256,3.100658038144744
8801,3.741886624,3.2810362427202704,0.46085038127972977
8806,6.219502217,4.093309712399048,2.1261925046009518
8807,6.253431758,3.8253777556802184,2.428054002319781
8808,6.208713879,4.09218788936835,2.1165259896316506
8849,3.755121171,3.9080151367142184,0.15289396571421854
8902,3.59459773,3.420643264258777,0.17395446574122264
8903,2.689959665,3.5564783447620085,0.8665186797620086
8914,4.144932996,3.835643075789978,0.30928992021002166
8915,4.224227369,3.9722985583436405,0.25192881065635975
8917,3.809059242,3.5418085973365288,0.26725064466347126
8921,4.620795848,3.7893293036588895,0.8314665443411107
8926,4.079695374,3.3423106114812904,0.7373847625187095
8942,3.900607055,2.8688580684767926,1.0317489865232075
8955,2.348326285,2.919604663168438,0.5712783781684379
8960,1.546363727,3.924167445154097,2.377803718154097
8977,1.468824174,2.6145600625638865,1.1457358885638864
8978,1.649571278,2.728861059115747,1.0792897811157471
8979,3.178631675,3.305294886586415,0.1266632115864148
9010,3.679205566,3.633505187848164,0.0457003781518357
9015,4.139826632,3.648039803341467,0.4917868286585332
9036,4.463854184,3.9826665705836484,0.4811876134163513
9042,3.035409724,3.197896472677427,0.16248674867742707
9043,4.153220963,3.8756885362950575,0.2775324267049424
9045,4.278438755,4.214209463021691,0.06422929197830918
9046,4.501460662,4.251921431923305,0.24953923007669498
9054,4.368065825,4.216051712140498,0.1520141128595025
9055,3.382191873,3.774573807886527,0.3923819348865272
9071,3.508396676,3.7434927288014777,0.23509605280147783
9072,3.276581276,3.6391231379294515,0.3625418619294516
9073,3.609297172,3.790003111431934,0.1807059394319337
9083,3.825546661,3.9186315408309853,0.09308487983098512
9108,3.615216846,3.7731616582468224,0.15794481224682233
9109,3.58986586,3.743464564360595,0.15359870436059486
9130,2.507051562,2.7220976979974463,0.21504613599744626
9131,3.859905369,3.5518056544964542,0.30809971450354556
9199,3.497973131,3.585306527140679,0.08733339614067903
9211,1.983258333,4.049961730768869,2.066703397768869
9244,3.10499268,3.661995552502147,0.5570028725021468
9289,4.228330011,3.9617333530484093,0.2665966579515904
9290,3.34324065,3.437468098235479,0.09422744823547902
9294,3.3498148,3.9369280256379247,0.5871132256379248
9307,2.603356761,2.5868855718716457,0.016471189128354435
9318,3.277844441,3.3519972753560587,0.07415283435605868
9329,3.977441908,3.7702633986687917,0.20717850933120818
9341,4.209907682,4.006343274961501,0.20356440703849898
9342,3.93958026,3.9571606160682764,0.017580356068276348
9352,3.89460525,3.249505579389224,0.6450996706107763
9356,3.767267937,3.604977159439944,0.1622907775600564
9359,4.264940246,4.160850236987905,0.10409000901209531
9363,4.045370253,4.043186186094863,0.002184066905137172
9365,5.095480397,4.332947081723699,0.7625333152763014
9370,3.429056029,3.832721201384778,0.40366517238477817
9375,4.65623839,4.024423826829225,0.6318145631707752
9376,2.619973294,3.932556234998767,1.3125829409987673
9378,3.765832117,3.861577346638464,0.09574522963846421
9381,4.040817358,4.192079342985865,0.15126198498586518
9382,3.943630204,4.042756383434147,0.09912617943414714
9383,4.105035182,3.9863220855973274,0.11871309640267258
9384,3.978916137,3.8474703998340325,0.13144573716596764
9386,4.083711168,4.013335011281864,0.0703761567181358
9387,4.100253869,4.133952629817577,0.03369876081757628
9388,3.733018837,3.720825237506239,0.012193599493760754
9390,3.721085336,3.7824848056949922,0.06139946969499244
9391,4.103612841,4.502721899969,0.3991090589689996
9392,4.198777774,3.978977371173175,0.219800402826825
9393,3.862748309,3.965474348688676,0.102726039688676
9394,3.989316305,3.854804218088938,0.13451208691106187
9395,4.087642796,3.938810017593569,0.14883277840643094
9396,3.793403419,3.9320763486026937,0.13867292960269362
9397,4.215221331,3.811094763300196,0.40412656769980426
9399,3.795094682,3.9548548627675664,0.15976018076756615
9402,3.780216469,3.848934147535063,0.06871767853506316
9403,4.071799189,3.916474420167286,0.15532476883271418
9407,4.403496996,3.6345965002108884,0.7689004957891119
9410,3.754573562,3.3489467547133964,0.4056268072866036
9417,4.17372807,3.4988086101764524,0.6749194598235477
9445,3.982040599,3.9146421915006004,0.0673984074993994
9446,3.735909414,3.7939780381717765,0.058068624171776495
9448,4.231016133,3.8895107815939394,0.3415053514060604
9449,4.232110719,3.80592447908742,0.42618623991257953
9451,4.064853001,4.060874280674141,0.003978720325859442
9454,4.26833165,3.8565805619755897,0.4117510880244106
9455,4.055355632,4.048714271728234,0.006641360271766317
9456,3.787291128,4.071038014223038,0.28374688622303745
9458,4.452570739,3.92011980592899,0.5324509330710105
9459,4.77151154,3.92820758673714,0.8433039532628595
9460,3.875717542,3.9206229117093976,0.044905369709397736
9461,4.004359457,3.867090825934403,0.13726863106559684
9462,4.196415304,4.024545824459869,0.1718694795401312
9476,3.726452295,3.623330427677506,0.10312186732249407
9477,3.63807602,3.7246651663459365,0.08658914634593629
9482,3.606175735,3.83916737396915,0.2329916389691502
9483,3.697997712,3.8399426151757137,0.14194490317571384
9484,3.525406857,3.954315429616631,0.42890857261663085
9485,3.699359454,3.8072465455691473,0.10788709156914722
9487,3.70925905,3.8097355672080506,0.10047651720805062
9488,3.749773376,3.783097789992701,0.03332441399270136
9489,3.790288623,3.7646227010425473,0.025665921957452653
9503,3.146593102,4.556379150402784,1.409786048402784
9506,4.289300423,4.325542408646014,0.03624198564601411
9507,5.219889635,4.927813369791695,0.29207626520830576
9508,4.856749427,4.534245384964196,0.32250404203580363
9511,4.398607641,4.4562245401681695,0.05761689916816959
9520,4.111848349,3.818695771747182,0.2931525772528176
9522,3.926105681,3.8578290778866915,0.06827660311330863
9541,3.848303131,3.8395496198599997,0.008753511140000558
9553,2.619285844,3.189400337845323,0.5701144938453226
9554,4.616434901,3.946153910057677,0.6702809909423229
9555,4.620422366,3.9610941751368127,0.659328190863187
9558,3.971156058,4.036974218817195,0.06581816081719527
9561,4.07105975,4.084923609907855,0.01386385990785488
9562,3.968714433,3.8324551664726814,0.1362592665273188
9563,3.873825386,3.6355907027967143,0.23823468320328578
9565,3.926153731,3.830069638497986,0.09608409250201388
9567,4.572691577,4.611155644601993,0.03846406760199361
9597,3.722328878,3.7475414134209104,0.02521253542091051
9599,3.579237879,3.633773919024015,0.05453604002401491
9600,3.58172216,3.7541716162303094,0.17244945623030938
9601,3.708342842,3.6523122616337287,0.05603058036627129
9602,3.898222235,3.7926738840644636,0.10554835093553638
9605,3.662006493,3.604289801388224,0.05771669161177595
9607,3.78748409,3.7864563281213206,0.0010277618786793674
9630,3.875560415,3.747163007413787,0.12839740758621287
9639,3.646083705,3.8921847173030972,0.2461010123030971
9643,4.589498326,4.29584477620036,0.2936535497996404
9647,3.851125069,4.194059988737189,0.34293491973718915
9669,4.901057627,3.9286828253664274,0.9723748016335727
9672,3.641330535,3.7616271488019293,0.12029661380192946
9723,3.727106921,3.7350804914719897,0.007973570471989877
9730,4.32960972,4.183889379603534,0.14572034039646553
9735,4.828441152,4.331200010693701,0.49724114130629893
9740,4.486363877,4.631483501822004,0.14511962482200413
9750,3.495382074,3.947622438757866,0.4522403647578659
9753,6.804812899,4.744997790098386,2.0598151089016135
9768,4.751099394,4.140253975542572,0.6108454184574281
9769,4.673450521,4.746800503971884,0.07334998297188378
9797,2.908923505,3.1788376670855807,0.2699141620855805
9816,3.600347671,3.15410002706637,0.44624764393363003
9819,4.052302683,3.937427493757247,0.11487518924275264
9822,1.808361228,3.5244649063660276,1.7161036783660275
9827,3.065624446,3.5564993093783532,0.49087486337835307
9834,3.530053825,3.7778389493070583,0.24778512430705835
9840,3.854917066,3.9081474656138946,0.05323039961389453
9859,3.578805715,3.7731377243210824,0.1943320093210823
9918,3.437266297,3.6713689013853217,0.23410260438532182
9935,4.070034902,4.306210119187241,0.23617521718724088
9945,2.957563828,4.000343262500919,1.0427794345009187
9951,4.005505866,4.039366123607006,0.03386025760700573
9967,5.257544872,5.4448164808365105,0.18727160883651006
9969,2.655484881,5.511401935487135,2.855917054487135
9970,5.310969304,5.664012164113283,0.35304286011328223
9971,5.549540394,5.504707739223273,0.04483265477672749
9980,3.919715984,4.0717757984352305,0.1520598144352303
9985,3.431145292,3.386242792079568,0.04490249992043216
10009,4.019307421,3.832110277625107,0.18719714337489268
10034,3.633288174,4.091150993971655,0.457862819971655
10042,3.732616951,4.327116596347555,0.5944996453475548
10049,3.097115036,3.4247523733252554,0.32763733732525546
10051,3.796085041,3.3617854435534,0.43429959744659996
10053,3.083402276,3.330330453614843,0.24692817761484287
10107,4.379158777,4.491418945512854,0.11226016851285436
10108,6.541541803,5.1689914132333605,1.3725503897666398
10128,4.370228128,3.852492640709573,0.5177354872904267
10137,4.540534371,3.974407455137621,0.5661269158623785
10141,2.789267255,3.3348067049112364,0.5455394499112365
10144,4.408393513,5.087910013041742,0.6795165000417418
10148,4.527145254,4.694993226576021,0.16784797257602158
10171,3.136464908,3.3774948230998256,0.2410299150998254
10193,2.244054924,3.054365241185329,0.810310317185329
10194,3.458042269,3.1872867210098756,0.27075554799012425
10204,3.091133286,2.6419163804124155,0.4492169055875843
10242,4.716618437,5.032177247712154,0.31555881071215364
10249,2.574603745,3.361912256782077,0.7873085117820771
10272,3.343382004,3.276633825588871,0.06674817841112901
10275,3.954872125,3.9393710508407294,0.015501074159270711
10290,3.540811519,3.667495688670317,0.12668416967031693
10299,4.350216384,4.103752973986324,0.24646341001367666
10300,4.715156132,4.103752973986324,0.6114031580136761
10301,4.385931936,4.098795161326782,0.2871367746732183
10302,4.498636216,4.098795161326782,0.3998410546732183
10347,4.136186617,4.431428674054329,0.29524205705432927
10360,3.897438568,3.975843055929019,0.07840448792901888
10373,3.143710988,3.2399129132888707,0.09620192528887062
10376,3.859200268,3.9410252533246264,0.08182498532462645
10409,3.816953188,3.620021094002314,0.19693209399768596
10420,3.594794927,3.731824049126457,0.13702912212645701
10442,3.447726895,3.7870927386170745,0.33936584361707434
10449,3.467160397,3.998782150501567,0.5316217535015673
10494,4.711428755,5.351864326290908,0.640435571290908
10498,3.921872581,3.7229429002835395,0.19892968071646067
10504,3.058584174,3.1042539257797226,0.045669751779722656
10505,3.537766641,3.5203064711805103,0.017460169819489835
10545,2.217873319,3.045914954292237,0.8280416352922368
10554,4.169287128,4.492049080801008,0.3227619528010086
10569,4.022706264,3.224105607947927,0.7986006560520731
10571,4.177868226,3.251781309531535,0.9260869164684653
10572,3.452316405,3.140798777991075,0.31151762700892505
10589,3.10129827,3.1727576565978604,0.07145938659786033
10596,3.220813897,3.6501638622625814,0.4293499652625812
10598,3.754457551,3.4481113822884204,0.3063461687115794
10599,3.951703441,3.2852079142342636,0.6664955267657362
10602,3.33815477,3.3835820598316566,0.04542728983165656
10628,3.673955143,3.7163663860821585,0.04241124308215838
10639,3.104976214,3.5956263267892097,0.49065011278920956
10642,4.175470395,4.147943395403896,0.027526999596103607
10656,4.195770544,4.706827523431484,0.5110569794314834
10660,4.50399757,3.9666064780510566,0.5373910919489435
10663,2.976940026,3.612824407068347,0.635884381068347
10666,4.050041238,3.564781776063786,0.4852594619362143
10676,3.297849233,3.671223254464379,0.3733740214643788
10677,3.21168404,3.3007656840053556,0.08908164400535545
10678,3.269903219,3.0781045856736897,0.19179863332631042
10700,3.562602115,3.6255323423571535,0.0629302273571537
10701,3.95492826,4.141864953011948,0.1869366930119476
10707,3.405622936,4.548850255182916,1.1432273191829165
10714,3.068317821,3.4611915170762493,0.39287369607624933
10716,3.472390728,2.952873836608215,0.5195168913917851
10770,4.28530471,3.4696365749766183,0.8156681350233819
10777,3.154035679,3.3151220672784047,0.1610863882784046
10778,3.375467909,3.51005396329022,0.13458605429021997
10781,2.967935195,3.149483825886451,0.1815486308864509
10783,4.173004245,3.9489260893197304,0.22407815568026912
10790,3.585473138,3.665929241767574,0.0804561037675744
10791,4.109786238,3.697332728759362,0.41245350924063784
10795,3.670625165,3.6692313441165245,0.001393820883475616
10806,3.428301314,3.751296149261484,0.322994835261484
10817,3.96672236,3.6145705461261435,0.3521518138738564
10820,3.042014071,3.8632605963133457,0.8212465253133456
10822,3.984851868,3.876088669562495,0.10876319843750482
10824,3.121170547,3.763826429109879,0.6426558821098789
10828,3.560058285,3.4483232789352494,0.11173500606475084
10844,3.77743718,3.2826529397455464,0.4947842402544538
10868,3.582858462,3.7626367492703383,0.1797782872703384
10873,3.872994489,3.7731440361581154,0.09985045284188443
10889,3.753398371,3.711921408876856,0.04147696212314367
10890,4.206122463,3.51436909957711,0.6917533634228898
10891,3.520310567,3.603900285664634,0.08358971866463394
10897,3.685120163,3.614718062722342,0.07040210027765825
10908,3.486290336,4.356597676713016,0.870307340713016
10909,4.602522734,4.280562832842544,0.3219599011574559
10910,3.918700443,4.043723509001231,0.12502306600123125
10912,4.25192063,3.823172229020638,0.42874840097936184
10916,5.508673338,4.842149269239693,0.6665240687603076
10932,3.3394669,3.8510568448290523,0.5115899448290522
10938,3.016548925,3.429321868432506,0.41277294343250626
10983,3.92688883,4.212268014376747,0.2853791843767466
10990,3.327115661,3.397906727200285,0.07079106620028508
11002,3.594907289,3.532907647494397,0.061999641505603
11003,3.740162915,3.762991659555218,0.022828744555217995
11021,3.888378898,3.648562282958256,0.239816615041744
11070,3.68690108,3.161972510779784,0.5249285692202164
11083,3.412962386,4.01952844209516,0.60656605609516
11086,3.296531128,3.459661690647386,0.16313056264738623
11093,2.942508754,3.462007780551158,0.5194990265511583
11100,3.566305475,3.5683601572233257,0.00205468222332561
11101,3.132381377,3.2356781237446586,0.10329674674465839
11113,3.852344909,3.520885058612993,0.3314598503870072
11114,2.785532251,3.088824204596553,0.30329195359655303
11121,2.945667037,3.603831179129771,0.6581641421297708
11122,3.630937135,4.060712532959462,0.42977539795946207
11127,3.621306135,3.734913994523408,0.11360785952340802
11140,3.549027798,3.8416281384169535,0.2926003404169535
11145,3.061793332,3.1481143020620856,0.0863209700620855
11159,3.415545905,3.6278408839159666,0.2122949789159665
11160,3.895097809,3.69358151519584,0.20151629380415992
11162,4.306422645,3.7152781152434065,0.5911445297565932
11189,3.765445018,3.7478961520830065,0.01754886591699334
11191,3.750520792,3.4510187907971255,0.2995020012028746
11199,2.74095697,3.3058476250531514,0.5648906550531514
11202,2.967787105,3.0246015974836657,0.056814492483665546
11206,3.178267032,3.4918544540165506,0.31358742201655065
11212,4.590405861,3.830381786761524,0.7600240742384758
11219,3.237973575,3.6305911043831673,0.3926175293831675
11222,4.142471948,4.0918060877282825,0.05066586027171738
11240,3.386271999,3.665739568805517,0.27946756980551735
11245,3.335836865,3.5161090957976304,0.18027223079763033
11253,3.083349308,3.2990859884439554,0.21573668044395555
11258,3.412097504,4.299175241823343,0.8870777378233425
11285,3.147955819,3.3426180701491526,0.1946622511491527
11292,4.267848075,3.9790497802780385,0.2887982947219614
11301,3.905060194,3.6071586882319266,0.29790150576807317
11304,3.10118743,3.141032050386558,0.039844620386558116
11306,3.628857221,3.4311134322712618,0.19774378872873832
11307,2.37166587,3.1718317814639336,0.8001659114639335
11308,3.255202015,3.6014570069810588,0.3462549919810587
11311,3.059555004,3.4097993770296435,0.3502443730296436
11322,2.954638924,3.4986279021943827,0.5439889781943825
11325,3.29305671,3.515393116962239,0.22233640696223889
11326,3.29305671,3.539687682917113,0.24663097291711278
11327,3.043179236,3.459940325100536,0.416761089100536
11328,3.372676799,4.066312293868675,0.6936354948686749
11329,3.275470042,3.4401143081205703,0.16464426612057048
11334,3.770713972,3.6352624352275815,0.13545153677241828
11338,3.232422881,3.4815472530956946,0.24912437209569438
11340,3.200856575,3.617261573356301,0.4164049983563012
11344,3.478915522,3.7225799387341936,0.2436644167341937
11345,3.487695386,3.4402152631211695,0.04748012287883041
11346,2.94098315,4.705749354663548,1.7647662046635482
11348,3.007688522,2.9289803478207728,0.07870817417922726
11350,2.990889422,3.410888060590419,0.41999863859041886
11351,3.395679666,4.046764231738959,0.6510845657389592
11354,3.131742982,3.4671412196338105,0.3353982376338105
11368,3.246909179,3.5041337264557586,0.2572245474557584
11379,3.322934258,3.4195969494401424,0.09666269144014228
11387,3.7161942,3.9761901799134884,0.25999597991348855
11389,3.700761677,3.7074706817408836,0.00670900474088354
11405,3.691490386,3.797796759401823,0.10630637340182325
11407,3.320655089,4.762183578028488,1.4415284890284874
11408,3.590943953,3.203597948456295,0.38734600454370494
11409,3.885742757,3.3692806411581526,0.5164621158418474
11436,3.687493289,4.003360490023383,0.3158672010233827
11437,3.871765732,3.943792998543673,0.07202726654367275
11443,3.3433692,3.7601104049602205,0.4167412049602204
11448,3.108811114,3.235092610765024,0.12628149676502431
11456,2.985117953,3.2173614722340074,0.23224351923400732
11486,3.645718693,3.8225856989721914,0.1768670059721913
11487,4.195182921,3.8426726463488103,0.35251027465118945
11491,3.520048365,3.5000199081227272,0.020028456877272838
11507,4.116032537,3.7536200151780164,0.36241252182198336
11510,3.263947576,3.9898571296670537,0.7259095536670537
11524,3.179891549,3.9059059169533237,0.7260143679533235
11532,3.680528138,3.6648608106368483,0.015667327363151795
11547,3.44128971,3.33874373979165,0.10254597020834977
11579,3.014688512,2.575473481387107,0.439215030612893
11600,3.173416147,3.4524315636821155,0.27901541668211527
11601,3.762959751,3.755898100318905,0.007061650681094989
11602,2.900221998,3.3287185582031826,0.4284965602031825
11630,3.153564205,3.1406245061287468,0.012939698871253125
11631,3.537169055,3.77859146979282,0.24142241479281967
11632,3.060081366,3.4957146629315305,0.43563329693153063
11633,3.327346445,3.7291402097649917,0.40179376476499185
11634,4.566392705,3.6005721043501246,0.9658206006498755
11637,3.693150417,3.783976435266311,0.09082601826631098
11639,2.829456305,4.009508142878371,1.1800518378783709
11656,4.046339056,3.93904002585503,0.10729903014496989
11669,4.062729472,3.844528437633219,0.21820103436678107
11671,4.299192748,4.10444388259075,0.19474886540925063
11680,4.218768994,4.001354411817559,0.21741458218244158
11681,4.631549032,4.257295813644397,0.37425321835560243
11682,4.321431335,3.864454801029148,0.4569765339708516
11683,4.212419724,4.249624060818226,0.03720433681822577
11691,4.154749364,4.120271854484981,0.03447750951501849
11699,3.616062704,3.611797953717363,0.004264750282636953
11700,3.540181943,3.340270159044412,0.19991178395558773
11701,4.535750604,3.626472990686997,0.9092776133130034
11708,2.713440824,3.538605124699876,0.8251643006998761
11714,3.895888007,3.4703195865021823,0.4255684204978176
11715,3.348000458,3.5112896636741913,0.16328920567419125
11743,3.166970056,3.4458768923810115,0.27890683638101166
11747,3.339133306,3.608087719737818,0.26895441373781814
11755,3.454265979,3.6057728909646563,0.15150691196465615
11758,3.720523525,3.2462686166512573,0.4742549083487426
11806,3.519610042,3.4591621137635804,0.060447928236419646
11878,4.156163422,4.160473737004085,0.004310315004085297
11881,4.139175673,3.733501886225863,0.40567378677413757
11889,4.179371208,3.634505447579019,0.544865760420981
11890,4.130136108,3.598092457674756,0.5320436503252441
11909,5.646518902,3.9559702343672427,1.6905486676327577
11921,2.62881977,2.859855697003165,0.23103592700316522
11923,2.399509893,3.037526450369113,0.638016557369113
11925,1.651390451,3.051156588712425,1.3997661377124249
11928,2.767199948,3.632265088232587,0.8650651402325868
11930,3.02653434,3.002275758549252,0.024258581450748107
11947,3.882841036,3.729687851026668,0.15315318497333186
11949,3.557715534,3.9122434144710936,0.3545278804710934
11950,3.335024393,3.7155379317954806,0.3805135387954808
11951,4.054938462,3.7095995311247445,0.34533893087525547
11974,3.774299399,3.459908245748727,0.3143911532512731
11990,3.022128315,3.795554881290473,0.7734265662904733
11992,2.11917748,2.869713361177465,0.750535881177465
11994,2.493860192,3.304399585660988,0.8105393936609877
11995,3.798189524,3.7857174706419947,0.012472053358005386
12014,3.765242671,3.247039101125607,0.5182035698743932
12019,3.524677015,3.231092039014946,0.2935849759850542
12045,3.796411702,3.875654439144925,0.07924273714492491
12063,3.408072172,3.646773146189719,0.23870097418971925
12067,2.781667467,5.130615510582022,2.3489480435820216
12071,3.58045474,3.386306129398971,0.19414861060102906
12101,3.460880669,3.680395081210194,0.2195144122101942
12117,2.793391733,3.9490543117408476,1.1556625787408477
12118,2.706920073,4.151314457251374,1.4443943842513738
12119,2.641666543,4.0141196809936694,1.3724531379936695
12120,2.614537498,4.113665090015294,1.4991275920152942
12121,2.632897999,4.15230400320215,1.5194060042021498
12122,2.775286616,3.982885525835993,1.2075989098359932
12123,2.4540435,3.8998136498789036,1.4457701498789035
12124,2.667722682,4.073178412146934,1.405455730146934
12125,2.510387629,4.092729820428618,1.582342191428618
12126,2.612044077,3.911220105777801,1.2991760287778007
12127,2.5930319,4.0663169457276025,1.4732850457276023
12128,2.706920073,4.037218636266937,1.330298563266937
12129,2.694685616,3.899996142671924,1.2053105266719237
12172,3.695050671,3.7213040592214193,0.026253388221419094
12278,4.168419127,4.2307933452924775,0.06237421829247758
12279,3.109036377,3.894463743275394,0.7854273662753943
12280,3.514708013,4.218722784693469,0.704014771693469
12314,3.325757184,3.0893739135781293,0.23638327042187068
12402,4.669505088,5.159824004890312,0.4903189168903115
12421,2.785716493,2.4081383353368526,0.3775781576631472
12423,3.564355467,4.034526961056736,0.4701714940567361
12451,3.89436474,4.052360161972093,0.15799542197209293
12457,4.378402444,4.151084593808976,0.22731785019102357
12459,4.06882199,3.5742875308694497,0.4945344591305503
12470,3.326969087,3.4714539705797085,0.14448488357970835
12473,3.406457597,3.72428021566605,0.31782261866605
12477,3.48953994,3.6356920698679582,0.14615212986795845
12478,4.877212389,3.8629281160297277,1.0142842729702726
12479,4.665140611,4.273137269922042,0.39200334107795776
12482,3.759134163,3.5204018748120394,0.23873228818796077
12499,5.106760567,3.970698380928777,1.1360621860712232
12500,4.034633174,3.58956020134345,0.44507297265654966
12510,3.644735685,3.7959049840992845,0.15116929909928434
12512,4.837061566,3.86426473137595,0.9727968346240501
12514,3.058861619,3.3117059480100752,0.25284432901007525
12531,4.585410257,3.7956508070452912,0.7897594499547091
12532,4.156553694,4.2456210581957015,0.08906736419570116
12541,5.477864097,3.986030092238517,1.4918340047614835
12571,3.615978218,3.5419418549790307,0.07403636302096928
12572,4.069637269,3.5530751921172827,0.5165620768827175
12573,3.263046353,3.40205728483243,0.13901093183243018
12577,3.819759795,3.452017609076977,0.367742185923023
12585,4.473749657,4.421485124587209,0.052264532412791276
12589,3.074548275,3.5308990183956035,0.45635074339560333
12596,4.19238496,4.470288858314223,0.27790389831422324
12611,5.126264927,3.8590290393268942,1.267235887673106
12627,5.068497098,3.95446667274373,1.1140304252562698
12628,5.835853534,4.167839766631073,1.6680137673689268
12631,4.673634012,4.00213909070961,0.6714949212903898
12632,4.010464678,3.521014304922991,0.489450373077009
12639,4.800555287,4.139814085210603,0.6607412017893965
12641,3.874776905,3.7506316375798616,0.12414526742013843
12643,4.023556976,3.9486279064130128,0.0749290695869873
12649,3.350800229,3.6242399113237798,0.2734396823237799
12656,4.493190535,3.936382487054418,0.5568080479455819
12657,4.671204521,4.054724623733341,0.6164798972666592
12660,4.945454847,4.020719385894586,0.9247354611054135
12662,3.485511403,3.5197019375930156,0.0341905345930158
12666,4.306301279,3.360509146070415,0.9457921329295855
12671,3.636892486,3.766443778318923,0.12955129231892304
12675,4.022471199,4.027660968431481,0.005189769431480862
12678,3.958842494,3.7944454005631436,0.1643970934368566
12686,4.107042176,3.9226380136313415,0.18440416236865875
12697,3.750355467,3.680553581245651,0.06980188575434898
12705,3.661053189,3.7961154996812114,0.13506231068121144
12709,4.016293574,3.8669524743458252,0.14934109965417441
12711,4.513007951,3.8477771788992814,0.6652307721007182
12720,3.415752152,3.725868721978536,0.31011656997853576
12730,4.298290328,3.607320702702993,0.690969625297007
12739,3.814833602,3.7984133848047072,0.016420217195292963
12743,3.713585456,4.589524634242039,0.8759391782420392
12746,3.859279769,3.89396945111026,0.03468968211026002
12751,4.337744038,4.10339208837505,0.23435194962495043
12752,3.833739625,3.3321515889805413,0.5015880360194589
12754,4.299395848,3.6860418476875916,0.613354000312408
12757,5.741086023,4.165486515603347,1.575599507396653
12759,4.167900434,3.8192731101768405,0.3486273238231594
12761,5.225924097,3.9980405420419274,1.2278835549580727
12777,3.643294017,3.6043837246966737,0.03891029230332643
12790,3.696087915,3.681545631416159,0.01454228358384091
12794,3.739501708,3.579460730689029,0.16004097731097122
12800,3.877605518,3.951686712422033,0.07408119442203276
12807,3.841237276,3.7212788272877546,0.11995844871224559
12808,3.438373028,3.680764707770306,0.24239167977030585
12809,3.308105334,3.4993693005326816,0.19126396653268163
12813,4.711863445,3.821148788580308,0.8907146564196915
12820,4.653804956,3.569825861487694,1.0839790945123062
12828,3.749217148,3.2834863500919007,0.46573079790809935
12837,4.247420846,3.8559187917598976,0.3915020542401022
12853,3.621094541,3.7679215640611514,0.14682702306115125
12855,4.382719275,4.062228466154285,0.32049080884571524
12862,3.516207381,3.7763243929306607,0.2601170119306606
12884,4.141479387,3.635737606469413,0.5057417805305873
12885,3.566256463,3.71602767038985,0.14977120738984961
12890,4.033799328,3.739095709647827,0.29470361835217274
12891,3.687622906,3.896755100755419,0.20913219475541878
12894,3.149890057,3.1311403828832427,0.01874967411675721
12896,3.6026548,3.5854795986680945,0.01717520133190531
12899,3.584856003,3.733813160208663,0.14895715720866276
12900,3.628997975,3.7874011999512525,0.15840322495125259
12908,3.535705429,3.3589187368489175,0.17678669215108256
12915,4.148446689,3.9850799730481974,0.16336671595180263
12930,3.844090905,3.658694258767551,0.18539664623244878
12931,3.648551672,3.4919945885037698,0.1565570834962302
12932,4.238019604,3.7041465690779285,0.5338730349220713
12938,3.586924708,3.7194105275477027,0.13248581954770255
12958,3.910452116,3.7827106065563227,0.12774150944367735
12959,3.591197301,3.6279443222413104,0.03674702124131057
12960,3.745692987,3.7332598547962723,0.01243313220372766
12961,3.900594947,3.8192822446331345,0.08131270236686561
12962,4.013299227,3.8688214025390613,0.14447782446093882
12963,3.702051225,3.6928236620136836,0.009227562986316329
12964,3.723240524,3.5250267775187925,0.1982137464812075
12971,3.623443129,3.6416199979415467,0.018176868941546687
12974,3.708613601,3.635244063509268,0.07336953749073194
12978,4.502718296,3.6981696809191957,0.8045486150808046
12981,4.214877684,3.886209915331185,0.3286677686688151
12983,5.02569108,3.802877314527678,1.2228137654723215
12998,3.704167376,3.8567785750160257,0.1526111990160257
12999,3.719217311,3.900545362033311,0.18132805103331107
13000,3.844156048,3.825175002924865,0.018981045075134872
13046,3.866230358,4.1160988735550115,0.24986851555501133
13047,3.78514545,3.8082751021548127,0.023129652154812774
13048,3.826357141,3.9356703414111576,0.10931320041115766
13055,3.639964125,3.787585949407484,0.14762182440748406
13061,3.512929751,3.5306811434663823,0.017751392466382132
13063,3.857164703,3.4558159056427318,0.40134879735726825
13064,3.387991015,3.5547435449281726,0.1667525299281727
13065,3.829874415,3.3653585518044267,0.46451586319557325
13095,3.633616321,3.635034071433515,0.0014177504335153301
13101,3.375490471,3.6709701631966882,0.29547969219668824
13104,4.154576117,3.855503812439071,0.2990723045609296
13108,3.985892805,3.7423653392591274,0.2435274657408728
13109,3.750727704,3.453028318258964,0.29769938574103616
13114,3.618070521,4.14607253192143,0.5280020109214298
13149,3.650715639,4.2035132847265215,0.5527976457265216
13169,4.075603728,3.2706751840012336,0.8049285439987663
13198,3.585280206,3.652626083601507,0.06734587760150701
13202,3.452485654,3.639962672265974,0.18747701826597396
13209,4.839096589,3.803682959534701,1.0354136294652996
13238,4.712007158,3.5631908443188247,1.1488163136811749
13287,3.868346824,3.576932211949219,0.29141461205078123
13289,3.854470878,3.719855187508762,0.13461569049123767
13290,3.67259479,4.009677608882131,0.3370828188821311
13293,3.590865709,3.6038248045277084,0.012959095527708353
13294,3.594907289,3.6858266268966253,0.09091933789662532
13299,4.228224929,3.9442796956819564,0.2839452333180432
13306,3.831626045,3.494127420618941,0.33749862438105893
13311,3.805800123,3.4317931200215903,0.3740070029784097
13323,3.874334073,3.786815943531679,0.08751812946832116
13328,4.222557519,4.037494025911159,0.1850634930888413
13343,4.905996465,3.806152889604511,1.0998435753954894
13350,3.933278442,3.8014915143477275,0.13178692765227273
13354,4.940987593,3.7714464544878012,1.1695411385121988
13361,4.826440419,3.9355028503674783,0.8909375686325216
13362,3.835603366,3.752827857891016,0.08277550810898404
13455,3.038790191,3.4314263143092014,0.3926361233092015
13457,2.981075278,3.4747901794460017,0.4937149014460016
13458,3.025924908,3.456418712037171,0.4304938040371713
13460,3.14545125,3.57178542251804,0.42633417251804007
13461,3.212362353,3.767431165531386,0.5550688125313861
13462,3.029211649,3.5184706538737784,0.4892590048737784
13463,2.950894254,3.115573375992823,0.16467912199282297
13464,2.621685085,2.924515930806411,0.30283084580641084
13465,4.178955376,2.8052729290616485,1.3736824469383517
13467,2.897096818,3.182038264715095,0.284941446715095
13468,2.798431026,3.4940333220440296,0.6956022960440298
13469,3.005810041,3.4120633576226966,0.4062533166226965
13470,3.060522577,3.4342007357114195,0.3736781587114195
13471,2.954846241,3.310918576626623,0.3560723356266231
13472,2.739327045,3.4983402058883843,0.7590131608883843
13474,2.778605574,3.4318721341194527,0.6532665601194525
13475,4.024239306,3.710157642521476,0.31408166347852395
13476,4.000560746,3.5413978962257686,0.45916284977423105
13480,3.516360828,3.599998646732553,0.08363781873255327
13483,3.590865709,3.3273337485244645,0.2635319604755355
13486,3.702447462,3.5547126604820187,0.14773480151798113
13501,3.297745761,3.656573113649546,0.35882735264954624
13540,4.235229556,3.7304779411780267,0.5047516148219735
13549,4.227252789,3.98376676285487,0.24348602614512949
13551,3.495422912,3.94518230080296,0.44975938880295985
13555,4.111907426,3.903725252322296,0.20818217367770409
13560,3.652793528,3.672784205158322,0.019990677158321812
13563,4.278603731,4.180206181829744,0.09839754917025534
13566,3.588895682,3.5054490608438242,0.08344662115617574
13567,3.688572358,3.6795537599713968,0.009018598028603275
13570,4.413144032,3.965078563826353,0.4480654681736471
13572,3.616060827,3.7388841974318376,0.12282337043183755
13577,4.305233105,3.9288207765499283,0.3764123284500718
13582,4.27306818,3.7814018646099705,0.4916663153900296
13605,5.06880021,4.045358091150123,1.0234421188498768
13667,4.169138558,4.147152549560723,0.021986008439276894
13673,3.315887815,3.741249301782389,0.42536148678238916
13677,4.743369756,3.758907569299615,0.9844621867003851
13686,3.65200059,3.696086051558734,0.04408546155873383
13688,3.678336247,3.660532326928631,0.017803920071368662
13690,3.41790107,3.5523288224182585,0.13442775241825844
13692,3.447872994,3.607582475068277,0.1597094810682771
13693,3.185400483,3.2999250538732334,0.11452457087323342
13694,3.459915437,3.6360585354308155,0.17614309843081566
13697,3.902131932,3.717917553113437,0.1842143788865629
13699,3.41570991,3.5140090638318533,0.09829915383185339
13700,3.223436231,3.4515077851041682,0.22807155410416824
13716,3.505193941,3.534049122155314,0.028855181155313936
13721,4.340888978,3.8560704423777055,0.48481853562229427
13732,3.333086388,3.5344193780562003,0.20133299005620042
13733,3.383346122,3.5400971623113744,0.15675104031137455
13743,3.752996362,3.770191499102466,0.017195137102465896
13750,3.758886221,3.66970186153525,0.0891843594647499
13751,3.802606375,3.639501098948744,0.1631052760512559
13754,3.914146213,3.8962270761751947,0.017919136824805282
13770,3.982103439,4.034218028389945,0.05211458938994484
13781,3.699579437,3.845371419485897,0.14579198248589664
13785,3.688677195,3.9606708704570806,0.27199367545708064
13808,3.581462016,3.2509635058213537,0.3304985101786464
13809,3.502172113,3.343779700588118,0.15839241241188207
13817,3.893959109,3.5998719814384934,0.29408712756150646
13821,3.68426352,3.537206032834354,0.14705748716564582
13825,3.969640108,3.9342514049324624,0.03538870306753772
13827,4.389374811,3.862704726030877,0.5266700849691226
13831,3.691447778,3.640194519391123,0.05125325860887697
13838,4.154576117,3.9210184226115627,0.23355769438843765
13845,3.513199837,3.630201170169809,0.11700133316980876
13852,3.265346208,3.188359517061417,0.07698669093858301
13879,4.000575576,4.367945649489504,0.36737007348950357
13883,3.84892991,4.4801595374724785,0.6312296274724787
13889,3.981556515,4.591439636703475,0.6098831217034753
13892,3.601258005,3.46040850693532,0.14084949806467995
13897,3.619102652,4.492951294242451,0.8738486422424514
13899,4.170122975,3.7847227187660826,0.3854002562339174
13905,3.59273969,3.216945246927824,0.37579444307217624
13908,4.099371746,3.7418629805474874,0.35750876545251264
13915,3.458497341,3.740535790072564,0.28203844907256403
13919,3.323890064,4.086179903120679,0.7622898391206792
13924,4.012705441,3.9426859408636403,0.07001950013635927
13925,3.517855419,3.962512428196802,0.44465700919680184
13936,4.825146266,3.9390085965988053,0.8861376694011946
13940,4.202249096,4.007269492254398,0.19497960374560197
13954,4.26759408,3.916844572702619,0.3507495072973814
13959,4.406132945,3.8432009994036305,0.5629319455963699
13970,3.502823904,4.035574074361429,0.5327501703614286
13971,5.280305143,4.033526744961881,1.2467783980381189
13976,3.853995721,4.029058590457201,0.1750628694572014
13982,5.456669629,4.149314526351068,1.3073551026489323
13983,3.822424955,3.814308293146061,0.008116661853939
13989,3.758611847,4.0037047175265865,0.24509287052658646
13996,5.728648623,4.415695233492098,1.3129533895079017
14010,4.164650216,4.033281375749419,0.13136884025058126
14012,3.608081885,3.8593656630899646,0.2512837780899648
14025,4.925786788,3.69588911622083,1.2298976717791699
14026,4.050725524,3.645133994533909,0.4055915294660908
14030,3.733767425,3.811690798371082,0.07792337337108224
14049,3.65186895,4.260332681714641,0.6084637317146413
14050,3.90109879,3.8817557977993125,0.01934299220068736
14083,3.652125418,3.429830031755141,0.22229538624485867
14089,4.354912655,4.269900737426282,0.08501191757371807
14093,3.723832787,3.8710974664925244,0.1472646794925243
14098,3.736158799,3.5369953865729737,0.1991634124270263
14103,3.773678067,3.9270843773689714,0.15340631036897134
14105,3.942663432,3.458360371859764,0.4843030601402356
14114,3.9977285,3.278013601193074,0.719714898806926
14117,4.145006384,4.135254638825245,0.0097517451747553
14131,3.68267789,3.871117484423367,0.18843959442336722
14132,3.532628433,3.7797397520221963,0.24711131902219607
14154,3.399676158,3.413702819686754,0.014026661686753705
14155,3.91129271,3.512222974239061,0.3990697357609392
14156,3.456479304,3.220909585206719,0.23556971879328126
14159,3.425874788,3.4942511458224104,0.06837635782241058
14161,3.762867828,3.1993330995820983,0.5635347284179018
14162,4.005905876,3.182458603598899,0.823447272401101
14173,4.625108159,3.8431018944805575,0.7820062645194423
14174,3.708815313,3.575601848088045,0.13321346491195518
14204,3.839999536,4.075615054673942,0.2356155186739417
14216,4.115697267,4.016151652815273,0.09954561418472707
14223,4.426083706,3.762611997808058,0.6634717081919419
14225,3.75714287,3.846219165459034,0.08907629545903406
14233,3.830124098,3.6530044599336566,0.17711963806634357
14244,4.343063779,3.9997983057697017,0.34326547323029866
14246,3.728143542,3.76917498682605,0.04103144482604959
14247,3.732186904,3.882950363128523,0.15076345912852274
14248,5.600255009,3.6849693500505243,1.9152856589494753
14249,3.733441848,3.8487410757290355,0.11529922772903545
14250,3.645364622,3.864068227204381,0.21870360520438092
14251,3.680596103,3.415274039070979,0.265322063929021
14258,4.908937971,3.7877961435442495,1.1211418274557508
14283,4.40885478,4.60129417282366,0.19243939282365918
14288,3.662734441,3.7022064333720506,0.03947199237205057
14291,3.566644485,3.7480988883698885,0.1814544033698886
14299,2.872062317,3.2158113168242988,0.34374899982429863
14318,4.185119364,3.9136846991274474,0.27143466487255274
14319,2.850673061,3.245001091258108,0.3943280302581078
14327,3.174325016,3.7067318944352428,0.5324068784352427
14336,3.191653635,3.029387993995999,0.1622656410040011
14337,3.586440745,3.602676159226104,0.016235414226104083
14367,1.741648664,3.223814177830098,1.4821655138300982
14378,2.919025973,3.5080464655796986,0.5890204925796985
14379,2.986261235,3.430830780399005,0.4445695453990046
14385,3.266456445,3.5487030347429678,0.28224658974296757
14405,3.314077992,3.3119221780990395,0.002155813900960535
14408,3.352131918,3.350232901545898,0.0018990164541019539
14409,3.576149963,3.5652648740094617,0.010885088990538527
14410,3.014563515,3.660297241716125,0.645733726716125
14412,3.909011215,4.181676940957075,0.2726657259570753
14424,3.623692665,3.5438530644761417,0.07983960052385841
14426,3.547497341,3.604753478048467,0.05725613704846699
14427,3.588242309,3.7305271398068824,0.14228483080688248
14452,3.457136753,3.9155380152726975,0.4584012622726976
14461,3.510248677,3.3595242924558337,0.15072438454416615
14464,3.491075806,3.5646661042953176,0.0735902982953176
14465,3.39223428,3.548530488991,0.15629620899100027
14466,3.464173474,3.614371414133925,0.1501979401339253
14483,4.179222247,3.7677919104305997,0.41143033656940053
14490,3.79255756,3.9584790284566944,0.1659214684566943
14533,3.44364251,3.589245847808643,0.14560333780864276
14544,3.701703346,3.982507464540241,0.280804118540241
14545,3.537187966,3.967060024822083,0.42987205882208324
14550,3.613234865,3.260660033690183,0.3525748313098167
14551,3.627829607,3.261963298260767,0.36586630873923287
14553,2.013295171,2.9518336733212873,0.9385385023212871
14566,4.288135158,3.781955153371883,0.5061800046281171
14567,5.178502703,3.8712623182819144,1.307240384718086
14577,4.656106005,4.075395859652077,0.5807101453479229
14586,3.594803602,4.2486945072542115,0.6538909052542117
14601,6.553130852,4.0764733439032605,2.4766575080967392
14605,3.075328898,3.5450490537391866,0.4697201557391866
14606,3.144110713,3.1065997301643318,0.037510982835668116
14611,4.582215704,4.6409993072520495,0.05878360325204923
14624,3.519026894,3.6267989947746404,0.10777210077464039
14645,4.551020778,4.5426519154515175,0.008368862548482348
14649,3.607607722,3.4509365563863326,0.15667116561366745
14694,3.98472169,3.8321368696408857,0.15258482035911447
14695,4.077757116,3.859409478203204,0.2183476377967959
14696,3.840755795,3.378476104933625,0.46227969006637526
14799,3.641017762,3.68640850642737,0.04539074442736979
14824,3.468227077,3.7876371456521265,0.3194100686521266
14842,3.491895283,3.637607944262852,0.1457126612628521
14882,3.453870251,3.9917154716635963,0.5378452206635962
14883,3.292292716,4.444565887659044,1.152273171659044
14894,3.261053505,3.3332797703491797,0.07222626534917964
14895,3.35359046,3.3707350188610468,0.01714455886104682
14911,3.909501096,3.831613995204316,0.07788710079568428
14912,3.791671514,3.660547270861225,0.1311242431387747
14913,4.024740681,3.8216594136453224,0.20308126735467757
14914,3.798491812,3.659291238811755,0.13920057318824508
14915,4.212773374,3.8738444702564783,0.3389289037435219
14916,4.113050607,3.861552957793177,0.25149764920682305
14917,3.983636898,3.798057189957695,0.18557970804230495
14918,3.323893497,4.045696800820054,0.7218033038200544
14925,3.775693865,3.7843285687620796,0.008634703762079532
14961,3.719483553,4.024926871962879,0.3054433189628787
14967,2.929365624,3.1572710390802694,0.2279054150802695
14968,3.00428245,3.2170587161807345,0.21277626618073464
14969,3.093992197,3.2532951941998216,0.15930299719982166
14970,3.126615773,3.185100742105196,0.05848496910519563
14971,2.975654242,3.1486157279510265,0.17296148595102645
14972,3.521672629,3.3286212981457854,0.19305133085421478
14973,3.047925225,3.1503173470116996,0.10239212201169945
14974,3.64553525,3.0506972081235846,0.5948380418764154
14975,3.326876685,3.3162431898883615,0.010633495111638247
14977,2.695705109,3.5459698574463108,0.8502647484463108
14996,4.029905429,3.4709536914809496,0.5589517375190507
14997,3.939057757,3.228576925920929,0.7104808310790709
15002,3.868239591,3.7639374249367825,0.10430216606321752
15004,2.718603467,3.50481724395185,0.78621377695185
15009,3.794204931,3.4073813163599467,0.3868236146400532
15019,3.278850947,3.3121090960163766,0.03325814901637658
15023,3.203777786,3.945603767687628,0.741825981687628
15024,3.52956967,4.285924992374021,0.7563553223740209
15032,3.535140344,3.63957501972216,0.10443467572215992
15035,2.962290395,3.438503230823335,0.47621283582333485
15058,3.598776832,3.477010145352053,0.12176668664794699
15067,3.362286395,3.2488685471312087,0.11341784786879128
15071,3.590403028,3.5072351119168825,0.08316791608311735
15078,4.794875637,4.034141338937949,0.7607342980620508
15097,3.788426202,3.8996096380731586,0.1111834360731585
15105,3.903832658,4.72026832355802,0.8164356655580205
15112,5.786734942,4.155474678611336,1.631260263388664
15116,3.566194644,3.0639706790412884,0.5022239649587115
15120,3.910368234,3.980458498637859,0.07009026463785917
15128,4.403496996,3.5622181336513425,0.8412788623486578
15133,3.841683417,3.5866399711613672,0.2550434458386328
15137,2.781025704,3.144369085779271,0.36334338177927084
15156,2.054898916,2.919705313884321,0.8648063978843212
15161,3.220863522,3.3013068300085537,0.0804433080085536
15165,2.990780227,3.195609730326077,0.20482950332607697
15175,4.148364399,3.6030024417531576,0.5453619572468424
15180,3.236045253,3.386361640989693,0.15031638798969293
15188,3.456279252,2.947100716554076,0.509178535445924
15194,4.02383296,3.11941362724208,0.9044193327579202
15205,3.136287113,3.402939524420584,0.26665241142058393
15207,3.597559382,3.7306046003145688,0.13304521831456873
15222,3.314439578,3.7104762898709525,0.39603671187095246
15250,2.821541854,3.854550935778763,1.0330090817787632
15252,4.127417513,3.9410950031393632,0.18632250986063692
15266,3.028521549,3.303711841958039,0.275190292958039
15277,5.358405078,3.232728915250313,2.1256761627496865
15284,3.56589453,3.8148912301086546,0.2489967001086546
15293,3.515833647,3.6737470541318205,0.15791340713182045
15294,3.212839888,3.635610524699667,0.4227706366996671
15295,3.439512691,3.8518264235637547,0.4123137325637547
15296,3.264021674,3.59341358018636,0.32939190618635994
15297,3.186271819,3.5262252916728762,0.33995347267287634
15299,3.67490696,3.3910900580397674,0.28381690196023257
15300,3.831626655,3.6212786521647797,0.21034800283522026
15308,2.140903248,3.1109129127583204,0.9700096647583205
15316,3.184943728,5.367935218954333,2.182991490954333
15318,3.924423288,4.29561667957471,0.3711933915747103
15330,5.999438622,4.15240385561238,1.8470347663876208
15332,4.510139387,4.185405506419429,0.3247338805805704
15343,2.598247487,3.181227748768874,0.5829802617688737
15346,2.951783607,3.643222800274623,0.6914391932746233
15349,3.348834263,3.232899136051019,0.115935126948981
15352,3.927259123,3.582054554021304,0.345204568978696
15384,2.970429532,2.8675372156155197,0.10289231638448015
15387,3.267302274,3.7284025730851726,0.4611002990851727
15410,3.51724304,3.055181480506628,0.4620615594933719
15420,4.10212867,3.2078338163478888,0.8942948536521111
15425,2.647755726,3.300546518728393,0.6527907927283927
15428,3.978773784,3.8366652051051764,0.14210857889482353
15435,3.413527751,3.654853255308368,0.24132550430836774
15438,4.764280769,3.5374661667507383,1.2268146022492616
15442,6.861694828,4.801021332548836,2.060673495451164
15452,3.927650209,3.528276533392618,0.3993736756073818
15456,4.180804229,3.701869955586962,0.47893427341303774
15457,4.490516098,3.7766784441159302,0.7138376538840694
15477,2.977275365,3.0244877966416777,0.047212431641677544
15478,3.291314079,3.2877150410941476,0.0035990379058525868
15498,3.005455271,2.9658360530763868,0.03961921792361345
15511,3.308838207,3.886672757486039,0.5778345504860392
15539,3.750506159,3.3849690155619787,0.36553714343802124
15561,3.920971786,4.444403769639192,0.5234319836391919
15571,3.355080107,3.335959019003106,0.019121087996893937
15593,3.456609237,3.4530851093434394,0.003524127656560516
15609,2.803725768,3.322651475800354,0.5189257078003537
15613,3.099166376,3.4869250047125018,0.3877586287125019
15620,2.858851,3.3492023102535344,0.4903513102535344
15621,3.201851666,4.037409709850325,0.8355580438503254
15622,3.221862647,4.211258358322772,0.9893957113227723
15633,4.239925949,3.762928952157718,0.4769969968422818
15637,3.367435648,3.8268304549518453,0.4593948069518454
15649,4.084769255,3.959390873518056,0.12537838148194425
15654,3.819939925,3.727016041773924,0.0929238832260757
15676,3.339264565,3.871310436488776,0.5320458714887759
15692,3.21550009,3.4331166461390024,0.21761655613900244
15700,3.881116393,3.845353175602016,0.03576321739798427
15705,3.220375508,3.4259854889211385,0.20560998092113847
15706,3.850689277,3.822151795064471,0.028537481935528852
15710,3.216690669,3.9757096856487406,0.7590190166487405
15715,3.833274639,3.5867470542297437,0.24652758477025616
15719,3.481955452,3.8093815307049805,0.32742607870498075
15746,4.042951727,3.883597953005198,0.15935377399480233
15748,4.104372718,3.40920741327949,0.6951653047205095
15766,3.429980041,3.336825509800654,0.09315453119934602
15790,3.566226986,3.5308222523422765,0.035404733657723675
15791,3.599561441,3.626997173961303,0.02743573296130286
15795,3.792664289,3.9105004331902435,0.11783614419024335
15812,4.081223823,3.734119580911439,0.34710424208856105
15856,4.338070338,3.871001200720411,0.46706913727958854
15869,3.437239535,3.4332158177759795,0.0040237172240202845
15889,3.936809944,4.195801727772052,0.2589917837720517
15896,2.780353802,2.9086709081366093,0.1283171061366093
15930,2.271643381,3.359992797859413,1.0883494168594128
15931,2.6113097,3.337358973168475,0.7260492731684751
15932,2.844438515,2.9514262025329825,0.10698768753298271
15936,3.125654732,3.1386181381645333,0.012963406164533176
15942,3.485146853,4.435469996307458,0.9503231433074584
15947,3.176663737,3.6910034355670485,0.5143396985670483
16023,4.204745427,3.7868001153009274,0.41794531169907234
16050,4.01479626,3.9909877009573274,0.023808559042672428
16119,3.315185591,3.010646457587799,0.30453913341220096
16125,3.237538712,3.142806492392646,0.09473221960735412
16128,5.228205381,5.104278191320435,0.12392718967956551
16153,3.870284661,3.8437998709028487,0.026484790097151212
16160,3.056543135,3.6430502706537524,0.5865071356537523
16164,3.204122781,2.948563798436993,0.25555898256300713
16169,3.214022149,3.682158125445804,0.46813597644580396
16172,3.494333057,3.4834476163637866,0.010885440636213328
16176,3.67335119,3.733376757169208,0.06002556716920804
16177,3.669802848,3.7073345970477676,0.03753174904776779
16178,4.002712722,3.8476993640249453,0.15501335797505478
16179,2.365922062,2.9980407608984905,0.6321186988984904
16196,4.216746334,3.921517832026225,0.2952285019737748
16228,3.720214024,3.737179427169004,0.016965403169003856
16230,2.768435334,3.6920818191337585,0.9236464851337587
16236,3.977434155,3.8870920536158953,0.09034210138410481
16237,3.987800286,3.8512169385250172,0.1365833474749829
16251,3.727624172,3.853124344840646,0.12550017284064596
16299,4.112760239,3.788553174339345,0.32420706466065496
16305,3.938593453,3.840415052522696,0.09817840047730408
16319,4.135844267,4.2078690425899925,0.0720247755899921
16320,4.222616543,3.7426724530483813,0.47994408995161875
16327,4.004442392,4.096018061928321,0.09157566992832145
16362,3.072479058,3.5125055324613554,0.44002647446135557
16385,4.606387056,4.738178611084644,0.1317915550846438
16434,3.182984967,3.3682847567313416,0.18529978973134176
16438,3.81000196,3.459869129461695,0.35013283053830513
16439,3.704477361,3.692285384649581,0.012191976350418798
16446,3.900887223,4.071508187183069,0.17062096418306893
16452,3.546890629,3.511662029996187,0.03522859900381281
16453,3.91170488,3.516058657265969,0.39564622273403094
16457,3.597411343,3.6827797017214294,0.08536835872142934
16480,3.41385276,3.3749997298890704,0.038853030110929776
16490,3.400368949,3.722077515273014,0.3217085662730139
16491,3.274204048,3.602143003482999,0.327938955482999
