ligand_id,y,prediction,abs_residual
1,4.115608217,3.127286365318338,0.9883218516816621
12,3.110744921,3.391736717971739,0.2809917969717386
22,3.630437437,3.980254883213271,0.34981744621327104
24,6.693247772,5.179171709901695,1.5140760620983054
29,4.004166548,3.7246241109239673,0.27954243707603244
37,4.276976654,4.016024744946943,0.2609519090530572
39,3.095724987,3.4285822298022373,0.33285724280223716
40,4.906345818,3.9114407325195564,0.9949050854804438
59,2.725605396,2.4254712682476223,0.3001341277523779
72,4.086160395,3.4433709361002243,0.642789458899776
78,1.427654993,2.6390050865927317,1.2113500935927317
80,3.626219292,3.581040135545647,0.04517915645435311
90,3.027922626,2.8952485410806656,0.1326740849193344
101,4.05114907,4.1578239337822644,0.10667486378226432
104,3.087852375,3.561189321652327,0.47333694665232695
111,2.296030833,2.597992560269219,0.301961727269219
115,2.14969472,2.010229589130202,0.13946513086979762
128,3.88365355,3.821134575470171,0.06251897452982913
136,2.730398322,2.646601962026823,0.08379635997317703
140,2.802112091,3.099785354950226,0.29767326395022575
148,3.961875081,4.20851051498408,0.24663543398407972
155,1.717997085,2.776112445775855,1.0581153607758549
164,6.757180187,4.147834917274473,2.6093452697255275
165,1.574330387,2.432742334448175,0.8584119474481751
184,1.106268299,2.781539781727517,1.675271482727517
195,4.279535662,3.8739349377333974,0.40560072426660243
231,4.120409989,4.029761919909803,0.09064806909019651
245,2.966342339,3.6941522425936353,0.7278099035936352
253,4.054398261,4.297294975435527,0.24289671443552674
257,3.623053652,3.7285253578443656,0.10547170584436572
261,2.171837315,2.721585162129522,0.5497478471295221
268,3.746743974,3.9627235066424094,0.2159795326424092
274,3.502990947,3.6535470350932906,0.1505560880932908
275,4.122448376,3.87491222518537,0.24753615081463032
283,3.132837831,2.9826333973833323,0.15020443361666747
287,3.40026809,3.353609053096865,0.046659036903134776
288,3.723110042,3.794242820200137,0.07113277820013675
292,4.111224269,3.90741867129811,0.20380559770189022
293,3.635834592,3.9943004928629247,0.3584659008629245
321,2.233211202,2.6299826850491193,0.39677148304911913
322,3.154653472,4.267652487188789,1.1129990151887887
327,2.058368173,3.0308015451946244,0.9724333721946246
356,4.208312936,3.903278743469171,0.30503419253082864
358,2.384287688,2.6045161596666846,0.22022847166668447
363,3.201504073,3.7043593134413486,0.5028552404413484
386,2.991041726,3.0298022705291894,0.0387605445291892
389,3.692363906,3.6976562821682917,0.005292376168291479
393,3.353638447,3.795320373306094,0.44168192630609404
417,3.756637342,3.1345667548995833,0.6220705871004166
423,2.091380654,2.5062328432175542,0.4148521892175543
424,3.839638975,3.913540702713334,0.07390172771333381
425,3.766619166,3.7726744206710072,0.006055254671007315
434,3.860863659,3.8703480492464757,0.009484390246475627
449,6.170365184,5.568666274747365,0.6016989092526348
459,3.330118739,3.3326383617454884,0.002519622745488448
473,3.8692422,4.162680300923735,0.2934381009237348
477,2.794535228,2.932722794748821,0.13818756674882104
480,2.632078148,2.9241437572464304,0.2920656092464302
481,2.668672445,3.0123858415237,0.34371339652370025
488,2.339785233,2.7931120357320918,0.4533268027320916
493,2.565488312,2.8591656037868267,0.2936772917868269
495,2.426940699,2.829632145836033,0.402691446836033
498,2.496785583,2.864002520363099,0.3672169373630991
507,1.778579543,3.527118830542492,1.7485392875424919
516,1.806488055,3.7028115986414356,1.8963235436414356
533,2.283946159,2.792494912606492,0.5085487536064921
553,3.322753712,3.98180286126002,0.6590491492600199
567,2.870153628,3.8445671108678483,0.9744134828678481
573,3.325503254,3.2700134086194894,0.055489845380510605
584,1.930730407,2.2644654886347495,0.3337350816347495
586,3.556282938,3.3210248665807662,0.2352580714192336
592,4.13538838,3.98234721092868,0.15304116907132004
605,2.015789085,1.7485527788931323,0.2672363061068679
616,3.020100362,3.3230140164570567,0.30291365445705676
619,3.462803649,3.2777466836755407,0.18505696532445937
626,1.874298552,3.3081585246900946,1.4338599726900947
660,2.482950364,3.0211149569152305,0.5381645929152303
664,2.734537075,2.9336665952402523,0.19912952024025232
666,2.436809431,3.4634613072609604,1.0266518762609604
667,2.902046463,2.881520106867007,0.02052635613299314
671,2.659780291,3.725102211860009,1.0653219208600087
678,3.588359309,3.345225569073317,0.24313373992668286
701,3.929660968,3.6344216075139246,0.29523936048607524
726,5.371005893,3.7641932521701365,1.606812640829864
728,3.981491863,3.865995289491912,0.11549657350808795
730,2.649988619,3.179922499508727,0.529933880508727
743,2.487199423,2.831930860264219,0.34473143726421895
747,3.999167037,3.608767755755471,0.39039928124452894
748,2.306903831,2.4096840866965374,0.10278025569653737
756,3.147909358,3.2154949785093305,0.06758562050933037
768,3.872562063,3.8323854769568166,0.040176586043183526
776,3.813831764,3.8547876381715698,0.04095587417156965
799,3.059501783,3.090006795669618,0.030505012669618026
804,2.608593588,2.4574632172729896,0.15113037072701063
805,3.822117648,4.273818840472741,0.45170119247274076
807,3.017451444,2.4995028735974696,0.5179485704025306
809,3.504395959,3.804194319654262,0.299798360654262
815,2.818803928,3.0217175486668024,0.20291362066680252
818,4.213951732,4.1235163082038335,0.09043542379616643
832,3.273158748,3.4405376762555075,0.16737892825550738
835,0.832698709,2.417015613465521,1.5843169044655212
837,1.465947662,2.6355117212802517,1.1695640592802516
844,1.880579984,2.243106907444357,0.3625269234443571
847,1.385602184,2.733757363834468,1.3481551798344682
851,2.680404494,2.5586824132744255,0.12172208072557433
856,3.249465577,3.9078311128877186,0.6583655358877185
865,1.318469136,3.6130962248502954,2.2946270888502953
874,3.647706525,3.6507010217644114,0.0029944967644115472
877,6.033769445,3.323197878570581,2.7105715664294188
895,2.926982145,3.403350049697467,0.4763679046974669
903,2.875448337,3.439170218666369,0.5637218816663689
908,2.563867744,2.6260792410715017,0.06221149707150175
910,3.041879349,3.006799246459196,0.035080102540803626
920,3.502802527,3.5340109861004003,0.031208459100400265
924,3.833790439,3.9522194670798054,0.11842902807980549
927,3.748744111,3.74425493619568,0.004489174804320317
930,3.196134716,2.672558583665608,0.5235761323343922
939,2.471678304,3.2286535212475886,0.7569752172475885
944,2.957500868,3.083932846031792,0.12643197803179218
945,2.710233754,3.162415724279517,0.4521819702795171
954,3.216432763,3.6881551676326714,0.47172240463267157
955,3.673882844,3.6639368729497512,0.009945971050248748
962,3.000506382,3.3860148770296497,0.38550849502964946
985,3.46137792,3.2953927876455005,0.1659851323544994
986,2.872551201,3.3634463410958775,0.49089514009587765
994,3.658939331,3.669269848965865,0.010330517965865038
998,2.800812007,3.0774394588444465,0.27662745184444626
1008,2.59306679,3.1533797333403357,0.5603129433403358
1027,3.375158625,3.5343317836903725,0.1591731586903724
1038,3.373577656,3.195387313549978,0.17819034245002197
1046,3.392605998,3.1602046674035025,0.2324013305964976
1049,3.544816336,3.5896487448686494,0.04483240886864959
1052,2.753309784,3.214001595386728,0.4606918113867282
1053,1.252329344,2.662762707695802,1.4104333636958017
1059,3.102060484,2.981108539383693,0.12095194461630676
1064,2.566129748,2.902338829211966,0.33620908121196624
1079,3.007891585,2.6058585076026866,0.4020330773973133
1082,4.996218249,3.2097218532647394,1.7864963957352606
1085,2.769631356,3.355689963357181,0.586058607357181
1108,2.946637821,3.3127203792023154,0.3660825582023155
1110,2.438187807,2.6083178420867856,0.1701300350867858
1111,2.927008015,3.0705937582335,0.14358574323349993
1119,3.266519145,3.6012767079649155,0.3347575629649153
1121,3.605060581,3.5242474069206993,0.08081317407930078
1123,4.124433603,4.923576067482568,0.7991424644825678
1128,3.304621916,3.2358353561064526,0.06878655989354732
1137,3.10382204,2.6894660518874027,0.4143559881125971
1139,2.809963522,3.0022771121594927,0.1923135901594928
1151,2.046383148,3.0270037518139286,0.9806206038139287
1165,3.320649398,3.792123582109008,0.47147418410900777
1173,2.023324805,2.9581976456162904,0.9348728406162903
1178,1.904617329,2.661631851010695,0.7570145220106952
1184,2.88500293,3.206628042476896,0.32162511247689585
1189,4.075032549,3.842808497463733,0.23222405153626724
1204,3.612142155,3.129205801796533,0.48293635320346695
1206,2.788267882,2.94086115250852,0.15259327050852
1211,3.289764087,2.7839046641259295,0.5058594228740705
1212,1.6950687,2.3566876567679955,0.6616189567679955
1213,2.893565277,3.1223634372872384,0.22879816028723843
1218,3.184457352,3.2079252380815113,0.023467886081511402
1222,2.413386783,3.6050107089770775,1.1916239259770776
1225,3.518899182,3.232570536666883,0.2863286453331173
1227,2.497218578,3.6006571861127985,1.1034386081127985
1243,3.539661876,3.5282239544108744,0.011437921589125377
1251,2.98610959,3.3509771386755354,0.3648675486755355
1261,3.359611911,3.25595619003231,0.10365572096768982
1262,3.234865137,3.360145361135972,0.12528022413597206
1268,2.948446129,3.095556330719955,0.14711020171995504
1281,3.201531489,3.876756875201765,0.675225386201765
1286,3.980652094,3.7977384252953694,0.18291366870463044
1289,3.811469934,3.777518822037043,0.03395111196295675
1296,3.965741528,3.744111094781689,0.22163043321831122
1307,4.472313029,4.028808767159634,0.4435042618403662
1326,1.952647852,3.54855731896542,1.5959094669654201
1327,2.834206757,3.1188048951141334,0.28459813811413337
1333,3.233603323,3.2687828069918785,0.035179483991878424
1337,4.515770113,4.015612402212158,0.5001577107878425
1341,4.166970877,4.161076294215017,0.0058945827849825605
1353,2.411280151,2.922679675125744,0.5113995241257436
1358,2.727143469,2.6539672494862216,0.0731762195137784
1360,3.912995943,4.040204589807673,0.1272086468076732
1361,3.200190898,3.310929786115772,0.11073888811577204
1365,3.303580486,3.485249996217422,0.18166951021742195
1371,1.764890715,2.441605099756348,0.6767143847563482
1373,4.500270103,4.801019250264722,0.3007491472647219
1382,3.662865979,3.4814138897777944,0.1814520892222058
1392,2.732194911,2.7986964511535937,0.06650154015359355
1396,3.190690193,2.6247059348022126,0.5659842581977874
1402,3.593456834,2.756108973720448,0.8373478602795519
1407,5.052716858,4.776723723623742,0.2759931343762583
1410,3.952773834,3.705672310177147,0.2471015238228529
1415,3.906265042,4.063256288611999,0.15699124661199937
1420,5.166456139,4.942921902939672,0.22353423606032852
1455,2.676737494,2.893925890226326,0.2171883962263257
1462,3.840472036,3.2761705021753125,0.5643015338246875
1471,4.638247576,3.2866003769545387,1.3516471990454617
1484,3.013148764,3.1459629685313852,0.13281420453138537
1485,4.082202004,3.619386554843452,0.46281544915654793
1487,1.959948066,2.4010318355993348,0.4410837695993348
1504,4.155328749,3.849293216746738,0.3060355322532615
1511,3.300754131,3.584076421908177,0.28332229090817673
1513,3.072205767,2.648867112830394,0.4233386541696058
1520,4.101452722,3.643550961782883,0.45790176021711737
1527,3.440979247,3.510934329242479,0.06995508224247882
1536,4.431876718,3.2785751817397037,1.153301536260296
1537,2.454963652,2.7948693601777967,0.33990570817779675
1547,3.338765882,3.2514200163095754,0.08734586569042468
1550,3.555056945,3.9446177896647394,0.3895608446647394
1555,2.695788026,2.8159917215223773,0.12020369552237753
1570,3.468805019,3.5823648903888183,0.1135598713888184
1590,3.525005443,4.125194115124932,0.6001886721249323
1631,3.608763678,3.001354907361692,0.6074087706383078
1643,4.572935464,3.882708478192845,0.6902269858071555
1664,3.81970841,3.589184056933116,0.23052435306688412
1667,2.694007084,3.307057692482395,0.613050608482395
1670,2.037936196,2.7038273591637125,0.6658911631637126
1671,6.01252172,4.903621337938479,1.1089003820615204
1678,4.124266145,2.5178942933231614,1.6063718516768386
1683,3.034405337,3.72923608691873,0.6948307499187303
1714,3.784329094,3.2546832455223433,0.5296458484776565
1722,3.372918575,3.2734879584856755,0.09943061651432439
1734,3.126912321,3.5245535433371273,0.3976412223371275
1738,1.744177939,3.686017043281193,1.9418391042811929
1739,3.509728338,3.5125570508941966,0.0028287128941966166
1753,2.778904226,2.967031230650911,0.18812700465091092
1805,4.615229966,3.868435036371378,0.746794929628622
1816,3.442937822,2.936972453096436,0.5059653689035644
1823,3.007892329,3.4837574267069087,0.47586509770690855
1828,3.474889772,3.2532551517065036,0.22163462029349645
1832,3.432578632,3.5593165626039496,0.12673793060394978
1841,3.091563402,3.246256842044672,0.15469344004467223
1849,3.539474622,3.5272300457842625,0.012244576215737712
1857,3.968628714,4.308878641124149,0.3402499271241495
1873,3.305673746,3.1814665688623864,0.12420717713761364
1874,3.475791697,2.99901447657566,0.4767772204243399
1877,2.924262052,3.1247644286133247,0.2005023766133247
1886,2.853380662,3.488520399148408,0.6351397371484078
1901,3.908053683,4.138056088989527,0.2300024059895267
1904,2.701419261,3.1071008818808883,0.40568162088088844
1925,3.621790578,3.8072224688927885,0.18543189089278833
1929,3.738599376,3.9221847924304383,0.18358541643043846
1937,3.278694851,3.0559247293187894,0.22277012168121058
1947,4.528376709,3.8461292454608142,0.6822474635391855
1953,3.259821747,3.1417714673018966,0.11805027969810356
1960,3.01484243,3.4090518496008695,0.39420941960086964
1968,4.257659722,3.8278542624723357,0.4298054595276639
1978,3.88455024,4.168830180061305,0.2842799400613054
1980,2.942052721,3.1910817537113365,0.24902903271133647
1986,2.845662256,2.9735377018741525,0.12787544587415267
1988,3.842231217,3.472176807114996,0.37005440988500427
1999,3.24150171,3.22294868743235,0.018553022567650235
2020,4.105335193,3.7947778734071766,0.3105573195928235
2023,3.879599517,3.914274526704745,0.03467500970474502
2028,3.791383652,3.9292080156654885,0.13782436366548856
2031,3.432655633,3.722804546645491,0.2901489136454911
2034,3.899710504,3.9557399480708786,0.0560294440708784
2035,4.010634879,3.8948979898558806,0.11573688914411973
2042,3.529515904,4.093849285915011,0.5643333819150111
2043,3.526124192,3.835141325336316,0.30901713333631564
2045,3.321470698,3.336441357941296,0.01497065994129576
2051,1.920556361,1.9382518066654828,0.017695445665482756
2066,3.612291336,3.471643570387731,0.1406477656122691
2083,3.712049607,3.7466064417923075,0.034556834792307534
2093,3.639537714,3.874114795320195,0.23457708132019528
2099,3.418954964,3.1639277618927313,0.2550272021072688
2114,3.927580319,3.359457835895787,0.5681224831042129
2141,3.277641953,3.3805815076573205,0.10293955465732063
2155,3.487812332,3.3758470076704126,0.11196532432958728
2162,3.919015884,3.768945451747146,0.15007043225285388
2163,3.756345927,3.7912674495622145,0.03492152256221459
2175,4.020066496,3.809042508988537,0.2110239870114632
2187,3.548124906,3.981431631405632,0.433306725405632
2192,4.251768976,3.9974001992365515,0.2543687767634486
2193,4.186761452,3.824858677334659,0.36190277466534093
2201,2.778635038,3.2993442960822827,0.5207092580822827
2204,3.664276254,2.957116943433551,0.7071593105664489
2206,3.483066666,3.345062509894328,0.13800415610567196
2215,3.760158509,3.88143041595991,0.12127190695990997
2219,3.682964986,3.8564131674796465,0.17344818147964647
2231,3.432499715,3.4241790396578597,0.008320675342140316
2243,3.405885813,3.2809920837197035,0.1248937292802963
2246,2.152893488,2.978278991190702,0.8253855031907018
2249,2.921122654,2.3532466722282814,0.5678759817717185
2251,4.011301532,4.082934654161677,0.07163312216167661
2257,4.071250963,4.289522057934936,0.21827109493493602
2275,3.328746882,2.97183459694835,0.35691228505164974
2280,3.687715203,3.6488626183889803,0.038852584611019925
2281,2.901473579,3.295602718232729,0.39412913923272885
2285,4.088034553,3.786668401952693,0.3013661510473069
2287,3.745411838,4.0557575983687375,0.3103457603687376
2289,3.222245224,3.6473371751251027,0.4250919511251028
2320,4.564072975,3.906294884137334,0.6577780908626663
2326,2.630715761,2.82834718482097,0.1976314238209702
2327,3.563650566,3.5376623343961993,0.025988231603800926
2335,3.636217363,3.3895824856468835,0.24663487735311662
2338,3.782050103,3.9241368428175742,0.14208673981757425
2339,4.341379561,3.7332106313026987,0.6081689296973014
2343,3.403412242,3.4578271041906934,0.05441486219069347
2346,3.371233888,3.5332650454113774,0.16203115741137752
2347,4.076338872,4.148168537713004,0.07182966571300398
2357,3.78550101,3.6262168935234973,0.15928411647650265
2358,3.143106787,3.4195246777867667,0.27641789078676693
2366,3.015943627,3.725030890252355,0.7090872632523548
2367,4.00777764,3.8817160833540587,0.12606155664594088
2390,3.081157515,3.1049515911895194,0.02379407618951923
2393,3.542119696,3.4546482746725613,0.08747142132743857
2394,3.12806497,3.251644512127516,0.1235795421275161
2402,3.087116739,3.863986066296453,0.7768693272964531
2408,3.222693065,3.227214338145167,0.004521273145166926
2410,4.475346678,3.8954796565659304,0.5798670214340698
2424,3.931268398,3.971942513714054,0.04067411571405399
2435,3.406304777,3.876022646113436,0.46971786911343605
2436,4.314040282,4.095285283063548,0.21875499893645145
2441,4.096313172,3.6577493531412317,0.4385638188587686
2442,3.577995759,2.8785722095927504,0.6994235494072498
2447,3.56202294,3.5214962747805627,0.04052666521943715
2471,3.213591535,3.621974536293401,0.4083830012934011
2480,2.707399831,2.917994255171805,0.21059442417180518
2486,4.854718014,4.323314957602737,0.5314030563972629
2496,3.028413085,3.097040712810458,0.06862762781045806
2503,3.463760478,3.0832276895378077,0.3805327884621925
2516,3.73817585,3.7799012756412393,0.041725425641239156
2518,3.62300179,3.3089174017418004,0.3140843882581996
2524,3.457552495,2.9300107180720403,0.5275417769279596
2534,4.02086656,3.5083025120582962,0.5125640479417037
2540,3.526726867,4.035845471431992,0.5091186044319924
2555,3.241473843,3.316215017150957,0.07474117415095671
2564,5.847973456,4.949788004044216,0.8981854519557837
2577,3.43822147,3.426649696684864,0.011571773315135925
2578,2.884430704,3.5564188284343983,0.6719881244343981
2587,3.493019651,3.986769471409048,0.493749820409048
2588,3.136653639,3.027010417513933,0.10964322148606698
2591,3.249729681,3.7610935848196108,0.5113639038196109
2593,3.233125444,3.6014744019504032,0.3683489579504031
2615,3.664119608,3.7733129230102573,0.10919331501025731
2622,3.551312734,3.805198845916669,0.2538861119166689
2623,3.535671544,3.4311884391052394,0.10448310489476054
2632,4.16521464,3.3957813226933915,0.7694333173066088
2638,3.535046166,3.5997807314468786,0.06473456544687872
2642,3.425844101,3.5304034465503817,0.10455934555038171
2643,2.648568804,2.928180598463445,0.27961179446344486
2648,3.597062454,3.5265373435081435,0.0705251104918565
2649,3.619294622,3.554601431181518,0.06469319081848202
2657,3.373395384,3.3820211192772756,0.008625735277275393
2667,4.011220808,3.745107082024366,0.2661137259756341
2670,3.784244524,3.5472450149996426,0.23699950900035738
2682,2.812110841,3.24151532866061,0.42940448766061
2685,3.786258004,3.885633589632981,0.09937558563298099
2693,4.307828432,3.975041802899116,0.33278662910088386
2707,3.210607577,3.528230776246684,0.3176231992466838
2713,3.419701785,3.4077364809739077,0.011965304026092305
2714,3.758825414,3.84137491900335,0.08254950500335001
2719,2.794611958,3.0206409240221106,0.22602896602211064
2722,4.28048276,3.999535112264465,0.2809476477355348
2725,3.640118258,3.6079388895302174,0.032179368469782865
2726,3.70201155,3.8840518740795242,0.1820403240795243
2728,4.150270996,3.963437184293172,0.18683381170682756
2735,3.782568594,3.915076172377243,0.13250757837724336
2736,4.264214348,3.9912419266267993,0.272972421373201
2740,3.696311603,4.126554740511626,0.430243137511626
2757,2.769522713,3.137553815670178,0.3680311026701779
2762,2.707399831,3.0978427829519775,0.3904429519519774
2767,4.11298648,3.5931841748245823,0.5198023051754177
2768,3.598926134,3.338505206310714,0.26042092768928615
2771,3.071483107,3.245081743486692,0.17359863648669194
2784,3.467206285,3.3371379242447174,0.1300683607552826
2786,4.174117981,3.2362351597788717,0.9378828212211285
2801,3.764304255,3.9743866428449435,0.2100823878449436
2822,4.195064839,3.720825972729031,0.47423886627096845
2826,3.948752737,3.9907749119312985,0.04202217493129856
2841,4.450279908,4.06926688049498,0.38101302750501986
2849,2.94897601,3.1539527400748986,0.20497673007489858
2857,3.118101404,3.1269500568952058,0.008848652895205866
2891,3.214241843,3.2820635688740722,0.06782172587407231
2898,3.86382528,3.8323555916844825,0.03146968831551744
2904,3.881334107,3.8132679096596953,0.0680661973403045
2906,3.477574195,3.5270644805219935,0.04949028552199364
2910,4.402898173,4.003844839729823,0.3990533332701762
2912,5.530838588,4.3927381753169294,1.1381004126830705
2917,4.13885824,4.3110505211484895,0.17219228114848928
2919,5.163397588,4.584792439449816,0.5786051485501833
2942,3.255605337,3.673273560664996,0.41766822366499623
2946,5.166942951,3.809901602390113,1.3570413486098873
2953,3.429279788,3.6562180858019513,0.22693829780195118
2956,3.503473628,4.175059990640624,0.6715863626406238
2957,3.913741023,3.8261932307310826,0.0875477922689174
2959,3.791386513,3.8016468499760765,0.010260336976076534
2967,3.673089732,3.9610459017147357,0.2879561697147355
2969,4.056255827,3.5924510837486756,0.4638047432513246
2989,4.063225914,4.158889435960136,0.09566352196013561
2997,4.136964818,3.7446606953958756,0.3923041226041244
3009,3.129064419,3.3024688735850964,0.17340445458509635
3018,3.428487689,3.214253749895456,0.21423393910454358
3019,2.5898858,3.040591477272285,0.45070567727228505
3049,3.734591259,3.290528166498287,0.4440630925017133
3050,3.598739714,3.2689009568894813,0.3298387571105188
3077,4.369849171,3.8659131361371,0.5039360348629001
3082,5.859307346,4.709693291782198,1.1496140542178015
3084,5.183921982,4.210458208069086,0.9734637739309138
3086,3.566411563,4.101535412702378,0.5351238497023783
3113,3.67460214,4.028464839205505,0.3538626992055045
3128,3.158956225,3.3567302051698804,0.19777398016988057
3141,2.68267789,2.682582625898165,9.52641018350242e-05
3154,3.901629546,3.7823361490099368,0.11929339699006336
3169,5.526898346,4.250763320545072,1.276135025454928
3175,3.511112975,3.7963490299688627,0.2852360549688626
3176,4.928070062,3.1465592440973515,1.7815108179026482
3179,4.071393049,3.242161780384651,0.8292312686153491
3194,4.093191051,3.9252504840704168,0.16794056692958304
3200,3.860150651,3.9546643611150554,0.09451371011505527
3208,2.817557107,3.417768747169806,0.6002116401698063
3218,3.126758711,2.9115708748903137,0.21518783610968617
3222,3.678660617,3.5625050941016503,0.11615552289834952
3233,4.06802622,3.8372836103175447,0.2307426096824554
3237,3.699588631,3.83205059365384,0.13246196265383992
3242,4.6597766,3.5886375390147434,1.0711390609852565
3243,7.640835252,3.8985376663831555,3.742297585616844
3244,3.931726489,3.8062866955149213,0.1254397934850786
3260,3.56927147,3.4537937239534395,0.11547774604656036
3262,4.202286956,3.600827458969169,0.6014594970308309
3275,3.728062318,3.675464380418363,0.05259793758163722
3279,4.087804309,4.0358685870017625,0.05193572199823748
3303,3.939834828,4.0346994418407345,0.09486461384073452
3310,2.915602072,3.2040922722471192,0.28849020024711924
3318,2.918608552,3.3070347084641973,0.38842615646419754
3322,3.685343976,3.481185658297688,0.20415831770231208
3328,4.021776824,4.038418269644394,0.01664144564439418
3331,3.679786848,3.6600133098483125,0.019773538151687475
3352,4.050723378,3.2350946641314753,0.8156287138685245
3357,4.408843487,3.3338848940457844,1.074958592954216
3366,3.747001349,3.5710895824959974,0.17591176650400264
3368,3.817523449,4.253069558114783,0.435546109114783
3369,3.390230031,4.032048680796343,0.6418186497963432
3383,3.454749428,3.6200649562352525,0.16531552823525253
3388,3.497515758,3.7571796868921856,0.2596639288921856
3404,3.643209375,3.411479173261952,0.23173020173804826
3414,3.586008288,3.3828632581817573,0.20314502981824267
3415,4.892758065,4.541893762015045,0.35086430298495497
3419,2.947979379,2.9832410452346707,0.03526166623467075
3420,3.472495251,3.4933400583485903,0.02084480734859051
3422,1.616652369,2.574789644394696,0.9581372753946957
3435,2.845508013,2.5573974862551214,0.28811052674487847
3436,3.401992983,3.568779468567942,0.16678648556794196
3447,2.973189451,3.2035922100559397,0.23040275905593965
3448,3.263150618,3.580443430432578,0.3172928124325778
3457,3.446137793,3.618172891116417,0.17203509811641693
3459,2.58530207,2.7899500391148044,0.20464796911480443
3460,2.835179543,2.9238525874802948,0.08867304448029456
3474,4.202652258,4.317172950890749,0.11452069289074895
3490,3.001430812,3.1168593940322418,0.1154285820322416
3492,2.571008988,2.216920469621787,0.3540885183782132
3496,3.475059259,4.269197823381997,0.7941385643819974
3505,3.737142927,3.496640007167793,0.24050291983220662
3513,3.010132634,3.2604272526923115,0.2502946186923114
3518,2.864244348,3.343300415064091,0.47905606706409065
3526,3.233716796,3.1701912082055475,0.0635255877944525
3529,3.400247787,3.519346232960643,0.11909844596064278
3534,2.824600347,3.7146457695444655,0.8900454225444654
3537,3.693394346,3.8382518077206353,0.14485746172063552
3544,3.920112619,3.4409822941791806,0.47913032482081963
3546,2.598813602,2.4175596232272625,0.1812539787727374
3548,3.536409023,3.7977542806772218,0.2613452576772217
3560,2.984532703,2.0655352329238252,0.9189974700761749
3564,3.621710287,3.6738513495066067,0.05214106250660677
3572,3.458364346,3.3612965982055467,0.09706774779445348
3584,3.481379743,4.309952639945683,0.8285728969456829
3590,2.919707126,2.35985312946438,0.5598539965356202
3592,2.832184022,3.4433674428004357,0.6111834208004359
3594,4.057494177,4.019173887597245,0.03832028940275478
3595,2.4538013,2.936225172293684,0.4824238722936842
3596,3.727000899,3.4572344854346633,0.2697664135653368
3603,3.766078073,3.978886437062919,0.2128083640629188
3619,3.594979991,3.7828806500252465,0.18790065902524633
3620,3.774327149,3.921768115929146,0.1474409669291461
3623,3.375190966,3.694482276622183,0.3192913106221833
3630,3.534527414,3.91518917431743,0.38066176031743026
3634,4.028720329,3.4260733456868753,0.6026469833131252
3639,3.956560592,3.8978778751403724,0.05868271685962778
3643,2.76938436,3.1425822567185318,0.37319789671853165
3646,2.730175438,3.1127098471929906,0.38253440919299075
3649,3.612216196,4.092429532913102,0.4802133369131023
3661,4.602612378,4.5588927525072585,0.04371962549274144
3672,3.729260273,3.3396619244200725,0.3895983485799275
3678,4.651705162,4.052115173896798,0.5995899881032019
3682,4.058245146,3.581448154844472,0.4767969911555281
3684,3.531027052,3.300383310571286,0.23064374142871413
3689,3.218071067,2.7129325990801187,0.5051384679198812
3690,2.795630123,3.6812765723201046,0.8856464493201046
3693,2.893709261,3.276288632391313,0.38257937139131304
3700,2.741138462,2.826948122975386,0.08580966097538623
3703,3.281621881,3.3825862202414916,0.10096433924149162
3713,3.497854847,3.2507319309360247,0.2471229160639754
3726,3.550431273,3.45381569474794,0.09661557825205991
3739,3.754892774,3.2752715653344775,0.4796212086655225
3743,4.379243342,4.361129566449758,0.018113775550241407
3748,2.872337596,2.7063814534961947,0.1659561425038052
3751,2.749544762,2.9782867685252166,0.22874200652521637
3767,3.757702335,3.9091397655333058,0.15143743053330594
3775,3.685490619,3.599290540303946,0.08620007869605395
3786,3.375392896,3.390706445042288,0.015313549042287988
3792,2.410663977,2.90215565845662,0.4914916814566199
3800,3.192592231,3.8903097547375176,0.6977175237375177
3810,3.252044885,3.5939279824732697,0.3418830974732696
3821,3.407798661,3.3960245969739313,0.011774064026068842
3823,3.27003696,3.467184222460235,0.19714726246023506
3843,3.566522339,3.870609235330206,0.3040868963302059
3858,3.239271274,3.9485020811522995,0.7092308071522995
3868,3.198672357,3.6550460372728106,0.45637368027281067
3875,3.292680557,3.471340686411498,0.17866012941149778
3877,3.466390079,3.6142223430014373,0.14783226400143734
3890,3.691460008,3.0668042018469777,0.6246558061530223
3906,2.857151503,2.9700550380580997,0.1129035350580998
3907,2.59222882,2.835557265034744,0.24332844503474416
3910,3.184918454,3.550050889294086,0.3651324352940861
3913,3.574621062,3.619720435011115,0.04509937301111533
3918,3.662239944,3.329221934745582,0.33301800925441816
3919,7.70957663,5.066838843609758,2.642737786390242
3920,2.041002866,2.8196847739151627,0.7786819079151628
3922,4.153633659,3.913329495955425,0.2403041630445748
3933,4.228234772,3.6339778756411856,0.5942568963588148
3934,3.564788766,3.767504282772116,0.2027155167721162
3945,3.974985139,3.553106465902663,0.42187867309733695
3949,3.428635125,3.2176687117553304,0.21096641324466958
3950,3.71160648,3.813886286439973,0.10227980643997325
3968,2.215573679,3.4325834136627877,1.217009734662788
3987,3.550344149,4.11655494173899,0.5662107927389899
3993,3.482697524,3.416182701541836,0.06651482245816442
3995,3.488016585,3.268258469838077,0.21975811516192278
4000,3.572564601,3.5055832475396675,0.0669813534603323
4001,4.390995632,2.976478442156179,1.4145171898438211
4002,3.935675654,3.9499569428508132,0.014281288850813034
4004,3.848328027,4.008860643476534,0.16053261647653372
4006,2.894119763,2.7392624120409783,0.15485735095902164
4008,3.525454277,4.546883936563108,1.021429659563108
4009,3.553176247,3.2962856652543207,0.25689058174567947
4010,3.549810898,3.2653197849004627,0.28449111309953734
4011,2.981795963,3.334757173853835,0.3529612108538349
4012,3.545565548,3.6941029502700737,0.14853740227007384
4016,4.201253073,4.2170687326739085,0.0158156596739083
4019,4.463010416,4.2012397767777205,0.26177063922227983
4038,4.425415741,3.928872360549245,0.4965433804507553
4041,3.325495139,3.8571457843279515,0.5316506453279515
4043,5.337553542,4.310628710074089,1.0269248319259114
4046,5.822625679,4.221423654769199,1.6012020242308012
4047,4.17667999,3.9372436472592525,0.23943634274074777
4053,3.869234583,3.824449152832504,0.04478543016749592
4054,2.87800447,3.697281401998904,0.8192769319989042
4064,4.90791515,4.465470547236132,0.4424446027638682
4068,3.002964047,4.391784768517385,1.3888207215173853
4075,3.932766803,3.987848308819867,0.05508150581986726
4076,2.957383778,3.0754724134085065,0.11808863540850645
4086,2.804544723,2.8688211666072885,0.06427644360728868
4104,3.718922612,3.7365224976748492,0.01759988567484916
4110,3.095564513,3.4084408472922876,0.3128763342922878
4125,3.222424532,3.7566151766624527,0.5341906446624529
4126,3.903701517,3.665550030303456,0.23815148669654418
4133,1.188983477,2.9524631567042894,1.7634796797042893
4135,3.650262412,3.572702421196197,0.07755999080380294
4139,3.31350633,3.934625652743291,0.621119322743291
4140,3.041870585,3.2561452309995715,0.2142746459995717
4157,3.708254532,3.9794552749556606,0.27120074295566043
4172,3.285457287,3.0514367512315554,0.2340205357684444
4173,2.759679464,3.012738346072165,0.25305888207216487
4177,4.980641421,4.855992966485277,0.1246484545147224
4181,5.407858746,5.338829447989001,0.06902929801099855
4186,3.930851769,3.9646824499982123,0.03383068099821207
4188,4.012626945,3.9650149613535026,0.047611983646497436
4205,5.15463146,4.057470383232096,1.0971610767679039
4212,3.657214687,3.353869244877192,0.30334544212280834
4214,3.667316172,3.395632449132984,0.2716837228670159
4219,6.00543554,4.302381279592347,1.7030542604076526
4221,2.388176752,4.4342182813170865,2.0460415293170864
4231,4.123835967,4.10676728811402,0.017068678885979516
4235,4.202026259,4.064230946934208,0.13779531206579243
4240,3.348834263,3.4552636613309327,0.10642939833093257
4242,3.017918657,3.444004049448759,0.42608539244875887
4253,3.57426283,2.1539328433330214,1.4203299866669785
4264,3.362237361,3.6095716810517136,0.24733432005171352
4268,1.817826989,2.3167633604551274,0.49893637145512737
4280,1.991992745,3.716090187153963,1.724097442153963
4281,3.512422315,3.5696147297532614,0.057192414753261644
4293,3.576561404,3.6537227826346466,0.07716137863464656
4306,3.601041122,3.726825226134322,0.1257841041343224
4315,3.716966273,3.958555263481904,0.24158899048190374
4318,3.664972427,3.84301703225636,0.17804460525636
4330,2.747605061,2.910958753190945,0.1633536921909453
4345,5.791208799,4.408708312004576,1.3825004869954238
4349,3.249330368,3.8116472941331523,0.5623169261331524
4354,6.312384142,4.519158492764911,1.7932256492350893
4356,2.87122443,4.459861546914584,1.588637116914584
4358,2.887017763,3.5320504497772873,0.6450326867772875
4363,3.294562333,3.524427979616499,0.22986564661649878
4364,5.537957454,3.3360361177460542,2.2019213362539456
4368,3.510268473,2.9173522579316007,0.5929162150683993
4373,5.02088062,2.9032177192317334,2.1176629007682664
4382,6.496027077,4.4221223876835385,2.0739046893164614
4383,4.754935763,3.311640500080931,1.4432952629190687
4414,3.879164002,3.1994870199252587,0.6796769820747413
4425,3.565775529,3.4920554931363523,0.07372003586364784
4428,3.146630286,3.384213206998048,0.2375829209980478
4440,3.897063578,3.9380873599917443,0.04102378199174428
4444,2.890056495,3.4403049858729493,0.5502484908729492
4447,2.937079657,3.3432305360353882,0.40615087903538827
4450,3.747229972,3.6646067536692364,0.08262321833076358
4480,3.117289713,3.453580453342799,0.33629074034279904
4492,3.606627007,3.5491044769336697,0.05752253006633046
4494,3.605543513,3.353017362173366,0.2525261508266343
4498,3.732996528,3.8075908813657477,0.0745943533657476
4499,2.55032295,3.0265028339510103,0.4761798839510103
4532,3.717473595,3.9457623935576667,0.2282887985576667
4545,3.942544386,3.8480978302844364,0.09444655571556337
4548,3.241382095,3.5647999386340743,0.3234178436340742
4553,3.544467687,3.6438421490149353,0.09937446201493527
4556,3.675310156,3.6942714268719485,0.018961270871948432
4564,3.645903991,3.885996356796844,0.24009236579684412
4569,4.111966495,3.9626541071838304,0.1493123878161695
4573,3.454537924,3.332741677777962,0.12179624622203766
4579,2.871870171,3.3550746809169154,0.48320450991691555
4580,3.146593102,3.364933044989934,0.21833994298993398
4583,3.705506862,3.7338498365568227,0.028342974556822664
4586,3.739577995,3.5873914784724787,0.15218651652752113
4596,2.82793641,3.5287579026807205,0.7008214926807206
4608,3.752979453,3.868013354999245,0.11503390199924501
4617,3.591716355,3.836078992214606,0.24436263721460616
4625,3.764015925,3.7485867627900813,0.015429162209918523
4634,3.197127341,3.8153750393654495,0.6182476983654497
4643,2.182336824,2.9317474757145696,0.7494106517145696
4648,3.855614932,3.6045675534492956,0.25104737855070436
4653,3.594868122,3.826264910159549,0.23139678815954934
4660,3.709622832,3.9435830894786856,0.23396025747868565
4662,4.225867302,3.8032825543379194,0.42258474766208076
4687,4.13271851,3.7041730203612797,0.4285454896387204
4688,4.183054621,3.843671664798192,0.33938295620180803
4697,2.853127485,3.616085440235651,0.7629579552356511
4699,3.038392735,3.4705018998195265,0.43210916481952655
4701,3.405182974,3.5582864398020284,0.15310346580202827
4702,3.53944659,3.561668226683545,0.022221636683545043
4703,3.748690277,3.3997751841192847,0.3489150928807154
4708,4.673626233,4.084820009152003,0.588806223847997
4711,3.968492955,3.704159468567488,0.26433348643251176
4721,4.121988201,3.899294667368598,0.22269353363140176
4726,3.915749294,3.882834126479563,0.03291516752043666
4727,3.689655091,3.903570434631801,0.21391534363180087
4739,3.377628183,3.5531881146176905,0.17555993161769035
4745,3.355512819,3.4896102806465583,0.13409746164655845
4746,3.566913612,3.9245037208612317,0.35759010886123166
4753,3.282717756,3.6200628509916855,0.33734509499168563
4755,4.069600025,3.866141422200263,0.2034586027997367
4756,3.440056854,3.4492988758517877,0.009242021851787907
4778,3.416796344,3.726759210153265,0.30996286615326474
4782,3.319505801,3.636143099807621,0.3166372988076209
4785,3.372304302,3.6910532219264116,0.31874891992641174
4790,3.817206378,3.8713308887492026,0.05412451074920277
4795,4.014022236,3.8660390820181916,0.14798315398180817
4814,3.169054772,2.9885940048206714,0.18046076717932857
4819,5.726425624,4.322264683172665,1.4041609408273352
4820,3.869492479,3.2161289360729772,0.6533635429270226
4837,3.834397994,4.069680077540266,0.23528208354026559
4853,4.237575907,4.012170785726504,0.22540512127349643
4887,4.153425264,3.3833583393938986,0.7700669246061014
4891,4.758272847,3.9982143000356514,0.7600585469643484
4899,4.378512971,4.039418781098395,0.3390941899016049
4908,2.993198565,3.2600716480388416,0.2668730830388415
4909,4.137259139,3.9902415514810183,0.14701758751898186
4912,3.879556364,3.7851259976440237,0.09443036635597624
4919,4.399814591,4.534634220937186,0.13481962993718621
4925,3.08658376,3.3529260917132784,0.2663423317132785
4930,3.341014867,3.1836615870406293,0.15735327995937087
4955,4.978538856,4.056086506766245,0.9224523492337555
4958,3.320899532,3.0151585304871342,0.30574100151286565
4960,4.017060642,3.9684640504007946,0.04859659159920504
4979,3.15278047,3.4524197658536386,0.29963929585363847
4991,5.678936019,3.7469445107100743,1.9319915082899257
4995,3.61170245,3.5377629140808775,0.07393953591912261
5005,3.071393049,3.4328195301854882,0.36142648118548815
5013,3.964166719,3.9446485393219577,0.01951817967804237
5015,4.310496146,4.08614801850144,0.22434812749856015
5017,2.791881954,3.2363889564669774,0.4445070024669775
5018,2.86064119,3.2418721472032535,0.3812309572032535
5025,2.986047306,3.1903575490838616,0.20431024308386148
5026,4.212770417,3.9321965663084346,0.28057385069156515
5030,6.359956366,4.539648406596467,1.8203079594035323
5033,4.334182232,3.4998859511776694,0.8342962808223304
5035,3.476964963,3.1772200829702353,0.2997448800297646
5038,3.09021041,2.7350801087650343,0.3551303012349658
5041,3.246151302,3.564557762227756,0.3184064602277563
5048,4.025864406,3.3534429665985286,0.6724214394014716
5058,4.06066919,3.8584238445301837,0.20224534546981587
5067,3.063352127,3.2835475325580004,0.22019540555800043
5070,2.720686341,2.888579640741381,0.1678932997413809
5087,4.087039219,3.8351061842238368,0.25193303477616347
5100,4.09404566,3.7053453298935155,0.3887003301064844
5114,3.396166745,3.5055178605389097,0.10935111553890975
5116,3.544172174,3.5479462941863584,0.003774120186358587
5117,3.404555284,3.5774216362044764,0.17286635220447621
5123,3.730402708,3.858036725653543,0.12763401765354265
5142,3.827081048,3.0900023928209386,0.7370786551790616
5161,4.156456908,3.8730720617224486,0.28338484627755145
5163,3.110216125,3.290042481399558,0.17982635639955813
5167,3.75383045,3.34739821754121,0.4064322324587901
5169,4.445552313,4.1965414082888435,0.24901090471115683
5180,3.504126905,3.6932950441809496,0.18916813918094944
5181,3.482111968,4.084405459778358,0.602293491778358
5201,3.132684737,3.456490456427918,0.32380571942791825
5205,3.830175269,4.110038702069355,0.2798634330693548
5211,3.616585095,3.7231215913601168,0.10653649636011675
5212,3.565397443,3.879348157958822,0.31395071495882165
5236,3.804534685,4.04220090351503,0.23766621851503
5243,3.838862578,3.381311703692346,0.4575508743076542
5251,3.633885898,3.8126120682182805,0.17872617021828052
5261,3.770065413,3.4339358838026404,0.33612952919735983
5263,3.704240934,3.6248975831173835,0.07934335088261646
5301,4.074734495,3.931732129201757,0.14300236579824332
5302,3.748131243,3.6241628639091847,0.12396837909081526
5307,3.747886141,4.033308540703942,0.285422399703942
5309,4.281984791,3.2849808941686858,0.9970038968313144
5342,3.107081774,3.6916479351436378,0.5845661611436377
5351,3.074458849,3.415860906823612,0.3414020578236121
5360,3.770723977,3.628984093053858,0.1417398839461419
5362,3.960999839,3.503469544689937,0.45753029431006276
5363,3.636991459,3.7851883251037433,0.14819686610374339
5364,3.078852007,3.8588947359405403,0.7800427289405403
5374,3.461720378,3.8175269928472866,0.3558066148472867
5376,3.114416364,3.352025537088057,0.23760917308805674
5380,3.166865736,3.248557429887385,0.08169169388738506
5387,2.889795257,3.3271836157992505,0.43738835879925064
5395,3.166865736,3.3266807742533153,0.15981503825331522
5403,2.957500868,3.164659887686931,0.20715901968693107
5416,4.046659018,3.9107355469172123,0.13592347108278746
5427,3.360821133,3.20346499894768,0.15735613405231996
5434,2.924075304,2.867844439169418,0.05623086483058204
5445,3.355712257,3.582287908110906,0.22657565111090605
5450,3.093695951,3.6146010879837998,0.5209051369837998
5452,3.422636732,3.058049839958783,0.36458689204121697
5456,3.407149037,3.5929998280214286,0.18585079102142865
5458,3.211643196,3.388233259497456,0.1765900634974562
5466,3.934794522,3.762062443294678,0.1727320787053217
5476,3.875681499,3.802796347543937,0.07288515145606311
5484,2.676333224,3.4526544769349305,0.7763212529349306
5485,3.991809175,3.6303577815712487,0.36145139342875154
5488,3.846453549,3.969839461148341,0.12338591214834116
5490,3.73736294,3.9435401633637768,0.20617722336377664
5491,3.611949369,3.951133482877943,0.339184113877943
5495,3.312443947,3.6377365559534858,0.32529260895348555
5501,5.570195557,5.223630201597746,0.3465653554022543
5505,2.629333596,3.553148666075951,0.9238150700759511
5508,4.476529729,3.9149025279932497,0.5616272010067505
5509,3.150097764,3.5327580375957846,0.3826602735957847
5516,3.046420008,2.9030496568640887,0.14337035113591146
5524,3.515833647,3.5659381948784192,0.050104547878419226
5525,3.760349435,3.2214855073975346,0.5388639276024656
5529,2.954756924,3.0891133602597733,0.13435643625977356
5533,5.57129435,3.9777591035054316,1.593535246494568
5550,4.077695514,4.219382590563775,0.141687076563775
5551,3.199319019,3.6096604719371306,0.41034145293713076
5552,4.016157414,3.9505262107028294,0.06563120329717087
5553,4.738566529,3.8885975674467947,0.8499689615532051
5564,3.134030405,3.4330645144077927,0.29903410940779285
5570,2.786656794,2.96203141136942,0.17537461736941973
5573,3.158422807,3.12638934654138,0.03203346045861988
5594,3.460341309,3.1099427926805547,0.3503985163194452
5596,3.766850557,2.95771329602928,0.8091372609707204
5599,1.704664134,3.610173490143651,1.9055093561436511
5612,3.77417051,4.04442552571977,0.2702550157197705
5622,4.185860104,3.9618177029044683,0.2240424010955313
5629,3.637425681,3.7677511632961354,0.1303254822961355
5631,3.247949738,3.0465666352265464,0.20138310277345361
5637,3.494941716,3.6174832507704595,0.12254153477045948
5644,3.777338359,3.880561004162854,0.1032226451628544
5647,3.648378242,3.7935353058605092,0.14515706386050908
5649,3.366133331,3.602733015535304,0.236599684535304
5657,3.621693387,3.532947522806406,0.08874586419359431
5662,3.751646461,3.5657472724866657,0.1858991885133343
5670,3.394868264,3.37065298470593,0.02421527929406997
5671,3.65367758,4.381805811309112,0.7281282313091122
5710,3.568850724,3.4654576768127248,0.10339304718727504
5718,3.335745062,3.721512531352697,0.3857674693526971
5722,4.318699,3.740149713591059,0.5785492864089408
5726,3.798253454,3.6199624941368596,0.17829095986314059
5727,4.048323697,3.8588955567411665,0.18942814025883337
5730,3.902127269,3.902685557548385,0.000558288548385022
5735,3.347353871,3.9210330450835746,0.5736791740835745
5739,3.091339355,3.9057777500129074,0.8144383950129073
5754,3.763271243,3.570366457718955,0.19290478528104504
5770,3.442657897,3.7398839234749626,0.29722602647496243
5778,2.937802962,3.693881487525411,0.7560785255254108
5781,3.042168458,3.4239274895739484,0.3817590315739485
5785,3.146684334,3.6050413563580315,0.45835702235803133
5787,3.56041995,4.0748500598372575,0.5144301098372575
5791,2.24385673,2.4295559952956074,0.18569926529560732
5801,4.311728438,3.8352851837864463,0.47644325421355394
5803,3.740085354,3.519641054542002,0.22044429945799804
5816,4.32633074,4.491041687907916,0.16471094790791518
5832,2.975096798,3.5447085713076176,0.5696117733076176
5834,3.83122569,3.8358074644519213,0.004581774451921206
5835,3.858810658,3.805353549421741,0.053457108578258694
5845,3.610037984,3.417934223817464,0.19210376018253594
5849,3.662628433,3.803475637731147,0.1408472047311471
5863,3.879215194,3.725104579525285,0.15411061447471486
5865,4.464119778,4.267410656218072,0.1967091217819279
5867,3.901153559,4.09641802914388,0.19526447014388015
5868,3.780744234,4.054952669541338,0.2742084355413379
5873,3.501407106,3.1360909620979536,0.36531614390204625
5878,5.261593521,4.3856711433975875,0.8759223776024125
5879,4.421717891,4.363418690419098,0.05829920058090199
5880,4.821791833,4.885039313730287,0.06324748073028719
5885,3.659598539,4.047781766479652,0.3881832274796517
5888,3.283278401,3.9037439923274593,0.6204655913274593
5891,3.449354959,3.962190451850742,0.5128354928507419
5893,3.933907595,3.9575897899553887,0.023682194955388702
5895,2.918606915,3.7741934843646856,0.8555865693646858
5899,3.881098076,4.425966051852914,0.544867975852914
5904,3.801269216,3.4600554911518175,0.3412137248481826
5909,4.430671559,4.48850239471856,0.05783083571855929
5915,5.072521936,4.650209885195977,0.422312050804023
5918,3.951940655,4.1197393277014545,0.16779867270145443
5919,3.951940655,4.312523550132267,0.3605828951322674
5931,3.922820574,3.752008850799674,0.17081172320032634
5935,3.234976812,3.710824030034926,0.4758472180349256
5945,4.423830549,3.8447085744297986,0.5791219745702012
5946,3.168598958,3.1696644855647786,0.0010655275647786233
5948,2.998111545,3.271103798269362,0.27299225326936183
5951,3.879930534,4.232120078783493,0.3521895447834926
5963,3.73637658,3.5294915257928574,0.20688505420714254
5975,3.003333248,3.057790935474099,0.05445768747409874
5976,2.735755877,3.10879430191324,0.3730384249132399
5977,3.005419987,3.182199522816421,0.17677953581642125
5979,3.105671429,3.048775910356147,0.056895518643853116
5983,3.608638931,2.657367609171198,0.951271321828802
5987,3.332957031,3.7497118248258006,0.4167547938258007
5994,2.755553302,3.380753904474176,0.6252006024741759
5997,4.936463852,4.062741377073411,0.8737224749265895
6004,3.0102178,3.1186426673579417,0.10842486735794177
6045,3.066937926,3.8888057549198316,0.8218678289198316
6046,1.788285217,4.456190983191439,2.6679057661914385
6048,3.786932018,3.6333611796654255,0.1535708383345744
6053,3.454739681,3.5911803261238293,0.13644064512382936
6068,3.641080858,3.4728692672912524,0.16821159070874758
6070,3.391948211,3.7623444880715744,0.3703962770715745
6072,3.165877149,3.716251602564454,0.5503744535644541
6074,3.700823397,3.3253252775624214,0.3754981194375788
6075,3.367421153,3.3754073005834537,0.007986147583453729
6076,2.630689977,3.6082793006318177,0.9775893236318178
6077,3.269516836,3.649482696237289,0.37996586023728884
6079,3.687888707,3.6761231319275978,0.011765575072402168
6089,3.22000488,3.2520192716940586,0.03201439169405873
6090,3.727089358,3.242118106742157,0.48497125125784324
6091,2.954652483,3.629919343625562,0.6752668606255621
6094,3.089636291,3.555618848706675,0.46598255770667496
6103,3.310143637,3.6074873083834094,0.29734367138340945
6111,3.917979048,3.8427596678744242,0.07521938012557561
6119,4.254511824,4.244296846968277,0.010214977031722583
6125,3.005156172,3.1863035277702383,0.18114735577023833
6129,2.976130131,3.0990848769135746,0.12295474591357447
6132,2.892377141,3.003654570468789,0.11127742946878927
6136,2.90946604,3.176885826036212,0.26741978603621197
6141,2.875527879,3.4197103007067,0.5441824217067
6143,3.415562488,3.7686998581963085,0.35313737019630853
6147,3.626640669,3.542180077454562,0.08446059154543795
6170,4.423751983,3.347621333172603,1.0761306498273968
6215,3.672263884,3.597484786837572,0.07477909716242781
6230,3.254043086,3.1055212952409645,0.14852179075903527
6233,2.751416404,3.0931528069688214,0.34173640296882146
6251,3.207656332,3.1006079398994584,0.10704839210054162
6253,3.174016865,3.1110895096033833,0.06292735539661676
6274,4.177949917,3.7185784521465215,0.4593714648534788
6279,3.290358665,3.6238149739594676,0.33345630895946776
6281,4.023423421,3.8431290529614457,0.1802943680385547
6282,3.968451259,3.6866284231180493,0.2818228358819508
6284,3.824544684,3.6782386744010362,0.1463060095989639
6290,4.102081625,4.045189562596154,0.05689206240384603
6292,4.102081625,3.9985548690779837,0.10352675592201654
6304,3.528967175,3.687248589091276,0.15828141409127605
6313,3.861208152,3.8591453396039115,0.0020628123960886313
6325,3.96465295,3.6773477722639334,0.2873051777360667
6328,3.954744385,4.17082911537346,0.21608473037345943
6335,3.206144034,3.3921590575676595,0.18601502356765964
6340,3.671098756,3.725575210854373,0.054476454854373024
6342,3.926105681,3.8111887628325802,0.11491691816741989
6347,4.070608081,3.2772879030014814,0.7933201779985182
6353,3.127892237,3.481607903401988,0.3537156664019876
6355,3.497973131,3.5834731760475584,0.08550004504755826
6370,3.851378757,3.4649079613426617,0.38647079565733833
6377,2.933077413,3.3095976305319663,0.3765202175319664
6379,3.980660853,3.1180651754887414,0.8625956775112584
6387,3.504198919,3.476523450511726,0.027675468488273847
6390,3.506112654,3.5361139216395006,0.03000126763950073
6409,3.740356615,4.120406641935409,0.3800500269354088
6412,3.916772022,4.122126796359132,0.2053547743591322
6415,3.749127883,3.71759913277678,0.03152875022321977
6419,4.278939126,3.9681375133332284,0.31080161266677164
6422,4.206029389,4.251188568990213,0.045159179990212905
6427,3.66734142,3.809475212938128,0.1421337929381279
6436,2.759083357,2.810950861519683,0.05186750451968303
6452,3.077218544,3.1580690769281157,0.08085053292811573
6467,2.993198565,3.0108719441065017,0.017673379106501574
6477,5.311636621,4.681571295514507,0.6300653254854929
6481,3.49016817,3.6829460584071234,0.1927778884071234
6495,3.990507651,3.940899787627698,0.04960786337230205
6509,4.031016831,4.018003923748557,0.013012907251442662
6514,4.171495353,4.139846594370319,0.03164875862968142
6525,2.845783408,3.1636574362831587,0.3178740282831587
6532,4.066673222,3.980610026852195,0.08606319514780525
6541,4.250354935,3.517642605765092,0.732712329234908
6543,3.766164032,3.762478634670814,0.0036853973291859354
6553,3.052738818,3.332312029445047,0.2795732114450469
6579,3.253953143,4.77718199850061,1.52322885550061
6587,3.54849354,3.6275967009519126,0.07910316095191261
6590,4.230940163,3.912398720284884,0.31854144271511586
6595,4.507015359,3.437954561178342,1.0690607978216584
6596,4.042063349,3.425830842965952,0.6162325060340481
6601,3.26638851,3.4237633101923244,0.1573748001923243
6613,3.51334192,3.5931485883583028,0.07980666835830297
6614,3.460457529,3.6880123297149976,0.22755480071499745
6617,4.571767044,4.049905246948135,0.5218617970518649
6636,3.568270887,3.604458672154482,0.036187785154481844
6640,3.439229504,3.4763634441682267,0.03713394016822669
6648,3.036053713,3.7380228076898603,0.7019690946898605
6659,4.383494212,4.293966124610727,0.08952808738927232
6673,3.569377606,4.0033069123636436,0.43392930636364335
6678,3.235749325,3.589970882251186,0.354221557251186
6680,3.471053224,3.744128878895948,0.2730756548959481
6681,2.892571754,3.5502641644806747,0.6576924104806747
6685,3.497973131,3.4487282555416976,0.049244875458302584
6687,3.229276448,3.446936521133494,0.21766007313349434
6691,3.438939282,3.4506299842515156,0.011690702251515361
6698,2.552497871,3.505073183591334,0.9525753125913341
6704,3.314701276,3.52913489506947,0.21443361906947
6706,3.649084045,3.3487009237097025,0.30038312129029743
6722,3.964570311,3.6556414416552117,0.30892886934478847
6723,3.761053267,3.9615817536385682,0.20052848663856837
6737,3.160194989,3.5647306402652714,0.4045356512652716
6741,2.881002841,3.509961048502939,0.6289582075029392
6745,3.902638978,3.8727032957714953,0.029935682228504845
6751,3.990816208,4.123287044295476,0.13247083629547607
6754,3.853873557,3.9494718550609047,0.0955982980609047
6762,4.189321841,3.868071915213639,0.3212499257863608
6766,4.456770484,4.2304995232961415,0.22627096070385821
6769,3.918602725,3.944792995544727,0.026190270544727223
6779,4.236513077,3.96135925412763,0.2751538228723698
6782,3.885020737,3.945053207310899,0.060032470310898756
6789,4.384386572,4.222280209386107,0.16210636261389322
6801,3.167008558,3.3631314463250073,0.19612288832500724
6815,3.540291479,3.8771276094820584,0.3368361304820584
6816,2.81908584,3.4833310143231393,0.6642451743231392
6824,3.268595971,3.6171584545513316,0.3485624835513317
6827,4.134721874,3.8679327939007986,0.26678908009920166
6831,3.652041169,3.77773564793691,0.12569447893691033
6836,2.716299377,3.8082768144553287,1.0919774374553288
6837,3.033473453,3.162563623417088,0.12909017041708815
6839,3.548339089,3.31329713780308,0.23504195119692017
6846,4.013299227,3.623963116039024,0.3893361109609761
6855,2.985541545,3.6907676184283154,0.7052260734283156
6856,2.500990262,2.3131818465332676,0.18780841546673255
6859,3.095981232,3.3264931574757055,0.23051192547570531
6864,3.508411198,3.463974791608055,0.04443640639194513
6875,2.818642827,2.6257884798467996,0.1928543471532005
6881,3.847164715,3.273692794990855,0.5734719200091449
6889,3.836878839,3.666583029925643,0.17029580907435715
6892,3.381188819,3.7222800190841414,0.3410912000841413
6894,2.380775859,2.3369755936012613,0.0438002653987386
6901,3.237013932,3.592663044307616,0.3556491123076162
6902,3.878122949,4.289497395170857,0.4113744461708566
6917,2.212622015,2.25729662087938,0.0446746058793801
6929,3.310318674,3.0376158323566367,0.2727028416433632
6945,3.449143452,3.2853240957670344,0.1638193562329655
6952,3.812009083,4.069337418026907,0.25732833502690733
6954,4.259444918,4.402467101352382,0.14302218335238237
6960,1.611803303,2.328534984155452,0.716731681155452
6963,4.163338669,4.110775566334523,0.052563102665477146
6964,3.757841184,3.954120281509737,0.19627909750973682
6965,3.772083219,3.7824023928606367,0.010319173860636521
6989,3.472516153,3.00712004902578,0.46539610397422004
7009,2.376953554,2.5105738506131465,0.13362029661314656
7012,2.345799109,2.3625675799658086,0.01676847096580847
7014,2.056821576,2.316785504379153,0.25996392837915305
7022,2.667645729,2.777307205438087,0.10966147643808677
7025,3.059439932,2.79732485687396,0.26211507512604015
7026,3.142782927,3.0696787373081897,0.0731041896918101
7029,1.835814018,2.7807963176884183,0.9449822996884183
7044,2.993166563,3.1428146897494718,0.1496481267494718
7046,2.06209741,2.527527404177669,0.4654299941776694
7048,2.518077781,2.76202807122189,0.24395029022188996
7049,3.074836609,2.867649816929581,0.20718679207041912
7056,3.430024638,3.234138949249367,0.19588568875063306
7059,3.4581162,3.672189081100329,0.21407288110032896
7069,1.822018555,2.5089852318579884,0.6869666768579883
7072,2.165177613,2.677897251088005,0.5127196380880048
7077,4.586275714,4.091822778267367,0.4944529357326335
7089,3.065032675,3.622241790756882,0.5572091157568821
7107,4.642987159,4.5622298528704315,0.08075730612956811
7118,4.309957566,3.9042027242943598,0.4057548417056398
7128,2.903539317,2.985493363624402,0.0819540466244022
7134,4.83332564,4.0989887593511405,0.7343368806488595
7155,2.991452027,3.5416973032019783,0.5502452762019785
7163,3.495650746,4.30415133643968,0.8085005904396798
7167,4.406116238,4.240357317207216,0.16575892079278365
7172,3.518921722,3.637676475790533,0.11875475379053313
7173,3.348205706,3.941670068350429,0.5934643623504292
7175,3.596538246,3.874723103138158,0.27818485713815777
7178,3.496129478,3.743234578798995,0.24710510079899528
7185,4.099083932,4.230050721240382,0.1309667892403823
7186,4.242794776,4.010408178339076,0.2323865976609243
7189,4.326332934,4.121769089538524,0.20456384446147613
7209,2.018377023,2.6259745289336704,0.6075975059336702
7220,3.632443351,4.182204481587456,0.5497611305874557
7232,3.181387784,3.6569429673716005,0.4755551833716005
7246,3.649256024,3.5591058774412696,0.09015014655873044
7248,3.633702526,3.5895983380986736,0.04410418790132642
7265,3.484069528,3.163140349562274,0.32092917843772595
7266,3.371057782,3.209105439774735,0.1619523422252649
7270,3.464337724,3.2227634311838713,0.24157429281612863
7278,3.220654537,3.014486854068132,0.20616768293186816
7283,4.150241675,4.040419162081865,0.10982251291813494
7284,4.305306832,4.024854611732834,0.28045222026716665
7292,3.703246841,3.9488433416804973,0.24559650068049743
7299,3.122217699,3.9757363698983306,0.8535186708983304
7303,3.487023303,3.739700921778239,0.25267761877823913
7304,3.579364338,3.875937349139997,0.2965730111399969
7311,2.144293316,3.090047333983016,0.945754017983016
7312,2.922048778,3.4751201922127675,0.5530714142127673
7318,4.12606775,4.080663958137773,0.04540379186222676
7325,3.384272749,3.6701443592696377,0.2858716102696377
7327,4.555588862,3.7454104269201607,0.8101784350798389
7328,3.137684171,3.342846782252416,0.20516261125241586
7349,3.083878014,3.232527626272434,0.1486496122724339
7357,3.094531974,3.622724527598078,0.5281925535980778
7361,2.289843389,2.692402151225043,0.40255876222504305
7373,4.172858901,3.6447637755508873,0.5280951254491124
7396,2.892289592,2.830083131754924,0.062206460245076034
7405,3.796305418,4.003296160123194,0.20699074212319335
7415,4.079463144,3.7310356804682114,0.34842746353178855
7416,3.495422912,3.4142200859193217,0.0812028260806783
7417,4.126425006,3.831570921302335,0.29485408469766483
7420,3.774496111,3.7953188051271667,0.020822694127166752
7438,3.967205152,3.8700023201457814,0.09720283185421863
7450,4.149703445,3.737039892709976,0.41266355229002416
7468,5.892610995,5.290159502206814,0.6024514927931861
7477,3.053635367,3.6141503078567285,0.5605149408567285
7502,2.901706866,3.533823103942214,0.6321162379422138
7503,3.297044301,3.3684846297370896,0.0714403287370895
7531,4.653763649,3.202102785501517,1.451660863498483
7532,3.363597208,3.5428397484395506,0.1792425404395508
7535,3.885279531,3.613111958119559,0.2721675728804409
7537,3.769743756,3.4338816222995487,0.33586213370045126
7540,3.658019819,3.755727739986904,0.09770792098690384
7572,3.503929547,3.5079466940655384,0.004017147065538573
7574,3.379015287,3.4285541257764933,0.04953883877649323
7577,3.449288595,3.3618103059708617,0.08747828902913835
7579,3.403750049,3.446156617670597,0.042406568670597
7592,4.140205264,3.909015831477109,0.23118943252289137
7593,4.119356452,3.970327210373394,0.1490292416266059
7594,4.065132867,3.9962258089984117,0.06890705800158825
7597,4.740815699,4.5193208005789565,0.2214948984210432
7604,3.390940856,3.1844698212669895,0.20647103473301032
7607,4.070225589,3.950954185975929,0.11927140302407047
7614,3.77494851,3.599632034756139,0.17531647524386118
7615,3.727515833,3.518514201491151,0.20900163150884898
7625,3.896852183,3.9200801164892387,0.023227933489238684
7658,4.195995906,3.926120521713315,0.26987538428668545
7667,2.946630728,2.9156223188371606,0.031008409162839534
7670,3.725085758,3.5385603597574367,0.18652539824256342
7673,3.524319513,3.730856808505373,0.20653729550537303
7679,3.688944141,3.5734746869461254,0.11546945405387454
7687,2.602142017,3.520609596775454,0.918467579775454
7689,3.868421063,3.7105521941256163,0.15786886887438367
7699,3.919691166,3.5429527201968773,0.37673844580312243
7700,2.935009204,3.34126136524152,0.40625216124151997
7737,5.072543986,4.295567892695119,0.7769760933048815
7756,3.121457705,3.6540646359813316,0.5326069309813315
7757,3.873726666,3.641554442562237,0.23217222343776323
7765,3.933825025,4.078952364735563,0.1451273397355628
7775,3.630795226,3.8588468048833278,0.22805157888332772
7782,2.443315668,2.9183864329361207,0.47507076493612077
7810,2.702666641,3.1671581945325515,0.46449155353255156
7818,4.170020374,3.3307456086156386,0.8392747653843613
7820,3.55711174,3.5629367027729297,0.005824962772929876
7844,3.80213298,3.5950042770250175,0.20712870297498265
7852,2.811243499,3.0423909169873538,0.2311474179873536
7882,4.337181053,3.7746101712097646,0.5625708817902355
7884,6.083312875,4.777655725790483,1.3056571492095168
7921,2.981355403,3.6696033643874593,0.6882479613874595
7930,3.987331032,3.5321035813621666,0.45522745063783354
7938,3.533194693,3.256029690492667,0.2771650025073331
7943,3.56410995,3.2119385049987317,0.3521714450012685
7952,3.207367732,2.7863703819627963,0.4209973500372035
7964,3.724608756,3.8087600081356947,0.08415125213569485
7977,3.820114346,3.952164539965256,0.13205019396525586
7984,3.544197073,3.858763729998152,0.314566656998152
7989,4.166557763,4.342347119202647,0.1757893562026469
8005,4.783475741,4.40085550451605,0.38262023648394994
8021,4.3545054,3.819487047717682,0.535018352282318
8022,3.412147945,2.844183371002343,0.5679645739976569
8024,3.092336155,2.990143621949832,0.10219253305016807
8062,3.122124093,3.571680271442048,0.4495561784420481
8075,3.581940561,3.6270281567815523,0.04508759578155219
8076,3.658452361,3.83851191730133,0.18005955630132986
8081,3.768416088,3.538202599956763,0.23021348804323694
8094,4.453946135,4.001917438923581,0.45202869607641905
8123,3.27479035,3.631213746477459,0.35642339647745924
8131,3.396539139,3.2025852921336764,0.19395384686632378
8146,3.9240649,3.4320295333650996,0.4920353666349002
8147,3.590646464,3.7830744920307238,0.19242802803072356
8149,3.817588563,3.8760535071318776,0.05846494413187742
8176,5.792280955,3.9237426969964155,1.8685382580035843
8187,2.320156826,2.1642467570538706,0.15591006894612924
8200,3.680655752,3.9801018962407455,0.29944614424074567
8207,2.930590896,3.504471915725002,0.5738810197250022
8218,2.736607315,2.941758406528608,0.2051510915286081
8247,3.982601917,3.7957727570795976,0.1868291599204026
8251,3.747468778,3.660565588208695,0.08690318979130485
8252,3.923402427,3.769303152082985,0.15409927491701492
8273,4.168516243,4.031321139127354,0.13719510387264577
8281,3.866835401,3.707923998273818,0.15891140272618198
8291,4.638829151,4.2679193379984826,0.3709098130015178
8299,3.06736418,2.8618128570865053,0.20555132291349487
8311,3.640946709,3.793968050605896,0.15302134160589587
8319,2.913704603,3.5641737283564296,0.6504691253564299
8323,3.057171442,3.6010897316965598,0.5439182896965598
8329,3.943683851,3.72166290602582,0.2220209449741799
8341,3.922605607,3.6596756641120964,0.2629299428879035
8362,3.605117965,3.6754589875438293,0.07034102254382946
8370,4.234308438,4.3384164497846545,0.10410801178465423
8392,3.534910936,3.6448839941006987,0.10997305810069857
8394,3.774081791,3.9035305937724916,0.1294488027724916
8403,3.364166245,3.4638143119937506,0.09964806699375073
8424,2.615096464,3.4314474158388713,0.8163509518388712
8427,5.523228108,3.844603565620468,1.6786245423795316
8429,4.126650821,3.80705136331669,0.3195994576833101
8456,3.224571967,3.7157885361792773,0.49121656917927714
8460,3.895087441,3.744505530617796,0.1505819103822037
8461,4.219704019,3.9361958883704933,0.28350813062950664
8467,4.294270923,4.058644265585162,0.23562665741483801
8478,4.208489344,4.122972295996615,0.08551704800338555
8491,3.433206885,3.8015405355366734,0.3683336505366732
8497,3.098295612,3.6894218332447855,0.5911262212447856
8515,3.580726507,3.9826642296414754,0.4019377226414753
8516,2.753151997,3.2812442068712775,0.5280922098712777
8524,2.329545466,2.6451867864158984,0.31564132041589854
8540,3.492127413,3.530946947392033,0.038819534392033006
8573,3.778000997,3.7815899419486447,0.003588944948644812
8578,3.706277472,3.666223603655198,0.04005386834480218
8596,3.511785514,3.830225179059438,0.3184396650594379
8624,1.964319917,2.368842979802128,0.40452306280212813
8625,3.100778378,3.504439360115759,0.4036609821157593
8632,2.503978903,3.028984997984826,0.5250060949848256
8638,3.286108424,3.7759632749114607,0.48985485091146064
8639,2.910263168,3.4763474906798093,0.5660843226798091
8642,3.041934119,2.604630406659873,0.4373037123401269
8646,3.030838008,3.3741219162003806,0.3432839082003807
8649,3.102073359,3.5745915712325593,0.4725182122325595
8660,2.774646568,3.550477308750869,0.7758307407508691
8670,4.307508006,3.887316429414359,0.420191576585641
8710,3.178912517,2.3289486052911186,0.8499639117088815
8719,4.788788277,4.6602962066343006,0.12849207036569954
8730,3.57924611,3.4513061136436844,0.1279399963563157
8734,3.565032414,3.8032897523465294,0.2382573383465294
8747,3.69961614,3.4635275852758207,0.2360885547241791
8754,3.859719713,3.7301084190442575,0.12961129395574256
8756,4.148360456,3.853656960404991,0.29470349559500875
8757,4.023355361,3.931710017935319,0.0916453430646813
8763,3.923471989,3.837093672016012,0.08637831698398779
8774,3.602478574,3.5112211446312354,0.09125742936876469
8780,2.502979503,2.599715419792267,0.09673591679226679
8785,6.725142848,3.7265382710845714,2.9986045769154286
8788,4.334138852,4.0803008058717545,0.25383804612824523
8798,3.897095351,3.7689726898691958,0.12812266113080417
8801,3.741886624,3.5551941342104545,0.18669248978954567
8806,6.219502217,5.143949421114387,1.0755527958856126
8828,4.021878408,3.853726995646495,0.16815141235350506
8836,3.901161453,4.067290504463027,0.16612905146302692
8839,4.455132466,4.428221210205459,0.026911255794541233
8842,4.783831448,4.633549868687181,0.1502815793128187
8856,2.656760965,3.572438290179955,0.915677325179955
8870,4.285193262,3.9191510235957967,0.36604223840420325
8895,3.584759168,3.5857755747139906,0.001016406713990392
8898,3.661941076,3.585923169648746,0.07601790635125427
8907,1.40519866,2.376944212457918,0.9717455524579179
8921,4.620795848,3.9348027241699075,0.6859931238300927
8928,3.811392671,3.963642319109817,0.15224964810981678
8938,2.686025609,2.9704847288983243,0.2844591198983242
8942,3.900607055,2.943961854362316,0.9566452006376842
8958,3.576238325,3.9339176171519563,0.3576792921519565
8960,1.546363727,3.863268329121448,2.316904602121448
8969,1.730468244,2.046579678073712,0.3161114340737121
8987,3.527157556,3.8679832035896857,0.3408256475896856
8994,3.873137842,3.797003292071338,0.07613454992866231
9002,3.818565672,3.815690579550843,0.0028750924491571794
9005,3.825055933,3.828884241736075,0.0038283087360753143
9036,4.463854184,3.9108979572476246,0.5529562267523751
9044,3.517285652,3.675784039135387,0.1584983871353871
9045,4.278438755,4.104815761897243,0.17362299310275642
9058,3.720391801,3.9420290290333666,0.22163722803336672
9061,3.599569631,3.970570048389061,0.3710004173890611
9062,3.177919485,3.629091780052714,0.45117229505271395
9064,3.66357831,4.053364361528196,0.3897860515281959
9071,3.508396676,3.875065022583981,0.3666683465839813
9075,3.380827778,3.7252820557261512,0.3444542777261512
9082,4.422976212,4.090549586179287,0.33242662582071336
9094,3.639517478,3.094183282439007,0.5453341955609932
9096,3.415419345,3.4011730970228897,0.014246247977110382
9110,3.640754142,4.610504572131121,0.9697504301311208
9119,4.179847129,4.044651443008824,0.13519568599117537
9126,4.39701206,3.9557016821450572,0.44131037785494254
9134,3.938073563,4.0125874711578335,0.07451390815783343
9138,3.32107631,3.829462119430878,0.508385809430878
9160,3.713263676,3.8098696076988188,0.09660593169881881
9174,3.694496308,3.7840363208486183,0.08954001284861812
9193,3.561541696,3.7899315808571363,0.2283898848571364
9197,3.59150767,3.9087037583428437,0.31719608834284374
9212,4.693742578,4.003115002892461,0.6906275751075395
9218,3.96080006,3.88595940540492,0.07484065459507994
9263,2.535710172,2.8672924778261453,0.33158230582614534
9264,2.528666073,2.77274584848628,0.2440797754862798
9268,3.940094499,3.5942879837879307,0.3458065152120695
9269,3.594771268,3.562808691570909,0.03196257642909117
9277,4.44838944,4.302744731194796,0.14564470880520375
9278,3.489106483,4.139450352520534,0.6503438695205337
9279,4.168877087,4.177614373306215,0.008737286306215175
9294,3.3498148,3.641970192996524,0.29215539299652393
9298,3.241046904,3.8667860456434857,0.6257391416434857
9299,3.261769448,4.069833965247403,0.808064517247403
9315,3.517200612,3.9086076999129586,0.39140708791295875
9318,3.277844441,3.5275014518029315,0.24965701080293146
9328,3.579538625,3.817518339490666,0.2379797144906659
9329,3.977441908,3.778403121680724,0.19903878631927574
9330,3.476964963,3.105445600915733,0.3715193620842667
9336,4.144509544,3.742815378274225,0.4016941657257749
9341,4.209907682,4.137261115368139,0.0726465666318612
9344,4.730475772,4.326464176958501,0.4040115950414993
9350,3.646311809,3.4696814798896676,0.1766303291103326
9372,4.044972156,3.9313394989737858,0.11363265702621428
9385,3.853832647,3.9752533287490954,0.12142068174909548
9396,3.793403419,4.119284645769404,0.32588122676940356
9399,3.795094682,4.113498080895815,0.31840339889581504
9410,3.754573562,3.908319632753429,0.15374607075342883
9412,3.859467047,3.8222338820353348,0.03723316496466511
9413,4.116217434,3.8528375780761475,0.2633798559238527
9414,4.374355497,3.962415817980373,0.411939679019627
9417,4.17372807,3.872689531477413,0.3010385385225871
9427,3.674249902,3.9597653043978265,0.28551540239782636
9431,4.045877907,3.3038016528103262,0.7420762541896742
9442,3.42202633,3.536382269579299,0.11435593957929902
9445,3.982040599,3.54655627985807,0.43548431914193
9470,4.539615494,4.382536124695524,0.1570793693044763
9471,6.518426195,4.3628355370839405,2.1555906579160595
9491,3.694877807,3.9349962090752504,0.24011840207525026
9492,3.607912139,3.9511837500498217,0.3432716110498215
9497,4.22868774,4.874047109047162,0.6453593690471626
9498,3.969571809,3.9468493738610007,0.02272243513899941
9502,5.070127342,4.457846066520894,0.6122812754791065
9521,4.084654143,4.056268817699591,0.028385325300408937
9529,4.168408274,4.22952031175853,0.061112037758530136
9539,4.122053453,3.927950938312849,0.19410251468715156
9540,3.652385716,3.916638261030921,0.2642525450309212
9556,3.811089904,3.728516558741401,0.08257334525859905
9558,3.971156058,3.876324620850518,0.09483143714948206
9559,3.874951377,3.991057970740038,0.11610659374003829
9571,4.069076868,4.084014705045334,0.014937837045334135
9598,3.746749016,3.7541549782935713,0.007405962293571378
9603,3.887954704,3.8391946702468736,0.04876003375312665
9607,3.78748409,3.725312685396201,0.06217140460379911
9614,3.490682538,3.0561758418893965,0.43450669611060366
9621,5.191906146,4.5728733019744,0.6190328440256003
9633,3.977553322,3.911331995406876,0.06622132659312374
9638,4.516241485,4.9910761552084795,0.47483467020847936
9641,4.109797832,4.094485672394887,0.015312159605112896
9656,2.601953715,3.661168627507159,1.059214912507159
9658,3.260021751,3.4658241560030043,0.20580240500300429
9670,3.418886035,3.3824110730659793,0.036474961934020556
9676,4.111272598,3.5526415311059094,0.5586310668940908
9677,4.493354107,4.107799977661355,0.38555412933864464
9682,3.0027962,3.492244108514657,0.489447908514657
9684,2.694020872,3.6228724396627485,0.9288515676627487
9685,3.926166172,4.048986633564782,0.12282046156478232
9710,4.089616128,4.4513467085315535,0.36173058053155316
9712,3.609917964,4.106866189497732,0.4969482254977322
9726,4.391167072,4.034999682947712,0.3561673890522883
9729,4.499655013,4.418015099763863,0.08163991323613651
9730,4.32960972,4.221473208057095,0.10813651194290497
9734,4.455444458,4.515518673812592,0.06007421581259198
9737,4.056953829,4.207907397580476,0.15095356858047548
9753,6.804812899,4.332420309484423,2.472392589515577
9757,4.034923386,4.093173025037553,0.05824963903755265
9759,4.243667664,4.0441055773607975,0.19956208663920272
9763,3.984158119,4.17676865077604,0.19261053177604026
9795,4.056048853,4.064806629816483,0.008757776816483265
9828,3.268171947,3.5905775431421603,0.32240559614216036
9841,4.182679821,4.749435250485829,0.5667554294858288
9859,3.578805715,3.6819100085380754,0.10310429353807526
9874,4.544579853,3.8251804848901627,0.7193993681098374
9882,3.622086169,3.5959134180173793,0.02617275098262084
9890,4.194756258,4.236352651727235,0.041596393727235004
9891,3.683596719,3.7365781891988803,0.05298147019888022
9895,3.855609385,3.861345488919162,0.005736103919161906
9917,4.359616223,3.53094758015128,0.8286686428487195
9932,5.426113309,5.306832093391826,0.11928121560817395
9942,3.376267972,3.539743408723936,0.16347543672393616
9945,2.957563828,3.2941311846449013,0.3365673566449012
9951,4.005505866,4.043347532472337,0.03784166647233711
9957,3.126425333,3.476050333805684,0.34962500080568404
9963,4.800227451,4.361191196069121,0.43903625493087883
9964,5.385589593,4.0401011217943905,1.3454884712056092
9965,4.321131603,4.199346060627285,0.12178554237271566
9974,3.942152127,4.487792985912314,0.5456408589123143
9975,4.126543152,5.156287386751,1.029744234751
9979,4.199556681,4.1969059614519475,0.002650719548052294
10005,4.014369007,4.055633146842502,0.04126413984250199
10035,3.72012353,4.454491020303334,0.7343674903033341
10038,6.16979541,5.0401538936350745,1.1296415163649254
10043,3.097689114,3.4904046289653037,0.39271551496530366
10045,4.381144139,4.796089410987124,0.41494527198712383
10049,3.097115036,3.349259514907055,0.25214447890705527
10053,3.083402276,3.2475150264648085,0.16411275046480833
10057,3.275986186,3.5087806559085237,0.23279446990852382
10064,3.862958671,3.5637570734126145,0.2992015975873854
10069,3.437945844,3.3501220937709797,0.08782375022902045
10072,3.049732353,3.2226221841827845,0.17288983118278445
10075,2.957586328,3.099087793318093,0.14150146531809282
10077,1.626695336,2.4693380983731004,0.8426427623731003
10080,3.434218065,3.3952506907102284,0.038967374289771595
10105,4.585723416,4.589517752423658,0.003794336423657896
10118,3.164892909,3.3586419633052964,0.1937490543052962
10132,1.826288397,2.8686192547015326,1.0423308577015327
10133,4.918796253,5.125979510784612,0.207183257784612
10136,4.632310478,4.146223490934283,0.4860869870657165
10166,3.103136006,3.7840684395459583,0.6809324335459581
10168,3.09752924,3.5157668617082884,0.4182376217082884
10178,4.148784258,3.7290401208882775,0.41974413711172254
10184,3.949442054,4.001708797986952,0.05226674398695197
10185,3.916899392,4.008705675678062,0.09180628367806198
10193,2.244054924,3.1165562782544325,0.8725013542544326
10202,3.451089822,3.520043095228377,0.06895327322837685
10204,3.091133286,3.1125592251219967,0.021425939121996862
10207,3.00327103,2.951425067054003,0.05184596294599686
10211,4.067383908,3.9740237060178316,0.09336020198216843
10219,4.479493362,3.7716165259252143,0.707876836074786
10229,3.731171682,3.767986101734293,0.036814419734293224
10235,3.427471128,3.762389133495469,0.334918005495469
10242,4.716618437,4.785448777778283,0.0688303407782831
10249,2.574603745,3.1080427038742875,0.5334389588742874
10253,3.248686782,3.6245055395058507,0.3758187575058507
10255,3.33749186,3.322014574441211,0.015477285558789244
10256,3.721898698,3.2324290402153713,0.4894696577846287
10260,3.395205288,3.4304195173932532,0.03521422939325314
10262,3.494071328,3.39557574718302,0.09849558081698007
10273,3.61790537,4.22614721221352,0.6082418422135198
10285,3.266464079,3.4672125268181517,0.20074844781815182
10293,3.626832904,3.764388688580968,0.13755578458096807
10301,4.385931936,4.271867467533852,0.11406446846614848
10313,3.366341001,3.3569586148793564,0.00938238612064346
10314,2.837921606,3.6185224957206663,0.7806008897206662
10315,3.026845989,3.6048478159296296,0.5780018269296296
10320,3.495648389,4.036970362908082,0.5413219739080826
10324,4.701308885,4.981403816957972,0.2800949319579713
10325,5.023748219,4.4182866452148915,0.6054615737851083
10331,5.65536257,4.78097901679061,0.8743835532093902
10347,4.136186617,5.007220482836699,0.871033865836699
10351,5.323685147,4.943813162490603,0.3798719845093972
10366,3.643975841,3.7488469231426467,0.10487108214264662
10382,3.732172535,3.545866891977363,0.1863056430226373
10386,3.171824707,3.3988463832492077,0.22702167624920788
10397,4.223175015,4.053435819074081,0.1697391959259189
10435,2.919558768,3.7647573325468415,0.8451985645468416
10439,3.118670475,3.205815065524972,0.08714459052497192
10441,3.823624088,4.109075042778027,0.2854509547780273
10471,3.695194825,3.431971187135227,0.263223637864773
10481,3.505747955,3.3822452708633017,0.12350268413669818
10488,3.926047147,3.8104717654477134,0.11557538155228642
10505,3.537766641,3.636432004567375,0.09866536356737488
10506,3.885273246,3.7160193690532735,0.16925387694672667
10510,3.065382584,3.588572827002458,0.5231902430024582
10512,2.773973758,3.21280622867848,0.4388324706784803
10514,3.638959123,3.2697501795677444,0.3692089434322554
10524,4.403832977,3.7890340803153384,0.614798896684662
10525,3.631395447,3.786764416204823,0.1553689692048228
10527,3.222372482,3.866278334868604,0.6439058528686039
10529,3.067619467,3.137825282259813,0.07020581525981306
10533,4.784471846,4.260195976236044,0.5242758697639553
10536,4.457982766,4.03815569008176,0.4198270759182394
10551,4.459198563,3.7292796481036974,0.7299189148963028
10564,3.804738307,3.9559342003770905,0.1511958933770905
10566,3.820640038,3.7148038856039935,0.10583615239600652
10567,3.364181891,3.7726160096712253,0.4084341186712255
10569,4.022706264,3.524644929761964,0.4980613342380358
10576,3.065291251,3.5006995373979386,0.4354082863979385
10582,3.061270228,3.904211534391332,0.842941306391332
10592,4.136176037,3.7061102578442484,0.43006577915575184
10602,3.33815477,3.536448750197448,0.19829398019744815
10606,3.632457292,2.8232688930970182,0.8091883989029816
10632,3.102239013,3.7570486743395173,0.6548096613395171
10633,3.612176252,3.7392463911770952,0.12707013917709542
10666,4.050041238,3.5370739619651013,0.5129672760348991
10676,3.297849233,3.734241702130595,0.43639246913059493
10678,3.269903219,3.4063583579158285,0.1364551389158284
10688,3.485283475,3.6827127408399285,0.19742926583992837
10689,4.006371899,3.9610039270339192,0.04536797196608111
10696,3.286859239,3.4866616642037607,0.19980242520376068
10700,3.562602115,3.5420984464145513,0.020503668585448498
10702,6.23296527,4.758577899433683,1.4743873705663173
10715,3.30928028,3.11370001060894,0.19558026939105977
10724,3.776291181,3.90418429116142,0.12789311016142024
10741,3.85857855,3.4269021278061946,0.4316764221938052
10746,3.42824185,3.5809687541551267,0.15272690415512669
10750,3.72367845,3.542828413951593,0.18085003604840688
10754,2.811300553,3.070567479165587,0.25926692616558666
10758,4.119554447,3.922067159550581,0.19748728744941868
10761,2.947137985,3.859639993614875,0.912502008614875
10762,3.726462315,3.52596719888382,0.20049511611617987
10765,3.228099374,3.5217901703410943,0.2936907963410942
10776,3.486274587,3.271185703530941,0.21508888346905897
10786,4.212990276,3.163052197797551,1.049938078202449
10788,3.96094365,3.71546471869514,0.24547893130485976
10789,3.292807452,3.6558725576961577,0.3630651056961578
10793,3.53121881,3.8328392531295146,0.30162044312951464
10797,3.39471953,3.8013818349051993,0.40666230490519917
10799,3.878929115,3.100507850962257,0.778421264037743
10808,3.204716727,3.6433536899449606,0.43863696294496046
10812,3.053826045,3.3953195403675855,0.34149349536758544
10816,3.465821386,3.189310740746427,0.27651064525357283
10825,3.902314351,3.6545474920849554,0.24776685891504435
10830,2.983312993,3.6068890314931057,0.6235760384931055
10835,2.952830267,3.300480936475813,0.34765066947581325
10836,3.187299757,3.4039980935023304,0.2166983365023305
10852,3.087773533,3.3424368760060448,0.25466334300604476
10854,4.574522547,3.812910897327413,0.7616116496725871
10857,3.444544416,3.6076463914185077,0.1631019754185079
10864,3.179885171,3.6163037099302136,0.43641853893021354
10865,3.870304392,3.301111565091841,0.569192826908159
10872,3.834841759,3.807344181418124,0.027497577581875987
10873,3.872994489,3.647390638827926,0.22560385017207407
10877,2.916725846,3.749810329127857,0.8330844831278572
10880,3.407595774,3.9279701067066757,0.5203743327066759
10887,2.997973094,4.099251559316689,1.101278465316689
10895,3.959366395,4.229759203919907,0.27039280891990725
10909,4.602522734,4.128348948932205,0.4741737850677952
10913,5.710299341,4.499027432806194,1.2112719081938055
10919,3.051371512,3.70570618116268,0.6543346691626803
10924,3.189498112,3.9870199246910025,0.7975218126910026
10928,3.175075109,3.5450305673357305,0.36995545833573074
10930,3.178249318,3.3698125298817763,0.19156321188177605
10932,3.3394669,3.434422242979358,0.09495534297935793
10947,3.576804197,3.7402085590060583,0.16340436200605835
10978,3.762486835,3.1881725726028702,0.5743142623971296
10980,3.383174818,3.4472377827155416,0.06406296471554151
10988,3.848780534,3.786933108711152,0.0618474252888479
10997,3.380760225,3.5692998021694105,0.1885395771694105
10999,3.495313849,3.3285932005073873,0.1667206484926127
11003,3.740162915,3.7458019532923212,0.005639038292321263
11005,2.870853624,3.2799372136543514,0.40908358965435143
11009,4.089636291,3.52352148461944,0.5661148063805599
11010,3.596720769,3.4897924534704337,0.10692831552956639
11016,3.702344358,3.6474624994894222,0.0548818585105777
11022,4.048137869,4.042087563465731,0.006050305534268219
11038,3.10129827,3.478133588200663,0.37683531820066296
11039,3.026433384,3.4024969821542643,0.37606359815426416
11070,3.68690108,3.1600136811373183,0.5268873988626819
11090,4.117276883,3.305882665352052,0.8113942176479476
11091,3.459722607,3.155311912984959,0.30441069401504084
11093,2.942508754,3.534891262500725,0.5923825085007253
11097,2.572375729,2.9838924999804934,0.41151677098049344
11103,3.093618163,3.3010628251487004,0.2074446621487005
11128,3.268657523,3.496662938378631,0.22800541537863106
11131,3.219695925,3.357335851096753,0.13763992609675313
11149,3.171819054,3.4494763471659784,0.2776572931659782
11153,3.258811487,3.6571182473914994,0.39830676039149937
11159,3.415545905,3.572438018892098,0.156892113892098
11160,3.895097809,3.6854662006078938,0.20963160839210637
11168,3.653980467,4.00393847698566,0.34995800998565985
11183,3.184609421,3.613604545113122,0.4289951241131216
11186,3.491953892,3.7050816660093635,0.21312777400936334
11218,3.77350957,3.9039189236380962,0.13040935363809636
11220,2.939552531,3.6760785143593457,0.7365259833593458
11229,4.104751636,3.692771048987332,0.4119805870126676
11251,3.07921065,3.412709085170841,0.3334984351708412
11301,3.905060194,3.667588927266446,0.23747126673355368
11305,2.847603503,3.3074938472124966,0.4598903442124964
11309,4.065432394,3.9383532412408657,0.1270791527591344
11320,3.055031998,3.8635084583004757,0.8084764603004757
11331,3.820090377,3.6986982273769726,0.12139214962302747
11337,3.652175519,3.554267844419752,0.09790767458024785
11341,3.674563727,3.5939862494855332,0.08057747751446653
11346,2.94098315,4.364882211424038,1.4238990614240379
11349,3.656990936,3.45984102525866,0.19714991074134014
11350,2.990889422,3.448814988761059,0.4579255667610589
11372,3.667281136,3.7468732400379117,0.0795921040379115
11384,4.355892976,3.964409865379479,0.39148311062052077
11385,3.804090731,3.7657143866617195,0.03837634433828052
11394,3.735125343,3.923371377213086,0.18824603421308606
11398,3.706661154,3.8649011366874007,0.1582399826874008
11406,3.505302633,3.55419944232137,0.04889680932136997
11428,3.061877975,3.49242298314202,0.43054500814202035
11433,2.972515251,3.4030692225720385,0.43055397157203856
11445,3.580328164,3.490752601168091,0.08957556283190904
11447,3.048409431,3.382704262318172,0.33429483131817195
11468,4.310032833,3.828697247153974,0.481335585846026
11472,2.995781397,3.4432937475818686,0.44751235058186856
11481,3.127964613,3.3333102674990602,0.20534565449906017
11492,3.720552059,3.1224791436654957,0.5980729153345044
11504,4.283735024,3.8702217974508657,0.4135132265491346
11513,3.428028548,3.7766057593537106,0.34857721135371067
11526,3.730610704,3.63665452668768,0.09395617731231987
11537,3.07223337,3.390366691005413,0.3181333210054129
11546,2.904930138,3.0366433428605184,0.1317132048605183
11552,4.867065122,3.9487618025231015,0.9183033194768981
11568,4.095485122,3.3142050937860286,0.7812800282139718
11580,3.591287265,3.544048176272702,0.047239088727298206
11582,3.171713455,3.0476148925902073,0.12409856240979256
11583,3.058980349,2.916494368295413,0.14248598070458707
11584,3.730071035,3.7532504021890998,0.023179367189099853
11606,3.723587594,3.5959792176046634,0.12760837639533662
11625,3.141359177,3.2901078028236053,0.14874862582360526
11628,3.092588581,3.4303770411733048,0.337788460173305
11643,3.059110924,3.103773737013872,0.04466281301387198
11644,5.630364149,3.9507921318104358,1.6795720171895643
11683,4.212419724,4.100610760756877,0.1118089632431234
11701,4.535750604,3.7125466035422474,0.823204000457753
11716,2.832927677,2.6135519029007357,0.21937577409926412
11724,3.408942218,3.444758116705617,0.035815898705616966
11735,3.136318844,3.2528302052524154,0.11651136125241557
11751,3.138469014,3.548721614603008,0.41025260060300806
11753,4.041984501,3.5803181487020725,0.4616663522979274
11758,3.720523525,3.344314415182175,0.37620910981782485
11766,4.597256283,4.137159995559232,0.46009628744076814
11778,4.571661869,4.493948368567128,0.07771350043287129
11804,4.543280085,3.900414820989469,0.6428652640105312
11810,3.296484519,4.169528124811905,0.8730436058119055
11812,2.198580874,2.3895901798988417,0.19100930589884157
11819,3.582357823,3.660842264325591,0.07848444132559074
11820,4.515012922,3.989678971502868,0.5253339504971324
11822,3.879319068,4.081393097142024,0.20207402914202355
11828,4.609038113,4.2482461111043825,0.3607920018956179
11838,4.025406706,4.298908976152452,0.2735022701524521
11865,3.665696551,3.449549015341729,0.21614753565827094
11882,4.223584934,3.783870657408176,0.4397142765918236
11890,4.130136108,3.754181084398335,0.37595502360166533
11903,3.8084502,3.987175134410222,0.1787249344102224
11919,3.154952313,3.5622018106154782,0.40724949761547835
11921,2.62881977,2.9347303812552674,0.30591061125526764
11923,2.399509893,3.206639195538955,0.807129302538955
11949,3.557715534,3.91164962782443,0.35393409382442975
11953,3.010925398,3.2707469609672297,0.2598215629672298
11962,3.030271302,3.670265854735484,0.6399945527354838
11975,3.71048201,3.6723130714226087,0.038168938577391565
12002,4.451617596,3.5017711445802346,0.9498464514197655
12042,2.192970592,3.155076681447757,0.9621060894477571
12047,4.02647512,3.819307971920864,0.20716714807913572
12083,2.682953871,3.1119478022913754,0.4289939312913753
12101,3.460880669,3.7316339046942035,0.27075323569420373
12119,2.641666543,3.1544408702187967,0.5127743272187968
12128,2.706920073,3.2230920462300903,0.5161719732300902
12136,3.650332154,3.9561881998642696,0.3058560458642696
12153,2.81229834,2.768167500108304,0.04413083989169575
12158,3.720655357,3.75650866419764,0.03585330719764013
12170,3.273246236,3.719084473485416,0.44583823748541596
12172,3.695050671,3.8486172211092295,0.15356655010922937
12173,2.900277603,2.7856396080106394,0.11463799498936078
12178,3.144842341,4.0067235507924295,0.8618812097924295
12186,3.8558558,3.6563798260479223,0.19947597395207772
12189,2.978077754,3.081557411343736,0.10347965734373599
12193,3.086799242,3.223785749300967,0.13698650730096684
12199,3.82787049,3.727475722144468,0.10039476785553214
12201,3.790051413,3.4311077416439324,0.35894367135606764
12203,3.491790173,3.2380021113858435,0.25378806161415657
12213,3.573111843,3.937929752187988,0.36481790918798795
12216,5.185191225,5.02795932748261,0.15723189751738964
12222,2.365406859,3.639476092331187,1.2740692333311867
12228,3.742525945,3.5606902567725713,0.1818356882274288
12241,2.465432426,3.027237083404949,0.5618046574049491
12245,2.315807717,3.267945813652078,0.9521380966520776
12247,2.38379742,3.2070766206723986,0.8232792006723986
12249,2.339673335,2.757173029461861,0.41749969446186075
12280,3.514708013,3.867649866067209,0.35294185306720927
12283,3.348545453,3.4868597203277925,0.13831426732779262
12298,3.951552292,4.156241418387349,0.20468912638734915
12308,3.920485592,3.5870274498160617,0.3334581421839382
12319,4.550923102,4.620835246198386,0.0699121441983861
12339,4.206311463,3.894039731790002,0.3122717312099974
12340,3.657359807,3.731779768739079,0.07441996173907883
12350,3.55354411,3.415150724447746,0.1383933855522539
12351,3.760976704,3.6100052356748185,0.1509714683251815
12356,3.658295107,3.7807753102259,0.12248020322590003
12393,1.98620022,2.9644513104181414,0.9782510904181414
12433,3.505737236,3.466168425316644,0.03956881068335605
12445,3.984979624,3.7624585099025105,0.22252111409748965
12450,4.656572938,4.194871355264748,0.46170158273525175
12452,3.363511698,3.1939986977005264,0.16951300029947358
12465,3.549066789,3.9001230117691876,0.3510562227691878
12471,3.544640935,3.2446684219232833,0.2999725130767166
12472,3.331132797,3.800473642931748,0.4693408459317481
12476,3.462634089,3.564798460580515,0.10216437158051539
12478,4.877212389,4.504818318777875,0.3723940702221249
12482,3.759134163,3.7959102853592617,0.03677612235926153
12486,3.737926357,3.9298433467236276,0.19191698972362747
12502,4.118172575,3.9890920318133043,0.1290805431866957
12507,3.097329965,3.429698195812606,0.3323682308126057
12547,3.694067482,3.4785575650136558,0.21550991698634414
12555,3.498817427,3.502507752085508,0.0036903250855080394
12556,3.242492507,3.234724844390079,0.007767662609921011
12560,4.228636436,4.195960307414464,0.03267612858553637
12562,3.665339724,3.594072155738037,0.07126756826196301
12565,3.975829921,3.084691183528875,0.8911387374711248
12569,3.632576587,3.6717947943101232,0.039218207310123265
12570,3.48055019,3.4889310754862666,0.008380885486266365
12574,3.228461956,3.3092149502509534,0.0807529942509535
12575,3.267798069,3.5594660870747163,0.29166801807471643
12583,3.833324729,4.1515723569857235,0.31824762798572337
12586,2.921446357,2.7947440771167122,0.12670227988328797
12589,3.074548275,3.4864657080287045,0.4119174330287043
12594,4.660371163,3.8404530042734915,0.8199181587265083
12605,4.016250957,3.8642166386675285,0.15203431833247105
12615,3.015921505,3.2283255495707124,0.21240404457071227
12624,3.69324944,3.705170900110763,0.011921460110762894
12629,4.960345924,4.068520888629301,0.8918250353706991
12634,5.648777072,4.1259081161094215,1.5228689558905781
12657,4.671204521,4.615262170943466,0.05594235005653392
12722,2.795186179,3.249001536732062,0.4538153577320623
12723,3.546571579,3.486707852500383,0.05986372649961691
12728,3.843094786,4.126659233981755,0.28356444798175495
12735,3.296550989,2.900514852243462,0.39603613675653815
12750,2.116718406,2.9525189305242314,0.8358005245242315
12772,3.778748781,3.739344705467568,0.03940407553243208
12783,3.487253418,3.5849036044740483,0.09765018647404844
12790,3.696087915,3.593900994117697,0.10218692088230297
12795,3.659544399,3.643102332253493,0.016442066746507056
12796,4.039179805,3.7052929800450753,0.3338868249549245
12808,3.438373028,3.598766594136985,0.16039356613698486
12814,3.524317287,3.5963351274516544,0.07201784045165427
12816,3.662314207,3.8063291693832384,0.1440149623832383
12825,3.430842298,3.5614723436547595,0.13063004565475955
12831,3.347609741,3.5979178596730583,0.25030811867305847
12833,3.267672958,3.7390811951920675,0.4714082371920676
12835,3.252525776,3.3908084940597654,0.13828271805976522
12840,3.573012087,3.607513567902631,0.034501480902631165
12847,3.792101448,4.016233858348983,0.2241324103489828
12853,3.621094541,3.741246033119652,0.12015149211965204
12864,2.305136319,2.292155375261623,0.012980943738376993
12886,3.566288044,3.5136830050152827,0.05260503898471747
12897,3.533009022,3.501235437144247,0.03177358485575299
12898,3.280984857,3.1388911707852394,0.1420936862147606
12905,3.526602323,3.7669690254573807,0.24036670245738057
12911,3.500168754,3.297050388173404,0.20311836582659604
12912,3.618332649,3.8338429541464056,0.21551030514640557
12913,3.526602323,3.9030913926437236,0.37648906964372353
12933,3.623402522,3.6732403788912373,0.04983785689123721
12934,3.70289533,3.8172748021991687,0.11437947219916866
12963,3.702051225,3.6899069563702165,0.012144268629783461
12982,3.560058285,3.5517667924990564,0.008291492500943853
12997,3.69814406,3.889839965166709,0.19169590516670887
12998,3.704167376,3.9284749053600967,0.22430752936009668
13024,3.716288107,3.7085863468642866,0.007701760135713442
13030,3.660569051,3.586189908978652,0.07437914202134799
13032,4.110827179,3.9765459542246715,0.13428122477532867
13033,3.775825176,3.897701950232706,0.12187677423270582
13041,3.797670578,3.860437055988937,0.0627664779889372
13043,3.94146688,3.714264643717346,0.227202236282654
13049,4.088931524,4.204531728314388,0.11560020431438733
13050,3.870421673,4.11469604132064,0.24427436832063965
13057,3.240350807,3.9377500925601865,0.6973992855601865
13064,3.387991015,3.544129480551522,0.1561384655515221
13072,2.935630132,2.8657550631744084,0.06987506882559158
13091,3.725094521,3.6987048812201597,0.026389639779840213
13092,3.457484646,3.737619502079526,0.2801348560795258
13111,3.800753583,3.645228173669295,0.15552540933070524
13129,3.750691562,3.8188233229593935,0.06813176095939344
13131,3.795168433,3.9801839127635503,0.18501547976355015
13141,3.753458574,3.8444688804930847,0.0910103064930845
13144,4.36630019,3.8627712659688354,0.5035289240311642
13147,3.785140362,3.6877739274169428,0.09736643458305716
13149,3.650715639,4.028698847929514,0.37798320892951365
13151,3.95631103,3.7773992730041903,0.17891175699580986
13154,4.24082233,3.9268890728560457,0.3139332571439546
13158,3.559272068,3.5651533855317408,0.005881317531740926
13163,3.868377452,3.692444380816848,0.17593307118315193
13164,3.494709172,3.689029270559629,0.19432009855962917
13167,3.650251816,3.897515669422619,0.24726385342261903
13169,4.075603728,3.6633021776029393,0.4123015503970606
13191,3.842882321,3.5719993605644964,0.2708829604355034
13197,4.254286987,3.9000452731705915,0.35424171382940894
13222,4.021129025,3.9393431582024956,0.08178586679750399
13225,3.617911657,3.682809291559878,0.06489763455987774
13244,3.485310592,3.754928492673485,0.26961790067348534
13245,4.160637665,4.050845340278584,0.10979232472141653
13251,3.694930954,3.689504981098994,0.005425972901006215
13253,3.612337227,3.5662501322635047,0.04608709473649508
13282,3.732964402,3.625986880717302,0.106977521282698
13296,4.39530415,4.038179624623762,0.3571245253762383
13308,3.865608708,3.646869431626546,0.2187392763734537
13314,3.821743903,3.9421476794638526,0.12040377646385236
13316,3.484899369,3.4669740557959643,0.017925313204035564
13323,3.874334073,3.8439442115411246,0.030389861458875345
13328,4.222557519,3.993418106158211,0.22913941284178962
13332,4.080107657,3.9117641809736465,0.16834347602635358
13335,3.704230208,3.696828552231491,0.007401655768508597
13348,3.859411737,3.984427198708463,0.12501546170846334
13349,3.92040101,4.14839954841397,0.22799853841396978
13351,3.709086644,3.75360393278224,0.04451728878223982
13368,3.9036071,4.000650439945391,0.09704333994539072
13371,4.248371329,3.9081619743375313,0.34020935466246893
13372,3.643216429,3.6980914146182187,0.054874985618218464
13375,3.256299388,3.6622597769618626,0.4059603889618626
13381,3.697427072,3.8356679832932348,0.1382409112932348
13382,3.733248868,3.635850349723986,0.0973985182760142
13386,3.664348116,3.628939980560149,0.03540813543985122
13388,3.477407795,3.7278615799826347,0.2504537849826347
13451,3.887453525,3.9725880975228254,0.08513457252282519
13462,3.029211649,3.35273340892036,0.3235217599203599
13469,3.005810041,3.2943277368988655,0.28851769589886533
13482,4.200364517,3.991296255763463,0.20906826123653666
13485,3.766869424,3.885600926220932,0.11873150222093232
13502,3.839849378,3.6157991752342453,0.2240502027657545
13515,3.57426283,2.7168254561932894,0.8574373738067105
13516,3.71469192,3.6452453335151622,0.0694465864848377
13540,4.235229556,3.793673657785719,0.4415558982142813
13550,3.802570942,3.8818844490079587,0.0793135070079587
13565,4.108976349,3.660635869577746,0.44834047942225386
13581,4.229166856,3.739742770568285,0.4894240854317151
13600,3.684149395,3.638391389061051,0.045758005938949076
13609,3.873712168,3.696995496432083,0.17671667156791715
13611,3.937900114,3.691014559781987,0.24688555421801306
13616,4.139392768,3.5971863541305047,0.5422064138694949
13620,4.555877046,4.012735931988282,0.5431411140117177
13635,4.589404437,4.150930788939809,0.4384736480601905
13636,4.370504994,4.220615600652157,0.14988939334784313
13641,4.862372822,4.50286886657155,0.35950395542845026
13645,4.717962723,4.16256192116605,0.55540080183395
13664,4.050725524,3.76756797150281,0.2831575524971899
13666,4.159021476,3.8042001422960317,0.35482133370396873
13673,3.315887815,3.8194140385341075,0.5035262235341076
13675,3.707051328,3.6571670712644653,0.04988425673553465
13679,3.681582507,3.6294108005045267,0.0521717064954732
13684,3.908123914,3.9788912525174545,0.07076733851745454
13703,4.158685747,4.007188645913345,0.1514971010866546
13709,4.411649864,4.176805084687925,0.23484477931207515
13713,4.294997196,3.4276456618788336,0.8673515341211662
13721,4.340888978,3.8377144986894365,0.5031744793105632
13738,3.782063611,3.916524890374362,0.13446127937436225
13758,4.217993612,3.6937903990290377,0.5242032129709622
13760,3.798697495,3.886411975427058,0.0877144804270582
13761,3.45930631,3.618285680917496,0.1589793709174958
13775,3.614126654,3.7875559255269637,0.17342927152696364
13781,3.699579437,3.8629708898231057,0.16339145282310552
13805,4.166926054,4.023780759613459,0.14314529438654144
13808,3.581462016,3.262951094286355,0.31851092171364526
13815,3.280109225,3.432097496628861,0.15198827162886097
13819,3.806123018,3.7762342484602462,0.029888769539753834
13820,3.878517692,3.797713917590494,0.08080377440950581
13822,3.835614711,4.182812691206868,0.3471979802068681
13838,4.154576117,3.7600406201686423,0.39453549683135813
13852,3.265346208,3.186612261858986,0.07873394614101414
13866,3.639031038,4.221057916154345,0.5820268781543452
13882,3.461461008,3.5895022312357727,0.1280412232357726
13885,3.764240199,3.8152733591769685,0.05103316017696846
13888,4.291762778,4.270225265767222,0.021537512232777445
13890,3.574176984,3.77687731577205,0.20270033177204994
13901,3.377488383,3.89009853999302,0.5126101569930199
13902,4.376098199,4.060165345709563,0.3159328532904375
13903,4.463715724,3.997002406338397,0.4667133176616032
13910,3.631719682,3.8698859712087152,0.2381662892087153
13917,3.902352788,3.778789599883168,0.12356318811683176
13919,3.323890064,3.888900946531762,0.5650108825317619
13921,3.662314207,3.918173048005414,0.2558588410054141
13932,4.381537432,4.038403748513793,0.3431336834862071
13934,3.368738614,3.608310412077986,0.23957179807798568
13937,4.068184315,4.164520632654044,0.09633631765404438
13943,3.62969714,3.843322967031111,0.21362582703111066
13954,4.26759408,3.7645081793623163,0.503085900637684
13968,4.114605647,3.844133330053406,0.2704723169465941
13971,5.280305143,4.196367415959573,1.0839377270404267
13972,3.727153321,3.948601488620469,0.22144816762046915
13986,3.774554763,3.8522714824700706,0.07771671947007075
13989,3.758611847,4.024567555447002,0.26595570844700234
13993,4.107197246,3.9280248950271144,0.17917235097288575
13996,5.728648623,4.095178702080531,1.6334699209194685
14000,3.47304296,3.862867553690445,0.3898245936904452
14017,4.898986745,3.6634403407024196,1.2355464042975806
14049,3.65186895,4.251430130796949,0.5995611807969494
14070,4.507009018,4.152741950599612,0.3542670674003876
14073,4.174350597,4.163002960742951,0.011347636257049487
14075,4.819074293,4.105260133822735,0.7138141591772653
14077,4.130921204,3.812094035452524,0.3188271685474757
14088,4.357512014,3.6918817200463043,0.6656302939536958
14093,3.723832787,4.004263613507478,0.2804308265074775
14095,3.822252164,3.976919588813964,0.1546674248139639
14116,3.358389856,3.668630003130098,0.31024014713009773
14117,4.145006384,4.239464150410108,0.09445776641010806
14137,4.144614233,4.627172182984588,0.4825579499845878
14166,3.819374133,3.97558146449889,0.15620733149888988
14183,3.384392845,3.932066707792463,0.5476738627924633
14185,3.734932634,3.5873568431274774,0.14757579087252282
14192,3.661618338,3.3794052184200702,0.28221311957992956
14205,5.072347949,4.342391186767978,0.729956762232022
14211,5.697995038,4.561932686383524,1.1360623516164763
14226,5.832230547,5.134983246666782,0.6972473003332178
14242,3.924869577,3.825938776684851,0.098930800315149
14245,3.667524662,3.4318591955125077,0.2356654664874922
14248,5.600255009,3.907572878462168,1.6926821305378317
14249,3.733441848,3.9193575410559713,0.18591569305597133
14254,3.690208741,3.68077109501327,0.009437645986730026
14286,4.030963842,4.01871890562783,0.012244936372169946
14290,3.786176763,3.9791467223660915,0.19296995936609163
14299,2.872062317,3.144056319204789,0.27199400220478864
14315,3.193550291,3.2030466721876603,0.009496381187660052
14317,2.90510628,2.945851697297277,0.04074541729727699
14318,4.185119364,3.9519232988265687,0.2331960651734315
14332,3.760823612,3.8619549602089345,0.10113134820893466
14352,5.51828284,4.836125496450793,0.682157343549207
14361,3.054994905,3.218027619422343,0.1630327144223429
14363,3.068209989,3.3399495072095124,0.27173951820951237
14384,2.305136319,2.7038024629551582,0.3986661439551584
14385,3.266456445,3.5292826290728097,0.26282618407280944
14401,4.634390238,3.856850926207736,0.777539311792264
14403,3.832671186,3.966220394064421,0.13354920806442117
14407,3.111659205,3.497308642911134,0.38564943791113393
14408,3.352131918,3.44761186234432,0.09547994434432017
14413,4.585605299,4.704196377615174,0.11859107861517426
14414,5.726321997,4.074856079099305,1.651465917900695
14433,4.725913333,3.933065198160383,0.7928481348396175
14449,3.599408144,3.3099361210614333,0.28947202293856655
14470,3.123564935,4.01351049583165,0.8899455608316496
14473,5.494791649,4.088125612762859,1.4066660362371408
14481,3.351596001,3.716552048749355,0.364956047749355
14501,5.304564881,3.781034814359769,1.5235300666402312
14508,3.656205648,4.174535680345056,0.5183300323450566
14524,3.13675607,3.483833574462632,0.34707750446263175
14531,4.476450683,4.183678436244031,0.2927722467559697
14532,3.798765245,4.501795518131518,0.7030302731315179
14533,3.44364251,3.699327077011301,0.25568456701130104
14549,3.971520315,3.985764889289391,0.014244574289391299
14553,2.013295171,3.040276658863026,1.0269814878630257
14564,3.577674359,3.8501368565567162,0.27246249755671625
14573,3.088504639,3.1414668872673115,0.05296224826731155
14574,3.126185812,3.2702709639301646,0.14408515193016447
14578,3.561684426,3.9207177155013833,0.35903328950138347
14586,3.594803602,3.9575799382578367,0.3627763362578369
14593,3.9995043,3.041861363827321,0.9576429361726788
14599,2.074588998,2.3674825258159515,0.2928935278159517
14605,3.075328898,3.523040867431395,0.44771196943139513
14609,3.708096219,4.695966014247711,0.9878697952477107
14611,4.582215704,4.533038543816239,0.049177160183761615
14626,4.488067648,3.5714431399681685,0.9166245080318318
14631,3.342721272,3.7354535501832995,0.3927322781832996
14643,3.170891572,3.874711964769523,0.703820392769523
14645,4.551020778,4.6658863100829135,0.11486553208291372
14662,3.01457781,3.5024451967350743,0.48786738673507424
14673,3.713842412,3.929391055738405,0.21554864373840488
14678,3.567553644,3.548901691777202,0.01865195222279814
14695,4.077757116,4.1800524951779945,0.10229537917799458
14721,3.426317435,4.2207120073132005,0.7943945723132004
14726,3.509758816,3.475877796963663,0.033881019036337
14763,4.308931328,3.6293048146499105,0.6796265133500894
14785,3.902270627,3.896536175031487,0.005734451968513188
14790,3.6840465,3.8889240631199034,0.20487756311990335
14796,3.590831018,3.4957794169579053,0.09505160104209454
14799,3.641017762,3.370645452475418,0.270372309524582
14816,6.523612781,4.594821002638654,1.9287917783613455
14817,2.08449904,2.3917091509800628,0.3072101109800629
14830,3.47000792,3.7346284705525603,0.2646205505525603
14872,2.110179209,3.0859441579433904,0.9757649489433904
14882,3.453870251,3.736251160475438,0.2823809094754379
14884,3.456592101,3.0910460067552448,0.36554609424475526
14889,2.764001435,3.2082733827896943,0.44427194778969437
14890,3.397135495,3.4337377358088994,0.03660224080889929
14892,3.129860564,3.485922979670441,0.3560624156704413
14893,3.340055824,3.3054770321958507,0.034578791804149134
14896,2.774851498,2.8932680831501982,0.11841658515019837
14898,2.78136434,2.8128985891192473,0.03153424911924718
14901,2.066416052,2.2609607513163805,0.1945446993163804
14916,4.113050607,3.97102091096645,0.14202969603354987
14918,3.323893497,4.0725738315070235,0.7486803345070236
14919,3.418090851,3.63268002740067,0.21458917640066977
14933,3.87773867,3.538169605751964,0.3395690642480358
14960,3.698311549,3.6478225399659148,0.050489009034085264
14971,2.975654242,3.1582111633777656,0.18255692137776558
14977,2.695705109,3.526617032051364,0.8309119230513642
14995,3.565566065,3.5301600708760215,0.0354059941239786
14997,3.939057757,3.411991346165591,0.5270664108344092
15005,3.586141146,3.64649163490312,0.06035048890311989
15008,3.717902482,3.3723225643998087,0.34557991760019124
15017,3.706362961,3.7387431678491145,0.03238020684911458
15021,3.917635526,3.7145061743037733,0.20312935169622692
15039,2.917281233,2.83788354797859,0.07939768502140998
15041,2.888497748,3.1530255926707365,0.26452784467073664
15042,3.395366962,3.30013909606489,0.09522786593511023
15044,2.81120124,2.959993014398065,0.1487917743980649
15046,2.803093663,3.5281247323339393,0.7250310693339395
15068,3.352689864,3.488157617957064,0.13546775395706412
15069,3.468794046,2.9719047763840196,0.49688926961598057
15081,3.406335758,3.2956410397404228,0.11069471825957722
15083,3.525344173,3.851538442510545,0.32619426951054464
15087,2.191880578,3.887903771757534,1.6960231937575339
15091,3.80010924,4.049270144879554,0.24916090487955378
15112,5.786734942,4.541682835985263,1.2450521060147368
15129,3.997763061,3.4804739037152586,0.5172891572847416
15130,4.85434422,3.8592557147806548,0.995088505219345
15153,2.801220714,3.1409308023398568,0.33971008833985694
15158,3.84432047,3.788501389292092,0.055819080707907975
15167,3.411927866,3.5782431907119765,0.1663153247119764
15176,2.963714062,3.820583544712116,0.8568694827121157
15179,2.943481993,3.703457592815932,0.7599755998159323
15183,3.178198098,3.0512685551844547,0.12692954281554547
15192,5.52509666,4.230691747677749,1.2944049123222507
15201,2.779147777,3.7740467801431357,0.9948990031431357
15202,4.419140889,4.135163974172694,0.28397691482730636
15210,3.158337076,3.675600950330246,0.5172638743302458
15212,3.303776889,3.4323476074976256,0.1285707184976257
15215,4.377442857,4.130080011912758,0.24736284508724182
15222,3.314439578,4.063557714339639,0.7491181363396393
15223,3.550326648,3.557518079104384,0.007191431104383916
15225,3.364268593,3.4235408829679304,0.05927228996793055
15238,3.173374066,3.461415386861725,0.28804132086172496
15239,3.06347527,3.7637092094102043,0.7002339394102042
15246,4.129232221,4.023787053828101,0.105445167171899
15282,3.717814293,3.872000921066665,0.15418662806666505
15289,2.713650119,2.805960006004557,0.09230988700455711
15292,3.812517787,3.6982552177038346,0.1142625692961654
15295,3.439512691,3.48331772996769,0.043805038967689836
15297,3.186271819,3.621303887808657,0.4350320688086571
15298,3.463413906,3.446579879346668,0.01683402665333178
15300,3.831626655,3.4757360130178814,0.3558906419821186
15304,2.502523512,2.84412029465066,0.3415967826506603
15313,4.980621199,3.5785261513908906,1.4020950476091092
15320,3.581637955,3.641606724980346,0.059968769980345726
15326,3.751372597,3.5641719440446917,0.1872006529553083
15339,4.257273151,3.9869107746676797,0.27036237633231996
15345,3.446037762,3.4343943806982726,0.011643381301727374
15365,3.765648601,3.7670000222871005,0.0013514212871004183
15374,3.219123438,3.240884375834012,0.021760937834011784
15379,3.258598709,3.7688729208255394,0.5102742118255392
15387,3.267302274,3.7896166033630196,0.5223143293630197
15405,3.527123143,3.700397665436714,0.17327452243671404
15406,3.890097513,3.8268377436696968,0.06325976933030342
15412,3.968063921,3.708051650778826,0.260012270221174
15426,3.650691935,3.3059938469008854,0.34469808809911484
15434,3.34850541,3.4828594241408193,0.13435401414081927
15435,3.413527751,3.483358858124347,0.06983110712434693
15445,3.209115685,3.142810173105126,0.06630551189487388
15450,3.326121848,3.8166382753409027,0.4905164273409026
15451,3.616380978,3.8356858811598165,0.21930490315981643
15454,3.559272068,3.2759228609129094,0.28334920708709044
15455,2.671646201,3.029116919253018,0.3574707182530177
15457,4.490516098,3.8188077450402664,0.6717083529597332
15463,3.321427192,3.1774731659887743,0.14395402601122553
15498,3.005455271,3.0432553811810794,0.037800110181079205
15509,3.147664303,3.3615693088046905,0.21390500580469052
15510,3.089169366,3.0609121819481904,0.02825718405180977
15512,3.547164049,3.8176825789385926,0.2705185299385926
15567,4.387731423,4.648731476210826,0.2610000532108261
15569,3.690527435,3.2511489981321984,0.43937843686780154
15579,3.881454402,3.723123785270563,0.15833061672943716
15581,3.462741691,3.458490635308514,0.004251055691486094
15600,3.80686074,3.8836610392746467,0.07680029927464682
15607,3.422826667,3.5281345523772547,0.10530788537725488
15608,3.401021229,3.52386126477716,0.12284003577715996
15612,3.366767634,3.8716397761968455,0.5048721421968456
15615,3.444822229,3.697766685597986,0.2529444565979859
15622,3.221862647,4.054118133603025,0.8322554866030254
15626,2.356234841,3.3713370927185697,1.0151022517185697
15631,2.45787258,2.6900133417802263,0.23214076178022625
15633,4.239925949,3.927194761174781,0.3127311878252188
15656,3.65944548,3.6230691404444344,0.03637633955556563
15672,4.175289194,3.5556844523971467,0.6196047416028536
15701,4.136597385,3.7022866559896856,0.4343107290103143
15702,3.641178318,3.5805103627572956,0.06066795524270452
15706,3.850689277,3.871695443206162,0.021006166206162025
15707,3.26106837,3.6009262405769715,0.3398578705769717
15709,3.6926693,3.754931173354624,0.062261873354624075
15713,4.04203857,4.020933448762986,0.02110512123701369
15715,3.833274639,3.4979919893972076,0.3352826496027923
15741,3.124451692,3.440100377000308,0.31564868500030796
15745,3.116338348,2.970136649180973,0.14620169881902711
15750,3.900252736,3.25134802238362,0.6489047136163801
15771,4.069646517,3.636480117348722,0.4331663996512778
15775,3.568151621,3.701943752303596,0.13379213130359568
15784,3.25235402,3.6253732639538763,0.3730192439538764
15786,3.567356507,3.895805268035537,0.3284487610355371
15787,3.4245044,3.781056219156251,0.3565518191562509
15790,3.566226986,3.581486409441597,0.015259423441596809
15792,3.380700753,3.1405998978973853,0.24010085510261492
15834,3.866227065,3.7835159823627693,0.08271108263723059
15836,3.892651034,3.7814293557166208,0.11122167828337925
15840,3.836377828,4.096705758716752,0.26032793071675187
15848,3.751566485,3.5343646816691874,0.21720180333081274
15850,3.699772707,4.117238951102674,0.4174662441026742
15851,4.079988131,4.235846303885551,0.1558581728855506
15853,4.773117672,4.563808124044155,0.20930954795584444
15855,4.304915013,4.505108817969374,0.20019380496937433
15860,3.282622113,3.214412439842749,0.0682096731572508
15877,3.246467316,3.119374434141606,0.12709288185839407
15884,3.973271272,4.127380242755949,0.15410897075594931
15898,4.122548764,3.928077140439038,0.19447162356096204
15899,3.963573202,3.5513701089363643,0.4122030930636358
15904,4.723385063,4.412357253159733,0.311027809840267
15907,4.699801605,4.402801291614936,0.2970003133850643
15923,3.466040735,3.386966526435588,0.07907420856441183
15924,3.857837539,3.8712934565339223,0.013455917533922168
15929,4.417420443,3.725428566496671,0.6919918765033293
15933,2.990621349,3.5906448658368784,0.6000235168368784
15937,3.970679987,3.9772454346463872,0.0065654476463872236
15942,3.485146853,4.209981117035417,0.7248342640354171
15943,3.880496804,3.5726719926548727,0.3078248113451272
15944,3.552071716,3.7523625686007485,0.20029085260074853
15971,1.570032827,2.1627853544352496,0.5927525274352496
15977,1.837752793,3.442373087159046,1.6046202941590462
15986,3.910961369,3.2054162691266894,0.7055450998733104
16023,4.204745427,3.8994452108573032,0.30530021614269653
16028,1.751027673,2.6629051039106733,0.9118774309106732
16040,3.191982844,3.304976905734859,0.11299406173485904
16042,3.239066983,3.2894619335338966,0.050394950533896754
16045,3.779895219,3.6128046833538363,0.16709053564616383
16047,2.583098126,3.0200790375076,0.4369809115076002
16048,4.37267671,4.092274887816004,0.2804018221839968
16050,4.01479626,3.9220294909504316,0.09276676904956815
16059,4.652160476,4.122017235116324,0.5301432408836755
16075,3.623334221,3.823768665841675,0.20043444484167505
16089,3.180883324,2.9743919691827156,0.2064913548172842
16094,3.726046891,3.5781532136753493,0.14789367732465086
16095,2.915221561,3.0877936359751517,0.1725720749751516
16098,2.185983402,2.6414910286288067,0.4555076266288065
16099,3.737517896,3.5211008089496403,0.21641708705035967
16114,3.226463203,3.4517957091230826,0.22533250612308287
16121,3.173080722,3.293551269912199,0.12047054791219924
16126,3.535606027,3.6817983005248296,0.14619227352482955
16128,5.228205381,4.3028140349250155,0.925391346074985
16145,5.305842146,4.252400998406369,1.053441147593631
16146,3.872320838,3.5359375121066434,0.3363833258933564
16148,3.086383173,3.3037209950448583,0.21733782204485808
16149,3.080833245,3.1873678710502076,0.10653462605020758
16158,3.38782746,3.1429792879270604,0.24484817207293963
16159,3.614126654,3.6315159584238264,0.017389304423826246
16161,3.482556903,3.5419888478934105,0.05943194489341064
16164,3.204122781,3.1208239161546603,0.08329886484533988
16167,2.64579603,3.4255824613414503,0.7797864313414502
16172,3.494333057,3.7419847142198357,0.24765165721983573
16179,2.365922062,3.251058952965776,0.885136890965776
16180,3.61796266,3.570886081929451,0.04707657807054888
16218,3.007773848,3.375860205840008,0.3680863578400082
16227,3.630279456,3.8852918740153406,0.2550124180153408
16228,3.720214024,3.803895576064728,0.08368155206472805
16230,2.768435334,3.7748708132663666,1.0064354792663668
16252,3.431813388,3.906024694196204,0.4742113061962039
16262,3.442874041,3.364811481593109,0.07806255940689111
16272,3.995598845,3.8743414894577763,0.12125735554222361
16277,4.102605818,4.09375679125017,0.00884902674982957
16281,3.822748495,3.767526862963745,0.05522163203625485
16282,3.883371948,3.934623707761923,0.051251759761922866
16286,2.035682572,3.1961281520365197,1.1604455800365199
16321,3.822134988,3.828964919195799,0.006829931195798888
16325,3.890950768,4.026695524547388,0.1357447565473877
16339,3.459954596,3.028556367195265,0.43139822880473533
16342,3.544618629,3.3008609596378595,0.24375766936214038
16346,3.545148712,3.3673775577351175,0.17777115426488255
16347,3.459954596,3.0213053460231767,0.43864924997682353
16362,3.072479058,3.645057451442918,0.5725783934429183
16373,3.688818336,4.167284305022731,0.47846596902273086
16380,3.009732595,3.49404929245204,0.48431669745203987
16385,4.606387056,4.218020395331703,0.3883666606682974
16403,3.830529647,3.267329865671377,0.5631997813286231
16405,3.502795217,2.967678089358791,0.5351171276412092
16417,2.740244947,3.031991079207211,0.29174613220721124
16420,3.881945241,3.9419608143596547,0.060015573359654795
16446,3.900887223,3.922162023312847,0.02127480031284712
16448,3.756212146,3.670329945845459,0.08588220015454118
16449,2.928507868,3.225595085074326,0.29708721707432595
16459,3.320170961,3.7408807578480583,0.4207097968480582
16460,4.416869562,4.133510274659467,0.2833592873405326
16493,3.723947976,3.9221405725680585,0.19819259656805865
