ligand_id,role,cluster_id,row_index
2,train,2,1
4,train,4,3
5,train,5,4
6,train,6,5
8,train,8,6
10,train,10,8
11,train,11,9
13,train,13,11
15,train,15,13
18,train,18,15
19,train,19,16
20,train,20,17
23,train,23,20
25,train,25,22
26,train,26,23
28,train,28,25
30,train,30,27
32,train,32,29
33,train,33,30
34,train,30,31
35,train,35,32
36,train,30,33
41,train,41,37
42,train,42,38
43,train,43,39
44,train,44,40
45,train,45,41
46,train,46,42
47,train,47,43
48,train,48,44
49,train,49,45
50,train,50,46
52,train,52,48
53,train,45,49
54,train,47,50
55,train,55,51
56,train,56,52
57,train,57,53
58,train,58,54
62,train,62,57
63,train,63,58
64,train,64,59
65,train,65,60
66,train,66,61
68,train,68,63
70,train,70,65
71,train,71,66
73,train,73,68
74,train,74,69
75,train,75,70
77,train,77,72
79,train,79,74
81,train,81,76
82,train,82,77
83,train,83,78
84,train,84,79
86,train,86,81
88,train,88,82
91,train,91,84
92,train,92,85
93,train,93,86
94,train,94,87
95,train,95,88
96,train,96,89
97,train,97,90
100,train,100,92
103,train,103,94
105,train,105,96
109,train,109,99
112,train,111,101
113,train,113,102
114,train,113,103
116,train,116,105
118,train,118,106
119,train,119,107
121,train,109,108
122,train,122,109
123,train,123,110
124,train,124,111
125,train,125,112
126,train,126,113
127,train,127,114
129,train,129,116
130,train,130,117
131,train,90,118
135,train,135,120
138,train,138,122
139,train,139,123
142,train,142,126
144,train,144,127
145,train,145,128
150,train,150,131
151,train,151,132
152,train,152,133
157,train,157,136
158,train,158,137
159,train,159,138
160,train,160,139
161,train,161,140
162,train,126,141
163,train,163,142
166,train,166,145
170,train,170,146
171,train,171,147
173,train,173,148
175,train,175,149
178,train,178,150
179,train,179,151
182,train,182,153
189,train,189,155
190,train,190,156
196,train,196,159
197,train,197,160
201,train,201,162
202,train,202,163
203,train,203,164
204,train,204,165
207,train,207,167
208,train,208,168
210,train,210,169
211,train,211,170
217,train,160,174
218,train,218,175
221,train,221,177
222,train,222,178
226,train,182,180
227,train,227,181
228,train,228,182
229,train,229,183
233,train,233,186
234,train,234,187
237,train,151,189
244,train,244,193
246,train,246,195
249,train,249,197
250,train,248,198
254,train,253,201
256,train,256,202
258,train,15,204
259,train,259,205
260,train,260,206
262,train,262,208
263,train,263,209
264,train,264,210
269,train,269,214
270,train,109,215
271,train,271,216
273,train,142,218
279,train,279,222
281,train,281,224
284,train,284,226
289,train,289,229
294,train,139,232
300,train,300,236
301,train,249,237
302,train,302,238
303,train,303,239
306,train,306,240
307,train,307,241
310,train,310,242
312,train,230,243
317,train,317,245
318,train,318,246
320,train,320,247
323,train,323,250
324,train,324,251
326,train,249,253
328,train,300,255
332,train,332,256
333,train,333,257
334,train,334,258
335,train,335,259
336,train,336,260
337,train,337,261
339,train,339,263
340,train,340,264
346,train,346,268
348,train,348,269
350,train,350,270
357,train,357,274
360,train,360,277
364,train,364,281
365,train,163,282
368,train,368,284
372,train,372,286
375,train,375,288
376,train,376,289
378,train,378,291
381,train,381,294
382,train,141,295
383,train,383,296
388,train,388,298
391,train,391,300
392,train,392,301
395,train,395,304
396,train,230,305
397,train,397,306
398,train,398,307
399,train,399,308
400,train,400,309
401,train,401,310
402,train,402,311
403,train,403,312
404,train,404,313
405,train,405,314
406,train,406,315
407,train,407,316
408,train,408,317
410,train,410,318
411,train,411,319
412,train,412,320
414,train,414,321
415,train,415,322
416,train,166,323
418,train,179,325
420,train,420,326
421,train,421,327
422,train,422,328
427,train,427,333
428,train,428,334
431,train,306,336
432,train,432,337
436,train,436,340
437,train,196,341
440,train,440,343
446,train,446,345
447,train,447,346
448,train,448,347
450,train,450,349
451,train,451,350
452,train,452,351
454,train,454,352
456,train,456,353
457,train,457,354
461,train,461,356
466,train,466,359
467,train,467,360
468,train,468,361
470,train,470,363
471,train,471,364
474,train,474,367
475,train,475,368
476,train,476,369
479,train,479,372
482,train,482,375
483,train,170,376
486,train,486,377
487,train,487,378
489,train,489,380
490,train,490,381
491,train,491,382
492,train,492,383
497,train,493,388
499,train,499,390
501,train,501,392
502,train,502,393
503,train,503,394
506,train,506,395
508,train,508,397
509,train,509,398
511,train,230,400
513,train,513,402
514,train,514,403
521,train,521,408
523,train,523,409
525,train,253,411
527,train,395,413
528,train,528,414
530,train,530,416
531,train,531,417
532,train,14,418
534,train,534,420
535,train,535,421
537,train,537,422
540,train,420,423
542,train,72,425
544,train,544,426
548,train,548,429
554,train,554,432
556,train,556,433
562,train,562,435
564,train,564,436
565,train,565,437
568,train,90,440
569,train,569,441
583,train,160,446
585,train,579,448
587,train,587,450
589,train,589,451
591,train,562,452
593,train,593,454
595,train,595,456
596,train,357,457
599,train,599,460
601,train,601,462
603,train,603,464
604,train,200,465
607,train,607,467
608,train,608,468
609,train,447,469
611,train,611,470
613,train,613,472
614,train,614,473
615,train,615,474
617,train,617,476
618,train,618,477
621,train,621,480
622,train,622,481
623,train,623,482
625,train,625,484
630,train,630,488
631,train,631,489
634,train,634,491
637,train,637,492
642,train,642,496
643,train,643,497
645,train,645,498
646,train,337,499
647,train,647,500
648,train,648,501
649,train,649,502
650,train,650,503
651,train,651,504
653,train,653,505
655,train,655,506
658,train,658,507
659,train,659,508
668,train,668,513
669,train,669,514
672,train,263,517
674,train,674,518
676,train,23,519
677,train,677,520
679,train,196,522
680,train,680,523
681,train,681,524
683,train,683,526
684,train,684,527
686,train,605,528
687,train,357,529
688,train,688,530
689,train,689,531
690,train,690,532
694,train,307,534
695,train,695,535
696,train,696,536
697,train,166,537
699,train,699,539
700,train,700,540
702,train,702,542
703,train,703,543
704,train,704,544
705,train,170,545
706,train,608,546
707,train,707,547
708,train,708,548
709,train,709,549
710,train,710,550
711,train,584,551
712,train,249,552
716,train,716,554
718,train,718,555
719,train,719,556
721,train,98,557
722,train,722,558
724,train,605,559
725,train,725,560
727,train,727,562
731,train,731,566
734,train,734,567
735,train,735,568
738,train,738,569
744,train,182,572
745,train,745,573
746,train,746,574
751,train,751,577
753,train,200,579
754,train,754,580
755,train,357,581
757,train,757,583
759,train,759,584
761,train,761,585
762,train,762,586
763,train,763,587
764,train,764,588
766,train,766,589
769,train,766,592
770,train,770,593
771,train,771,594
772,train,766,595
773,train,773,596
774,train,774,597
778,train,778,599
780,train,780,600
781,train,781,601
782,train,782,602
783,train,783,603
787,train,787,605
789,train,789,606
793,train,793,610
795,train,795,611
796,train,796,612
797,train,797,613
801,train,801,617
802,train,802,618
803,train,803,619
806,train,806,622
810,train,810,625
811,train,811,626
813,train,813,628
814,train,814,629
816,train,816,631
820,train,790,634
822,train,822,636
823,train,823,637
825,train,825,638
827,train,827,639
828,train,456,640
829,train,18,641
830,train,830,642
831,train,831,643
834,train,834,646
836,train,836,648
838,train,838,650
840,train,230,651
842,train,842,653
843,train,843,654
846,train,846,657
849,train,849,660
850,train,850,661
852,train,819,663
855,train,855,665
858,train,858,667
860,train,860,669
862,train,862,671
863,train,863,672
864,train,864,673
867,train,867,675
868,train,868,676
871,train,871,677
872,train,142,678
873,train,82,679
875,train,875,681
881,train,881,685
882,train,882,686
886,train,886,689
887,train,887,690
888,train,888,691
891,train,891,694
893,train,893,696
896,train,896,698
898,train,898,700
899,train,899,701
901,train,901,702
904,train,904,705
905,train,905,706
906,train,906,707
907,train,907,708
912,train,912,712
915,train,915,713
916,train,916,714
917,train,917,715
918,train,918,716
921,train,921,718
922,train,922,719
923,train,923,720
925,train,925,722
926,train,926,723
929,train,929,726
931,train,811,728
932,train,932,729
937,train,937,732
938,train,938,733
940,train,940,735
946,train,946,739
948,train,948,741
949,train,949,742
952,train,952,745
956,train,956,748
957,train,957,749
959,train,957,751
960,train,234,752
965,train,965,756
966,train,966,757
968,train,968,759
969,train,969,760
970,train,970,761
972,train,3,763
974,train,974,765
978,train,978,768
979,train,979,769
983,train,983,773
989,train,989,779
990,train,990,780
991,train,896,781
997,train,997,784
999,train,999,786
1001,train,896,787
1002,train,896,788
1005,train,1005,789
1006,train,1006,790
1007,train,1007,791
1009,train,1009,793
1010,train,1010,794
1016,train,1016,800
1017,train,1017,801
1019,train,1019,802
1020,train,1020,803
1021,train,1021,804
1023,train,1023,805
1024,train,1024,806
1025,train,1025,807
1026,train,1026,808
1028,train,1028,810
1029,train,1029,811
1030,train,1030,812
1031,train,1031,813
1032,train,1032,814
1033,train,1033,815
1034,train,1034,816
1035,train,1035,817
1036,train,1036,818
1037,train,1037,819
1039,train,1039,821
1040,train,1040,822
1041,train,1041,823
1043,train,1043,825
1044,train,1044,826
1045,train,1045,827
1048,train,1048,829
1050,train,1050,831
1051,train,1051,832
1057,train,47,836
1058,train,1058,837
1060,train,1060,839
1061,train,1061,840
1062,train,1062,841
1065,train,1065,844
1066,train,1066,845
1067,train,1067,846
1068,train,1068,847
1069,train,1069,848
1070,train,1070,849
1073,train,1073,852
1074,train,1074,853
1076,train,1076,855
1077,train,1077,856
1078,train,47,857
1080,train,1080,859
1081,train,1066,860
1083,train,1083,862
1088,train,1088,867
1089,train,47,868
1092,train,1092,871
1093,train,47,872
1095,train,881,874
1098,train,789,876
1099,train,1099,877
1103,train,1103,881
1104,train,1104,882
1106,train,1106,883
1107,train,1107,884
1112,train,1112,889
1113,train,1113,890
1114,train,1114,891
1116,train,1116,892
1117,train,1117,893
1120,train,1120,896
1122,train,1122,898
1125,train,1010,901
1126,train,1126,902
1127,train,1127,903
1129,train,1129,905
1131,train,1131,907
1132,train,1132,908
1133,train,1133,909
1134,train,1134,910
1142,train,1142,916
1144,train,1144,918
1147,train,1147,919
1148,train,1148,920
1150,train,1150,922
1152,train,801,924
1153,train,893,925
1154,train,22,926
1155,train,1155,927
1157,train,1157,928
1160,train,1160,930
1162,train,1162,932
1164,train,1164,933
1166,train,300,935
1167,train,1167,936
1168,train,1168,937
1169,train,1169,938
1170,train,1170,939
1172,train,1172,941
1174,train,1174,943
1175,train,754,944
1176,train,1176,945
1177,train,221,946
1180,train,1180,948
1181,train,1181,949
1182,train,1182,950
1183,train,1183,951
1185,train,1185,953
1187,train,1187,955
1188,train,1188,956
1190,train,1189,958
1195,train,1195,962
1199,train,801,964
1200,train,1200,965
1203,train,1203,966
1207,train,1207,970
1208,train,1208,971
1209,train,1209,972
1210,train,1210,973
1215,train,47,978
1216,train,1066,979
1217,train,1217,980
1220,train,1142,983
1221,train,139,984
1224,train,1224,986
1226,train,1226,988
1228,train,1104,990
1229,train,1229,991
1232,train,1232,992
1234,train,1234,994
1236,train,1217,996
1238,train,1238,997
1239,train,1239,998
1240,train,1240,999
1241,train,1241,1000
1242,train,1241,1001
1246,train,1246,1005
1247,train,1032,1006
1248,train,1248,1007
1249,train,1249,1008
1250,train,1250,1009
1252,train,1252,1011
1253,train,1253,1012
1254,train,1254,1013
1255,train,1255,1014
1256,train,1256,1015
1258,train,1258,1017
1259,train,1258,1018
1263,train,1263,1022
1267,train,1267,1025
1270,train,787,1027
1271,train,1271,1028
1272,train,1272,1029
1273,train,1273,1030
1274,train,738,1031
1276,train,1276,1033
1277,train,1277,1034
1280,train,307,1036
1282,train,1282,1038
1283,train,1283,1039
1284,train,1284,1040
1290,train,1290,1045
1295,train,1295,1048
1297,train,1297,1050
1298,train,1297,1051
1299,train,1299,1052
1300,train,1300,1053
1301,train,1301,1054
1303,train,1303,1056
1304,train,1304,1057
1305,train,1305,1058
1306,train,1306,1059
1308,train,1308,1061
1309,train,1309,1062
1312,train,1312,1065
1313,train,1313,1066
1314,train,1314,1067
1316,train,1316,1069
1317,train,1316,1070
1318,train,1312,1071
1319,train,1319,1072
1321,train,1139,1074
1322,train,47,1075
1323,train,486,1076
1324,train,1324,1077
1328,train,1328,1080
1332,train,1332,1084
1334,train,1334,1086
1336,train,1336,1088
1338,train,1338,1090
1339,train,1339,1091
1343,train,1343,1095
1346,train,1346,1098
1347,train,1347,1099
1348,train,376,1100
1349,train,1349,1101
1351,train,1351,1102
1352,train,1352,1103
1355,train,1355,1106
1362,train,1362,1111
1363,train,1363,1112
1364,train,1364,1113
1366,train,1366,1115
1367,train,1367,1116
1368,train,1368,1117
1369,train,1369,1118
1370,train,1370,1119
1375,train,1375,1123
1377,train,1377,1124
1378,train,1378,1125
1380,train,1380,1127
1383,train,1383,1130
1385,train,1361,1131
1386,train,1386,1132
1389,train,1362,1135
1391,train,1391,1137
1393,train,1393,1139
1394,train,1394,1140
1395,train,423,1141
1397,train,1397,1143
1398,train,1398,1144
1399,train,1399,1145
1401,train,1401,1146
1403,train,1403,1148
1404,train,1404,1149
1405,train,627,1150
1406,train,627,1151
1408,train,22,1153
1411,train,1411,1155
1412,train,1412,1156
1417,train,790,1160
1418,train,1418,1161
1419,train,1419,1162
1423,train,1423,1165
1424,train,627,1166
1425,train,627,1167
1426,train,1426,1168
1427,train,898,1169
1428,train,810,1170
1429,train,623,1171
1430,train,1430,1172
1433,train,726,1175
1434,train,726,1176
1435,train,1435,1177
1436,train,1436,1178
1437,train,28,1179
1438,train,1438,1180
1442,train,1442,1184
1444,train,1444,1186
1447,train,1170,1189
1448,train,28,1190
1449,train,1449,1191
1450,train,1450,1192
1452,train,1452,1194
1453,train,1453,1195
1454,train,1454,1196
1457,train,1451,1199
1459,train,811,1201
1460,train,1460,1202
1461,train,1461,1203
1464,train,1464,1206
1466,train,1466,1207
1468,train,1468,1209
1469,train,1469,1210
1470,train,1470,1211
1472,train,1472,1213
1475,train,1475,1215
1476,train,1476,1216
1479,train,1479,1218
1480,train,1480,1219
1481,train,1481,1220
1486,train,1486,1225
1488,train,1488,1227
1490,train,1490,1229
1491,train,1491,1230
1492,train,1492,1231
1494,train,1494,1233
1496,train,1297,1234
1498,train,763,1236
1499,train,1499,1237
1501,train,456,1239
1502,train,1502,1240
1506,train,1506,1243
1508,train,299,1244
1512,train,1512,1246
1516,train,1516,1249
1517,train,1517,1250
1518,train,28,1251
1519,train,1519,1252
1521,train,1521,1254
1523,train,1523,1256
1526,train,1526,1257
1528,train,1528,1259
1529,train,1446,1260
1530,train,1530,1261
1531,train,1531,1262
1532,train,1466,1263
1533,train,1533,1264
1534,train,1534,1265
1538,train,1538,1268
1539,train,566,1269
1541,train,1541,1270
1542,train,1109,1271
1543,train,1109,1272
1544,train,1109,1273
1545,train,1545,1274
1546,train,811,1275
1548,train,1548,1277
1551,train,620,1280
1552,train,440,1281
1554,train,1554,1283
1557,train,796,1285
1559,train,1559,1287
1560,train,1560,1288
1563,train,1397,1291
1565,train,284,1292
1567,train,1567,1293
1571,train,1571,1296
1573,train,1573,1298
1579,train,1579,1302
1580,train,1580,1303
1581,train,1581,1304
1583,train,210,1306
1586,train,47,1308
1587,train,1587,1309
1588,train,1588,1310
1589,train,1589,1311
1592,train,1592,1314
1593,train,1593,1315
1594,train,1594,1316
1595,train,1595,1317
1596,train,1596,1318
1598,train,1598,1320
1599,train,1599,1321
1601,train,1601,1323
1602,train,1602,1324
1604,train,1604,1325
1607,train,1607,1327
1608,train,1607,1328
1610,train,1610,1329
1612,train,842,1331
1613,train,94,1332
1614,train,1614,1333
1615,train,94,1334
1617,train,957,1336
1618,train,1618,1337
1619,train,1619,1338
1620,train,1620,1339
1627,train,1627,1341
1629,train,16,1343
1630,train,1630,1344
1632,train,1632,1346
1633,train,1633,1347
1634,train,1634,1348
1636,train,1636,1349
1638,train,1638,1350
1641,train,1641,1352
1645,train,1645,1356
1646,train,1646,1357
1648,train,1648,1358
1649,train,842,1359
1650,train,1650,1360
1651,train,1460,1361
1653,train,1653,1362
1654,train,1654,1363
1655,train,1655,1364
1656,train,1656,1365
1658,train,1658,1366
1659,train,218,1367
1660,train,1660,1368
1662,train,1662,1370
1663,train,1333,1371
1665,train,1665,1373
1666,train,1666,1374
1672,train,1672,1380
1673,train,1673,1381
1674,train,1674,1382
1675,train,1675,1383
1676,train,1676,1384
1677,train,1677,1385
1680,train,1680,1387
1681,train,1681,1388
1682,train,1682,1389
1684,train,1684,1391
1685,train,1685,1392
1686,train,1644,1393
1689,train,1644,1396
1690,train,1685,1397
1691,train,1691,1398
1692,train,1692,1399
1698,train,1308,1403
1699,train,1699,1404
1700,train,1700,1405
1702,train,1702,1406
1703,train,1703,1407
1704,train,1704,1408
1706,train,1706,1410
1708,train,1705,1412
1711,train,1711,1415
1713,train,1709,1416
1715,train,1715,1418
1717,train,1717,1420
1718,train,1718,1421
1719,train,1719,1422
1723,train,1723,1426
1724,train,1724,1427
1725,train,105,1428
1726,train,1726,1429
1728,train,799,1431
1729,train,1285,1432
1730,train,1730,1433
1731,train,1731,1434
1732,train,1732,1435
1733,train,1733,1436
1736,train,1627,1438
1740,train,1740,1442
1741,train,1741,1443
1744,train,1744,1446
1747,train,1687,1448
1748,train,1748,1449
1749,train,1749,1450
1750,train,1750,1451
1751,train,1751,1452
1752,train,1752,1453
1755,train,1755,1456
1757,train,1066,1458
1758,train,881,1459
1763,train,1762,1463
1764,train,1764,1464
1768,train,1186,1467
1769,train,1769,1468
1771,train,1771,1470
1772,train,1772,1471
1774,train,1774,1473
1776,train,47,1475
1778,train,1778,1476
1779,train,1522,1477
1781,train,230,1479
1782,train,1782,1480
1783,train,1783,1481
1784,train,1784,1482
1785,train,1785,1483
1786,train,1786,1484
1787,train,1786,1485
1788,train,1788,1486
1789,train,834,1487
1792,train,1792,1490
1793,train,1793,1491
1796,train,1796,1494
1797,train,1797,1495
1798,train,1798,1496
1799,train,1799,1497
1800,train,1800,1498
1802,train,1802,1500
1803,train,1803,1501
1808,train,1808,1504
1809,train,1809,1505
1810,train,1810,1506
1811,train,1811,1507
1812,train,1492,1508
1813,train,881,1509
1814,train,1814,1510
1815,train,1815,1511
1817,train,1817,1513
1819,train,1819,1514
1820,train,1820,1515
1821,train,1821,1516
1822,train,1822,1517
1825,train,1825,1520
1826,train,1826,1521
1827,train,1827,1522
1833,train,1833,1526
1834,train,1834,1527
1835,train,1835,1528
1836,train,1836,1529
1838,train,1838,1531
1839,train,1839,1532
1840,train,1840,1533
1845,train,1797,1537
1846,train,1796,1538
1847,train,1847,1539
1850,train,1849,1542
1852,train,1852,1544
1854,train,1854,1546
1855,train,1855,1547
1858,train,1858,1549
1860,train,763,1551
1864,train,1864,1553
1865,train,1786,1554
1866,train,1866,1555
1867,train,1867,1556
1871,train,1871,1560
1872,train,1066,1561
1875,train,1875,1564
1876,train,1876,1565
1878,train,1878,1567
1879,train,1879,1568
1880,train,1880,1569
1881,train,1881,1570
1882,train,1882,1571
1884,train,1884,1572
1887,train,1887,1574
1889,train,1889,1575
1890,train,1890,1576
1891,train,1796,1577
1895,train,1895,1580
1897,train,1897,1582
1899,train,1899,1583
1900,train,1900,1584
1903,train,1903,1586
1906,train,1906,1589
1907,train,47,1590
1909,train,1909,1592
1910,train,1074,1593
1911,train,1911,1594
1912,train,1912,1595
1913,train,1913,1596
1914,train,1914,1597
1915,train,1915,1598
1916,train,1916,1599
1917,train,1917,1600
1918,train,1284,1601
1919,train,1284,1602
1920,train,1797,1603
1921,train,1921,1604
1922,train,1922,1605
1924,train,1100,1607
1926,train,1926,1609
1931,train,1931,1611
1932,train,1932,1612
1936,train,1936,1615
1938,train,1938,1617
1939,train,1939,1618
1941,train,1097,1620
1943,train,1903,1622
1944,train,1944,1623
1948,train,1948,1626
1949,train,1949,1627
1952,train,1952,1630
1954,train,1675,1632
1955,train,1955,1633
1956,train,482,1634
1958,train,1958,1636
1961,train,1961,1639
1962,train,1962,1640
1964,train,1964,1642
1965,train,1958,1643
1966,train,1966,1644
1967,train,1842,1645
1970,train,1970,1647
1971,train,1971,1648
1975,train,1975,1651
1979,train,1979,1654
1981,train,1981,1656
1982,train,1982,1657
1983,train,1983,1658
1985,train,47,1659
1987,train,1987,1661
1989,train,1989,1663
1990,train,1990,1664
1993,train,1993,1666
1995,train,1995,1668
1996,train,1996,1669
1997,train,1997,1670
2000,train,2000,1673
2001,train,811,1674
2006,train,2006,1676
2008,train,2008,1678
2009,train,1300,1679
2010,train,2010,1680
2011,train,2011,1681
2012,train,2012,1682
2013,train,2013,1683
2015,train,196,1685
2016,train,2016,1686
2018,train,2018,1688
2022,train,2021,1692
2025,train,2025,1695
2027,train,2027,1696
2032,train,2032,1700
2036,train,2027,1704
2037,train,2028,1705
2038,train,2029,1706
2040,train,2040,1707
2046,train,2046,1711
2047,train,2045,1712
2048,train,2048,1713
2049,train,33,1714
2050,train,221,1715
2054,train,799,1717
2056,train,2056,1718
2060,train,2060,1720
2062,train,2062,1722
2063,train,2063,1723
2067,train,2067,1727
2070,train,2070,1730
2071,train,2071,1731
2073,train,2073,1732
2075,train,2075,1733
2076,train,2076,1734
2077,train,2077,1735
2078,train,1300,1736
2079,train,2079,1737
2080,train,1963,1738
2082,train,2082,1740
2084,train,2084,1742
2085,train,2085,1743
2087,train,2087,1745
2088,train,2088,1746
2089,train,2089,1747
2090,train,1932,1748
2092,train,2092,1749
2094,train,2092,1751
2095,train,1859,1752
2096,train,2092,1753
2102,train,2102,1755
2104,train,1805,1757
2105,train,2105,1758
2106,train,1805,1759
2107,train,2107,1760
2108,train,2108,1761
2109,train,1217,1762
2110,train,1741,1763
2111,train,2111,1764
2113,train,2113,1765
2115,train,2115,1767
2116,train,2116,1768
2118,train,2118,1770
2122,train,2122,1772
2126,train,2126,1774
2127,train,789,1775
2128,train,2125,1776
2129,train,789,1777
2132,train,2132,1779
2134,train,763,1780
2135,train,2125,1781
2136,train,2136,1782
2137,train,63,1783
2138,train,2138,1784
2139,train,2139,1785
2140,train,1868,1786
2142,train,738,1788
2143,train,738,1789
2144,train,1088,1790
2145,train,1066,1791
2146,train,2146,1792
2147,train,2147,1793
2149,train,2149,1795
2153,train,2153,1798
2154,train,1826,1799
2156,train,2156,1801
2157,train,2157,1802
2159,train,2159,1804
2160,train,2082,1805
2161,train,2161,1806
2164,train,2164,1809
2165,train,2161,1810
2166,train,2166,1811
2167,train,2167,1812
2168,train,2168,1813
2170,train,2170,1815
2172,train,1797,1817
2173,train,142,1818
2178,train,2178,1821
2180,train,2180,1822
2181,train,2181,1823
2182,train,2182,1824
2185,train,2185,1826
2186,train,2186,1827
2188,train,2188,1829
2189,train,2189,1830
2195,train,2195,1834
2196,train,2196,1835
2198,train,2198,1837
2199,train,2199,1838
2205,train,2205,1842
2208,train,2208,1845
2211,train,2211,1848
2212,train,2212,1849
2213,train,2213,1850
2216,train,2216,1853
2220,train,142,1856
2221,train,2221,1857
2222,train,2222,1858
2223,train,2223,1859
2224,train,2224,1860
2227,train,2227,1862
2229,train,2229,1863
2232,train,2232,1865
2234,train,2181,1867
2235,train,2235,1868
2236,train,2236,1869
2237,train,2237,1870
2239,train,2239,1872
2242,train,2242,1875
2244,train,2244,1877
2248,train,2248,1881
2252,train,2252,1885
2254,train,2253,1887
2256,train,2256,1889
2258,train,1387,1891
2259,train,2259,1892
2261,train,2255,1894
2262,train,2262,1895
2263,train,2263,1896
2264,train,2264,1897
2265,train,2265,1898
2267,train,2267,1900
2268,train,2268,1901
2269,train,2269,1902
2271,train,2271,1904
2272,train,947,1905
2273,train,2273,1906
2276,train,2276,1908
2277,train,1387,1909
2278,train,2278,1910
2282,train,2282,1914
2283,train,2283,1915
2292,train,2292,1921
2293,train,2293,1922
2294,train,2294,1923
2295,train,2295,1924
2296,train,2296,1925
2297,train,2297,1926
2299,train,2299,1928
2301,train,2301,1929
2304,train,475,1932
2305,train,2305,1933
2308,train,2308,1936
2311,train,2311,1939
2313,train,1530,1941
2315,train,2315,1943
2316,train,2316,1944
2318,train,734,1946
2321,train,2321,1948
2322,train,2322,1949
2324,train,2324,1950
2328,train,2328,1954
2329,train,2329,1955
2330,train,2330,1956
2332,train,2332,1958
2333,train,2332,1959
2334,train,2334,1960
2336,train,2336,1962
2337,train,2337,1963
2340,train,2340,1966
2344,train,2344,1969
2348,train,151,1973
2349,train,2349,1974
2350,train,12,1975
2351,train,2351,1976
2353,train,1211,1977
2354,train,230,1978
2355,train,1903,1979
2359,train,1562,1982
2360,train,2360,1983
2361,train,2361,1984
2362,train,2362,1985
2364,train,2364,1986
2365,train,2365,1987
2368,train,2367,1990
2370,train,2370,1992
2372,train,2367,1994
2374,train,2221,1996
2377,train,2377,1997
2379,train,2377,1998
2381,train,2381,2000
2383,train,2383,2002
2386,train,2386,2003
2387,train,2387,2004
2388,train,2388,2005
2392,train,2392,2007
2395,train,2395,2010
2396,train,2396,2011
2397,train,2395,2012
2399,train,2399,2013
2401,train,2401,2014
2404,train,2316,2017
2407,train,2407,2019
2409,train,2409,2021
2412,train,2412,2023
2413,train,2413,2024
2416,train,1271,2027
2419,train,2419,2030
2421,train,2421,2032
2422,train,2422,2033
2425,train,2425,2035
2427,train,2427,2037
2428,train,151,2038
2429,train,151,2039
2433,train,2433,2043
2434,train,2394,2044
2437,train,2437,2047
2439,train,2395,2048
2440,train,2440,2049
2443,train,2443,2052
2444,train,2334,2053
2445,train,2334,2054
2446,train,1042,2055
2448,train,2448,2057
2449,train,2449,2058
2450,train,2450,2059
2451,train,2451,2060
2454,train,2454,2063
2455,train,151,2064
2456,train,2456,2065
2457,train,2457,2066
2458,train,2458,2067
2459,train,2459,2068
2461,train,2461,2070
2462,train,1037,2071
2463,train,2463,2072
2465,train,2465,2074
2466,train,196,2075
2467,train,122,2076
2468,train,82,2077
2469,train,1157,2078
2470,train,1036,2079
2472,train,2472,2081
2477,train,2477,2086
2482,train,2482,2088
2483,train,790,2089
2484,train,2484,2090
2488,train,2488,2094
2489,train,2489,2095
2490,train,249,2096
2491,train,307,2097
2492,train,307,2098
2495,train,2495,2101
2497,train,2497,2103
2498,train,2498,2104
2499,train,2499,2105
2501,train,2501,2107
2502,train,2502,2108
2505,train,1367,2111
2507,train,4,2113
2509,train,2509,2115
2510,train,2510,2116
2511,train,2511,2117
2515,train,2515,2118
2519,train,2519,2121
2520,train,2435,2122
2521,train,623,2123
2526,train,2526,2127
2527,train,2527,2128
2529,train,2529,2130
2533,train,2533,2133
2535,train,962,2135
2537,train,2537,2137
2538,train,1160,2138
2539,train,920,2139
2541,train,2541,2141
2543,train,2543,2142
2544,train,2544,2143
2545,train,2545,2144
2546,train,1345,2145
2548,train,2548,2146
2549,train,2548,2147
2552,train,2552,2149
2553,train,2553,2150
2557,train,1189,2153
2558,train,746,2154
2559,train,2559,2155
2560,train,2559,2156
2561,train,2559,2157
2562,train,2559,2158
2563,train,2563,2159
2565,train,2565,2161
2566,train,2565,2162
2567,train,2092,2163
2569,train,2569,2164
2570,train,2570,2165
2574,train,2574,2167
2576,train,182,2168
2579,train,221,2171
2583,train,2583,2173
2586,train,2586,2175
2589,train,2589,2178
2590,train,2590,2179
2596,train,2596,2185
2597,train,2597,2186
2600,train,2600,2188
2601,train,2559,2189
2602,train,2559,2190
2603,train,2603,2191
2604,train,2604,2192
2605,train,2605,2193
2609,train,2609,2196
2611,train,2611,2197
2612,train,2612,2198
2613,train,979,2199
2614,train,2614,2200
2616,train,2616,2202
2617,train,125,2203
2618,train,2618,2204
2620,train,2620,2205
2621,train,1672,2206
2628,train,2628,2210
2630,train,2630,2212
2633,train,2633,2215
2634,train,2633,2216
2635,train,2635,2217
2637,train,2637,2218
2639,train,2639,2220
2640,train,2640,2221
2641,train,2511,2222
2644,train,799,2225
2646,train,2646,2226
2647,train,754,2227
2650,train,2648,2230
2651,train,1827,2231
2653,train,1206,2233
2654,train,1206,2234
2655,train,1206,2235
2656,train,2656,2236
2658,train,1206,2238
2659,train,2659,2239
2660,train,2660,2240
2661,train,12,2241
2662,train,2662,2242
2663,train,790,2243
2664,train,790,2244
2665,train,1958,2245
2666,train,1299,2246
2674,train,2224,2252
2675,train,2675,2253
2676,train,2676,2254
2683,train,2683,2258
2684,train,2684,2259
2687,train,2687,2261
2690,train,2690,2263
2691,train,2691,2264
2695,train,2695,2268
2698,train,2698,2271
2699,train,1006,2272
2702,train,2702,2274
2705,train,2705,2276
2706,train,2706,2277
2711,train,2711,2281
2715,train,2715,2284
2716,train,2716,2285
2717,train,2717,2286
2720,train,2720,2288
2721,train,2721,2289
2727,train,2727,2293
2729,train,2720,2295
2730,train,2730,2296
2731,train,253,2297
2732,train,2732,2298
2743,train,790,2304
2744,train,790,2305
2746,train,790,2307
2747,train,790,2308
2748,train,790,2309
2751,train,790,2310
2752,train,790,2311
2753,train,2586,2312
2755,train,2755,2314
2756,train,2569,2315
2758,train,2758,2317
2759,train,2759,2318
2760,train,4,2319
2764,train,2764,2322
2766,train,2766,2323
2770,train,2586,2327
2772,train,2772,2329
2773,train,2648,2330
2774,train,2698,2331
2775,train,2775,2332
2776,train,2776,2333
2777,train,2692,2334
2779,train,2779,2336
2781,train,2781,2338
2782,train,2782,2339
2787,train,2787,2342
2788,train,2788,2343
2790,train,2790,2345
2791,train,2791,2346
2792,train,2792,2347
2793,train,2793,2348
2794,train,1868,2349
2795,train,2795,2350
2797,train,2797,2352
2803,train,2803,2356
2804,train,2804,2357
2805,train,2804,2358
2806,train,338,2359
2807,train,338,2360
2809,train,1046,2362
2823,train,790,2364
2824,train,790,2365
2828,train,2828,2369
2829,train,2829,2370
2830,train,2830,2371
2832,train,2832,2373
2833,train,2833,2374
2834,train,2834,2375
2835,train,2835,2376
2836,train,2836,2377
2837,train,1903,2378
2839,train,2839,2380
2842,train,1995,2383
2848,train,2848,2385
2852,train,2852,2389
2853,train,1859,2390
2854,train,2854,2391
2855,train,2855,2392
2858,train,2858,2394
2859,train,2859,2395
2860,train,1792,2396
2862,train,1796,2398
2863,train,2863,2399
2864,train,279,2400
2865,train,2865,2401
2866,train,2866,2402
2868,train,726,2403
2871,train,2871,2406
2877,train,2877,2409
2878,train,2878,2410
2879,train,323,2411
2880,train,2880,2412
2881,train,323,2413
2882,train,2882,2414
2883,train,2883,2415
2884,train,2884,2416
2888,train,2888,2418
2889,train,2889,2419
2894,train,2894,2422
2897,train,2895,2425
2899,train,2895,2427
2901,train,2895,2429
2902,train,2895,2430
2903,train,2895,2431
2905,train,2895,2433
2907,train,2907,2435
2908,train,2908,2436
2909,train,2909,2437
2911,train,2911,2439
2913,train,2913,2441
2915,train,790,2442
2916,train,2164,2443
2918,train,2164,2445
2921,train,2920,2448
2922,train,2920,2449
2923,train,2923,2450
2924,train,1916,2451
2925,train,2919,2452
2926,train,2919,2453
2927,train,2919,2454
2928,train,2928,2455
2929,train,1360,2456
2931,train,2931,2457
2932,train,2932,2458
2933,train,987,2459
2934,train,2934,2460
2936,train,2936,2462
2937,train,2937,2463
2939,train,2939,2464
2940,train,2940,2465
2943,train,2943,2468
2947,train,2947,2472
2948,train,2948,2473
2950,train,726,2475
2951,train,2660,2476
2952,train,2161,2477
2955,train,2878,2480
2958,train,2895,2483
2961,train,2961,2485
2962,train,2962,2486
2963,train,2963,2487
2964,train,2964,2488
2965,train,2964,2489
2966,train,2963,2490
2971,train,2971,2495
2973,train,2973,2496
2976,train,2565,2498
2978,train,2968,2499
2979,train,2011,2500
2980,train,2980,2501
2981,train,957,2502
2983,train,2983,2503
2988,train,2075,2505
2990,train,2990,2507
2991,train,2991,2508
2992,train,249,2509
2993,train,2993,2510
2994,train,2994,2511
2995,train,2995,2512
2998,train,2998,2514
3002,train,299,2516
3004,train,2895,2518
3007,train,1271,2521
3008,train,3008,2522
3010,train,3010,2524
3013,train,307,2526
3014,train,3014,2527
3015,train,2413,2528
3017,train,3017,2529
3020,train,973,2532
3021,train,3021,2533
3023,train,420,2535
3026,train,3022,2537
3027,train,3027,2538
3028,train,3028,2539
3031,train,3031,2541
3032,train,3032,2542
3034,train,3034,2544
3036,train,249,2546
3037,train,3037,2547
3038,train,3038,2548
3039,train,3039,2549
3040,train,230,2550
3041,train,3041,2551
3042,train,3042,2552
3043,train,3043,2553
3044,train,3044,2554
3045,train,3044,2555
3046,train,3046,2556
3047,train,3047,2557
3052,train,2386,2561
3053,train,2266,2562
3054,train,2266,2563
3057,train,3057,2566
3059,train,3059,2568
3061,train,3061,2570
3063,train,3063,2572
3064,train,3064,2573
3065,train,3065,2574
3066,train,3066,2575
3067,train,2092,2576
3068,train,3068,2577
3069,train,3069,2578
3070,train,3069,2579
3071,train,3071,2580
3073,train,2895,2581
3075,train,789,2582
3076,train,789,2583
3078,train,3078,2585
3080,train,845,2587
3081,train,845,2588
3085,train,3084,2592
3087,train,3086,2594
3088,train,3088,2595
3089,train,3089,2596
3090,train,3090,2597
3092,train,3092,2599
3095,train,3095,2602
3097,train,3097,2604
3098,train,1868,2605
3099,train,1868,2606
3100,train,3100,2607
3102,train,3102,2609
3103,train,3103,2610
3104,train,1826,2611
3105,train,1826,2612
3106,train,3089,2613
3108,train,3108,2615
3109,train,3109,2616
3110,train,3086,2617
3111,train,3111,2618
3112,train,3112,2619
3114,train,3114,2621
3115,train,3115,2622
3117,train,249,2623
3118,train,249,2624
3119,train,249,2625
3120,train,249,2626
3122,train,249,2628
3123,train,1853,2629
3124,train,3108,2630
3125,train,3125,2631
3126,train,182,2632
3127,train,3127,2633
3130,train,3130,2636
3131,train,1454,2637
3133,train,2226,2638
3134,train,3134,2639
3135,train,3135,2640
3137,train,449,2642
3138,train,3138,2643
3139,train,3139,2644
3140,train,3140,2645
3150,train,3150,2651
3151,train,3151,2652
3152,train,3151,2653
3156,train,659,2656
3157,train,659,2657
3158,train,659,2658
3160,train,659,2659
3161,train,659,2660
3162,train,3162,2661
3163,train,3163,2662
3164,train,3164,2663
3170,train,3170,2665
3171,train,3169,2666
3172,train,3172,2667
3173,train,3172,2668
3174,train,1983,2669
3177,train,3177,2672
3178,train,20,2673
3180,train,3180,2675
3182,train,3182,2677
3184,train,3184,2679
3185,train,603,2680
3186,train,659,2681
3187,train,659,2682
3189,train,3189,2684
3191,train,3191,2685
3192,train,3192,2686
3195,train,3195,2689
3199,train,3199,2692
3201,train,3201,2694
3202,train,3202,2695
3203,train,3203,2696
3204,train,3203,2697
3205,train,2306,2698
3206,train,3206,2699
3209,train,3209,2702
3211,train,3210,2704
3212,train,3210,2705
3214,train,3214,2707
3215,train,1730,2708
3216,train,3216,2709
3217,train,3217,2710
3224,train,3224,2713
3225,train,3225,2714
3226,train,3226,2715
3227,train,3227,2716
3229,train,3229,2717
3232,train,3232,2720
3234,train,3234,2722
3235,train,1466,2723
3236,train,108,2724
3239,train,2305,2726
3240,train,659,2727
3241,train,3241,2728
3245,train,3245,2732
3246,train,3246,2733
3247,train,3247,2734
3249,train,3249,2735
3250,train,3249,2736
3251,train,2157,2737
3252,train,3252,2738
3254,train,3254,2740
3257,train,3257,2742
3259,train,3259,2744
3263,train,3263,2748
3264,train,3264,2749
3265,train,3265,2750
3266,train,3266,2751
3267,train,3267,2752
3268,train,3268,2753
3269,train,3269,2754
3271,train,2027,2755
3273,train,3273,2757
3276,train,1046,2760
3277,train,142,2761
3280,train,3280,2763
3281,train,1134,2764
3288,train,3288,2768
3290,train,22,2769
3294,train,1109,2770
3295,train,3295,2771
3297,train,3297,2772
3298,train,1036,2773
3300,train,3300,2775
3301,train,3301,2776
3302,train,3302,2777
3304,train,3304,2779
3305,train,3305,2780
3306,train,3306,2781
3308,train,3308,2783
3309,train,125,2784
3311,train,3144,2786
3312,train,3312,2787
3314,train,3314,2788
3315,train,3314,2789
3316,train,3314,2790
3317,train,3314,2791
3321,train,3321,2794
3323,train,3322,2796
3324,train,3322,2797
3325,train,3325,2798
3326,train,3325,2799
3327,train,3327,2800
3329,train,3329,2802
3332,train,122,2805
3333,train,3333,2806
3334,train,2295,2807
3335,train,3335,2808
3336,train,3335,2809
3337,train,3337,2810
3338,train,1626,2811
3339,train,1626,2812
3341,train,3341,2814
3342,train,3342,2815
3343,train,3343,2816
3346,train,3325,2819
3347,train,3347,2820
3348,train,3348,2821
3353,train,3353,2824
3355,train,3322,2825
3358,train,3325,2827
3359,train,3359,2828
3360,train,1504,2829
3361,train,3361,2830
3370,train,3370,2837
3374,train,2989,2838
3375,train,1366,2839
3376,train,3376,2840
3377,train,3377,2841
3378,train,3378,2842
3380,train,659,2844
3382,train,3382,2845
3385,train,3385,2848
3386,train,3386,2849
3387,train,3387,2850
3389,train,3389,2852
3392,train,3392,2854
3393,train,3393,2855
3395,train,3395,2856
3396,train,3150,2857
3397,train,3397,2858
3398,train,1164,2859
3399,train,3399,2860
3401,train,3401,2862
3402,train,3402,2863
3403,train,3403,2864
3405,train,3405,2866
3408,train,3408,2868
3409,train,3409,2869
3411,train,3411,2871
3413,train,3413,2873
3416,train,3415,2876
3417,train,3417,2877
3418,train,2361,2878
3421,train,152,2881
3423,train,3423,2883
3424,train,3424,2884
3425,train,3425,2885
3428,train,3428,2887
3430,train,2962,2888
3431,train,3431,2889
3432,train,3432,2890
3437,train,2586,2895
3438,train,3202,2896
3440,train,3202,2898
3441,train,3441,2899
3443,train,3443,2900
3444,train,3444,2901
3445,train,3445,2902
3446,train,3446,2903
3449,train,3449,2906
3450,train,3450,2907
3453,train,3453,2910
3454,train,3454,2911
3456,train,3456,2912
3458,train,3458,2914
3463,train,3463,2919
3464,train,3464,2920
3465,train,3464,2921
3466,train,3466,2922
3467,train,3467,2923
3469,train,1398,2925
3470,train,3470,2926
3471,train,3471,2927
3472,train,2919,2928
3473,train,999,2929
3476,train,3476,2932
3478,train,3478,2934
3481,train,3481,2937
3482,train,674,2938
3485,train,3485,2941
3486,train,979,2942
3489,train,3489,2944
3493,train,3493,2947
3494,train,3494,2948
3495,train,3495,2949
3497,train,3497,2951
3499,train,2332,2953
3500,train,1653,2954
3501,train,3501,2955
3503,train,3503,2957
3504,train,3504,2958
3506,train,3506,2960
3508,train,3508,2961
3509,train,3509,2962
3510,train,3510,2963
3511,train,3505,2964
3512,train,3512,2965
3514,train,3514,2967
3516,train,3516,2969
3521,train,3521,2974
3522,train,3522,2975
3523,train,3523,2976
3524,train,3524,2977
3527,train,3527,2979
3528,train,2361,2980
3530,train,3530,2982
3531,train,2206,2983
3535,train,1285,2986
3536,train,3536,2987
3540,train,122,2990
3541,train,3384,2991
3542,train,338,2992
3543,train,51,2993
3545,train,3545,2995
3549,train,3549,2998
3550,train,3550,2999
3551,train,842,3000
3552,train,3552,3001
3553,train,357,3002
3554,train,3554,3003
3556,train,1106,3005
3557,train,3557,3006
3558,train,3558,3007
3559,train,3559,3008
3561,train,16,3010
3562,train,2894,3011
3566,train,3387,3014
3568,train,3568,3016
3569,train,3568,3017
3570,train,3570,3018
3573,train,3568,3020
3574,train,3314,3021
3575,train,3575,3022
3576,train,3576,3023
3577,train,3577,3024
3579,train,3579,3026
3580,train,3580,3027
3581,train,3579,3028
3582,train,3579,3029
3586,train,3586,3031
3593,train,3593,3035
3597,train,149,3039
3598,train,3598,3040
3599,train,2454,3041
3604,train,3604,3044
3605,train,3605,3045
3606,train,3606,3046
3607,train,3607,3047
3608,train,3608,3048
3610,train,3610,3049
3611,train,3611,3050
3612,train,3612,3051
3613,train,3613,3052
3614,train,3614,3053
3616,train,253,3054
3618,train,3618,3055
3622,train,3622,3058
3624,train,3624,3060
3627,train,3260,3061
3628,train,1186,3062
3631,train,882,3065
3632,train,3632,3066
3636,train,1099,3069
3642,train,3642,3072
3644,train,3644,3074
3645,train,3645,3075
3647,train,3647,3077
3648,train,3648,3078
3650,train,1868,3080
3657,train,1451,3082
3660,train,3660,3083
3662,train,3662,3085
3663,train,3663,3086
3664,train,3664,3087
3665,train,3665,3088
3666,train,819,3089
3668,train,3668,3091
3670,train,1162,3093
3671,train,248,3094
3675,train,3675,3098
3676,train,1398,3099
3677,train,3677,3100
3679,train,3679,3102
3680,train,3680,3103
3681,train,3681,3104
3683,train,3683,3106
3686,train,3686,3108
3692,train,3691,3112
3694,train,3694,3114
3697,train,3415,3116
3698,train,3698,3117
3699,train,3699,3118
3701,train,3701,3120
3702,train,3702,3121
3704,train,210,3123
3706,train,3706,3125
3709,train,3709,3126
3710,train,1826,3127
3712,train,3712,3129
3714,train,3714,3131
3715,train,3715,3132
3716,train,3716,3133
3717,train,3717,3134
3718,train,420,3135
3719,train,2676,3136
3720,train,3720,3137
3724,train,3724,3140
3725,train,3725,3141
3727,train,3727,3143
3728,train,3728,3144
3729,train,3729,3145
3730,train,3730,3146
3731,train,3731,3147
3732,train,3732,3148
3733,train,3733,3149
3737,train,3737,3152
3738,train,3738,3153
3740,train,3740,3155
3741,train,3725,3156
3745,train,3745,3160
3746,train,3746,3161
3747,train,3747,3162
3752,train,1785,3165
3754,train,3754,3167
3755,train,3755,3168
3756,train,3756,3169
3757,train,1133,3170
3758,train,3758,3171
3760,train,709,3173
3761,train,3761,3174
3762,train,3762,3175
3764,train,3764,3177
3765,train,3765,3178
3768,train,3768,3180
3772,train,3772,3182
3773,train,3773,3183
3776,train,848,3186
3777,train,3777,3187
3778,train,3778,3188
3779,train,3779,3189
3780,train,3780,3190
3781,train,3781,3191
3782,train,3782,3192
3785,train,3785,3194
3787,train,3787,3196
3788,train,3788,3197
3789,train,3789,3198
3790,train,3790,3199
3791,train,1174,3200
3793,train,3793,3202
3794,train,3794,3203
3795,train,3795,3204
3796,train,3796,3205
3797,train,1100,3206
3799,train,3799,3207
3801,train,3801,3209
3802,train,3802,3210
3803,train,3803,3211
3804,train,3804,3212
3805,train,3805,3213
3808,train,3808,3215
3809,train,3809,3216
3811,train,3811,3218
3815,train,3815,3221
3819,train,3819,3224
3820,train,2527,3225
3822,train,3822,3227
3824,train,3824,3229
3827,train,3827,3231
3828,train,3828,3232
3829,train,3829,3233
3830,train,3830,3234
3833,train,3833,3236
3834,train,3834,3237
3836,train,3836,3239
3837,train,3837,3240
3838,train,3837,3241
3839,train,3839,3242
3840,train,3837,3243
3841,train,3841,3244
3842,train,3325,3245
3845,train,3325,3248
3846,train,3846,3249
3847,train,3847,3250
3848,train,3847,3251
3849,train,3849,3252
3851,train,3325,3254
3852,train,2332,3255
3853,train,3853,3256
3854,train,3853,3257
3857,train,3857,3259
3862,train,3325,3264
3864,train,3325,3266
3866,train,3325,3268
3867,train,3325,3269
3869,train,3846,3271
3870,train,3870,3272
3872,train,3870,3273
3873,train,3325,3274
3874,train,3874,3275
3878,train,3325,3278
3879,train,3879,3279
3882,train,3882,3281
3883,train,3883,3282
3884,train,973,3283
3885,train,3325,3284
3886,train,3325,3285
3892,train,3892,3289
3894,train,3894,3291
3895,train,3325,3292
3897,train,2067,3294
3899,train,3899,3296
3900,train,3900,3297
3901,train,3901,3298
3903,train,1283,3300
3904,train,3904,3301
3905,train,2437,3302
3908,train,3908,3305
3909,train,3909,3306
3911,train,3911,3308
3912,train,3912,3309
3914,train,3914,3311
3915,train,3915,3312
3916,train,3916,3313
3917,train,3917,3314
3921,train,3921,3318
3924,train,3924,3320
3925,train,3925,3321
3926,train,3926,3322
3928,train,3928,3324
3930,train,3928,3326
3931,train,3931,3327
3932,train,1,3328
3936,train,3415,3331
3937,train,3937,3332
3939,train,3939,3334
3941,train,3941,3336
3943,train,1916,3338
3944,train,3944,3339
3946,train,1916,3341
3947,train,3947,3342
3948,train,3948,3343
3951,train,3951,3346
3952,train,3952,3347
3953,train,3953,3348
3955,train,3955,3350
3956,train,3956,3351
3957,train,3957,3352
3958,train,30,3353
3960,train,3960,3355
3962,train,3951,3357
3964,train,3964,3359
3965,train,3965,3360
3966,train,22,3361
3967,train,3967,3362
3970,train,3970,3364
3972,train,1664,3366
3975,train,3975,3368
3976,train,3976,3369
3977,train,3977,3370
3979,train,3979,3372
3981,train,3981,3374
3982,train,3982,3375
3983,train,2164,3376
3984,train,3984,3377
3985,train,3985,3378
3988,train,3988,3380
3990,train,3990,3381
3991,train,3991,3382
3996,train,3996,3386
3997,train,3997,3387
4003,train,2920,3391
4005,train,4005,3393
4014,train,682,3400
4017,train,4017,3403
4018,train,4018,3404
4020,train,2092,3406
4022,train,2102,3407
4023,train,2092,3408
4024,train,4024,3409
4026,train,4026,3411
4027,train,4027,3412
4028,train,4028,3413
4029,train,4029,3414
4031,train,4031,3416
4032,train,4032,3417
4034,train,4034,3419
4035,train,4035,3420
4036,train,2435,3421
4037,train,4037,3422
4039,train,4039,3424
4045,train,4045,3427
4049,train,4049,3430
4052,train,4052,3432
4056,train,4056,3436
4058,train,4058,3438
4059,train,1961,3439
4060,train,4060,3440
4062,train,1300,3442
4065,train,4065,3445
4072,train,4072,3451
4073,train,4073,3452
4074,train,726,3453
4077,train,4077,3456
4080,train,738,3457
4081,train,3711,3458
4082,train,4082,3459
4085,train,4085,3461
4087,train,4087,3463
4088,train,4088,3464
4089,train,3210,3465
4091,train,970,3466
4094,train,3169,3468
4095,train,4095,3469
4097,train,4097,3471
4098,train,4098,3472
4099,train,2781,3473
4101,train,4101,3474
4102,train,4102,3475
4103,train,4103,3476
4105,train,4105,3478
4106,train,4106,3479
4107,train,726,3480
4109,train,4109,3482
4111,train,4111,3484
4112,train,4112,3485
4113,train,704,3486
4114,train,4114,3487
4115,train,4115,3488
4116,train,4116,3489
4117,train,3169,3490
4121,train,462,3492
4122,train,4122,3493
4123,train,4123,3494
4124,train,4124,3495
4127,train,4127,3498
4128,train,4128,3499
4129,train,4129,3500
4130,train,4129,3501
4136,train,4136,3506
4137,train,4136,3507
4138,train,2791,3508
4142,train,4142,3512
4143,train,4129,3513
4145,train,4145,3515
4148,train,4148,3518
4152,train,4152,3522
4154,train,4154,3523
4156,train,1209,3525
4158,train,1454,3527
4159,train,4159,3528
4160,train,4160,3529
4161,train,4161,3530
4163,train,4163,3531
4169,train,4169,3535
4171,train,4171,3536
4174,train,4174,3539
4175,train,4175,3540
4178,train,3224,3543
4179,train,3224,3544
4184,train,799,3547
4187,train,4187,3549
4189,train,4187,3551
4190,train,4186,3552
4191,train,4191,3553
4192,train,4191,3554
4193,train,4191,3555
4195,train,4195,3557
4196,train,310,3558
4197,train,3210,3559
4199,train,3210,3561
4200,train,4200,3562
4201,train,4201,3563
4206,train,4206,3568
4207,train,4207,3569
4208,train,4208,3570
4209,train,4209,3571
4210,train,4210,3572
4213,train,4213,3574
4215,train,881,3576
4216,train,4216,3577
4217,train,4217,3578
4218,train,4218,3579
4220,train,4220,3581
4222,train,4222,3583
4223,train,4223,3584
4225,train,4221,3586
4226,train,4226,3587
4229,train,1664,3589
4230,train,2437,3590
4233,train,4231,3593
4234,train,4231,3594
4237,train,4231,3597
4238,train,4238,3598
4243,train,4243,3603
4244,train,4244,3604
4245,train,4245,3605
4246,train,4246,3606
4247,train,4246,3607
4248,train,4246,3608
4249,train,4249,3609
4250,train,4250,3610
4251,train,4251,3611
4254,train,4254,3614
4255,train,4255,3615
4256,train,4256,3616
4257,train,3412,3617
4258,train,4095,3618
4259,train,4259,3619
4260,train,4260,3620
4261,train,4261,3621
4263,train,4263,3623
4270,train,3924,3630
4273,train,3837,3631
4276,train,4276,3632
4277,train,4277,3633
4282,train,4282,3637
4285,train,3649,3638
4286,train,406,3639
4287,train,3728,3640
4289,train,4289,3642
4291,train,4291,3643
4292,train,3172,3644
4294,train,4294,3646
4295,train,4295,3647
4298,train,4298,3650
4299,train,51,3651
4300,train,4300,3652
4301,train,4005,3653
4302,train,4302,3654
4303,train,4005,3655
4305,train,4005,3657
4307,train,4005,3659
4308,train,4308,3660
4310,train,4005,3662
4312,train,4312,3664
4313,train,4312,3665
4325,train,4325,3671
4327,train,4306,3673
4328,train,4328,3674
4329,train,279,3675
4331,train,279,3677
4332,train,4332,3678
4333,train,3134,3679
4334,train,4334,3680
4335,train,4335,3681
4337,train,4336,3683
4338,train,4338,3684
4343,train,1161,3685
4344,train,4344,3686
4348,train,4348,3688
4353,train,4353,3690
4355,train,613,3692
4366,train,4345,3697
4367,train,4367,3698
4374,train,4374,3701
4375,train,4375,3702
4381,train,4381,3704
4384,train,4384,3707
4385,train,4384,3708
4390,train,4390,3711
4393,train,1661,3712
4399,train,4399,3713
4400,train,4231,3714
4403,train,4403,3715
4404,train,4404,3716
4405,train,3064,3717
4406,train,3649,3718
4407,train,4407,3719
4408,train,4408,3720
4409,train,4409,3721
4410,train,4336,3722
4412,train,4412,3723
4413,train,4413,3724
4416,train,454,3726
4417,train,4417,3727
4419,train,4419,3728
4421,train,4421,3729
4422,train,4422,3730
4423,train,4422,3731
4424,train,3590,3732
4426,train,4426,3734
4427,train,4427,3735
4429,train,4429,3737
4430,train,4430,3738
4431,train,4404,3739
4432,train,4404,3740
4434,train,4434,3741
4436,train,4436,3743
4437,train,4437,3744
4441,train,4441,3747
4442,train,4426,3748
4445,train,4445,3751
4449,train,4449,3754
4451,train,1618,3756
4455,train,4455,3758
4456,train,4456,3759
4457,train,4457,3760
4458,train,2330,3761
4459,train,4459,3762
4461,train,4461,3764
4463,train,4413,3765
4464,train,4464,3766
4465,train,4465,3767
4466,train,4466,3768
4468,train,4467,3770
4470,train,4467,3772
4471,train,4471,3773
4472,train,4472,3774
4473,train,4413,3775
4474,train,4474,3776
4476,train,4476,3777
4477,train,4477,3778
4478,train,4478,3779
4479,train,4479,3780
4481,train,4481,3782
4483,train,4483,3784
4491,train,2102,3785
4495,train,4495,3788
4496,train,966,3789
4497,train,4497,3790
4501,train,4501,3793
4502,train,4502,3794
4503,train,734,3795
4504,train,2208,3796
4506,train,4506,3797
4507,train,4507,3798
4508,train,4508,3799
4509,train,4509,3800
4510,train,249,3801
4512,train,4512,3802
4513,train,4513,3803
4514,train,4231,3804
4515,train,4515,3805
4516,train,4515,3806
4517,train,4517,3807
4518,train,738,3808
4520,train,4443,3810
4522,train,4522,3811
4523,train,4523,3812
4524,train,4524,3813
4525,train,82,3814
4527,train,4527,3816
4530,train,4530,3817
4531,train,4531,3818
4533,train,4533,3820
4534,train,218,3821
4535,train,4535,3822
4537,train,4537,3823
4538,train,801,3824
4541,train,4541,3825
4542,train,4542,3826
4546,train,4546,3829
4547,train,4547,3830
4550,train,4550,3832
4551,train,4551,3833
4552,train,4550,3834
4554,train,4551,3836
4557,train,4551,3839
4558,train,4550,3840
4559,train,4553,3841
4561,train,4553,3843
4562,train,4551,3844
4563,train,4563,3845
4565,train,4302,3847
4570,train,323,3850
4572,train,4572,3852
4575,train,4072,3854
4576,train,4034,3855
4582,train,3260,3860
4584,train,4583,3862
4585,train,4583,3863
4587,train,4587,3865
4592,train,3590,3867
4594,train,4594,3869
4595,train,4595,3870
4602,train,4602,3874
4604,train,1271,3875
4605,train,4605,3876
4606,train,4606,3877
4610,train,4610,3880
4612,train,4612,3882
4613,train,4613,3883
4614,train,1285,3884
4616,train,4616,3886
4618,train,4615,3888
4619,train,4619,3889
4620,train,4620,3890
4622,train,4622,3892
4623,train,4623,3893
4629,train,4629,3897
4637,train,4637,3900
4638,train,4638,3901
4639,train,4639,3902
4640,train,4640,3903
4641,train,3793,3904
4642,train,4642,3905
4644,train,4644,3907
4645,train,4645,3908
4647,train,4476,3910
4649,train,4427,3912
4650,train,4426,3913
4651,train,4426,3914
4652,train,4426,3915
4655,train,4426,3918
4656,train,4437,3919
4659,train,4426,3922
4661,train,4426,3924
4663,train,4437,3926
4665,train,4437,3928
4666,train,4437,3929
4668,train,4437,3931
4669,train,4426,3932
4670,train,4426,3933
4671,train,4426,3934
4672,train,4437,3935
4673,train,4673,3936
4674,train,3443,3937
4675,train,4427,3938
4676,train,4426,3939
4677,train,4438,3940
4678,train,4438,3941
4680,train,4680,3942
4683,train,4426,3943
4685,train,4095,3945
4686,train,3115,3946
4689,train,845,3949
4692,train,3111,3951
4693,train,3108,3952
4694,train,4694,3953
4698,train,4698,3955
4700,train,4700,3957
4704,train,4437,3961
4705,train,4705,3962
4706,train,1579,3963
4707,train,4707,3964
4709,train,4709,3966
4710,train,4710,3967
4712,train,4712,3969
4714,train,4714,3971
4717,train,4717,3972
4720,train,4708,3975
4722,train,4605,3977
4723,train,4112,3978
4724,train,4724,3979
4728,train,1174,3983
4729,train,4729,3984
4731,train,4731,3986
4734,train,4724,3988
4735,train,4735,3989
4740,train,4740,3994
4741,train,4741,3995
4742,train,4742,3996
4743,train,4740,3997
4747,train,4112,4001
4748,train,1903,4002
4749,train,4749,4003
4760,train,2224,4011
4761,train,4761,4012
4762,train,4762,4013
4764,train,4764,4014
4765,train,4765,4015
4766,train,4766,4016
4769,train,4769,4018
4772,train,4772,4020
4773,train,1868,4021
4774,train,4774,4022
4775,train,4775,4023
4780,train,4587,4026
4781,train,4781,4027
4784,train,4784,4029
4786,train,4755,4031
4789,train,4788,4034
4791,train,4791,4036
4793,train,4793,4037
4794,train,4794,4038
4796,train,4796,4040
4797,train,4797,4041
4798,train,1931,4042
4799,train,1931,4043
4800,train,4800,4044
4803,train,4803,4046
4805,train,4788,4047
4806,train,2600,4048
4808,train,4767,4050
4809,train,4809,4051
4810,train,4810,4052
4811,train,4810,4053
4812,train,4810,4054
4813,train,2700,4055
4815,train,4815,4057
4817,train,659,4059
4822,train,4822,4063
4826,train,659,4064
4829,train,979,4067
4832,train,3100,4069
4835,train,4835,4071
4836,train,4836,4072
4838,train,4838,4074
4839,train,659,4075
4840,train,1238,4076
4841,train,4767,4077
4842,train,79,4078
4844,train,4844,4080
4845,train,917,4081
4847,train,94,4082
4848,train,4848,4083
4849,train,4849,4084
4850,train,3140,4085
4851,train,4849,4086
4854,train,4854,4089
4857,train,4854,4092
4858,train,79,4093
4863,train,4223,4096
4864,train,4218,4097
4865,train,4226,4098
4866,train,4226,4099
4867,train,4218,4100
4869,train,4218,4102
4871,train,4223,4104
4872,train,4872,4105
4873,train,4873,4106
4874,train,4874,4107
4876,train,4876,4109
4877,train,4620,4110
4878,train,4724,4111
4879,train,4879,4112
4881,train,4881,4114
4882,train,4882,4115
4883,train,4883,4116
4884,train,4884,4117
4888,train,4888,4120
4892,train,4336,4124
4893,train,4893,4125
4894,train,3426,4126
4897,train,4897,4129
4900,train,4900,4132
4901,train,4717,4133
4902,train,4708,4134
4903,train,4903,4135
4904,train,4904,4136
4905,train,4905,4137
4906,train,4906,4138
4911,train,4911,4142
4913,train,3426,4144
4914,train,4914,4145
4915,train,4915,4146
4917,train,4707,4148
4918,train,1481,4149
4921,train,4921,4151
4922,train,4922,4152
4923,train,4923,4153
4924,train,4924,4154
4931,train,4445,4158
4933,train,4933,4159
4937,train,4937,4162
4938,train,4938,4163
4940,train,4778,4164
4944,train,4944,4166
4945,train,4945,4167
4946,train,2075,4168
4947,train,1360,4169
4950,train,4950,4170
4951,train,4951,4171
4952,train,4952,4172
4959,train,2075,4176
4962,train,4962,4178
4963,train,4963,4179
4964,train,4964,4180
4965,train,4965,4181
4966,train,1126,4182
4967,train,3493,4183
4969,train,4969,4184
4970,train,4970,4185
4972,train,4972,4186
4974,train,4974,4188
4975,train,2206,4189
4976,train,2330,4190
4977,train,4977,4191
4978,train,4978,4192
4980,train,4980,4194
4982,train,3266,4195
4987,train,4445,4197
4988,train,4988,4198
4989,train,229,4199
4990,train,4990,4200
4992,train,4992,4202
4993,train,4993,4203
4996,train,122,4206
4997,train,122,4207
4999,train,122,4209
5000,train,5000,4210
5001,train,783,4211
5003,train,5003,4212
5006,train,5006,4215
5007,train,414,4216
5008,train,414,4217
5010,train,3536,4219
5011,train,3536,4220
5012,train,3536,4221
5014,train,3536,4223
5023,train,82,4229
5024,train,5024,4230
5027,train,1189,4233
5028,train,1189,4234
5034,train,5034,4239
5036,train,5036,4241
5037,train,4810,4242
5040,train,5040,4244
5042,train,5042,4246
5045,train,5045,4248
5046,train,3108,4249
5047,train,880,4250
5049,train,5049,4252
5051,train,5051,4253
5054,train,5052,4256
5059,train,5059,4261
5060,train,5060,4262
5063,train,5063,4263
5064,train,3108,4264
5065,train,5065,4265
5066,train,2695,4266
5068,train,5067,4268
5069,train,5067,4269
5071,train,2694,4271
5072,train,2694,4272
5074,train,5074,4274
5075,train,5075,4275
5077,train,5077,4276
5078,train,5078,4277
5079,train,5079,4278
5080,train,5080,4279
5081,train,5081,4280
5082,train,5081,4281
5083,train,5081,4282
5085,train,5085,4284
5089,train,5089,4287
5090,train,5090,4288
5091,train,5091,4289
5094,train,5094,4291
5095,train,3097,4292
5096,train,5096,4293
5097,train,5097,4294
5099,train,139,4295
5101,train,248,4297
5102,train,218,4298
5105,train,5105,4301
5106,train,5104,4302
5108,train,4838,4304
5109,train,5104,4305
5110,train,5110,4306
5111,train,4838,4307
5112,train,5104,4308
5113,train,4838,4309
5118,train,5118,4314
5120,train,5120,4315
5122,train,5122,4317
5124,train,5110,4319
5126,train,5126,4321
5127,train,218,4322
5129,train,5129,4324
5132,train,5132,4327
5133,train,5133,4328
5135,train,2511,4330
5136,train,5136,4331
5138,train,5138,4333
5139,train,5138,4334
5140,train,5140,4335
5143,train,5143,4338
5144,train,5144,4339
5145,train,4605,4340
5154,train,3975,4341
5155,train,5155,4342
5156,train,5156,4343
5158,train,5158,4345
5159,train,5159,4346
5160,train,5160,4347
5162,train,461,4349
5170,train,659,4356
5171,train,659,4357
5175,train,5175,4359
5176,train,5176,4360
5177,train,5177,4361
5179,train,5179,4363
5183,train,5183,4367
5184,train,5184,4368
5186,train,5186,4370
5187,train,5187,4371
5188,train,5188,4372
5189,train,5189,4373
5190,train,5190,4374
5192,train,5188,4376
5193,train,5189,4377
5195,train,5188,4379
5196,train,5188,4380
5197,train,5188,4381
5198,train,5188,4382
5199,train,5199,4383
5200,train,5200,4384
5202,train,5202,4386
5203,train,5202,4387
5207,train,5207,4391
5208,train,5208,4392
5209,train,5209,4393
5213,train,5213,4396
5214,train,5214,4397
5215,train,5213,4398
5218,train,5213,4401
5219,train,5216,4402
5220,train,5216,4403
5221,train,5216,4404
5222,train,5216,4405
5223,train,5216,4406
5224,train,5035,4407
5225,train,1932,4408
5226,train,5049,4409
5227,train,5227,4410
5228,train,5228,4411
5229,train,1522,4412
5230,train,5230,4413
5234,train,5230,4415
5235,train,786,4416
5237,train,5237,4418
5239,train,5239,4419
5240,train,5240,4420
5241,train,5241,4421
5242,train,5242,4422
5244,train,5244,4424
5245,train,5245,4425
5246,train,2475,4426
5248,train,5248,4427
5249,train,2692,4428
5250,train,702,4429
5253,train,5253,4431
5254,train,5254,4432
5256,train,12,4434
5257,train,5257,4435
5258,train,1726,4436
5259,train,5259,4437
5260,train,5260,4438
5262,train,5262,4440
5264,train,218,4442
5266,train,5266,4444
5269,train,5269,4447
5270,train,5270,4448
5272,train,3945,4450
5273,train,3945,4451
5274,train,3945,4452
5277,train,5277,4455
5278,train,3386,4456
5281,train,5281,4458
5282,train,5282,4459
5284,train,449,4460
5286,train,5286,4462
5287,train,1537,4463
5288,train,5288,4464
5289,train,859,4465
5291,train,5291,4467
5293,train,5293,4469
5297,train,5294,4473
5303,train,5303,4479
5304,train,3203,4480
5305,train,5305,4481
5306,train,5306,4482
5308,train,5307,4484
5315,train,139,4486
5316,train,5316,4487
5317,train,5317,4488
5319,train,5319,4490
5322,train,5322,4491
5323,train,5323,4492
5327,train,5327,4494
5340,train,2848,4495
5343,train,5342,4498
5344,train,5344,4499
5345,train,3280,4500
5346,train,1672,4501
5347,train,5347,4502
5350,train,2511,4505
5352,train,5352,4507
5354,train,5354,4509
5355,train,5355,4510
5356,train,5356,4511
5358,train,5358,4513
5359,train,5359,4514
5361,train,5358,4516
5369,train,5369,4521
5370,train,5370,4522
5371,train,5371,4523
5372,train,747,4524
5373,train,5373,4525
5375,train,3314,4527
5377,train,5377,4529
5381,train,5377,4533
5383,train,5377,4535
5384,train,3314,4536
5386,train,4577,4538
5388,train,5388,4540
5389,train,5377,4541
5390,train,249,4542
5391,train,4577,4543
5392,train,4577,4544
5393,train,5393,4545
5394,train,5394,4546
5396,train,3314,4548
5401,train,4000,4550
5407,train,159,4554
5408,train,5408,4555
5411,train,5411,4557
5413,train,4838,4559
5414,train,4838,4560
5415,train,5415,4561
5417,train,5417,4563
5418,train,5418,4564
5419,train,5419,4565
5420,train,5420,4566
5421,train,5421,4567
5422,train,5422,4568
5424,train,5424,4570
5425,train,1932,4571
5426,train,5426,4572
5430,train,5430,4576
5431,train,5431,4577
5433,train,5433,4579
5436,train,5436,4581
5437,train,5437,4582
5438,train,5438,4583
5439,train,5438,4584
5440,train,5437,4585
5449,train,2156,4593
5451,train,5188,4595
5453,train,659,4597
5454,train,5454,4598
5455,train,5455,4599
5461,train,5458,4603
5462,train,5458,4604
5463,train,4174,4605
5464,train,5464,4606
5467,train,139,4608
5468,train,1706,4609
5469,train,2937,4610
5473,train,5473,4612
5477,train,5477,4616
5478,train,2693,4617
5481,train,5481,4618
5486,train,5486,4623
5493,train,5492,4630
5496,train,1189,4633
5497,train,2315,4634
5500,train,5500,4635
5502,train,5500,4637
5503,train,5503,4638
5504,train,5214,4639
5506,train,85,4641
5507,train,5507,4642
5512,train,5512,4647
5517,train,5517,4651
5518,train,5518,4652
5522,train,5522,4654
5523,train,5523,4655
5526,train,5202,4658
5527,train,738,4659
5528,train,2865,4660
5530,train,5530,4662
5531,train,5531,4663
5536,train,5536,4666
5537,train,5537,4667
5538,train,5537,4668
5539,train,5539,4669
5540,train,738,4670
5541,train,5541,4671
5542,train,5542,4672
5543,train,5542,4673
5544,train,5542,4674
5546,train,5546,4676
5547,train,1368,4677
5548,train,5548,4678
5554,train,5554,4683
5555,train,5555,4684
5557,train,5557,4685
5558,train,5558,4686
5559,train,1668,4687
5561,train,5561,4688
5562,train,5562,4689
5563,train,5563,4690
5566,train,2559,4693
5567,train,2559,4694
5569,train,5569,4696
5572,train,5572,4699
5574,train,5574,4701
5576,train,5576,4703
5577,train,5577,4704
5579,train,5579,4706
5580,train,5580,4707
5584,train,5584,4708
5585,train,5165,4709
5588,train,5588,4711
5589,train,5589,4712
5591,train,5589,4714
5592,train,5589,4715
5593,train,5589,4716
5595,train,5595,4718
5597,train,5596,4720
5600,train,5600,4723
5601,train,5227,4724
5602,train,5227,4725
5605,train,5605,4727
5606,train,667,4728
5607,train,5607,4729
5608,train,5608,4730
5609,train,5609,4731
5611,train,5611,4732
5614,train,2302,4735
5616,train,4265,4737
5617,train,5617,4738
5621,train,5619,4741
5624,train,5624,4744
5625,train,5624,4745
5626,train,5622,4746
5627,train,5627,4747
5628,train,5624,4748
5630,train,2697,4750
5633,train,5633,4752
5635,train,5619,4754
5636,train,5636,4755
5638,train,5638,4757
5640,train,5638,4759
5641,train,5641,4760
5642,train,710,4761
5643,train,5643,4762
5645,train,3379,4764
5646,train,5646,4765
5648,train,5648,4767
5651,train,5186,4770
5652,train,5186,4771
5658,train,5658,4774
5659,train,5659,4775
5660,train,5658,4776
5663,train,5658,4779
5665,train,5665,4780
5666,train,5666,4781
5667,train,5667,4782
5668,train,5668,4783
5669,train,4577,4784
5673,train,4535,4788
5674,train,5674,4789
5676,train,5676,4791
5677,train,5677,4792
5678,train,5678,4793
5679,train,5678,4794
5680,train,5677,4795
5683,train,5678,4798
5684,train,5678,4799
5685,train,5677,4800
5686,train,5677,4801
5687,train,5677,4802
5688,train,5678,4803
5689,train,5689,4804
5690,train,5690,4805
5691,train,4034,4806
5692,train,5638,4807
5694,train,5678,4809
5695,train,5677,4810
5698,train,5677,4812
5701,train,5677,4814
5702,train,5677,4815
5704,train,5704,4817
5705,train,5705,4818
5706,train,5706,4819
5707,train,5707,4820
5708,train,5706,4821
5709,train,5706,4822
5711,train,5706,4824
5712,train,5706,4825
5713,train,5706,4826
5714,train,5706,4827
5715,train,5710,4828
5716,train,5716,4829
5717,train,5706,4830
5719,train,5719,4832
5720,train,5719,4833
5721,train,5721,4834
5723,train,5500,4836
5724,train,5724,4837
5725,train,5724,4838
5728,train,5727,4841
5731,train,5729,4844
5734,train,5734,4846
5737,train,5737,4849
5738,train,5737,4850
5740,train,5740,4852
5742,train,5741,4854
5743,train,5743,4855
5744,train,5744,4856
5745,train,5745,4857
5746,train,5746,4858
5747,train,5747,4859
5750,train,5677,4860
5751,train,5751,4861
5753,train,5753,4863
5761,train,5761,4869
5762,train,5762,4870
5767,train,5767,4874
5771,train,5771,4877
5780,train,5780,4882
5782,train,5782,4884
5784,train,5784,4885
5786,train,5786,4887
5788,train,221,4889
5789,train,221,4890
5790,train,221,4891
5792,train,221,4893
5794,train,5794,4895
5795,train,5795,4896
5798,train,5797,4898
5799,train,5797,4899
5800,train,5797,4900
5804,train,5677,4904
5805,train,5797,4905
5807,train,2377,4907
5808,train,230,4908
5812,train,182,4910
5813,train,2328,4911
5814,train,1462,4912
5815,train,5815,4913
5817,train,5817,4915
5818,train,249,4916
5824,train,5824,4921
5825,train,5825,4922
5826,train,4187,4923
5827,train,5825,4924
5828,train,5828,4925
5829,train,5829,4926
5830,train,4455,4927
5831,train,4455,4928
5833,train,5833,4930
5837,train,5833,4934
5838,train,5838,4935
5840,train,5840,4936
5843,train,5843,4939
5846,train,5270,4942
5847,train,5847,4943
5848,train,5394,4944
5851,train,5393,4946
5852,train,5852,4947
5855,train,5393,4949
5858,train,5393,4952
5860,train,5860,4954
5862,train,5859,4956
5864,train,5864,4958
5871,train,218,4964
5875,train,3796,4968
5876,train,5876,4969
5877,train,5877,4970
5889,train,5889,4979
5892,train,5889,4982
5894,train,5030,4984
5897,train,5897,4987
5898,train,5898,4988
5901,train,5857,4990
5902,train,5849,4991
5903,train,5903,4992
5905,train,1046,4994
5906,train,3714,4995
5907,train,5907,4996
5908,train,5908,4997
5910,train,5910,4999
5913,train,5913,5001
5914,train,2931,5002
5916,train,5913,5004
5920,train,815,5007
5921,train,5542,5008
5922,train,5542,5009
5926,train,5609,5012
5927,train,2570,5013
5928,train,5928,5014
5929,train,5928,5015
5932,train,5932,5017
5933,train,5933,5018
5934,train,5933,5019
5937,train,5937,5022
5944,train,4495,5025
5949,train,4034,5030
5950,train,5950,5031
5952,train,4621,5033
5953,train,5953,5034
5955,train,2014,5035
5958,train,5958,5036
5959,train,82,5037
5960,train,3005,5038
5964,train,5964,5041
5965,train,5965,5042
5967,train,5967,5043
5969,train,5969,5045
5970,train,5968,5046
5973,train,5973,5049
5980,train,5969,5054
5981,train,5969,5055
5982,train,5967,5056
5984,train,5984,5058
5985,train,5985,5059
5988,train,5968,5062
5990,train,2694,5064
5991,train,2633,5065
5992,train,1162,5066
5993,train,5993,5067
5995,train,5995,5069
5996,train,2181,5070
5998,train,5998,5072
5999,train,5999,5073
6005,train,6005,5075
6006,train,973,5076
6008,train,6008,5077
6010,train,6010,5078
6011,train,6011,5079
6012,train,4750,5080
6013,train,4822,5081
6015,train,6015,5083
6016,train,5747,5084
6017,train,5747,5085
6018,train,6015,5086
6019,train,6015,5087
6022,train,6022,5090
6024,train,6023,5092
6025,train,6023,5093
6026,train,4750,5094
6027,train,4750,5095
6028,train,6023,5096
6030,train,6029,5098
6031,train,6031,5099
6032,train,6031,5100
6033,train,5251,5101
6034,train,1368,5102
6035,train,6035,5103
6036,train,6036,5104
6042,train,6036,5107
6044,train,6044,5108
6047,train,6047,5111
6049,train,6049,5113
6051,train,6051,5114
6054,train,1958,5117
6055,train,6035,5118
6056,train,6056,5119
6057,train,4413,5120
6059,train,6059,5122
6060,train,6059,5123
6061,train,6036,5124
6062,train,6062,5125
6063,train,1730,5126
6067,train,6067,5127
6069,train,6069,5129
6078,train,6078,5138
6080,train,2511,5140
6081,train,6081,5141
6082,train,6082,5142
6085,train,6085,5144
6086,train,6085,5145
6087,train,6085,5146
6092,train,6092,5151
6095,train,6095,5154
6096,train,5369,5155
6097,train,23,5156
6098,train,799,5157
6099,train,6099,5158
6100,train,6100,5159
6101,train,3172,5160
6102,train,3172,5161
6104,train,6104,5163
6105,train,2067,5164
6106,train,6106,5165
6107,train,6107,5166
6109,train,5729,5168
6110,train,6110,5169
6112,train,6112,5171
6113,train,6113,5172
6115,train,6115,5173
6116,train,6116,5174
6117,train,6117,5175
6118,train,6118,5176
6120,train,6120,5178
6123,train,6122,5180
6124,train,6124,5181
6128,train,6128,5183
6130,train,6130,5185
6131,train,6130,5186
6135,train,6133,5190
6137,train,6125,5192
6138,train,6125,5193
6140,train,6125,5195
6144,train,377,5198
6148,train,6148,5202
6149,train,5928,5203
6150,train,5928,5204
6152,train,5928,5206
6153,train,6153,5207
6154,train,6154,5208
6156,train,5928,5210
6158,train,5928,5212
6159,train,5928,5213
6160,train,5928,5214
6161,train,5928,5215
6162,train,5928,5216
6164,train,5722,5218
6171,train,100,5221
6173,train,2527,5222
6174,train,2527,5223
6175,train,2527,5224
6176,train,2527,5225
6177,train,2527,5226
6178,train,3092,5227
6180,train,6180,5228
6182,train,622,5230
6187,train,3209,5231
6188,train,1157,5232
6189,train,6189,5233
6190,train,5825,5234
6191,train,6191,5235
6192,train,6192,5236
6194,train,6194,5237
6197,train,6197,5239
6198,train,6198,5240
6204,train,6204,5242
6205,train,6205,5243
6206,train,6206,5244
6208,train,2181,5245
6209,train,2181,5246
6210,train,2181,5247
6213,train,150,5249
6214,train,6214,5250
6216,train,6216,5252
6218,train,4434,5253
6219,train,6219,5254
6220,train,6219,5255
6221,train,6219,5256
6222,train,6222,5257
6225,train,6219,5259
6227,train,6222,5261
6228,train,6219,5262
6231,train,6222,5265
6234,train,4434,5268
6235,train,658,5269
6236,train,658,5270
6238,train,658,5272
6239,train,6239,5273
6244,train,4434,5278
6246,train,6246,5280
6252,train,279,5284
6254,train,6239,5286
6255,train,4434,5287
6256,train,6256,5288
6257,train,6248,5289
6260,train,6256,5290
6261,train,4297,5291
6263,train,6263,5293
6264,train,6264,5294
6265,train,6265,5295
6268,train,6268,5298
6271,train,6271,5300
6272,train,6271,5301
6276,train,6276,5305
6277,train,6277,5306
6278,train,6278,5307
6280,train,5659,5309
6283,train,5659,5312
6287,train,6287,5314
6288,train,6287,5315
6291,train,6287,5317
6297,train,4992,5319
6299,train,4992,5321
6300,train,4992,5322
6301,train,6301,5323
6302,train,1530,5324
6303,train,5659,5325
6305,train,6305,5327
6306,train,6306,5328
6308,train,3059,5329
6310,train,6310,5330
6311,train,6311,5331
6312,train,6312,5332
6314,train,6314,5334
6315,train,6315,5335
6316,train,6316,5336
6317,train,6317,5337
6319,train,6315,5338
6320,train,6320,5339
6321,train,6321,5340
6324,train,4569,5341
6326,train,6326,5343
6327,train,6327,5344
6329,train,6329,5346
6333,train,6333,5348
6334,train,6118,5349
6336,train,6118,5351
6338,train,6120,5353
6339,train,6118,5354
6345,train,6345,5359
6346,train,6345,5360
6349,train,6348,5363
6350,train,6350,5364
6351,train,6118,5365
6352,train,6118,5366
6354,train,6354,5368
6356,train,6118,5370
6357,train,6357,5371
6358,train,3622,5372
6359,train,6348,5373
6360,train,3622,5374
6361,train,6361,5375
6362,train,3172,5376
6363,train,6363,5377
6364,train,6363,5378
6365,train,3172,5379
6366,train,6366,5380
6367,train,6367,5381
6368,train,6366,5382
6369,train,6369,5383
6372,train,819,5386
6373,train,819,5387
6374,train,6374,5388
6375,train,6366,5389
6378,train,4992,5391
6382,train,6382,5395
6383,train,6383,5396
6385,train,1794,5398
6388,train,6382,5401
6389,train,1794,5402
6391,train,5607,5404
6392,train,1794,5405
6393,train,6382,5406
6395,train,6395,5408
6396,train,6396,5409
6397,train,1794,5410
6398,train,1794,5411
6399,train,6382,5412
6401,train,6382,5414
6402,train,6382,5415
6403,train,6382,5416
6404,train,6404,5417
6405,train,6382,5418
6406,train,5607,5419
6407,train,6382,5420
6408,train,6396,5421
6410,train,6396,5423
6413,train,6382,5426
6418,train,6382,5431
6424,train,5607,5437
6425,train,5607,5438
6426,train,5607,5439
6428,train,5607,5441
6429,train,6429,5442
6430,train,6430,5443
6434,train,1794,5447
6437,train,6437,5450
6438,train,6438,5451
6439,train,6439,5452
6440,train,6394,5453
6441,train,6382,5454
6443,train,6443,5456
6444,train,2089,5457
6446,train,4436,5459
6447,train,4436,5460
6448,train,6219,5461
6449,train,4434,5462
6451,train,4434,5463
6453,train,4434,5465
6455,train,4434,5467
6458,train,4434,5469
6459,train,6456,5470
6460,train,4434,5471
6462,train,3691,5472
6463,train,6463,5473
6464,train,6464,5474
6465,train,1303,5475
6466,train,6466,5476
6468,train,82,5478
6469,train,6348,5479
6476,train,3817,5481
6478,train,6478,5483
6479,train,5415,5484
6480,train,6480,5485
6482,train,6482,5487
6483,train,6483,5488
6484,train,6484,5489
6485,train,406,5490
6486,train,6486,5491
6487,train,2386,5492
6488,train,6488,5493
6490,train,6490,5494
6491,train,6491,5495
6492,train,6492,5496
6493,train,6493,5497
6494,train,4413,5498
6496,train,6496,5500
6497,train,6497,5501
6499,train,6497,5503
6500,train,6500,5504
6501,train,6501,5505
6502,train,6501,5506
6505,train,6505,5509
6512,train,6512,5514
6513,train,6312,5515
6515,train,6312,5517
6518,train,229,5520
6519,train,6519,5521
6520,train,229,5522
6521,train,3833,5523
6522,train,6522,5524
6523,train,2073,5525
6524,train,4375,5526
6526,train,1329,5528
6527,train,6527,5529
6528,train,669,5530
6531,train,218,5532
6533,train,6533,5534
6535,train,6194,5535
6542,train,6542,5538
6544,train,6544,5540
6545,train,6545,5541
6547,train,6547,5542
6552,train,6552,5543
6554,train,1161,5545
6556,train,6556,5547
6557,train,6556,5548
6560,train,6556,5551
6561,train,6556,5552
6562,train,6562,5553
6563,train,6563,5554
6576,train,293,5556
6577,train,1995,5557
6578,train,6578,5558
6580,train,6580,5560
6582,train,4265,5561
6583,train,6583,5562
6586,train,6584,5565
6588,train,6588,5567
6589,train,6588,5568
6592,train,979,5570
6593,train,4265,5571
6597,train,6584,5574
6598,train,6348,5575
6599,train,6599,5576
6600,train,6599,5577
6602,train,6584,5579
6603,train,6584,5580
6606,train,6606,5583
6607,train,3234,5584
6608,train,6608,5585
6609,train,659,5586
6610,train,6610,5587
6611,train,6611,5588
6612,train,6612,5589
6615,train,6615,5592
6616,train,6616,5593
6618,train,6618,5595
6619,train,6619,5596
6621,train,6621,5598
6622,train,6622,5599
6623,train,6623,5600
6625,train,6625,5601
6626,train,6626,5602
6629,train,6059,5604
6631,train,5051,5606
6632,train,6632,5607
6633,train,6633,5608
6634,train,6634,5609
6638,train,629,5612
6641,train,6641,5615
6643,train,659,5617
6644,train,6644,5618
6645,train,6058,5619
6646,train,6646,5620
6647,train,2386,5621
6649,train,4026,5623
6650,train,1307,5624
6651,train,1307,5625
6653,train,1307,5627
6654,train,1307,5628
6655,train,1307,5629
6656,train,1307,5630
6657,train,1307,5631
6658,train,1307,5632
6661,train,1307,5635
6662,train,6662,5636
6663,train,6663,5637
6665,train,6665,5639
6667,train,2268,5640
6668,train,2268,5641
6669,train,6669,5642
6670,train,6670,5643
6671,train,3263,5644
6674,train,280,5647
6675,train,1307,5648
6676,train,1307,5649
6677,train,6677,5650
6679,train,6677,5652
6683,train,6678,5656
6688,train,6688,5660
6692,train,6692,5662
6694,train,6693,5664
6695,train,6692,5665
6696,train,6692,5666
6697,train,6697,5667
6701,train,2696,5670
6702,train,6702,5671
6703,train,6688,5672
6705,train,2696,5674
6708,train,2696,5676
6709,train,6709,5677
6710,train,6704,5678
6713,train,2696,5681
6714,train,6688,5682
6715,train,6715,5683
6718,train,2316,5686
6719,train,6692,5687
6720,train,6692,5688
6721,train,6721,5689
6724,train,6724,5692
6725,train,6724,5693
6726,train,6726,5694
6728,train,6728,5696
6729,train,6729,5697
6730,train,6730,5698
6731,train,6730,5699
6732,train,6730,5700
6733,train,6733,5701
6738,train,6738,5705
6740,train,6740,5707
6742,train,6742,5709
6743,train,6742,5710
6744,train,6744,5711
6746,train,6745,5713
6747,train,6747,5714
6748,train,6747,5715
6749,train,3027,5716
6752,train,6750,5719
6753,train,6750,5720
6756,train,6750,5723
6757,train,6750,5724
6758,train,6750,5725
6759,train,6750,5726
6760,train,6750,5727
6761,train,6761,5728
6763,train,6763,5730
6765,train,6765,5732
6767,train,6750,5734
6768,train,6750,5735
6771,train,6750,5738
6772,train,6772,5739
6773,train,6772,5740
6774,train,6774,5741
6777,train,6750,5743
6778,train,6763,5744
6780,train,6780,5746
6783,train,3027,5749
6784,train,3027,5750
6785,train,6781,5751
6788,train,6788,5753
6794,train,6794,5757
6795,train,218,5758
6796,train,218,5759
6797,train,218,5760
6798,train,218,5761
6802,train,6802,5765
6803,train,6803,5766
6805,train,1911,5768
6817,train,6817,5772
6819,train,6817,5773
6821,train,6821,5775
6822,train,6822,5776
6823,train,6823,5777
6825,train,6825,5779
6826,train,2126,5780
6828,train,973,5782
6829,train,6584,5783
6830,train,789,5784
6832,train,789,5786
6834,train,6834,5788
6835,train,6823,5789
6838,train,6838,5792
6840,train,6838,5794
6845,train,6845,5795
6847,train,6846,5797
6848,train,6848,5798
6850,train,819,5800
6852,train,6852,5802
6854,train,6854,5804
6857,train,6857,5807
6858,train,6857,5808
6860,train,6860,5810
6862,train,6862,5811
6863,train,6863,5812
6865,train,6865,5814
6868,train,4058,5816
6871,train,6871,5817
6876,train,6876,5821
6879,train,6879,5823
6880,train,6880,5824
6882,train,1462,5826
6885,train,6885,5828
6888,train,6887,5831
6891,train,6198,5834
6895,train,3662,5838
6898,train,3559,5841
6899,train,6899,5842
6900,train,248,5843
6903,train,6903,5846
6904,train,6904,5847
6907,train,6907,5848
6908,train,6908,5849
6909,train,3329,5850
6910,train,6910,5851
6912,train,6912,5853
6914,train,6914,5855
6915,train,6915,5856
6916,train,182,5857
6918,train,6918,5859
6920,train,6920,5861
6921,train,6918,5862
6923,train,6923,5864
6924,train,6823,5865
6926,train,6918,5866
6927,train,6918,5867
6928,train,5885,5868
6930,train,5517,5870
6938,train,2791,5871
6939,train,4005,5872
6941,train,6941,5873
6942,train,6445,5874
6943,train,6445,5875
6944,train,6445,5876
6946,train,6445,5878
6947,train,6445,5879
6948,train,6445,5880
6949,train,6445,5881
6951,train,6951,5883
6953,train,6035,5885
6955,train,6955,5887
6956,train,774,5888
6958,train,6781,5890
6959,train,6959,5891
6962,train,2928,5893
6967,train,6967,5898
6968,train,6968,5899
6970,train,6970,5900
6971,train,6970,5901
6972,train,6972,5902
6973,train,4980,5903
6974,train,5569,5904
6975,train,5569,5905
6977,train,5569,5907
6980,train,6980,5908
6981,train,6972,5909
6982,train,6982,5910
6984,train,6904,5912
6985,train,6904,5913
6986,train,6986,5914
6987,train,1911,5915
6988,train,6988,5916
6992,train,6992,5918
6994,train,6994,5920
6995,train,6890,5921
6996,train,6996,5922
6997,train,4246,5923
6999,train,6999,5925
7000,train,7000,5926
7001,train,5486,5927
7003,train,7003,5929
7007,train,7002,5933
7008,train,7002,5934
7010,train,7002,5936
7011,train,7011,5937
7013,train,7013,5939
7015,train,7011,5941
7016,train,7016,5942
7017,train,7017,5943
7018,train,7018,5944
7020,train,7018,5946
7021,train,7018,5947
7023,train,7023,5949
7024,train,7023,5950
7027,train,7027,5953
7028,train,7023,5954
7031,train,7031,5957
7032,train,3928,5958
7033,train,7033,5959
7034,train,7034,5960
7035,train,7035,5961
7036,train,7036,5962
7037,train,7031,5963
7038,train,7038,5964
7040,train,7040,5966
7041,train,7041,5967
7045,train,7031,5971
7047,train,7047,5973
7050,train,7049,5976
7052,train,7052,5977
7053,train,7053,5978
7055,train,7055,5980
7057,train,7057,5982
7060,train,108,5984
7061,train,3975,5985
7064,train,7017,5987
7065,train,7017,5988
7066,train,7066,5989
7067,train,7013,5990
7068,train,7011,5991
7074,train,7074,5995
7075,train,7075,5996
7076,train,7076,5997
7078,train,7018,5999
7080,train,7080,6000
7081,train,7081,6001
7083,train,6544,6003
7084,train,7084,6004
7085,train,7085,6005
7086,train,1916,6006
7087,train,7087,6007
7088,train,7088,6008
7091,train,3963,6010
7092,train,7092,6011
7094,train,7085,6012
7096,train,7096,6013
7098,train,7098,6015
7099,train,7099,6016
7100,train,7100,6017
7103,train,7103,6020
7106,train,7105,6022
7108,train,7108,6024
7109,train,7109,6025
7110,train,139,6026
7112,train,7112,6027
7113,train,7113,6028
7114,train,1046,6029
7116,train,7018,6031
7117,train,7117,6032
7119,train,7119,6034
7122,train,4449,6036
7123,train,7123,6037
7125,train,6873,6038
7126,train,7126,6039
7129,train,3953,6042
7130,train,7130,6043
7131,train,7131,6044
7132,train,7132,6045
7133,train,7132,6046
7135,train,4955,6048
7139,train,182,6050
7144,train,6642,6053
7147,train,7147,6056
7149,train,7149,6057
7150,train,7150,6058
7151,train,7150,6059
7152,train,7152,6060
7153,train,3683,6061
7156,train,7156,6064
7157,train,7157,6065
7158,train,7158,6066
7160,train,7150,6068
7161,train,7097,6069
7162,train,7162,6070
7165,train,12,6072
7170,train,7170,6075
7171,train,6871,6076
7176,train,566,6081
7177,train,7177,6082
7181,train,5857,6084
7183,train,5852,6086
7184,train,5852,6087
7187,train,5852,6090
7188,train,5852,6091
7190,train,5852,6093
7191,train,5852,6094
7194,train,5852,6095
7196,train,5852,6096
7199,train,122,6097
7200,train,122,6098
7201,train,7177,6099
7202,train,5852,6100
7203,train,5857,6101
7204,train,7204,6102
7206,train,7206,6104
7207,train,7207,6105
7211,train,7211,6108
7212,train,7212,6109
7213,train,6918,6110
7214,train,1826,6111
7216,train,7216,6112
7221,train,7221,6115
7224,train,7224,6117
7225,train,3,6118
7226,train,7226,6119
7230,train,3202,6120
7233,train,7233,6123
7239,train,7239,6125
7240,train,7240,6126
7242,train,7239,6127
7245,train,7245,6128
7250,train,7239,6132
7251,train,7239,6133
7252,train,7252,6134
7253,train,7253,6135
7254,train,7254,6136
7255,train,7255,6137
7256,train,7256,6138
7257,train,7257,6139
7258,train,7258,6140
7259,train,7259,6141
7262,train,7262,6143
7263,train,7263,6144
7264,train,7264,6145
7267,train,7267,6148
7268,train,7268,6149
7269,train,7269,6150
7271,train,7271,6152
7273,train,2596,6154
7275,train,7275,6156
7277,train,815,6158
7279,train,5857,6160
7281,train,5857,6162
7282,train,5857,6163
7285,train,6963,6166
7286,train,5852,6167
7287,train,5852,6168
7289,train,5852,6170
7291,train,5852,6172
7293,train,5852,6174
7294,train,5852,6175
7295,train,5852,6176
7296,train,5852,6177
7297,train,5857,6178
7300,train,6271,6180
7301,train,7301,6181
7302,train,5950,6182
7305,train,7305,6185
7306,train,7306,6186
7308,train,7308,6188
7314,train,7314,6193
7316,train,7316,6195
7317,train,7316,6196
7321,train,7321,6199
7322,train,7307,6200
7326,train,7326,6202
7329,train,2181,6205
7331,train,7331,6207
7333,train,7333,6208
7334,train,7334,6209
7335,train,474,6210
7336,train,7336,6211
7337,train,474,6212
7338,train,474,6213
7339,train,7339,6214
7341,train,7339,6216
7342,train,7342,6217
7343,train,7343,6218
7344,train,7344,6219
7345,train,159,6220
7346,train,7346,6221
7347,train,1187,6222
7351,train,340,6225
7352,train,248,6226
7354,train,7354,6227
7356,train,6505,6229
7360,train,7360,6231
7364,train,7364,6235
7366,train,5422,6236
7367,train,7367,6237
7368,train,7368,6238
7369,train,7369,6239
7370,train,7239,6240
7371,train,7239,6241
7374,train,7374,6243
7375,train,7375,6244
7376,train,7376,6245
7377,train,7377,6246
7379,train,7379,6248
7380,train,7380,6249
7382,train,7018,6251
7383,train,6920,6252
7384,train,4408,6253
7385,train,7385,6254
7386,train,7385,6255
7387,train,7385,6256
7388,train,7388,6257
7389,train,7389,6258
7390,train,7011,6259
7392,train,7011,6261
7393,train,7389,6262
7399,train,7399,6265
7400,train,7400,6266
7401,train,7401,6267
7402,train,7402,6268
7403,train,7403,6269
7404,train,7403,6270
7408,train,7408,6274
7409,train,7409,6275
7410,train,7410,6276
7411,train,7411,6277
7412,train,7412,6278
7413,train,7413,6279
7418,train,7415,6284
7419,train,7415,6285
7421,train,7421,6287
7430,train,7430,6288
7431,train,7431,6289
7432,train,1740,6290
7433,train,7433,6291
7434,train,7421,6292
7441,train,7441,6296
7442,train,7442,6297
7448,train,7448,6302
7449,train,7449,6303
7452,train,228,6305
7454,train,7454,6307
7455,train,7455,6308
7456,train,7456,6309
7458,train,7458,6311
7459,train,7457,6312
7460,train,7458,6313
7461,train,7458,6314
7462,train,7458,6315
7463,train,7457,6316
7467,train,206,6319
7470,train,5500,6322
7471,train,7471,6323
7472,train,6919,6324
7474,train,7474,6326
7478,train,7478,6328
7481,train,7481,6330
7483,train,7483,6331
7484,train,7484,6332
7485,train,7485,6333
7486,train,7319,6334
7487,train,7316,6335
7488,train,7488,6336
7489,train,7489,6337
7490,train,7489,6338
7491,train,7488,6339
7493,train,7493,6341
7494,train,7488,6342
7496,train,7496,6344
7497,train,7496,6345
7501,train,7501,6346
7505,train,7505,6349
7506,train,7506,6350
7509,train,7505,6353
7510,train,7510,6354
7511,train,7508,6355
7512,train,7508,6356
7513,train,7510,6357
7515,train,7508,6359
7516,train,7516,6360
7517,train,7517,6361
7518,train,6107,6362
7519,train,7519,6363
7523,train,5458,6364
7524,train,7524,6365
7525,train,7525,6366
7527,train,7527,6367
7529,train,6435,6369
7530,train,7530,6370
7533,train,7532,6373
7534,train,7532,6374
7539,train,5175,6379
7541,train,1868,6381
7542,train,7275,6382
7543,train,7543,6383
7544,train,2501,6384
7552,train,623,6385
7553,train,7553,6386
7554,train,7554,6387
7556,train,7556,6388
7557,train,7557,6389
7559,train,4602,6390
7560,train,7560,6391
7561,train,7561,6392
7563,train,7562,6394
7564,train,7562,6395
7565,train,7565,6396
7566,train,7565,6397
7571,train,7571,6401
7573,train,7572,6403
7576,train,7576,6406
7581,train,7576,6411
7582,train,7577,6412
7585,train,7577,6415
7586,train,2018,6416
7587,train,7587,6417
7588,train,7588,6418
7589,train,7589,6419
7590,train,7156,6420
7595,train,7595,6424
7596,train,7596,6425
7598,train,7598,6427
7606,train,7606,6431
7608,train,7608,6433
7609,train,4136,6434
7611,train,7611,6436
7612,train,7612,6437
7613,train,100,6438
7616,train,7616,6441
7618,train,2944,6442
7619,train,7619,6443
7621,train,7621,6445
7626,train,7626,6449
7627,train,7627,6450
7637,train,880,6452
7638,train,7628,6453
7639,train,7639,6454
7640,train,7628,6455
7657,train,7657,6456
7659,train,738,6458
7666,train,7666,6462
7668,train,6315,6464
7669,train,6315,6465
7671,train,7671,6467
7675,train,7675,6470
7677,train,166,6471
7682,train,2692,6476
7683,train,7683,6477
7684,train,2698,6478
7685,train,2698,6479
7686,train,7686,6480
7688,train,7688,6482
7691,train,122,6485
7693,train,7693,6487
7694,train,2691,6488
7696,train,1644,6490
7697,train,2185,6491
7702,train,7702,6495
7703,train,4384,6496
7706,train,486,6498
7710,train,7710,6500
7711,train,7711,6501
7712,train,7712,6502
7714,train,7714,6503
7721,train,7721,6504
7728,train,7728,6506
7729,train,7729,6507
7731,train,392,6508
7732,train,7732,6509
7733,train,7733,6510
7735,train,7735,6511
7738,train,7738,6514
7743,train,7742,6517
7744,train,2801,6518
7745,train,7745,6519
7746,train,134,6520
7748,train,7748,6521
7749,train,7749,6522
7750,train,7750,6523
7751,train,7751,6524
7752,train,7751,6525
7753,train,7751,6526
7754,train,7754,6527
7755,train,7755,6528
7758,train,7758,6531
7759,train,7759,6532
7760,train,7760,6533
7761,train,7761,6534
7762,train,6672,6535
7763,train,7763,6536
7764,train,7612,6537
7768,train,7768,6539
7769,train,7769,6540
7771,train,7768,6541
7772,train,1875,6542
7773,train,7773,6543
7774,train,7774,6544
7776,train,7776,6546
7777,train,7777,6547
7778,train,7777,6548
7779,train,7376,6549
7780,train,7376,6550
7781,train,7781,6551
7785,train,7785,6554
7807,train,7807,6555
7817,train,774,6558
7819,train,3005,6560
7841,train,7841,6563
7842,train,7842,6564
7846,train,5093,6567
7847,train,3448,6568
7851,train,3624,6570
7855,train,7855,6574
7857,train,7857,6576
7859,train,3005,6577
7860,train,7860,6578
7861,train,1938,6579
7864,train,7864,6581
7865,train,7865,6582
7869,train,7869,6583
7870,train,7869,6584
7880,train,4167,6585
7883,train,738,6588
7885,train,5787,6590
7887,train,7887,6592
7888,train,7887,6593
7890,train,7890,6594
7893,train,5458,6595
7896,train,7896,6596
7897,train,980,6597
7899,train,7899,6598
7900,train,7900,6599
7901,train,7899,6600
7902,train,7899,6601
7903,train,7903,6602
7904,train,5263,6603
7907,train,7907,6604
7908,train,7908,6605
7922,train,266,6607
7925,train,1100,6609
7927,train,7927,6610
7928,train,5327,6611
7929,train,5327,6612
7931,train,5327,6614
7932,train,5327,6615
7935,train,7935,6616
7937,train,7937,6617
7940,train,7940,6620
7941,train,471,6621
7942,train,1522,6622
7944,train,7944,6624
7946,train,7946,6626
7947,train,7947,6627
7949,train,7949,6629
7950,train,7950,6630
7951,train,7951,6631
7954,train,7954,6634
7955,train,7955,6635
7956,train,7956,6636
7958,train,7958,6637
7960,train,7960,6638
7961,train,7961,6639
7962,train,7962,6640
7966,train,7966,6642
7968,train,7968,6643
7969,train,6361,6644
7970,train,7970,6645
7972,train,7972,6647
7978,train,7962,6651
7980,train,601,6652
7982,train,7982,6653
7985,train,7982,6655
7986,train,7982,6656
7987,train,7982,6657
7988,train,7982,6658
7990,train,7989,6660
7992,train,7989,6662
7993,train,7993,6663
7994,train,7989,6664
7995,train,7989,6665
7996,train,7993,6666
7997,train,7993,6667
7999,train,7989,6669
8000,train,7989,6670
8003,train,7989,6673
8004,train,7989,6674
8006,train,7989,6676
8007,train,7989,6677
8008,train,7989,6678
8012,train,8012,6681
8015,train,8015,6682
8016,train,8016,6683
8018,train,8018,6685
8019,train,8019,6686
8023,train,2633,6690
8026,train,8026,6693
8027,train,2691,6694
8029,train,8029,6696
8030,train,8030,6697
8034,train,280,6698
8036,train,8036,6699
8044,train,8044,6701
8045,train,8044,6702
8046,train,8044,6703
8047,train,8047,6704
8049,train,8049,6705
8050,train,8050,6706
8051,train,8051,6707
8058,train,8058,6710
8061,train,8061,6712
8064,train,8064,6714
8065,train,8065,6715
8068,train,8068,6717
8070,train,8070,6719
8072,train,8072,6720
8073,train,8073,6721
8077,train,8076,6724
8078,train,8078,6725
8079,train,8079,6726
8080,train,8080,6727
8088,train,8088,6730
8090,train,293,6731
8091,train,8091,6732
8095,train,8095,6734
8096,train,8096,6735
8099,train,4167,6736
8100,train,2683,6737
8101,train,8101,6738
8112,train,280,6740
8114,train,280,6742
8115,train,280,6743
8118,train,280,6746
8119,train,280,6747
8121,train,8121,6748
8124,train,8124,6751
8125,train,8124,6752
8127,train,280,6753
8128,train,280,6754
8133,train,8133,6756
8134,train,8134,6757
8139,train,8139,6758
8142,train,8142,6759
8143,train,8143,6760
8148,train,8148,6764
8150,train,8150,6766
8152,train,8152,6767
8154,train,8154,6768
8166,train,8166,6769
8167,train,8167,6770
8172,train,1702,6772
8173,train,8173,6773
8177,train,8177,6775
8180,train,8180,6777
8181,train,1520,6778
8182,train,6556,6779
8184,train,1702,6781
8186,train,4265,6783
8188,train,4265,6785
8190,train,8190,6787
8195,train,6642,6789
8196,train,8196,6790
8201,train,8201,6794
8203,train,8203,6795
8206,train,8206,6796
8208,train,8208,6798
8214,train,8214,6799
8215,train,3576,6800
8216,train,8216,6801
8217,train,8217,6802
8221,train,166,6805
8222,train,8222,6806
8225,train,8225,6809
8235,train,8235,6811
8236,train,4569,6812
8237,train,5815,6813
8241,train,8241,6817
8242,train,8240,6818
8243,train,8240,6819
8244,train,8241,6820
8245,train,8240,6821
8246,train,8240,6822
8248,train,8240,6824
8249,train,8240,6825
8250,train,8240,6826
8253,train,166,6829
8255,train,8255,6830
8256,train,8255,6831
8257,train,4174,6832
8259,train,8259,6833
8262,train,8262,6835
8264,train,8264,6836
8267,train,8267,6839
8272,train,8272,6841
8276,train,8276,6843
8282,train,8282,6845
8285,train,8285,6846
8286,train,8286,6847
8288,train,8288,6848
8289,train,8289,6849
8290,train,5356,6850
8292,train,8292,6852
8293,train,6730,6853
8294,train,8294,6854
8295,train,8295,6855
8296,train,8295,6856
8298,train,8298,6857
8300,train,241,6859
8301,train,8301,6860
8302,train,8302,6861
8307,train,6106,6864
8308,train,8308,6865
8309,train,182,6866
8317,train,8317,6868
8318,train,8317,6869
8320,train,8320,6871
8321,train,8321,6872
8322,train,8322,6873
8324,train,8323,6875
8325,train,8317,6876
8326,train,8326,6877
8330,train,8240,6880
8331,train,8240,6881
8333,train,8333,6883
8334,train,8241,6884
8335,train,8335,6885
8336,train,8335,6886
8338,train,8335,6887
8342,train,8240,6890
8344,train,8240,6892
8346,train,8335,6894
8347,train,8335,6895
8348,train,8333,6896
8349,train,8349,6897
8350,train,8240,6898
8351,train,8351,6899
8353,train,8353,6900
8354,train,8354,6901
8355,train,8355,6902
8357,train,8333,6903
8358,train,8358,6904
8360,train,8335,6906
8366,train,8366,6909
8367,train,8367,6910
8375,train,8375,6915
8376,train,8349,6916
8377,train,8375,6917
8378,train,94,6918
8379,train,8379,6919
8381,train,8381,6920
8389,train,8389,6925
8391,train,8391,6927
8399,train,2314,6931
8400,train,8400,6932
8401,train,8401,6933
8402,train,2314,6934
8405,train,8405,6936
8406,train,8406,6937
8407,train,8407,6938
8411,train,8411,6940
8414,train,8413,6943
8415,train,8413,6944
8416,train,8416,6945
8417,train,8417,6946
8418,train,8418,6947
8419,train,8419,6948
8421,train,8421,6949
8428,train,8428,6953
8431,train,8429,6956
8432,train,8429,6957
8433,train,8429,6958
8435,train,8429,6960
8436,train,1133,6961
8437,train,8437,6962
8438,train,8438,6963
8440,train,8440,6964
8441,train,776,6965
8443,train,1859,6966
8444,train,1859,6967
8446,train,8446,6968
8448,train,774,6970
8451,train,8446,6972
8453,train,8453,6974
8454,train,8326,6975
8457,train,8457,6978
8458,train,8457,6979
8459,train,8457,6980
8462,train,8457,6983
8463,train,8457,6984
8465,train,8457,6986
8466,train,8457,6987
8471,train,8471,6989
8472,train,8472,6990
8475,train,4933,6991
8477,train,8477,6992
8479,train,2526,6994
8480,train,3994,6995
8481,train,8481,6996
8489,train,8488,7000
8490,train,8490,7001
8492,train,8492,7003
8493,train,8488,7004
8498,train,8498,7006
8499,train,799,7007
8500,train,8500,7008
8503,train,2791,7010
8506,train,8505,7012
8507,train,8505,7013
8523,train,8523,7018
8532,train,8532,7021
8536,train,8536,7022
8537,train,8536,7023
8538,train,3302,7024
8543,train,8543,7028
8545,train,8545,7029
8548,train,3994,7030
8557,train,12,7031
8558,train,8558,7032
8560,train,8559,7034
8568,train,8568,7036
8569,train,8569,7037
8570,train,8570,7038
8571,train,8571,7039
8572,train,8572,7040
8575,train,8573,7043
8576,train,8576,7044
8577,train,8574,7045
8579,train,8573,7047
8580,train,8574,7048
8581,train,8574,7049
8582,train,8582,7050
8583,train,8583,7051
8584,train,8584,7052
8585,train,8585,7053
8586,train,8586,7054
8587,train,8587,7055
8589,train,8574,7056
8590,train,8095,7057
8592,train,8095,7059
8593,train,8095,7060
8594,train,8095,7061
8595,train,8095,7062
8597,train,8597,7064
8599,train,8095,7066
8601,train,182,7068
8602,train,3793,7069
8604,train,3793,7071
8605,train,3793,7072
8606,train,3793,7073
8607,train,8607,7074
8610,train,6692,7075
8612,train,8611,7077
8613,train,8613,7078
8614,train,8611,7079
8615,train,8611,7080
8616,train,8616,7081
8617,train,7722,7082
8618,train,7722,7083
8620,train,7722,7085
8621,train,7722,7086
8623,train,7722,7088
8626,train,8626,7091
8628,train,8628,7092
8629,train,8629,7093
8630,train,8625,7094
8633,train,8633,7097
8640,train,182,7101
8641,train,8641,7102
8643,train,3443,7104
8645,train,8645,7105
8647,train,5948,7107
8648,train,8648,7108
8651,train,8651,7110
8652,train,8652,7111
8654,train,3302,7113
8655,train,3302,7114
8656,train,3327,7115
8657,train,8657,7116
8661,train,513,7119
8662,train,8095,7120
8664,train,8664,7122
8665,train,8095,7123
8667,train,8095,7125
8668,train,8600,7126
8671,train,8671,7129
8672,train,8672,7130
8674,train,8674,7131
8678,train,8678,7132
8686,train,8686,7134
8691,train,8691,7136
8692,train,8692,7137
8695,train,8695,7138
8697,train,8697,7139
8698,train,1372,7140
8703,train,5214,7142
8705,train,8227,7144
8706,train,8542,7145
8720,train,4992,7151
8722,train,4992,7153
8723,train,4992,7154
8725,train,8426,7156
8726,train,5624,7157
8727,train,8727,7158
8731,train,406,7161
8736,train,2386,7166
8746,train,8746,7168
8748,train,8748,7170
8749,train,8749,7171
8750,train,8750,7172
8751,train,8749,7173
8755,train,8748,7177
8758,train,8758,7180
8759,train,8759,7181
8761,train,8761,7182
8764,train,6361,7184
8765,train,2888,7185
8766,train,8766,7186
8776,train,8776,7189
8777,train,8777,7190
8778,train,8778,7191
8779,train,8779,7192
8781,train,8781,7194
8782,train,8782,7195
8783,train,3793,7196
8786,train,293,7198
8787,train,293,7199
8789,train,8789,7201
8790,train,293,7202
8791,train,8791,7203
8795,train,8795,7205
8799,train,5190,7207
8800,train,8798,7208
8802,train,8802,7210
8803,train,8802,7211
8804,train,8804,7212
8807,train,8806,7214
8808,train,8806,7215
8813,train,8813,7216
8814,train,8814,7217
8815,train,8815,7218
8816,train,8816,7219
8817,train,8816,7220
8818,train,8816,7221
8819,train,8819,7222
8820,train,8816,7223
8821,train,8821,7224
8822,train,8821,7225
8823,train,8819,7226
8824,train,8824,7227
8826,train,8824,7229
8827,train,8824,7230
8829,train,8574,7232
8831,train,7610,7234
8834,train,7610,7235
8835,train,8819,7236
8840,train,8386,7240
8841,train,8841,7241
8847,train,8847,7244
8848,train,8848,7245
8849,train,8849,7246
8855,train,1418,7247
8858,train,7597,7249
8859,train,8859,7250
8861,train,669,7252
8862,train,8862,7253
8873,train,8873,7259
8889,train,8889,7263
8890,train,8890,7264
8891,train,8891,7265
8896,train,8896,7267
8897,train,7157,7268
8903,train,8903,7271
8908,train,8908,7273
8909,train,8559,7274
8910,train,8910,7275
8911,train,8911,7276
8913,train,8913,7278
8914,train,8914,7279
8915,train,8914,7280
8916,train,8916,7281
8920,train,8920,7284
8922,train,8922,7286
8925,train,8925,7287
8927,train,8781,7289
8929,train,8928,7291
8930,train,8928,7292
8931,train,8928,7293
8937,train,8937,7295
8939,train,8939,7297
8940,train,241,7298
8943,train,8943,7300
8948,train,8948,7301
8951,train,8951,7304
8952,train,8952,7305
8954,train,3203,7307
8955,train,8955,7308
8956,train,8956,7309
8962,train,33,7312
8963,train,8963,7313
8965,train,8964,7315
8966,train,8964,7316
8967,train,8964,7317
8971,train,8971,7321
8972,train,8972,7322
8974,train,8973,7324
8977,train,8977,7326
8978,train,8977,7327
8979,train,8977,7328
8981,train,8981,7329
8984,train,8095,7332
8985,train,8095,7333
8986,train,8095,7334
8988,train,8095,7336
8990,train,725,7337
8992,train,8992,7339
8993,train,8993,7340
8995,train,8995,7342
8997,train,8996,7344
8998,train,8998,7345
8999,train,2386,7346
9000,train,2386,7347
9003,train,2386,7350
9004,train,2386,7351
9009,train,9009,7354
9011,train,9011,7356
9012,train,9012,7357
9014,train,9014,7359
9017,train,2089,7361
9018,train,9018,7362
9019,train,9018,7363
9020,train,9018,7364
9022,train,9022,7366
9023,train,9023,7367
9026,train,9026,7368
9028,train,9028,7369
9029,train,9029,7370
9032,train,9032,7371
9035,train,7597,7372
9039,train,9039,7374
9040,train,9040,7375
9042,train,1958,7376
9043,train,9043,7377
9049,train,6015,7383
9053,train,9053,7384
9054,train,9054,7385
9055,train,230,7386
9057,train,9057,7387
9059,train,9057,7389
9063,train,9063,7392
9066,train,9063,7395
9068,train,9063,7397
9070,train,9063,7399
9072,train,9071,7401
9076,train,9076,7405
9077,train,2322,7406
9080,train,9080,7407
9081,train,9081,7408
9085,train,9085,7411
9086,train,9086,7412
9087,train,9087,7413
9089,train,9089,7415
9092,train,9092,7416
9093,train,9093,7417
9095,train,9093,7419
9097,train,9097,7421
9098,train,9098,7422
9102,train,9101,7426
9103,train,9103,7427
9104,train,9104,7428
9105,train,9100,7429
9107,train,9107,7430
9109,train,9108,7432
9112,train,9112,7434
9114,train,9114,7435
9115,train,9115,7436
9117,train,9114,7437
9118,train,9114,7438
9120,train,9114,7440
9122,train,9122,7442
9123,train,9122,7443
9124,train,9114,7444
9125,train,9125,7445
9128,train,2314,7447
9130,train,3419,7448
9131,train,3419,7449
9132,train,9132,7450
9135,train,293,7453
9136,train,293,7454
9137,train,9137,7455
9140,train,293,7458
9141,train,9093,7459
9142,train,59,7460
9146,train,8781,7461
9147,train,2301,7462
9150,train,85,7463
9151,train,85,7464
9152,train,85,7465
9153,train,9153,7466
9154,train,9154,7467
9155,train,9155,7468
9161,train,9161,7472
9162,train,9162,7473
9163,train,9163,7474
9165,train,9165,7475
9166,train,9166,7476
9168,train,9168,7477
9170,train,8095,7478
9172,train,9172,7480
9178,train,734,7483
9179,train,9179,7484
9182,train,9182,7486
9183,train,9183,7487
9184,train,9184,7488
9185,train,9185,7489
9188,train,1418,7491
9189,train,1418,7492
9191,train,1418,7494
9192,train,1418,7495
9194,train,1418,7497
9195,train,1418,7498
9196,train,1418,7499
9199,train,8177,7502
9201,train,9201,7504
9211,train,9211,7505
9213,train,9213,7507
9214,train,9213,7508
9216,train,9213,7510
9217,train,9213,7511
9221,train,9220,7515
9222,train,4764,7516
9225,train,2735,7519
9226,train,9226,7520
9227,train,9226,7521
9240,train,9240,7522
9244,train,9244,7524
9253,train,9253,7525
9259,train,9259,7526
9260,train,4109,7527
9261,train,9261,7528
9262,train,9261,7529
9265,train,9261,7532
9276,train,9276,7535
9280,train,9276,7539
9282,train,9282,7540
9284,train,9284,7542
9288,train,9288,7544
9289,train,134,7545
9290,train,9290,7546
9297,train,9297,7549
9305,train,4413,7552
9306,train,125,7553
9310,train,9310,7556
9311,train,9311,7557
9314,train,640,7558
9320,train,9320,7562
9332,train,9332,7568
9335,train,9335,7571
9339,train,9339,7573
9342,train,134,7576
9343,train,9343,7577
9345,train,5202,7579
9346,train,9346,7580
9347,train,9347,7581
9349,train,9349,7583
9352,train,9352,7586
9353,train,9353,7587
9354,train,4517,7588
9355,train,4517,7589
9356,train,9356,7590
9358,train,9358,7592
9359,train,9359,7593
9361,train,9358,7594
9363,train,9363,7595
9364,train,9364,7596
9366,train,9364,7598
9368,train,9368,7599
9369,train,9368,7600
9370,train,134,7601
9371,train,7624,7602
9374,train,9373,7605
9375,train,134,7606
9376,train,134,7607
9378,train,134,7608
9380,train,9380,7609
9381,train,134,7610
9383,train,134,7612
9384,train,134,7613
9386,train,134,7615
9387,train,134,7616
9388,train,9388,7617
9390,train,134,7619
9391,train,134,7620
9392,train,134,7621
9393,train,134,7622
9394,train,134,7623
9395,train,134,7624
9397,train,134,7626
9398,train,4819,7627
9400,train,9400,7629
9401,train,9401,7630
9403,train,134,7632
9404,train,1604,7633
9405,train,3605,7634
9407,train,1770,7635
9408,train,7624,7636
9411,train,9411,7638
9415,train,9415,7642
9418,train,9418,7644
9419,train,9419,7645
9423,train,9423,7647
9424,train,6904,7648
9426,train,9426,7650
9428,train,9427,7652
9429,train,2968,7653
9430,train,2962,7654
9434,train,6015,7657
9435,train,9435,7658
9437,train,9437,7659
9439,train,9439,7661
9440,train,6015,7662
9441,train,9441,7663
9443,train,9443,7665
9446,train,134,7667
9447,train,9380,7668
9448,train,134,7669
9449,train,134,7670
9451,train,134,7671
9452,train,9380,7672
9453,train,9380,7673
9454,train,134,7674
9455,train,134,7675
9457,train,9380,7677
9458,train,134,7678
9459,train,134,7679
9460,train,134,7680
9461,train,134,7681
9462,train,134,7682
9463,train,9463,7683
9465,train,9465,7684
9468,train,5761,7685
9476,train,122,7689
9477,train,122,7690
9479,train,395,7691
9480,train,395,7692
9483,train,122,7695
9484,train,122,7696
9485,train,122,7697
9487,train,122,7699
9489,train,122,7701
9490,train,9490,7702
9493,train,9493,7705
9494,train,449,7706
9496,train,4992,7707
9499,train,9498,7710
9500,train,9500,7711
9503,train,9503,7714
9505,train,9505,7715
9506,train,9365,7716
9511,train,9365,7720
9515,train,8024,7721
9516,train,9509,7722
9517,train,9517,7723
9518,train,3056,7724
9519,train,9498,7725
9520,train,2217,7726
9522,train,6118,7728
9525,train,9525,7730
9527,train,9435,7732
9530,train,9435,7735
9531,train,9435,7736
9532,train,9435,7737
9534,train,9435,7739
9536,train,9435,7741
9537,train,9435,7742
9538,train,9435,7743
9541,train,2990,7746
9550,train,248,7751
9553,train,5747,7753
9555,train,9555,7755
9557,train,9557,7757
9560,train,9560,7760
9561,train,8914,7761
9562,train,8914,7762
9564,train,9564,7764
9565,train,9565,7765
9566,train,9435,7766
9567,train,9365,7767
9572,train,9571,7771
9575,train,9571,7773
9580,train,9571,7774
9596,train,9435,7776
9597,train,8421,7777
9601,train,8421,7781
9604,train,811,7784
9605,train,8421,7785
9608,train,6120,7787
9609,train,3056,7788
9612,train,9612,7789
9615,train,9615,7791
9616,train,9615,7792
9617,train,9615,7793
9618,train,6736,7794
9622,train,6736,7798
9623,train,9623,7799
9626,train,9626,7802
9627,train,449,7803
9628,train,9615,7804
9631,train,2083,7807
9632,train,2083,7808
9634,train,152,7810
9636,train,9623,7811
9639,train,9639,7813
9640,train,9640,7814
9643,train,9643,7817
9644,train,9644,7818
9646,train,9645,7820
9648,train,9648,7822
9649,train,9649,7823
9650,train,5424,7824
9651,train,9651,7825
9652,train,9652,7826
9653,train,9652,7827
9654,train,9654,7828
9655,train,9655,7829
9659,train,9659,7833
9660,train,9660,7834
9661,train,9661,7835
9662,train,4133,7836
9666,train,9666,7838
9667,train,9667,7839
9669,train,9669,7840
9674,train,9674,7844
9675,train,9674,7845
9678,train,9674,7848
9679,train,9674,7849
9680,train,9674,7850
9681,train,9681,7851
9691,train,9691,7856
9692,train,3643,7857
9693,train,3643,7858
9694,train,9694,7859
9695,train,9695,7860
9706,train,449,7861
9708,train,9708,7862
9709,train,3241,7863
9713,train,9713,7867
9714,train,3241,7868
9719,train,9719,7869
9720,train,3241,7870
9721,train,3241,7871
9723,train,122,7872
9724,train,395,7873
9727,train,449,7875
9728,train,449,7876
9732,train,9502,7880
9733,train,449,7881
9735,train,9735,7883
9738,train,9737,7886
9739,train,2912,7887
9740,train,9740,7888
9744,train,9744,7890
9746,train,9745,7892
9747,train,1961,7893
9749,train,6348,7895
9750,train,9750,7896
9751,train,9751,7897
9752,train,8394,7898
9755,train,4855,7900
9756,train,9435,7901
9758,train,9435,7903
9760,train,9435,7905
9764,train,9435,7909
9765,train,3509,7910
9767,train,9767,7911
9768,train,999,7912
9769,train,9740,7913
9770,train,9770,7914
9771,train,9771,7915
9772,train,9771,7916
9773,train,9771,7917
9775,train,3056,7919
9777,train,9777,7921
9778,train,9778,7922
9779,train,9779,7923
9781,train,9751,7925
9782,train,3241,7926
9783,train,9710,7927
9784,train,3241,7928
9785,train,9785,7929
9786,train,6348,7930
9787,train,9787,7931
9789,train,9789,7932
9790,train,9276,7933
9793,train,9793,7936
9794,train,9276,7937
9798,train,9798,7940
9800,train,9800,7941
9801,train,9801,7942
9803,train,9803,7944
9810,train,9810,7947
9814,train,9814,7948
9815,train,7597,7949
9816,train,1618,7950
9817,train,9817,7951
9818,train,9818,7952
9819,train,4621,7953
9821,train,9821,7954
9826,train,9826,7956
9827,train,9827,7957
9829,train,8746,7959
9831,train,9831,7960
9835,train,521,7962
9838,train,9838,7963
9840,train,9840,7964
9845,train,9845,7966
9847,train,9064,7967
9849,train,9849,7968
9850,train,9850,7969
9852,train,9849,7970
9853,train,9853,7971
9854,train,92,7972
9861,train,9861,7974
9862,train,9862,7975
9863,train,9863,7976
9864,train,9863,7977
9865,train,9865,7978
9871,train,241,7980
9876,train,9876,7983
9877,train,182,7984
9878,train,9878,7985
9883,train,9883,7987
9886,train,9883,7990
9887,train,9883,7991
9888,train,9883,7992
9894,train,9883,7998
9897,train,9883,8000
9900,train,9883,8002
9901,train,9901,8003
9907,train,8351,8005
9908,train,9908,8006
9911,train,9911,8009
9918,train,9918,8012
9919,train,7597,8013
9920,train,9920,8014
9926,train,854,8016
9933,train,9933,8019
9935,train,9935,8021
9936,train,9934,8022
9937,train,9623,8023
9938,train,9938,8024
9939,train,9938,8025
9940,train,9938,8026
9946,train,9681,8030
9947,train,9767,8031
9949,train,9949,8033
9950,train,9767,8034
9952,train,9681,8036
9953,train,9734,8037
9954,train,9954,8038
9958,train,9954,8042
9959,train,9954,8043
9960,train,9954,8044
9961,train,9961,8045
9962,train,9961,8046
9966,train,9966,8050
9967,train,4068,8051
9969,train,9969,8053
9970,train,9970,8054
9972,train,9938,8056
9973,train,9938,8057
9976,train,9938,8060
9977,train,9938,8061
9978,train,9932,8062
9980,train,9639,8064
9981,train,9981,8065
9982,train,3395,8066
9983,train,1101,8067
9984,train,7940,8068
9985,train,2489,8069
9986,train,9986,8070
9987,train,9987,8071
9989,train,6960,8073
9990,train,3590,8074
9991,train,4265,8075
9992,train,3590,8076
9993,train,3590,8077
9998,train,2302,8079
10000,train,4855,8080
10009,train,410,8082
10012,train,4265,8083
10013,train,4265,8084
10014,train,10014,8085
10022,train,4855,8086
10032,train,4265,8088
10036,train,10035,8091
10037,train,9938,8092
10040,train,9938,8095
10042,train,9970,8097
10044,train,10044,8099
10046,train,10046,8101
10047,train,10047,8102
10048,train,9938,8103
10051,train,2489,8105
10052,train,10052,8106
10054,train,343,8108
10058,train,5292,8110
10059,train,5292,8111
10060,train,5292,8112
10065,train,10065,8117
10066,train,10065,8118
10068,train,10068,8120
10071,train,10068,8123
10073,train,10073,8125
10074,train,10073,8126
10076,train,10073,8128
10079,train,6480,8130
10081,train,10081,8132
10083,train,6747,8133
10085,train,9057,8134
10086,train,9057,8135
10088,train,9058,8137
10090,train,10090,8139
10091,train,9057,8140
10092,train,9058,8141
10094,train,9057,8143
10095,train,10090,8144
10096,train,10090,8145
10097,train,10097,8146
10098,train,9058,8147
10099,train,10099,8148
10102,train,10102,8149
10106,train,10106,8152
10107,train,10107,8153
10112,train,10112,8155
10114,train,10114,8156
10119,train,10119,8159
10121,train,5925,8160
10122,train,5925,8161
10124,train,10124,8162
10126,train,10126,8164
10128,train,10128,8166
10131,train,5081,8167
10134,train,1671,8170
10135,train,10135,8171
10137,train,10137,8173
10138,train,4980,8174
10139,train,10139,8175
10140,train,10140,8176
10141,train,10141,8177
10142,train,10142,8178
10144,train,9503,8180
10145,train,10145,8181
10146,train,10146,8182
10149,train,10149,8184
10150,train,10150,8185
10157,train,10157,8189
10161,train,2529,8192
10165,train,10165,8193
10169,train,5371,8196
10170,train,10170,8197
10171,train,10171,8198
10173,train,5190,8199
10176,train,5371,8201
10177,train,5371,8202
10179,train,5371,8204
10181,train,10181,8206
10183,train,10182,8208
10187,train,10182,8211
10188,train,10188,8212
10191,train,1504,8213
10195,train,10195,8216
10200,train,10198,8218
10203,train,10203,8220
10205,train,10205,8222
10206,train,10206,8223
10208,train,4201,8225
10209,train,4201,8226
10212,train,4201,8229
10217,train,10217,8230
10218,train,10218,8231
10223,train,10223,8233
10227,train,10227,8234
10230,train,10230,8237
10236,train,3203,8241
10237,train,9261,8242
10239,train,9261,8244
10241,train,10241,8246
10250,train,10250,8250
10252,train,10252,8251
10257,train,10252,8256
10259,train,10252,8258
10261,train,10252,8260
10263,train,10263,8262
10264,train,10264,8263
10267,train,10267,8265
10271,train,10271,8266
10272,train,10272,8267
10274,train,108,8269
10275,train,6374,8270
10276,train,108,8271
10279,train,10279,8273
10280,train,10280,8274
10281,train,1774,8275
10282,train,5110,8276
10283,train,5110,8277
10284,train,5110,8278
10288,train,1774,8282
10291,train,5105,8285
10292,train,10279,8286
10299,train,8849,8288
10300,train,8849,8289
10309,train,10309,8294
10310,train,279,8295
10311,train,10309,8296
10318,train,10312,8301
10319,train,10312,8302
10321,train,10321,8304
10322,train,10322,8305
10323,train,10323,8306
10326,train,10326,8309
10327,train,1671,8310
10328,train,1671,8311
10329,train,1671,8312
10330,train,1671,8313
10332,train,1671,8315
10334,train,1671,8316
10339,train,10339,8317
10343,train,10343,8319
10344,train,10344,8320
10352,train,10352,8323
10365,train,10365,8325
10367,train,10367,8327
10368,train,10368,8328
10369,train,10368,8329
10372,train,8648,8331
10373,train,10373,8332
10376,train,10376,8335
10379,train,10379,8336
10380,train,10380,8337
10383,train,10383,8340
10384,train,10384,8341
10385,train,10314,8342
10387,train,10314,8344
10388,train,10314,8345
10392,train,10312,8346
10393,train,10312,8347
10394,train,9276,8348
10395,train,9276,8349
10396,train,9276,8350
10398,train,9276,8352
10406,train,227,8355
10407,train,10407,8356
10409,train,10409,8358
10411,train,10411,8360
10412,train,631,8361
10413,train,3247,8362
10414,train,9261,8363
10416,train,10416,8365
10417,train,10417,8366
10418,train,163,8367
10419,train,10419,8368
10425,train,5510,8370
10427,train,3420,8371
10429,train,10429,8372
10436,train,10435,8374
10438,train,10438,8375
10440,train,9276,8377
10443,train,340,8380
10446,train,10446,8381
10447,train,10447,8382
10449,train,10449,8383
10452,train,10452,8384
10453,train,6884,8385
10462,train,10462,8386
10464,train,10464,8387
10467,train,10467,8389
10468,train,10466,8390
10469,train,10466,8391
10472,train,10466,8394
10474,train,10473,8396
10475,train,10473,8397
10476,train,10473,8398
10477,train,10473,8399
10478,train,10478,8400
10482,train,10252,8404
10484,train,5110,8405
10485,train,5110,8406
10486,train,9970,8407
10487,train,5110,8408
10489,train,5110,8410
10490,train,9938,8411
10492,train,9179,8412
10493,train,10466,8413
10494,train,9970,8414
10495,train,10495,8415
10496,train,10496,8416
10498,train,10498,8417
10499,train,10499,8418
10500,train,10500,8419
10503,train,10499,8420
10504,train,10504,8421
10508,train,3793,8424
10509,train,8051,8425
10511,train,10511,8427
10516,train,10516,8431
10517,train,10517,8432
10518,train,10518,8433
10523,train,206,8437
10526,train,9276,8440
10532,train,10532,8445
10534,train,4201,8447
10540,train,509,8450
10541,train,608,8451
10545,train,10545,8452
10550,train,10550,8453
10554,train,253,8456
10556,train,10556,8457
10558,train,10558,8459
10559,train,10559,8460
10561,train,10561,8462
10562,train,10562,8463
10563,train,10562,8464
10565,train,10565,8466
10568,train,10565,8469
10570,train,10570,8471
10571,train,10571,8472
10573,train,10573,8474
10574,train,10574,8475
10577,train,10577,8478
10578,train,10578,8479
10579,train,10579,8480
10580,train,10580,8481
10583,train,4577,8484
10584,train,2552,8485
10585,train,10580,8486
10586,train,4034,8487
10587,train,4034,8488
10590,train,3598,8491
10591,train,4740,8492
10593,train,2854,8494
10594,train,10594,8495
10595,train,5282,8496
10596,train,10596,8497
10598,train,10598,8499
10600,train,10600,8501
10601,train,10601,8502
10603,train,10603,8504
10604,train,10604,8505
10605,train,10605,8506
10609,train,10609,8510
10610,train,738,8511
10612,train,10612,8513
10613,train,10613,8514
10614,train,10614,8515
10615,train,10615,8516
10616,train,2013,8517
10617,train,10617,8518
10619,train,6837,8520
10620,train,10620,8521
10621,train,10621,8522
10623,train,10623,8523
10624,train,3902,8524
10628,train,10628,8525
10629,train,10629,8526
10630,train,8010,8527
10631,train,10631,8528
10636,train,10636,8533
10637,train,10637,8534
10638,train,10638,8535
10639,train,10639,8536
10643,train,5051,8540
10644,train,3401,8541
10648,train,2268,8544
10649,train,10649,8545
10650,train,10650,8546
10654,train,10654,8549
10655,train,10655,8550
10656,train,10656,8551
10657,train,9212,8552
10660,train,10660,8555
10661,train,10661,8556
10662,train,10662,8557
10663,train,10663,8558
10664,train,10664,8559
10665,train,10665,8560
10667,train,10667,8562
10668,train,10668,8563
10669,train,10669,8564
10671,train,10665,8566
10674,train,10674,8569
10677,train,10677,8571
10681,train,10681,8575
10682,train,10682,8576
10683,train,10683,8577
10684,train,10684,8578
10685,train,4231,8579
10686,train,4231,8580
10687,train,152,8581
10691,train,10691,8585
10692,train,4231,8586
10693,train,4231,8587
10694,train,10694,8588
10699,train,10699,8591
10703,train,1299,8595
10704,train,1299,8596
10705,train,10705,8597
10706,train,10706,8598
10711,train,4438,8603
10712,train,4425,8604
10713,train,4425,8605
10714,train,10714,8606
10716,train,10716,8608
10719,train,10719,8610
10720,train,9011,8611
10721,train,9011,8612
10722,train,10722,8613
10723,train,10723,8614
10725,train,10725,8616
10726,train,10726,8617
10727,train,10727,8618
10728,train,5424,8619
10729,train,10729,8620
10731,train,10731,8622
10733,train,4465,8624
10740,train,10740,8625
10742,train,9863,8627
10743,train,9863,8628
10745,train,10745,8630
10747,train,10747,8632
10748,train,10623,8633
10749,train,10623,8634
10751,train,10751,8636
10752,train,10752,8637
10755,train,1890,8639
10756,train,4231,8640
10760,train,10760,8642
10763,train,10763,8645
10764,train,10764,8646
10769,train,10769,8649
10770,train,10770,8650
10773,train,10773,8653
10777,train,10777,8656
10779,train,10779,8658
10780,train,10780,8659
10781,train,10781,8660
10783,train,94,8662
10784,train,5767,8663
10785,train,10766,8664
10787,train,10787,8666
10790,train,10790,8669
10791,train,10790,8670
10792,train,10792,8671
10794,train,10793,8673
10795,train,10795,8674
10796,train,10796,8675
10798,train,10798,8677
10802,train,10802,8680
10803,train,10803,8681
10804,train,10804,8682
10805,train,10805,8683
10807,train,10807,8685
10809,train,10809,8687
10810,train,10810,8688
10813,train,10813,8690
10814,train,10814,8691
10817,train,10817,8694
10818,train,10813,8695
10819,train,10813,8696
10820,train,10820,8697
10821,train,10821,8698
10824,train,10824,8701
10826,train,10825,8703
10827,train,10827,8704
10828,train,10828,8705
10829,train,10829,8706
10832,train,10832,8709
10833,train,10833,8710
10834,train,10834,8711
10837,train,10837,8714
10840,train,10840,8717
10841,train,10841,8718
10844,train,3314,8720
10850,train,10850,8722
10853,train,10853,8724
10855,train,10855,8726
10859,train,10859,8729
10860,train,10860,8730
10862,train,10862,8732
10863,train,10863,8733
10870,train,10870,8739
10871,train,10871,8740
10879,train,10848,8744
10881,train,10881,8746
10883,train,10883,8747
10884,train,10884,8748
10885,train,10885,8749
10886,train,10886,8750
10889,train,559,8752
10892,train,10892,8755
10896,train,10896,8757
10897,train,10897,8758
10900,train,10900,8761
10904,train,10904,8764
10905,train,10905,8765
10906,train,10906,8766
10908,train,2585,8768
10910,train,2585,8770
10911,train,10911,8771
10912,train,10912,8772
10914,train,10914,8774
10915,train,10915,8775
10917,train,10907,8777
10920,train,6663,8779
10922,train,10922,8780
10923,train,10922,8781
10926,train,10898,8783
10927,train,10927,8784
10936,train,10936,8791
10937,train,10937,8792
10939,train,10939,8794
10948,train,10900,8796
10949,train,10913,8797
10955,train,3673,8798
10956,train,3673,8799
10976,train,10976,8800
10981,train,10981,8804
10983,train,414,8805
10986,train,10986,8808
10987,train,10987,8809
10989,train,10989,8811
10991,train,10991,8813
10996,train,10981,8815
10998,train,811,8817
11000,train,11000,8819
11001,train,11001,8820
11002,train,8421,8821
11007,train,11005,8825
11011,train,11011,8828
11012,train,5608,8829
11013,train,12,8830
11015,train,11015,8832
11017,train,11017,8834
11018,train,11015,8835
11020,train,4427,8836
11021,train,11021,8837
11023,train,11023,8839
11024,train,11024,8840
11027,train,11027,8842
11029,train,11029,8844
11030,train,6071,8845
11035,train,8429,8846
11037,train,11037,8848
11042,train,11042,8853
11043,train,11043,8854
11044,train,10115,8855
11045,train,11045,8856
11046,train,3420,8857
11058,train,6837,8858
11061,train,11061,8860
11062,train,11062,8861
11074,train,11074,8863
11075,train,11075,8864
11077,train,11077,8865
11078,train,4694,8866
11079,train,11079,8867
11081,train,1844,8868
11082,train,11082,8869
11083,train,11083,8870
11084,train,11084,8871
11086,train,11086,8872
11087,train,11087,8873
11089,train,11089,8875
11092,train,11092,8878
11095,train,11095,8880
11096,train,11096,8881
11100,train,11100,8883
11101,train,11101,8884
11105,train,11105,8886
11108,train,11105,8887
11109,train,11109,8888
11110,train,11110,8889
11111,train,11110,8890
11113,train,11113,8892
11114,train,1958,8893
11115,train,11115,8894
11116,train,6717,8895
11117,train,6463,8896
11118,train,11118,8897
11121,train,11121,8900
11122,train,253,8901
11123,train,11123,8902
11124,train,11124,8903
11125,train,11125,8904
11126,train,9184,8905
11127,train,11127,8906
11129,train,2559,8908
11130,train,11130,8909
11132,train,482,8911
11135,train,11135,8913
11137,train,11137,8914
11138,train,11138,8915
11140,train,11140,8916
11146,train,11146,8918
11147,train,11147,8919
11148,train,11148,8920
11151,train,11151,8923
11154,train,11154,8925
11155,train,11155,8926
11157,train,11157,8928
11161,train,5896,8931
11162,train,11162,8932
11163,train,11163,8933
11169,train,11169,8936
11172,train,11172,8937
11173,train,11173,8938
11174,train,11174,8939
11175,train,11175,8940
11176,train,11175,8941
11185,train,11185,8944
11188,train,4744,8946
11189,train,11189,8947
11190,train,11190,8948
11191,train,11191,8949
11199,train,11199,8951
11200,train,11200,8952
11202,train,11202,8953
11203,train,11203,8954
11204,train,11204,8955
11205,train,11205,8956
11207,train,11207,8958
11209,train,11209,8960
11210,train,11210,8961
11211,train,11211,8962
11214,train,11214,8964
11215,train,11215,8965
11219,train,10676,8969
11221,train,11221,8971
11222,train,11222,8972
11224,train,11224,8973
11228,train,11227,8975
11234,train,11234,8977
11235,train,11235,8978
11238,train,11238,8980
11239,train,11239,8981
11240,train,11240,8982
11241,train,3446,8983
11242,train,11242,8984
11243,train,11243,8985
11244,train,11244,8986
11245,train,11245,8987
11249,train,11249,8990
11252,train,231,8992
11253,train,11253,8993
11254,train,11254,8994
11255,train,11255,8995
11256,train,11256,8996
11258,train,11258,8998
11259,train,11259,8999
11260,train,11210,9000
11261,train,3779,9001
11263,train,11263,9002
11265,train,11265,9004
11281,train,11281,9005
11283,train,11283,9006
11285,train,11285,9007
11286,train,11286,9008
11287,train,11287,9009
11288,train,11287,9010
11292,train,11292,9011
11304,train,11304,9015
11306,train,11306,9017
11307,train,11307,9018
11308,train,11308,9019
11310,train,11310,9021
11311,train,11311,9022
11314,train,11314,9025
11315,train,11315,9026
11316,train,11316,9027
11318,train,11318,9029
11319,train,11317,9030
11322,train,11322,9033
11325,train,10938,9034
11326,train,10938,9035
11327,train,10938,9036
11328,train,10938,9037
11330,train,11330,9039
11332,train,3401,9041
11333,train,11333,9042
11334,train,1842,9043
11335,train,5946,9044
11336,train,11336,9045
11338,train,3314,9047
11339,train,4623,9048
11343,train,4465,9052
11344,train,11344,9053
11347,train,4577,9056
11348,train,11348,9057
11351,train,11346,9060
11352,train,11352,9061
11353,train,11353,9062
11363,train,11363,9065
11365,train,11365,9066
11367,train,11367,9067
11369,train,11369,9069
11370,train,11370,9070
11374,train,11374,9074
11379,train,11379,9077
11381,train,11381,9078
11382,train,11382,9079
11389,train,11389,9083
11395,train,11395,9086
11396,train,11396,9087
11397,train,11396,9088
11399,train,11399,9090
11408,train,11408,9094
11411,train,11411,9097
11412,train,11412,9098
11413,train,11410,9099
11418,train,5342,9102
11419,train,8303,9103
11420,train,11420,9104
11423,train,10848,9105
11425,train,11425,9107
11426,train,11426,9108
11427,train,5230,9109
11431,train,11431,9111
11432,train,11432,9112
11434,train,11434,9114
11436,train,4174,9116
11437,train,4174,9117
11438,train,11438,9118
11439,train,11439,9119
11441,train,11441,9120
11442,train,5486,9121
11443,train,11443,9122
11444,train,11444,9123
11446,train,11446,9125
11448,train,11448,9127
11449,train,11449,9128
11450,train,11450,9129
11451,train,5618,9130
11452,train,11452,9131
11454,train,10848,9132
11456,train,11456,9133
11457,train,11457,9134
11462,train,3043,9135
11466,train,5795,9136
11469,train,11469,9139
11470,train,10848,9140
11477,train,5136,9143
11478,train,4438,9144
11480,train,6907,9145
11482,train,11482,9147
11483,train,2771,9148
11485,train,11485,9149
11486,train,11486,9150
11487,train,11486,9151
11488,train,11488,9152
11491,train,10373,9153
11493,train,482,9155
11497,train,11286,9157
11498,train,11498,9158
11499,train,7374,9159
11503,train,11503,9162
11507,train,249,9164
11508,train,11508,9165
11510,train,2792,9167
11511,train,6913,9168
11512,train,1903,9169
11514,train,11514,9171
11515,train,11515,9172
11518,train,4148,9174
11523,train,11523,9176
11524,train,11524,9177
11528,train,11528,9181
11531,train,2115,9182
11532,train,11532,9183
11539,train,11539,9186
11540,train,11540,9187
11541,train,11541,9188
11542,train,11542,9189
11543,train,8616,9190
11544,train,11544,9191
11547,train,11547,9193
11550,train,11550,9196
11551,train,11551,9197
11553,train,3521,9199
11554,train,11551,9200
11556,train,11551,9202
11557,train,11551,9203
11558,train,11558,9204
11559,train,7606,9205
11560,train,4136,9206
11562,train,11562,9207
11563,train,11563,9208
11564,train,11564,9209
11566,train,11566,9211
11567,train,811,9212
11578,train,11578,9215
11579,train,4455,9216
11581,train,11581,9218
11585,train,11585,9222
11586,train,11586,9223
11587,train,11587,9224
11598,train,4297,9226
11600,train,10820,9227
11601,train,10820,9228
11602,train,10820,9229
11603,train,2332,9230
11608,train,2332,9234
11609,train,2018,9235
11610,train,11610,9236
11613,train,2069,9237
11614,train,11614,9238
11626,train,11626,9241
11627,train,4077,9242
11629,train,4077,9244
11630,train,11630,9245
11631,train,10938,9246
11632,train,10938,9247
11633,train,10938,9248
11634,train,10938,9249
11638,train,11638,9251
11639,train,11639,9252
11646,train,1671,9255
11649,train,11649,9256
11656,train,5302,9257
11669,train,5302,9258
11670,train,11670,9259
11680,train,5302,9261
11681,train,5302,9262
11682,train,5302,9263
11684,train,11670,9265
11691,train,5302,9267
11692,train,11692,9268
11693,train,11692,9269
11694,train,73,9270
11696,train,11696,9271
11697,train,11697,9272
11699,train,11699,9273
11700,train,11700,9274
11702,train,11702,9276
11704,train,5486,9277
11708,train,11708,9279
11711,train,11711,9280
11712,train,11712,9281
11713,train,11713,9282
11714,train,6312,9283
11715,train,2067,9284
11722,train,3793,9287
11725,train,3793,9290
11728,train,11728,9292
11729,train,11729,9293
11730,train,5079,9294
11731,train,5079,9295
11736,train,11735,9298
11743,train,3319,9299
11747,train,3319,9300
11750,train,1462,9301
11755,train,11755,9304
11756,train,11756,9305
11759,train,11759,9307
11760,train,11760,9308
11761,train,160,9309
11763,train,11763,9310
11765,train,11763,9312
11767,train,11763,9314
11768,train,11763,9315
11769,train,3580,9316
11770,train,3580,9317
11771,train,3580,9318
11773,train,5484,9319
11774,train,5484,9320
11776,train,113,9322
11793,train,688,9325
11796,train,11796,9326
11806,train,11806,9328
11807,train,11807,9329
11808,train,11807,9330
11813,train,11813,9334
11814,train,11814,9335
11815,train,11813,9336
11816,train,11816,9337
11817,train,11817,9338
11818,train,11818,9339
11821,train,9883,9342
11824,train,9883,9345
11825,train,9883,9346
11826,train,9883,9347
11827,train,9883,9348
11829,train,9883,9350
11830,train,9901,9351
11831,train,9883,9352
11833,train,9883,9354
11834,train,9883,9355
11835,train,9883,9356
11836,train,9883,9357
11837,train,9883,9358
11840,train,9883,9361
11843,train,9883,9363
11848,train,9883,9368
11849,train,11849,9369
11860,train,11860,9370
11862,train,7597,9371
11863,train,7597,9372
11864,train,7597,9373
11878,train,5302,9375
11881,train,5437,9377
11889,train,11889,9379
11892,train,11891,9382
11902,train,11902,9384
11909,train,11909,9386
11910,train,11910,9387
11924,train,9044,9393
11925,train,11925,9394
11927,train,22,9396
11928,train,11928,9397
11930,train,11930,9398
11931,train,11931,9399
11932,train,8691,9400
11933,train,11933,9401
11935,train,11935,9402
11937,train,1077,9403
11938,train,11938,9404
11939,train,7597,9405
11941,train,11941,9406
11943,train,11943,9408
11944,train,8972,9409
11946,train,11946,9410
11947,train,7971,9411
11950,train,7971,9414
11951,train,11951,9415
11952,train,11952,9416
11955,train,5371,9419
11958,train,11958,9420
11959,train,11958,9421
11960,train,11958,9422
11964,train,11964,9425
11966,train,9624,9427
11967,train,2102,9428
11970,train,2102,9431
11971,train,2102,9432
11972,train,2102,9433
11973,train,2102,9434
11974,train,5729,9435
11976,train,4231,9437
11977,train,11977,9438
11978,train,11977,9439
11979,train,11977,9440
11981,train,11981,9442
11983,train,4231,9444
11985,train,4231,9445
11986,train,4231,9446
11987,train,4231,9447
11988,train,11988,9448
11989,train,11981,9449
11990,train,11990,9450
11991,train,11991,9451
11993,train,11991,9453
11999,train,11999,9456
12000,train,10506,9457
12001,train,12001,9458
12012,train,4855,9460
12014,train,1537,9461
12018,train,12018,9462
12019,train,12019,9463
12022,train,12022,9464
12023,train,482,9465
12025,train,12025,9467
12046,train,12046,9470
12049,train,12048,9473
12050,train,12050,9474
12051,train,12051,9475
12052,train,12052,9476
12053,train,754,9477
12056,train,12056,9478
12057,train,12056,9479
12058,train,12058,9480
12060,train,12056,9481
12062,train,12062,9483
12066,train,12066,9485
12067,train,12067,9486
12071,train,12071,9487
12084,train,8150,9489
12085,train,8150,9490
12087,train,12087,9492
12089,train,8150,9494
12091,train,8150,9496
12092,train,12087,9497
12093,train,12088,9498
12095,train,12095,9500
12098,train,12098,9503
12102,train,12102,9505
12103,train,12103,9506
12104,train,12104,9507
12105,train,12105,9508
12106,train,12106,9509
12107,train,12107,9510
12109,train,12109,9511
12111,train,12056,9512
12113,train,12113,9513
12117,train,12117,9515
12120,train,12117,9518
12121,train,12117,9519
12123,train,12117,9521
12124,train,12117,9522
12125,train,12117,9523
12126,train,12117,9524
12129,train,12117,9527
12130,train,12130,9528
12137,train,734,9531
12151,train,12151,9532
12152,train,746,9533
12154,train,12154,9535
12155,train,12155,9536
12156,train,12155,9537
12157,train,12154,9538
12159,train,12154,9540
12174,train,12174,9545
12177,train,12177,9546
12182,train,12182,9548
12183,train,12182,9549
12184,train,12182,9550
12185,train,12182,9551
12187,train,12182,9553
12188,train,12182,9554
12190,train,179,9556
12191,train,179,9557
12192,train,179,9558
12195,train,179,9561
12196,train,179,9562
12197,train,12197,9563
12198,train,12197,9564
12200,train,12182,9566
12202,train,12182,9568
12204,train,12182,9570
12208,train,12208,9571
12210,train,12210,9572
12211,train,12211,9573
12214,train,12214,9576
12215,train,12215,9577
12218,train,12218,9579
12219,train,22,9580
12220,train,22,9581
12221,train,12221,9582
12229,train,12229,9586
12230,train,12230,9587
12231,train,12231,9588
12240,train,12240,9590
12243,train,12240,9593
12244,train,12241,9594
12246,train,12240,9596
12250,train,12241,9600
12251,train,12155,9601
12253,train,12154,9603
12256,train,12256,9604
12257,train,12257,9605
12258,train,9878,9606
12262,train,12262,9609
12265,train,12265,9611
12278,train,12278,9612
12279,train,12278,9613
12284,train,12283,9617
12285,train,12283,9618
12286,train,12283,9619
12287,train,12283,9620
12290,train,12290,9621
12291,train,12291,9622
12294,train,12294,9624
12295,train,12294,9625
12296,train,12294,9626
12300,train,12300,9629
12301,train,12301,9630
12305,train,12305,9632
12306,train,12306,9633
12307,train,12306,9634
12309,train,12309,9636
12311,train,12311,9638
12312,train,12312,9639
12313,train,12313,9640
12315,train,12315,9642
12318,train,3961,9644
12326,train,12221,9647
12352,train,12351,9653
12369,train,12369,9655
12370,train,8798,9656
12371,train,8798,9657
12375,train,12375,9658
12376,train,8798,9659
12378,train,12378,9660
12379,train,12379,9661
12380,train,12380,9662
12381,train,12378,9663
12382,train,12382,9664
12383,train,12382,9665
12385,train,12382,9667
12386,train,12386,9668
12387,train,8798,9669
12392,train,12306,9670
12395,train,12395,9672
12402,train,12402,9673
12420,train,9883,9674
12421,train,12421,9675
12428,train,2161,9678
12430,train,2161,9680
12431,train,12431,9681
12432,train,12432,9682
12434,train,12434,9684
12436,train,12435,9686
12437,train,12435,9687
12438,train,12433,9688
12439,train,12433,9689
12444,train,12444,9690
12448,train,12448,9692
12451,train,12451,9694
12453,train,11175,9696
12455,train,3063,9697
12456,train,12456,9698
12457,train,12457,9699
12458,train,12458,9700
12459,train,6312,9701
12461,train,12461,9703
12463,train,12463,9705
12470,train,12470,9712
12473,train,12473,9715
12475,train,12475,9717
12477,train,1797,9719
12479,train,12457,9721
12480,train,3027,9722
12481,train,12481,9723
12483,train,8981,9725
12484,train,3063,9726
12485,train,12485,9727
12493,train,12461,9729
12494,train,12494,9730
12495,train,12495,9731
12496,train,12496,9732
12497,train,12497,9733
12498,train,12498,9734
12499,train,12457,9735
12500,train,12500,9736
12501,train,12501,9737
12503,train,12503,9739
12504,train,3649,9740
12509,train,82,9742
12510,train,5577,9743
12511,train,9674,9744
12513,train,12513,9746
12514,train,973,9747
12515,train,12515,9748
12516,train,12516,9749
12517,train,12517,9750
12527,train,10661,9754
12531,train,12457,9755
12534,train,12476,9758
12535,train,4761,9759
12537,train,12537,9761
12538,train,12537,9762
12539,train,12539,9763
12540,train,12537,9764
12541,train,12457,9765
12544,train,12544,9766
12550,train,11175,9768
12557,train,12557,9771
12559,train,12559,9773
12561,train,8051,9775
12566,train,12566,9780
12567,train,12567,9781
12571,train,12571,9785
12572,train,6367,9786
12573,train,6367,9787
12576,train,12576,9790
12581,train,12581,9795
12582,train,12582,9796
12587,train,3610,9800
12593,train,12507,9806
12596,train,12596,9809
12597,train,12597,9810
12600,train,12600,9811
12601,train,12600,9812
12602,train,12602,9813
12607,train,9183,9816
12608,train,12608,9817
12609,train,12608,9818
12611,train,4621,9820
12614,train,3150,9822
12617,train,12617,9824
12620,train,12620,9825
12622,train,12622,9826
12623,train,7972,9827
12625,train,12625,9829
12627,train,94,9830
12628,train,94,9831
12630,train,248,9833
12631,train,94,9834
12632,train,94,9835
12633,train,12629,9836
12635,train,1463,9838
12636,train,12629,9839
12639,train,94,9842
12640,train,9269,9843
12641,train,11222,9844
12643,train,4038,9845
12645,train,12645,9847
12646,train,12646,9848
12656,train,94,9854
12658,train,12658,9856
12659,train,12658,9857
12660,train,94,9858
12664,train,12664,9860
12666,train,12666,9861
12667,train,12667,9862
12669,train,12669,9863
12670,train,12670,9864
12671,train,4621,9865
12673,train,12673,9866
12674,train,12673,9867
12676,train,12673,9869
12677,train,12677,9870
12678,train,7488,9871
12680,train,12680,9873
12681,train,12681,9874
12682,train,12682,9875
12683,train,8981,9876
12684,train,12684,9877
12685,train,9029,9878
12686,train,12686,9879
12688,train,12688,9880
12689,train,6271,9881
12691,train,7420,9883
12692,train,12692,9884
12693,train,12693,9885
12695,train,12695,9887
12696,train,12696,9888
12697,train,12697,9889
12698,train,12698,9890
12699,train,7516,9891
12700,train,7517,9892
12705,train,7508,9893
12709,train,5622,9894
12712,train,12712,9896
12713,train,12713,9897
12719,train,12719,9899
12726,train,12726,9904
12727,train,12727,9905
12730,train,12730,9908
12731,train,2089,9909
12733,train,2089,9911
12736,train,12736,9913
12737,train,8981,9914
12738,train,12738,9915
12739,train,12739,9916
12741,train,12738,9918
12743,train,406,9920
12745,train,9283,9921
12746,train,4038,9922
12748,train,12748,9924
12751,train,4045,9927
12752,train,94,9928
12753,train,12753,9929
12754,train,94,9930
12755,train,94,9931
12756,train,3061,9932
12758,train,12758,9934
12759,train,94,9935
12760,train,12629,9936
12761,train,94,9937
12762,train,12629,9938
12763,train,12763,9939
12767,train,12767,9941
12768,train,12768,9942
12769,train,5589,9943
12770,train,6198,9944
12771,train,6198,9945
12773,train,10691,9947
12775,train,6198,9949
12776,train,6198,9950
12777,train,12730,9951
12778,train,5589,9952
12781,train,12781,9954
12782,train,1335,9955
12784,train,7843,9957
12785,train,12785,9958
12792,train,8898,9961
12794,train,16,9962
12797,train,12797,9965
12798,train,12798,9966
12800,train,4038,9968
12804,train,2684,9970
12806,train,6287,9972
12807,train,12807,9973
12809,train,12809,9975
12811,train,12805,9976
12812,train,12805,9977
12818,train,12818,9982
12821,train,3826,9984
12828,train,12828,9989
12829,train,12829,9990
12834,train,12834,9995
12836,train,12836,9997
12837,train,5622,9998
12841,train,12841,10000
12843,train,12843,10001
12844,train,12841,10002
12854,train,12854,10007
12856,train,12856,10009
12858,train,12858,10010
12859,train,12859,10011
12860,train,12738,10012
12862,train,12862,10014
12866,train,7415,10018
12868,train,6271,10020
12869,train,2157,10021
12870,train,3477,10022
12871,train,4619,10023
12875,train,3150,10024
12877,train,108,10025
12878,train,12301,10026
12880,train,12880,10027
12882,train,12882,10029
12885,train,12885,10032
12887,train,12887,10034
12888,train,12888,10035
12889,train,12889,10036
12890,train,249,10037
12891,train,6685,10038
12892,train,12892,10039
12893,train,12893,10040
12894,train,12894,10041
12895,train,12895,10042
12896,train,12896,10043
12899,train,12899,10046
12900,train,6685,10047
12901,train,12883,10048
12902,train,12893,10049
12903,train,12903,10050
12906,train,12906,10053
12907,train,12907,10054
12908,train,4970,10055
12909,train,12909,10056
12910,train,12910,10057
12915,train,12884,10062
12916,train,12916,10063
12917,train,12917,10064
12918,train,12918,10065
12919,train,12919,10066
12920,train,12920,10067
12921,train,12921,10068
12922,train,12922,10069
12923,train,12456,10070
12925,train,12925,10072
12926,train,12926,10073
12927,train,12926,10074
12929,train,12929,10076
12930,train,12930,10077
12931,train,12930,10078
12932,train,12930,10079
12935,train,12935,10082
12936,train,12936,10083
12938,train,12809,10085
12940,train,12865,10087
12942,train,7327,10089
12944,train,12944,10090
12948,train,12948,10091
12949,train,12949,10092
12951,train,12951,10094
12952,train,12952,10095
12953,train,3027,10096
12956,train,12955,10099
12957,train,3027,10100
12958,train,12958,10101
12959,train,12958,10102
12961,train,12958,10104
12962,train,12958,10105
12964,train,12958,10107
12966,train,3027,10108
12968,train,3027,10110
12970,train,12933,10112
12971,train,12971,10113
12974,train,12974,10114
12975,train,12975,10115
12977,train,12977,10117
12978,train,12978,10118
12979,train,12979,10119
12980,train,12980,10120
12984,train,12984,10124
12985,train,669,10125
12988,train,12988,10127
12993,train,12993,10129
12995,train,12995,10130
12996,train,12996,10131
12999,train,12998,10134
13000,train,12998,10135
13001,train,7768,10136
13019,train,13019,10138
13021,train,13021,10140
13022,train,13022,10141
13023,train,13020,10142
13026,train,13026,10144
13028,train,13028,10145
13031,train,13031,10148
13034,train,13034,10151
13035,train,13035,10152
13036,train,13036,10153
13037,train,13037,10154
13038,train,5925,10155
13039,train,5925,10156
13040,train,13040,10157
13042,train,13042,10159
13044,train,13044,10161
13052,train,519,10167
13053,train,13053,10168
13055,train,13055,10169
13056,train,13056,10170
13058,train,13058,10172
13059,train,12805,10173
13061,train,13061,10175
13062,train,13062,10176
13063,train,12730,10177
13067,train,13067,10180
13070,train,13070,10182
13074,train,2089,10185
13075,train,2089,10186
13077,train,13076,10188
13081,train,13081,10189
13082,train,13081,10190
13084,train,13081,10192
13085,train,13081,10193
13086,train,13081,10194
13087,train,13087,10195
13089,train,13081,10196
13090,train,13090,10197
13093,train,13093,10200
13094,train,13094,10201
13095,train,13095,10202
13097,train,13097,10203
13098,train,13098,10204
13101,train,13101,10207
13102,train,13102,10208
13103,train,11041,10209
13104,train,13095,10210
13105,train,1367,10211
13107,train,8657,10212
13108,train,13108,10213
13109,train,13109,10214
13114,train,13114,10216
13115,train,13115,10217
13116,train,13116,10218
13117,train,12340,10219
13121,train,13121,10220
13132,train,13132,10223
13133,train,2735,10224
13134,train,13134,10225
13135,train,2735,10226
13137,train,13021,10227
13139,train,13139,10228
13142,train,3064,10230
13143,train,13021,10231
13145,train,9805,10233
13146,train,13146,10234
13148,train,3064,10236
13150,train,3064,10238
13152,train,3064,10240
13153,train,3064,10241
13155,train,3064,10243
13156,train,2735,10244
13157,train,9283,10245
13160,train,13160,10248
13165,train,10551,10253
13166,train,8607,10254
13168,train,13168,10256
13170,train,13170,10258
13172,train,3610,10260
13173,train,13173,10261
13180,train,13180,10264
13184,train,3064,10265
13185,train,3064,10266
13186,train,13146,10267
13192,train,13099,10269
13193,train,13193,10270
13196,train,13196,10272
13198,train,5622,10274
13200,train,13200,10275
13201,train,13200,10276
13202,train,3202,10277
13205,train,7972,10278
13209,train,16,10281
13210,train,6623,10282
13211,train,3386,10283
13212,train,3386,10284
13219,train,6623,10291
13220,train,13220,10292
13221,train,3591,10293
13224,train,13224,10296
13226,train,13226,10298
13227,train,13227,10299
13229,train,2919,10300
13230,train,2919,10301
13231,train,2919,10302
13232,train,2919,10303
13233,train,2920,10304
13234,train,13234,10305
13235,train,3387,10306
13237,train,13237,10307
13238,train,13238,10308
13239,train,3577,10309
13240,train,3591,10310
13241,train,2920,10311
13243,train,13243,10313
13246,train,10506,10316
13247,train,13247,10317
13248,train,10506,10318
13249,train,10506,10319
13252,train,9162,10322
13254,train,1868,10324
13255,train,13255,10325
13283,train,3591,10327
13284,train,13284,10328
13285,train,13285,10329
13286,train,12,10330
13287,train,5277,10331
13288,train,13288,10332
13289,train,5277,10333
13290,train,3564,10334
13295,train,12,10337
13297,train,13297,10339
13298,train,8657,10340
13299,train,2964,10341
13301,train,13301,10342
13303,train,13303,10343
13305,train,13305,10345
13307,train,13307,10347
13309,train,13309,10349
13310,train,13310,10350
13311,train,13306,10351
13313,train,13313,10353
13324,train,13324,10357
13325,train,4289,10358
13329,train,82,10361
13330,train,13330,10362
13333,train,13333,10365
13334,train,13334,10366
13337,train,13334,10369
13338,train,12982,10370
13339,train,13339,10371
13341,train,13019,10373
13342,train,13342,10374
13343,train,13343,10375
13345,train,13345,10377
13346,train,13019,10378
13347,train,13345,10379
13350,train,13350,10382
13352,train,13352,10384
13354,train,13354,10385
13355,train,13355,10386
13356,train,13356,10387
13357,train,13335,10388
13358,train,13358,10389
13359,train,12693,10390
13361,train,13361,10391
13362,train,7488,10392
13364,train,13364,10393
13366,train,11952,10395
13369,train,11952,10398
13370,train,13365,10399
13374,train,13374,10402
13377,train,13377,10404
13380,train,13380,10405
13389,train,13388,10413
13392,train,7100,10414
13397,train,12673,10417
13399,train,12797,10418
13403,train,13403,10419
13404,train,13404,10420
13406,train,13406,10421
13409,train,4168,10423
13415,train,13415,10424
13416,train,13416,10425
13436,train,13436,10426
13441,train,11952,10429
13442,train,9876,10430
13445,train,11952,10432
13447,train,13244,10434
13448,train,13448,10435
13454,train,13454,10439
13455,train,973,10440
13457,train,973,10441
13458,train,973,10442
13461,train,973,10444
13463,train,973,10446
13464,train,973,10447
13465,train,973,10448
13466,train,13330,10449
13468,train,973,10451
13470,train,973,10453
13471,train,973,10454
13472,train,973,10455
13475,train,973,10457
13477,train,13330,10459
13478,train,13330,10460
13480,train,973,10462
13481,train,9876,10463
13483,train,13483,10465
13484,train,10154,10466
13486,train,13486,10468
13487,train,13487,10469
13491,train,13491,10470
13493,train,4694,10471
13496,train,3041,10472
13497,train,3041,10473
13501,train,249,10475
13504,train,9419,10477
13505,train,3041,10478
13507,train,3041,10479
13511,train,13511,10480
13513,train,13206,10482
13522,train,13522,10485
13526,train,13526,10486
13529,train,2014,10487
13534,train,7624,10489
13535,train,2920,10490
13536,train,13536,10491
13537,train,13537,10492
13549,train,5624,10495
13551,train,13551,10497
13555,train,5624,10498
13559,train,13559,10502
13560,train,13560,10503
13562,train,13562,10505
13563,train,13563,10506
13564,train,13564,10507
13566,train,13560,10509
13567,train,2217,10510
13568,train,13562,10511
13570,train,2217,10512
13571,train,13562,10513
13572,train,13572,10514
13573,train,13562,10515
13574,train,13562,10516
13575,train,2014,10517
13576,train,13562,10518
13577,train,2217,10519
13578,train,13559,10520
13580,train,13580,10521
13582,train,13582,10523
13583,train,2011,10524
13585,train,12865,10525
13589,train,13589,10526
13596,train,3063,10527
13598,train,10506,10529
13603,train,3647,10532
13604,train,3647,10533
13605,train,12457,10534
13608,train,12729,10535
13612,train,12727,10538
13613,train,13613,10539
13614,train,158,10540
13617,train,13617,10542
13619,train,13619,10543
13621,train,13620,10545
13622,train,13622,10546
13623,train,13622,10547
13624,train,13622,10548
13626,train,13622,10550
13627,train,13622,10551
13628,train,13622,10552
13629,train,13622,10553
13631,train,13622,10555
13632,train,13622,10556
13633,train,13630,10557
13637,train,13622,10561
13638,train,13622,10562
13639,train,13622,10563
13640,train,13622,10564
13642,train,13622,10566
13662,train,13662,10570
13663,train,13660,10571
13665,train,13664,10573
13667,train,13667,10575
13671,train,1174,10578
13672,train,1100,10579
13674,train,12494,10581
13676,train,13676,10583
13677,train,13677,10584
13680,train,13680,10587
13681,train,13681,10588
13682,train,13682,10589
13685,train,13685,10591
13686,train,10373,10592
13687,train,13687,10593
13688,train,13688,10594
13689,train,13685,10595
13690,train,10373,10596
13691,train,13687,10597
13693,train,10373,10599
13696,train,13696,10601
13697,train,13697,10602
13699,train,10373,10603
13700,train,10373,10604
13702,train,2014,10605
13704,train,13704,10607
13705,train,13705,10608
13706,train,13705,10609
13707,train,13707,10610
13708,train,13708,10611
13712,train,13712,10613
13714,train,13714,10615
13716,train,13716,10616
13717,train,2014,10617
13718,train,11865,10618
13719,train,11865,10619
13720,train,13200,10620
13727,train,5815,10623
13733,train,10373,10625
13739,train,4145,10627
13740,train,4145,10628
13742,train,13742,10630
13744,train,12638,10632
13746,train,13746,10633
13747,train,4694,10634
13751,train,13751,10636
13752,train,13752,10637
13753,train,1174,10638
13756,train,113,10641
13757,train,113,10642
13764,train,13764,10647
13765,train,13036,10648
13766,train,13036,10649
13767,train,13767,10650
13768,train,13036,10651
13769,train,13035,10652
13770,train,13770,10653
13771,train,13771,10654
13772,train,13772,10655
13773,train,13436,10656
13774,train,13774,10657
13778,train,13778,10659
13779,train,5924,10660
13780,train,13780,10661
13782,train,13134,10663
13783,train,7376,10664
13784,train,13784,10665
13785,train,13785,10666
13786,train,13786,10667
13791,train,13791,10670
13794,train,13794,10671
13802,train,59,10674
13807,train,13807,10678
13809,train,13809,10680
13810,train,13810,10681
13811,train,3787,10682
13812,train,5355,10683
13814,train,13814,10684
13817,train,94,10686
13821,train,13821,10690
13823,train,13823,10692
13824,train,13824,10693
13826,train,13826,10695
13827,train,13827,10696
13828,train,13828,10697
13831,train,13827,10700
13832,train,1174,10701
13835,train,13835,10702
13836,train,13836,10703
13837,train,13837,10704
13839,train,13839,10706
13843,train,2735,10707
13845,train,13694,10708
13855,train,13855,10710
13857,train,1859,10711
13859,train,13859,10713
13861,train,1859,10714
13862,train,13862,10715
13863,train,1859,10716
13864,train,13864,10717
13865,train,1859,10718
13871,train,13871,10720
13872,train,13872,10721
13874,train,13872,10723
13875,train,13875,10724
13877,train,13877,10725
13879,train,13879,10726
13883,train,13883,10728
13884,train,82,10729
13886,train,13886,10731
13887,train,13887,10732
13889,train,2989,10734
13891,train,13891,10736
13893,train,13893,10738
13894,train,13894,10739
13895,train,13895,10740
13897,train,5458,10741
13904,train,13904,10747
13906,train,4623,10749
13907,train,13907,10750
13908,train,13908,10751
13909,train,4623,10752
13911,train,13911,10754
13912,train,13912,10755
13914,train,4623,10757
13915,train,12730,10758
13916,train,13916,10759
13918,train,13918,10761
13922,train,12979,10764
13923,train,13923,10765
13925,train,4621,10767
13926,train,9107,10768
13928,train,4619,10769
13929,train,13929,10770
13930,train,4622,10771
13931,train,13931,10772
13936,train,13936,10775
13938,train,13938,10777
13940,train,13940,10779
13941,train,4623,10780
13942,train,13942,10781
13944,train,13944,10783
13945,train,13945,10784
13946,train,13946,10785
13947,train,13947,10786
13948,train,6664,10787
13950,train,4622,10789
13951,train,13951,10790
13952,train,3097,10791
13953,train,13944,10792
13955,train,13955,10794
13957,train,13957,10795
13958,train,13957,10796
13959,train,4621,10797
13961,train,13961,10799
13962,train,9107,10800
13964,train,13957,10801
13966,train,12588,10802
13969,train,13969,10804
13970,train,13954,10805
13973,train,13973,10808
13974,train,13974,10809
13975,train,4623,10810
13977,train,13957,10812
13979,train,13957,10814
13981,train,13981,10815
13982,train,4104,10816
13983,train,4104,10817
13984,train,13984,10818
13985,train,13985,10819
13987,train,13987,10821
13991,train,13985,10825
13992,train,13985,10826
13994,train,13985,10828
13998,train,13985,10832
13999,train,13999,10833
14001,train,14001,10835
14003,train,13957,10837
14004,train,14004,10838
14005,train,5355,10839
14006,train,14006,10840
14008,train,1174,10841
14009,train,1174,10842
14012,train,5624,10844
14013,train,14013,10845
14016,train,3302,10846
14025,train,12730,10848
14026,train,12809,10849
14029,train,14029,10850
14035,train,14035,10852
14036,train,14036,10853
14037,train,14037,10854
14038,train,14038,10855
14040,train,158,10856
14041,train,158,10857
14042,train,158,10858
14050,train,2989,10860
14051,train,14051,10861
14052,train,1859,10862
14053,train,1859,10863
14054,train,1859,10864
14055,train,1859,10865
14057,train,14057,10866
14058,train,1859,10867
14059,train,1859,10868
14060,train,8446,10869
14061,train,1859,10870
14062,train,1859,10871
14065,train,14057,10873
14069,train,13355,10875
14071,train,13355,10877
14072,train,1859,10878
14076,train,14076,10882
14080,train,2092,10885
14081,train,2092,10886
14082,train,14082,10887
14083,train,14083,10888
14084,train,14084,10889
14085,train,14085,10890
14086,train,14084,10891
14087,train,2600,10892
14089,train,14089,10894
14090,train,3302,10895
14091,train,14091,10896
14092,train,14092,10897
14094,train,14094,10899
14096,train,14096,10901
14097,train,14097,10902
14099,train,3443,10904
14100,train,3443,10905
14101,train,14101,10906
14102,train,14102,10907
14103,train,2361,10908
14104,train,14104,10909
14107,train,12993,10912
14110,train,14110,10913
14111,train,14111,10914
14112,train,1174,10915
14113,train,14113,10916
14114,train,14114,10917
14115,train,14115,10918
14118,train,1186,10921
14119,train,14119,10922
14121,train,14121,10924
14122,train,14122,10925
14124,train,14124,10926
14126,train,3064,10927
14129,train,14129,10928
14130,train,14129,10929
14131,train,2990,10930
14132,train,14132,10931
14133,train,14133,10932
14134,train,14134,10933
14135,train,14134,10934
14136,train,14134,10935
14139,train,14139,10938
14143,train,14143,10941
14145,train,5924,10943
14146,train,14120,10944
14148,train,5503,10946
14149,train,14149,10947
14150,train,14150,10948
14151,train,14151,10949
14152,train,14152,10950
14153,train,14153,10951
14154,train,10141,10952
14155,train,10141,10953
14156,train,10141,10954
14157,train,14157,10955
14158,train,13712,10956
14159,train,14159,10957
14160,train,14160,10958
14162,train,14161,10960
14164,train,1174,10962
14165,train,4729,10963
14167,train,14167,10965
14171,train,182,10966
14177,train,4296,10969
14178,train,4296,10970
14180,train,14180,10972
14186,train,14186,10975
14188,train,14188,10977
14189,train,13093,10978
14190,train,14190,10979
14191,train,14191,10980
14193,train,7864,10982
14194,train,14191,10983
14195,train,13522,10984
14196,train,14196,10985
14200,train,6219,10987
14201,train,4436,10988
14202,train,14202,10989
14203,train,14203,10990
14204,train,14204,10991
14208,train,2306,10993
14210,train,2912,10994
14215,train,14215,10996
14216,train,14216,10997
14217,train,12460,10998
14219,train,14219,10999
14221,train,14221,11001
14222,train,12494,11002
14223,train,94,11003
14224,train,12727,11004
14225,train,14225,11005
14229,train,14013,11008
14231,train,14231,11010
14234,train,2912,11012
14235,train,14235,11013
14238,train,14238,11014
14239,train,6815,11015
14240,train,14240,11016
14241,train,14241,11017
14246,train,14246,11021
14247,train,14247,11022
14250,train,14250,11025
14251,train,3202,11026
14252,train,14252,11027
14253,train,14252,11028
14255,train,14254,11030
14256,train,14254,11031
14258,train,12711,11032
14259,train,4623,11033
14260,train,14260,11034
14261,train,14260,11035
14262,train,4623,11036
14263,train,4623,11037
14264,train,4623,11038
14265,train,14265,11039
14266,train,4623,11040
14268,train,5355,11042
14269,train,14269,11043
14270,train,14270,11044
14271,train,4623,11045
14273,train,12975,11047
14274,train,4623,11048
14277,train,14277,11049
14281,train,9905,11051
14282,train,82,11052
14283,train,4038,11053
14285,train,14285,11054
14287,train,14287,11056
14288,train,14288,11057
14289,train,14289,11058
14292,train,14292,11061
14293,train,14293,11062
14294,train,14294,11063
14295,train,4467,11064
14296,train,6197,11065
14300,train,1531,11069
14301,train,14301,11070
14307,train,2983,11071
14309,train,14309,11072
14312,train,11175,11073
14313,train,14313,11074
14314,train,14314,11075
14316,train,14316,11077
14319,train,14299,11080
14322,train,2983,11082
14323,train,14323,11083
14325,train,14325,11085
14327,train,14327,11086
14335,train,14335,11091
14336,train,14336,11092
14337,train,14337,11093
14338,train,14338,11094
14339,train,14339,11095
14341,train,14338,11097
14342,train,14338,11098
14343,train,14343,11099
14344,train,14344,11100
14345,train,2983,11101
14346,train,14346,11102
14348,train,14348,11103
14350,train,810,11105
14351,train,3150,11106
14353,train,14353,11108
14354,train,14353,11109
14355,train,14353,11110
14356,train,14353,11111
14357,train,14353,11112
14358,train,14353,11113
14359,train,14353,11114
14360,train,14353,11115
14364,train,14353,11119
14365,train,14353,11120
14366,train,14353,11121
14367,train,14367,11122
14368,train,14353,11123
14369,train,14353,11124
14370,train,14353,11125
14376,train,14376,11126
14378,train,14299,11127
14380,train,12586,11129
14382,train,14382,11130
14383,train,14383,11131
14386,train,14386,11134
14387,train,14386,11135
14388,train,14386,11136
14389,train,14389,11137
14391,train,810,11138
14397,train,14397,11140
14398,train,2983,11141
14402,train,14402,11143
14405,train,14336,11145
14409,train,14299,11149
14410,train,14299,11150
14412,train,14412,11151
14416,train,14416,11155
14417,train,113,11156
14418,train,14418,11157
14422,train,14422,11158
14423,train,14423,11159
14425,train,82,11161
14426,train,14299,11162
14427,train,14299,11163
14428,train,14428,11164
14431,train,5079,11167
14432,train,14432,11168
14434,train,11943,11170
14435,train,13042,11171
14436,train,14436,11172
14437,train,14437,11173
14442,train,12559,11174
14443,train,9674,11175
14451,train,14437,11180
14452,train,12596,11181
14453,train,9644,11182
14455,train,9644,11183
14456,train,14456,11184
14457,train,14457,11185
14459,train,14459,11186
14460,train,14459,11187
14461,train,14461,11188
14462,train,14459,11189
14463,train,14463,11190
14464,train,14464,11191
14465,train,14464,11192
14466,train,14464,11193
14467,train,14467,11194
14468,train,3000,11195
14471,train,1517,11198
14472,train,14472,11199
14475,train,669,11201
14476,train,14476,11202
14489,train,14489,11205
14493,train,14437,11207
14495,train,14495,11209
14496,train,14495,11210
14497,train,14497,11211
14498,train,14498,11212
14499,train,14499,11213
14504,train,12298,11216
14505,train,14505,11217
14506,train,14505,11218
14507,train,14505,11219
14523,train,14523,11221
14525,train,1517,11223
14527,train,1100,11225
14528,train,3000,11226
14529,train,14524,11227
14530,train,14523,11228
14535,train,14535,11233
14536,train,14536,11234
14541,train,14541,11235
14543,train,1147,11236
14544,train,14544,11237
14545,train,14544,11238
14547,train,14547,11239
14550,train,14424,11242
14551,train,14424,11243
14556,train,14556,11246
14557,train,14557,11247
14558,train,14557,11248
14559,train,14557,11249
14560,train,14557,11250
14561,train,14561,11251
14563,train,14557,11253
14566,train,14566,11255
14567,train,14567,11256
14568,train,14568,11257
14569,train,14353,11258
14570,train,14353,11259
14571,train,14353,11260
14575,train,14575,11264
14576,train,14576,11265
14577,train,14577,11266
14579,train,14579,11268
14584,train,1147,11269
14585,train,14585,11270
14587,train,14397,11272
14589,train,14589,11274
14596,train,14596,11280
14598,train,113,11281
14600,train,14600,11283
14604,train,14604,11285
14608,train,14608,11288
14613,train,9276,11293
14623,train,241,11294
14624,train,6497,11295
14625,train,6498,11296
14627,train,241,11298
14630,train,14630,11299
14632,train,14608,11301
14634,train,14634,11302
14635,train,14635,11303
14636,train,14636,11304
14638,train,14638,11306
14641,train,14641,11307
14642,train,14594,11308
14644,train,14644,11310
14646,train,14646,11312
14647,train,14647,11313
14653,train,14647,11316
14654,train,14647,11317
14656,train,14647,11319
14657,train,14647,11320
14658,train,14647,11321
14659,train,14647,11322
14661,train,14647,11324
14663,train,14663,11326
14670,train,14670,11327
14671,train,14671,11328
14676,train,14676,11331
14677,train,12306,11332
14679,train,12306,11334
14681,train,14680,11336
14682,train,12306,11337
14683,train,12306,11338
14684,train,14684,11339
14685,train,14684,11340
14686,train,14686,11341
14691,train,14691,11342
14692,train,14692,11343
14693,train,14693,11344
14694,train,14694,11345
14696,train,14696,11347
14700,train,786,11349
14702,train,14702,11350
14703,train,274,11351
14704,train,14704,11352
14705,train,274,11353
14706,train,274,11354
14707,train,274,11355
14708,train,274,11356
14709,train,274,11357
14710,train,274,11358
14711,train,274,11359
14712,train,274,11360
14713,train,14713,11361
14714,train,14713,11362
14715,train,274,11363
14716,train,274,11364
14717,train,274,11365
14722,train,14722,11368
14723,train,14722,11369
14724,train,6263,11370
14727,train,14547,11373
14730,train,14729,11375
14731,train,14731,11376
14741,train,14741,11377
14744,train,14744,11378
14745,train,14745,11379
14751,train,14751,11381
14752,train,14750,11382
14753,train,14750,11383
14754,train,14750,11384
14755,train,14750,11385
14756,train,14750,11386
14764,train,14764,11389
14765,train,14764,11390
14766,train,14766,11391
14767,train,14764,11392
14768,train,14764,11393
14775,train,14775,11397
14777,train,9661,11398
14778,train,9661,11399
14783,train,14782,11401
14784,train,14782,11402
14786,train,14782,11404
14787,train,14787,11405
14788,train,14787,11406
14789,train,14787,11407
14794,train,14794,11410
14795,train,14795,11411
14798,train,14798,11413
14811,train,9183,11415
14812,train,14812,11416
14819,train,82,11419
14820,train,14820,11420
14822,train,14822,11421
14823,train,14823,11422
14824,train,14824,11423
14827,train,14827,11424
14828,train,14608,11425
14829,train,14348,11426
14833,train,3169,11428
14834,train,14834,11429
14835,train,14834,11430
14836,train,14836,11431
14838,train,786,11432
14841,train,14841,11433
14843,train,14608,11435
14865,train,14353,11436
14866,train,14866,11437
14870,train,11938,11439
14873,train,14873,11441
14874,train,14873,11442
14875,train,14873,11443
14877,train,14877,11445
14878,train,14878,11446
14879,train,14878,11447
14880,train,113,11448
14885,train,14884,11452
14891,train,14884,11458
14895,train,14895,11462
14897,train,14896,11464
14899,train,14896,11466
14902,train,14896,11468
14906,train,14904,11470
14907,train,14904,11471
14908,train,14904,11472
14912,train,14911,11475
14913,train,14911,11476
14914,train,14911,11477
14915,train,14911,11478
14917,train,14911,11480
14921,train,14921,11484
14922,train,14921,11485
14925,train,14911,11486
14928,train,14928,11488
14931,train,14928,11491
14932,train,14928,11492
14934,train,14928,11494
14936,train,14928,11496
14937,train,14928,11497
14938,train,14928,11498
14939,train,14928,11499
14940,train,14928,11500
14942,train,14942,11502
14943,train,14928,11503
14944,train,14928,11504
14945,train,14928,11505
14947,train,14942,11507
14948,train,14942,11508
14950,train,14928,11510
14951,train,14928,11511
14953,train,14928,11513
14955,train,14928,11514
14956,train,14928,11515
14957,train,14928,11516
14959,train,14959,11518
14961,train,14961,11520
14962,train,14962,11521
14963,train,14928,11522
14965,train,14965,11524
14967,train,1792,11525
14968,train,1792,11526
14969,train,1792,11527
14972,train,1792,11530
14973,train,1792,11531
14974,train,1792,11532
14975,train,1792,11533
14978,train,14978,11535
14990,train,14990,11538
14996,train,14996,11540
15002,train,3641,11542
15003,train,15003,11543
15004,train,14977,11544
15006,train,15006,11546
15007,train,340,11547
15009,train,10545,11549
15011,train,740,11551
15013,train,11175,11553
15014,train,11175,11554
15015,train,15015,11555
15016,train,15016,11556
15020,train,15020,11560
15024,train,15023,11564
15025,train,15025,11565
15026,train,15026,11566
15027,train,15027,11567
15028,train,15028,11568
15030,train,15030,11570
15032,train,15032,11572
15033,train,15033,11573
15034,train,1217,11574
15035,train,15035,11575
15036,train,15036,11576
15037,train,15037,11577
15043,train,15043,11583
15045,train,9910,11585
15047,train,15047,11587
15050,train,15050,11588
15051,train,15051,11589
15053,train,15053,11590
15058,train,15058,11593
15059,train,15059,11594
15060,train,15060,11595
15061,train,4000,11596
15062,train,4000,11597
15067,train,1958,11599
15070,train,15070,11602
15071,train,15071,11603
15072,train,2269,11604
15073,train,15073,11605
15074,train,15074,11606
15075,train,2161,11607
15076,train,15076,11608
15077,train,15077,11609
15078,train,1300,11610
15079,train,300,11611
15082,train,924,11613
15084,train,6085,11615
15085,train,3711,11616
15086,train,6496,11617
15092,train,1387,11623
15093,train,763,11624
15094,train,789,11625
15095,train,763,11626
15096,train,4945,11627
15101,train,15101,11629
15102,train,15102,11630
15105,train,15105,11631
15111,train,448,11633
15113,train,15113,11635
15116,train,15116,11636
15120,train,2990,11637
15124,train,1286,11638
15125,train,447,11639
15128,train,1770,11640
15132,train,15132,11644
15133,train,10677,11645
15134,train,15134,11646
15135,train,15135,11647
15136,train,15136,11648
15137,train,15137,11649
15138,train,15138,11650
15139,train,15139,11651
15140,train,524,11652
15142,train,15142,11654
15143,train,1730,11655
15144,train,15144,11656
15147,train,8051,11658
15148,train,1859,11659
15149,train,15149,11660
15150,train,15150,11661
15152,train,82,11662
15154,train,962,11664
15155,train,15155,11665
15156,train,8977,11666
15161,train,15161,11670
15163,train,15163,11671
15165,train,2361,11673
15166,train,15166,11674
15169,train,15169,11677
15170,train,15170,11678
15171,train,15171,11679
15174,train,15174,11681
15175,train,15175,11682
15177,train,4587,11684
15180,train,15180,11686
15181,train,15181,11687
15182,train,15182,11688
15186,train,248,11690
15187,train,15187,11691
15188,train,15188,11692
15191,train,15191,11693
15193,train,15193,11695
15194,train,3253,11696
15195,train,15195,11697
15196,train,3032,11698
15197,train,15197,11699
15198,train,15198,11700
15199,train,15199,11701
15200,train,2386,11702
15203,train,3150,11705
15204,train,15204,11706
15205,train,15205,11707
15206,train,15206,11708
15207,train,1995,11709
15209,train,2883,11710
15211,train,15211,11712
15213,train,15212,11714
15214,train,15214,11715
15216,train,790,11717
15218,train,1462,11718
15224,train,456,11722
15227,train,1189,11724
15228,train,1189,11725
15232,train,15232,11727
15233,train,15233,11728
15234,train,2859,11729
15236,train,15236,11730
15237,train,15237,11731
15240,train,15240,11734
15241,train,15241,11735
15244,train,1925,11738
15247,train,15247,11740
15248,train,15248,11741
15249,train,4443,11742
15250,train,15250,11743
15252,train,94,11745
15253,train,15253,11746
15254,train,15254,11747
15255,train,4974,11748
15256,train,2266,11749
15257,train,2266,11750
15261,train,3909,11752
15266,train,15266,11754
15269,train,11931,11757
15270,train,15270,11758
15271,train,5936,11759
15272,train,7538,11760
15273,train,4787,11761
15277,train,15277,11763
15278,train,2316,11764
15279,train,15279,11765
15280,train,15280,11766
15281,train,15281,11767
15283,train,15221,11769
15284,train,249,11770
15287,train,15287,11771
15291,train,82,11773
15294,train,5523,11776
15296,train,5523,11778
15299,train,6552,11781
15301,train,7968,11783
15302,train,15302,11784
15303,train,1859,11785
15306,train,5140,11788
15308,train,11992,11789
15309,train,15309,11790
15310,train,15310,11791
15311,train,15311,11792
15314,train,15314,11795
15315,train,15315,11796
15316,train,5458,11797
15317,train,1878,11798
15319,train,15319,11800
15324,train,15324,11802
15327,train,15327,11805
15328,train,11320,11806
15329,train,15329,11807
15330,train,94,11808
15332,train,904,11810
15333,train,9656,11811
15335,train,2265,11813
15336,train,15336,11814
15337,train,880,11815
15340,train,15340,11817
15343,train,15343,11818
15346,train,15346,11821
15348,train,3027,11823
15349,train,15349,11824
15350,train,6015,11825
15351,train,6015,11826
15352,train,1995,11827
15354,train,4921,11828
15355,train,15355,11829
15358,train,15358,11831
15362,train,14524,11833
15363,train,15363,11834
15368,train,15368,11839
15369,train,15369,11840
15370,train,15370,11841
15371,train,13036,11842
15372,train,2532,11843
15373,train,15373,11844
15375,train,15375,11846
15376,train,15376,11847
15378,train,13243,11848
15381,train,608,11851
15382,train,608,11852
15383,train,15383,11853
15385,train,5049,11855
15388,train,2239,11857
15389,train,2239,11858
15391,train,3325,11860
15393,train,3325,11862
15396,train,3325,11865
15397,train,3325,11866
15398,train,3325,11867
15400,train,218,11868
15403,train,15403,11870
15404,train,15403,11871
15407,train,6887,11874
15409,train,15409,11876
15410,train,2757,11877
15414,train,15414,11880
15415,train,5024,11881
15416,train,1903,11882
15418,train,15418,11884
15420,train,15137,11885
15421,train,15403,11886
15423,train,15423,11888
15424,train,15424,11889
15425,train,4095,11890
15427,train,2596,11892
15428,train,15428,11893
15429,train,12975,11894
15431,train,15431,11896
15433,train,15433,11897
15438,train,738,11902
15441,train,15439,11905
15442,train,15442,11906
15443,train,15443,11907
15444,train,3696,11908
15446,train,15446,11910
15449,train,15449,11912
15452,train,15452,11915
15453,train,6970,11916
15456,train,5656,11919
15458,train,15458,11921
15459,train,15459,11922
15460,train,15459,11923
15461,train,15461,11924
15464,train,12576,11927
15465,train,12576,11928
15467,train,79,11930
15469,train,15469,11931
15470,train,15470,11932
15476,train,15476,11933
15477,train,6315,11934
15479,train,6314,11936
15480,train,15480,11937
15481,train,1035,11938
15483,train,15483,11939
15485,train,5415,11941
15488,train,15488,11942
15490,train,15490,11944
15491,train,15490,11945
15492,train,15490,11946
15493,train,15493,11947
15494,train,15494,11948
15495,train,15495,11949
15496,train,6595,11950
15497,train,182,11951
15499,train,15499,11953
15500,train,15500,11954
15501,train,6817,11955
15502,train,15502,11956
15504,train,789,11957
15505,train,15505,11958
15506,train,6044,11959
15508,train,3559,11961
15511,train,10820,11964
15513,train,15480,11966
15515,train,15515,11967
15517,train,4265,11968
15518,train,4265,11969
15519,train,4265,11970
15520,train,4265,11971
15521,train,4265,11972
15522,train,4265,11973
15524,train,4265,11975
15526,train,4265,11977
15528,train,4265,11979
15530,train,4265,11981
15532,train,4265,11983
15533,train,4265,11984
15534,train,4265,11985
15536,train,3172,11986
15537,train,15537,11987
15541,train,5872,11990
15545,train,15545,11992
15546,train,15546,11993
15548,train,15548,11995
15549,train,14133,11996
15550,train,14133,11997
15551,train,15551,11998
15552,train,15551,11999
15553,train,15551,12000
15556,train,15556,12003
15558,train,7162,12005
15559,train,14133,12006
15560,train,14133,12007
15561,train,15561,12008
15562,train,12461,12009
15563,train,7162,12010
15566,train,15566,12013
15568,train,166,12015
15570,train,2437,12017
15571,train,15571,12018
15574,train,15572,12021
15576,train,2437,12023
15578,train,15572,12025
15580,train,2437,12027
15582,train,2437,12029
15583,train,15583,12030
15585,train,15585,12032
15586,train,1774,12033
15589,train,5110,12036
15590,train,5110,12037
15592,train,5110,12039
15593,train,5104,12040
15594,train,5110,12041
15595,train,5110,12042
15596,train,5110,12043
15598,train,5110,12045
15599,train,5110,12046
15601,train,5110,12048
15602,train,5110,12049
15603,train,5110,12050
15604,train,5110,12051
15606,train,10279,12053
15609,train,15609,12056
15610,train,15610,12057
15611,train,15611,12058
15613,train,15613,12060
15614,train,15614,12061
15617,train,5852,12064
15618,train,15618,12065
15619,train,15619,12066
15620,train,15620,12067
15621,train,7816,12068
15624,train,15624,12070
15625,train,15625,12071
15628,train,15628,12073
15629,train,15629,12074
15632,train,3335,12077
15637,train,15637,12079
15638,train,15638,12080
15643,train,15642,12083
15647,train,15647,12086
15648,train,15648,12087
15649,train,15649,12088
15650,train,15650,12089
15652,train,15652,12090
15653,train,15652,12091
15658,train,15658,12095
15661,train,15661,12096
15662,train,15662,12097
15667,train,5285,12098
15668,train,5285,12099
15675,train,3649,12102
15676,train,4174,12103
15683,train,15683,12104
15684,train,5356,12105
15685,train,15685,12106
15686,train,15686,12107
15687,train,15686,12108
15691,train,3097,12110
15693,train,1826,12112
15694,train,1826,12113
15695,train,2532,12114
15696,train,2532,12115
15697,train,15697,12116
15698,train,2532,12117
15699,train,15699,12118
15700,train,8413,12119
15703,train,15703,12122
15704,train,15704,12123
15705,train,15705,12124
15710,train,15710,12129
15711,train,10280,12130
15712,train,15712,12131
15716,train,15716,12135
15717,train,15717,12136
15718,train,15718,12137
15719,train,2032,12138
15720,train,15720,12139
15721,train,8142,12140
15727,train,15144,12144
15728,train,14196,12145
15730,train,15652,12146
15737,train,10126,12148
15744,train,15744,12150
15749,train,15749,12154
15755,train,5030,12156
15757,train,10126,12157
15758,train,15758,12158
15764,train,15764,12160
15765,train,13931,12161
15766,train,15766,12162
15767,train,15767,12163
15768,train,15768,12164
15774,train,15773,12170
15777,train,15777,12173
15780,train,4764,12176
15781,train,9873,12177
15782,train,9873,12178
15783,train,4764,12179
15788,train,9223,12184
15789,train,2075,12185
15791,train,4012,12187
15795,train,15795,12189
15812,train,15812,12190
15821,train,15820,12192
15827,train,151,12193
15828,train,15828,12194
15830,train,15830,12196
15833,train,9213,12199
15835,train,9213,12201
15837,train,9213,12203
15838,train,9213,12204
15839,train,4992,12205
15841,train,3056,12207
15845,train,3056,12208
15846,train,3056,12209
15847,train,15546,12210
15852,train,15852,12215
15854,train,4992,12217
15856,train,134,12219
15858,train,215,12220
15859,train,15859,12221
15862,train,9435,12223
15864,train,15864,12225
15866,train,3714,12226
15869,train,1887,12229
15870,train,4334,12230
15871,train,746,12231
15872,train,9435,12232
15875,train,2082,12234
15886,train,15886,12239
15887,train,15886,12240
15889,train,15889,12242
15890,train,395,12243
15892,train,15892,12245
15894,train,15894,12246
15895,train,15895,12247
15896,train,15896,12248
15897,train,9435,12249
15902,train,15902,12254
15903,train,15903,12255
15906,train,4443,12258
15908,train,15908,12260
15909,train,15909,12261
15910,train,3395,12262
15911,train,15911,12263
15912,train,9623,12264
15914,train,9751,12265
15915,train,15903,12266
15918,train,15918,12268
15919,train,12260,12269
15920,train,12260,12270
15921,train,15921,12271
15925,train,12435,12275
15926,train,12435,12276
15927,train,12435,12277
15931,train,1995,12281
15932,train,15932,12282
15934,train,7950,12284
15936,train,15932,12286
15940,train,15940,12289
15941,train,15940,12290
15946,train,1308,12294
15951,train,13546,12296
15952,train,13546,12297
15953,train,15953,12298
15968,train,13546,12301
15969,train,811,12302
15970,train,11563,12303
15972,train,300,12305
15973,train,300,12306
15974,train,15974,12307
15982,train,389,12312
15988,train,7940,12314
16003,train,12507,12315
16013,train,16013,12316
16015,train,3064,12317
16016,train,9805,12318
16017,train,9805,12319
16018,train,9805,12320
16026,train,11818,12323
16029,train,16028,12326
16031,train,11818,12327
16035,train,16034,12330
16036,train,16034,12331
16038,train,1522,12333
16039,train,16034,12334
16043,train,16043,12338
16049,train,12450,12342
16070,train,16070,12345
16076,train,16076,12349
16077,train,16077,12350
16078,train,659,12351
16079,train,16079,12352
16083,train,16083,12354
16084,train,2386,12355
16085,train,16085,12356
16090,train,16090,12358
16093,train,11155,12359
16097,train,3961,12362
16100,train,1522,12365
16109,train,16109,12366
16111,train,16111,12367
16112,train,16111,12368
16113,train,16113,12369
16115,train,16113,12371
16117,train,16111,12373
16119,train,11930,12375
16120,train,16111,12376
16122,train,16111,12378
16123,train,16111,12379
16124,train,16111,12380
16125,train,11930,12381
16127,train,16127,12383
16129,train,16129,12385
16130,train,7589,12386
16131,train,7157,12387
16132,train,16099,12388
16135,train,16121,12389
16136,train,16111,12390
16137,train,16137,12391
16138,train,182,12392
16139,train,16139,12393
16143,train,13944,12395
16144,train,16144,12396
16150,train,16150,12402
16151,train,16151,12403
16152,train,16152,12404
16153,train,16153,12405
16154,train,16152,12406
16155,train,16155,12407
16157,train,16157,12408
16160,train,1797,12411
16163,train,16163,12413
16165,train,16165,12415
16166,train,16166,12416
16168,train,16168,12418
16169,train,16169,12419
16171,train,16150,12420
16174,train,16158,12422
16175,train,16175,12423
16177,train,1797,12425
16178,train,16178,12426
16182,train,16182,12429
16183,train,16182,12430
16185,train,3064,12432
16187,train,2600,12433
16188,train,13146,12434
16190,train,2735,12435
16191,train,3064,12436
16193,train,2735,12437
16197,train,13146,12440
16204,train,3064,12442
16205,train,3064,12443
16208,train,2735,12444
16211,train,6143,12446
16212,train,13193,12447
16213,train,13193,12448
16216,train,16215,12450
16221,train,16221,12454
16224,train,16224,12457
16229,train,1286,12461
16232,train,16232,12463
16234,train,16150,12465
16236,train,16236,12466
16237,train,16237,12467
16238,train,16238,12468
16239,train,16239,12469
16244,train,843,12470
16245,train,12498,12471
16246,train,12498,12472
16247,train,4231,12473
16250,train,12498,12476
16253,train,12498,12479
16256,train,16256,12480
16258,train,13645,12481
16260,train,4445,12482
16264,train,16264,12485
16266,train,16266,12487
16268,train,16268,12489
16270,train,16270,12490
16274,train,16273,12493
16276,train,16276,12495
16280,train,13403,12498
16283,train,13814,12501
16287,train,4231,12503
16288,train,3063,12504
16290,train,82,12505
16291,train,16264,12506
16292,train,16150,12507
16296,train,82,12508
16298,train,664,12509
16301,train,16301,12511
16302,train,16302,12512
16303,train,4201,12513
16305,train,122,12515
16306,train,3063,12516
16308,train,16308,12517
16310,train,16310,12518
16313,train,16313,12519
16315,train,9283,12520
16316,train,9283,12521
16317,train,16317,12522
16318,train,16318,12523
16319,train,16319,12524
16323,train,10181,12527
16324,train,10181,12528
16327,train,12451,12530
16328,train,16328,12531
16329,train,16329,12532
16333,train,16333,12534
16334,train,16334,12535
16338,train,16338,12537
16348,train,16339,12546
16352,train,16352,12547
16374,train,16373,12550
16375,train,16373,12551
16378,train,16378,12553
16379,train,16378,12554
16381,train,16377,12556
16382,train,16377,12557
16387,train,16387,12560
16388,train,16387,12561
16393,train,16393,12562
16395,train,16395,12563
16399,train,16399,12565
16400,train,142,12566
16402,train,734,12567
16404,train,16404,12569
16406,train,16406,12571
16407,train,16406,12572
16408,train,16408,12573
16409,train,108,12574
16410,train,16410,12575
16411,train,1037,12576
16414,train,16414,12579
16415,train,4034,12580
16416,train,16416,12581
16418,train,16418,12583
16423,train,3242,12588
16424,train,16424,12589
16425,train,16425,12590
16427,train,2157,12591
16428,train,5727,12592
16430,train,125,12593
16434,train,16434,12596
16435,train,16435,12597
16439,train,4621,12600
16440,train,16440,12601
16441,train,3536,12602
16442,train,15241,12603
16443,train,16443,12604
16444,train,82,12605
16445,train,5607,12606
16447,train,5659,12608
16451,train,6271,12611
16452,train,6367,12612
16453,train,6404,12613
16454,train,16406,12614
16456,train,6899,12616
16462,train,7769,12621
16463,train,7732,12622
16465,train,16405,12624
16466,train,9063,12625
16470,train,9805,12628
16471,train,13206,12629
16473,train,16473,12630
16477,train,4168,12634
16480,train,973,12636
16481,train,5965,12637
16482,train,16482,12638
16483,train,16483,12639
16488,train,3793,12641
16489,train,3140,12642
16490,train,16490,12643
16491,train,10938,12644
16492,train,746,12645
16494,train,13146,12647
16495,train,2735,12648
16496,train,16496,12649
16498,train,16498,12650
1,calibration,1,0
12,calibration,12,10
22,calibration,22,19
24,calibration,22,21
29,calibration,29,26
37,calibration,31,34
39,calibration,27,35
40,calibration,40,36
59,calibration,59,55
72,calibration,72,67
78,calibration,78,73
80,calibration,80,75
90,calibration,90,83
101,calibration,101,93
104,calibration,104,95
111,calibration,111,100
115,calibration,115,104
128,calibration,128,115
136,calibration,126,121
140,calibration,140,124
148,calibration,148,129
155,calibration,155,135
164,calibration,164,143
165,calibration,78,144
184,calibration,184,154
195,calibration,195,158
231,calibration,231,185
245,calibration,76,194
253,calibration,253,200
257,calibration,257,203
261,calibration,261,207
268,calibration,230,213
274,calibration,274,219
275,calibration,275,220
283,calibration,283,225
287,calibration,287,227
288,calibration,288,228
292,calibration,249,230
293,calibration,293,231
321,calibration,321,248
322,calibration,322,249
327,calibration,327,254
356,calibration,356,273
358,calibration,358,275
363,calibration,322,280
386,calibration,160,297
389,calibration,389,299
393,calibration,393,302
417,calibration,417,324
423,calibration,423,329
424,calibration,134,330
425,calibration,134,331
434,calibration,128,339
449,calibration,449,348
459,calibration,459,355
473,calibration,473,366
477,calibration,477,370
480,calibration,480,373
481,calibration,480,374
488,calibration,488,379
493,calibration,493,384
495,calibration,263,386
498,calibration,498,389
507,calibration,507,396
516,calibration,516,405
533,calibration,533,419
553,calibration,293,431
567,calibration,567,439
573,calibration,573,442
584,calibration,584,447
586,calibration,586,449
592,calibration,592,453
605,calibration,605,466
616,calibration,616,475
619,calibration,619,478
626,calibration,626,485
660,calibration,660,509
664,calibration,664,510
666,calibration,666,511
667,calibration,667,512
671,calibration,671,516
678,calibration,678,521
701,calibration,701,541
726,calibration,726,561
728,calibration,79,563
730,calibration,730,565
743,calibration,743,571
747,calibration,747,575
748,calibration,748,576
756,calibration,12,582
768,calibration,766,591
776,calibration,776,598
799,calibration,799,615
804,calibration,804,620
805,calibration,738,621
807,calibration,807,623
809,calibration,809,624
815,calibration,815,630
818,calibration,763,632
832,calibration,832,644
835,calibration,835,647
837,calibration,837,649
844,calibration,471,655
847,calibration,847,658
851,calibration,850,662
856,calibration,856,666
865,calibration,865,674
874,calibration,874,680
877,calibration,877,682
895,calibration,895,697
903,calibration,50,704
908,calibration,908,709
910,calibration,910,710
920,calibration,920,717
924,calibration,924,721
927,calibration,927,724
930,calibration,930,727
939,calibration,939,734
944,calibration,944,737
945,calibration,944,738
954,calibration,954,746
955,calibration,955,747
962,calibration,962,754
985,calibration,985,775
986,calibration,986,776
994,calibration,994,783
998,calibration,998,785
1008,calibration,1008,792
1027,calibration,1027,809
1038,calibration,1038,820
1046,calibration,1046,828
1049,calibration,1049,830
1052,calibration,1052,833
1053,calibration,1053,834
1059,calibration,1059,838
1064,calibration,1064,843
1079,calibration,1079,858
1082,calibration,1074,861
1085,calibration,1066,864
1108,calibration,929,885
1110,calibration,1110,887
1111,calibration,1111,888
1119,calibration,980,895
1121,calibration,1121,897
1123,calibration,1123,899
1128,calibration,1128,904
1137,calibration,1075,913
1139,calibration,1139,914
1151,calibration,1151,923
1165,calibration,1165,934
1173,calibration,317,942
1178,calibration,1178,947
1184,calibration,1184,952
1189,calibration,1189,957
1204,calibration,1204,967
1206,calibration,1206,969
1211,calibration,1211,974
1212,calibration,1212,975
1213,calibration,1213,976
1218,calibration,47,981
1222,calibration,1222,985
1225,calibration,1225,987
1227,calibration,1227,989
1243,calibration,1243,1002
1251,calibration,1251,1010
1261,calibration,383,1020
1262,calibration,1262,1021
1268,calibration,469,1026
1281,calibration,1281,1037
1286,calibration,1286,1042
1289,calibration,1289,1044
1296,calibration,1296,1049
1307,calibration,1307,1060
1326,calibration,1326,1078
1327,calibration,842,1079
1333,calibration,1333,1085
1337,calibration,1337,1089
1341,calibration,1341,1093
1353,calibration,1353,1104
1358,calibration,1358,1107
1360,calibration,1360,1109
1361,calibration,1361,1110
1365,calibration,1136,1114
1371,calibration,1297,1120
1373,calibration,1373,1122
1382,calibration,1382,1129
1392,calibration,1391,1138
1396,calibration,1396,1142
1402,calibration,1402,1147
1407,calibration,1407,1152
1410,calibration,1410,1154
1415,calibration,134,1158
1420,calibration,20,1163
1455,calibration,1455,1197
1462,calibration,1462,1204
1471,calibration,1470,1212
1484,calibration,1484,1223
1485,calibration,1485,1224
1487,calibration,1487,1226
1504,calibration,1504,1241
1511,calibration,1511,1245
1513,calibration,1513,1247
1520,calibration,1520,1253
1527,calibration,811,1258
1536,calibration,832,1266
1537,calibration,1537,1267
1547,calibration,1460,1276
1550,calibration,293,1279
1555,calibration,480,1284
1570,calibration,1570,1295
1590,calibration,738,1312
1631,calibration,1631,1345
1643,calibration,1643,1354
1664,calibration,1664,1372
1667,calibration,1667,1375
1670,calibration,1670,1378
1671,calibration,1671,1379
1678,calibration,1678,1386
1683,calibration,1683,1390
1714,calibration,1714,1417
1722,calibration,1722,1425
1734,calibration,801,1437
1738,calibration,801,1440
1739,calibration,1739,1441
1753,calibration,1134,1454
1805,calibration,1805,1502
1816,calibration,1816,1512
1823,calibration,1823,1518
1828,calibration,1828,1523
1832,calibration,1832,1525
1841,calibration,1841,1534
1849,calibration,1849,1541
1857,calibration,763,1548
1873,calibration,1873,1562
1874,calibration,1874,1563
1877,calibration,1877,1566
1886,calibration,1886,1573
1901,calibration,1901,1585
1904,calibration,1904,1587
1925,calibration,1925,1608
1929,calibration,1929,1610
1937,calibration,1937,1616
1947,calibration,1947,1625
1953,calibration,1953,1631
1960,calibration,1133,1638
1968,calibration,323,1646
1978,calibration,763,1653
1980,calibration,1980,1655
1986,calibration,1986,1660
1988,calibration,1988,1662
1999,calibration,383,1672
2020,calibration,2020,1690
2023,calibration,2023,1693
2028,calibration,2028,1697
2031,calibration,2031,1699
2034,calibration,2028,1702
2035,calibration,2029,1703
2042,calibration,763,1708
2043,calibration,763,1709
2045,calibration,2045,1710
2051,calibration,221,1716
2066,calibration,2066,1726
2083,calibration,2083,1741
2093,calibration,230,1750
2099,calibration,2099,1754
2114,calibration,2114,1766
2141,calibration,2141,1787
2155,calibration,2155,1800
2162,calibration,2162,1807
2163,calibration,2163,1808
2175,calibration,2175,1820
2187,calibration,395,1828
2192,calibration,253,1832
2193,calibration,1306,1833
2201,calibration,2201,1840
2204,calibration,2204,1841
2206,calibration,2206,1843
2215,calibration,2215,1852
2219,calibration,2219,1855
2231,calibration,1751,1864
2243,calibration,2243,1876
2246,calibration,2246,1879
2249,calibration,2249,1882
2251,calibration,2251,1884
2257,calibration,1387,1890
2275,calibration,2275,1907
2280,calibration,2280,1912
2281,calibration,2281,1913
2285,calibration,2285,1916
2287,calibration,2287,1917
2289,calibration,2289,1919
2320,calibration,2221,1947
2326,calibration,2326,1952
2327,calibration,2327,1953
2335,calibration,2335,1961
2338,calibration,2338,1964
2339,calibration,2339,1965
2343,calibration,2343,1968
2346,calibration,2259,1971
2347,calibration,2092,1972
2357,calibration,2357,1980
2358,calibration,1562,1981
2366,calibration,2366,1988
2367,calibration,2367,1989
2390,calibration,2390,2006
2393,calibration,2393,2008
2394,calibration,2394,2009
2402,calibration,2402,2015
2408,calibration,2408,2020
2410,calibration,1271,2022
2424,calibration,790,2034
2435,calibration,2435,2045
2436,calibration,2396,2046
2441,calibration,2441,2050
2442,calibration,2442,2051
2447,calibration,12,2056
2471,calibration,2471,2080
2480,calibration,2480,2087
2486,calibration,738,2092
2496,calibration,2496,2102
2503,calibration,2503,2109
2516,calibration,2516,2119
2518,calibration,2518,2120
2524,calibration,2524,2125
2534,calibration,2534,2134
2540,calibration,2540,2140
2555,calibration,2555,2151
2564,calibration,1299,2160
2577,calibration,2577,2169
2578,calibration,2578,2170
2587,calibration,2586,2176
2588,calibration,2588,2177
2591,calibration,2591,2180
2593,calibration,2593,2182
2615,calibration,2615,2201
2622,calibration,2622,2207
2623,calibration,2623,2208
2632,calibration,2632,2214
2638,calibration,2638,2219
2642,calibration,2548,2223
2643,calibration,2643,2224
2648,calibration,2648,2228
2649,calibration,2648,2229
2657,calibration,2657,2237
2667,calibration,249,2247
2670,calibration,2670,2250
2682,calibration,2682,2257
2685,calibration,2685,2260
2693,calibration,2693,2266
2707,calibration,2707,2278
2713,calibration,2713,2282
2714,calibration,2714,2283
2719,calibration,2719,2287
2722,calibration,2720,2290
2725,calibration,2725,2291
2726,calibration,2386,2292
2728,calibration,2720,2294
2735,calibration,2735,2299
2736,calibration,2720,2300
2740,calibration,790,2301
2757,calibration,2757,2316
2762,calibration,2762,2321
2767,calibration,2767,2324
2768,calibration,2768,2325
2771,calibration,2771,2328
2784,calibration,269,2340
2786,calibration,2786,2341
2801,calibration,2801,2355
2822,calibration,790,2363
2826,calibration,790,2367
2841,calibration,2793,2382
2849,calibration,973,2386
2857,calibration,2857,2393
2891,calibration,2526,2421
2898,calibration,2895,2426
2904,calibration,2895,2432
2906,calibration,2906,2434
2910,calibration,2217,2438
2912,calibration,2912,2440
2917,calibration,2164,2444
2919,calibration,2919,2446
2942,calibration,2942,2467
2946,calibration,2946,2471
2953,calibration,2161,2478
2956,calibration,2956,2481
2957,calibration,2895,2482
2959,calibration,2895,2484
2967,calibration,2964,2491
2969,calibration,2969,2493
2989,calibration,2989,2506
2997,calibration,2997,2513
3009,calibration,3009,2523
3018,calibration,3018,2530
3019,calibration,973,2531
3049,calibration,3049,2559
3050,calibration,1366,2560
3077,calibration,789,2584
3082,calibration,3082,2589
3084,calibration,3084,2591
3086,calibration,3086,2593
3113,calibration,3113,2620
3128,calibration,3128,2634
3141,calibration,3141,2646
3154,calibration,249,2655
3169,calibration,3169,2664
3175,calibration,3175,2670
3176,calibration,3176,2671
3179,calibration,3179,2674
3194,calibration,134,2688
3200,calibration,3200,2693
3208,calibration,3208,2701
3218,calibration,3218,2711
3222,calibration,3222,2712
3233,calibration,3233,2721
3237,calibration,108,2725
3242,calibration,3242,2729
3243,calibration,3243,2730
3244,calibration,125,2731
3260,calibration,3260,2745
3262,calibration,249,2747
3275,calibration,1602,2759
3279,calibration,3279,2762
3303,calibration,3302,2778
3310,calibration,3310,2785
3318,calibration,3314,2792
3322,calibration,3322,2795
3328,calibration,3328,2801
3331,calibration,3331,2804
3352,calibration,3352,2823
3357,calibration,2335,2826
3366,calibration,3322,2834
3368,calibration,3368,2835
3369,calibration,3369,2836
3383,calibration,973,2846
3388,calibration,3384,2851
3404,calibration,3404,2865
3414,calibration,3414,2874
3415,calibration,3415,2875
3419,calibration,3419,2879
3420,calibration,3420,2880
3422,calibration,3422,2882
3435,calibration,3435,2893
3436,calibration,2721,2894
3447,calibration,3447,2904
3448,calibration,3448,2905
3457,calibration,3457,2913
3459,calibration,1669,2915
3460,calibration,3460,2916
3474,calibration,623,2930
3490,calibration,3490,2945
3492,calibration,3492,2946
3496,calibration,3496,2950
3505,calibration,3505,2959
3513,calibration,3513,2966
3518,calibration,2889,2971
3526,calibration,3526,2978
3529,calibration,1366,2981
3534,calibration,3534,2985
3537,calibration,3389,2988
3544,calibration,3544,2994
3546,calibration,3546,2996
3548,calibration,3548,2997
3560,calibration,3560,3009
3564,calibration,3564,3013
3572,calibration,3568,3019
3584,calibration,3247,3030
3590,calibration,3590,3032
3592,calibration,3419,3034
3594,calibration,3594,3036
3595,calibration,3595,3037
3596,calibration,3596,3038
3603,calibration,108,3043
3619,calibration,3069,3056
3620,calibration,3069,3057
3623,calibration,3623,3059
3630,calibration,3630,3064
3634,calibration,2528,3067
3639,calibration,3639,3070
3643,calibration,3643,3073
3646,calibration,1792,3076
3649,calibration,3649,3079
3661,calibration,3661,3084
3672,calibration,1126,3095
3678,calibration,3678,3101
3682,calibration,150,3105
3684,calibration,3135,3107
3689,calibration,3689,3109
3690,calibration,3690,3110
3693,calibration,3693,3113
3700,calibration,3700,3119
3703,calibration,3703,3122
3713,calibration,3713,3130
3726,calibration,3726,3142
3739,calibration,3739,3154
3743,calibration,3743,3158
3748,calibration,3748,3163
3751,calibration,1868,3164
3767,calibration,3767,3179
3775,calibration,3775,3185
3786,calibration,3786,3195
3792,calibration,3792,3201
3800,calibration,3800,3208
3810,calibration,3810,3217
3821,calibration,3821,3226
3823,calibration,2281,3228
3843,calibration,3843,3246
3858,calibration,3858,3260
3868,calibration,3325,3270
3875,calibration,3731,3276
3877,calibration,3860,3277
3890,calibration,970,3287
3906,calibration,3906,3303
3907,calibration,3907,3304
3910,calibration,3910,3307
3913,calibration,3913,3310
3918,calibration,3917,3315
3919,calibration,3919,3316
3920,calibration,3920,3317
3922,calibration,3922,3319
3933,calibration,3933,3329
3934,calibration,3934,3330
3945,calibration,3945,3340
3949,calibration,3949,3344
3950,calibration,2919,3345
3968,calibration,3968,3363
3987,calibration,3987,3379
3993,calibration,2648,3383
3995,calibration,3995,3385
4000,calibration,4000,3388
4001,calibration,4001,3389
4002,calibration,1174,3390
4004,calibration,3150,3392
4006,calibration,4006,3394
4008,calibration,659,3395
4009,calibration,4009,3396
4010,calibration,4010,3397
4011,calibration,4011,3398
4012,calibration,4012,3399
4016,calibration,4016,3402
4019,calibration,2092,3405
4038,calibration,4038,3423
4041,calibration,2526,3425
4043,calibration,2832,3426
4046,calibration,4046,3428
4047,calibration,4047,3429
4053,calibration,2265,3433
4054,calibration,4054,3434
4064,calibration,1300,3444
4068,calibration,4068,3448
4075,calibration,726,3454
4076,calibration,4076,3455
4086,calibration,4086,3462
4104,calibration,4104,3477
4110,calibration,2684,3483
4125,calibration,4125,3496
4126,calibration,4126,3497
4133,calibration,4133,3503
4135,calibration,4135,3505
4139,calibration,4139,3509
4140,calibration,4140,3510
4157,calibration,4157,3526
4172,calibration,4172,3537
4173,calibration,4173,3538
4177,calibration,3224,3542
4181,calibration,3224,3546
4186,calibration,4186,3548
4188,calibration,4186,3550
4205,calibration,4205,3567
4212,calibration,4212,3573
4214,calibration,4214,3575
4219,calibration,4218,3580
4221,calibration,4221,3582
4231,calibration,4231,3591
4235,calibration,4231,3595
4240,calibration,4240,3600
4242,calibration,4242,3602
4253,calibration,4253,3613
4264,calibration,3794,3624
4268,calibration,3590,3628
4280,calibration,4280,3635
4281,calibration,4281,3636
4293,calibration,4293,3645
4306,calibration,4306,3658
4315,calibration,4315,3667
4318,calibration,4317,3670
4330,calibration,279,3676
4345,calibration,4345,3687
4349,calibration,4349,3689
4354,calibration,4132,3691
4356,calibration,4356,3693
4358,calibration,4358,3694
4363,calibration,4363,3695
4364,calibration,4364,3696
4368,calibration,182,3699
4373,calibration,4373,3700
4382,calibration,4382,3705
4383,calibration,4383,3706
4414,calibration,4414,3725
4425,calibration,4425,3733
4428,calibration,4426,3736
4440,calibration,4440,3746
4444,calibration,3266,3750
4447,calibration,3266,3753
4450,calibration,4449,3755
4480,calibration,4480,3781
4492,calibration,4492,3786
4494,calibration,2532,3787
4498,calibration,792,3791
4499,calibration,4499,3792
4532,calibration,4532,3819
4545,calibration,4545,3828
4548,calibration,4548,3831
4553,calibration,4553,3835
4556,calibration,4553,3838
4564,calibration,4005,3846
4569,calibration,4569,3849
4573,calibration,645,3853
4579,calibration,4577,3858
4580,calibration,4577,3859
4583,calibration,4583,3861
4586,calibration,4586,3864
4596,calibration,3994,3871
4608,calibration,4608,3879
4617,calibration,4615,3887
4625,calibration,4615,3895
4634,calibration,4634,3898
4643,calibration,4643,3906
4648,calibration,4426,3911
4653,calibration,4426,3916
4660,calibration,4437,3923
4662,calibration,4437,3925
4687,calibration,4687,3947
4688,calibration,4688,3948
4697,calibration,4697,3954
4699,calibration,4699,3956
4701,calibration,4437,3958
4702,calibration,4426,3959
4703,calibration,4438,3960
4708,calibration,4708,3965
4711,calibration,4711,3968
4721,calibration,4095,3976
4726,calibration,4112,3981
4727,calibration,4426,3982
4739,calibration,4739,3993
4745,calibration,4077,3999
4746,calibration,4426,4000
4753,calibration,4742,4005
4755,calibration,4755,4007
4756,calibration,4756,4008
4778,calibration,4778,4024
4782,calibration,3564,4028
4785,calibration,4785,4030
4790,calibration,4788,4035
4795,calibration,4526,4039
4814,calibration,4814,4056
4819,calibration,4819,4061
4820,calibration,4820,4062
4837,calibration,3247,4073
4853,calibration,395,4088
4887,calibration,4412,4119
4891,calibration,4336,4123
4899,calibration,4707,4131
4908,calibration,4908,4139
4909,calibration,3426,4140
4912,calibration,3426,4143
4919,calibration,1147,4150
4925,calibration,3266,4155
4930,calibration,4445,4157
4955,calibration,4955,4174
4958,calibration,4958,4175
4960,calibration,4960,4177
4979,calibration,4979,4193
4991,calibration,4991,4201
4995,calibration,4995,4205
5005,calibration,5005,4214
5013,calibration,3536,4222
5015,calibration,3536,4224
5017,calibration,5017,4226
5018,calibration,5018,4227
5025,calibration,5025,4231
5026,calibration,1189,4232
5030,calibration,5030,4235
5033,calibration,5033,4238
5035,calibration,5035,4240
5038,calibration,4810,4243
5041,calibration,5041,4245
5048,calibration,5048,4251
5058,calibration,5058,4260
5067,calibration,5067,4267
5070,calibration,2695,4270
5087,calibration,811,4285
5100,calibration,566,4296
5114,calibration,4838,4310
5116,calibration,5116,4312
5117,calibration,12,4313
5123,calibration,4838,4318
5142,calibration,182,4337
5161,calibration,2735,4348
5163,calibration,5163,4350
5167,calibration,5167,4354
5169,calibration,659,4355
5180,calibration,5179,4364
5181,calibration,5181,4365
5201,calibration,5201,4385
5205,calibration,5205,4389
5211,calibration,5179,4394
5212,calibration,5212,4395
5236,calibration,5189,4417
5243,calibration,5243,4423
5251,calibration,5251,4430
5261,calibration,5261,4439
5263,calibration,5263,4441
5301,calibration,5294,4477
5302,calibration,5302,4478
5307,calibration,5307,4483
5309,calibration,5309,4485
5342,calibration,5342,4497
5351,calibration,5351,4506
5360,calibration,5358,4515
5362,calibration,5362,4517
5363,calibration,5188,4518
5364,calibration,5364,4519
5374,calibration,5374,4526
5376,calibration,4577,4528
5380,calibration,5380,4532
5387,calibration,4577,4539
5395,calibration,5377,4547
5403,calibration,5403,4551
5416,calibration,5415,4562
5427,calibration,5426,4573
5434,calibration,5434,4580
5445,calibration,5444,4590
5450,calibration,5450,4594
5452,calibration,5452,4596
5456,calibration,5456,4600
5458,calibration,5458,4601
5466,calibration,5437,4607
5476,calibration,5476,4615
5484,calibration,5484,4621
5485,calibration,5485,4622
5488,calibration,5488,4625
5490,calibration,414,4627
5491,calibration,414,4628
5495,calibration,4791,4632
5501,calibration,5500,4636
5505,calibration,5505,4640
5508,calibration,82,4643
5509,calibration,5509,4644
5516,calibration,5516,4650
5524,calibration,5524,4656
5525,calibration,5525,4657
5529,calibration,757,4661
5533,calibration,4750,4664
5550,calibration,2336,4679
5551,calibration,5551,4680
5552,calibration,3591,4681
5553,calibration,5553,4682
5564,calibration,2559,4691
5570,calibration,5570,4697
5573,calibration,5573,4700
5594,calibration,5594,4717
5596,calibration,5596,4719
5599,calibration,5227,4722
5612,calibration,1530,4733
5622,calibration,5622,4742
5629,calibration,5624,4749
5631,calibration,1046,4751
5637,calibration,5637,4756
5644,calibration,5644,4763
5647,calibration,5259,4766
5649,calibration,5649,4768
5657,calibration,4495,4773
5662,calibration,5658,4778
5670,calibration,4577,4785
5671,calibration,5671,4786
5710,calibration,5710,4823
5718,calibration,5718,4831
5722,calibration,5722,4835
5726,calibration,747,4839
5727,calibration,5727,4840
5730,calibration,5729,4843
5735,calibration,5735,4847
5739,calibration,5737,4851
5754,calibration,5167,4864
5770,calibration,5770,4876
5778,calibration,447,4880
5781,calibration,5781,4883
5785,calibration,5785,4886
5787,calibration,5787,4888
5791,calibration,221,4892
5801,calibration,5797,4901
5803,calibration,5797,4903
5816,calibration,5816,4914
5832,calibration,5580,4929
5834,calibration,5834,4931
5835,calibration,5833,4932
5845,calibration,5622,4941
5849,calibration,5849,4945
5863,calibration,5860,4957
5865,calibration,5546,4959
5867,calibration,5867,4960
5868,calibration,5868,4961
5873,calibration,5873,4966
5878,calibration,3743,4971
5879,calibration,3743,4972
5880,calibration,3714,4973
5885,calibration,5885,4975
5888,calibration,5888,4978
5891,calibration,5030,4981
5893,calibration,5030,4983
5895,calibration,5895,4985
5899,calibration,3743,4989
5904,calibration,5903,4993
5909,calibration,2931,4998
5915,calibration,5915,5003
5918,calibration,5918,5005
5919,calibration,5918,5006
5931,calibration,3624,5016
5935,calibration,5933,5020
5945,calibration,4495,5026
5946,calibration,5946,5027
5948,calibration,5948,5029
5951,calibration,4621,5032
5963,calibration,5963,5040
5975,calibration,5967,5050
5976,calibration,5967,5051
5977,calibration,5973,5052
5979,calibration,5967,5053
5983,calibration,5983,5057
5987,calibration,2181,5061
5994,calibration,5994,5068
5997,calibration,5997,5071
6004,calibration,482,5074
6045,calibration,6045,5109
6046,calibration,6046,5110
6048,calibration,323,5112
6053,calibration,811,5116
6068,calibration,6068,5128
6070,calibration,6069,5130
6072,calibration,6072,5132
6074,calibration,4434,5134
6075,calibration,4434,5135
6076,calibration,1995,5136
6077,calibration,6077,5137
6079,calibration,6079,5139
6089,calibration,6089,5148
6090,calibration,6089,5149
6091,calibration,6085,5150
6094,calibration,6085,5153
6103,calibration,3172,5162
6111,calibration,6111,5170
6119,calibration,6118,5177
6125,calibration,6125,5182
6129,calibration,6128,5184
6132,calibration,6132,5187
6136,calibration,6125,5191
6141,calibration,6141,5196
6143,calibration,6143,5197
6147,calibration,5928,5201
6170,calibration,6170,5220
6215,calibration,6215,5251
6230,calibration,6219,5264
6233,calibration,6222,5267
6251,calibration,6251,5283
6253,calibration,6251,5285
6274,calibration,6274,5303
6279,calibration,6279,5308
6281,calibration,5659,5310
6282,calibration,5659,5311
6284,calibration,5658,5313
6290,calibration,6287,5316
6292,calibration,6287,5318
6304,calibration,6304,5326
6313,calibration,6312,5333
6325,calibration,6325,5342
6328,calibration,898,5345
6335,calibration,6120,5350
6340,calibration,6118,5355
6342,calibration,6118,5356
6347,calibration,6347,5361
6353,calibration,6120,5367
6355,calibration,2944,5369
6370,calibration,6370,5384
6377,calibration,6377,5390
6379,calibration,2332,5392
6387,calibration,1794,5400
6390,calibration,1794,5403
6409,calibration,6383,5422
6412,calibration,6383,5425
6415,calibration,6395,5428
6419,calibration,6404,5432
6422,calibration,5607,5435
6427,calibration,5607,5440
6436,calibration,6436,5449
6452,calibration,4434,5464
6467,calibration,6467,5477
6477,calibration,5415,5482
6481,calibration,6481,5486
6495,calibration,6495,5499
6509,calibration,134,5511
6514,calibration,6312,5516
6525,calibration,6525,5527
6532,calibration,6532,5533
6541,calibration,3711,5537
6543,calibration,5424,5539
6553,calibration,6553,5544
6579,calibration,6579,5559
6587,calibration,6584,5566
6590,calibration,6590,5569
6595,calibration,6595,5572
6596,calibration,3005,5573
6601,calibration,6584,5578
6613,calibration,6613,5590
6614,calibration,1042,5591
6617,calibration,6616,5594
6636,calibration,4262,5610
6640,calibration,6275,5614
6648,calibration,4026,5622
6659,calibration,1307,5633
6673,calibration,6673,5646
6678,calibration,6678,5651
6680,calibration,6677,5653
6681,calibration,6677,5654
6685,calibration,6685,5658
6687,calibration,2696,5659
6691,calibration,6691,5661
6698,calibration,2696,5668
6704,calibration,6704,5673
6706,calibration,6704,5675
6722,calibration,6692,5690
6723,calibration,6693,5691
6737,calibration,6737,5704
6741,calibration,3456,5708
6745,calibration,6745,5712
6751,calibration,6750,5718
6754,calibration,6750,5721
6762,calibration,6750,5729
6766,calibration,6761,5733
6769,calibration,6750,5736
6779,calibration,6765,5745
6782,calibration,6782,5748
6789,calibration,6761,5754
6801,calibration,6801,5764
6815,calibration,6815,5770
6816,calibration,6816,5771
6824,calibration,6824,5778
6827,calibration,2126,5781
6831,calibration,789,5785
6836,calibration,6836,5790
6837,calibration,6837,5791
6839,calibration,6838,5793
6846,calibration,6846,5796
6855,calibration,6855,5805
6856,calibration,6856,5806
6859,calibration,6859,5809
6864,calibration,6862,5813
6875,calibration,6873,5820
6881,calibration,6881,5825
6889,calibration,6889,5832
6892,calibration,6884,5835
6894,calibration,3560,5837
6901,calibration,6901,5844
6902,calibration,1307,5845
6917,calibration,6917,5858
6929,calibration,6929,5869
6945,calibration,6445,5877
6952,calibration,6952,5884
6954,calibration,6954,5886
6960,calibration,6960,5892
6963,calibration,6963,5894
6964,calibration,2928,5895
6965,calibration,2928,5896
6989,calibration,6989,5917
7009,calibration,7002,5935
7012,calibration,7011,5938
7014,calibration,7011,5940
7022,calibration,7022,5948
7025,calibration,7023,5951
7026,calibration,7022,5952
7029,calibration,7029,5955
7044,calibration,7044,5970
7046,calibration,7046,5972
7048,calibration,7039,5974
7049,calibration,7049,5975
7056,calibration,7056,5981
7059,calibration,7059,5983
7069,calibration,7069,5992
7072,calibration,7023,5994
7077,calibration,7077,5998
7089,calibration,7088,6009
7107,calibration,7107,6023
7118,calibration,3140,6033
7128,calibration,6907,6041
7134,calibration,4955,6047
7155,calibration,7155,6063
7163,calibration,7162,6071
7167,calibration,1307,6073
7172,calibration,7172,6077
7173,calibration,7173,6078
7175,calibration,7175,6080
7178,calibration,7177,6083
7185,calibration,5852,6088
7186,calibration,5852,6089
7189,calibration,5852,6092
7209,calibration,358,6106
7220,calibration,7220,6114
7232,calibration,6044,6122
7246,calibration,7239,6129
7248,calibration,7239,6130
7265,calibration,7265,6146
7266,calibration,7266,6147
7270,calibration,7270,6151
7278,calibration,7278,6159
7283,calibration,5852,6164
7284,calibration,5857,6165
7292,calibration,5852,6173
7299,calibration,6079,6179
7303,calibration,6271,6183
7304,calibration,5852,6184
7311,calibration,7311,6191
7312,calibration,7312,6192
7318,calibration,7316,6197
7325,calibration,7325,6201
7327,calibration,7327,6203
7328,calibration,1036,6204
7349,calibration,474,6223
7357,calibration,4921,6230
7361,calibration,7361,6232
7373,calibration,3973,6242
7396,calibration,1567,6263
7405,calibration,7403,6271
7415,calibration,7415,6281
7416,calibration,7416,6282
7417,calibration,7417,6283
7420,calibration,7420,6286
7438,calibration,79,6293
7450,calibration,7450,6304
7468,calibration,5500,6320
7477,calibration,7477,6327
7502,calibration,5454,6347
7503,calibration,7503,6348
7531,calibration,7531,6371
7532,calibration,7532,6372
7535,calibration,1995,6375
7537,calibration,1740,6377
7540,calibration,7540,6380
7572,calibration,7572,6402
7574,calibration,7574,6404
7577,calibration,7577,6407
7579,calibration,7575,6409
7592,calibration,6312,6421
7593,calibration,6312,6422
7594,calibration,6312,6423
7597,calibration,7597,6426
7604,calibration,182,6429
7607,calibration,7607,6432
7614,calibration,30,6439
7615,calibration,7307,6440
7625,calibration,7625,6448
7658,calibration,7658,6457
7667,calibration,6315,6463
7670,calibration,7670,6466
7673,calibration,6501,6468
7679,calibration,7679,6473
7687,calibration,7687,6481
7689,calibration,7689,6483
7699,calibration,2185,6493
7700,calibration,7700,6494
7737,calibration,7737,6513
7756,calibration,7756,6529
7757,calibration,7732,6530
7765,calibration,2600,6538
7775,calibration,7732,6545
7782,calibration,7782,6552
7810,calibration,2589,6556
7818,calibration,7818,6559
7820,calibration,7820,6561
7844,calibration,7844,6566
7852,calibration,7852,6571
7882,calibration,1661,6587
7884,calibration,738,6589
7921,calibration,7921,6606
7930,calibration,5327,6613
7938,calibration,2082,6618
7943,calibration,6620,6623
7952,calibration,7952,6632
7964,calibration,7961,6641
7977,calibration,7972,6650
7984,calibration,7984,6654
7989,calibration,7989,6659
8005,calibration,7989,6675
8021,calibration,8020,6688
8022,calibration,207,6689
8024,calibration,8024,6691
8062,calibration,8062,6713
8075,calibration,8075,6722
8076,calibration,8076,6723
8081,calibration,8081,6728
8094,calibration,6312,6733
8123,calibration,323,6750
8131,calibration,340,6755
8146,calibration,8142,6762
8147,calibration,8143,6763
8149,calibration,8124,6765
8176,calibration,8176,6774
8187,calibration,4265,6784
8200,calibration,7625,6793
8207,calibration,8207,6797
8218,calibration,8218,6803
8247,calibration,8240,6823
8251,calibration,8241,6827
8252,calibration,8240,6828
8273,calibration,8273,6842
8281,calibration,8281,6844
8291,calibration,1517,6851
8299,calibration,8299,6858
8311,calibration,8311,6867
8319,calibration,8317,6870
8323,calibration,8323,6874
8329,calibration,8240,6879
8341,calibration,8240,6889
8362,calibration,8240,6908
8370,calibration,8370,6912
8392,calibration,8392,6928
8394,calibration,8394,6929
8403,calibration,8403,6935
8424,calibration,8424,6950
8427,calibration,8427,6952
8429,calibration,8429,6954
8456,calibration,8326,6977
8460,calibration,8457,6981
8461,calibration,8457,6982
8467,calibration,8457,6988
8478,calibration,1859,6993
8491,calibration,4161,7002
8497,calibration,8497,7005
8515,calibration,8515,7014
8516,calibration,8516,7015
8524,calibration,8524,7019
8540,calibration,2532,7026
8573,calibration,8573,7041
8578,calibration,8573,7046
8596,calibration,8596,7063
8624,calibration,63,7089
8625,calibration,8625,7090
8632,calibration,8632,7096
8638,calibration,8638,7099
8639,calibration,182,7100
8642,calibration,8642,7103
8646,calibration,5948,7106
8649,calibration,8645,7109
8660,calibration,513,7118
8670,calibration,8670,7128
8710,calibration,8710,7148
8719,calibration,4992,7150
8730,calibration,8730,7160
8734,calibration,2386,7164
8747,calibration,8747,7169
8754,calibration,8754,7176
8756,calibration,8748,7178
8757,calibration,8748,7179
8763,calibration,8758,7183
8774,calibration,8774,7187
8780,calibration,8780,7193
8785,calibration,141,7197
8788,calibration,293,7200
8798,calibration,8798,7206
8801,calibration,8801,7209
8806,calibration,8806,7213
8828,calibration,8824,7231
8836,calibration,8816,7237
8839,calibration,8386,7239
8842,calibration,4992,7242
8856,calibration,8856,7248
8870,calibration,8868,7256
8895,calibration,6276,7266
8898,calibration,8898,7269
8907,calibration,8907,7272
8921,calibration,16,7285
8928,calibration,8928,7290
8938,calibration,8938,7296
8942,calibration,8942,7299
8958,calibration,1418,7310
8960,calibration,4095,7311
8969,calibration,8969,7319
8987,calibration,8095,7335
8994,calibration,8994,7341
9002,calibration,2386,7349
9005,calibration,9005,7352
9036,calibration,1534,7373
9044,calibration,9044,7378
9045,calibration,6312,7379
9058,calibration,9058,7388
9061,calibration,9058,7390
9062,calibration,9062,7391
9064,calibration,9064,7393
9071,calibration,9071,7400
9075,calibration,9063,7404
9082,calibration,82,7409
9094,calibration,9093,7418
9096,calibration,9096,7420
9110,calibration,9110,7433
9119,calibration,9114,7439
9126,calibration,9125,7446
9134,calibration,293,7452
9138,calibration,8611,7456
9160,calibration,9160,7471
9174,calibration,9174,7482
9193,calibration,1418,7496
9197,calibration,1418,7500
9212,calibration,9212,7506
9218,calibration,9213,7512
9263,calibration,9261,7530
9264,calibration,9261,7531
9268,calibration,9268,7533
9269,calibration,9269,7534
9277,calibration,9276,7536
9278,calibration,9276,7537
9279,calibration,9276,7538
9294,calibration,4174,7548
9298,calibration,9298,7550
9299,calibration,9299,7551
9315,calibration,1023,7559
9318,calibration,9318,7561
9328,calibration,9328,7564
9329,calibration,9329,7565
9330,calibration,9330,7566
9336,calibration,9336,7572
9341,calibration,134,7575
9344,calibration,7597,7578
9350,calibration,9350,7584
9372,calibration,7624,7603
9385,calibration,7624,7614
9396,calibration,134,7625
9399,calibration,134,7628
9410,calibration,9410,7637
9412,calibration,2083,7639
9413,calibration,2083,7640
9414,calibration,152,7641
9417,calibration,249,7643
9427,calibration,9427,7651
9431,calibration,9431,7655
9442,calibration,9442,7664
9445,calibration,134,7666
9470,calibration,5761,7687
9471,calibration,4879,7688
9491,calibration,9491,7703
9492,calibration,395,7704
9497,calibration,3056,7708
9498,calibration,9498,7709
9502,calibration,9502,7713
9521,calibration,9435,7727
9529,calibration,9435,7734
9539,calibration,9435,7744
9540,calibration,9540,7745
9556,calibration,9556,7756
9558,calibration,9558,7758
9559,calibration,9559,7759
9571,calibration,9571,7770
9598,calibration,811,7778
9603,calibration,811,7783
9607,calibration,8421,7786
9614,calibration,9614,7790
9621,calibration,6736,7797
9633,calibration,2083,7809
9638,calibration,9638,7812
9641,calibration,9641,7815
9656,calibration,9656,7830
9658,calibration,9658,7832
9670,calibration,9435,7841
9676,calibration,9674,7846
9677,calibration,9674,7847
9682,calibration,746,7852
9684,calibration,9684,7854
9685,calibration,9685,7855
9710,calibration,9710,7864
9712,calibration,9712,7866
9726,calibration,9726,7874
9729,calibration,449,7877
9730,calibration,4068,7878
9734,calibration,9734,7882
9737,calibration,9737,7885
9753,calibration,9753,7899
9757,calibration,9435,7902
9759,calibration,9435,7904
9763,calibration,9435,7908
9795,calibration,9276,7938
9828,calibration,4755,7958
9841,calibration,5202,7965
9859,calibration,9859,7973
9874,calibration,9085,7982
9882,calibration,9882,7986
9890,calibration,9883,7994
9891,calibration,9883,7995
9895,calibration,9883,7999
9917,calibration,9917,8011
9932,calibration,9932,8018
9942,calibration,9942,8028
9945,calibration,9945,8029
9951,calibration,9639,8035
9957,calibration,9954,8041
9963,calibration,9963,8047
9964,calibration,9964,8048
9965,calibration,9965,8049
9974,calibration,9938,8058
9975,calibration,9938,8059
9979,calibration,9767,8063
10005,calibration,4855,8081
10035,calibration,10035,8090
10038,calibration,9938,8093
10043,calibration,10043,8098
10045,calibration,9938,8100
10049,calibration,2489,8104
10053,calibration,2489,8107
10057,calibration,5292,8109
10064,calibration,10064,8116
10069,calibration,10068,8121
10072,calibration,10068,8124
10075,calibration,10073,8127
10077,calibration,6960,8129
10080,calibration,10080,8131
10105,calibration,9968,8151
10118,calibration,10118,8158
10132,calibration,5081,8168
10133,calibration,10126,8169
10136,calibration,4980,8172
10166,calibration,10166,8194
10168,calibration,10168,8195
10178,calibration,5371,8203
10184,calibration,10182,8209
10185,calibration,10182,8210
10193,calibration,10193,8214
10202,calibration,10202,8219
10204,calibration,10204,8221
10207,calibration,546,8224
10211,calibration,2186,8228
10219,calibration,7412,8232
10229,calibration,10229,8236
10235,calibration,10235,8240
10242,calibration,9840,8247
10249,calibration,10249,8249
10253,calibration,10252,8252
10255,calibration,10252,8254
10256,calibration,10252,8255
10260,calibration,10252,8259
10262,calibration,10252,8261
10273,calibration,108,8268
10285,calibration,1774,8279
10293,calibration,5105,8287
10301,calibration,8849,8290
10313,calibration,10312,8298
10314,calibration,10314,8299
10315,calibration,10315,8300
10320,calibration,10320,8303
10324,calibration,1671,8307
10325,calibration,1671,8308
10331,calibration,1671,8314
10347,calibration,9970,8321
10351,calibration,9938,8322
10366,calibration,10366,8326
10382,calibration,2017,8339
10386,calibration,10315,8343
10397,calibration,9276,8351
10435,calibration,10435,8373
10439,calibration,10439,8376
10441,calibration,9276,8378
10471,calibration,10467,8393
10481,calibration,10473,8403
10488,calibration,5110,8409
10505,calibration,10504,8422
10506,calibration,10506,8423
10510,calibration,10510,8426
10512,calibration,10512,8428
10514,calibration,10514,8429
10524,calibration,10524,8438
10525,calibration,9276,8439
10527,calibration,10527,8441
10529,calibration,10529,8442
10533,calibration,1922,8446
10536,calibration,4112,8449
10551,calibration,10551,8454
10564,calibration,10564,8465
10566,calibration,10566,8467
10567,calibration,10567,8468
10569,calibration,10569,8470
10576,calibration,10576,8477
10582,calibration,10582,8483
10592,calibration,10592,8493
10602,calibration,10171,8503
10606,calibration,10606,8507
10632,calibration,10632,8529
10633,calibration,10633,8530
10666,calibration,10666,8561
10676,calibration,10676,8570
10678,calibration,10677,8572
10688,calibration,152,8582
10689,calibration,4231,8583
10696,calibration,10696,8590
10700,calibration,3280,8592
10702,calibration,1299,8594
10715,calibration,10715,8607
10724,calibration,10723,8615
10741,calibration,10741,8626
10746,calibration,10746,8631
10750,calibration,10623,8635
10754,calibration,10754,8638
10758,calibration,6781,8641
10761,calibration,10761,8643
10762,calibration,3464,8644
10765,calibration,10765,8647
10776,calibration,3164,8655
10786,calibration,10786,8665
10788,calibration,10788,8667
10789,calibration,10789,8668
10793,calibration,10793,8672
10797,calibration,10797,8676
10799,calibration,10799,8678
10808,calibration,10808,8686
10812,calibration,10812,8689
10816,calibration,10813,8693
10825,calibration,10825,8702
10830,calibration,10830,8707
10835,calibration,10835,8712
10836,calibration,10835,8713
10852,calibration,10852,8723
10854,calibration,10854,8725
10857,calibration,10857,8727
10864,calibration,10864,8734
10865,calibration,3327,8735
10872,calibration,10872,8741
10873,calibration,249,8742
10877,calibration,10877,8743
10880,calibration,10880,8745
10887,calibration,10887,8751
10895,calibration,10895,8756
10909,calibration,2585,8769
10913,calibration,10913,8773
10919,calibration,10919,8778
10924,calibration,10922,8782
10928,calibration,10928,8785
10930,calibration,10930,8786
10932,calibration,3175,8788
10947,calibration,10947,8795
10978,calibration,10978,8802
10980,calibration,10980,8803
10988,calibration,10988,8810
10997,calibration,10997,8816
10999,calibration,10999,8818
11003,calibration,8421,8822
11005,calibration,11005,8823
11009,calibration,6085,8826
11010,calibration,6085,8827
11016,calibration,9564,8833
11022,calibration,8545,8838
11038,calibration,11038,8849
11039,calibration,11039,8850
11070,calibration,11070,8862
11090,calibration,11090,8876
11091,calibration,11090,8877
11093,calibration,11093,8879
11097,calibration,11096,8882
11103,calibration,11103,8885
11128,calibration,2559,8907
11131,calibration,482,8910
11149,calibration,11149,8921
11153,calibration,11153,8924
11159,calibration,11159,8929
11160,calibration,11160,8930
11168,calibration,11168,8935
11183,calibration,11183,8943
11186,calibration,3325,8945
11218,calibration,11218,8968
11220,calibration,11220,8970
11229,calibration,11227,8976
11251,calibration,11251,8991
11301,calibration,11301,9012
11305,calibration,1799,9016
11309,calibration,11309,9020
11320,calibration,11320,9031
11331,calibration,3401,9040
11337,calibration,11337,9046
11341,calibration,8545,9050
11346,calibration,11346,9055
11349,calibration,5454,9058
11350,calibration,3314,9059
11372,calibration,11372,9072
11384,calibration,11384,9080
11385,calibration,11385,9081
11394,calibration,11394,9085
11398,calibration,4611,9089
11406,calibration,11406,9092
11428,calibration,11428,9110
11433,calibration,11433,9113
11445,calibration,11445,9124
11447,calibration,11447,9126
11468,calibration,11468,9138
11472,calibration,11472,9141
11481,calibration,11481,9146
11492,calibration,11492,9154
11504,calibration,10922,9163
11513,calibration,11513,9170
11526,calibration,880,9179
11537,calibration,11537,9184
11546,calibration,11546,9192
11552,calibration,11551,9198
11568,calibration,11568,9213
11580,calibration,11580,9217
11582,calibration,11582,9219
11583,calibration,11583,9220
11584,calibration,11584,9221
11606,calibration,11606,9233
11625,calibration,11625,9240
11628,calibration,4077,9243
11643,calibration,11643,9253
11644,calibration,11644,9254
11683,calibration,5302,9264
11701,calibration,11700,9275
11716,calibration,11716,9285
11724,calibration,3793,9289
11735,calibration,11735,9297
11751,calibration,11751,9302
11753,calibration,11753,9303
11758,calibration,11758,9306
11766,calibration,11763,9313
11778,calibration,11778,9323
11804,calibration,11804,9327
11810,calibration,11810,9332
11812,calibration,11812,9333
11819,calibration,9901,9340
11820,calibration,9901,9341
11822,calibration,9883,9343
11828,calibration,9883,9349
11838,calibration,9883,9359
11865,calibration,11865,9374
11882,calibration,11882,9378
11890,calibration,11889,9380
11903,calibration,9276,9385
11919,calibration,11919,9390
11921,calibration,11921,9391
11923,calibration,11923,9392
11949,calibration,7971,9413
11953,calibration,3247,9417
11962,calibration,11962,9423
11975,calibration,11975,9436
12002,calibration,12002,9459
12042,calibration,6438,9468
12047,calibration,12046,9471
12083,calibration,2995,9488
12101,calibration,12101,9504
12119,calibration,12117,9517
12128,calibration,12117,9526
12136,calibration,12136,9530
12153,calibration,471,9534
12158,calibration,12154,9539
12170,calibration,7059,9542
12172,calibration,12172,9543
12173,calibration,12173,9544
12178,calibration,12178,9547
12186,calibration,12182,9552
12189,calibration,179,9555
12193,calibration,179,9559
12199,calibration,12197,9565
12201,calibration,12182,9567
12203,calibration,12182,9569
12213,calibration,12213,9575
12216,calibration,12216,9578
12222,calibration,3690,9583
12228,calibration,3097,9585
12241,calibration,12241,9591
12245,calibration,12240,9595
12247,calibration,12241,9597
12249,calibration,12241,9599
12280,calibration,12278,9614
12283,calibration,12283,9616
12298,calibration,12298,9628
12308,calibration,12306,9635
12319,calibration,3961,9645
12339,calibration,12339,9648
12340,calibration,12340,9649
12350,calibration,1522,9651
12351,calibration,12351,9652
12356,calibration,12356,9654
12393,calibration,12393,9671
12433,calibration,12433,9683
12445,calibration,12445,9691
12450,calibration,12450,9693
12452,calibration,12452,9695
12465,calibration,12465,9707
12471,calibration,12471,9713
12472,calibration,1531,9714
12476,calibration,12476,9718
12478,calibration,12457,9720
12482,calibration,12457,9724
12486,calibration,7732,9728
12502,calibration,1531,9738
12507,calibration,12507,9741
12547,calibration,12547,9767
12555,calibration,12555,9769
12556,calibration,160,9770
12560,calibration,12560,9774
12562,calibration,12562,9776
12565,calibration,12565,9779
12569,calibration,12569,9783
12570,calibration,12562,9784
12574,calibration,3172,9788
12575,calibration,3172,9789
12583,calibration,3302,9797
12586,calibration,12586,9799
12589,calibration,12589,9802
12594,calibration,12594,9807
12605,calibration,12605,9814
12615,calibration,12615,9823
12624,calibration,12624,9828
12629,calibration,12629,9832
12634,calibration,12634,9837
12657,calibration,94,9855
12722,calibration,12721,9902
12723,calibration,12723,9903
12728,calibration,7100,9906
12735,calibration,2089,9912
12750,calibration,12750,9926
12772,calibration,10691,9946
12783,calibration,12783,9956
12790,calibration,7433,9959
12795,calibration,12795,9963
12796,calibration,12796,9964
12808,calibration,12808,9974
12814,calibration,12814,9979
12816,calibration,12816,9981
12825,calibration,12825,9988
12831,calibration,12829,9992
12833,calibration,12833,9994
12835,calibration,12829,9996
12840,calibration,12840,9999
12847,calibration,12847,10005
12853,calibration,5622,10006
12864,calibration,113,10016
12886,calibration,12886,10033
12897,calibration,12897,10044
12898,calibration,12898,10045
12905,calibration,12893,10052
12911,calibration,12911,10058
12912,calibration,12912,10059
12913,calibration,12913,10060
12933,calibration,12933,10080
12934,calibration,299,10081
12963,calibration,12958,10106
12982,calibration,12982,10122
12997,calibration,12997,10132
12998,calibration,12998,10133
13024,calibration,13020,10143
13030,calibration,13030,10147
13032,calibration,5925,10149
13033,calibration,5925,10150
13041,calibration,13041,10158
13043,calibration,13043,10160
13049,calibration,2386,10165
13050,calibration,13050,10166
13057,calibration,12507,10171
13064,calibration,12730,10178
13072,calibration,2089,10183
13091,calibration,13090,10198
13092,calibration,13092,10199
13111,calibration,13111,10215
13129,calibration,13021,10221
13131,calibration,2735,10222
13141,calibration,13141,10229
13144,calibration,3064,10232
13147,calibration,3064,10235
13149,calibration,2990,10237
13151,calibration,2735,10239
13154,calibration,3064,10242
13158,calibration,9283,10246
13163,calibration,13163,10251
13164,calibration,13164,10252
13167,calibration,13167,10255
13169,calibration,13169,10257
13191,calibration,13191,10268
13197,calibration,3456,10273
13222,calibration,13222,10294
13225,calibration,3384,10297
13244,calibration,13244,10314
13245,calibration,3591,10315
13251,calibration,10506,10321
13253,calibration,9162,10323
13282,calibration,13282,10326
13296,calibration,2920,10338
13308,calibration,13308,10348
13314,calibration,13313,10354
13316,calibration,13316,10355
13323,calibration,12730,10356
13328,calibration,12711,10360
13332,calibration,7412,10364
13335,calibration,13335,10367
13348,calibration,13019,10380
13349,calibration,13349,10381
13351,calibration,4289,10383
13368,calibration,11952,10397
13371,calibration,13371,10400
13372,calibration,13372,10401
13375,calibration,1844,10403
13381,calibration,13377,10406
13382,calibration,4289,10407
13386,calibration,4289,10410
13388,calibration,13388,10412
13451,calibration,13451,10437
13462,calibration,973,10445
13469,calibration,973,10452
13482,calibration,13482,10464
13485,calibration,5936,10467
13502,calibration,13502,10476
13515,calibration,13515,10483
13516,calibration,13516,10484
13540,calibration,13540,10493
13550,calibration,13522,10496
13565,calibration,7954,10508
13581,calibration,12693,10522
13600,calibration,3647,10530
13609,calibration,13609,10536
13611,calibration,13611,10537
13616,calibration,13616,10541
13620,calibration,13620,10544
13635,calibration,13622,10559
13636,calibration,13622,10560
13641,calibration,13622,10565
13645,calibration,13645,10568
13664,calibration,13664,10572
13666,calibration,13664,10574
13673,calibration,5624,10580
13675,calibration,12494,10582
13679,calibration,13679,10586
13684,calibration,13684,10590
13703,calibration,13703,10606
13709,calibration,13684,10612
13713,calibration,13713,10614
13721,calibration,13721,10621
13738,calibration,4145,10626
13758,calibration,13758,10643
13760,calibration,13760,10645
13761,calibration,7416,10646
13775,calibration,13772,10658
13781,calibration,13781,10662
13805,calibration,4426,10676
13808,calibration,5204,10679
13815,calibration,13815,10685
13819,calibration,10506,10688
13820,calibration,10506,10689
13822,calibration,13822,10691
13838,calibration,13838,10705
13852,calibration,13852,10709
13866,calibration,1859,10719
13882,calibration,82,10727
13885,calibration,13885,10730
13888,calibration,82,10733
13890,calibration,13890,10735
13901,calibration,608,10744
13902,calibration,9805,10745
13903,calibration,13903,10746
13910,calibration,13910,10753
13917,calibration,9883,10760
13919,calibration,13919,10762
13921,calibration,4623,10763
13932,calibration,13932,10773
13934,calibration,13934,10774
13937,calibration,9107,10776
13943,calibration,4620,10782
13954,calibration,13954,10793
13968,calibration,13968,10803
13971,calibration,4104,10806
13972,calibration,4623,10807
13986,calibration,13986,10820
13989,calibration,13976,10823
13993,calibration,13993,10827
13996,calibration,13996,10830
14000,calibration,14000,10834
14017,calibration,14017,10847
14049,calibration,2989,10859
14070,calibration,13355,10876
14073,calibration,13355,10879
14075,calibration,1859,10881
14077,calibration,2092,10883
14088,calibration,14088,10893
14093,calibration,14093,10898
14095,calibration,3443,10900
14116,calibration,14116,10919
14117,calibration,14117,10920
14137,calibration,14137,10936
14166,calibration,14166,10964
14183,calibration,14183,10973
14185,calibration,14185,10974
14192,calibration,12729,10981
14205,calibration,2912,10992
14211,calibration,2912,10995
14226,calibration,14226,11006
14242,calibration,14241,11018
14245,calibration,12982,11020
14248,calibration,16,11023
14249,calibration,14246,11024
14254,calibration,14254,11029
14286,calibration,82,11055
14290,calibration,14290,11059
14299,calibration,14299,11068
14315,calibration,14315,11076
14317,calibration,12586,11078
14318,calibration,230,11079
14332,calibration,608,11089
14352,calibration,14352,11107
14361,calibration,14353,11116
14363,calibration,14363,11118
14384,calibration,113,11132
14385,calibration,14385,11133
14401,calibration,14401,11142
14403,calibration,14403,11144
14407,calibration,14407,11147
14408,calibration,14336,11148
14413,calibration,810,11152
14414,calibration,3113,11153
14433,calibration,3456,11169
14449,calibration,14449,11178
14470,calibration,3382,11197
14473,calibration,3000,11200
14481,calibration,1531,11203
14501,calibration,14499,11215
14508,calibration,14505,11220
14524,calibration,14524,11222
14531,calibration,14469,11229
14532,calibration,4992,11230
14533,calibration,14533,11231
14549,calibration,14548,11241
14553,calibration,14553,11244
14564,calibration,14564,11254
14573,calibration,14353,11262
14574,calibration,14353,11263
14578,calibration,14578,11267
14586,calibration,14586,11271
14593,calibration,14593,11277
14599,calibration,113,11282
14605,calibration,14605,11286
14609,calibration,14609,11289
14611,calibration,12596,11291
14626,calibration,778,11297
14631,calibration,14631,11300
14643,calibration,14594,11309
14645,calibration,12596,11311
14662,calibration,14662,11325
14673,calibration,14673,11329
14678,calibration,12306,11333
14695,calibration,14694,11346
14721,calibration,9276,11367
14726,calibration,14547,11372
14763,calibration,14763,11388
14785,calibration,14782,11403
14790,calibration,14782,11408
14796,calibration,14796,11412
14799,calibration,14799,11414
14816,calibration,14637,11417
14817,calibration,14817,11418
14830,calibration,14505,11427
14872,calibration,14872,11440
14882,calibration,14882,11449
14884,calibration,14884,11451
14889,calibration,14884,11456
14890,calibration,14884,11457
14892,calibration,14884,11459
14893,calibration,14884,11460
14896,calibration,14896,11463
14898,calibration,14896,11465
14901,calibration,14901,11467
14916,calibration,14911,11479
14918,calibration,14911,11481
14919,calibration,14919,11482
14933,calibration,14928,11493
14960,calibration,14928,11519
14971,calibration,1792,11529
14977,calibration,14977,11534
14995,calibration,340,11539
14997,calibration,14996,11541
15005,calibration,15005,11545
15008,calibration,15008,11548
15017,calibration,15016,11557
15021,calibration,15021,11561
15039,calibration,15039,11579
15041,calibration,15041,11581
15042,calibration,1132,11582
15044,calibration,15044,11584
15046,calibration,5600,11586
15068,calibration,15068,11600
15069,calibration,15069,11601
15081,calibration,2161,11612
15083,calibration,13912,11614
15087,calibration,5600,11618
15091,calibration,2224,11622
15112,calibration,1534,11634
15129,calibration,1938,11641
15130,calibration,4819,11642
15153,calibration,475,11663
15158,calibration,200,11667
15167,calibration,15028,11675
15176,calibration,15176,11683
15179,calibration,9656,11685
15183,calibration,15183,11689
15192,calibration,4819,11694
15201,calibration,2888,11703
15202,calibration,15202,11704
15210,calibration,15210,11711
15212,calibration,15212,11713
15215,calibration,2883,11716
15222,calibration,15222,11720
15223,calibration,15223,11721
15225,calibration,6100,11723
15238,calibration,15238,11732
15239,calibration,15239,11733
15246,calibration,15246,11739
15282,calibration,219,11768
15289,calibration,15289,11772
15292,calibration,15292,11774
15295,calibration,5523,11777
15297,calibration,15297,11779
15298,calibration,1664,11780
15300,calibration,6552,11782
15304,calibration,15304,11786
15313,calibration,3649,11794
15320,calibration,15320,11801
15326,calibration,15326,11804
15339,calibration,3415,11816
15345,calibration,15345,11820
15365,calibration,15365,11836
15374,calibration,15374,11845
15379,calibration,3325,11849
15387,calibration,15175,11856
15405,calibration,15403,11872
15406,calibration,15403,11873
15412,calibration,15412,11878
15426,calibration,5424,11891
15434,calibration,15434,11898
15435,calibration,15435,11899
15445,calibration,15445,11909
15450,calibration,15450,11913
15451,calibration,15448,11914
15454,calibration,15454,11917
15455,calibration,15455,11918
15457,calibration,15457,11920
15463,calibration,3172,11926
15498,calibration,15498,11952
15509,calibration,15509,11962
15510,calibration,2275,11963
15512,calibration,3325,11965
15567,calibration,3953,12014
15569,calibration,15569,12016
15579,calibration,2437,12026
15581,calibration,2437,12028
15600,calibration,5110,12047
15607,calibration,4838,12054
15608,calibration,4838,12055
15612,calibration,15612,12059
15615,calibration,15615,12062
15622,calibration,7816,12069
15626,calibration,15626,12072
15631,calibration,4810,12076
15633,calibration,12500,12078
15656,calibration,8272,12094
15672,calibration,5079,12100
15701,calibration,15701,12120
15702,calibration,15702,12121
15706,calibration,15706,12125
15707,calibration,2161,12126
15709,calibration,10279,12128
15713,calibration,15712,12132
15715,calibration,15715,12134
15741,calibration,15741,12149
15745,calibration,8367,12151
15750,calibration,15750,12155
15771,calibration,15769,12167
15775,calibration,15773,12171
15784,calibration,9873,12180
15786,calibration,9873,12182
15787,calibration,9873,12183
15790,calibration,4012,12186
15792,calibration,10532,12188
15834,calibration,9213,12200
15836,calibration,9213,12202
15840,calibration,3056,12206
15848,calibration,15546,12211
15850,calibration,15850,12213
15851,calibration,9517,12214
15853,calibration,3056,12216
15855,calibration,3056,12218
15860,calibration,15860,12222
15877,calibration,2082,12236
15884,calibration,8394,12237
15898,calibration,15898,12250
15899,calibration,15899,12251
15904,calibration,15903,12256
15907,calibration,2102,12259
15923,calibration,7950,12273
15924,calibration,12435,12274
15929,calibration,12435,12279
15933,calibration,15933,12283
15937,calibration,12260,12287
15942,calibration,15942,12291
15943,calibration,15943,12292
15944,calibration,15944,12293
15971,calibration,300,12304
15977,calibration,1326,12308
15986,calibration,10532,12313
16023,calibration,16023,12321
16028,calibration,16028,12325
16040,calibration,16034,12335
16042,calibration,16034,12337
16045,calibration,2306,12339
16047,calibration,9661,12340
16048,calibration,4148,12341
16050,calibration,16050,12343
16059,calibration,16059,12344
16075,calibration,16075,12348
16089,calibration,11712,12357
16094,calibration,12056,12360
16095,calibration,546,12361
16098,calibration,16098,12363
16099,calibration,16099,12364
16114,calibration,16114,12370
16121,calibration,16121,12377
16126,calibration,6271,12382
16128,calibration,16128,12384
16145,calibration,344,12397
16146,calibration,16146,12398
16148,calibration,16148,12400
16149,calibration,16149,12401
16158,calibration,16158,12409
16159,calibration,3963,12410
16161,calibration,1286,12412
16164,calibration,16164,12414
16167,calibration,16150,12417
16172,calibration,16172,12421
16179,calibration,11923,12427
16180,calibration,16150,12428
16218,calibration,7742,12452
16227,calibration,12369,12459
16228,calibration,1797,12460
16230,calibration,16172,12462
16252,calibration,13620,12478
16262,calibration,160,12484
16272,calibration,9283,12491
16277,calibration,2251,12496
16281,calibration,9283,12499
16282,calibration,16282,12500
16286,calibration,16286,12502
16321,calibration,562,12526
16325,calibration,14166,12529
16339,calibration,16339,12538
16342,calibration,16339,12540
16346,calibration,16346,12544
16347,calibration,16339,12545
16362,calibration,141,12548
16373,calibration,16373,12549
16380,calibration,16377,12555
16385,calibration,16385,12558
16403,calibration,16403,12568
16405,calibration,16405,12570
16417,calibration,16417,12582
16420,calibration,15135,12585
16446,calibration,5658,12607
16448,calibration,16448,12609
16449,calibration,16449,12610
16459,calibration,16459,12618
16460,calibration,7453,12619
16493,calibration,9435,12646
3,test,3,2
9,test,9,7
14,test,14,12
16,test,16,14
21,test,21,18
27,test,27,24
31,test,31,28
51,test,51,47
60,test,60,56
67,test,67,62
69,test,47,64
76,test,76,71
85,test,85,80
98,test,98,91
106,test,106,97
108,test,108,98
134,test,134,119
141,test,141,125
149,test,149,130
153,test,153,134
180,test,180,152
194,test,194,157
200,test,200,161
206,test,206,166
213,test,213,171
215,test,215,172
216,test,216,173
219,test,219,176
225,test,225,179
230,test,230,184
236,test,236,188
240,test,240,190
241,test,241,191
243,test,243,192
248,test,248,196
251,test,251,199
265,test,265,211
266,test,266,212
272,test,249,217
276,test,276,221
280,test,280,223
295,test,295,233
298,test,82,234
299,test,299,235
313,test,313,244
325,test,47,252
338,test,338,262
343,test,343,265
344,test,344,266
345,test,345,267
352,test,352,271
353,test,353,272
359,test,111,276
361,test,196,278
362,test,299,279
366,test,366,283
370,test,370,285
374,test,374,287
377,test,377,290
379,test,379,292
380,test,380,293
394,test,218,303
426,test,426,332
429,test,429,335
433,test,118,338
438,test,438,342
442,test,442,344
462,test,462,357
463,test,249,358
469,test,469,362
472,test,472,365
478,test,478,371
494,test,494,385
496,test,496,387
500,test,500,391
510,test,510,399
512,test,512,401
515,test,182,404
519,test,519,406
520,test,520,407
524,test,524,410
526,test,526,412
529,test,529,415
541,test,541,424
546,test,546,427
547,test,547,428
551,test,551,430
559,test,559,434
566,test,566,438
574,test,574,443
579,test,579,444
580,test,580,445
594,test,67,455
597,test,200,458
598,test,322,459
600,test,340,461
602,test,170,463
612,test,447,471
620,test,620,479
624,test,624,483
627,test,627,486
629,test,629,487
633,test,584,490
638,test,221,493
640,test,640,494
641,test,113,495
670,test,670,515
682,test,682,525
691,test,691,533
698,test,402,538
714,test,714,553
729,test,729,564
740,test,740,570
752,test,752,578
767,test,767,590
786,test,786,604
790,test,790,607
791,test,791,608
792,test,792,609
798,test,798,614
800,test,338,616
812,test,812,627
819,test,819,633
821,test,821,635
833,test,12,645
841,test,841,652
845,test,845,656
848,test,848,659
854,test,854,664
859,test,859,668
861,test,861,670
879,test,879,683
880,test,880,684
883,test,883,687
884,test,884,688
889,test,889,692
890,test,890,693
892,test,892,695
897,test,897,699
902,test,902,703
911,test,911,711
928,test,928,725
934,test,934,730
936,test,936,731
941,test,941,736
947,test,947,740
950,test,950,743
951,test,951,744
958,test,958,750
961,test,961,753
964,test,62,755
967,test,967,758
971,test,971,762
973,test,973,764
975,test,975,766
977,test,977,767
980,test,980,770
981,test,981,771
982,test,982,772
984,test,984,774
987,test,987,777
988,test,988,778
993,test,993,782
1011,test,1011,795
1012,test,1012,796
1013,test,1013,797
1014,test,1014,798
1015,test,1015,799
1042,test,1042,824
1056,test,1056,835
1063,test,1063,842
1071,test,1071,850
1072,test,1072,851
1075,test,1075,854
1084,test,881,863
1086,test,1066,865
1087,test,1066,866
1090,test,1090,869
1091,test,47,870
1094,test,1074,873
1097,test,1097,875
1100,test,1100,878
1101,test,1101,879
1102,test,1102,880
1109,test,1109,886
1118,test,1118,894
1124,test,1124,900
1130,test,3,906
1135,test,1135,911
1136,test,1136,912
1141,test,1141,915
1143,test,447,917
1149,test,379,921
1159,test,898,929
1161,test,1161,931
1171,test,1171,940
1186,test,1186,954
1192,test,1192,959
1193,test,1193,960
1194,test,1194,961
1198,test,955,963
1205,test,1205,968
1214,test,1214,977
1219,test,1088,982
1233,test,1189,993
1235,test,564,995
1244,test,1244,1003
1245,test,1245,1004
1257,test,1257,1016
1260,test,1260,1019
1264,test,1264,1023
1266,test,1266,1024
1275,test,1275,1032
1279,test,1279,1035
1285,test,1285,1041
1287,test,1287,1043
1292,test,1292,1046
1293,test,1293,1047
1302,test,1302,1055
1310,test,1310,1063
1311,test,1311,1064
1315,test,1312,1068
1320,test,1320,1073
1329,test,1329,1081
1330,test,811,1082
1331,test,1331,1083
1335,test,1335,1087
1340,test,1340,1092
1342,test,1342,1094
1344,test,1344,1096
1345,test,1345,1097
1354,test,1354,1105
1359,test,1359,1108
1372,test,1372,1121
1379,test,128,1126
1381,test,1381,1128
1387,test,1387,1133
1388,test,1388,1134
1390,test,1390,1136
1413,test,1413,1157
1416,test,82,1159
1422,test,1422,1164
1431,test,623,1173
1432,test,726,1174
1439,test,23,1181
1440,test,200,1182
1441,test,1441,1183
1443,test,1443,1185
1445,test,30,1187
1446,test,1446,1188
1451,test,1451,1193
1456,test,1456,1198
1458,test,1458,1200
1463,test,1463,1205
1467,test,1467,1208
1474,test,1474,1214
1478,test,1478,1217
1482,test,1482,1221
1483,test,1483,1222
1489,test,1489,1228
1493,test,47,1232
1497,test,1497,1235
1500,test,456,1238
1505,test,447,1242
1514,test,1514,1248
1522,test,1522,1255
1549,test,1549,1278
1553,test,1553,1282
1558,test,196,1286
1561,test,1561,1289
1562,test,1562,1290
1568,test,1568,1294
1572,test,1572,1297
1574,test,1189,1299
1577,test,1577,1300
1578,test,801,1301
1582,test,1582,1305
1584,test,1584,1307
1591,test,1591,1313
1597,test,1597,1319
1600,test,1066,1322
1606,test,1606,1326
1611,test,1611,1330
1616,test,947,1335
1626,test,1626,1340
1628,test,1628,1342
1639,test,108,1351
1642,test,1642,1353
1644,test,1644,1355
1661,test,1661,1369
1668,test,1668,1376
1669,test,1669,1377
1687,test,1687,1394
1688,test,1644,1395
1693,test,1352,1400
1694,test,1694,1401
1695,test,1517,1402
1705,test,1705,1409
1707,test,1707,1411
1709,test,1709,1413
1710,test,1710,1414
1716,test,1716,1419
1720,test,1720,1423
1721,test,1721,1424
1727,test,799,1430
1737,test,801,1439
1742,test,1742,1444
1743,test,1036,1445
1746,test,1687,1447
1754,test,1754,1455
1756,test,1066,1457
1759,test,881,1460
1761,test,1761,1461
1762,test,1762,1462
1766,test,1766,1465
1767,test,1767,1466
1770,test,1770,1469
1773,test,1773,1472
1775,test,1775,1474
1780,test,1780,1478
1790,test,1790,1488
1791,test,1791,1489
1794,test,1794,1492
1795,test,1795,1493
1801,test,105,1499
1807,test,1807,1503
1824,test,1824,1519
1829,test,1829,1524
1837,test,1837,1530
1842,test,1842,1535
1844,test,1844,1536
1848,test,1791,1540
1851,test,1849,1543
1853,test,1853,1545
1859,test,1859,1550
1861,test,763,1552
1868,test,1868,1557
1869,test,1869,1558
1870,test,1870,1559
1892,test,1892,1578
1894,test,1894,1579
1896,test,1849,1581
1905,test,1905,1588
1908,test,1908,1591
1923,test,1923,1606
1933,test,1933,1613
1934,test,1932,1614
1940,test,253,1619
1942,test,1942,1621
1946,test,1630,1624
1950,test,1950,1628
1951,test,1206,1629
1957,test,1957,1635
1959,test,1959,1637
1963,test,1963,1641
1972,test,1972,1649
1974,test,1932,1650
1976,test,763,1652
1991,test,1062,1665
1994,test,1994,1667
1998,test,1998,1671
2002,test,2002,1675
2007,test,2007,1677
2014,test,2014,1684
2017,test,2017,1687
2019,test,2019,1689
2021,test,2021,1691
2024,test,2021,1694
2029,test,2029,1698
2033,test,2027,1701
2059,test,47,1719
2061,test,2061,1721
2064,test,2064,1724
2065,test,2065,1725
2068,test,2068,1728
2069,test,2069,1729
2081,test,2081,1739
2086,test,2086,1744
2103,test,1805,1756
2117,test,482,1769
2121,test,2121,1771
2125,test,2125,1773
2130,test,659,1778
2148,test,2148,1794
2150,test,2150,1796
2152,test,2152,1797
2158,test,2158,1803
2169,test,79,1814
2171,test,2083,1816
2174,test,2174,1819
2183,test,2183,1825
2190,test,2161,1831
2197,test,2197,1836
2200,test,1042,1839
2207,test,2207,1844
2209,test,1097,1846
2210,test,2210,1847
2214,test,2214,1851
2217,test,2217,1854
2226,test,2226,1861
2233,test,2233,1866
2238,test,2238,1871
2240,test,2240,1873
2241,test,2241,1874
2245,test,2245,1878
2247,test,1378,1880
2250,test,406,1883
2253,test,2253,1886
2255,test,2255,1888
2260,test,2255,1893
2266,test,2266,1899
2270,test,2270,1903
2279,test,2208,1911
2288,test,2288,1918
2290,test,2040,1920
2298,test,2298,1927
2302,test,2302,1930
2303,test,2303,1931
2306,test,2306,1934
2307,test,2307,1935
2309,test,2309,1937
2310,test,2310,1938
2312,test,979,1940
2314,test,2314,1942
2317,test,2317,1945
2325,test,2073,1951
2331,test,2331,1957
2341,test,710,1967
2345,test,2345,1970
2369,test,2369,1991
2371,test,2371,1993
2373,test,2373,1995
2380,test,2380,1999
2382,test,2382,2001
2403,test,2403,2016
2405,test,2405,2018
2414,test,2414,2025
2415,test,793,2026
2417,test,2417,2028
2418,test,2367,2029
2420,test,2420,2031
2426,test,50,2036
2430,test,2306,2040
2431,test,2431,2041
2432,test,2432,2042
2452,test,2452,2061
2453,test,230,2062
2460,test,2460,2069
2464,test,2464,2073
2473,test,2473,2082
2474,test,189,2083
2475,test,2475,2084
2476,test,151,2085
2485,test,2485,2091
2487,test,2487,2093
2493,test,2493,2099
2494,test,2330,2100
2500,test,1730,2106
2504,test,2504,2110
2506,test,2506,2112
2508,test,937,2114
2522,test,2449,2124
2525,test,2525,2126
2528,test,2528,2129
2531,test,2531,2131
2532,test,2532,2132
2536,test,2536,2136
2550,test,2548,2148
2556,test,1189,2152
2573,test,2573,2166
2581,test,2581,2172
2585,test,2585,2174
2592,test,1340,2181
2594,test,2593,2183
2595,test,2595,2184
2598,test,2598,2187
2607,test,2082,2194
2608,test,2608,2195
2624,test,2624,2209
2629,test,2629,2211
2631,test,2631,2213
2652,test,2652,2232
2668,test,22,2248
2669,test,2669,2249
2671,test,854,2251
2679,test,447,2255
2680,test,2680,2256
2689,test,2689,2262
2692,test,2692,2265
2694,test,2694,2267
2696,test,2696,2269
2697,test,2697,2270
2700,test,2700,2273
2703,test,2703,2275
2709,test,210,2279
2710,test,2710,2280
2741,test,854,2302
2742,test,2742,2303
2745,test,854,2306
2754,test,2754,2313
2761,test,2761,2320
2769,test,2769,2326
2778,test,2778,2335
2780,test,2780,2337
2789,test,1868,2344
2796,test,2795,2351
2799,test,2799,2353
2800,test,2800,2354
2808,test,415,2361
2825,test,854,2366
2827,test,2827,2368
2831,test,2831,2372
2838,test,1903,2379
2840,test,1189,2381
2847,test,1308,2384
2850,test,1797,2387
2851,test,2851,2388
2861,test,1796,2397
2869,test,2869,2404
2870,test,1367,2405
2873,test,854,2407
2874,test,2874,2408
2887,test,1868,2417
2890,test,2890,2420
2895,test,2895,2423
2896,test,2895,2424
2900,test,2900,2428
2920,test,2920,2447
2935,test,2935,2461
2941,test,2941,2466
2944,test,2944,2469
2945,test,2945,2470
2949,test,1792,2474
2954,test,2954,2479
2968,test,2968,2492
2970,test,2970,2494
2975,test,2565,2497
2987,test,2987,2504
3000,test,3000,2515
3003,test,229,2517
3005,test,3005,2519
3006,test,789,2520
3012,test,1303,2525
3022,test,3022,2534
3025,test,3025,2536
3029,test,3029,2540
3033,test,1541,2543
3035,test,2115,2545
3048,test,3048,2558
3055,test,3055,2564
3056,test,3056,2565
3058,test,3058,2567
3060,test,3060,2569
3062,test,1286,2571
3079,test,3079,2586
3083,test,3083,2590
3091,test,3091,2598
3093,test,738,2600
3094,test,2475,2601
3096,test,3096,2603
3101,test,3101,2608
3107,test,3107,2614
3121,test,3121,2627
3129,test,12,2635
3136,test,218,2641
3142,test,3142,2647
3144,test,3144,2648
3146,test,627,2649
3149,test,2102,2650
3153,test,3151,2654
3181,test,1353,2676
3183,test,1011,2678
3188,test,3172,2683
3193,test,659,2687
3197,test,3197,2690
3198,test,3198,2691
3207,test,3207,2700
3210,test,3210,2703
3213,test,3213,2706
3230,test,3230,2718
3231,test,3231,2719
3253,test,3253,2739
3255,test,3255,2741
3258,test,3258,2743
3261,test,3261,2746
3272,test,3272,2756
3274,test,3274,2758
3282,test,3282,2765
3284,test,3284,2766
3285,test,3285,2767
3299,test,3299,2774
3307,test,3307,2782
3319,test,3319,2793
3330,test,1668,2803
3340,test,1531,2813
3344,test,3344,2817
3345,test,122,2818
3351,test,3351,2822
3362,test,3362,2831
3364,test,757,2832
3365,test,757,2833
3379,test,3379,2843
3384,test,3384,2847
3391,test,1988,2853
3400,test,3400,2861
3406,test,3406,2867
3410,test,122,2870
3412,test,3412,2872
3426,test,3426,2886
3433,test,152,2891
3434,test,3434,2892
3439,test,3202,2897
3451,test,3202,2908
3452,test,3202,2909
3461,test,3461,2917
3462,test,3462,2918
3468,test,3468,2924
3475,test,3475,2931
3477,test,3477,2933
3479,test,3479,2935
3480,test,3480,2936
3483,test,3483,2939
3484,test,3484,2940
3487,test,3487,2943
3498,test,3498,2952
3502,test,2332,2956
3515,test,2332,2968
3517,test,2332,2970
3519,test,3519,2972
3520,test,3520,2973
3532,test,3532,2984
3538,test,182,2989
3555,test,2694,3004
3563,test,3563,3012
3567,test,1170,3015
3578,test,3578,3025
3591,test,3591,3033
3601,test,3601,3042
3629,test,3629,3063
3635,test,3635,3068
3641,test,3641,3071
3656,test,2361,3081
3667,test,3667,3090
3669,test,3669,3092
3673,test,3673,3096
3674,test,3674,3097
3691,test,3691,3111
3696,test,3696,3115
3705,test,3705,3124
3711,test,3711,3128
3721,test,3721,3138
3723,test,3723,3139
3735,test,3735,3150
3736,test,3736,3151
3742,test,3150,3157
3744,test,3744,3159
3753,test,3753,3166
3759,test,3759,3172
3763,test,3763,3176
3771,test,1010,3181
3774,test,3774,3184
3783,test,3783,3193
3807,test,3807,3214
3813,test,3813,3219
3814,test,3814,3220
3816,test,3816,3222
3817,test,3817,3223
3826,test,3826,3230
3831,test,3831,3235
3835,test,3834,3238
3844,test,3325,3247
3850,test,3325,3253
3856,test,608,3258
3859,test,3859,3261
3860,test,3860,3262
3861,test,3861,3263
3863,test,3325,3265
3865,test,3325,3267
3880,test,3834,3280
3889,test,3889,3286
3891,test,3891,3288
3893,test,1584,3290
3896,test,3896,3293
3898,test,3898,3295
3902,test,3902,3299
3927,test,3927,3323
3929,test,3929,3325
3938,test,1161,3333
3940,test,811,3335
3942,test,1916,3337
3954,test,3953,3349
3959,test,3959,3354
3961,test,3961,3356
3963,test,3963,3358
3971,test,1209,3365
3973,test,3973,3367
3978,test,682,3371
3980,test,782,3373
3994,test,3994,3384
4015,test,2102,3401
4025,test,4025,3410
4030,test,4030,3415
4033,test,4033,3418
4050,test,218,3431
4055,test,4055,3435
4057,test,4057,3437
4061,test,4061,3441
4063,test,1300,3443
4066,test,4066,3446
4067,test,1113,3447
4069,test,4069,3449
4070,test,1206,3450
4084,test,4084,3460
4093,test,4093,3467
4096,test,4095,3470
4108,test,4108,3481
4118,test,4095,3491
4132,test,4132,3502
4134,test,4132,3504
4141,test,4141,3511
4144,test,4144,3514
4146,test,4146,3516
4147,test,4147,3517
4149,test,4149,3519
4150,test,4150,3520
4151,test,1300,3521
4155,test,4155,3524
4166,test,4166,3532
4167,test,4167,3533
4168,test,4168,3534
4176,test,3224,3541
4180,test,3224,3545
4194,test,4186,3556
4198,test,3210,3560
4202,test,3210,3564
4203,test,4186,3565
4204,test,4204,3566
4224,test,4223,3585
4227,test,4223,3588
4232,test,4231,3592
4236,test,4236,3596
4239,test,2944,3599
4241,test,4241,3601
4252,test,4251,3612
4262,test,4262,3622
4265,test,4265,3625
4266,test,4265,3626
4267,test,3590,3627
4269,test,3590,3629
4278,test,4278,3634
4288,test,4288,3641
4296,test,4296,3648
4297,test,4297,3649
4304,test,4005,3656
4309,test,4309,3661
4311,test,4311,3663
4314,test,4312,3666
4316,test,4315,3668
4317,test,4317,3669
4326,test,279,3672
4336,test,4336,3682
4377,test,4377,3703
4386,test,4384,3709
4388,test,4388,3710
4435,test,4434,3742
4438,test,4438,3745
4443,test,4443,3749
4446,test,3056,3752
4452,test,1618,3757
4460,test,4460,3763
4467,test,4467,3769
4469,test,4467,3771
4482,test,4482,3783
4519,test,4443,3809
4526,test,4526,3815
4544,test,4542,3827
4555,test,4550,3837
4560,test,4551,3842
4567,test,4542,3848
4571,test,4571,3851
4577,test,4577,3856
4578,test,4577,3857
4591,test,4591,3866
4593,test,4593,3868
4597,test,3536,3872
4601,test,4553,3873
4607,test,4577,3878
4611,test,4611,3881
4615,test,4615,3885
4621,test,4621,3891
4624,test,4624,3894
4626,test,4626,3896
4635,test,4315,3899
4646,test,4646,3909
4654,test,4426,3917
4657,test,4426,3920
4658,test,4437,3921
4664,test,4664,3927
4667,test,4426,3930
4684,test,4095,3944
4691,test,4691,3950
4713,test,4713,3970
4718,test,4707,3973
4719,test,4708,3974
4725,test,4112,3980
4730,test,4730,3985
4733,test,4733,3987
4736,test,1133,3990
4737,test,1133,3991
4738,test,4738,3992
4744,test,4744,3998
4750,test,4750,4004
4754,test,4754,4006
4757,test,4757,4009
4759,test,1189,4010
4767,test,4767,4017
4771,test,4771,4019
4779,test,4778,4025
4787,test,4787,4032
4788,test,4788,4033
4801,test,4699,4045
4807,test,4807,4049
4816,test,1931,4058
4818,test,4818,4060
4827,test,659,4065
4828,test,659,4066
4831,test,3100,4068
4833,test,3100,4070
4843,test,4843,4079
4852,test,3140,4087
4855,test,4855,4090
4856,test,4856,4091
4859,test,4859,4094
4862,test,4218,4095
4868,test,4218,4101
4870,test,4221,4103
4875,test,79,4108
4880,test,4880,4113
4886,test,4886,4118
4889,test,4889,4121
4890,test,4889,4122
4895,test,3426,4127
4896,test,1579,4128
4898,test,4707,4130
4910,test,3426,4141
4916,test,4916,4147
4926,test,3266,4156
4934,test,3025,4160
4936,test,4936,4161
4941,test,4941,4165
4953,test,4952,4173
4973,test,1418,4187
4984,test,3266,4196
4994,test,4994,4204
4998,test,122,4208
5004,test,5004,4213
5009,test,5009,4218
5016,test,5016,4225
5020,test,659,4228
5031,test,5030,4236
5032,test,5032,4237
5043,test,5042,4247
5052,test,5052,4254
5053,test,5052,4255
5055,test,5052,4257
5056,test,5056,4258
5057,test,5057,4259
5073,test,5073,4273
5084,test,5081,4283
5088,test,811,4286
5093,test,5093,4290
5103,test,218,4299
5104,test,5104,4300
5107,test,4838,4303
5115,test,4838,4311
5121,test,5121,4316
5125,test,4838,4320
5128,test,5128,4323
5130,test,12,4325
5131,test,23,4326
5134,test,5134,4329
5137,test,5137,4332
5141,test,5141,4336
5157,test,5157,4344
5164,test,196,4351
5165,test,5165,4352
5166,test,815,4353
5174,test,5174,4358
5178,test,5178,4362
5182,test,5182,4366
5185,test,5181,4369
5191,test,5188,4375
5194,test,5189,4378
5204,test,5204,4388
5206,test,2433,4390
5216,test,5216,4399
5217,test,5213,4400
5232,test,380,4414
5255,test,5255,4433
5265,test,5265,4443
5267,test,834,4445
5268,test,2330,4446
5271,test,5271,4449
5275,test,3945,4453
5276,test,5276,4454
5279,test,3203,4457
5285,test,5285,4461
5290,test,5290,4466
5292,test,5292,4468
5294,test,5294,4470
5295,test,5294,4471
5296,test,5294,4472
5298,test,5294,4474
5299,test,5294,4475
5300,test,5294,4476
5318,test,3754,4489
5325,test,139,4493
5341,test,5341,4496
5348,test,2511,4503
5349,test,5349,4504
5353,test,5349,4508
5357,test,5357,4512
5368,test,5368,4520
5378,test,3314,4530
5379,test,3314,4531
5382,test,4577,4534
5385,test,5385,4537
5398,test,5398,4549
5404,test,5404,4552
5405,test,5405,4553
5409,test,5409,4556
5412,test,5104,4558
5423,test,5049,4569
5428,test,2253,4574
5429,test,1602,4575
5432,test,5432,4578
5441,test,5437,4586
5442,test,5437,4587
5443,test,5437,4588
5444,test,5444,4589
5447,test,5447,4591
5448,test,5448,4592
5460,test,5458,4602
5472,test,5472,4611
5474,test,5474,4613
5475,test,5342,4614
5482,test,5482,4619
5483,test,1019,4620
5487,test,5487,4624
5489,test,5488,4626
5492,test,5492,4629
5494,test,799,4631
5510,test,5510,4645
5511,test,4443,4646
5513,test,4160,4648
5515,test,5515,4649
5519,test,474,4653
5535,test,5535,4665
5545,test,5545,4675
5565,test,2559,4692
5568,test,2511,4695
5571,test,5571,4698
5575,test,5575,4702
5578,test,5578,4705
5586,test,5165,4710
5590,test,5589,4713
5598,test,5227,4721
5604,test,4750,4726
5613,test,5613,4734
5615,test,3590,4736
5618,test,5618,4739
5619,test,5619,4740
5623,test,5622,4743
5634,test,5634,4753
5639,test,5638,4758
5650,test,5186,4769
5656,test,5656,4772
5661,test,5658,4777
5672,test,4577,4787
5675,test,5675,4790
5681,test,5677,4796
5682,test,5682,4797
5693,test,5638,4808
5697,test,5677,4811
5699,test,5677,4813
5703,test,5703,4816
5729,test,5729,4842
5732,test,5732,4845
5736,test,5736,4848
5741,test,5741,4853
5752,test,5752,4862
5755,test,5755,4865
5756,test,5589,4866
5758,test,5758,4867
5760,test,5760,4868
5763,test,5763,4871
5764,test,5764,4872
5766,test,5766,4873
5768,test,5768,4875
5772,test,5772,4878
5773,test,5773,4879
5779,test,5779,4881
5793,test,5793,4894
5797,test,5797,4897
5802,test,5797,4902
5806,test,5806,4906
5810,test,3564,4909
5819,test,2382,4917
5820,test,4097,4918
5821,test,1189,4919
5822,test,5822,4920
5836,test,5833,4933
5841,test,5841,4937
5842,test,5842,4938
5844,test,5843,4940
5853,test,5393,4948
5856,test,5852,4950
5857,test,5857,4951
5859,test,5859,4953
5861,test,5546,4955
5869,test,5869,4962
5870,test,218,4963
5872,test,5872,4965
5874,test,3150,4967
5884,test,5542,4974
5886,test,5542,4976
5887,test,5887,4977
5890,test,5890,4980
5896,test,5896,4986
5912,test,2931,5000
5924,test,5924,5010
5925,test,5925,5011
5936,test,5936,5021
5942,test,1922,5023
5943,test,5943,5024
5947,test,5947,5028
5962,test,5962,5039
5968,test,5968,5044
5971,test,5967,5047
5972,test,5967,5048
5986,test,5986,5060
5989,test,5967,5063
6014,test,3804,5082
6020,test,6020,5088
6021,test,4750,5089
6023,test,6023,5091
6029,test,6029,5097
6039,test,6035,5105
6040,test,6035,5106
6052,test,6052,5115
6058,test,6058,5121
6071,test,6071,5131
6073,test,6073,5133
6083,test,6083,5143
6088,test,6085,5147
6093,test,6093,5152
6108,test,6108,5167
6122,test,6122,5179
6133,test,6133,5188
6134,test,6125,5189
6139,test,6125,5194
6145,test,6145,5199
6146,test,1771,5200
6151,test,6151,5205
6155,test,5928,5209
6157,test,5928,5211
6163,test,6163,5217
6165,test,5722,5219
6181,test,1372,5229
6196,test,6196,5238
6199,test,6199,5241
6211,test,6211,5248
6223,test,6219,5258
6226,test,4434,5260
6229,test,6219,5263
6232,test,6219,5266
6237,test,6237,5271
6240,test,5517,5274
6241,test,6239,5275
6242,test,6239,5276
6243,test,5517,5277
6245,test,6245,5279
6247,test,6247,5281
6248,test,6248,5282
6262,test,6262,5292
6266,test,6266,5296
6267,test,6267,5297
6269,test,6266,5299
6273,test,6271,5302
6275,test,6275,5304
6298,test,4992,5320
6332,test,6332,5347
6337,test,6118,5352
6343,test,6120,5357
6344,test,6118,5358
6348,test,6348,5362
6371,test,6371,5385
6380,test,6380,5393
6381,test,6380,5394
6384,test,6382,5397
6386,test,1794,5399
6394,test,6394,5407
6400,test,6382,5413
6411,test,6382,5424
6414,test,6382,5427
6416,test,6416,5429
6417,test,6382,5430
6420,test,6396,5433
6421,test,5607,5434
6423,test,5607,5436
6431,test,6431,5444
6432,test,6432,5445
6433,test,6432,5446
6435,test,6435,5448
6442,test,6396,5455
6445,test,6445,5458
6454,test,4434,5466
6456,test,6456,5468
6474,test,6474,5480
6498,test,6498,5502
6503,test,6503,5507
6504,test,2185,5508
6506,test,6506,5510
6510,test,3963,5512
6511,test,6110,5513
6516,test,6516,5518
6517,test,6517,5519
6529,test,6529,5531
6539,test,6539,5536
6555,test,6555,5546
6558,test,6556,5549
6559,test,6556,5550
6571,test,6571,5555
6584,test,6584,5563
6585,test,6584,5564
6604,test,6604,5581
6605,test,5857,5582
6620,test,6620,5597
6627,test,6059,5603
6630,test,6630,5605
6637,test,4262,5611
6639,test,629,5613
6642,test,6642,5616
6652,test,1307,5626
6660,test,1307,5634
6664,test,6664,5638
6672,test,6672,5645
6682,test,6678,5655
6684,test,4970,5657
6693,test,6693,5663
6699,test,6688,5669
6711,test,6691,5679
6712,test,6688,5680
6716,test,6678,5684
6717,test,6717,5685
6727,test,3624,5695
6735,test,6735,5702
6736,test,6736,5703
6739,test,6739,5706
6750,test,6750,5717
6755,test,6750,5722
6764,test,6750,5731
6770,test,6750,5737
6776,test,6763,5742
6781,test,6781,5747
6786,test,6786,5752
6790,test,6790,5755
6791,test,6791,5756
6799,test,218,5762
6800,test,218,5763
6804,test,6804,5767
6806,test,134,5769
6820,test,6817,5774
6833,test,789,5787
6849,test,6849,5799
6851,test,51,5801
6853,test,6853,5803
6866,test,6866,5815
6872,test,6872,5818
6873,test,6873,5819
6877,test,6877,5822
6884,test,6884,5827
6886,test,6886,5829
6887,test,6887,5830
6890,test,6890,5833
6893,test,3560,5836
6896,test,3559,5839
6897,test,6897,5840
6911,test,6911,5852
6913,test,6913,5854
6919,test,6919,5860
6922,test,4241,5863
6950,test,6445,5882
6957,test,6781,5889
6966,test,5857,5897
6976,test,5569,5906
6983,test,6904,5911
6993,test,6993,5919
6998,test,6972,5924
7002,test,7002,5928
7004,test,7004,5930
7005,test,7005,5931
7006,test,6920,5932
7019,test,7018,5945
7030,test,7030,5956
7039,test,7039,5965
7042,test,7031,5968
7043,test,7031,5969
7054,test,7054,5979
7062,test,7062,5986
7070,test,7070,5993
7082,test,7082,6002
7097,test,7097,6014
7101,test,7101,6018
7102,test,7102,6019
7105,test,7105,6021
7115,test,7018,6030
7121,test,4122,6035
7127,test,1307,6040
7138,test,182,6049
7141,test,7141,6051
7143,test,171,6052
7145,test,7145,6054
7146,test,7146,6055
7154,test,7154,6062
7159,test,7159,6067
7168,test,7168,6074
7174,test,7174,6079
7182,test,5852,6085
7205,test,7155,6103
7210,test,659,6107
7219,test,7219,6113
7222,test,7221,6116
7231,test,4621,6121
7234,test,7234,6124
7249,test,7239,6131
7261,test,456,6142
7272,test,7272,6153
7274,test,1407,6155
7276,test,7276,6157
7280,test,7280,6161
7288,test,5852,6169
7290,test,5852,6171
7307,test,7307,6187
7309,test,1517,6189
7310,test,7310,6190
7315,test,7315,6194
7319,test,7319,6198
7330,test,7330,6206
7340,test,7340,6215
7350,test,725,6224
7355,test,7355,6228
7362,test,7362,6233
7363,test,7363,6234
7378,test,4994,6247
7381,test,7380,6250
7391,test,7011,6260
7397,test,7397,6264
7406,test,7406,6272
7407,test,7407,6273
7414,test,7413,6280
7439,test,7439,6294
7440,test,7440,6295
7443,test,7443,6298
7445,test,7445,6299
7446,test,7446,6300
7447,test,754,6301
7453,test,7453,6306
7457,test,7457,6310
7464,test,7458,6317
7465,test,7465,6318
7469,test,5500,6321
7473,test,6918,6325
7480,test,94,6329
7492,test,7488,6340
7495,test,7495,6343
7507,test,7507,6351
7508,test,7508,6352
7514,test,7508,6358
7528,test,6610,6368
7536,test,7505,6376
7538,test,7538,6378
7562,test,7562,6393
7567,test,7567,6398
7568,test,7568,6399
7569,test,7569,6400
7575,test,7575,6405
7578,test,7567,6408
7580,test,7575,6410
7583,test,7575,6413
7584,test,7577,6414
7600,test,7600,6428
7605,test,7605,6430
7610,test,7610,6435
7620,test,1958,6444
7623,test,7623,6446
7624,test,7624,6447
7628,test,7628,6451
7660,test,7660,6459
7663,test,7663,6460
7665,test,754,6461
7674,test,6501,6469
7678,test,7678,6472
7680,test,7680,6474
7681,test,7681,6475
7690,test,7690,6484
7692,test,7692,6486
7695,test,3140,6489
7698,test,2185,6492
7704,test,7704,6497
7707,test,7707,6499
7722,test,7722,6505
7736,test,7736,6512
7739,test,7739,6515
7742,test,7742,6516
7783,test,7783,6553
7816,test,7816,6557
7836,test,7836,6562
7843,test,7843,6565
7848,test,2161,6569
7853,test,6952,6572
7854,test,4384,6573
7856,test,7856,6575
7862,test,7862,6580
7881,test,7881,6586
7886,test,7886,6591
7923,test,266,6608
7939,test,5327,6619
7945,test,7945,6625
7948,test,7948,6628
7953,test,7678,6633
7971,test,7971,6646
7974,test,6271,6648
7975,test,6271,6649
7991,test,7989,6661
7998,test,7993,6668
8001,test,7989,6671
8002,test,7989,6672
8009,test,7989,6679
8010,test,8010,6680
8017,test,8017,6684
8020,test,8020,6687
8025,test,738,6692
8028,test,640,6695
8041,test,8041,6700
8056,test,8056,6708
8057,test,8056,6709
8060,test,8060,6711
8066,test,79,6716
8069,test,8069,6718
8082,test,8082,6729
8102,test,200,6739
8113,test,280,6741
8116,test,280,6744
8117,test,280,6745
8122,test,5589,6749
8144,test,8143,6761
8171,test,8171,6771
8178,test,8178,6776
8183,test,6642,6780
8185,test,4265,6782
8189,test,8189,6786
8194,test,6642,6788
8197,test,4265,6791
8199,test,8199,6792
8220,test,166,6804
8223,test,8223,6807
8224,test,1852,6808
8227,test,8227,6810
8238,test,8238,6814
8239,test,8239,6815
8240,test,8240,6816
8261,test,8261,6834
8265,test,8265,6837
8266,test,4710,6838
8270,test,8270,6840
8303,test,8303,6862
8304,test,8304,6863
8328,test,8240,6878
8332,test,8240,6882
8340,test,8335,6888
8343,test,8240,6891
8345,test,8240,6893
8359,test,8240,6905
8361,test,8335,6907
8369,test,8369,6911
8371,test,8371,6913
8373,test,8373,6914
8384,test,8384,6921
8385,test,8385,6922
8386,test,8386,6923
8388,test,8388,6924
8390,test,5208,6926
8397,test,8397,6930
8410,test,2330,6939
8412,test,8412,6941
8413,test,8413,6942
8426,test,8426,6951
8430,test,8429,6955
8434,test,8429,6959
8447,test,8447,6969
8449,test,774,6971
8452,test,8452,6973
8455,test,8326,6976
8464,test,8457,6985
8486,test,8486,6997
8487,test,1368,6998
8488,test,8488,6999
8502,test,8502,7009
8505,test,8505,7011
8518,test,8446,7016
8520,test,8520,7017
8531,test,8531,7020
8539,test,8539,7025
8542,test,8542,7027
8559,test,8559,7033
8567,test,8567,7035
8574,test,8574,7042
8591,test,8095,7058
8598,test,8596,7065
8600,test,8600,7067
8603,test,3793,7070
8611,test,8611,7076
8619,test,7722,7084
8622,test,7722,7087
8631,test,8631,7095
8637,test,8637,7098
8653,test,8653,7112
8659,test,8659,7117
8663,test,8095,7121
8666,test,8095,7124
8669,test,8669,7127
8679,test,8679,7133
8687,test,6361,7135
8702,test,7625,7141
8704,test,8704,7143
8707,test,1126,7146
8709,test,3247,7147
8711,test,2518,7149
8721,test,4992,7152
8724,test,2605,7155
8728,test,8728,7159
8732,test,8732,7162
8733,test,8733,7163
8735,test,2386,7165
8739,test,8739,7167
8752,test,8748,7174
8753,test,8749,7175
8775,test,8775,7188
8792,test,8542,7204
8825,test,8825,7228
8830,test,7610,7233
8838,test,8838,7238
8843,test,8843,7243
8860,test,8429,7251
8868,test,8868,7254
8869,test,8868,7255
8871,test,8868,7257
8872,test,8868,7258
8885,test,8885,7260
8887,test,580,7261
8888,test,8888,7262
8902,test,8902,7270
8912,test,307,7277
8917,test,3957,7282
8919,test,4619,7283
8926,test,8926,7288
8936,test,8936,7294
8949,test,8948,7302
8950,test,8950,7303
8953,test,51,7306
8964,test,8964,7314
8968,test,8968,7318
8970,test,616,7320
8973,test,8973,7323
8976,test,8976,7325
8982,test,8095,7330
8983,test,8095,7331
8991,test,8991,7338
8996,test,8996,7343
9001,test,2386,7348
9007,test,2386,7353
9010,test,9010,7355
9013,test,7376,7358
9015,test,6312,7360
9021,test,9018,7365
9046,test,6312,7380
9047,test,956,7381
9048,test,9048,7382
9065,test,9064,7394
9067,test,9063,7396
9069,test,9063,7398
9073,test,9071,7402
9074,test,9063,7403
9083,test,4174,7410
9088,test,9088,7414
9099,test,9096,7423
9100,test,9100,7424
9101,test,9101,7425
9108,test,9108,7431
9121,test,9115,7441
9133,test,293,7451
9139,test,9139,7457
9156,test,9156,7469
9158,test,9158,7470
9171,test,9171,7479
9173,test,9173,7481
9180,test,9180,7485
9186,test,956,7490
9190,test,1418,7493
9198,test,9198,7501
9200,test,9200,7503
9215,test,9213,7509
9219,test,9213,7513
9220,test,9220,7514
9223,test,9223,7517
9224,test,3064,7518
9242,test,2995,7523
9283,test,9283,7541
9285,test,9285,7543
9291,test,9291,7547
9307,test,9307,7554
9309,test,9309,7555
9317,test,9317,7560
9327,test,6952,7563
9331,test,9331,7567
9333,test,9333,7569
9334,test,9333,7570
9340,test,7624,7574
9348,test,9348,7582
9351,test,9350,7585
9357,test,9357,7591
9365,test,9365,7597
9373,test,9373,7604
9382,test,134,7611
9389,test,9380,7618
9402,test,134,7631
9422,test,9419,7646
9425,test,9425,7649
9432,test,1048,7656
9438,test,9438,7660
9456,test,134,7676
9469,test,4879,7686
9481,test,395,7693
9482,test,122,7694
9486,test,395,7698
9488,test,122,7700
9501,test,2888,7712
9507,test,9365,7717
9508,test,9365,7718
9509,test,9509,7719
9523,test,9435,7729
9526,test,4855,7731
9528,test,9435,7733
9533,test,9435,7738
9535,test,9435,7740
9546,test,9435,7747
9547,test,248,7748
9548,test,248,7749
9549,test,9549,7750
9551,test,9435,7752
9554,test,1630,7754
9563,test,8914,7763
9569,test,9569,7768
9570,test,9569,7769
9573,test,9571,7772
9585,test,9585,7775
9599,test,8421,7779
9600,test,8421,7780
9602,test,8421,7782
9619,test,6736,7795
9620,test,6736,7796
9624,test,9624,7800
9625,test,9625,7801
9629,test,9615,7805
9630,test,7488,7806
9642,test,9642,7816
9645,test,9645,7819
9647,test,2328,7821
9657,test,9657,7831
9664,test,9664,7837
9672,test,9672,7842
9673,test,4992,7843
9683,test,746,7853
9711,test,9710,7865
9731,test,449,7879
9736,test,449,7884
9742,test,9742,7889
9745,test,9745,7891
9748,test,9745,7894
9761,test,9435,7906
9762,test,9435,7907
9774,test,9771,7918
9776,test,9771,7920
9780,test,9780,7924
9791,test,9276,7934
9792,test,9276,7935
9797,test,9797,7939
9802,test,7597,7943
9805,test,9805,7945
9807,test,2735,7946
9822,test,1545,7955
9834,test,9834,7961
9870,test,9870,7979
9873,test,9873,7981
9884,test,9883,7988
9885,test,9883,7989
9889,test,9883,7993
9892,test,9883,7996
9893,test,9883,7997
9899,test,9883,8001
9905,test,9905,8004
9909,test,9908,8007
9910,test,9910,8008
9916,test,9916,8010
9925,test,9925,8015
9931,test,9931,8017
9934,test,9934,8020
9941,test,9941,8027
9948,test,9948,8032
9955,test,9955,8039
9956,test,3172,8040
9968,test,9968,8052
9971,test,4068,8055
9988,test,9988,8072
9996,test,9996,8078
10024,test,10024,8087
10034,test,10034,8089
10039,test,9968,8094
10041,test,5671,8096
10061,test,5292,8113
10062,test,10062,8114
10063,test,5292,8115
10067,test,10065,8119
10070,test,10068,8122
10087,test,9057,8136
10089,test,10089,8138
10093,test,10093,8142
10104,test,9968,8150
10108,test,10108,8154
10115,test,10115,8157
10125,test,10125,8163
10127,test,10127,8165
10143,test,10143,8179
10148,test,9503,8183
10152,test,10152,8186
10154,test,10154,8187
10155,test,10154,8188
10159,test,2529,8190
10160,test,2529,8191
10174,test,5371,8200
10180,test,5371,8205
10182,test,10182,8207
10194,test,10194,8215
10198,test,10198,8217
10210,test,4201,8227
10228,test,10228,8235
10231,test,4413,8238
10233,test,10233,8239
10238,test,9261,8243
10240,test,9261,8245
10247,test,10247,8248
10254,test,10252,8253
10258,test,10252,8257
10265,test,10265,8264
10277,test,108,8272
10286,test,5110,8280
10287,test,4838,8281
10289,test,5105,8283
10290,test,5104,8284
10302,test,8849,8291
10305,test,166,8292
10308,test,279,8293
10312,test,10312,8297
10342,test,10342,8318
10360,test,410,8324
10370,test,10368,8330
10374,test,1522,8333
10375,test,10375,8334
10381,test,10381,8338
10399,test,659,8353
10400,test,10400,8354
10408,test,10408,8357
10410,test,10410,8359
10415,test,22,8364
10420,test,10420,8369
10442,test,10442,8379
10466,test,10466,8388
10470,test,10466,8392
10473,test,10473,8395
10479,test,10478,8401
10480,test,10466,8402
10515,test,10514,8430
10519,test,10518,8434
10520,test,113,8435
10522,test,10522,8436
10530,test,10530,8443
10531,test,241,8444
10535,test,10535,8448
10552,test,10551,8455
10557,test,10557,8458
10560,test,10560,8461
10572,test,10571,8473
10575,test,10575,8476
10581,test,10581,8482
10588,test,10588,8489
10589,test,10589,8490
10597,test,10597,8498
10599,test,10598,8500
10607,test,10607,8508
10608,test,10608,8509
10611,test,1241,8512
10618,test,10617,8519
10634,test,10634,8531
10635,test,10634,8532
10640,test,10640,8537
10641,test,10641,8538
10642,test,10642,8539
10645,test,10645,8542
10646,test,10646,8543
10651,test,10651,8547
10652,test,10652,8548
10658,test,10658,8553
10659,test,10659,8554
10670,test,10670,8565
10672,test,10672,8567
10673,test,10673,8568
10679,test,10679,8573
10680,test,10680,8574
10690,test,10690,8584
10695,test,4231,8589
10701,test,10701,8593
10707,test,10656,8599
10708,test,10646,8600
10709,test,4438,8601
10710,test,4427,8602
10717,test,10717,8609
10730,test,10730,8621
10732,test,10732,8623
10744,test,10744,8629
10766,test,10766,8648
10771,test,10771,8651
10772,test,10772,8652
10774,test,10774,8654
10778,test,10778,8657
10782,test,10782,8661
10800,test,10800,8679
10806,test,10806,8684
10815,test,10813,8692
10822,test,10822,8699
10823,test,10823,8700
10831,test,10831,8708
10838,test,10838,8715
10839,test,10839,8716
10842,test,10835,8719
10848,test,10848,8721
10858,test,10858,8728
10861,test,10861,8731
10866,test,10866,8736
10868,test,10868,8737
10869,test,10869,8738
10890,test,559,8753
10891,test,559,8754
10898,test,10898,8759
10899,test,4438,8760
10901,test,10901,8762
10902,test,880,8763
10907,test,10907,8767
10916,test,2328,8776
10931,test,10931,8787
10934,test,6085,8789
10935,test,10935,8790
10938,test,10938,8793
10977,test,10977,8801
10984,test,1847,8806
10985,test,1847,8807
10990,test,10990,8812
10992,test,10992,8814
11006,test,11005,8824
11014,test,5608,8831
11025,test,11025,8841
11028,test,6276,8843
11036,test,11036,8847
11040,test,11040,8851
11041,test,11041,8852
11060,test,11060,8859
11088,test,11042,8874
11112,test,11110,8891
11119,test,11119,8898
11120,test,11119,8899
11133,test,482,8912
11145,test,11145,8917
11150,test,11150,8922
11156,test,11156,8927
11164,test,11164,8934
11178,test,5896,8942
11193,test,3325,8950
11206,test,11206,8957
11208,test,11208,8959
11212,test,11212,8963
11216,test,306,8966
11217,test,306,8967
11227,test,11227,8974
11236,test,11236,8979
11246,test,11246,8988
11247,test,11247,8989
11257,test,11257,8997
11264,test,11264,9003
11302,test,11302,9013
11303,test,11303,9014
11312,test,11312,9023
11313,test,11313,9024
11317,test,11317,9028
11321,test,11321,9032
11329,test,10938,9038
11340,test,1842,9049
11342,test,11342,9051
11345,test,3314,9054
11354,test,11354,9063
11359,test,11359,9064
11368,test,11368,9068
11371,test,11371,9071
11373,test,11373,9073
11377,test,11377,9075
11378,test,11378,9076
11387,test,11387,9082
11393,test,11393,9084
11405,test,11405,9091
11407,test,9503,9093
11409,test,4788,9095
11410,test,11410,9096
11416,test,1903,9100
11417,test,1903,9101
11424,test,10848,9106
11435,test,11435,9115
11467,test,11467,9137
11476,test,11476,9142
11494,test,11494,9156
11500,test,11500,9160
11501,test,11501,9161
11509,test,1903,9166
11517,test,11517,9173
11519,test,4148,9175
11525,test,11525,9178
11527,test,2115,9180
11538,test,11538,9185
11548,test,1844,9194
11549,test,1844,9195
11555,test,11555,9201
11565,test,11565,9210
11569,test,11569,9214
11588,test,11588,9225
11604,test,11604,9231
11605,test,3325,9232
11624,test,11624,9239
11637,test,11637,9250
11671,test,5302,9260
11685,test,11670,9266
11706,test,11706,9278
11721,test,3793,9286
11723,test,3793,9288
11727,test,605,9291
11734,test,11734,9296
11764,test,11763,9311
11775,test,11775,9321
11780,test,7597,9324
11809,test,11809,9331
11823,test,9883,9344
11832,test,9883,9353
11839,test,9883,9360
11842,test,11842,9362
11844,test,9883,9364
11845,test,9883,9365
11846,test,9883,9366
11847,test,9883,9367
11879,test,8437,9376
11891,test,11891,9381
11901,test,7597,9383
11913,test,11913,9388
11914,test,11914,9389
11926,test,5202,9395
11942,test,2801,9407
11948,test,6271,9412
11954,test,3793,9418
11963,test,11962,9424
11965,test,5393,9426
11968,test,2102,9429
11969,test,2102,9430
11980,test,4231,9441
11982,test,11981,9443
11992,test,11992,9452
11994,test,11992,9454
11995,test,2419,9455
12024,test,1463,9466
12045,test,12045,9469
12048,test,12048,9472
12061,test,12056,9482
12063,test,12063,9484
12086,test,8150,9491
12088,test,12088,9493
12090,test,8150,9495
12094,test,12088,9499
12096,test,12096,9501
12097,test,12097,9502
12116,test,12116,9514
12118,test,12117,9516
12122,test,12117,9520
12127,test,12117,9525
12135,test,842,9529
12168,test,12168,9541
12194,test,179,9560
12212,test,6884,9574
12223,test,113,9584
12239,test,170,9589
12242,test,12242,9592
12248,test,12241,9598
12252,test,12154,9602
12260,test,12260,9607
12261,test,12261,9608
12264,test,12264,9610
12281,test,12281,9615
12293,test,7954,9623
12297,test,12297,9627
12304,test,649,9631
12310,test,12310,9637
12314,test,12314,9641
12316,test,12316,9643
12320,test,12320,9646
12341,test,12341,9650
12384,test,12379,9666
12422,test,12422,9676
12423,test,726,9677
12429,test,12429,9679
12435,test,12435,9685
12460,test,12460,9702
12462,test,12461,9704
12464,test,12464,9706
12466,test,2435,9708
12467,test,12467,9709
12468,test,2018,9710
12469,test,12469,9711
12474,test,2161,9716
12512,test,94,9745
12523,test,12523,9751
12524,test,2265,9752
12526,test,12526,9753
12532,test,12451,9756
12533,test,12533,9757
12536,test,4761,9760
12558,test,12558,9772
12563,test,12562,9777
12564,test,12562,9778
12568,test,12562,9782
12577,test,6367,9791
12578,test,12578,9792
12579,test,3172,9793
12580,test,12580,9794
12585,test,12585,9798
12588,test,12588,9801
12590,test,12590,9803
12591,test,12507,9804
12592,test,12507,9805
12595,test,12595,9808
12606,test,9183,9815
12610,test,12610,9819
12612,test,12612,9821
12637,test,12629,9840
12638,test,12638,9841
12644,test,12644,9846
12648,test,12648,9849
12649,test,12649,9850
12651,test,12629,9851
12652,test,2239,9852
12653,test,2239,9853
12662,test,12662,9859
12675,test,12675,9868
12679,test,12679,9872
12690,test,12690,9882
12694,test,12694,9886
12711,test,12711,9895
12714,test,12714,9898
12720,test,12720,9900
12721,test,12721,9901
12729,test,12729,9907
12732,test,2089,9910
12740,test,12740,9917
12742,test,12742,9919
12747,test,11734,9923
12749,test,7864,9925
12757,test,94,9933
12764,test,248,9940
12774,test,6198,9948
12780,test,12780,9953
12791,test,7415,9960
12799,test,12799,9967
12803,test,12803,9969
12805,test,12805,9971
12813,test,12711,9978
12815,test,12815,9980
12820,test,12809,9983
12822,test,3826,9985
12823,test,3826,9986
12824,test,3826,9987
12830,test,12829,9991
12832,test,12829,9993
12845,test,12845,10003
12846,test,12846,10004
12855,test,12855,10008
12861,test,12738,10013
12863,test,113,10015
12865,test,12865,10017
12867,test,12867,10019
12881,test,12881,10028
12883,test,12883,10030
12884,test,12884,10031
12904,test,12904,10051
12914,test,12914,10061
12924,test,12456,10071
12928,test,82,10075
12937,test,12805,10084
12939,test,12865,10086
12941,test,4035,10088
12950,test,12949,10093
12954,test,5589,10097
12955,test,12955,10098
12960,test,12958,10103
12967,test,3027,10109
12969,test,12969,10111
12976,test,12976,10116
12981,test,7399,10121
12983,test,16,10123
12986,test,2205,10126
12989,test,108,10128
13018,test,12854,10137
13020,test,13020,10139
13029,test,13028,10146
13046,test,13046,10162
13047,test,13046,10163
13048,test,2687,10164
13060,test,7216,10174
13065,test,12730,10179
13069,test,13069,10181
13073,test,2089,10184
13076,test,13076,10187
13083,test,13083,10191
13099,test,13099,10205
13100,test,13100,10206
13159,test,13159,10247
13161,test,13161,10249
13162,test,13162,10250
13171,test,2691,10259
13174,test,13174,10262
13175,test,13175,10263
13194,test,13099,10271
13206,test,13206,10279
13207,test,6271,10280
13213,test,6623,10285
13214,test,2919,10286
13215,test,2919,10287
13216,test,6623,10288
13217,test,2920,10289
13218,test,2919,10290
13223,test,1916,10295
13242,test,2920,10312
13250,test,10506,10320
13293,test,1832,10335
13294,test,3564,10336
13304,test,12916,10344
13306,test,13306,10346
13312,test,13312,10352
13327,test,1868,10359
13331,test,13331,10363
13336,test,13334,10368
13340,test,4289,10372
13344,test,4289,10376
13365,test,13365,10394
13367,test,13365,10396
13383,test,7100,10408
13384,test,13384,10409
13387,test,13387,10411
13393,test,13384,10415
13396,test,13396,10416
13407,test,13407,10422
13438,test,4168,10427
13440,test,7970,10428
13444,test,13444,10431
13446,test,11952,10433
13449,test,13449,10436
13453,test,13206,10438
13460,test,973,10443
13467,test,973,10450
13474,test,973,10456
13476,test,973,10458
13479,test,13330,10461
13499,test,13499,10474
13512,test,13206,10481
13530,test,13530,10488
13546,test,13546,10494
13556,test,2014,10499
13557,test,13557,10500
13558,test,13558,10501
13561,test,13559,10504
13597,test,10506,10528
13601,test,12677,10531
13625,test,13622,10549
13630,test,13630,10554
13634,test,13630,10558
13643,test,13622,10567
13660,test,13660,10569
13669,test,2276,10576
13670,test,10181,10577
13678,test,13167,10585
13692,test,13688,10598
13694,test,13694,10600
13726,test,13726,10622
13732,test,10373,10624
13741,test,4145,10629
13743,test,4045,10631
13750,test,13750,10635
13754,test,5624,10639
13755,test,1531,10640
13759,test,13759,10644
13787,test,13787,10668
13789,test,13789,10669
13799,test,13799,10672
13801,test,13801,10673
13804,test,12629,10675
13806,test,4437,10677
13818,test,10506,10687
13825,test,13825,10694
13829,test,13828,10698
13830,test,13830,10699
13858,test,8446,10712
13873,test,13872,10722
13892,test,13892,10737
13898,test,13355,10742
13899,test,5622,10743
13905,test,13905,10748
13913,test,13912,10756
13924,test,4621,10766
13939,test,13931,10778
13949,test,13949,10788
13960,test,13960,10798
13976,test,13976,10811
13978,test,4620,10813
13988,test,13985,10822
13990,test,13990,10824
13995,test,13985,10829
13997,test,13985,10831
14002,test,4623,10836
14010,test,14010,10843
14030,test,14030,10851
14063,test,2092,10872
14067,test,14067,10874
14074,test,13355,10880
14079,test,12995,10884
14098,test,3957,10903
14105,test,2361,10910
14106,test,14106,10911
14120,test,14120,10923
14138,test,2435,10937
14140,test,9654,10939
14141,test,14141,10940
14144,test,13206,10942
14147,test,14147,10945
14161,test,14161,10959
14163,test,14163,10961
14173,test,14173,10967
14174,test,14174,10968
14179,test,14179,10971
14187,test,14187,10976
14197,test,14196,10986
14220,test,14220,11000
14227,test,14227,11007
14230,test,5503,11009
14233,test,14233,11011
14244,test,16,11019
14267,test,14267,11041
14272,test,14272,11046
14280,test,2276,11050
14291,test,14288,11060
14297,test,227,11066
14298,test,9198,11067
14321,test,14321,11081
14324,test,14323,11084
14328,test,14328,11087
14331,test,14331,11088
14333,test,1721,11090
14340,test,14338,11096
14349,test,810,11104
14362,test,14353,11117
14379,test,14299,11128
14396,test,12467,11139
14406,test,14406,11146
14415,test,12503,11154
14424,test,14424,11160
14429,test,5030,11165
14430,test,1664,11166
14447,test,3000,11176
14448,test,14448,11177
14450,test,2983,11179
14469,test,14469,11196
14483,test,14483,11204
14490,test,230,11206
14494,test,14494,11208
14500,test,14498,11214
14526,test,14526,11224
14534,test,14534,11232
14548,test,14548,11240
14555,test,14555,11245
14562,test,14557,11252
14572,test,14353,11261
14588,test,14588,11273
14591,test,14591,11275
14592,test,14591,11276
14594,test,14594,11278
14595,test,14594,11279
14601,test,6545,11284
14606,test,14605,11287
14610,test,2983,11290
14612,test,9276,11292
14637,test,14637,11305
14649,test,14649,11314
14652,test,14647,11315
14655,test,14647,11318
14660,test,14647,11323
14674,test,14674,11330
14680,test,14680,11335
14698,test,14698,11348
14718,test,274,11366
14725,test,14725,11371
14729,test,14729,11374
14750,test,14750,11380
14757,test,14757,11387
14769,test,14766,11394
14770,test,14764,11395
14771,test,14766,11396
14782,test,14782,11400
14793,test,14608,11409
14842,test,14842,11434
14869,test,14608,11438
14876,test,14873,11444
14883,test,14882,11450
14886,test,14886,11453
14887,test,14887,11454
14888,test,14884,11455
14894,test,14894,11461
14904,test,14904,11469
14910,test,1306,11473
14911,test,14911,11474
14920,test,14919,11483
14927,test,14927,11487
14929,test,14928,11489
14930,test,14928,11490
14935,test,14928,11495
14941,test,14928,11501
14946,test,14928,11506
14949,test,14928,11509
14952,test,14928,11512
14958,test,14928,11517
14964,test,14964,11523
14970,test,1792,11528
14987,test,14987,11536
14989,test,14989,11537
15010,test,15010,11550
15012,test,11175,11552
15018,test,15018,11558
15019,test,15019,11559
15022,test,15022,11562
15023,test,15023,11563
15029,test,15029,11569
15031,test,15031,11571
15038,test,15038,11578
15040,test,15040,11580
15055,test,5600,11591
15056,test,15056,11592
15065,test,5600,11598
15088,test,15088,11619
15089,test,15089,11620
15090,test,15089,11621
15097,test,230,11628
15109,test,15109,11632
15131,test,15131,11643
15141,test,15141,11653
15145,test,4771,11657
15159,test,15159,11668
15160,test,15160,11669
15164,test,10081,11672
15168,test,8154,11676
15173,test,790,11680
15221,test,15221,11719
15231,test,15231,11726
15242,test,15242,11736
15243,test,854,11737
15251,test,6196,11744
15259,test,229,11751
15263,test,3029,11753
15267,test,11931,11755
15268,test,11931,11756
15274,test,10532,11762
15293,test,5523,11775
15305,test,15305,11787
15312,test,15312,11793
15318,test,15318,11799
15325,test,15325,11803
15331,test,15331,11809
15334,test,15334,11812
15344,test,15344,11819
15347,test,15347,11822
15357,test,142,11830
15361,test,7439,11832
15364,test,15364,11835
15366,test,15365,11837
15367,test,15367,11838
15380,test,3325,11850
15384,test,15384,11854
15390,test,3325,11859
15392,test,2335,11861
15394,test,3325,11863
15395,test,3325,11864
15401,test,15401,11869
15408,test,6887,11875
15413,test,15413,11879
15417,test,15417,11883
15422,test,4744,11887
15430,test,15430,11895
15436,test,15436,11900
15437,test,15437,11901
15439,test,15439,11903
15440,test,15439,11904
15448,test,15448,11911
15462,test,482,11925
15466,test,15466,11929
15478,test,6315,11935
15484,test,5415,11940
15489,test,1916,11943
15507,test,15507,11960
15523,test,4265,11974
15525,test,4265,11976
15527,test,4265,11978
15529,test,4265,11980
15531,test,4265,11982
15538,test,15538,11988
15539,test,15539,11989
15543,test,4445,11991
15547,test,15547,11994
15554,test,15551,12001
15555,test,8241,12002
15557,test,7162,12004
15564,test,15556,12011
15565,test,7162,12012
15572,test,15572,12019
15573,test,2437,12020
15575,test,15575,12022
15577,test,15575,12024
15584,test,15584,12031
15587,test,5110,12034
15588,test,1774,12035
15591,test,5110,12038
15597,test,5110,12044
15605,test,5110,12052
15616,test,15616,12063
15630,test,15630,12075
15639,test,15639,12081
15642,test,15642,12082
15644,test,15642,12084
15645,test,15645,12085
15654,test,15654,12092
15655,test,1475,12093
15674,test,725,12101
15688,test,166,12109
15692,test,2067,12111
15708,test,1100,12127
15714,test,15714,12133
15722,test,8143,12141
15724,test,15724,12142
15725,test,15725,12143
15736,test,279,12147
15746,test,15746,12152
15748,test,15748,12153
15761,test,15761,12159
15769,test,15769,12165
15770,test,15769,12166
15772,test,15772,12168
15773,test,15773,12169
15776,test,15773,12172
15778,test,9873,12174
15779,test,15777,12175
15785,test,9873,12181
15820,test,15820,12191
15829,test,9213,12195
15831,test,9213,12197
15832,test,9213,12198
15849,test,15849,12212
15863,test,15863,12224
15867,test,3241,12227
15868,test,3714,12228
15874,test,2082,12233
15876,test,2082,12235
15885,test,8394,12238
15888,test,15886,12241
15891,test,395,12244
15900,test,15900,12252
15901,test,9654,12253
15905,test,3395,12257
15917,test,1687,12267
15922,test,15922,12272
15928,test,12435,12278
15930,test,1995,12280
15935,test,7950,12285
15938,test,4587,12288
15947,test,10249,12295
15961,test,15961,12299
15963,test,15963,12300
15978,test,1326,12309
15979,test,15979,12310
15980,test,15980,12311
16024,test,10495,12322
16027,test,16027,12324
16033,test,14635,12328
16034,test,16034,12329
16037,test,16034,12332
16041,test,16034,12336
16073,test,13200,12346
16074,test,7954,12347
16082,test,16082,12353
16116,test,16113,12372
16118,test,16111,12374
16141,test,16141,12394
16147,test,16147,12399
16176,test,1797,12424
16184,test,16182,12431
16194,test,13146,12438
16196,test,16196,12439
16198,test,3064,12441
16209,test,16209,12445
16215,test,16215,12449
16217,test,13696,12451
16219,test,16219,12453
16222,test,16221,12455
16223,test,16221,12456
16226,test,227,12458
16233,test,160,12464
16248,test,10661,12474
16249,test,12498,12475
16251,test,16251,12477
16261,test,16150,12483
16265,test,4231,12486
16267,test,16267,12488
16273,test,16273,12492
16275,test,16273,12494
16278,test,2251,12497
16299,test,16299,12510
16304,test,16304,12514
16320,test,12457,12525
16332,test,2018,12533
16335,test,14798,12536
16340,test,16339,12539
16343,test,16339,12541
16344,test,16344,12542
16345,test,16339,12543
16377,test,16377,12552
16386,test,3097,12559
16397,test,16397,12564
16412,test,16412,12577
16413,test,16413,12578
16419,test,1189,12584
16421,test,2025,12586
16422,test,16422,12587
16431,test,16431,12594
16432,test,3870,12595
16437,test,16437,12598
16438,test,4788,12599
16455,test,13206,12615
16457,test,2895,12617
16461,test,16461,12620
16464,test,16406,12623
16468,test,16468,12626
16469,test,3894,12627
16474,test,16474,12631
16475,test,15212,12632
16476,test,9883,12633
16478,test,3302,12635
16486,test,14928,12640
