ligand_id,y,prediction,abs_residual
10,2.879025754,3.422291059766379,0.5432653057663788
16,5.882834638,3.827624482522297,2.0552101554777034
62,3.358051236,3.4167921084343886,0.058740872434388525
74,4.239971231,4.031356875731477,0.2086143552685229
78,1.427654993,2.192082519104613,0.7644275261046132
84,4.651597954,4.274177375076276,0.37742057892372394
90,3.027922626,2.6603708835990845,0.3675517424009156
94,4.626843591,4.183465031143502,0.4433785598564981
95,2.598234601,3.0348147021737963,0.4365801011737962
122,3.927901751,3.8405673242781067,0.08733442672189318
131,4.015908184,2.9477621449690403,1.0681460390309594
134,3.937195421,3.8290906098423445,0.10810481115765569
140,2.802112091,3.4944384356429317,0.6923263446429315
141,3.801412286,3.0200600122194072,0.7813522737805929
164,6.757180187,4.115531231913971,2.641648955086029
165,1.574330387,2.2948029555110274,0.7204725685110274
196,4.154926917,3.709669457088106,0.44525745991189414
202,1.797919532,1.8617650719686951,0.06384553996869502
207,2.485202106,3.1615017467054716,0.6762996407054715
216,2.542315477,3.059613097771318,0.517297620771318
230,3.634302752,3.7999278200761526,0.16562506807615263
249,3.643398096,3.8383739026392254,0.19497580663922554
253,4.054398261,4.452937070608086,0.39853880960808574
254,4.462175445,4.209168513522459,0.2530069314775405
260,3.063425105,3.224733709745811,0.1613086047458112
268,3.746743974,3.914096989509522,0.16735301550952197
272,4.015587791,3.8165735551619213,0.19901423583807842
283,3.132837831,2.928003484322336,0.20483434667766387
287,3.40026809,3.3555029543822914,0.04476513561770856
292,4.111224269,3.863583600208523,0.24764066879147695
295,1.449269864,2.131522650246648,0.6822527862466481
301,4.251042759,3.8315689022883657,0.41947385671163406
312,3.846791041,3.7744979886841357,0.07229305231586425
322,3.154653472,4.1769105567808875,1.0222570847808874
326,3.742984616,3.7692209303011275,0.026236314301127273
333,2.871932005,2.1482234098705018,0.7237085951294984
334,3.988207676,3.8939517610826537,0.0942559149173463
350,3.931892225,3.7838164881721656,0.14807573682783426
361,4.080096324,3.838967665652642,0.2411286583473582
368,3.494701757,3.729492118187817,0.23479036118781682
382,4.181635406,3.458690471448948,0.7229449345510517
396,3.99194008,3.930590956540139,0.06134912345986088
399,3.039942171,3.153918976423142,0.11397680542314204
406,4.461095467,3.904633073072039,0.5564623939279607
410,4.055519594,3.968097818022586,0.08742177597741385
414,3.948851379,3.8892433464357596,0.05960803256424052
423,2.091380654,2.2352791692912204,0.14389851529122044
424,3.839638975,3.951386815322059,0.11174784032205887
425,3.766619166,3.9303904098443625,0.1637712438443626
428,1.867622814,2.9748078460726983,1.1071850320726984
432,2.315821126,2.7193314315395267,0.4035103055395268
437,4.055811039,3.8210974653860466,0.2347135736139534
463,4.231604131,3.7616073226129547,0.4699968083870454
470,2.812857088,3.1221829551829092,0.30932586718290933
472,3.837017009,3.9918772683939614,0.1548602593939612
473,3.8692422,3.807567490499651,0.061674709500349145
475,3.301572525,3.7100563432528837,0.4084838182528836
480,2.632078148,2.804196118424536,0.17211797042453592
481,2.668672445,3.2124453258225087,0.5437728808225089
488,2.339785233,2.9846316372143207,0.6448464042143205
499,2.427015206,2.7295913445911646,0.3025761385911645
500,2.825343237,3.2004944111629143,0.37515117416291455
506,3.187104929,3.2821460887746183,0.09504115977461813
511,3.80486152,3.896857130800536,0.09199561080053575
525,4.817161221,3.946234435243011,0.8709267857569891
559,4.145537126,3.911152264727341,0.2343848612726589
564,4.027748474,3.465243694496364,0.562504779503636
565,3.619987248,3.8234144346285865,0.2034271866285864
568,1.540899459,2.842216746227992,1.301317287227992
569,2.953316496,3.225174839864162,0.2718583438641624
579,3.714227634,5.056113001042618,1.3418853670426185
585,4.852234922,4.80625420477512,0.04598071722487962
593,3.836930722,3.9352107110919152,0.09827998909191527
598,3.448222806,4.053781703757189,0.6055588977571893
599,4.139600838,3.6025803080402516,0.5370205299597481
614,3.392074831,3.0066730222339704,0.3854018087660296
640,2.104468553,2.247490768094033,0.143022215094033
658,3.93981481,3.485321738634776,0.4544930713652242
677,3.634743708,3.830083031176218,0.19533932317621838
679,4.2491762,3.827788196437096,0.42138800356290407
682,3.013959516,2.9842547564648267,0.029704759535173153
690,1.96869857,2.913585737508606,0.9448871675086061
701,3.929660968,3.440634198196113,0.4890267698038868
712,3.806239608,3.753833296419584,0.05240631158041564
726,5.371005893,3.7214634875135877,1.6495424054864127
738,4.073950401,4.217104587447706,0.14315418644770617
761,3.336834803,3.4446967362827663,0.10786193328276639
783,5.380215866,4.2770208677774155,1.1031949982225848
792,2.877351016,3.5827108278419377,0.7053598118419377
805,3.822117648,3.8458972060971712,0.02377955809717136
814,1.225733029,2.4657941454377292,1.2400611164377293
819,5.772132395,5.454633621050794,0.31749877394920567
830,3.5652915,3.5606975275943142,0.004593972405685598
834,5.348949078,4.211024858005138,1.1379242199948623
840,3.906360086,3.901476488852557,0.0048835971474430195
845,5.173968028,3.5149997260151866,1.6589683019848134
849,1.935612788,1.6602255847899192,0.2753872032100808
852,6.205281716,5.405879574145341,0.7994021418546593
859,2.181577491,1.803347323832892,0.378230167167108
863,2.159892482,2.424063291389937,0.26417080938993687
871,3.445095558,3.937681450415044,0.49258589241504414
881,3.345130754,3.840145686520276,0.49501493252027595
891,3.629223474,2.7739514480135123,0.8552720259864874
892,3.331723667,2.9645572732434013,0.36716639375659854
904,4.203132651,4.022952188300994,0.18018046269900534
911,3.48628623,3.4284381422059376,0.057848087794062586
918,5.055481765,2.9866703148581846,2.068811450141815
930,3.196134716,3.1500002072705797,0.046134508729420265
934,1.329574138,2.729393937475865,1.399819799475865
937,3.134157975,3.165980208709632,0.03182223370963211
947,4.705030696,4.044284662528849,0.6607460334711508
952,3.086663706,3.5671877135088783,0.48052400750887836
964,3.201765221,3.393942778353888,0.19217755735388797
973,3.328860527,3.155764604740049,0.17309592225995063
974,3.065399568,3.593268195769248,0.5278686277692479
975,3.017548063,2.997004916482917,0.02054314651708289
979,3.385538072,3.168085643428433,0.21745242857156732
999,4.458336346,4.108452395267078,0.3498839507329219
1034,2.671465013,2.822133820123807,0.15066880712380692
1036,3.576040731,3.454186658366195,0.1218540726338051
1044,3.379493287,3.2175452046563553,0.16194808234364455
1046,3.392605998,3.31674636584007,0.07585963215993008
1059,3.102060484,3.1174821830091566,0.015421699009156686
1060,2.733308865,2.903275220349742,0.1699663553497417
1065,2.494868676,2.711189971732733,0.21632129573273318
1066,2.208907496,2.7875257564385123,0.5786182604385122
1073,2.853987286,2.7685204918700106,0.08546679412998959
1075,2.72606467,2.690908813316325,0.03515585668367516
1081,2.996515923,2.682067892311233,0.31444803068876714
1084,2.019450842,2.5803620253143134,0.5609111833143134
1085,2.769631356,3.1964751370280347,0.42684378102803455
1086,3.856147966,3.1632385208543563,0.6929094451456437
1087,3.275865285,2.9548386662479906,0.32102661875200944
1090,1.363681392,2.385159059567142,1.0214776675671422
1095,2.981199727,3.5097388767494895,0.5285391497494896
1116,2.879164002,3.432859547414194,0.5536955454141941
1121,3.605060581,3.542303988930815,0.06275659206918505
1126,2.416848453,2.711849464546045,0.2950010115460451
1129,3.489550698,3.326509859123097,0.16304083887690313
1136,4.456290101,3.3939114498367684,1.0623786511632312
1137,3.10382204,2.5887590335323045,0.5150630064676953
1139,2.809963522,3.117739971688396,0.3077764496883959
1203,3.432499715,3.335724106092959,0.09677560890704084
1210,3.619344465,3.243984975600318,0.3753594893996821
1214,2.10312382,2.6645775269539334,0.5614537069539334
1216,2.654536418,3.0764394243171655,0.4219030063171654
1226,2.69913404,2.6502618810820286,0.048872158917971475
1235,3.518487018,3.488548534093028,0.02993848390697229
1239,4.483622193,3.3177031110655837,1.1659190819344167
1245,3.637432544,3.2448478661458653,0.39258467785413487
1258,2.984819745,3.273785618779135,0.2889658737791354
1259,2.827798098,3.242202798363495,0.41440470036349497
1267,2.156319558,2.991119236641092,0.8347996786410921
1273,4.387698726,5.107084761570113,0.7193860355701132
1274,4.105587102,4.1442056428428415,0.03861854084284122
1281,3.201531489,4.0060718390129635,0.8045403500129633
1284,3.423532001,3.5910526641855296,0.16752066318552972
1290,3.82276529,3.6174721121695113,0.20529317783048873
1293,3.070431941,3.489031078546906,0.41859913754690625
1295,3.586264652,3.6737418730419305,0.08747722104193034
1300,5.723640352,4.08799086279305,1.6356494892069504
1309,4.369364351,3.43757448799628,0.9317898630037198
1312,4.719384108,3.7588889589879715,0.9604951490120284
1315,5.27586337,3.7033042094997812,1.5725591605002185
1318,4.108194489,3.4802980310659195,0.6278964579340802
1321,2.237671847,2.371979584411247,0.1343077374112469
1341,4.166970877,4.256472796958548,0.08950191995854784
1348,3.506729176,4.194245866505796,0.6875166905057957
1365,3.303580486,3.7104313253281926,0.40685083932819266
1373,4.500270103,4.780297241641054,0.2800271386410538
1378,2.770426505,2.517580939112741,0.25284556588725904
1383,3.345786681,3.064012411939873,0.28177426906012704
1394,1.359544755,1.6714595478093628,0.31191479280936285
1395,2.244447418,2.2142697151162745,0.030177702883725566
1415,3.906265042,3.959999285613342,0.053734243613342336
1423,3.582242955,3.766479172500306,0.18423621750030605
1430,3.360566593,3.6926518256732574,0.3320852326732573
1432,5.58592974,3.529029214125419,2.056900525874581
1433,3.233279357,3.4000018130246814,0.1667224560246816
1434,3.821692459,3.744489090395478,0.07720336860452193
1442,2.681623662,2.8914184978467885,0.2097948358467887
1446,4.546964415,3.6345415360042197,0.91242287899578
1450,3.471838636,3.355499359433541,0.11633927656645904
1452,4.049788459,3.7683419548238004,0.28144650417619976
1460,3.345720216,2.8578989064278773,0.4878213095721229
1469,2.785474427,3.464362222758053,0.6788877957580528
1520,4.101452722,3.740861703659577,0.3605910183404233
1528,3.428487689,3.1637096864904404,0.2647780025095594
1529,3.255435611,3.6925549509473328,0.437119339947333
1534,5.762244135,4.02784335997467,1.73440077502533
1537,2.454963652,2.6717339307048693,0.2167702787048693
1545,3.105008422,3.2950992010727065,0.19009077907270644
1547,3.338765882,3.1048865652202355,0.2338793167797646
1549,3.15028045,2.9889387795805753,0.1613416704194246
1554,3.648802606,3.7519595519004363,0.10315694590043645
1555,2.695788026,2.6655934628063735,0.030194563193626234
1558,4.067719675,3.8099464151189872,0.25777325988101296
1568,3.233063166,3.152703120495309,0.08036004550469089
1590,3.525005443,3.6189500533606447,0.09394461036064472
1599,3.899209654,3.6553942494631246,0.24381540453687522
1600,3.654060971,3.488678097604341,0.1653828733956586
1602,2.988017543,3.327499361053073,0.339481818053073
1613,4.556695035,3.973678832872555,0.5830162021274448
1614,1.663807372,2.612751895560689,0.948944523560689
1615,3.781791558,3.412075784950912,0.3697157730490881
1616,4.275540409,4.016212349187588,0.2593280598124128
1618,2.881897974,2.55878758079714,0.3231103932028603
1629,3.734782545,3.61467159742297,0.12011094757702967
1630,4.02071816,3.7671130762681466,0.25360508373185375
1638,4.075823967,4.103471190581607,0.027647223581607427
1643,4.572935464,3.947393021930721,0.6255424420692792
1644,4.524635528,3.6183492514851747,0.9062862765148254
1650,3.519133918,3.4085387213835046,0.11059519661649553
1651,3.183863922,3.1884941809922034,0.004630258992203373
1660,2.903623479,3.1775484804286673,0.27392500142866716
1661,4.482130075,3.923087965486725,0.5590421095132747
1662,4.451868605,3.794764284610964,0.6571043203890357
1669,2.037936196,2.8443928606690476,0.8064566646690476
1686,4.859079727,3.7389687279324786,1.1201109990675215
1688,3.076453892,3.3856711221802835,0.3092172301802836
1689,2.688319691,3.2459156863581105,0.5575959953581107
1692,3.404132939,2.7734861691321764,0.6306467698678238
1700,3.114253187,3.470086209596085,0.35583302259608507
1703,3.007470389,3.1936106839677496,0.18614029496774975
1710,3.418486352,3.5077134642093295,0.08922711220932955
1714,3.784329094,3.288811247925513,0.4955178460744869
1715,2.921203658,2.503703291847471,0.41750036615252917
1741,1.965562728,2.3897870400153045,0.4242243120153044
1742,2.911593683,3.3032404662760833,0.39164678327608327
1743,2.754384744,2.7201044112418806,0.03428033275811959
1755,3.13417073,3.3868502730731898,0.2526795430731896
1756,2.200850969,3.4004329442319134,1.1995819752319132
1757,1.783874548,3.4430656602906606,1.6591911122906606
1758,2.659112743,3.3100296282080253,0.6509168852080252
1759,2.31163207,3.381868893760734,1.0702368237607343
1770,3.807550361,3.7393054729445767,0.06824488805542339
1781,3.786284085,3.8243941353926605,0.038110050392660355
1782,3.528586173,3.3561276935791198,0.1724584794208801
1786,2.733056528,3.2555332593141015,0.5224767313141014
1787,3.301554451,3.550390649167633,0.24883619816763325
1788,4.168804065,4.000096686587533,0.16870737841246708
1789,4.389322465,4.357123652273589,0.032198812726410786
1790,4.454316274,3.3456684785199977,1.1086477954800023
1792,3.678523345,3.337259207588485,0.34126413741151485
1797,3.53848576,3.830511526450008,0.2920257664500081
1798,2.333642558,3.0472548030449027,0.7136122450449025
1803,2.350257712,3.21632495447617,0.86606724247617
1809,1.86978011,2.9010418450350177,1.0312617350350177
1813,2.984595913,3.277197153338348,0.2926012403383478
1814,2.727491553,2.623309548126328,0.10418200487367191
1823,3.007892329,3.3597470732846912,0.3518547442846911
1832,3.432578632,3.720228546535198,0.2876499145351983
1842,3.168670957,3.620974116504846,0.45230315950484634
1845,3.74878787,3.75556765968357,0.006779789683569959
1854,4.236707968,3.40388683241889,0.8328211355811104
1865,2.763877031,3.221993940901462,0.45811690990146214
1869,3.166398394,2.999049198713748,0.1673491952862518
1872,3.165117321,3.4257097934127274,0.26059247241272754
1875,2.599292745,3.087379246495694,0.4880865014956939
1887,3.559823296,3.2251960716488215,0.3346272243511783
1915,3.002758641,3.283976403064507,0.2812177620645073
1918,3.377569668,3.7290582913079224,0.3514886233079224
1919,3.347757268,3.7010366544517033,0.3532793864517032
1920,3.772256492,3.622797379172457,0.1494591128275431
1933,4.346105108,3.952447092893598,0.39365801510640175
1940,4.842386687,4.3253172073714765,0.5170694796285238
1946,3.132381377,3.145853359671202,0.013471982671201754
1947,4.528376709,4.005040064577531,0.5233366444224687
1952,3.17159065,2.907648962342701,0.2639416876572991
1957,2.847990576,3.6500349727026276,0.8020443967026276
1958,3.030903177,3.102543241038724,0.07164006403872403
1963,4.014864414,3.7281982694516236,0.28666614454837624
1965,2.855269228,3.3726542823107724,0.5173850543107723
1966,4.559571503,3.951793137885106,0.607778365114894
1967,3.145091041,3.433159506240325,0.2880684652403249
1982,3.669389205,2.969937382996604,0.6994518220033958
1983,3.61412854,3.286132796388605,0.3279957436113947
1995,3.67738165,3.6787227466157817,0.001341096615781634
2006,3.544619425,3.303710357812972,0.2409090671870282
2008,3.067337479,2.7686442362198243,0.2986932427801756
2009,5.652585625,3.8682492592992004,1.7843363657008
2015,4.330935784,3.7891115700902707,0.5418242139097296
2032,3.508337105,3.147929484280164,0.3604076207198359
2040,3.85322547,3.859628058959328,0.006402588959327993
2045,3.321470698,3.6270995357107947,0.3056288377107945
2047,3.337321685,3.688304640330518,0.35098295533051793
2060,3.385597484,3.0808831563096337,0.3047143276903661
2063,2.905435056,3.1316416926231465,0.22620663662314655
2066,3.612291336,3.458138175238735,0.15415316076126517
2067,3.176730649,3.30685174955414,0.13012110055414006
2078,5.939802034,4.1235072052388295,1.8162948287611709
2080,3.59653552,3.779461617775188,0.18292609777518765
2084,3.869168136,4.123155224196361,0.25398708819636084
2093,3.639537714,3.7556492312612684,0.11611151726126856
2110,3.19193981,2.2515282718133367,0.9404115381866633
2113,2.792102647,3.23424927857678,0.4421466315767799
2114,3.927580319,3.31205806121687,0.6155222577831299
2116,2.604559465,2.8092801042921893,0.20472063929218942
2121,2.744450141,3.185456697674977,0.441006556674977
2142,4.642776412,4.072508764658106,0.5702676473418942
2143,4.329902737,4.058747328279444,0.2711554087205563
2145,2.480504555,3.2977741351095444,0.8172695801095444
2148,2.228614202,2.9391150699970012,0.7105008679970011
2153,4.848250715,2.948591930762639,1.899658784237361
2155,3.487812332,3.163797527092413,0.32401480490758683
2156,3.556511412,3.4263271556938517,0.13018425630614816
2166,3.945010414,3.736658606835733,0.20835180716426693
2167,3.651992364,3.9851184028760667,0.33312603887606684
2172,3.812799014,3.8828597814220296,0.07006076742202971
2192,4.251768976,4.017374054854907,0.23439492114509353
2196,3.596517926,3.4700782016584095,0.12643972434159068
2198,2.767094244,3.208436531213123,0.4413422872131232
2207,3.768439775,3.850936701499437,0.08249692649943707
2211,3.780762722,3.4415113569004596,0.33925136509954035
2217,4.397306718,4.026875932864786,0.37043078513521444
2238,3.057631638,3.176617220944092,0.118985582944092
2244,2.609270835,2.6732917642236993,0.06402092922369951
2246,2.152893488,2.7716090206997523,0.6187155326997522
2247,2.824353665,2.5240898640285687,0.3002638009714311
2250,4.172029895,4.0432142022146245,0.1288156927853752
2264,3.35975081,3.2749010296031433,0.08484978039685664
2272,3.497238656,3.8007172592423553,0.3034786032423553
2290,3.471079729,3.613354975713459,0.14227524671345915
2294,3.82108637,3.3739815832126543,0.4471047867873459
2308,2.813032354,3.503270637655191,0.6902382836551908
2312,3.109703866,3.058817004059241,0.050886861940758976
2321,3.062909827,3.311851036064989,0.24894120906498918
2328,3.505041775,4.204126394479224,0.699084619479224
2344,3.330799191,3.4746754883669264,0.1438762973669263
2354,4.080612058,3.9165056394060684,0.16410641859393138
2361,3.164926578,3.329623706611722,0.1646971286117216
2370,4.121840602,3.497979092913734,0.6238615090862658
2377,4.119287318,3.9030198103086056,0.21626750769139402
2379,3.971577337,3.95303491683767,0.018542420162329876
2387,5.341688366,3.5659597356406088,1.7757286303593909
2395,2.936620155,3.383580870287726,0.4469607152877262
2397,3.314774289,3.499044567932984,0.18427027893298398
2413,4.384659804,4.414649523155642,0.02998971915564219
2419,3.679156732,3.8222995277109373,0.14314279571093724
2425,2.817658316,3.2710468489201188,0.4533885329201186
2432,4.207053343,3.536535524664066,0.6705178183359339
2439,2.885596776,3.3899314308806408,0.5043346548806409
2440,3.476524414,3.331925811051432,0.1445986029485682
2443,3.037437565,3.2518994255334217,0.21446186053342187
2453,3.829591848,3.9893329863569034,0.15974113835690318
2457,4.723731848,4.0465886879123145,0.6771431600876854
2459,3.176202231,3.5806339706393575,0.4044317396393575
2466,3.861409797,3.750518999723391,0.11089079727660867
2467,3.860485649,3.9814261479874196,0.12094049898741943
2470,3.466420404,3.6222507418755248,0.1558303378755248
2486,4.854718014,4.13721359169693,0.7175044223030707
2489,3.204713113,3.4021312199416336,0.19741810694163364
2490,3.825908832,3.734208825789609,0.0917000062103912
2495,3.25584154,3.0280668580916874,0.22777468190831263
2499,4.258452896,3.8220222140056106,0.43643068199438906
2502,3.114455295,3.5428382791917272,0.42838298419172727
2508,3.6772447,3.2514863196250836,0.42575838037491653
2516,3.73817585,3.5968758829244525,0.1412999670755477
2518,3.62300179,3.4971734094988873,0.12582838050111267
2531,2.806089487,3.190482520462128,0.38439303346212794
2534,4.02086656,3.797330683345561,0.22353587665443886
2565,4.497033997,3.9487165938705235,0.5483174031294764
2566,4.51431829,4.067711178865767,0.44660711113423357
2569,4.493926848,4.127553842472537,0.3663730055274632
2583,3.664573146,3.495218790516848,0.16935435548315203
2585,4.245425265,4.494003793268339,0.24857852826833948
2595,3.845463491,3.8375922578718544,0.007871233128145416
2603,2.959934421,3.504773431566746,0.5448390105667462
2611,3.674172785,3.608689236816791,0.065483548183209
2613,3.29118114,3.0541047681752733,0.23707637182472663
2615,3.664119608,3.836190267557221,0.172070659557221
2623,3.535671544,3.414212775717699,0.12145876828230096
2629,3.05657456,3.374261138132423,0.31768657813242296
2660,3.669170386,3.819464328362722,0.1502939423627221
2665,3.003039054,3.1918142238534934,0.18877516985349363
2667,4.011220808,3.76060408001927,0.25061672798072987
2675,2.874015667,3.4696660911115833,0.5956504241115832
2683,3.457042762,3.52238899312503,0.06534623112503013
2687,3.585337881,3.9646776958444114,0.37933981484441137
2710,3.347537083,4.124905431663789,0.777368348663789
2716,3.359318911,3.585183662416632,0.2258647514166321
2731,3.936285393,4.0400021416103815,0.1037167486103816
2756,4.483814487,4.00077932764408,0.4830351593559197
2757,2.769522713,3.0780919876174426,0.30856927461744244
2761,4.795231815,3.982032519448691,0.8131992955513092
2766,3.676900911,3.425691253181609,0.2512096578183911
2772,2.899757987,2.94133978614256,0.041581799142559994
2792,3.438430003,3.6542388892863515,0.21580888628635142
2799,2.533452046,2.1761055813726546,0.3573464646273452
2809,2.880823676,3.058089746271961,0.17726607027196106
2832,5.022993956,4.495491808390813,0.5275021476091863
2836,3.494397254,3.6668025591506543,0.17240530515065444
2842,4.140552036,3.486237918448735,0.654314117551265
2849,2.94897601,3.4625512199748174,0.5135752099748174
2850,3.773555345,3.7695744149180745,0.003980930081925571
2860,3.053494859,3.3556994427412397,0.3022045837412395
2868,3.951351075,3.5798283343871686,0.3715227406128312
2869,3.612701095,2.8358904049568188,0.776810690043181
2880,3.546232563,3.719757025316502,0.17352446231650243
2889,3.410906719,3.4700420357762303,0.059135316776230074
2895,4.066546558,3.8332336389318105,0.2333129190681893
2896,3.878075126,3.889893705184951,0.011818579184950995
2897,3.835875099,3.923766549577213,0.08789145057721326
2898,3.86382528,3.774280027157741,0.0895452528422589
2899,4.131499329,3.810757147311868,0.3207421816881322
2901,3.652098926,3.829746383423351,0.17764745742335109
2902,4.004281444,3.7944315546849117,0.2098498893150884
2903,3.881334107,3.8017935126958893,0.07954059430411053
2904,3.881334107,3.7317180392040212,0.14961606779597858
2905,3.970778432,3.827413236097316,0.14336519590268404
2909,3.031498091,3.4301870880149337,0.39868899701493365
2910,4.402898173,3.9564634659293674,0.44643470707063226
2911,2.914586421,3.146828210898396,0.23224178989839572
2946,5.166942951,4.0573866215232135,1.1095563294767867
2949,3.073214741,3.27833119842918,0.20511645742917972
2950,4.009093795,3.7126620563228725,0.2964317386771276
2951,3.421830379,3.6543587547949636,0.23252837579496344
2957,3.913741023,3.914982625433061,0.0012416024330610398
2958,4.024203161,3.8318868913759676,0.19231626962403237
2959,3.791386513,3.8645344674177116,0.0731479544177116
2964,3.849847832,4.018904193102916,0.1690563611029159
2965,3.713263676,3.773379636991287,0.06011596099128713
2967,3.673089732,3.9630036668952693,0.28991393489526907
2975,4.158698049,3.9500488247817156,0.20864922421828425
2976,4.49315238,4.161055799029267,0.3320965809707328
2989,4.063225914,3.975201169162008,0.08802474483799205
2990,3.999277704,4.053925513366293,0.05464780936629321
2992,3.70603211,3.8150047760335593,0.10897266603355904
2994,4.982665482,4.5729643824310156,0.40970109956898426
3004,3.850959395,3.8774324173723675,0.026473022372367705
3005,3.632722951,3.515953469821084,0.11676948117891595
3010,3.735002473,3.916302952588088,0.1813004795880877
3015,4.553688018,4.417875429050467,0.1358125889495332
3019,2.5898858,3.207244439459753,0.617358639459753
3020,2.223142755,2.752900352479946,0.529757597479946
3021,3.798728314,3.267611475888955,0.5311168381110449
3036,3.840373486,3.867616746953904,0.02724326095390417
3040,3.987796315,3.6652695189909026,0.3225267960090976
3048,4.153333475,4.065258671768628,0.08807480323137185
3055,3.608514572,3.6388328553362754,0.03031828333627562
3060,2.868427678,2.9620671721136778,0.09363949411367756
3065,3.59451758,3.2614959795559417,0.3330216004440585
3073,3.850689277,3.898400020409217,0.047710743409217216
3080,4.894149847,3.5867092428775895,1.307440604122411
3081,3.798891251,3.4135089105616743,0.38538234043832587
3084,5.183921982,4.23399100357977,0.9499309784202303
3085,4.180856733,4.303949424533326,0.12309269153332636
3093,4.834927966,4.244075814802686,0.5908521511973142
3103,3.869655084,3.6212589346492288,0.24839614935077137
3109,3.491913318,3.432847593984161,0.05906572401583876
3117,3.87567897,3.8491151681547597,0.02656380184524032
3118,4.126938827,3.7725103176264074,0.3544285093735926
3119,4.093515072,3.952087146401748,0.14142792559825157
3120,3.968576335,3.745378439572919,0.2231978954270808
3122,4.202659541,3.7600431945991297,0.44261634640087033
3134,3.360281369,3.449302396130389,0.08902102713038884
3141,2.68267789,2.8192090912515444,0.1365312012515445
3151,3.970218586,4.140283025544651,0.1700644395446509
3152,4.194585491,4.464870536272269,0.27028504527226893
3153,4.574396174,4.432054919976123,0.14234125402387754
3154,3.901629546,3.9433330845431542,0.04170353854315412
3174,3.156962856,3.48058253111254,0.32361967511254
3175,3.511112975,3.9314382787071094,0.4203253037071093
3179,4.071393049,3.485998871984911,0.5853941770150892
3182,3.17184342,3.6631989931749493,0.49135557317494927
3194,4.093191051,4.0004913611878745,0.09269968981212529
3202,4.148510111,3.3363385597904203,0.81217155120958
3213,3.515052144,3.428729869896814,0.08632227410318638
3216,3.730373082,3.5332728303147594,0.19710025168524048
3217,3.345578466,3.6044196327203557,0.2588411667203556
3218,3.126758711,3.026262682357089,0.10049602864291085
3222,3.678660617,3.4690896627047074,0.20957095429529238
3230,3.742250016,3.9913441265448113,0.24909411054481145
3231,3.526491586,3.132369538062496,0.39412204793750405
3232,3.732303272,4.249729418688945,0.5174261466889454
3243,7.640835252,4.448723043270615,3.1921122087293847
3246,2.16388091,2.461403471076016,0.29752256107601616
3253,3.528659645,3.163100163517039,0.3655594814829608
3262,4.202286956,3.502243826903591,0.7000431290964091
3274,3.146591381,3.484274515729088,0.33768313472908806
3275,3.728062318,3.718388688647629,0.009673629352370927
3276,2.184248993,2.6382409135800193,0.45399192058001914
3280,3.216561735,3.5882086597807867,0.37164692478078676
3282,3.230894341,3.384094155240941,0.1531998142409412
3298,2.971772483,3.1390028439368383,0.16723036093683818
3299,3.031747687,3.086007324222438,0.054259637222437984
3301,3.505654552,3.515920333436458,0.010265781436457733
3307,3.736993744,3.768508023741161,0.031514279741160944
3310,2.915602072,3.3382689435933095,0.4226668715933095
3314,3.42375853,3.4646786844619895,0.04092015446198927
3315,3.190860624,3.4975081322904793,0.3066475082904794
3316,2.94098315,3.4670913692528202,0.5261082192528201
3317,3.165173406,3.40844236410935,0.24326895810935012
3318,2.918608552,3.5826742580951447,0.6640657060951449
3319,3.133278801,3.439106241557248,0.3058274405572483
3329,2.994893245,3.2508129009939415,0.2559196559939414
3332,3.905293087,3.862405647339744,0.0428874396602561
3343,4.369689582,4.70554824589661,0.3358586638966097
3345,3.735214186,3.8655601968438167,0.1303460108438168
3361,3.595178749,2.917062156460661,0.6781165925393391
3374,4.323789247,3.9101736195388366,0.4136156274611631
3377,3.389109103,3.339958049460042,0.04915105353995797
3383,3.454749428,3.6529453523779916,0.1981959243779916
3404,3.643209375,3.298725358352445,0.3444840166475549
3405,3.445519693,3.1603153795569874,0.28520431344301267
3408,3.067380867,3.5836244564854516,0.5162435894854518
3410,3.715209906,3.8260136507569062,0.11080374475690613
3418,3.539675664,3.9030731152049745,0.36339745120497424
3419,2.947979379,3.0146487926703407,0.06666941367034074
3423,2.602490679,3.321957949625671,0.7194672706256706
3438,4.101418633,3.1839020256446227,0.9175166073553771
3439,4.127419782,3.2957086313321855,0.8317111506678141
3440,4.175171834,3.3780467088243316,0.7971251251756688
3441,5.639000625,4.05658942961096,1.5824111953890405
3451,3.725274126,3.4841459610968375,0.24112816490316247
3452,3.580845584,3.1734685332026,0.40737705079739994
3459,2.58530207,2.902049412265796,0.31674734226579604
3460,2.835179543,2.9346979403356555,0.09951839733565526
3466,3.805789612,3.605217059997208,0.20057255200279167
3473,3.369443879,4.130558043556694,0.7611141645566941
3486,2.633734022,2.959755590365986,0.3260215683659857
3490,3.001430812,3.080705158581726,0.07927434658172583
3497,4.358859385,4.009438278413535,0.3494211065864645
3504,3.019314806,3.4985029087288724,0.47918810272887224
3510,3.468261645,3.6261160746125523,0.15785442961255214
3514,3.214820014,3.243504119360469,0.028684105360468948
3518,2.864244348,3.3195515131819127,0.4553071651819125
3522,3.528774421,3.1691786602013106,0.3595957607986895
3528,3.462951745,3.58195642615591,0.11900468115591023
3540,4.036292624,3.987066512266694,0.04922611173330571
3545,3.769822528,3.9693045910064315,0.19948206300643134
3546,2.598813602,2.7003021236928717,0.10148852169287181
3552,2.879361137,3.5504351980262676,0.6710740610262675
3554,2.802861345,3.345037277002025,0.5421759320020247
3558,3.129034305,3.2248259590038844,0.09579165400388456
3561,4.756208068,3.784417255667782,0.9717908123322183
3564,3.621710287,3.7099391156595134,0.08822882865951343
3568,3.48713366,2.721744563167508,0.7653890968324921
3569,3.225151275,2.706719941646404,0.5184313333535959
3572,3.458364346,3.0126785424378224,0.4456858035621778
3573,3.251686878,2.8968290778657138,0.35485780013428636
3574,3.190860624,3.8268428969081483,0.6359822729081483
3586,3.5535623,3.586455439216244,0.03289313921624437
3592,2.832184022,2.969815886655336,0.13763186465533606
3593,3.005349753,2.95743730804147,0.047912444958529754
3594,4.057494177,4.086287995724387,0.028793818724387243
3606,3.419651919,3.0913492202537682,0.32830269874623186
3612,2.878617529,2.989337097939969,0.11071956893996893
3616,4.259895453,4.313450594183412,0.05355514118341187
3618,3.271948951,3.4226690950876604,0.1507201440876602
3624,4.175242108,3.9693323394337714,0.20590976856622856
3639,3.956560592,3.8201830700537562,0.13637752194624397
3641,3.949444222,3.3981803771703682,0.5512638448296316
3646,2.730175438,3.1057711123966194,0.37559567439661956
3656,3.973760354,3.422960371647765,0.5507999823522352
3663,1.740815327,2.3095166025030016,0.5687012755030016
3665,4.315264203,3.1567880670343897,1.1584761359656102
3666,3.871307001,5.061183267204921,1.1898762662049212
3672,3.729260273,3.361376933752492,0.3678833392475078
3679,3.049099254,3.584687142984552,0.5355878889845518
3700,2.741138462,3.039741009571001,0.29860254757100124
3713,3.497854847,3.2602368617944353,0.23761798520556487
3745,3.707094154,3.6405513458158127,0.06654280818418723
3758,3.802058812,3.311318894438377,0.4907399175616227
3767,3.757702335,4.003076820393318,0.24537448539331796
3799,3.000706704,3.5307694669593452,0.5300627629593451
3803,4.558298477,3.939648576553561,0.6186499004464392
3821,3.407798661,3.5240144806312514,0.11621581963125127
3831,3.140618017,3.4110502218448597,0.27043220484485975
3883,2.845797174,3.037917835231845,0.19212066123184535
3884,3.37105822,3.744159389121791,0.3731011691217909
3897,3.251090445,3.3974852457807083,0.14639480078070832
3899,3.697612265,3.5219226232162635,0.17568964178373658
3906,2.857151503,2.960500880326431,0.10334937732643112
3921,3.535727776,3.7739526400640075,0.23822486406400767
3944,3.12546973,3.1698693568952407,0.04439962689524091
3945,3.974985139,3.395653998230999,0.5793311407690012
3957,3.757768718,3.5980399945313115,0.15972872346868838
3976,4.835347393,3.0053562178827695,1.8299911751172306
3978,3.502929214,3.2725724060316934,0.2303568079683065
3990,2.159399225,2.5160383086285614,0.35663908362856134
3996,2.644469363,2.983246388485468,0.3387770254854683
4012,3.545565548,3.436865621957679,0.1086999260423207
4014,2.869296924,3.0319419471659845,0.16264502316598461
4018,3.762438473,3.5984949868744285,0.16394348612557152
4038,4.425415741,3.9352225409827066,0.4901932000172935
4039,3.884786304,4.312728974588706,0.4279426705887057
4043,5.337553542,4.472136282895314,0.865417259104686
4045,3.755126259,3.866089688356482,0.11096342935648229
4052,2.577048071,2.532657886373426,0.04439018462657396
4058,2.954649805,3.0028926791365143,0.0482428741365144
4062,4.620461193,3.9277661744180286,0.6926950185819711
4063,4.81012526,3.8799179934359707,0.9302072665640297
4064,4.90791515,3.821122626280481,1.0867925237195188
4066,4.475067986,3.4385280545438532,1.0365399314561468
4068,3.002964047,4.059381685834166,1.0564176388341657
4074,5.154046006,3.720829959161247,1.4332160468387527
4075,3.932766803,3.7287896359065202,0.20397716709347957
4080,4.231291146,4.303808845586658,0.07251769958665744
4086,2.804544723,3.0549701712222164,0.2504254482222166
4095,4.772779968,4.687854632683699,0.08492533531630109
4096,3.748838981,3.5184017841360387,0.23043719686396136
4102,3.664800812,3.7254150826930954,0.06061427069309522
4104,3.718922612,4.024338009776756,0.3054153977767555
4107,4.622141912,3.7278813325528177,0.8942605794471823
4118,3.62796567,3.455852664878254,0.1721130051217461
4123,3.134063718,3.9268476381567052,0.7927839201567051
4128,3.058769663,3.4666183817585394,0.40784871875853934
4132,4.577559773,4.611909369452603,0.03434959645260349
4134,5.916378329,5.151116408443542,0.7652619205564575
4135,3.650262412,3.376015793793804,0.2742466182061962
4139,3.31350633,3.721510264148191,0.40800393414819114
4151,4.860916978,3.7688819033401604,1.0920350746598393
4152,3.386830242,3.6383398243544005,0.2515095823544007
4167,2.89318603,3.3999147432100414,0.5067287132100415
4172,3.285457287,3.280967517527704,0.004489769472295624
4174,3.886140086,3.7152349756438663,0.17090511035613387
4187,4.031437075,4.026357517850655,0.005079557149345604
4189,4.221019076,4.102768443521838,0.11825063247816203
4195,3.744453273,3.9729798666541485,0.2285265936541485
4206,3.9681647,4.049663408819251,0.08149870881925114
4213,2.449486113,3.377461309224294,0.9279751962242941
4214,3.667316172,3.2281508806241015,0.43916529137589855
4215,2.616091332,2.776070279246612,0.159978947246612
4217,4.383582005,3.6696544552614156,0.7139275497385844
4253,3.57426283,2.870032846455702,0.7042299835442978
4254,3.730935048,3.8343613135507058,0.10342626555070566
4258,4.486918774,4.562675958205503,0.0757571842055027
4261,3.684397762,3.9038199895830448,0.21942222758304464
4282,3.600659851,3.5840874912724145,0.01657235972758553
4286,4.347120318,3.9552851066927412,0.39183521130725874
4288,3.732854522,3.6726992029374923,0.060155319062507484
4294,3.208988955,3.5636816645206135,0.3546927095206134
4306,3.601041122,3.869428681727609,0.2683875597276093
4311,3.641465231,4.0037539453791675,0.3622887143791673
4327,3.881120826,3.905407650868875,0.024286824868875012
4333,3.292069758,3.6682340829479654,0.3761643249479656
4336,4.981639682,4.434087222510197,0.5475524594898031
4337,4.392277276,4.343546957678807,0.048730318321192456
4344,2.920535154,3.4181031115399056,0.4975679575399057
4345,5.791208799,4.515694216221414,1.2755145827785856
4354,6.312384142,5.08793041798503,1.2244537240149702
4356,2.87122443,4.592382635483163,1.721158205483163
4366,4.766921209,4.262297365577533,0.5046238434224675
4383,4.754935763,3.5461780366078908,1.208757726392109
4384,2.298847839,3.1064588232954535,0.8076109842954535
4385,2.518273695,3.023690286819059,0.505416591819059
4386,2.518273695,3.2338870188744644,0.7156133238744644
4390,6.913760886,4.329244780725936,2.584516105274064
4393,4.250289857,3.7779034196077306,0.4723864373922697
4410,5.309308449,4.204612024337279,1.1046964246627216
4417,3.715348067,3.575796569153965,0.13955149784603504
4451,2.600347671,2.949756766105067,0.349409095105067
4452,3.600347671,2.915949850515938,0.6843978204840622
4455,3.012387237,2.44736118023783,0.5650260567621701
4483,4.033010264,3.6675828048245065,0.36542745917549313
4498,3.732996528,3.4762608267591215,0.25673570124087863
4510,3.807325271,3.8720573106484637,0.06473203964846386
4512,2.745221411,2.963101322550659,0.2178799115506589
4518,3.002729644,3.6022907829802335,0.5995611389802336
4523,4.399463943,3.8181745483943477,0.5812893946056521
4526,4.015279837,4.073218213223691,0.05793837622369136
4551,3.685791483,3.6636415368049002,0.0221499461950998
4554,3.826500554,3.763391337756669,0.0631092162433311
4557,3.843825867,3.8012031058395634,0.04262276116043662
4560,3.562974132,3.7233819055309114,0.1604077735309115
4562,3.493976597,3.677825457562216,0.18384886056221594
4571,3.74654107,4.10333885377036,0.35679778377036
4612,2.42850573,2.8969306758932487,0.4684249458932488
4621,3.975253688,3.901304085157635,0.07394960284236518
4639,3.075508437,3.003336291457146,0.0721721455428539
4642,3.369745808,3.03980495479201,0.3299408532079897
4680,3.7484717,4.408975748225215,0.6605040482252149
4684,4.11457948,3.6747243512591585,0.4398551287408412
4685,4.067610133,3.431185031299116,0.6364251017008837
4688,4.183054621,3.8842150345038715,0.29883958649612863
4689,3.664045654,3.775672853480997,0.11162719948099697
4707,4.554625237,3.7598610515981097,0.7947641854018901
4714,3.073677627,3.544828584827715,0.4711509578277151
4718,4.373097301,3.870806891148332,0.5022904098516676
4721,4.121988201,3.7802875514832777,0.3417006495167221
4742,3.795327492,3.7247945504176014,0.07053294158239876
4750,5.432583317,3.8395274846806937,1.593055832319306
4753,3.282717756,3.714972557636647,0.4322548016366472
4756,3.440056854,3.4565325433804532,0.016475689380453407
4782,3.319505801,3.70926876977854,0.3897629687785398
4788,2.971242498,3.7716992039597197,0.8004567059597196
4789,3.785301864,3.703190724593183,0.08211113940681702
4790,3.817206378,3.7536895681320206,0.06351680986797925
4795,4.014022236,4.061313134892624,0.04729089889262461
4797,3.572285955,3.7759881843803482,0.20370222938034832
4805,3.648319436,3.677368400343592,0.029048964343592054
4809,3.368126694,3.8082018867869674,0.4400751927869675
4829,3.346228706,2.999217617904343,0.34701108809565717
4844,3.869212156,3.5740565166962344,0.29515563930376576
4847,4.752470486,4.1291118237251485,0.6233586622748515
4882,4.374683129,3.219089070364512,1.1555940586354883
4891,4.758272847,4.486384172642136,0.27188867435786346
4892,4.040569849,4.518918819827197,0.47834897082719685
4893,4.026403174,4.377720104224121,0.3513169302241206
4897,3.658780154,3.722457748386747,0.06367759438674714
4898,4.370533906,3.750894462819989,0.6196394431800112
4899,4.378512971,3.9356477830609364,0.4428651879390637
4900,4.277881088,3.822912438603439,0.454968649396561
4917,4.319381384,3.789725189601956,0.5296561943980436
4937,2.890284756,3.761208280099525,0.870923524099525
4952,4.229782919,4.0512652619228025,0.17851765707719736
4953,4.158238218,3.9621492552917377,0.19608896270826248
4960,4.017060642,3.835743821078806,0.1813168209211935
4966,3.110673868,3.280051099053872,0.16937723105387192
4970,3.497973131,3.565512048826826,0.06753891782682597
4978,3.5052566,3.4016380715399372,0.10361852846006281
4996,3.885933459,3.8807329159194115,0.005200543080588371
4997,3.985479803,3.8990477517218296,0.08643205127817044
4998,3.922125091,3.768585306576305,0.15353978442369476
4999,4.181961978,3.856795357170136,0.32516662082986425
5001,4.466520639,3.6133265670470913,0.8531940719529083
5007,3.924531788,3.825871145047086,0.09866064295291377
5008,3.90370582,3.887042112146058,0.016663707853942
5033,4.334182232,3.6876213954612203,0.6465608365387796
5036,2.805923544,2.8884798432953174,0.08255629929531727
5052,3.944427335,3.859063848926175,0.08536348607382482
5053,4.122785005,4.02406519362712,0.09871981137288
5054,4.234335684,4.226908723903782,0.007426960096218238
5055,4.251600137,4.260376473064601,0.008776336064601153
5057,3.212591565,3.345979186856003,0.13338762185600306
5058,4.06066919,3.7631708664953645,0.2974983235046351
5065,4.233058622,3.5809692609819352,0.6520893610180645
5067,3.063352127,3.4452385291995693,0.3818864021995694
5068,3.35076731,3.0666952669810024,0.2840720430189978
5069,3.398547596,3.5481210776092267,0.1495734816092269
5075,4.100033122,3.7468618170216788,0.3531713049783214
5091,3.865284646,3.3120836556595465,0.5532009903404536
5093,2.848195403,3.285902214897631,0.43770681189763083
5104,3.474707459,3.6522536448549983,0.17754618585499804
5106,3.669684062,3.656753679711919,0.012930382288081077
5109,3.627740366,3.9459611658623484,0.3182207998623485
5112,3.511518893,3.858893751692945,0.34737485869294504
5116,3.544172174,3.4040233236035857,0.14014885039641412
5120,6.300211233,4.570836475830695,1.729374757169305
5133,3.734140919,3.7874966094077642,0.05335569040776411
5159,4.067566768,4.304880511967543,0.237313743967543
5164,3.963474439,3.8731721249962985,0.09030231400370159
5175,5.543362568,3.057558090406166,2.485804477593834
5176,2.918642926,3.1397432015231566,0.2211002755231566
5200,3.533671986,3.3876596715618423,0.14601231443815754
5201,3.132684737,3.309065645577832,0.17638090857783206
5204,3.609081535,3.2512120434813667,0.35786949151863334
5207,3.837616797,4.668406173508706,0.8307893765087062
5208,4.537859247,4.430759749820932,0.10709949717906841
5214,3.505491399,3.539675427084168,0.034184028084168094
5260,3.62300179,3.4802551426709125,0.14274664732908748
5261,3.770065413,3.5891701515995575,0.18089526140044265
5266,2.827527685,3.393715451764655,0.5661877667646547
5267,4.454946437,4.383618926237783,0.07132751076221755
5272,3.760134932,3.2502995540040605,0.5098353779959397
5273,3.076431789,3.475154295084626,0.398722506084626
5274,4.277466395,3.2525263050363145,1.0249400899636858
5275,4.269339459,3.3209645149331672,0.948374944066833
5276,3.269599046,3.482590046670345,0.21299100067034482
5277,3.416633029,3.414728023289147,0.0019050057108533913
5287,2.989198488,3.1208845369236613,0.13168604892366131
5289,2.42212674,2.694267555280139,0.2721408152801392
5302,3.748131243,3.5927124534582187,0.15541878954178134
5309,4.281984791,3.3433968956982114,0.9385878953017888
5341,3.819156496,3.9030877701206452,0.08393127412064505
5345,3.965417795,3.486517432322746,0.4789003626772539
5362,3.960999839,3.481564614195525,0.47943522480447465
5375,3.189321841,3.378679382640263,0.18935754164026308
5378,3.23102476,3.647141511731283,0.41611675173128315
5379,3.166865736,3.2701919585960497,0.10332622259604962
5384,3.250464731,3.548218879690001,0.29775414869000105
5385,3.189321841,3.453083266601101,0.26376142560110116
5390,3.919450434,3.7746553876476203,0.1447950463523795
5396,3.186164962,3.4145298275887925,0.22836486558879265
5411,3.756464182,3.649572124247642,0.10689205775235822
5412,3.576937605,3.7064159693199863,0.12947836431998638
5429,3.10506336,3.5805488888104593,0.47548552881045936
5437,3.577235827,3.8517335771467365,0.2744977501467365
5438,3.767427608,3.916565327040356,0.14913771904035578
5439,3.763554608,3.851824848300734,0.0882702403007336
5440,3.840477262,3.8298496730832325,0.010627588916767294
5441,3.626097884,3.5930118942936207,0.033085989706379326
5442,3.895233367,3.9563170386603232,0.06108367166032336
5443,3.870514066,3.887068209216597,0.016554143216596984
5449,4.21181443,3.7047042898589266,0.5071101401410738
5455,4.042813878,3.088902073452931,0.9539118045470687
5458,3.211643196,4.633276334860924,1.4216331388609245
5460,3.204093924,4.643753427964603,1.4396595039646027
5461,3.172537549,4.580980438369808,1.4084428893698084
5462,3.196411099,4.67744292096793,1.4810318219679295
5463,3.334421357,3.5565845558032136,0.22216319880321356
5466,3.934794522,3.7107568519796845,0.22403767002031527
5474,3.317777282,3.2723495109575986,0.04542777104240159
5481,3.403636904,3.513389681159926,0.10975277715992604
5485,3.991809175,3.637971046265641,0.35383812873435927
5490,3.73736294,3.8594845580323467,0.12212161803234656
5491,3.611949369,3.9375719469405466,0.3256225779405466
5504,3.646716975,3.9930579935700052,0.3463410185700053
5523,3.441044504,3.6816393652945716,0.24059486129457142
5527,4.386205855,3.578523270793113,0.8076825842068871
5533,5.57129435,3.9300003469799907,1.641294003020009
5540,4.734583162,3.8262343429501935,0.9083488190498064
5541,3.395043879,4.103397812254274,0.7083539332542736
5546,4.614178419,4.657946853708326,0.043768434708326254
5557,3.568130454,4.100075362031088,0.5319449080310883
5577,3.619357973,3.6024391617795333,0.01691881122046679
5578,2.132407192,3.006673628060972,0.8742664360609718
5580,3.171060826,3.5149448562219443,0.34388403022194414
5604,5.812431564,4.018002690866684,1.7944288731333158
5622,4.185860104,3.914779192619055,0.2710809113809445
5623,3.996281038,3.8541801015504107,0.1421009364495891
5624,3.978368517,3.987303943329379,0.008935426329379048
5625,3.677681341,3.976018232052862,0.2983368910528621
5626,3.420866316,3.7364802773290386,0.3156139613290385
5628,3.194584443,3.6781851745437186,0.4836007315437185
5629,3.637425681,3.7529868010559424,0.11556112005594255
5631,3.247949738,2.88019918411039,0.36775055388960975
5637,3.494941716,3.7823750607031297,0.28743334470312965
5656,3.306302288,3.6384004388160265,0.33209815081602656
5658,4.056925364,3.790524193156608,0.26640117084339154
5660,3.593298728,3.903867741458914,0.31056901345891363
5661,3.928569041,3.957470031729185,0.02890099072918506
5662,3.751646461,3.570655461505574,0.18099099949442587
5663,3.583533778,3.7192444929726753,0.13571071497267528
5667,3.354768987,4.033701970946912,0.678932983946912
5668,2.633882353,2.9813250180110837,0.34744266501108356
5674,3.814866623,3.605216241467734,0.20965038153226612
5676,3.477780239,3.860092822243637,0.38231258324363715
5682,3.357739061,3.480446910733782,0.12270784973378168
5703,3.348260717,3.3618149832311763,0.013554266231176282
5705,3.987991672,4.017956635154603,0.029964963154603286
5716,3.921488787,3.7879727376174688,0.13351604938253114
5718,3.335745062,3.656474097848795,0.3207290358487951
5719,3.402017077,3.7237327452173106,0.32171566821731057
5720,3.699551569,3.9398915042885743,0.24033993528857422
5729,3.85963915,3.6470269210005832,0.21261222899941679
5730,3.902127269,3.8575452301950524,0.04458203880494782
5731,3.847190015,3.5887333188578863,0.25845669614211353
5732,4.220999598,3.928078855023542,0.29292074297645776
5747,3.463002594,3.1784928247207684,0.2845097692792318
5762,2.754018475,3.1384997411307722,0.38448126613077216
5793,3.148133561,3.7451579546218,0.5970243936218003
5807,4.161977085,4.0276296720783735,0.13434741292162666
5808,3.683411691,3.776787587586821,0.09337589658682122
5810,3.611240963,3.6529303429082023,0.041689379908202095
5813,4.33333521,5.150837922940407,0.8175027129404064
5818,3.686316655,3.791979518525607,0.10566286352560672
5826,3.639857712,3.978617053288298,0.3387593412882981
5830,2.72056239,2.441819774752351,0.2787426152476491
5831,2.972973821,2.4684012246949063,0.5045725963050938
5832,2.975096798,3.527601168617717,0.5525043706177168
5845,3.610037984,3.5072963733636393,0.10274161063636056
5861,4.491158041,4.437162674142357,0.05399536685764339
5865,4.464119778,4.537435893858663,0.07331611585866327
5869,3.979008655,3.916971030609454,0.06203762439054605
5890,3.394997296,3.878359718200349,0.483362422200349
5903,3.834760619,3.3452161431725678,0.4895444758274321
5904,3.801269216,2.915089324179042,0.8861798918209582
5905,3.652037365,3.751573727461655,0.09953636246165498
5910,4.109014951,4.253899238347298,0.1448842873472982
5931,3.922820574,3.9215328374086145,0.001287736591385702
5951,3.879930534,3.8324961521868786,0.04743438181312154
5952,4.157532317,3.6856308728292797,0.47190144417072055
5960,4.451956232,3.586591513349309,0.8653647186506905
5993,3.611245215,3.6405296687448105,0.0292844537448107
6006,2.58935525,3.3396834492891956,0.7503281992891955
6012,4.923144344,3.966421594788396,0.9567227492116039
6016,3.463002594,2.965981846478827,0.4970207475211734
6017,2.724900913,3.090179477119055,0.365278564119055
6021,3.466007073,3.9953629460291364,0.5293558730291363
6022,4.536506293,4.107428890545318,0.4290774024546824
6026,5.127264326,3.8368250734522356,1.2904392525477641
6027,3.973799566,3.9565681002814626,0.017231465718537287
6031,3.534696079,3.8909735194034156,0.35627744040341547
6032,3.96682433,4.130830835093672,0.16400650509367187
6035,3.783234897,3.7481061211478317,0.035128775852168115
6039,3.400113927,3.722537922393406,0.32242399539340605
6040,3.699564794,3.7945976785368205,0.09503288453682046
6051,3.776995214,3.9233850923672304,0.1463898783672306
6054,3.065534071,3.201723298971075,0.1361892279710748
6055,3.80084018,3.7867504216711194,0.014089758328880375
6072,3.165877149,3.845517641547265,0.6796404925472652
6076,2.630689977,3.205671063698701,0.5749810866987013
6078,3.673598463,3.496676441624394,0.17692202137560598
6099,2.408833322,2.6394642162499093,0.23063089424990935
6104,2.537133754,2.850142733189884,0.3130089791898838
6105,3.283983801,3.389247077858311,0.10526327685831083
6106,3.283983801,3.3567015416711663,0.0727177406711661
6109,3.599221666,3.625969127619668,0.026747461619668123
6111,3.917979048,4.314340835077141,0.3963617870771414
6113,3.736443427,4.171319914431136,0.4348764874311355
6118,4.664686289,4.02228252218558,0.6424037668144198
6119,4.254511824,4.161401082540833,0.09311074145916631
6128,3.108476458,3.299835248913161,0.19135879091316088
6129,2.976130131,3.1894917395159172,0.21336160851591712
6141,2.875527879,3.485350862312152,0.609822983312152
6145,3.511162502,3.5523615801467945,0.04119907814679458
6153,3.745589782,3.8156733801047844,0.07008359810478426
6180,3.667952338,3.524501402383574,0.1434509356164262
6214,4.033697114,3.7634721325159015,0.27022498148409824
6235,4.768892352,3.734678417685204,1.034213934314796
6236,4.022732575,3.513146289169961,0.5095862858300388
6237,4.530776879,3.821781658235798,0.7089952207642023
6238,4.420868513,3.6985677250246822,0.722300787975318
6245,3.429032052,3.353543072262053,0.07548897973794721
6247,3.586748006,3.2517857716670173,0.3349622343329828
6262,3.917695833,3.6222367822456247,0.29545905075437506
6265,3.453859999,3.4892552849337126,0.03539528593371255
6275,3.404254271,3.614689398883586,0.21043512788358587
6284,3.824544684,3.757413237119082,0.06713144688091832
6301,4.060859513,3.900164316480014,0.16069519651998565
6305,3.131654302,3.7049087829352767,0.5732544809352769
6310,2.73343552,3.285447753767991,0.5520122337679911
6312,3.772664489,3.6364805354123813,0.1361839535876186
6313,3.861208152,3.712219475592264,0.14898867640773616
6315,2.472125387,2.818634335461975,0.3465089484619748
6319,2.397203675,2.7508300488694397,0.3536263738694396
6321,3.706993471,3.523306157263618,0.18368731373638214
6326,3.682119278,3.6821189333137037,3.446862963940589e-07
6334,3.569707079,3.4961668807285773,0.07354019827142277
6336,3.879315009,3.837059343443496,0.04225566555650406
6337,4.26007981,3.9170448247918617,0.343034985208138
6339,3.395031589,3.535962400401782,0.1409308114017822
6340,3.671098756,3.603519812851353,0.06757894314864732
6342,3.926105681,3.6193820542275414,0.3067236267724587
6344,3.857060276,4.0211118459438095,0.16405156994380965
6347,4.070608081,3.202428203917779,0.8681798770822207
6351,3.858837851,3.547018967208833,0.31181888379116707
6352,3.817167102,3.684270617999159,0.13289648400084086
6356,3.847190015,3.6869276132919517,0.16026240170804806
6367,3.326935674,3.371088479855705,0.0441528058557048
6369,4.517426844,3.5455846407352913,0.9718422032647087
6372,3.627195793,5.295924231740769,1.6687284387407693
6373,3.77357729,5.114213763904792,1.3406364739047922
6374,3.754910604,3.8897891116896393,0.13487850768963927
6380,5.538993807,3.7630856796600547,1.775908127339945
6381,5.512374838,4.116702828586071,1.3956720094139294
6404,4.247422074,4.018389945006855,0.22903212899314518
6416,3.679272608,3.8830396542453967,0.20376704624539643
6419,4.278939126,3.944752961125786,0.33418616487421415
6435,3.212552681,3.705362594157746,0.49280991315774614
6436,2.759083357,2.710102667092195,0.04898068990780535
6439,4.36415775,3.3119887673062514,1.052168982693749
6444,2.466615567,2.8524374688327003,0.3858219018327005
6481,3.49016817,4.281378349467858,0.7912101794678583
6485,3.728028954,3.921175160151794,0.1931462061517939
6491,3.362514518,3.6795122669611464,0.31699774896114663
6495,3.990507651,3.7321757995084353,0.2583318514915649
6497,2.569541364,3.045628360472264,0.4760869964722638
6499,2.57616852,3.016619523753083,0.4404510037530831
6501,3.667101639,3.7120979066031095,0.04499626760310926
6502,3.542162903,3.903787146649274,0.36162424364927404
6509,4.031016831,4.065015842488201,0.03399901148820117
6512,3.019333268,3.0058823826681236,0.013450885331876439
6513,4.752532436,3.8212561656502304,0.9312762703497697
6514,4.171495353,3.839400218816299,0.3320951341837013
6515,4.170358121,3.8478630196322543,0.3224951013677453
6516,3.070341664,3.3178799522576234,0.24753828825762358
6527,2.71839557,2.96568830463017,0.24729273463016987
6532,4.066673222,3.93550392997557,0.13116929202443028
6545,4.590148728,4.252630850145671,0.33751787785432885
6552,3.922264999,3.515426930166385,0.40683806883361484
6555,2.819593284,3.433392998914037,0.6137997149140366
6571,3.166477478,3.788457559951749,0.6219800819517491
6577,3.980132784,3.2749091554524896,0.7052236285475102
6590,4.230940163,4.064405107793525,0.1665350552064746
6592,2.74352283,3.0760875182934617,0.33256468829346186
6596,4.042063349,3.28238318268574,0.75968016631426
6606,2.623746874,2.8539431598996097,0.2301962858996096
6608,2.580417432,2.8832117442713603,0.30279431227136033
6616,4.528559441,4.532285844708866,0.003726403708866677
6617,4.571767044,4.1300878206057945,0.44167922339420507
6619,3.459771599,3.4805978423140775,0.020826243314077342
6622,3.000697954,3.2138940580862783,0.2131961040862782
6640,3.439229504,3.6096355730208614,0.1704060690208613
6662,3.14489406,3.103075977200586,0.041818082799414125
6673,3.569377606,3.917356537059981,0.347978931059981
6684,3.461959203,3.540487505063069,0.07852830206306871
6685,3.497973131,3.6693379014471073,0.17136477044710707
6691,3.438939282,3.2361410684972456,0.20279821350275462
6704,3.314701276,3.5191827186592555,0.20448144265925539
6706,3.649084045,3.608726667314618,0.040357377685381834
6710,3.598284264,3.25013240154881,0.3481518624511901
6711,3.660630725,3.4419062773347213,0.21872444766527854
6727,3.891666361,3.759487783369077,0.13217857763092278
6728,3.600975617,3.4143799053123614,0.18659571168763867
6730,3.092478595,3.160335894296329,0.06785729929632867
6731,2.91206586,3.126021813472126,0.21395595347212604
6732,3.189201897,3.2764376324632436,0.08723573546324381
6733,3.390624525,3.6622532046598164,0.27162867965981663
6735,4.030735038,3.901242288186132,0.12949274981386827
6738,3.314198086,3.446121287652403,0.1319232016524028
6742,3.648536275,4.068785604846415,0.4202493298464147
6743,3.839097739,3.958498591539402,0.11940085253940191
6750,3.851825823,4.05169591545249,0.19987009245249032
6751,3.990816208,4.1554623792302845,0.16464617123028447
6752,3.691725724,3.8006662831726366,0.10894055917263668
6753,4.578458694,4.20214093519881,0.3763177588011901
6754,3.853873557,3.9704967820854864,0.11662322508548639
6755,4.043951418,4.048826977080871,0.004875559080871561
6756,4.059373112,4.096464201543439,0.03709108954343865
6757,3.989335245,4.048629462442912,0.05929421744291252
6758,4.263493095,4.125891293981793,0.1376018010182074
6759,4.211854429,3.994899016060053,0.2169554129399467
6760,3.804659372,4.041241798084343,0.23658242608434277
6762,4.189321841,3.870802815826556,0.318519025173444
6764,3.978812293,4.0245206629198575,0.045708369919857716
6767,4.168890155,4.184010402663426,0.015120247663426234
6768,4.101943365,4.067877453890111,0.03406591110988977
6769,3.918602725,4.022777910937909,0.10417518593790875
6770,4.289602126,4.060694529037974,0.228907596962026
6771,3.757525083,3.999074188377289,0.24154910537728913
6777,3.808989258,3.89046796027114,0.08147870227114007
6780,3.429315684,3.2973524155429126,0.1319632684570875
6788,3.598776832,3.875461779285273,0.2766849472852728
6802,3.223759778,3.2686954378914175,0.04493565989141768
6806,4.227196167,4.117154794637238,0.11004137236276179
6828,2.625900717,3.3136134639101646,0.6877127469101647
6834,3.097968896,3.5664299620878293,0.46846106608782945
6850,3.565593619,5.407387520810402,1.841793901810402
6855,2.985541545,3.8229943329544214,0.8374527879544216
6868,2.89763787,2.8914185461113506,0.006219323888649431
6871,3.108672745,3.374562730077455,0.2658899850774552
6879,3.060512754,3.886708300656726,0.8261955466567259
6886,3.639879411,3.438978683703998,0.20090072729600195
6897,1.828084967,2.586564644873925,0.7584796778739251
6909,3.233788349,3.627844354528325,0.39405600552832487
6910,3.461252886,3.883786315392222,0.4225334293922218
6953,3.142020096,3.460940243034232,0.3189201470342322
6959,3.156702253,3.680170110947193,0.523467857947193
6963,4.163338669,4.103112341713615,0.06022632728638477
7002,2.391419152,2.4707366971621805,0.07931754516218037
7007,3.051099975,2.4595222343313545,0.5915777406686455
7008,2.908212765,2.6879454103788247,0.2202673546211753
7009,2.376953554,2.4956877009344645,0.11873414693446449
7010,2.477598989,2.439162067473081,0.03843692152691913
7027,3.096325525,3.2522346587963713,0.15590913379637117
7036,2.613858289,2.925650043227782,0.31179175422778194
7041,1.73194534,2.879924259304178,1.147978919304178
7055,1.3696796,2.3121236167713377,0.9424440167713377
7062,3.347410252,3.672569335939316,0.32515908393931614
7082,3.978317497,3.829333969042531,0.14898352795746872
7098,2.5467978,3.1608042381116372,0.6140064381116375
7114,2.68115075,3.0209659343682294,0.33981518436822933
7141,3.186103664,3.480606396827935,0.2945027328279348
7171,3.397731497,3.5943982599050983,0.1966667629050982
7174,3.217647284,3.397625372513855,0.1799780885138551
7175,3.596538246,3.671278099673179,0.07473985367317892
7177,3.476244543,3.5962453040216023,0.12000076102160229
7178,3.496129478,3.663438693452159,0.16730921545215915
7199,3.81017425,3.862653142597704,0.052478892597704
7200,3.880037616,3.755466426198027,0.12457118980197324
7201,3.515143668,3.7190641091226166,0.20392044112261676
7230,4.151951789,3.3506537663332634,0.8012980226667366
7231,3.758288142,3.859500675915336,0.1012125339153358
7234,2.817151112,2.541729922328346,0.2754211896716541
7253,3.158261949,3.1640114299390496,0.0057494809390497
7254,3.418881069,2.8917601994088784,0.5271208695911218
7255,3.671621207,3.570507821404274,0.1011133855957258
7256,4.183311464,3.6556388358645915,0.5276726281354085
7272,3.161620851,3.5656013578116212,0.40398050681162134
7285,4.184253479,4.110129170552719,0.07412430844728046
7328,3.137684171,3.1374750575336128,0.00020911346638730066
7330,2.63362459,2.6297198796328516,0.0039047103671485672
7340,2.590327785,3.2543408949332067,0.6640131099332067
7360,2.990532585,3.6513492957538536,0.6608167107538536
7369,4.424651744,4.417806772743643,0.006844971256357191
7385,2.395941385,2.368872465531112,0.02706891946888801
7386,2.060566862,2.105990024435862,0.045423162435862086
7387,2.248638232,2.525911430331023,0.27727319833102326
7399,3.82423124,3.7499383016445655,0.07429293835543449
7433,3.617780112,3.7329475512364567,0.11516743923645656
7450,4.149703445,3.84375132991657,0.3059521150834299
7480,4.909133237,4.174871906223727,0.7342613307762731
7481,3.837412614,3.6823947666318624,0.15501784736813784
7488,4.054938462,3.760594269797274,0.2943441922027259
7491,4.531127507,3.6963826142973772,0.8347448927026226
7492,4.178921634,3.5435150106040334,0.6354066233959665
7494,4.079751888,3.883922895780571,0.1958289922194285
7506,4.098450471,3.7814816974489576,0.316968773551042
7508,3.872507286,3.826271816092834,0.04623546990716587
7511,3.857621068,3.76889447164174,0.08872659635825997
7512,3.708399652,3.677567268731473,0.03083238326852733
7514,3.718925574,3.680095426200043,0.03883014779995708
7515,3.788690968,3.585754460420377,0.202936507579623
7523,2.910613201,4.40762426357826,1.49701106257826
7527,3.310593791,3.6042825975070905,0.2936888065070904
7529,3.168427957,3.593525180553823,0.42509722355382307
7535,3.885279531,3.391477883371028,0.49380164762897216
7539,3.103229602,3.3099885794827744,0.2067589774827745
7540,3.658019819,3.9682008292515922,0.31018101025159206
7556,2.718520372,3.203364509813067,0.484844137813067
7557,3.768056398,3.5282864892275567,0.23976990877244342
7565,4.637157377,3.9964272704458517,0.6407301065541486
7566,4.403283566,4.007306621941438,0.3959769440585621
7567,3.402060098,3.431135717704193,0.02907561970419259
7572,3.503929547,3.630748137664395,0.12681859066439527
7573,3.477273954,3.598048074383674,0.12077412038367363
7575,3.427151658,3.5211580664031255,0.09400640840312535
7576,3.446234174,3.660361440943254,0.21412726694325368
7578,3.377226089,3.4016525553005517,0.024426466300551564
7579,3.403750049,3.438884444372445,0.03513439537244478
7580,3.449356502,3.6657455100739327,0.21638900807393258
7581,3.467507474,3.7184903878205593,0.25098291382055926
7583,3.479775353,3.6626658423858034,0.18289048938580343
7587,3.390343287,3.3900609344733486,0.0002823525266513194
7588,3.613413656,4.0849167677083,0.47150311170830017
7592,4.140205264,3.728672354190739,0.4115329098092615
7593,4.119356452,3.8248490533177057,0.29450739868229414
7594,4.065132867,3.87018253929997,0.19495032770003018
7595,3.046178552,3.316752362352738,0.270573810352738
7620,3.116452769,3.3536234286229814,0.23717065962298145
7657,3.923038509,3.720838823162009,0.20219968583799108
7659,5.480808882,4.384952439429646,1.095856442570354
7660,3.170874577,3.2469532457009773,0.07607866870097713
7666,2.735486179,3.3386351991061227,0.6031490201061227
7667,2.946630728,3.270953383135303,0.3243226551353029
7668,3.242006927,3.6204088063950155,0.3784018793950157
7669,3.190854405,3.6081844296233414,0.41733002462334134
7673,3.524319513,3.629116516880007,0.10479700388000701
7674,3.593814211,3.549685068010074,0.044129142989925985
7675,3.367935215,3.7665439492172244,0.3986087342172242
7691,3.926090361,3.8319219726914784,0.09416838830852159
7696,2.234768349,3.4520504259643108,1.217282076964311
7703,1.582844495,3.105952485114536,1.523107990114536
7737,5.072543986,4.6088236582456945,0.4637203277543058
7745,3.509707699,3.3113251012553615,0.1983825977446383
7746,4.093191051,3.880149737137755,0.21304131386224467
7748,4.315891662,3.486017221528696,0.8298744404713041
7761,3.488041794,3.409639221581946,0.07840257241805393
7772,3.725756111,3.673328119545157,0.05242799145484289
7774,3.067517202,3.4566230636319157,0.38910586163191585
7816,3.425040794,4.669266989476409,1.2442261954764087
7818,4.170020374,3.2554913043955094,0.9145290696044905
7819,3.657352979,3.590617199589853,0.06673577941014708
7820,3.55711174,3.6721424132300475,0.11503067323004768
7846,3.126385862,3.3613106872451883,0.23492482524518854
7851,3.577378746,3.5709208821138247,0.006457863886175197
7854,2.2244722,2.7896099224370126,0.5651377224370124
7859,3.606611658,3.5573933026754756,0.04921835532452423
7862,2.639386677,2.742637544955165,0.10325086795516514
7880,3.195393537,3.1792735556956817,0.016119981304318465
7882,4.337181053,3.7444323687811485,0.5927486842188516
7883,4.814732861,4.400556986266545,0.41417587473345563
7884,6.083312875,4.507239479956987,1.5760733950430126
7893,3.341094945,4.655177123579167,1.3140821785791665
7944,4.470654664,3.2843936598879875,1.186261004112012
7962,3.350273868,3.6612551366909982,0.3109812686909983
7971,3.614126654,3.7819927038905865,0.1678660498905864
7978,4.000645172,3.891250015881452,0.10939515611854755
7989,4.166557763,4.24956427074889,0.08300650774889018
7990,4.213296664,4.0969240391817285,0.11637262481827104
7991,4.55596369,4.067291901326173,0.48867178867382677
7992,4.260596996,4.148873983668828,0.1117230123311721
7994,4.171398363,4.186970221968981,0.015571858968980834
7995,4.66290181,4.363072517070016,0.29982929292998417
7999,4.66723071,4.21403488805818,0.4531958219418204
8000,4.741864329,4.184894234851637,0.5569700941483635
8001,4.483586313,4.213541358849951,0.27004495415004914
8002,4.456292949,4.0437018921422885,0.41259105685771136
8003,3.854232957,3.9847616729922812,0.13052871599228144
8004,3.706170422,3.99068165158202,0.2845112295820198
8005,4.783475741,4.370803615683564,0.41267212531643604
8006,4.755447017,4.296892700011992,0.45855431698800775
8007,4.858794385,4.266134414172071,0.5926599708279294
8008,4.796646478,4.325125092852427,0.47152138514757347
8009,4.630315057,4.292361875577557,0.337953181422443
8022,3.412147945,3.3064487004565337,0.10569924454346635
8025,5.197353871,4.369156292246631,0.8281975787533691
8049,4.685781669,4.415226966155074,0.270554702844926
8062,3.122124093,3.890825185179633,0.7687010921796329
8094,4.453946135,3.7696172016215406,0.6843289333784592
8099,3.309545532,3.3649571558169225,0.05541162381692244
8100,3.664091036,3.645971016673587,0.01812001932641305
8176,5.792280955,4.694852491046266,1.097428463953734
8177,3.687055213,3.8168062776868386,0.12975106468683872
8180,3.69883523,3.54158463918926,0.15725059081073978
8181,3.410217987,3.803036921232839,0.3928189342328392
8189,3.28165594,3.4522553618292813,0.17059942182928145
8257,3.986666186,3.6722222619187526,0.31444392408124733
8276,3.003022283,3.006888951217547,0.003866668217546998
8281,3.866835401,3.5975773508797912,0.26925805012020865
8289,5.065812007,4.5963545173027125,0.4694574896972874
8293,2.797997986,3.2325293908616635,0.43453140486166353
8307,3.43734884,3.304116053964834,0.13323278603516586
8323,3.057171442,3.426044431712504,0.36887298971250404
8324,3.116445388,3.440337958314084,0.32389257031408425
8349,3.169363955,3.208938251853042,0.0395742968530417
8354,3.627073107,3.535638243991658,0.09143486300834214
8369,3.789889728,4.006938982553873,0.21704925455387292
8373,3.570818164,3.690338885126346,0.11952072112634626
8376,2.719282444,3.490764109880273,0.7714816658802728
8378,4.592455641,4.180196535626449,0.4122591053735505
8379,3.497973131,3.4611859131389284,0.03678721786107175
8390,3.493019651,3.893782082532677,0.400762431532677
8397,4.004109811,4.033280489232984,0.029170678232984137
8411,3.081385318,3.6491334724152042,0.5677481544152041
8413,2.976033429,3.4736272969075923,0.4975938679075922
8414,3.295276655,3.595823285772325,0.30054663077232524
8415,3.717723605,3.820398238134122,0.10267463313412195
8421,3.428606684,3.667002749266922,0.23839606526692192
8427,5.523228108,3.652621403411238,1.8706067045887615
8502,3.167733703,3.298375165795643,0.13064146279564293
8505,3.748734572,3.7134097029573594,0.03532486904264065
8506,3.480860419,3.6679731751917077,0.18711275619170786
8507,3.685357962,3.840385029387079,0.15502706738707905
8531,3.517005492,3.962975724022513,0.4459702320225132
8583,4.216888924,3.871672729800981,0.34521619419901883
8584,3.695841771,3.8217209823326455,0.12587921133264546
8585,4.35361268,3.9949201526282834,0.358692527371717
8596,3.511785514,3.788574908517367,0.2767893945173667
8598,3.428478521,3.735814338176197,0.3073358171761966
8625,3.100778378,3.3888584133018003,0.2880800353018005
8630,2.642009703,2.9160844462436506,0.2740747432436508
8631,2.64671194,3.059781604445394,0.41306966444539395
8652,4.313812116,4.154951494177476,0.15886062182252392
8670,4.307508006,4.07268704964597,0.23482095635402978
8686,3.840140959,3.9032332729059713,0.06309231390597114
8692,5.052199999,3.6285436279078973,1.4236563710921026
8695,3.491120664,4.0087967039108605,0.5176760399108606
8703,2.55234281,3.7534761417771447,1.2011333317771449
8707,3.550430884,3.2630048109545537,0.2874260730454461
8711,3.586739972,3.3793932523384638,0.2073467196615364
8726,3.451960788,3.7253962470845927,0.27343545908459266
8730,3.57924611,3.071305748235882,0.5079403617641183
8731,4.118020718,4.018450377372846,0.09957034062715397
8747,3.69961614,3.6724201274947514,0.02719601250524839
8785,6.725142848,3.5341836504717463,3.1909591975282536
8801,3.741886624,3.6489676787519074,0.09291894524809274
8806,6.219502217,3.761986328547352,2.457515888452648
8807,6.253431758,3.789261597194526,2.4641701608054736
8808,6.208713879,3.8025207918322623,2.406193087167738
8849,3.755121171,3.8023553009929305,0.04723412999293064
8902,3.59459773,3.633457112768327,0.03885938276832723
8903,2.689959665,3.535592616400018,0.845632951400018
8914,4.144932996,3.8433261798000693,0.30160681619993035
8915,4.224227369,3.8873934171333513,0.336833951866649
8917,3.809059242,3.6918394520317652,0.11721978996823479
8921,4.620795848,3.763051186821804,0.857744661178196
8926,4.079695374,3.36415211508027,0.7155432589197299
8942,3.900607055,2.6591870654154945,1.2414199895845055
8955,2.348326285,3.1498771155497023,0.8015508305497021
8960,1.546363727,3.6323475275380046,2.0859838005380045
8977,1.468824174,2.5585205740982255,1.0896964000982254
8978,1.649571278,2.930890089193184,1.2813188111931841
8979,3.178631675,3.3058441885557097,0.12721251355570962
9010,3.679205566,3.611830061721054,0.0673755042789459
9015,4.139826632,3.7448264952149306,0.3950001367850695
9036,4.463854184,4.247536162980581,0.21631802101941844
9042,3.035409724,3.1065558159377398,0.0711460919377398
9043,4.153220963,3.8534889986424385,0.29973196435756133
9045,4.278438755,4.270038129205002,0.008400625794998007
9046,4.501460662,4.191623190933252,0.3098374710667482
9054,4.368065825,4.233229082691798,0.13483674230820242
9055,3.382191873,3.7726831747023692,0.39049130170236923
9071,3.508396676,3.5838414639257405,0.07544478792574072
9072,3.276581276,3.4503930428723826,0.17381176687238264
9073,3.609297172,3.6546902798565415,0.04539310785654127
9083,3.825546661,3.714453778727516,0.11109288227248415
9108,3.615216846,3.8077757082108707,0.1925588622108707
9109,3.58986586,3.72572305326851,0.13585719326850976
9130,2.507051562,3.1165531858559237,0.6095016238559237
9131,3.859905369,3.93743272601073,0.07752735701073021
9199,3.497973131,3.696442838996914,0.19846970799691377
9211,1.983258333,3.369770858177123,1.386512525177123
9244,3.10499268,3.284785484048836,0.1797928040488359
9289,4.228330011,4.0247408665988695,0.20358914440113018
9290,3.34324065,3.8792697694310205,0.5360291194310207
9294,3.3498148,3.647506969468797,0.2976921694687973
9307,2.603356761,2.5303183458272374,0.07303841517276277
9318,3.277844441,3.503490370658575,0.2256459296585751
9329,3.977441908,3.852795180206341,0.12464672779365893
9341,4.209907682,4.081287335647888,0.12862034635211206
9342,3.93958026,3.9593808858430437,0.01980062584304365
9352,3.89460525,3.247668794596512,0.646936455403488
9356,3.767267937,3.79535272259795,0.028084785597950024
9359,4.264940246,4.030812338876153,0.23412790712384712
9363,4.045370253,3.996623307385503,0.048746945614496884
9365,5.095480397,4.249990232285826,0.8454901647141746
9370,3.429056029,3.7624533868047223,0.33339735780472246
9375,4.65623839,4.1419604612047305,0.5142779287952699
9376,2.619973294,4.026733722336349,1.4067604283363493
9378,3.765832117,4.074694437748011,0.30886232074801123
9381,4.040817358,3.9715829908268145,0.06923436717318543
9382,3.943630204,4.247677320454454,0.30404711645445337
9383,4.105035182,4.075436081351381,0.02959910064861937
9384,3.978916137,3.9955166576235177,0.01660052062351758
9386,4.083711168,4.080790895757611,0.0029202722423891103
9387,4.100253869,4.0311022455603025,0.06915162343969783
9388,3.733018837,4.0365158209796475,0.3034969839796475
9390,3.721085336,3.935472621473076,0.21438728547307617
9391,4.103612841,4.1846941466763905,0.08108130567639016
9392,4.198777774,4.049805890779287,0.14897188322071298
9393,3.862748309,4.119117198583958,0.2563688895839582
9394,3.989316305,4.08398069579221,0.09466439079221001
9395,4.087642796,4.064060417960636,0.023582378039363583
9396,3.793403419,3.9725334832228416,0.1791300642228415
9397,4.215221331,4.094194524440192,0.1210268065598088
9399,3.795094682,4.006001417297112,0.21090673529711168
9402,3.780216469,3.909603019216135,0.1293865502161351
9403,4.071799189,4.085753344290281,0.0139541552902811
9407,4.403496996,3.8792669802684565,0.5242300157315438
9410,3.754573562,3.2439439959261773,0.5106295660738227
9417,4.17372807,3.90754461922462,0.26618345077537997
9445,3.982040599,3.9413048347025788,0.040735764297421095
9446,3.735909414,3.944472142579523,0.20856272857952307
9448,4.231016133,3.861656006811685,0.3693601261883148
9449,4.232110719,3.9864063829894034,0.24570433601059616
9451,4.064853001,3.9826730644876287,0.08217993651237165
9454,4.26833165,4.122437598141639,0.14589405185836135
9455,4.055355632,4.121616835289192,0.0662612032891916
9456,3.787291128,3.966607718398472,0.17931659039847192
9458,4.452570739,4.150844282437284,0.301726456562716
9459,4.77151154,4.072848133546403,0.6986634064535968
9460,3.875717542,3.9854712984765466,0.10975375647654673
9461,4.004359457,3.968016533547613,0.03634292345238643
9462,4.196415304,3.961076398721648,0.23533890527835233
9476,3.726452295,3.7086605611028105,0.017791733897189577
9477,3.63807602,3.7349189543232284,0.09684293432322821
9482,3.606175735,3.8011413698623366,0.19496563486233676
9483,3.697997712,3.739605406029259,0.041607694029259346
9484,3.525406857,3.92901742823267,0.4036105712326701
9485,3.699359454,3.89142311341972,0.1920636594197198
9487,3.70925905,3.7678600426746267,0.058600992674626706
9488,3.749773376,3.8519136709934685,0.10214029499346866
9489,3.790288623,3.804232746165635,0.01394412316563498
9503,3.146593102,4.104334427278405,0.957741325278405
9506,4.289300423,4.472743743838531,0.18344332083853043
9507,5.219889635,5.062290050474946,0.1575995845250544
9508,4.856749427,4.7678566624498435,0.08889276455015604
9511,4.398607641,4.545819388663407,0.14721174766340717
9520,4.111848349,3.89296919138548,0.21887915761451993
9522,3.926105681,3.8651147910146317,0.06099088998536839
9541,3.848303131,3.7817354416672453,0.06656768933275492
9553,2.619285844,3.276916002682623,0.6576301586826228
9554,4.616434901,3.882920638839105,0.7335142621608948
9555,4.620422366,4.222875148276651,0.397547217723349
9558,3.971156058,3.917275960386694,0.053880097613306255
9561,4.07105975,3.966341294876558,0.10471845512344169
9562,3.968714433,3.838694395173598,0.13002003782640204
9563,3.873825386,3.7293501297589917,0.14447525624100832
9565,3.926153731,3.9020005126514747,0.02415321834852513
9567,4.572691577,4.738067452382431,0.16537587538243148
9597,3.722328878,3.795655826751321,0.07332694875132129
9599,3.579237879,3.745205316884038,0.16596743788403812
9600,3.58172216,3.7011029583883994,0.11938079838839943
9601,3.708342842,3.803816528422797,0.09547368642279697
9602,3.898222235,3.643966364153199,0.254255870846801
9605,3.662006493,3.616011269725014,0.04599522327498562
9607,3.78748409,3.705720007032383,0.08176408296761695
9630,3.875560415,3.556886209533152,0.31867420546684766
9639,3.646083705,4.226933405422443,0.5808497004224429
9643,4.589498326,4.308200299333914,0.28129802666608583
9647,3.851125069,4.3018163843219375,0.4506913153219374
9669,4.901057627,3.9497782567134156,0.9512793702865845
9672,3.641330535,3.7123068326425317,0.07097629764253188
9723,3.727106921,3.7510600731499575,0.023953152149957635
9730,4.32960972,4.2190134064650415,0.11059631353495813
9735,4.828441152,4.609340510712488,0.21910064128751205
9740,4.486363877,4.479935563520928,0.00642831347907169
9750,3.495382074,3.7797748592391778,0.28439278523917766
9753,6.804812899,4.729489004235752,2.0753238947642476
9768,4.751099394,4.092745874313266,0.6583535196867336
9769,4.673450521,4.674351550857054,0.0009010298570535369
9797,2.908923505,3.278737455388518,0.36981395038851783
9816,3.600347671,3.0599066962540906,0.5404409747459096
9819,4.052302683,3.7800864061986257,0.27221627680137406
9822,1.808361228,3.383763894799403,1.575402666799403
9827,3.065624446,3.800452305843289,0.7348278598432887
9834,3.530053825,3.626542360724139,0.09648853572413918
9840,3.854917066,4.009188311555069,0.15427124555506877
9859,3.578805715,3.60212678815838,0.023321073158379946
9918,3.437266297,3.579932399192084,0.1426661021920843
9935,4.070034902,4.684251551201351,0.6142166492013512
9945,2.957563828,3.1692607713578687,0.2116969433578686
9951,4.005505866,4.594054329387051,0.5885484633870508
9967,5.257544872,5.437736957816495,0.18019208581649426
9969,2.655484881,5.574211677313398,2.9187267963133983
9970,5.310969304,4.721832667590611,0.5891366364093891
9971,5.549540394,5.638852610356832,0.08931221635683162
9980,3.919715984,4.376341752347264,0.4566257683472634
9985,3.431145292,3.324357111101266,0.1067881808987341
10009,4.019307421,3.8429287303490742,0.17637869065092548
10034,3.633288174,4.254613102659361,0.621324928659361
10042,3.732616951,3.8033356665245766,0.07071871552457676
10049,3.097115036,3.293227549732654,0.19611251373265404
10051,3.796085041,3.2420688008389162,0.5540162401610838
10053,3.083402276,3.2270087020271543,0.14360642602715412
10107,4.379158777,4.988199144884205,0.6090403678842051
10108,6.541541803,5.715014851622833,0.8265269513771676
10128,4.370228128,3.9577551824782184,0.4124729455217815
10137,4.540534371,4.258756107183479,0.2817782638165207
10141,2.789267255,3.4293585288076542,0.6400912738076543
10144,4.408393513,4.542108458645009,0.13371494564500885
10148,4.527145254,4.445438905003277,0.08170634899672269
10171,3.136464908,3.090247358165716,0.04621754983428428
10193,2.244054924,2.824317020410003,0.5802620964100034
10194,3.458042269,3.3183155053874613,0.13972676361253855
10204,3.091133286,3.0623802323019746,0.028753053698025166
10242,4.716618437,5.061570474185278,0.3449520371852781
10249,2.574603745,3.098674113261523,0.5240703682615231
10272,3.343382004,3.7409773251874094,0.3975953211874095
10275,3.954872125,3.9903381126329602,0.03546598763296016
10290,3.540811519,3.65872663002515,0.11791511102514995
10299,4.350216384,3.882603849856788,0.46761253414321224
10300,4.715156132,3.8925835201845187,0.822572611815481
10301,4.385931936,3.966372627770831,0.4195593082291693
10302,4.498636216,3.991558969965305,0.5070772460346955
10347,4.136186617,4.541741580619135,0.4055549636191351
10360,3.897438568,3.7839843567444458,0.11345421125555433
10373,3.143710988,3.2136323280903474,0.06992134009034734
10376,3.859200268,3.9458391396526156,0.08663887165261563
10409,3.816953188,3.680987703144052,0.13596548485594795
10420,3.594794927,3.7787407957768093,0.18394586877680918
10442,3.447726895,3.5419899702334754,0.09426307523347521
10449,3.467160397,4.061239125122558,0.5940787281225584
10494,4.711428755,4.707585581379401,0.0038431736205986056
10498,3.921872581,3.824615989003397,0.09725659199660308
10504,3.058584174,3.165177136886528,0.10659296288652786
10505,3.537766641,3.6239264776572218,0.0861598366572216
10545,2.217873319,3.1779110002485917,0.9600376812485916
10554,4.169287128,4.363238616510077,0.19395148851007704
10569,4.022706264,3.3678471267330887,0.6548591372669113
10571,4.177868226,3.4905273383280444,0.6873408876719558
10572,3.452316405,3.50059361971019,0.0482772147101902
10589,3.10129827,3.300877392350911,0.19957912235091113
10596,3.220813897,3.4191826337838855,0.19836873678388534
10598,3.754457551,3.322846803508808,0.43161074749119166
10599,3.951703441,3.385697796114218,0.5660056448857818
10602,3.33815477,3.2640990660326636,0.0740557039673364
10628,3.673955143,3.5968950623400584,0.07706008065994174
10639,3.104976214,3.388137688367365,0.2831614743673647
10642,4.175470395,4.482733129062165,0.3072627340621654
10656,4.195770544,4.340775858158987,0.1450053141589871
10660,4.50399757,3.9559351128884894,0.5480624571115107
10663,2.976940026,3.5194428141625465,0.5425027881625466
10666,4.050041238,3.7296997075640417,0.3203415304359587
10676,3.297849233,3.8150908234436725,0.5172415904436725
10677,3.21168404,3.378689045458708,0.16700500545870778
10678,3.269903219,3.3596242992063132,0.08972108020631309
10700,3.562602115,3.5655893579016444,0.002987242901644649
10701,3.95492826,4.4059263128264305,0.4509980528264306
10707,3.405622936,4.176474949236848,0.7708520132368482
10714,3.068317821,3.3841881529378393,0.3158703319378393
10716,3.472390728,3.1133681591802715,0.3590225688197286
10770,4.28530471,3.540402458050857,0.7449022519491431
10777,3.154035679,3.453260029735511,0.299224350735511
10778,3.375467909,3.344791913357579,0.03067599564242096
10781,2.967935195,3.4214979333687654,0.4535627383687655
10783,4.173004245,3.993272057073774,0.1797321879262257
10790,3.585473138,3.7021199504489632,0.11664681244896347
10791,4.109786238,3.652257981446331,0.4575282565536689
10795,3.670625165,3.854044157984416,0.18341899298441566
10806,3.428301314,3.800058091706186,0.3717567777061861
10817,3.96672236,3.5064500972575767,0.46027226274242317
10820,3.042014071,3.683398722949897,0.6413846519498967
10822,3.984851868,3.739909459522337,0.2449424084776628
10824,3.121170547,3.5762402244826714,0.45506967748267124
10828,3.560058285,3.3389809290085193,0.22107735599148093
10844,3.77743718,3.7490201220589947,0.028417057941005464
10868,3.582858462,3.6849315030977086,0.10207304109770865
10873,3.872994489,3.850161997833532,0.022832491166467683
10889,3.753398371,3.7885971047325495,0.03519873373254967
10890,4.206122463,3.616407475698416,0.5897149873015839
10891,3.520310567,3.593527013456433,0.0732164464564331
10897,3.685120163,3.5712940105597406,0.11382615244025951
10908,3.486290336,5.112558495174597,1.626268159174597
10909,4.602522734,5.052183244528145,0.4496605105281448
10910,3.918700443,4.697656601891285,0.7789561588912846
10912,4.25192063,4.472243645229023,0.22032301522902298
10916,5.508673338,5.5652972210558485,0.05662388305584809
10932,3.3394669,3.8867121249448173,0.5472452249448172
10938,3.016548925,3.1921140152457776,0.1755650902457777
10983,3.92688883,3.9122536572802664,0.014635172719733802
10990,3.327115661,3.466715608507779,0.13959994750777893
11002,3.594907289,3.662254731659844,0.06734744265984416
11003,3.740162915,3.8508215493402194,0.11065863434021939
11021,3.888378898,3.9950936463150604,0.10671474831506034
11070,3.68690108,2.9631759883231403,0.7237250916768598
11083,3.412962386,4.355264996200225,0.9423026102002248
11086,3.296531128,3.033797172229394,0.26273395577060565
11093,2.942508754,3.4698377413603123,0.5273289873603124
11100,3.566305475,3.334440056369389,0.23186541863061105
11101,3.132381377,2.996055949852603,0.13632542714739726
11113,3.852344909,3.749335917937613,0.10300899106238726
11114,2.785532251,3.0610807273166496,0.2755484763166498
11121,2.945667037,3.474093550267836,0.5284265132678359
11122,3.630937135,4.233649199468719,0.6027120644687187
11127,3.621306135,3.8990338392557673,0.2777277042557671
11140,3.549027798,3.8549991741971628,0.30597137619716275
11145,3.061793332,3.3842814032271775,0.3224880712271774
11159,3.415545905,3.653481554190875,0.23793564919087506
11160,3.895097809,3.515196837861527,0.3799009711384733
11162,4.306422645,3.9400418055790616,0.366380839420938
11189,3.765445018,3.7163984603245486,0.0490465576754513
11191,3.750520792,3.52446900794639,0.22605178405361004
11199,2.74095697,2.7819118030526155,0.04095483305261549
11202,2.967787105,3.055282803828184,0.08749569882818387
11206,3.178267032,3.5307792825244317,0.3525122505244318
11212,4.590405861,4.051327629333202,0.5390782316667977
11219,3.237973575,3.7552430452162153,0.5172694702162155
11222,4.142471948,3.9584771987791707,0.18399474922082915
11240,3.386271999,3.6386377603525664,0.2523657613525665
11245,3.335836865,3.545618498047329,0.20978163304732877
11253,3.083349308,3.397573332851404,0.3142240248514043
11258,3.412097504,3.5336398722314764,0.12154236823147624
11285,3.147955819,3.5098147845484933,0.3618589655484934
11292,4.267848075,4.1558561178486295,0.11199195715137034
11301,3.905060194,3.7679755298365705,0.13708466416342935
11304,3.10118743,2.950571053710635,0.15061637628936486
11306,3.628857221,3.7260837622659624,0.09722654126596231
11307,2.37166587,2.9157191744969984,0.5440533044969982
11308,3.255202015,3.482617053322016,0.22741503832201593
11311,3.059555004,3.510782917855947,0.4512279138559472
11322,2.954638924,3.382577356115115,0.42793843211511495
11325,3.29305671,3.4941189532610144,0.2010622432610143
11326,3.29305671,3.455515699839093,0.1624589898390929
11327,3.043179236,3.5136731060007764,0.4704938700007766
11328,3.372676799,3.5739606927848766,0.20128389378487643
11329,3.275470042,3.289609378496409,0.014139336496409083
11334,3.770713972,3.5609376239149677,0.2097763480850321
11338,3.232422881,3.8017484812084845,0.5693256002084843
11340,3.200856575,3.5591835736091553,0.3583269986091553
11344,3.478915522,3.562193739165269,0.08327821716526929
11345,3.487695386,3.5269919436561987,0.03929655765619877
11346,2.94098315,3.879522713412508,0.9385395634125078
11348,3.007688522,2.940350635043235,0.06733788695676513
11350,2.990889422,3.442476701136611,0.4515872791366111
11351,3.395679666,4.188813096286617,0.7931334302866166
11354,3.131742982,3.593716560270511,0.461973578270511
11368,3.246909179,3.680279888035745,0.4333707090357448
11379,3.322934258,3.6579804503066695,0.33504619230666943
11387,3.7161942,4.135004369316994,0.41881016931699433
11389,3.700761677,3.9079667376638225,0.2072050606638225
11405,3.691490386,3.5027798277841646,0.18871055821583527
11407,3.320655089,3.9011615331289287,0.5805064441289285
11408,3.590943953,3.377535803136949,0.21340814986305112
11409,3.885742757,3.8029925925333914,0.08275016446660866
11436,3.687493289,3.7700658795749,0.08257259057489996
11437,3.871765732,3.6668709450092605,0.2048947869907396
11443,3.3433692,3.6470688450535924,0.30369964505359226
11448,3.108811114,3.1974760082525746,0.08866489425257473
11456,2.985117953,3.270947478063322,0.2858295250633218
11486,3.645718693,3.671551892752389,0.025833199752388847
11487,4.195182921,3.59471315157783,0.6004697694221699
11491,3.520048365,3.513451852549043,0.00659651245095727
11507,4.116032537,3.825847711321536,0.2901848256784638
11510,3.263947576,3.65394473973115,0.3899971637311501
11524,3.179891549,3.8247158058166657,0.6448242568166656
11532,3.680528138,3.819943900098735,0.13941576209873485
11547,3.44128971,3.3210470638332255,0.12024264616677449
11579,3.014688512,2.7431403841632127,0.2715481278367875
11600,3.173416147,3.52112835144689,0.34771220444688966
11601,3.762959751,3.497858590589528,0.26510116041047205
11602,2.900221998,3.302390530989102,0.4021685329891018
11630,3.153564205,2.7655596426514215,0.3880045623485784
11631,3.537169055,3.59691837736596,0.059749322365959756
11632,3.060081366,3.572987622905327,0.5129062569053269
11633,3.327346445,3.4439582421672617,0.11661179716726178
11634,4.566392705,3.3963354021263825,1.1700573028736176
11637,3.693150417,3.54317610193552,0.1499743150644801
11639,2.829456305,3.7856407056531847,0.9561844006531848
11656,4.046339056,3.9779884812831487,0.06835057471685113
11669,4.062729472,3.831901258127677,0.23082821387232322
11671,4.299192748,3.991875520989606,0.3073172270103943
11680,4.218768994,3.906259456410186,0.31250953758981437
11681,4.631549032,4.126568487610376,0.5049805443896238
11682,4.321431335,3.9441101726658574,0.37732116233414237
11683,4.212419724,4.221207354255531,0.008787630255531198
11691,4.154749364,4.023024155712442,0.1317252082875573
11699,3.616062704,3.7193440182194375,0.10328131421943754
11700,3.540181943,3.16079431729875,0.37938762570124984
11701,4.535750604,3.93773963826415,0.5980109657358503
11708,2.713440824,3.0909418406610563,0.3775010166610562
11714,3.895888007,3.559334443444046,0.3365535635559538
11715,3.348000458,3.320187363570669,0.02781309442933111
11743,3.166970056,3.375986300392762,0.20901624439276212
11747,3.339133306,3.613978811186384,0.2748455051863843
11755,3.454265979,3.9013891041408035,0.44712312514080343
11758,3.720523525,3.0674808546498378,0.6530426703501622
11806,3.519610042,3.399099493899542,0.12051054810045825
11878,4.156163422,4.1080203566328555,0.04814306536714419
11881,4.139175673,3.513942511835457,0.6252331611645436
11889,4.179371208,3.544732973156499,0.6346382348435009
11890,4.130136108,3.653738019718193,0.4763980882818073
11909,5.646518902,4.025460240491775,1.6210586615082256
11921,2.62881977,3.119468311364592,0.490648541364592
11923,2.399509893,2.8239560266027808,0.42444613360278094
11925,1.651390451,2.9145585345284126,1.2631680835284127
11928,2.767199948,3.6026775464096357,0.8354775984096356
11930,3.02653434,3.051585533128797,0.02505119312879689
11947,3.882841036,3.8105489304366102,0.07229210556338961
11949,3.557715534,3.8424514438649338,0.2847359098649336
11950,3.335024393,3.844704932842749,0.5096805398427491
11951,4.054938462,3.8232883976051015,0.23165006439489844
11974,3.774299399,3.622055735486545,0.1522436635134552
11990,3.022128315,3.7805388491120815,0.7584105341120817
11992,2.11917748,3.026614174044009,0.9074366940440091
11994,2.493860192,3.38808497761444,0.8942247856144401
11995,3.798189524,3.8033126660695484,0.0051231420695483365
12014,3.765242671,3.324093644206516,0.4411490267934841
12019,3.524677015,3.35076409581499,0.17391291918500995
12045,3.796411702,3.764511913575634,0.031899788424365916
12063,3.408072172,3.6224940180422625,0.21442184604226266
12067,2.781667467,5.492523859264483,2.710856392264483
12071,3.58045474,3.8076475139936283,0.22719277399362836
12101,3.460880669,3.5531925180111763,0.0923118490111765
12117,2.793391733,3.8020493154194295,1.0086575824194295
12118,2.706920073,3.8032829772408263,1.0963629042408263
12119,2.641666543,3.7919518788167905,1.1502853358167906
12120,2.614537498,3.856255596325145,1.241718098325145
12121,2.632897999,3.822841844084448,1.1899438450844482
12122,2.775286616,3.852014945478921,1.0767283294789212
12123,2.4540435,3.7225215050256764,1.2684780050256763
12124,2.667722682,3.8661521445647296,1.1984294625647296
12125,2.510387629,3.7973993333492655,1.2870117043492657
12126,2.612044077,3.7103317996521987,1.0982877226521985
12127,2.5930319,3.7931025369501965,1.2000706369501963
12128,2.706920073,3.8000503390367566,1.0931302660367566
12129,2.694685616,3.776596474417701,1.081910858417701
12172,3.695050671,3.819786010671344,0.12473533967134376
12278,4.168419127,3.8864789493370004,0.2819401776629995
12279,3.109036377,3.6182361028781576,0.5091997258781578
12280,3.514708013,3.8480526945795375,0.33334468157953756
12314,3.325757184,3.1640505918735222,0.16170659212647776
12402,4.669505088,4.951746688137252,0.28224160013725186
12421,2.785716493,2.6610411703901855,0.12467532260981429
12423,3.564355467,3.5472264753413634,0.017128991658636572
12451,3.89436474,3.6080305745067296,0.2863341654932703
12457,4.378402444,3.7648647814788863,0.6135376625211135
12459,4.06882199,3.63133831761746,0.43748367238254016
12470,3.326969087,3.505846643549706,0.17887755654970583
12473,3.406457597,3.662642267729238,0.2561846707292377
12477,3.48953994,3.7553113538820155,0.26577141388201575
12478,4.877212389,3.8154369367165386,1.0617754522834617
12479,4.665140611,3.94647973851184,0.7186608724881598
12482,3.759134163,3.717366644517912,0.04176751848208804
12499,5.106760567,3.8911152204476958,1.2156453465523045
12500,4.034633174,3.422413994630142,0.6122191793698577
12510,3.644735685,3.469404165939501,0.17533151906049893
12512,4.837061566,3.9645216111608215,0.8725399548391786
12514,3.058861619,3.253555004335469,0.19469338533546887
12531,4.585410257,3.732545892731753,0.8528643642682474
12532,4.156553694,3.861253538554448,0.2953001554455521
12541,5.477864097,3.8929905509825353,1.584873546017465
12571,3.615978218,3.5260488423759146,0.08992937562408532
12572,4.069637269,3.6684134892127576,0.40122377978724266
12573,3.263046353,3.4630020581611443,0.19995570516114425
12577,3.819759795,3.6002095218262435,0.21955027317375642
12585,4.473749657,4.201835408281764,0.271914248718236
12589,3.074548275,3.5048295147849307,0.4302812397849305
12596,4.19238496,4.293158923886244,0.10077396388624393
12611,5.126264927,3.9038775088287534,1.2223874181712469
12627,5.068497098,4.190647992312842,0.877849105687158
12628,5.835853534,4.149038694694417,1.6868148393055833
12631,4.673634012,4.081136686940519,0.5924973250594814
12632,4.010464678,3.531626596057527,0.4788380819424729
12639,4.800555287,4.206168054048322,0.5943872329516777
12641,3.874776905,3.7593830997789026,0.11539380522109743
12643,4.023556976,3.9818697086662755,0.04168726733372452
12649,3.350800229,3.508535017330766,0.15773478833076604
12656,4.493190535,3.9802466706434507,0.5129438643565494
12657,4.671204521,4.081595877567214,0.5896086434327863
12660,4.945454847,4.167204202560372,0.7782506444396278
12662,3.485511403,3.534027342900179,0.048515939900179106
12666,4.306301279,3.280832874490972,1.0254684045090285
12671,3.636892486,3.573770601256246,0.06312188474375402
12675,4.022471199,3.9045582119879207,0.1179129870120792
12678,3.958842494,3.7121457605020094,0.24669673349799082
12686,4.107042176,3.9073905592676987,0.19965161673230147
12697,3.750355467,3.858654091804333,0.10829862480433317
12705,3.661053189,3.669243798525974,0.008190609525974057
12709,4.016293574,3.8617928936873134,0.15450068031268627
12711,4.513007951,3.7394319126892106,0.773576038310789
12720,3.415752152,3.7214954885137477,0.30574333651374763
12730,4.298290328,3.5535796455368853,0.7447106824631149
12739,3.814833602,3.8317630910399205,0.01692948903992031
12743,3.713585456,4.330944629744904,0.6173591737449038
12746,3.859279769,3.9102116271545433,0.050931858154543264
12751,4.337744038,4.1766744565651726,0.16106958143482775
12752,3.833739625,3.485110260229349,0.3486293647706513
12754,4.299395848,3.8246328984379923,0.4747629495620074
12757,5.741086023,3.9917129050242677,1.7493731179757326
12759,4.167900434,3.908485191148268,0.2594152428517318
12761,5.225924097,4.271162317901002,0.9547617790989982
12777,3.643294017,3.448014998755608,0.19527901824439198
12790,3.696087915,3.586167634635218,0.1099202803647823
12794,3.739501708,3.740041023303142,0.0005393153031416631
12800,3.877605518,3.9844587507525113,0.10685323275251113
12807,3.841237276,3.41177937163805,0.4294579043619504
12808,3.438373028,3.5361608896084764,0.09778786160847641
12809,3.308105334,3.620897874413325,0.31279254041332516
12813,4.711863445,3.784579976222634,0.9272834687773654
12820,4.653804956,3.5639848501315083,1.0898201058684918
12828,3.749217148,3.356236228774864,0.3929809192251361
12837,4.247420846,4.12443808563058,0.12298276036942024
12853,3.621094541,3.8429941970444124,0.2218996560444122
12855,4.382719275,4.000961166359563,0.3817581086404376
12862,3.516207381,3.738671877932017,0.22246449693201686
12884,4.141479387,3.8370818153539847,0.30439757164601566
12885,3.566256463,3.6696082028629977,0.1033517398629975
12890,4.033799328,3.884055801746919,0.14974352625308063
12891,3.687622906,3.7785152858992985,0.09089237989929844
12894,3.149890057,3.2348994854109288,0.08500942841092884
12896,3.6026548,3.6009435820182354,0.0017112179817644346
12899,3.584856003,3.7501819123290447,0.16532590932904467
12900,3.628997975,3.8730718196681817,0.24407384466818183
12908,3.535705429,3.512032515459776,0.023672913540224272
12915,4.148446689,3.971349779963208,0.1770969090367922
12930,3.844090905,3.811390280140956,0.03270062485904379
12931,3.648551672,3.6527295268668216,0.004177854866821651
12932,4.238019604,3.8753016103499234,0.3627179936500764
12938,3.586924708,3.898093685065099,0.31116897706509894
12958,3.910452116,3.650340958287005,0.26011115771299487
12959,3.591197301,3.550974722261639,0.04022257873836077
12960,3.745692987,3.6405471257170707,0.10514586128292924
12961,3.900594947,3.7539503984120093,0.1466445485879908
12962,4.013299227,3.8424318114728884,0.1708674155271117
12963,3.702051225,3.6362082988987248,0.06584292610127518
12964,3.723240524,3.5404813860353896,0.1827591379646103
12971,3.623443129,3.4717400791310613,0.15170304986893868
12974,3.708613601,3.537674329086926,0.170939271913074
12978,4.502718296,3.7641854527521557,0.7385328432478446
12981,4.214877684,3.7440445843311516,0.47083309966884856
12983,5.02569108,3.7990586004898868,1.226632479510113
12998,3.704167376,3.7685974933430857,0.06443011734308568
12999,3.719217311,3.553535893885592,0.1656814171144081
13000,3.844156048,3.541576974844586,0.3025790731554139
13046,3.866230358,4.119657298917921,0.2534269409179206
13047,3.78514545,3.870748632651832,0.0856031826518322
13048,3.826357141,4.016691358203002,0.19033421720300225
13055,3.639964125,3.748942494757938,0.10897836975793807
13061,3.512929751,3.863253970050693,0.3503242190506928
13063,3.857164703,3.5872480169840504,0.26991668601594965
13064,3.387991015,3.553824984477555,0.16583396947755524
13065,3.829874415,3.5782277716438786,0.2516466433561213
13095,3.633616321,3.9611992071581628,0.3275828861581629
13101,3.375490471,3.791418802326535,0.4159283313265352
13104,4.154576117,4.0447019859983495,0.10987413100165089
13108,3.985892805,3.834378080850764,0.15151472414923628
13109,3.750727704,3.3442663657863245,0.40646133821367547
13114,3.618070521,4.019528117458784,0.4014575964587843
13149,3.650715639,4.041565716060135,0.3908500770601351
13169,4.075603728,3.652488737437442,0.42311499056255775
13198,3.585280206,3.7603251301597442,0.17504492415974404
13202,3.452485654,3.4236222685266102,0.028863385473389958
13209,4.839096589,3.655443728875517,1.1836528601244836
13238,4.712007158,3.6905398379723446,1.021467320027655
13287,3.868346824,3.7144615461235175,0.15388527787648254
13289,3.854470878,3.713209126588408,0.1412617514115917
13290,3.67259479,3.8982637983748103,0.22566900837481008
13293,3.590865709,3.8042227331676384,0.21335702416763835
13294,3.594907289,3.659822781891713,0.06491549289171283
13299,4.228224929,3.999319149434859,0.22890577956514058
13306,3.831626045,3.4924436811913764,0.33918236380862377
13311,3.805800123,3.6099350613207086,0.1958650616792914
13323,3.874334073,3.7125783593614283,0.16175571363857166
13328,4.222557519,3.7099505773282346,0.5126069416717658
13343,4.905996465,3.9353639226876282,0.9706325423123721
13350,3.933278442,3.8675065714249035,0.0657718705750967
13354,4.940987593,3.8349740236400858,1.1060135693599142
13361,4.826440419,3.998795233791447,0.8276451852085529
13362,3.835603366,3.9600132884629913,0.12440992246299132
13455,3.038790191,3.409890391524784,0.3711002005247841
13457,2.981075278,3.379836012765594,0.3987607347655939
13458,3.025924908,3.53117166054948,0.5052467525494801
13460,3.14545125,3.58341018243565,0.4379589324356501
13461,3.212362353,3.6915107476608995,0.4791483946608994
13462,3.029211649,3.3867441428281984,0.3575324938281983
13463,2.950894254,3.145254476205726,0.1943602222057259
13464,2.621685085,3.0884455653070644,0.4667604803070642
13465,4.178955376,2.7899142998714455,1.3890410761285548
13467,2.897096818,3.0422246223881664,0.1451278043881663
13468,2.798431026,3.4726865065485337,0.6742554805485339
13469,3.005810041,3.425890440410451,0.42008039941045094
13470,3.060522577,3.4248205424626628,0.3642979654626628
13471,2.954846241,3.3910747597209063,0.4362285187209065
13472,2.739327045,3.334279396292695,0.5949523512926951
13474,2.778605574,3.409373946784328,0.6307683727843276
13475,4.024239306,3.663930490233953,0.360308815766047
13476,4.000560746,3.6819574590029607,0.318603286997039
13480,3.516360828,3.5109590018356767,0.005401826164323165
13483,3.590865709,3.447123613053711,0.14374209594628917
13486,3.702447462,3.4535346854531475,0.2489127765468524
13501,3.297745761,3.8043277099979016,0.5065819489979018
13540,4.235229556,3.811249901604021,0.4239796543959793
13549,4.227252789,3.913044486735248,0.3142083022647517
13551,3.495422912,3.9947615746098926,0.49933866260989257
13555,4.111907426,3.8960882939187176,0.21581913208128256
13560,3.652793528,3.713900897049411,0.06110736904941083
13563,4.278603731,3.9580881094348612,0.32051562156513835
13566,3.588895682,3.7362096811885612,0.14731399918856125
13567,3.688572358,3.9095541902387354,0.22098183223873535
13570,4.413144032,3.9915896873896237,0.4215543446103762
13572,3.616060827,3.7591959254061695,0.14313509840616945
13577,4.305233105,4.00344906282423,0.30178404217577004
13582,4.27306818,3.839475044467231,0.4335931355327691
13605,5.06880021,3.725247669234737,1.343552540765263
13667,4.169138558,4.219162829886766,0.05002427188676606
13673,3.315887815,3.743652909319769,0.42776509431976883
13677,4.743369756,3.802714234475683,0.9406555215243171
13686,3.65200059,3.819203296529698,0.16720270652969793
13688,3.678336247,3.9029976118130323,0.22466136481303245
13690,3.41790107,3.5095493044493558,0.09164823444935566
13692,3.447872994,3.568504586192149,0.12063159219214903
13693,3.185400483,3.261090133505273,0.07568965050527288
13694,3.459915437,3.6011837850702015,0.14126834807020172
13697,3.902131932,3.883323804696626,0.018808127303374
13699,3.41570991,3.4833307734534182,0.06762086345341833
13700,3.223436231,3.455589542728183,0.2321533117281831
13716,3.505193941,3.901763791486631,0.3965698504866313
13721,4.340888978,4.064895353647462,0.2759936243525374
13732,3.333086388,3.4703379376532606,0.1372515496532607
13733,3.383346122,3.469137838086831,0.08579171608683112
13743,3.752996362,3.817568673750654,0.06457231175065381
13750,3.758886221,3.59843151940884,0.16045470159115993
13751,3.802606375,3.6835140924429943,0.11909228255700555
13754,3.914146213,3.931253960007341,0.01710774700734108
13770,3.982103439,3.931032719562808,0.05107071943719177
13781,3.699579437,3.786937674261597,0.08735823726159708
13785,3.688677195,3.7115912472182693,0.022914052218269365
13808,3.581462016,3.453832531100877,0.1276294848991233
13809,3.502172113,3.2433440874922925,0.25882802550770734
13817,3.893959109,3.562055759849522,0.3319033491504779
13821,3.68426352,3.9513292076363147,0.26706568763631466
13825,3.969640108,3.7591508021636892,0.21048930583631087
13827,4.389374811,3.6151194477718605,0.7742553632281393
13831,3.691447778,3.527588706503412,0.16385907149658818
13838,4.154576117,4.140065583050426,0.0145105339495748
13845,3.513199837,3.580864855509704,0.06766501850970386
13852,3.265346208,3.1197097412035424,0.1456364667964576
13879,4.000575576,4.274570426703277,0.2739948507032768
13883,3.84892991,4.047083697066592,0.19815378706659192
13889,3.981556515,4.544215723828343,0.5626592088283435
13892,3.601258005,3.7742277656499086,0.17296976064990854
13897,3.619102652,4.482679087039771,0.863576435039771
13899,4.170122975,3.8844971653879066,0.2856258096120934
13905,3.59273969,3.156493730221188,0.436245959778812
13908,4.099371746,4.019939842241693,0.07943190375830689
13915,3.458497341,3.75485155893204,0.29635421793204
13919,3.323890064,3.918445510255287,0.5945554462552871
13924,4.012705441,3.9643693326652842,0.048336108334715355
13925,3.517855419,3.931698242345174,0.4138428233451741
13936,4.825146266,3.94294967809085,0.8821965879091498
13940,4.202249096,3.8808800045390432,0.3213690914609568
13954,4.26759408,3.818248036000942,0.4493460439990584
13959,4.406132945,3.7381980924754394,0.667934852524561
13970,3.502823904,3.830958921196607,0.32813501719660687
13971,5.280305143,4.268189801096402,1.0121153419035975
13976,3.853995721,3.780019467141642,0.07397625385835793
13982,5.456669629,4.143929489663259,1.312740139336741
13983,3.822424955,4.034039276838411,0.211614321838411
13989,3.758611847,3.659577118469989,0.09903472853001105
13996,5.728648623,4.257167233984845,1.471481389015155
14010,4.164650216,4.062035748228263,0.10261446777173688
14012,3.608081885,3.9031617402914605,0.29507985529146064
14025,4.925786788,3.727167543387558,1.1986192446124417
14026,4.050725524,3.8039639360871265,0.24676158791287328
14030,3.733767425,3.7788028449963282,0.04503541999632832
14049,3.65186895,4.143925423831017,0.4920564738310169
14050,3.90109879,3.931741953622523,0.030643163622523062
14083,3.652125418,3.549496879837619,0.1026285381623806
14089,4.354912655,4.0866482505302555,0.2682644044697442
14093,3.723832787,3.728760156154375,0.004927369154374972
14098,3.736158799,3.6355230322789236,0.10063576672107644
14103,3.773678067,3.8615191520538046,0.0878410850538045
14105,3.942663432,3.57426926573366,0.3683941662663397
14114,3.9977285,3.2148585908590577,0.7828699091409423
14117,4.145006384,4.138118529109853,0.006887854890146983
14131,3.68267789,3.906701286770662,0.22402339677066196
14132,3.532628433,3.777957202585368,0.24532876958536765
14154,3.399676158,3.592837403170055,0.19316124517005484
14155,3.91129271,3.7004415971141653,0.2108511128858348
14156,3.456479304,3.5209348573746815,0.06445555337468134
14159,3.425874788,3.8024758879684897,0.3766010999684899
14161,3.762867828,3.48368948754243,0.27917834045757006
14162,4.005905876,3.516559952413253,0.4893459235867468
14173,4.625108159,3.7523000587911874,0.8728081002088124
14174,3.708815313,3.586212313300743,0.12260299969925725
14204,3.839999536,4.149288879053256,0.30928934305325617
14216,4.115697267,4.06078330235003,0.05491396464996967
14223,4.426083706,3.851627534872015,0.5744561711279852
14225,3.75714287,3.7097353359014758,0.04740753409852427
14233,3.830124098,3.6581786721047895,0.17194542589521067
14244,4.343063779,3.9582268288796207,0.38483695012037966
14246,3.728143542,3.648498622779311,0.07964491922068939
14247,3.732186904,3.6643806496274713,0.06780625437252885
14248,5.600255009,3.777904015833892,1.8223509931661077
14249,3.733441848,3.5052077042039342,0.22823414379606577
14250,3.645364622,3.7597178525326687,0.11435323053266844
14251,3.680596103,3.556065077065145,0.12453102593485488
14258,4.908937971,3.810788589809054,1.0981493811909462
14283,4.40885478,4.451275033628833,0.042420253628832505
14288,3.662734441,3.6363678654234404,0.026366575576559637
14291,3.566644485,3.8047617735552035,0.23811728855520364
14299,2.872062317,3.2301544150197965,0.35809209801979636
14318,4.185119364,3.7737965543985306,0.4113228096014696
14319,2.850673061,3.1600134605108767,0.30934039951087655
14327,3.174325016,3.518301155021584,0.3439761390215841
14336,3.191653635,3.1908362465683386,0.0008173884316615698
14337,3.586440745,3.7633699094051534,0.17692916440515338
14367,1.741648664,2.642421476014314,0.9007728120143139
14378,2.919025973,3.4095318099935237,0.49050583699352357
14379,2.986261235,3.3965902877478724,0.41032905274787224
14385,3.266456445,3.6119156612922962,0.34545921629229603
14405,3.314077992,3.5914272995326626,0.2773493075326625
14408,3.352131918,3.456055450495619,0.10392353249561914
14409,3.576149963,3.5866269734001492,0.010477010400149034
14410,3.014563515,3.6002869540129265,0.5857234390129267
14412,3.909011215,3.9787180013684815,0.06970678636848149
14424,3.623692665,3.3848626623795854,0.23883000262041465
14426,3.547497341,3.614708059378018,0.06721071837801773
14427,3.588242309,3.615195932829312,0.02695362382931199
14452,3.457136753,3.807011973148962,0.3498752201489621
14461,3.510248677,3.4298933973618406,0.08035527963815925
14464,3.491075806,3.3903655741682805,0.10071023183171945
14465,3.39223428,3.421884227457323,0.0296499474573233
14466,3.464173474,3.3241886046481026,0.13998486935189725
14483,4.179222247,4.2528321118768,0.07360986487679977
14490,3.79255756,3.732778526464639,0.05977903353536096
14533,3.44364251,3.6685885850088464,0.22494607500884634
14544,3.701703346,3.9654332125240077,0.26372986652400776
14545,3.537187966,3.9440008339832913,0.4068128679832914
14550,3.613234865,3.3572810304270395,0.2559538345729604
14551,3.627829607,3.3505579632197957,0.2772716437802041
14553,2.013295171,3.172649870936333,1.1593546999363329
14566,4.288135158,3.940085742026266,0.3480494159737342
14567,5.178502703,3.97263505566363,1.2058676473363703
14577,4.656106005,3.961151218662308,0.6949547863376919
14586,3.594803602,3.9252639984523374,0.3304603964523376
14601,6.553130852,4.814630188228583,1.7385006637714167
14605,3.075328898,3.4392424315966665,0.36391353359666656
14606,3.144110713,3.1150863630856738,0.02902434991432612
14611,4.582215704,4.61686229132364,0.0346465873236399
14624,3.519026894,3.4304176988716506,0.08860919512834942
14645,4.551020778,4.849219449340715,0.29819867134071476
14649,3.607607722,3.4922597037101126,0.11534801828988739
14694,3.98472169,4.320403586928833,0.3356818969288331
14695,4.077757116,4.541942951756074,0.46418583575607375
14696,3.840755795,3.632885984082284,0.20786981091771617
14799,3.641017762,3.3031806506283496,0.3378371113716505
14824,3.468227077,3.5297063478011754,0.061479270801175545
14842,3.491895283,3.684925668967986,0.19303038596798627
14882,3.453870251,3.868984616324172,0.4151143653241718
14883,3.292292716,3.709777823056853,0.41748510705685327
14894,3.261053505,3.44695302084117,0.18589951584116982
14895,3.35359046,3.025728307396051,0.32786215260394913
14911,3.909501096,3.9679197249585405,0.05841862895854044
14912,3.791671514,3.8470484950998842,0.055376981099884315
14913,4.024740681,3.9616025082450594,0.06313817275494049
14914,3.798491812,3.6836855454665036,0.11480626653349635
14915,4.212773374,3.9840766676292074,0.22869670637079276
14916,4.113050607,4.001448765618386,0.11160184138161355
14917,3.983636898,3.9094893788742624,0.07414751912573747
14918,3.323893497,3.8471577739142693,0.5232642769142695
14925,3.775693865,3.8531051973049943,0.07741133230499431
14961,3.719483553,3.4879586690362117,0.23152488396378823
14967,2.929365624,3.078582645888382,0.14921702188838193
14968,3.00428245,3.098968227125699,0.09468577712569903
14969,3.093992197,3.2787898615993902,0.1847976645993903
14970,3.126615773,3.075627839591009,0.050987933408991104
14971,2.975654242,3.0789393880834295,0.10328514608342942
14972,3.521672629,3.3804885186998384,0.14118411030016187
14973,3.047925225,3.3752613470176316,0.3273361220176314
14974,3.64553525,3.129174044177328,0.5163612058226721
14975,3.326876685,3.1965204809572576,0.13035620404274217
14977,2.695705109,3.3483937279395386,0.6526886189395387
14996,4.029905429,3.5238198069371625,0.5060856220628378
14997,3.939057757,3.484412873451869,0.45464488354813115
15002,3.868239591,3.4937016873580924,0.37453790364190764
15004,2.718603467,3.393695151154786,0.6750916841547863
15009,3.794204931,3.938750447813431,0.14454551681343109
15019,3.278850947,3.292298944616372,0.013447997616371943
15023,3.203777786,3.8100749963687255,0.6062972103687256
15024,3.52956967,4.053187401236226,0.523617731236226
15032,3.535140344,3.988920738781257,0.45378039478125665
15035,2.962290395,3.360604779035983,0.39831438403598307
15058,3.598776832,3.3583191243388497,0.24045770766115027
15067,3.362286395,3.314245732734482,0.04804066226551784
15071,3.590403028,3.528943087073458,0.06145994092654172
15078,4.794875637,4.0038788315656,0.7909968054343999
15097,3.788426202,3.975977524359463,0.1875513223594627
15105,3.903832658,4.338822921081978,0.4349902630819784
15112,5.786734942,4.179724194844286,1.607010747155714
15116,3.566194644,2.9515413272276527,0.6146533167723471
15120,3.910368234,3.9386101457849025,0.02824191178490265
15128,4.403496996,3.749471486669373,0.6540255093306273
15133,3.841683417,3.4314090542065614,0.41027436279343865
15137,2.781025704,3.072184062269729,0.2911583582697288
15156,2.054898916,2.9244995361626462,0.8696006201626463
15161,3.220863522,3.2862498675379834,0.06538634553798328
15165,2.990780227,3.1885158288337525,0.19773560183375238
15175,4.148364399,3.4563483014429184,0.6920160975570817
15180,3.236045253,3.2994780559597543,0.0634328029597544
15188,3.456279252,3.003462799962107,0.4528164520378928
15194,4.02383296,3.323886710240327,0.6999462497596731
15205,3.136287113,3.470362548660053,0.33407543566005327
15207,3.597559382,3.706240200843639,0.10868081884363878
15222,3.314439578,3.830390528959926,0.515950950959926
15250,2.821541854,3.4589065994340213,0.6373647454340214
15252,4.127417513,4.138108318985233,0.010690805985232643
15266,3.028521549,3.1804052915656533,0.15188374256565318
15277,5.358405078,3.629911789975605,1.7284932880243948
15284,3.56589453,3.8850779762621075,0.3191834462621075
15293,3.515833647,3.6069287704567277,0.09109512345672766
15294,3.212839888,3.4686455870079294,0.2558056990079294
15295,3.439512691,3.6733607323367026,0.23384804133670256
15296,3.264021674,3.5435064269555676,0.27948475295556774
15297,3.186271819,3.536416393893935,0.3501445748939349
15299,3.67490696,3.417888394576759,0.2570185654232411
15300,3.831626655,3.4896625506769734,0.3419641043230266
15308,2.140903248,3.243470150203564,1.1025669022035642
15316,3.184943728,4.649849379435849,1.4649056514358487
15318,3.924423288,4.621216144505258,0.6967928565052581
15330,5.999438622,4.229146551132052,1.7702920708679484
15332,4.510139387,4.539577568048808,0.029438181048808687
15343,2.598247487,3.1332490052280377,0.5350015182280377
15346,2.951783607,3.5992258967471336,0.6474422897471337
15349,3.348834263,3.182039571638433,0.166794691361567
15352,3.927259123,3.501004053730529,0.4262550692694709
15384,2.970429532,3.0144525206119637,0.044022988611963854
15387,3.267302274,3.5714061120433733,0.3041038380433734
15410,3.51724304,3.085582469690801,0.4316605703091989
15420,4.10212867,3.2574361255764126,0.8446925444235873
15425,2.647755726,3.0936762417169863,0.4459205157169861
15428,3.978773784,3.6738662776182394,0.30490750638176056
15435,3.413527751,3.4650376310678905,0.05150988006789037
15438,4.764280769,3.9104720175997962,0.8538087514002037
15442,6.861694828,4.958561005404199,1.9031338225958008
15452,3.927650209,3.3970410597330694,0.5306091492669305
15456,4.180804229,3.5664983225537172,0.6143059064462824
15457,4.490516098,4.299684784787369,0.19083131321263025
15477,2.977275365,3.34685576281065,0.3695803978106498
15478,3.291314079,3.5754641236475386,0.28415004464753846
15498,3.005455271,3.0072410556725737,0.0017857846725735094
15511,3.308838207,3.6534886352743605,0.34465042827436054
15539,3.750506159,3.3709462972586515,0.3795598617413485
15561,3.920971786,4.1500646788799855,0.22909289287998558
15571,3.355080107,3.4236701599397485,0.06859005293974851
15593,3.456609237,3.611437262896188,0.15482802589618805
15609,2.803725768,3.4495743147899547,0.6458485467899546
15613,3.099166376,3.3744300789607844,0.2752637029607845
15620,2.858851,3.1724948698615,0.31364386986150006
15621,3.201851666,4.489817982227584,1.287966316227584
15622,3.221862647,4.435044248536974,1.2131816015369736
15633,4.239925949,3.598162204027602,0.6417637449723981
15637,3.367435648,3.62604036997474,0.25860472197474005
15649,4.084769255,3.878590360070756,0.20617889492924446
15654,3.819939925,3.6527685506276613,0.16717137437233864
15676,3.339264565,3.4494041251477228,0.11013956014772264
15692,3.21550009,3.371850317856447,0.15635022785644725
15700,3.881116393,3.741686664212834,0.13942972878716597
15705,3.220375508,3.4927383448419125,0.2723628368419124
15706,3.850689277,3.829430113804553,0.021259163195447073
15710,3.216690669,3.5881008262712,0.3714101572712001
15715,3.833274639,3.6324305929576717,0.2008440460423282
15719,3.481955452,3.763037335625229,0.28108188362522935
15746,4.042951727,4.087461909440034,0.044510182440033574
15748,4.104372718,3.556173078831498,0.5481996391685016
15766,3.429980041,3.0468511318283826,0.38312890917161724
15790,3.566226986,3.626585408533462,0.06035842253346191
15791,3.599561441,3.571921489158964,0.02763995184103596
15795,3.792664289,4.3567707957165,0.5641065067164996
15812,4.081223823,3.638357547070823,0.44286627592917727
15856,4.338070338,4.111997158376031,0.22607317962396856
15869,3.437239535,3.5315774136743054,0.09433787867430565
15889,3.936809944,4.379332544906563,0.44252260090656304
15896,2.780353802,2.9736123264692735,0.1932585244692735
15930,2.271643381,2.98201491409722,0.71037153309722
15931,2.6113097,3.0019909035756194,0.3906812035756193
15932,2.844438515,2.8131474791657056,0.031291035834294156
15936,3.125654732,2.9542755662779925,0.17137916572200762
15942,3.485146853,4.3526052086120055,0.8674583556120057
15947,3.176663737,3.533742810203993,0.3570790732039928
16023,4.204745427,3.9290437582256117,0.27570166877438806
16050,4.01479626,3.973839805135663,0.040956454864336855
16119,3.315185591,3.4442741104777337,0.1290885194777336
16125,3.237538712,3.3208041538990827,0.08326544189908258
16128,5.228205381,5.128792468042132,0.09941291295786847
16153,3.870284661,3.8647081752556414,0.005576485744358539
16160,3.056543135,3.6338534387907995,0.5773103037907994
16164,3.204122781,3.4070341211050996,0.20291134010509948
16169,3.214022149,3.233789346536589,0.019767197536589176
16172,3.494333057,3.453337471087771,0.04099558591222907
16176,3.67335119,3.602288041042028,0.07106314895797183
16177,3.669802848,3.6801695632301286,0.010366715230128776
16178,4.002712722,3.740628497392964,0.26208422460703584
16179,2.365922062,2.8355779361475735,0.46965587414757337
16196,4.216746334,3.6741998656299626,0.5425464683700372
16228,3.720214024,3.7629428345039155,0.042728810503915415
16230,2.768435334,3.5907409567318846,0.8223056227318848
16236,3.977434155,3.7980651270916943,0.17936902790830578
16237,3.987800286,3.7026263333378195,0.2851739526621806
16251,3.727624172,3.8528182180886574,0.12519404608865736
16299,4.112760239,3.866298035472656,0.24646220352734405
16305,3.938593453,3.8616888833351846,0.07690456966481563
16319,4.135844267,4.155691999139841,0.0198477321398407
16320,4.222616543,3.734798707519632,0.48781783548036817
16327,4.004442392,3.692070809895529,0.3123715821044706
16362,3.072479058,3.307236346619135,0.23475728861913492
16385,4.606387056,4.774235611067545,0.16784855506754504
16434,3.182984967,3.23023987679266,0.047254909792660005
16438,3.81000196,3.7116116056235504,0.09839035437644972
16439,3.704477361,3.635621844630775,0.06885551636922482
16446,3.900887223,4.035887608083671,0.1350003850836714
16452,3.546890629,3.4511599123412178,0.09573071665878219
16453,3.91170488,3.999706288694204,0.08800140869420403
16457,3.597411343,3.7617622148977152,0.16435087189771513
16480,3.41385276,3.252224505783949,0.1616282542160512
16490,3.400368949,3.6212390937809875,0.22087014478098732
16491,3.274204048,3.4111874575818777,0.1369834095818776
