ligand_id,role,cluster_id,row_index
1,train,1,0
2,train,2,1
3,train,3,2
4,train,4,3
5,train,5,4
6,train,6,5
8,train,8,6
9,train,9,7
12,train,12,10
13,train,13,11
14,train,14,12
18,train,18,15
19,train,19,16
23,train,23,20
26,train,26,23
28,train,28,25
29,train,29,26
30,train,30,27
31,train,31,28
33,train,33,30
34,train,30,31
35,train,35,32
36,train,30,33
37,train,31,34
42,train,42,38
43,train,43,39
47,train,47,43
48,train,48,44
51,train,51,47
52,train,52,48
54,train,47,50
55,train,55,51
58,train,58,54
59,train,59,55
60,train,60,56
64,train,64,59
65,train,65,60
66,train,66,61
68,train,68,63
69,train,47,64
71,train,71,66
73,train,73,68
75,train,75,70
76,train,76,71
77,train,77,72
79,train,79,74
80,train,80,75
81,train,81,76
82,train,82,77
83,train,83,78
84,train,84,79
85,train,85,80
88,train,88,82
90,train,90,83
92,train,92,85
96,train,96,89
98,train,98,91
101,train,101,93
103,train,103,94
108,train,108,98
115,train,115,104
119,train,119,107
122,train,122,109
123,train,123,110
126,train,126,113
127,train,127,114
128,train,128,115
131,train,90,118
135,train,135,120
136,train,126,121
138,train,138,122
139,train,139,123
141,train,141,125
142,train,142,126
144,train,144,127
148,train,148,129
150,train,150,131
151,train,151,132
153,train,153,134
157,train,157,136
158,train,158,137
159,train,159,138
160,train,160,139
161,train,161,140
162,train,126,141
173,train,173,148
175,train,175,149
178,train,178,150
182,train,182,153
190,train,190,156
194,train,194,157
195,train,195,158
196,train,196,159
197,train,197,160
200,train,200,161
201,train,201,162
202,train,202,163
203,train,203,164
204,train,204,165
207,train,207,167
208,train,208,168
210,train,210,169
211,train,211,170
216,train,216,173
217,train,160,174
218,train,218,175
219,train,219,176
221,train,221,177
222,train,222,178
225,train,225,179
226,train,182,180
228,train,228,182
229,train,229,183
236,train,236,188
237,train,151,189
240,train,240,190
241,train,241,191
243,train,243,192
244,train,244,193
245,train,76,194
249,train,249,197
256,train,256,202
259,train,259,205
260,train,260,206
262,train,262,208
263,train,263,209
266,train,266,212
271,train,271,216
272,train,249,217
273,train,142,218
274,train,274,219
275,train,275,220
276,train,276,221
287,train,287,227
288,train,288,228
289,train,289,229
292,train,249,230
293,train,293,231
294,train,139,232
295,train,295,233
298,train,82,234
299,train,299,235
300,train,300,236
301,train,249,237
303,train,303,239
307,train,307,241
317,train,317,245
318,train,318,246
322,train,322,249
323,train,323,250
324,train,324,251
325,train,47,252
326,train,249,253
328,train,300,255
332,train,332,256
333,train,333,257
334,train,334,258
336,train,336,260
339,train,339,263
346,train,346,268
350,train,350,270
352,train,352,271
353,train,353,272
357,train,357,274
358,train,358,275
360,train,360,277
361,train,196,278
362,train,299,279
363,train,322,280
364,train,364,281
366,train,366,283
370,train,370,285
375,train,375,288
376,train,376,289
378,train,378,291
379,train,379,292
381,train,381,294
382,train,141,295
383,train,383,296
386,train,160,297
389,train,389,299
392,train,392,301
393,train,393,302
394,train,218,303
398,train,398,307
400,train,400,309
401,train,401,310
402,train,402,311
404,train,404,313
406,train,406,315
407,train,407,316
408,train,408,317
410,train,410,318
411,train,411,319
412,train,412,320
414,train,414,321
417,train,417,324
420,train,420,326
421,train,421,327
423,train,423,329
426,train,426,332
428,train,428,334
429,train,429,335
432,train,432,337
434,train,128,339
437,train,196,341
446,train,446,345
449,train,449,348
450,train,450,349
452,train,452,351
454,train,454,352
456,train,456,353
457,train,457,354
459,train,459,355
463,train,249,358
466,train,466,359
468,train,468,361
469,train,469,362
470,train,470,363
472,train,472,365
475,train,475,368
476,train,476,369
490,train,490,381
492,train,492,383
493,train,493,384
494,train,494,385
495,train,263,386
497,train,493,388
500,train,500,391
502,train,502,393
503,train,503,394
507,train,507,396
509,train,509,398
510,train,510,399
512,train,512,401
513,train,513,402
515,train,182,404
519,train,519,406
520,train,520,407
521,train,521,408
524,train,524,410
528,train,528,414
529,train,529,415
530,train,530,416
531,train,531,417
532,train,14,418
533,train,533,419
534,train,534,420
537,train,537,422
540,train,420,423
541,train,541,424
544,train,544,426
546,train,546,427
547,train,547,428
548,train,548,429
553,train,293,431
556,train,556,433
559,train,559,434
566,train,566,438
568,train,90,440
579,train,579,444
580,train,580,445
583,train,160,446
585,train,579,448
589,train,589,451
592,train,592,453
593,train,593,454
595,train,595,456
596,train,357,457
597,train,200,458
598,train,322,459
599,train,599,460
601,train,601,462
603,train,603,464
604,train,200,465
605,train,605,466
607,train,607,467
611,train,611,470
614,train,614,473
615,train,615,474
616,train,616,475
617,train,617,476
618,train,618,477
620,train,620,479
622,train,622,481
623,train,623,482
624,train,624,483
627,train,627,486
630,train,630,488
631,train,631,489
634,train,634,491
638,train,221,493
642,train,642,496
643,train,643,497
645,train,645,498
647,train,647,500
648,train,648,501
650,train,650,503
651,train,651,504
659,train,659,508
660,train,660,509
667,train,667,512
669,train,669,514
672,train,263,517
676,train,23,519
679,train,196,522
681,train,681,524
682,train,682,525
683,train,683,526
684,train,684,527
686,train,605,528
687,train,357,529
688,train,688,530
689,train,689,531
694,train,307,534
695,train,695,535
696,train,696,536
698,train,402,538
699,train,699,539
702,train,702,542
703,train,703,543
707,train,707,547
709,train,709,549
710,train,710,550
712,train,249,552
714,train,714,553
716,train,716,554
718,train,718,555
719,train,719,556
721,train,98,557
722,train,722,558
724,train,605,559
726,train,726,561
727,train,727,562
728,train,79,563
731,train,731,566
734,train,734,567
743,train,743,571
744,train,182,572
746,train,746,574
751,train,751,577
753,train,200,579
754,train,754,580
755,train,357,581
756,train,12,582
759,train,759,584
761,train,761,585
764,train,764,588
766,train,766,589
767,train,767,590
768,train,766,591
769,train,766,592
771,train,771,594
772,train,766,595
773,train,773,596
776,train,776,598
780,train,780,600
781,train,781,601
782,train,782,602
787,train,787,605
793,train,793,610
795,train,795,611
797,train,797,613
799,train,799,615
801,train,801,617
803,train,803,619
804,train,804,620
806,train,806,622
809,train,809,624
810,train,810,625
811,train,811,626
812,train,812,627
814,train,814,629
815,train,815,630
816,train,816,631
821,train,821,635
822,train,822,636
823,train,823,637
827,train,827,639
828,train,456,640
829,train,18,641
833,train,12,645
834,train,834,646
835,train,835,647
837,train,837,649
841,train,841,652
846,train,846,657
849,train,849,660
855,train,855,665
856,train,856,666
859,train,859,668
860,train,860,669
863,train,863,672
864,train,864,673
868,train,868,676
871,train,871,677
872,train,142,678
873,train,82,679
874,train,874,680
877,train,877,682
879,train,879,683
880,train,880,684
881,train,881,685
886,train,886,689
887,train,887,690
888,train,888,691
891,train,891,694
892,train,892,695
893,train,893,696
896,train,896,698
897,train,897,699
898,train,898,700
902,train,902,703
904,train,904,705
906,train,906,707
907,train,907,708
910,train,910,710
912,train,912,712
915,train,915,713
916,train,916,714
917,train,917,715
920,train,920,717
921,train,921,718
922,train,922,719
925,train,925,722
926,train,926,723
928,train,928,725
929,train,929,726
931,train,811,728
937,train,937,732
938,train,938,733
939,train,939,734
940,train,940,735
947,train,947,740
949,train,949,742
950,train,950,743
954,train,954,746
955,train,955,747
958,train,958,750
961,train,961,753
962,train,962,754
965,train,965,756
967,train,967,758
968,train,968,759
969,train,969,760
970,train,970,761
972,train,3,763
973,train,973,764
977,train,977,767
978,train,978,768
979,train,979,769
981,train,981,771
982,train,982,772
983,train,983,773
986,train,986,776
987,train,987,777
988,train,988,778
989,train,989,779
990,train,990,780
991,train,896,781
993,train,993,782
994,train,994,783
997,train,997,784
998,train,998,785
999,train,999,786
1001,train,896,787
1002,train,896,788
1005,train,1005,789
1006,train,1006,790
1007,train,1007,791
1008,train,1008,792
1009,train,1009,793
1010,train,1010,794
1011,train,1011,795
1012,train,1012,796
1013,train,1013,797
1015,train,1015,799
1016,train,1016,800
1017,train,1017,801
1020,train,1020,803
1023,train,1023,805
1024,train,1024,806
1026,train,1026,808
1029,train,1029,811
1030,train,1030,812
1031,train,1031,813
1033,train,1033,815
1034,train,1034,816
1035,train,1035,817
1036,train,1036,818
1037,train,1037,819
1039,train,1039,821
1041,train,1041,823
1042,train,1042,824
1043,train,1043,825
1045,train,1045,827
1046,train,1046,828
1048,train,1048,829
1052,train,1052,833
1056,train,1056,835
1057,train,47,836
1058,train,1058,837
1061,train,1061,840
1062,train,1062,841
1063,train,1063,842
1065,train,1065,844
1066,train,1066,845
1068,train,1068,847
1069,train,1069,848
1070,train,1070,849
1071,train,1071,850
1072,train,1072,851
1073,train,1073,852
1074,train,1074,853
1075,train,1075,854
1076,train,1076,855
1077,train,1077,856
1078,train,47,857
1080,train,1080,859
1081,train,1066,860
1082,train,1074,861
1084,train,881,863
1085,train,1066,864
1086,train,1066,865
1087,train,1066,866
1089,train,47,868
1091,train,47,870
1093,train,47,872
1094,train,1074,873
1095,train,881,874
1100,train,1100,878
1101,train,1101,879
1102,train,1102,880
1103,train,1103,881
1107,train,1107,884
1108,train,929,885
1109,train,1109,886
1114,train,1114,891
1118,train,1118,894
1120,train,1120,896
1124,train,1124,900
1125,train,1010,901
1126,train,1126,902
1127,train,1127,903
1128,train,1128,904
1129,train,1129,905
1130,train,3,906
1133,train,1133,909
1134,train,1134,910
1135,train,1135,911
1137,train,1075,913
1141,train,1141,915
1142,train,1142,916
1144,train,1144,918
1147,train,1147,919
1148,train,1148,920
1149,train,379,921
1151,train,1151,923
1152,train,801,924
1153,train,893,925
1155,train,1155,927
1157,train,1157,928
1159,train,898,929
1160,train,1160,930
1161,train,1161,931
1164,train,1164,933
1166,train,300,935
1167,train,1167,936
1168,train,1168,937
1170,train,1170,939
1171,train,1171,940
1173,train,317,942
1174,train,1174,943
1175,train,754,944
1176,train,1176,945
1177,train,221,946
1178,train,1178,947
1180,train,1180,948
1182,train,1182,950
1188,train,1188,956
1189,train,1189,957
1190,train,1189,958
1192,train,1192,959
1193,train,1193,960
1195,train,1195,962
1198,train,955,963
1199,train,801,964
1200,train,1200,965
1203,train,1203,966
1204,train,1204,967
1205,train,1205,968
1208,train,1208,971
1209,train,1209,972
1210,train,1210,973
1211,train,1211,974
1212,train,1212,975
1213,train,1213,976
1215,train,47,978
1216,train,1066,979
1217,train,1217,980
1218,train,47,981
1220,train,1142,983
1221,train,139,984
1222,train,1222,985
1224,train,1224,986
1225,train,1225,987
1226,train,1226,988
1227,train,1227,989
1229,train,1229,991
1232,train,1232,992
1233,train,1189,993
1236,train,1217,996
1238,train,1238,997
1239,train,1239,998
1245,train,1245,1004
1246,train,1246,1005
1248,train,1248,1007
1250,train,1250,1009
1251,train,1251,1010
1252,train,1252,1011
1254,train,1254,1013
1255,train,1255,1014
1256,train,1256,1015
1257,train,1257,1016
1260,train,1260,1019
1261,train,383,1020
1262,train,1262,1021
1263,train,1263,1022
1264,train,1264,1023
1267,train,1267,1025
1268,train,469,1026
1270,train,787,1027
1271,train,1271,1028
1272,train,1272,1029
1273,train,1273,1030
1275,train,1275,1032
1276,train,1276,1033
1280,train,307,1036
1281,train,1281,1037
1282,train,1282,1038
1283,train,1283,1039
1287,train,1287,1043
1290,train,1290,1045
1292,train,1292,1046
1293,train,1293,1047
1295,train,1295,1048
1296,train,1296,1049
1297,train,1297,1050
1298,train,1297,1051
1299,train,1299,1052
1301,train,1301,1054
1303,train,1303,1056
1304,train,1304,1057
1306,train,1306,1059
1307,train,1307,1060
1308,train,1308,1061
1309,train,1309,1062
1310,train,1310,1063
1311,train,1311,1064
1312,train,1312,1065
1313,train,1313,1066
1315,train,1312,1068
1316,train,1316,1069
1317,train,1316,1070
1318,train,1312,1071
1319,train,1319,1072
1320,train,1320,1073
1322,train,47,1075
1324,train,1324,1077
1326,train,1326,1078
1330,train,811,1082
1331,train,1331,1083
1332,train,1332,1084
1333,train,1333,1085
1334,train,1334,1086
1335,train,1335,1087
1336,train,1336,1088
1338,train,1338,1090
1339,train,1339,1091
1341,train,1341,1093
1342,train,1342,1094
1345,train,1345,1097
1346,train,1346,1098
1347,train,1347,1099
1348,train,376,1100
1349,train,1349,1101
1351,train,1351,1102
1353,train,1353,1104
1354,train,1354,1105
1360,train,1360,1109
1361,train,1361,1110
1363,train,1363,1112
1366,train,1366,1115
1367,train,1367,1116
1368,train,1368,1117
1371,train,1297,1120
1372,train,1372,1121
1373,train,1373,1122
1375,train,1375,1123
1379,train,128,1126
1383,train,1383,1130
1385,train,1361,1131
1386,train,1386,1132
1388,train,1388,1134
1390,train,1390,1136
1391,train,1391,1137
1392,train,1391,1138
1394,train,1394,1140
1395,train,423,1141
1396,train,1396,1142
1397,train,1397,1143
1398,train,1398,1144
1399,train,1399,1145
1401,train,1401,1146
1402,train,1402,1147
1405,train,627,1150
1406,train,627,1151
1411,train,1411,1155
1413,train,1413,1157
1416,train,82,1159
1418,train,1418,1161
1419,train,1419,1162
1422,train,1422,1164
1424,train,627,1166
1425,train,627,1167
1426,train,1426,1168
1427,train,898,1169
1428,train,810,1170
1429,train,623,1171
1430,train,1430,1172
1431,train,623,1173
1432,train,726,1174
1433,train,726,1175
1434,train,726,1176
1435,train,1435,1177
1436,train,1436,1178
1437,train,28,1179
1439,train,23,1181
1440,train,200,1182
1441,train,1441,1183
1443,train,1443,1185
1444,train,1444,1186
1445,train,30,1187
1446,train,1446,1188
1447,train,1170,1189
1448,train,28,1190
1449,train,1449,1191
1450,train,1450,1192
1451,train,1451,1193
1453,train,1453,1195
1454,train,1454,1196
1456,train,1456,1198
1457,train,1451,1199
1459,train,811,1201
1460,train,1460,1202
1461,train,1461,1203
1462,train,1462,1204
1463,train,1463,1205
1464,train,1464,1206
1466,train,1466,1207
1468,train,1468,1209
1469,train,1469,1210
1472,train,1472,1213
1476,train,1476,1216
1479,train,1479,1218
1480,train,1480,1219
1482,train,1482,1221
1483,train,1483,1222
1486,train,1486,1225
1493,train,47,1232
1496,train,1297,1234
1497,train,1497,1235
1499,train,1499,1237
1500,train,456,1238
1501,train,456,1239
1502,train,1502,1240
1504,train,1504,1241
1506,train,1506,1243
1508,train,299,1244
1512,train,1512,1246
1514,train,1514,1248
1518,train,28,1251
1519,train,1519,1252
1520,train,1520,1253
1521,train,1521,1254
1522,train,1522,1255
1523,train,1523,1256
1526,train,1526,1257
1527,train,811,1258
1528,train,1528,1259
1529,train,1446,1260
1532,train,1466,1263
1533,train,1533,1264
1534,train,1534,1265
1539,train,566,1269
1542,train,1109,1271
1543,train,1109,1272
1544,train,1109,1273
1545,train,1545,1274
1546,train,811,1275
1547,train,1460,1276
1550,train,293,1279
1551,train,620,1280
1553,train,1553,1282
1554,train,1554,1283
1558,train,196,1286
1559,train,1559,1287
1562,train,1562,1290
1563,train,1397,1291
1568,train,1568,1294
1570,train,1570,1295
1571,train,1571,1296
1573,train,1573,1298
1574,train,1189,1299
1578,train,801,1301
1581,train,1581,1304
1582,train,1582,1305
1583,train,210,1306
1584,train,1584,1307
1586,train,47,1308
1588,train,1588,1310
1589,train,1589,1311
1591,train,1591,1313
1592,train,1592,1314
1593,train,1593,1315
1595,train,1595,1317
1596,train,1596,1318
1597,train,1597,1319
1598,train,1598,1320
1599,train,1599,1321
1600,train,1066,1322
1601,train,1601,1323
1606,train,1606,1326
1614,train,1614,1333
1616,train,947,1335
1618,train,1618,1337
1619,train,1619,1338
1620,train,1620,1339
1627,train,1627,1341
1628,train,1628,1342
1631,train,1631,1345
1632,train,1632,1346
1636,train,1636,1349
1638,train,1638,1350
1639,train,108,1351
1641,train,1641,1352
1642,train,1642,1353
1643,train,1643,1354
1645,train,1645,1356
1646,train,1646,1357
1648,train,1648,1358
1650,train,1650,1360
1651,train,1460,1361
1653,train,1653,1362
1655,train,1655,1364
1658,train,1658,1366
1659,train,218,1367
1663,train,1333,1371
1664,train,1664,1372
1666,train,1666,1374
1667,train,1667,1375
1668,train,1668,1376
1670,train,1670,1378
1671,train,1671,1379
1672,train,1672,1380
1673,train,1673,1381
1675,train,1675,1383
1676,train,1676,1384
1677,train,1677,1385
1680,train,1680,1387
1681,train,1681,1388
1684,train,1684,1391
1685,train,1685,1392
1687,train,1687,1394
1690,train,1685,1397
1691,train,1691,1398
1692,train,1692,1399
1694,train,1694,1401
1698,train,1308,1403
1700,train,1700,1405
1702,train,1702,1406
1703,train,1703,1407
1705,train,1705,1409
1706,train,1706,1410
1708,train,1705,1412
1709,train,1709,1413
1713,train,1709,1416
1714,train,1714,1417
1715,train,1715,1418
1716,train,1716,1419
1719,train,1719,1422
1720,train,1720,1423
1722,train,1722,1425
1723,train,1723,1426
1724,train,1724,1427
1726,train,1726,1429
1727,train,799,1430
1728,train,799,1431
1731,train,1731,1434
1732,train,1732,1435
1733,train,1733,1436
1734,train,801,1437
1736,train,1627,1438
1737,train,801,1439
1738,train,801,1440
1742,train,1742,1444
1743,train,1036,1445
1744,train,1744,1446
1746,train,1687,1447
1747,train,1687,1448
1748,train,1748,1449
1750,train,1750,1451
1751,train,1751,1452
1753,train,1134,1454
1756,train,1066,1457
1757,train,1066,1458
1758,train,881,1459
1759,train,881,1460
1766,train,1766,1465
1767,train,1767,1466
1769,train,1769,1468
1770,train,1770,1469
1772,train,1772,1471
1773,train,1773,1472
1774,train,1774,1473
1775,train,1775,1474
1776,train,47,1475
1778,train,1778,1476
1779,train,1522,1477
1780,train,1780,1478
1783,train,1783,1481
1785,train,1785,1483
1789,train,834,1487
1790,train,1790,1488
1792,train,1792,1490
1794,train,1794,1492
1796,train,1796,1494
1798,train,1798,1496
1799,train,1799,1497
1802,train,1802,1500
1803,train,1803,1501
1805,train,1805,1502
1807,train,1807,1503
1808,train,1808,1504
1810,train,1810,1506
1811,train,1811,1507
1813,train,881,1509
1814,train,1814,1510
1815,train,1815,1511
1817,train,1817,1513
1819,train,1819,1514
1822,train,1822,1517
1824,train,1824,1519
1826,train,1826,1521
1827,train,1827,1522
1832,train,1832,1525
1833,train,1833,1526
1834,train,1834,1527
1835,train,1835,1528
1836,train,1836,1529
1837,train,1837,1530
1838,train,1838,1531
1841,train,1841,1534
1842,train,1842,1535
1844,train,1844,1536
1846,train,1796,1538
1847,train,1847,1539
1849,train,1849,1541
1850,train,1849,1542
1851,train,1849,1543
1853,train,1853,1545
1855,train,1855,1547
1858,train,1858,1549
1859,train,1859,1550
1864,train,1864,1553
1866,train,1866,1555
1867,train,1867,1556
1868,train,1868,1557
1869,train,1869,1558
1870,train,1870,1559
1872,train,1066,1561
1873,train,1873,1562
1875,train,1875,1564
1876,train,1876,1565
1877,train,1877,1566
1878,train,1878,1567
1880,train,1880,1569
1884,train,1884,1572
1886,train,1886,1573
1887,train,1887,1574
1889,train,1889,1575
1890,train,1890,1576
1891,train,1796,1577
1892,train,1892,1578
1894,train,1894,1579
1895,train,1895,1580
1896,train,1849,1581
1897,train,1897,1582
1899,train,1899,1583
1900,train,1900,1584
1901,train,1901,1585
1904,train,1904,1587
1905,train,1905,1588
1906,train,1906,1589
1907,train,47,1590
1909,train,1909,1592
1910,train,1074,1593
1911,train,1911,1594
1913,train,1913,1596
1916,train,1916,1599
1917,train,1917,1600
1922,train,1922,1605
1923,train,1923,1606
1924,train,1100,1607
1925,train,1925,1608
1926,train,1926,1609
1931,train,1931,1611
1936,train,1936,1615
1942,train,1942,1621
1944,train,1944,1623
1947,train,1947,1625
1948,train,1948,1626
1952,train,1952,1630
1953,train,1953,1631
1954,train,1675,1632
1955,train,1955,1633
1957,train,1957,1635
1959,train,1959,1637
1960,train,1133,1638
1966,train,1966,1644
1967,train,1842,1645
1968,train,323,1646
1979,train,1979,1654
1980,train,1980,1655
1981,train,1981,1656
1982,train,1982,1657
1985,train,47,1659
1986,train,1986,1660
1989,train,1989,1663
1991,train,1062,1665
1993,train,1993,1666
1995,train,1995,1668
1996,train,1996,1669
1997,train,1997,1670
1998,train,1998,1671
1999,train,383,1672
2000,train,2000,1673
2001,train,811,1674
2002,train,2002,1675
2006,train,2006,1676
2007,train,2007,1677
2008,train,2008,1678
2010,train,2010,1680
2011,train,2011,1681
2012,train,2012,1682
2013,train,2013,1683
2014,train,2014,1684
2015,train,196,1685
2020,train,2020,1690
2021,train,2021,1691
2022,train,2021,1692
2023,train,2023,1693
2024,train,2021,1694
2025,train,2025,1695
2027,train,2027,1696
2028,train,2028,1697
2029,train,2029,1698
2031,train,2031,1699
2033,train,2027,1701
2034,train,2028,1702
2035,train,2029,1703
2036,train,2027,1704
2037,train,2028,1705
2038,train,2029,1706
2040,train,2040,1707
2048,train,2048,1713
2049,train,33,1714
2050,train,221,1715
2051,train,221,1716
2054,train,799,1717
2056,train,2056,1718
2059,train,47,1719
2061,train,2061,1721
2063,train,2063,1723
2068,train,2068,1728
2073,train,2073,1732
2076,train,2076,1734
2079,train,2079,1737
2082,train,2082,1740
2084,train,2084,1742
2086,train,2086,1744
2087,train,2087,1745
2088,train,2088,1746
2092,train,2092,1749
2094,train,2092,1751
2095,train,1859,1752
2096,train,2092,1753
2099,train,2099,1754
2103,train,1805,1756
2104,train,1805,1757
2105,train,2105,1758
2106,train,1805,1759
2107,train,2107,1760
2108,train,2108,1761
2109,train,1217,1762
2113,train,2113,1765
2114,train,2114,1766
2115,train,2115,1767
2116,train,2116,1768
2125,train,2125,1773
2126,train,2126,1774
2128,train,2125,1776
2130,train,659,1778
2135,train,2125,1781
2136,train,2136,1782
2140,train,1868,1786
2145,train,1066,1791
2146,train,2146,1792
2147,train,2147,1793
2148,train,2148,1794
2149,train,2149,1795
2154,train,1826,1799
2155,train,2155,1800
2157,train,2157,1802
2160,train,2082,1805
2166,train,2166,1811
2167,train,2167,1812
2168,train,2168,1813
2169,train,79,1814
2170,train,2170,1815
2173,train,142,1818
2174,train,2174,1819
2178,train,2178,1821
2181,train,2181,1823
2182,train,2182,1824
2183,train,2183,1825
2185,train,2185,1826
2188,train,2188,1829
2189,train,2189,1830
2193,train,1306,1833
2196,train,2196,1835
2197,train,2197,1836
2199,train,2199,1838
2200,train,1042,1839
2205,train,2205,1842
2206,train,2206,1843
2207,train,2207,1844
2208,train,2208,1845
2210,train,2210,1847
2211,train,2211,1848
2212,train,2212,1849
2213,train,2213,1850
2214,train,2214,1851
2215,train,2215,1852
2216,train,2216,1853
2217,train,2217,1854
2220,train,142,1856
2223,train,2223,1859
2224,train,2224,1860
2227,train,2227,1862
2231,train,1751,1864
2232,train,2232,1865
2233,train,2233,1866
2234,train,2181,1867
2235,train,2235,1868
2236,train,2236,1869
2239,train,2239,1872
2241,train,2241,1874
2242,train,2242,1875
2246,train,2246,1879
2250,train,406,1883
2253,train,2253,1886
2254,train,2253,1887
2255,train,2255,1888
2256,train,2256,1889
2259,train,2259,1892
2260,train,2255,1893
2261,train,2255,1894
2263,train,2263,1896
2267,train,2267,1900
2268,train,2268,1901
2270,train,2270,1903
2272,train,947,1905
2273,train,2273,1906
2275,train,2275,1907
2278,train,2278,1910
2279,train,2208,1911
2281,train,2281,1913
2289,train,2289,1919
2290,train,2040,1920
2292,train,2292,1921
2294,train,2294,1923
2296,train,2296,1925
2297,train,2297,1926
2298,train,2298,1927
2299,train,2299,1928
2301,train,2301,1929
2302,train,2302,1930
2303,train,2303,1931
2304,train,475,1932
2305,train,2305,1933
2306,train,2306,1934
2308,train,2308,1936
2309,train,2309,1937
2312,train,979,1940
2316,train,2316,1944
2317,train,2317,1945
2318,train,734,1946
2324,train,2324,1950
2325,train,2073,1951
2326,train,2326,1952
2327,train,2327,1953
2332,train,2332,1958
2333,train,2332,1959
2334,train,2334,1960
2338,train,2338,1964
2340,train,2340,1966
2341,train,710,1967
2343,train,2343,1968
2344,train,2344,1969
2346,train,2259,1971
2347,train,2092,1972
2348,train,151,1973
2350,train,12,1975
2351,train,2351,1976
2353,train,1211,1977
2357,train,2357,1980
2358,train,1562,1981
2359,train,1562,1982
2362,train,2362,1985
2366,train,2366,1988
2367,train,2367,1989
2368,train,2367,1990
2371,train,2371,1993
2372,train,2367,1994
2373,train,2373,1995
2377,train,2377,1997
2379,train,2377,1998
2380,train,2380,1999
2381,train,2381,2000
2382,train,2382,2001
2386,train,2386,2003
2388,train,2388,2005
2390,train,2390,2006
2393,train,2393,2008
2394,train,2394,2009
2395,train,2395,2010
2397,train,2395,2012
2399,train,2399,2013
2401,train,2401,2014
2402,train,2402,2015
2404,train,2316,2017
2405,train,2405,2018
2409,train,2409,2021
2410,train,1271,2022
2413,train,2413,2024
2414,train,2414,2025
2415,train,793,2026
2416,train,1271,2027
2417,train,2417,2028
2418,train,2367,2029
2419,train,2419,2030
2422,train,2422,2033
2425,train,2425,2035
2427,train,2427,2037
2428,train,151,2038
2429,train,151,2039
2430,train,2306,2040
2431,train,2431,2041
2433,train,2433,2043
2434,train,2394,2044
2437,train,2437,2047
2439,train,2395,2048
2441,train,2441,2050
2442,train,2442,2051
2443,train,2443,2052
2444,train,2334,2053
2445,train,2334,2054
2446,train,1042,2055
2447,train,12,2056
2454,train,2454,2063
2455,train,151,2064
2456,train,2456,2065
2457,train,2457,2066
2458,train,2458,2067
2460,train,2460,2069
2461,train,2461,2070
2462,train,1037,2071
2463,train,2463,2072
2464,train,2464,2073
2466,train,196,2075
2467,train,122,2076
2468,train,82,2077
2469,train,1157,2078
2470,train,1036,2079
2471,train,2471,2080
2472,train,2472,2081
2473,train,2473,2082
2476,train,151,2085
2477,train,2477,2086
2482,train,2482,2088
2485,train,2485,2091
2487,train,2487,2093
2488,train,2488,2094
2489,train,2489,2095
2490,train,249,2096
2491,train,307,2097
2492,train,307,2098
2495,train,2495,2101
2496,train,2496,2102
2498,train,2498,2104
2501,train,2501,2107
2502,train,2502,2108
2505,train,1367,2111
2506,train,2506,2112
2507,train,4,2113
2508,train,937,2114
2509,train,2509,2115
2511,train,2511,2117
2515,train,2515,2118
2519,train,2519,2121
2521,train,623,2123
2524,train,2524,2125
2525,train,2525,2126
2526,train,2526,2127
2528,train,2528,2129
2529,train,2529,2130
2532,train,2532,2132
2533,train,2533,2133
2534,train,2534,2134
2535,train,962,2135
2538,train,1160,2138
2539,train,920,2139
2544,train,2544,2143
2545,train,2545,2144
2546,train,1345,2145
2548,train,2548,2146
2549,train,2548,2147
2550,train,2548,2148
2555,train,2555,2151
2556,train,1189,2152
2557,train,1189,2153
2558,train,746,2154
2564,train,1299,2160
2565,train,2565,2161
2566,train,2565,2162
2567,train,2092,2163
2570,train,2570,2165
2573,train,2573,2166
2574,train,2574,2167
2576,train,182,2168
2577,train,2577,2169
2579,train,221,2171
2581,train,2581,2172
2585,train,2585,2174
2586,train,2586,2175
2587,train,2586,2176
2588,train,2588,2177
2590,train,2590,2179
2593,train,2593,2182
2594,train,2593,2183
2595,train,2595,2184
2596,train,2596,2185
2597,train,2597,2186
2598,train,2598,2187
2604,train,2604,2192
2605,train,2605,2193
2607,train,2082,2194
2609,train,2609,2196
2612,train,2612,2198
2613,train,979,2199
2614,train,2614,2200
2615,train,2615,2201
2616,train,2616,2202
2618,train,2618,2204
2621,train,1672,2206
2623,train,2623,2208
2624,train,2624,2209
2629,train,2629,2211
2632,train,2632,2214
2633,train,2633,2215
2634,train,2633,2216
2635,train,2635,2217
2637,train,2637,2218
2639,train,2639,2220
2641,train,2511,2222
2642,train,2548,2223
2644,train,799,2225
2647,train,754,2227
2648,train,2648,2228
2649,train,2648,2229
2650,train,2648,2230
2651,train,1827,2231
2652,train,2652,2232
2657,train,2657,2237
2659,train,2659,2239
2660,train,2660,2240
2661,train,12,2241
2666,train,1299,2246
2667,train,249,2247
2669,train,2669,2249
2670,train,2670,2250
2674,train,2224,2252
2680,train,2680,2256
2682,train,2682,2257
2689,train,2689,2262
2690,train,2690,2263
2692,train,2692,2265
2693,train,2693,2266
2694,train,2694,2267
2695,train,2695,2268
2698,train,2698,2271
2699,train,1006,2272
2700,train,2700,2273
2702,train,2702,2274
2706,train,2706,2277
2707,train,2707,2278
2709,train,210,2279
2710,train,2710,2280
2713,train,2713,2282
2714,train,2714,2283
2716,train,2716,2285
2717,train,2717,2286
2719,train,2719,2287
2720,train,2720,2288
2722,train,2720,2290
2725,train,2725,2291
2726,train,2386,2292
2728,train,2720,2294
2729,train,2720,2295
2730,train,2730,2296
2732,train,2732,2298
2736,train,2720,2300
2742,train,2742,2303
2753,train,2586,2312
2754,train,2754,2313
2758,train,2758,2317
2759,train,2759,2318
2760,train,4,2319
2761,train,2761,2320
2764,train,2764,2322
2766,train,2766,2323
2769,train,2769,2326
2770,train,2586,2327
2771,train,2771,2328
2772,train,2772,2329
2773,train,2648,2330
2774,train,2698,2331
2777,train,2692,2334
2780,train,2780,2337
2781,train,2781,2338
2782,train,2782,2339
2787,train,2787,2342
2789,train,1868,2344
2790,train,2790,2345
2791,train,2791,2346
2794,train,1868,2349
2797,train,2797,2352
2799,train,2799,2353
2801,train,2801,2355
2803,train,2803,2356
2809,train,1046,2362
2827,train,2827,2368
2828,train,2828,2369
2830,train,2830,2371
2831,train,2831,2372
2833,train,2833,2374
2834,train,2834,2375
2835,train,2835,2376
2839,train,2839,2380
2840,train,1189,2381
2842,train,1995,2383
2847,train,1308,2384
2848,train,2848,2385
2849,train,973,2386
2852,train,2852,2389
2853,train,1859,2390
2855,train,2855,2392
2857,train,2857,2393
2859,train,2859,2395
2860,train,1792,2396
2861,train,1796,2397
2862,train,1796,2398
2863,train,2863,2399
2865,train,2865,2401
2866,train,2866,2402
2868,train,726,2403
2869,train,2869,2404
2870,train,1367,2405
2871,train,2871,2406
2874,train,2874,2408
2878,train,2878,2410
2879,train,323,2411
2880,train,2880,2412
2881,train,323,2413
2882,train,2882,2414
2883,train,2883,2415
2884,train,2884,2416
2887,train,1868,2417
2889,train,2889,2419
2891,train,2526,2421
2894,train,2894,2422
2895,train,2895,2423
2896,train,2895,2424
2897,train,2895,2425
2898,train,2895,2426
2899,train,2895,2427
2900,train,2900,2428
2901,train,2895,2429
2902,train,2895,2430
2903,train,2895,2431
2904,train,2895,2432
2905,train,2895,2433
2906,train,2906,2434
2907,train,2907,2435
2908,train,2908,2436
2909,train,2909,2437
2910,train,2217,2438
2911,train,2911,2439
2912,train,2912,2440
2923,train,2923,2450
2924,train,1916,2451
2929,train,1360,2456
2933,train,987,2459
2935,train,2935,2461
2937,train,2937,2463
2939,train,2939,2464
2942,train,2942,2467
2943,train,2943,2468
2944,train,2944,2469
2945,train,2945,2470
2947,train,2947,2472
2949,train,1792,2474
2950,train,726,2475
2951,train,2660,2476
2954,train,2954,2479
2955,train,2878,2480
2957,train,2895,2482
2958,train,2895,2483
2959,train,2895,2484
2961,train,2961,2485
2964,train,2964,2488
2965,train,2964,2489
2967,train,2964,2491
2968,train,2968,2492
2970,train,2970,2494
2973,train,2973,2496
2975,train,2565,2497
2976,train,2565,2498
2978,train,2968,2499
2979,train,2011,2500
2987,train,2987,2504
2991,train,2991,2508
2992,train,249,2509
2993,train,2993,2510
2995,train,2995,2512
2997,train,2997,2513
2998,train,2998,2514
3000,train,3000,2515
3002,train,299,2516
3003,train,229,2517
3004,train,2895,2518
3007,train,1271,2521
3008,train,3008,2522
3009,train,3009,2523
3012,train,1303,2525
3013,train,307,2526
3015,train,2413,2528
3017,train,3017,2529
3018,train,3018,2530
3019,train,973,2531
3020,train,973,2532
3022,train,3022,2534
3023,train,420,2535
3025,train,3025,2536
3026,train,3022,2537
3034,train,3034,2544
3035,train,2115,2545
3036,train,249,2546
3039,train,3039,2549
3042,train,3042,2552
3043,train,3043,2553
3044,train,3044,2554
3045,train,3044,2555
3046,train,3046,2556
3050,train,1366,2560
3052,train,2386,2561
3055,train,3055,2564
3056,train,3056,2565
3057,train,3057,2566
3058,train,3058,2567
3059,train,3059,2568
3061,train,3061,2570
3064,train,3064,2573
3065,train,3065,2574
3066,train,3066,2575
3067,train,2092,2576
3071,train,3071,2580
3073,train,2895,2581
3078,train,3078,2585
3083,train,3083,2590
3084,train,3084,2591
3085,train,3084,2592
3086,train,3086,2593
3087,train,3086,2594
3088,train,3088,2595
3089,train,3089,2596
3090,train,3090,2597
3092,train,3092,2599
3096,train,3096,2603
3098,train,1868,2605
3099,train,1868,2606
3100,train,3100,2607
3101,train,3101,2608
3102,train,3102,2609
3103,train,3103,2610
3104,train,1826,2611
3105,train,1826,2612
3106,train,3089,2613
3107,train,3107,2614
3108,train,3108,2615
3109,train,3109,2616
3110,train,3086,2617
3115,train,3115,2622
3117,train,249,2623
3118,train,249,2624
3119,train,249,2625
3120,train,249,2626
3121,train,3121,2627
3122,train,249,2628
3123,train,1853,2629
3124,train,3108,2630
3125,train,3125,2631
3126,train,182,2632
3128,train,3128,2634
3129,train,12,2635
3131,train,1454,2637
3134,train,3134,2639
3135,train,3135,2640
3136,train,218,2641
3137,train,449,2642
3140,train,3140,2645
3142,train,3142,2647
3146,train,627,2649
3151,train,3151,2652
3152,train,3151,2653
3153,train,3151,2654
3154,train,249,2655
3156,train,659,2656
3157,train,659,2657
3158,train,659,2658
3160,train,659,2659
3161,train,659,2660
3162,train,3162,2661
3164,train,3164,2663
3169,train,3169,2664
3171,train,3169,2666
3172,train,3172,2667
3173,train,3172,2668
3175,train,3175,2670
3176,train,3176,2671
3179,train,3179,2674
3181,train,1353,2676
3182,train,3182,2677
3183,train,1011,2678
3184,train,3184,2679
3185,train,603,2680
3186,train,659,2681
3187,train,659,2682
3188,train,3172,2683
3189,train,3189,2684
3191,train,3191,2685
3192,train,3192,2686
3193,train,659,2687
3195,train,3195,2689
3197,train,3197,2690
3199,train,3199,2692
3200,train,3200,2693
3201,train,3201,2694
3203,train,3203,2696
3204,train,3203,2697
3205,train,2306,2698
3206,train,3206,2699
3207,train,3207,2700
3208,train,3208,2701
3209,train,3209,2702
3213,train,3213,2706
3214,train,3214,2707
3216,train,3216,2709
3217,train,3217,2710
3218,train,3218,2711
3224,train,3224,2713
3227,train,3227,2716
3230,train,3230,2718
3231,train,3231,2719
3232,train,3232,2720
3235,train,1466,2723
3236,train,108,2724
3237,train,108,2725
3239,train,2305,2726
3240,train,659,2727
3242,train,3242,2729
3243,train,3243,2730
3245,train,3245,2732
3246,train,3246,2733
3249,train,3249,2735
3250,train,3249,2736
3251,train,2157,2737
3253,train,3253,2739
3254,train,3254,2740
3255,train,3255,2741
3257,train,3257,2742
3259,train,3259,2744
3260,train,3260,2745
3262,train,249,2747
3264,train,3264,2749
3265,train,3265,2750
3266,train,3266,2751
3267,train,3267,2752
3268,train,3268,2753
3271,train,2027,2755
3272,train,3272,2756
3273,train,3273,2757
3274,train,3274,2758
3276,train,1046,2760
3277,train,142,2761
3279,train,3279,2762
3280,train,3280,2763
3281,train,1134,2764
3284,train,3284,2766
3285,train,3285,2767
3288,train,3288,2768
3294,train,1109,2770
3295,train,3295,2771
3297,train,3297,2772
3298,train,1036,2773
3300,train,3300,2775
3302,train,3302,2777
3303,train,3302,2778
3304,train,3304,2779
3305,train,3305,2780
3306,train,3306,2781
3307,train,3307,2782
3308,train,3308,2783
3310,train,3310,2785
3312,train,3312,2787
3314,train,3314,2788
3315,train,3314,2789
3316,train,3314,2790
3317,train,3314,2791
3318,train,3314,2792
3319,train,3319,2793
3321,train,3321,2794
3325,train,3325,2798
3326,train,3325,2799
3327,train,3327,2800
3329,train,3329,2802
3330,train,1668,2803
3332,train,122,2805
3335,train,3335,2808
3336,train,3335,2809
3337,train,3337,2810
3341,train,3341,2814
3342,train,3342,2815
3343,train,3343,2816
3344,train,3344,2817
3345,train,122,2818
3346,train,3325,2819
3351,train,3351,2822
3352,train,3352,2823
3358,train,3325,2827
3360,train,1504,2829
3361,train,3361,2830
3362,train,3362,2831
3369,train,3369,2836
3370,train,3370,2837
3375,train,1366,2839
3377,train,3377,2841
3378,train,3378,2842
3379,train,3379,2843
3380,train,659,2844
3382,train,3382,2845
3383,train,973,2846
3384,train,3384,2847
3386,train,3386,2849
3388,train,3384,2851
3395,train,3395,2856
3398,train,1164,2859
3400,train,3400,2861
3401,train,3401,2862
3402,train,3402,2863
3404,train,3404,2865
3405,train,3405,2866
3406,train,3406,2867
3408,train,3408,2868
3409,train,3409,2869
3410,train,122,2870
3411,train,3411,2871
3414,train,3414,2874
3415,train,3415,2875
3416,train,3415,2876
3423,train,3423,2883
3424,train,3424,2884
3425,train,3425,2885
3426,train,3426,2886
3428,train,3428,2887
3431,train,3431,2889
3432,train,3432,2890
3434,train,3434,2892
3437,train,2586,2895
3441,train,3441,2899
3444,train,3444,2901
3445,train,3445,2902
3446,train,3446,2903
3447,train,3447,2904
3450,train,3450,2907
3453,train,3453,2910
3454,train,3454,2911
3457,train,3457,2913
3458,train,3458,2914
3461,train,3461,2917
3462,train,3462,2918
3463,train,3463,2919
3464,train,3464,2920
3465,train,3464,2921
3466,train,3466,2922
3467,train,3467,2923
3469,train,1398,2925
3470,train,3470,2926
3473,train,999,2929
3474,train,623,2930
3475,train,3475,2931
3477,train,3477,2933
3478,train,3478,2934
3479,train,3479,2935
3480,train,3480,2936
3485,train,3485,2941
3486,train,979,2942
3494,train,3494,2948
3495,train,3495,2949
3496,train,3496,2950
3497,train,3497,2951
3499,train,2332,2953
3500,train,1653,2954
3501,train,3501,2955
3502,train,2332,2956
3509,train,3509,2962
3510,train,3510,2963
3512,train,3512,2965
3513,train,3513,2966
3515,train,2332,2968
3516,train,3516,2969
3517,train,2332,2970
3518,train,2889,2971
3520,train,3520,2973
3522,train,3522,2975
3523,train,3523,2976
3526,train,3526,2978
3529,train,1366,2981
3530,train,3530,2982
3531,train,2206,2983
3536,train,3536,2987
3538,train,182,2989
3540,train,122,2990
3541,train,3384,2991
3543,train,51,2993
3545,train,3545,2995
3548,train,3548,2997
3549,train,3549,2998
3550,train,3550,2999
3552,train,3552,3001
3553,train,357,3002
3555,train,2694,3004
3557,train,3557,3006
3558,train,3558,3007
3562,train,2894,3011
3567,train,1170,3015
3568,train,3568,3016
3569,train,3568,3017
3572,train,3568,3019
3573,train,3568,3020
3574,train,3314,3021
3576,train,3576,3023
3578,train,3578,3025
3580,train,3580,3027
3590,train,3590,3032
3591,train,3591,3033
3593,train,3593,3035
3595,train,3595,3037
3596,train,3596,3038
3598,train,3598,3040
3599,train,2454,3041
3603,train,108,3043
3605,train,3605,3045
3606,train,3606,3046
3607,train,3607,3047
3608,train,3608,3048
3610,train,3610,3049
3611,train,3611,3050
3613,train,3613,3052
3622,train,3622,3058
3624,train,3624,3060
3627,train,3260,3061
3629,train,3629,3063
3632,train,3632,3066
3634,train,2528,3067
3635,train,3635,3068
3641,train,3641,3071
3642,train,3642,3072
3645,train,3645,3075
3646,train,1792,3076
3650,train,1868,3080
3657,train,1451,3082
3661,train,3661,3084
3663,train,3663,3086
3665,train,3665,3088
3668,train,3668,3091
3669,train,3669,3092
3672,train,1126,3095
3673,train,3673,3096
3674,train,3674,3097
3675,train,3675,3098
3676,train,1398,3099
3677,train,3677,3100
3678,train,3678,3101
3680,train,3680,3103
3681,train,3681,3104
3682,train,150,3105
3683,train,3683,3106
3684,train,3135,3107
3690,train,3690,3110
3691,train,3691,3111
3692,train,3691,3112
3694,train,3694,3114
3697,train,3415,3116
3698,train,3698,3117
3699,train,3699,3118
3700,train,3700,3119
3701,train,3701,3120
3702,train,3702,3121
3704,train,210,3123
3710,train,1826,3127
3711,train,3711,3128
3712,train,3712,3129
3713,train,3713,3130
3714,train,3714,3131
3716,train,3716,3133
3717,train,3717,3134
3718,train,420,3135
3720,train,3720,3137
3723,train,3723,3139
3724,train,3724,3140
3725,train,3725,3141
3726,train,3726,3142
3728,train,3728,3144
3730,train,3730,3146
3731,train,3731,3147
3732,train,3732,3148
3733,train,3733,3149
3737,train,3737,3152
3738,train,3738,3153
3740,train,3740,3155
3741,train,3725,3156
3743,train,3743,3158
3744,train,3744,3159
3745,train,3745,3160
3748,train,3748,3163
3751,train,1868,3164
3752,train,1785,3165
3753,train,3753,3166
3754,train,3754,3167
3757,train,1133,3170
3758,train,3758,3171
3759,train,3759,3172
3760,train,709,3173
3761,train,3761,3174
3762,train,3762,3175
3764,train,3764,3177
3767,train,3767,3179
3768,train,3768,3180
3771,train,1010,3181
3773,train,3773,3183
3774,train,3774,3184
3777,train,3777,3187
3778,train,3778,3188
3780,train,3780,3190
3781,train,3781,3191
3785,train,3785,3194
3786,train,3786,3195
3788,train,3788,3197
3790,train,3790,3199
3791,train,1174,3200
3792,train,3792,3201
3794,train,3794,3203
3797,train,1100,3206
3799,train,3799,3207
3800,train,3800,3208
3803,train,3803,3211
3805,train,3805,3213
3807,train,3807,3214
3808,train,3808,3215
3810,train,3810,3217
3811,train,3811,3218
3813,train,3813,3219
3815,train,3815,3221
3816,train,3816,3222
3819,train,3819,3224
3822,train,3822,3227
3823,train,2281,3228
3824,train,3824,3229
3826,train,3826,3230
3829,train,3829,3233
3830,train,3830,3234
3833,train,3833,3236
3837,train,3837,3240
3838,train,3837,3241
3840,train,3837,3243
3841,train,3841,3244
3842,train,3325,3245
3843,train,3843,3246
3844,train,3325,3247
3845,train,3325,3248
3846,train,3846,3249
3850,train,3325,3253
3851,train,3325,3254
3852,train,2332,3255
3853,train,3853,3256
3854,train,3853,3257
3857,train,3857,3259
3858,train,3858,3260
3859,train,3859,3261
3860,train,3860,3262
3862,train,3325,3264
3863,train,3325,3265
3864,train,3325,3266
3865,train,3325,3267
3866,train,3325,3268
3867,train,3325,3269
3868,train,3325,3270
3869,train,3846,3271
3873,train,3325,3274
3874,train,3874,3275
3875,train,3731,3276
3877,train,3860,3277
3878,train,3325,3278
3882,train,3882,3281
3883,train,3883,3282
3884,train,973,3283
3885,train,3325,3284
3886,train,3325,3285
3889,train,3889,3286
3890,train,970,3287
3891,train,3891,3288
3893,train,1584,3290
3894,train,3894,3291
3895,train,3325,3292
3896,train,3896,3293
3898,train,3898,3295
3899,train,3899,3296
3900,train,3900,3297
3903,train,1283,3300
3904,train,3904,3301
3905,train,2437,3302
3907,train,3907,3304
3908,train,3908,3305
3910,train,3910,3307
3911,train,3911,3308
3914,train,3914,3311
3915,train,3915,3312
3919,train,3919,3316
3920,train,3920,3317
3921,train,3921,3318
3922,train,3922,3319
3925,train,3925,3321
3927,train,3927,3323
3928,train,3928,3324
3930,train,3928,3326
3931,train,3931,3327
3932,train,1,3328
3933,train,3933,3329
3934,train,3934,3330
3936,train,3415,3331
3937,train,3937,3332
3938,train,1161,3333
3940,train,811,3335
3941,train,3941,3336
3942,train,1916,3337
3943,train,1916,3338
3944,train,3944,3339
3946,train,1916,3341
3948,train,3948,3343
3949,train,3949,3344
3951,train,3951,3346
3952,train,3952,3347
3956,train,3956,3351
3958,train,30,3353
3959,train,3959,3354
3960,train,3960,3355
3961,train,3961,3356
3962,train,3951,3357
3963,train,3963,3358
3964,train,3964,3359
3967,train,3967,3362
3968,train,3968,3363
3971,train,1209,3365
3972,train,1664,3366
3975,train,3975,3368
3976,train,3976,3369
3977,train,3977,3370
3978,train,682,3371
3979,train,3979,3372
3980,train,782,3373
3981,train,3981,3374
3985,train,3985,3378
3987,train,3987,3379
3988,train,3988,3380
3990,train,3990,3381
3991,train,3991,3382
3993,train,2648,3383
3994,train,3994,3384
3995,train,3995,3385
3996,train,3996,3386
3997,train,3997,3387
4000,train,4000,3388
4001,train,4001,3389
4002,train,1174,3390
4006,train,4006,3394
4008,train,659,3395
4011,train,4011,3398
4012,train,4012,3399
4014,train,682,3400
4016,train,4016,3402
4017,train,4017,3403
4018,train,4018,3404
4019,train,2092,3405
4020,train,2092,3406
4023,train,2092,3408
4025,train,4025,3410
4026,train,4026,3411
4027,train,4027,3412
4030,train,4030,3415
4031,train,4031,3416
4033,train,4033,3418
4034,train,4034,3419
4037,train,4037,3422
4038,train,4038,3423
4041,train,2526,3425
4045,train,4045,3427
4046,train,4046,3428
4047,train,4047,3429
4049,train,4049,3430
4050,train,218,3431
4052,train,4052,3432
4054,train,4054,3434
4056,train,4056,3436
4057,train,4057,3437
4058,train,4058,3438
4060,train,4060,3440
4066,train,4066,3446
4068,train,4068,3448
4069,train,4069,3449
4072,train,4072,3451
4073,train,4073,3452
4074,train,726,3453
4075,train,726,3454
4076,train,4076,3455
4077,train,4077,3456
4081,train,3711,3458
4084,train,4084,3460
4085,train,4085,3461
4087,train,4087,3463
4088,train,4088,3464
4091,train,970,3466
4093,train,4093,3467
4094,train,3169,3468
4095,train,4095,3469
4096,train,4095,3470
4099,train,2781,3473
4102,train,4102,3475
4103,train,4103,3476
4104,train,4104,3477
4105,train,4105,3478
4106,train,4106,3479
4107,train,726,3480
4108,train,4108,3481
4109,train,4109,3482
4112,train,4112,3485
4114,train,4114,3487
4115,train,4115,3488
4117,train,3169,3490
4118,train,4095,3491
4122,train,4122,3493
4124,train,4124,3495
4125,train,4125,3496
4127,train,4127,3498
4128,train,4128,3499
4135,train,4135,3505
4138,train,2791,3508
4144,train,4144,3514
4145,train,4145,3515
4146,train,4146,3516
4147,train,4147,3517
4148,train,4148,3518
4149,train,4149,3519
4150,train,4150,3520
4155,train,4155,3524
4156,train,1209,3525
4158,train,1454,3527
4159,train,4159,3528
4160,train,4160,3529
4163,train,4163,3531
4166,train,4166,3532
4167,train,4167,3533
4168,train,4168,3534
4171,train,4171,3536
4172,train,4172,3537
4173,train,4173,3538
4175,train,4175,3540
4176,train,3224,3541
4177,train,3224,3542
4178,train,3224,3543
4179,train,3224,3544
4180,train,3224,3545
4181,train,3224,3546
4184,train,799,3547
4187,train,4187,3549
4189,train,4187,3551
4195,train,4195,3557
4200,train,4200,3562
4201,train,4201,3563
4206,train,4206,3568
4207,train,4207,3569
4208,train,4208,3570
4209,train,4209,3571
4212,train,4212,3573
4215,train,881,3576
4216,train,4216,3577
4217,train,4217,3578
4218,train,4218,3579
4219,train,4218,3580
4222,train,4222,3583
4223,train,4223,3584
4224,train,4223,3585
4226,train,4226,3587
4227,train,4223,3588
4229,train,1664,3589
4230,train,2437,3590
4236,train,4236,3596
4238,train,4238,3598
4239,train,2944,3599
4241,train,4241,3601
4242,train,4242,3602
4243,train,4243,3603
4244,train,4244,3604
4245,train,4245,3605
4246,train,4246,3606
4247,train,4246,3607
4248,train,4246,3608
4249,train,4249,3609
4250,train,4250,3610
4251,train,4251,3611
4252,train,4251,3612
4253,train,4253,3613
4254,train,4254,3614
4255,train,4255,3615
4256,train,4256,3616
4258,train,4095,3618
4259,train,4259,3619
4260,train,4260,3620
4264,train,3794,3624
4267,train,3590,3627
4268,train,3590,3628
4269,train,3590,3629
4273,train,3837,3631
4281,train,4281,3636
4282,train,4282,3637
4286,train,406,3639
4287,train,3728,3640
4291,train,4291,3643
4292,train,3172,3644
4293,train,4293,3645
4294,train,4294,3646
4295,train,4295,3647
4299,train,51,3651
4300,train,4300,3652
4302,train,4302,3654
4306,train,4306,3658
4309,train,4309,3661
4311,train,4311,3663
4312,train,4312,3664
4313,train,4312,3665
4314,train,4312,3666
4315,train,4315,3667
4316,train,4315,3668
4317,train,4317,3669
4318,train,4317,3670
4325,train,4325,3671
4327,train,4306,3673
4328,train,4328,3674
4333,train,3134,3679
4343,train,1161,3685
4344,train,4344,3686
4364,train,4364,3696
4367,train,4367,3698
4368,train,182,3699
4373,train,4373,3700
4374,train,4374,3701
4375,train,4375,3702
4377,train,4377,3703
4381,train,4381,3704
4382,train,4382,3705
4388,train,4388,3710
4390,train,4390,3711
4399,train,4399,3713
4403,train,4403,3715
4404,train,4404,3716
4405,train,3064,3717
4413,train,4413,3724
4416,train,454,3726
4417,train,4417,3727
4419,train,4419,3728
4421,train,4421,3729
4422,train,4422,3730
4423,train,4422,3731
4424,train,3590,3732
4425,train,4425,3733
4426,train,4426,3734
4428,train,4426,3736
4429,train,4429,3737
4431,train,4404,3739
4432,train,4404,3740
4437,train,4437,3744
4438,train,4438,3745
4440,train,4440,3746
4441,train,4441,3747
4442,train,4426,3748
4443,train,4443,3749
4444,train,3266,3750
4445,train,4445,3751
4446,train,3056,3752
4447,train,3266,3753
4451,train,1618,3756
4452,train,1618,3757
4456,train,4456,3759
4457,train,4457,3760
4460,train,4460,3763
4461,train,4461,3764
4463,train,4413,3765
4464,train,4464,3766
4465,train,4465,3767
4466,train,4466,3768
4467,train,4467,3769
4468,train,4467,3770
4469,train,4467,3771
4470,train,4467,3772
4471,train,4471,3773
4472,train,4472,3774
4473,train,4413,3775
4474,train,4474,3776
4480,train,4480,3781
4482,train,4482,3783
4483,train,4483,3784
4494,train,2532,3787
4495,train,4495,3788
4497,train,4497,3790
4499,train,4499,3792
4502,train,4502,3794
4503,train,734,3795
4504,train,2208,3796
4506,train,4506,3797
4507,train,4507,3798
4509,train,4509,3800
4510,train,249,3801
4512,train,4512,3802
4513,train,4513,3803
4515,train,4515,3805
4516,train,4515,3806
4517,train,4517,3807
4519,train,4443,3809
4520,train,4443,3810
4524,train,4524,3813
4525,train,82,3814
4526,train,4526,3815
4527,train,4527,3816
4530,train,4530,3817
4531,train,4531,3818
4534,train,218,3821
4535,train,4535,3822
4537,train,4537,3823
4538,train,801,3824
4541,train,4541,3825
4542,train,4542,3826
4544,train,4542,3827
4546,train,4546,3829
4547,train,4547,3830
4548,train,4548,3831
4550,train,4550,3832
4552,train,4550,3834
4553,train,4553,3835
4555,train,4550,3837
4556,train,4553,3838
4558,train,4550,3840
4559,train,4553,3841
4561,train,4553,3843
4563,train,4563,3845
4565,train,4302,3847
4567,train,4542,3848
4569,train,4569,3849
4570,train,323,3850
4571,train,4571,3851
4572,train,4572,3852
4573,train,645,3853
4575,train,4072,3854
4576,train,4034,3855
4577,train,4577,3856
4578,train,4577,3857
4579,train,4577,3858
4580,train,4577,3859
4582,train,3260,3860
4583,train,4583,3861
4584,train,4583,3862
4585,train,4583,3863
4586,train,4586,3864
4591,train,4591,3866
4592,train,3590,3867
4593,train,4593,3868
4594,train,4594,3869
4595,train,4595,3870
4596,train,3994,3871
4597,train,3536,3872
4601,train,4553,3873
4604,train,1271,3875
4606,train,4606,3877
4607,train,4577,3878
4608,train,4608,3879
4612,train,4612,3882
4615,train,4615,3885
4616,train,4616,3886
4617,train,4615,3887
4618,train,4615,3888
4625,train,4615,3895
4626,train,4626,3896
4629,train,4629,3897
4635,train,4315,3899
4637,train,4637,3900
4639,train,4639,3902
4644,train,4644,3907
4645,train,4645,3908
4646,train,4646,3909
4648,train,4426,3911
4650,train,4426,3913
4651,train,4426,3914
4652,train,4426,3915
4653,train,4426,3916
4654,train,4426,3917
4655,train,4426,3918
4656,train,4437,3919
4657,train,4426,3920
4658,train,4437,3921
4659,train,4426,3922
4660,train,4437,3923
4661,train,4426,3924
4662,train,4437,3925
4663,train,4437,3926
4664,train,4664,3927
4665,train,4437,3928
4666,train,4437,3929
4667,train,4426,3930
4668,train,4437,3931
4669,train,4426,3932
4670,train,4426,3933
4671,train,4426,3934
4672,train,4437,3935
4673,train,4673,3936
4676,train,4426,3939
4677,train,4438,3940
4678,train,4438,3941
4683,train,4426,3943
4684,train,4095,3944
4685,train,4095,3945
4686,train,3115,3946
4687,train,4687,3947
4691,train,4691,3950
4693,train,3108,3952
4697,train,4697,3954
4698,train,4698,3955
4699,train,4699,3956
4700,train,4700,3957
4701,train,4437,3958
4702,train,4426,3959
4703,train,4438,3960
4704,train,4437,3961
4707,train,4707,3964
4709,train,4709,3966
4710,train,4710,3967
4711,train,4711,3968
4712,train,4712,3969
4713,train,4713,3970
4718,train,4707,3973
4721,train,4095,3976
4723,train,4112,3978
4724,train,4724,3979
4725,train,4112,3980
4726,train,4112,3981
4727,train,4426,3982
4728,train,1174,3983
4734,train,4724,3988
4735,train,4735,3989
4736,train,1133,3990
4737,train,1133,3991
4738,train,4738,3992
4739,train,4739,3993
4740,train,4740,3994
4741,train,4741,3995
4742,train,4742,3996
4743,train,4740,3997
4745,train,4077,3999
4746,train,4426,4000
4747,train,4112,4001
4749,train,4749,4003
4750,train,4750,4004
4753,train,4742,4005
4754,train,4754,4006
4757,train,4757,4009
4759,train,1189,4010
4760,train,2224,4011
4762,train,4762,4013
4764,train,4764,4014
4765,train,4765,4015
4766,train,4766,4016
4767,train,4767,4017
4771,train,4771,4019
4773,train,1868,4021
4778,train,4778,4024
4779,train,4778,4025
4781,train,4781,4027
4788,train,4788,4033
4789,train,4788,4034
4790,train,4788,4035
4793,train,4793,4037
4794,train,4794,4038
4795,train,4526,4039
4797,train,4797,4041
4798,train,1931,4042
4799,train,1931,4043
4800,train,4800,4044
4801,train,4699,4045
4803,train,4803,4046
4805,train,4788,4047
4807,train,4807,4049
4808,train,4767,4050
4809,train,4809,4051
4810,train,4810,4052
4811,train,4810,4053
4812,train,4810,4054
4813,train,2700,4055
4814,train,4814,4056
4815,train,4815,4057
4816,train,1931,4058
4817,train,659,4059
4818,train,4818,4060
4819,train,4819,4061
4822,train,4822,4063
4826,train,659,4064
4827,train,659,4065
4828,train,659,4066
4829,train,979,4067
4831,train,3100,4068
4832,train,3100,4069
4833,train,3100,4070
4836,train,4836,4072
4838,train,4838,4074
4839,train,659,4075
4840,train,1238,4076
4841,train,4767,4077
4842,train,79,4078
4843,train,4843,4079
4844,train,4844,4080
4845,train,917,4081
4849,train,4849,4084
4850,train,3140,4085
4851,train,4849,4086
4852,train,3140,4087
4858,train,79,4093
4859,train,4859,4094
4862,train,4218,4095
4863,train,4223,4096
4864,train,4218,4097
4865,train,4226,4098
4866,train,4226,4099
4867,train,4218,4100
4868,train,4218,4101
4869,train,4218,4102
4871,train,4223,4104
4873,train,4873,4106
4875,train,79,4108
4876,train,4876,4109
4878,train,4724,4111
4879,train,4879,4112
4880,train,4880,4113
4881,train,4881,4114
4883,train,4883,4116
4884,train,4884,4117
4886,train,4886,4118
4889,train,4889,4121
4890,train,4889,4122
4893,train,4893,4125
4894,train,3426,4126
4895,train,3426,4127
4897,train,4897,4129
4898,train,4707,4130
4899,train,4707,4131
4903,train,4903,4135
4904,train,4904,4136
4905,train,4905,4137
4909,train,3426,4140
4910,train,3426,4141
4912,train,3426,4143
4913,train,3426,4144
4916,train,4916,4147
4917,train,4707,4148
4919,train,1147,4150
4921,train,4921,4151
4923,train,4923,4153
4925,train,3266,4155
4926,train,3266,4156
4930,train,4445,4157
4931,train,4445,4158
4934,train,3025,4160
4936,train,4936,4161
4937,train,4937,4162
4938,train,4938,4163
4940,train,4778,4164
4944,train,4944,4166
4947,train,1360,4169
4950,train,4950,4170
4952,train,4952,4172
4953,train,4952,4173
4955,train,4955,4174
4958,train,4958,4175
4960,train,4960,4177
4962,train,4962,4178
4963,train,4963,4179
4964,train,4964,4180
4965,train,4965,4181
4966,train,1126,4182
4970,train,4970,4185
4973,train,1418,4187
4975,train,2206,4189
4977,train,4977,4191
4979,train,4979,4193
4982,train,3266,4195
4984,train,3266,4196
4987,train,4445,4197
4989,train,229,4199
4990,train,4990,4200
4992,train,4992,4202
4993,train,4993,4203
4994,train,4994,4204
4995,train,4995,4205
4996,train,122,4206
4997,train,122,4207
4998,train,122,4208
4999,train,122,4209
5000,train,5000,4210
5003,train,5003,4212
5006,train,5006,4215
5007,train,414,4216
5008,train,414,4217
5010,train,3536,4219
5011,train,3536,4220
5012,train,3536,4221
5013,train,3536,4222
5014,train,3536,4223
5015,train,3536,4224
5016,train,5016,4225
5017,train,5017,4226
5018,train,5018,4227
5020,train,659,4228
5023,train,82,4229
5024,train,5024,4230
5026,train,1189,4232
5027,train,1189,4233
5028,train,1189,4234
5030,train,5030,4235
5031,train,5030,4236
5032,train,5032,4237
5033,train,5033,4238
5035,train,5035,4240
5036,train,5036,4241
5037,train,4810,4242
5038,train,4810,4243
5040,train,5040,4244
5045,train,5045,4248
5046,train,3108,4249
5047,train,880,4250
5048,train,5048,4251
5049,train,5049,4252
5051,train,5051,4253
5056,train,5056,4258
5057,train,5057,4259
5058,train,5058,4260
5064,train,3108,4264
5065,train,5065,4265
5066,train,2695,4266
5067,train,5067,4267
5068,train,5067,4268
5069,train,5067,4269
5070,train,2695,4270
5071,train,2694,4271
5072,train,2694,4272
5075,train,5075,4275
5078,train,5078,4277
5079,train,5079,4278
5080,train,5080,4279
5085,train,5085,4284
5087,train,811,4285
5088,train,811,4286
5089,train,5089,4287
5090,train,5090,4288
5094,train,5094,4291
5096,train,5096,4293
5097,train,5097,4294
5099,train,139,4295
5100,train,566,4296
5102,train,218,4298
5103,train,218,4299
5104,train,5104,4300
5105,train,5105,4301
5106,train,5104,4302
5107,train,4838,4303
5108,train,4838,4304
5109,train,5104,4305
5111,train,4838,4307
5112,train,5104,4308
5113,train,4838,4309
5114,train,4838,4310
5115,train,4838,4311
5116,train,5116,4312
5117,train,12,4313
5118,train,5118,4314
5120,train,5120,4315
5121,train,5121,4316
5122,train,5122,4317
5123,train,4838,4318
5125,train,4838,4320
5127,train,218,4322
5128,train,5128,4323
5129,train,5129,4324
5130,train,12,4325
5131,train,23,4326
5133,train,5133,4328
5134,train,5134,4329
5135,train,2511,4330
5136,train,5136,4331
5137,train,5137,4332
5138,train,5138,4333
5139,train,5138,4334
5140,train,5140,4335
5142,train,182,4337
5143,train,5143,4338
5144,train,5144,4339
5154,train,3975,4341
5155,train,5155,4342
5159,train,5159,4346
5160,train,5160,4347
5164,train,196,4351
5166,train,815,4353
5167,train,5167,4354
5169,train,659,4355
5170,train,659,4356
5171,train,659,4357
5175,train,5175,4359
5176,train,5176,4360
5178,train,5178,4362
5179,train,5179,4363
5180,train,5179,4364
5181,train,5181,4365
5183,train,5183,4367
5184,train,5184,4368
5185,train,5181,4369
5186,train,5186,4370
5187,train,5187,4371
5189,train,5189,4373
5190,train,5190,4374
5193,train,5189,4377
5194,train,5189,4378
5199,train,5199,4383
5200,train,5200,4384
5201,train,5201,4385
5202,train,5202,4386
5203,train,5202,4387
5204,train,5204,4388
5206,train,2433,4390
5207,train,5207,4391
5208,train,5208,4392
5209,train,5209,4393
5211,train,5179,4394
5212,train,5212,4395
5214,train,5214,4397
5216,train,5216,4399
5219,train,5216,4402
5220,train,5216,4403
5221,train,5216,4404
5222,train,5216,4405
5223,train,5216,4406
5224,train,5035,4407
5226,train,5049,4409
5227,train,5227,4410
5228,train,5228,4411
5229,train,1522,4412
5236,train,5189,4417
5241,train,5241,4421
5245,train,5245,4425
5248,train,5248,4427
5249,train,2692,4428
5250,train,702,4429
5251,train,5251,4430
5254,train,5254,4432
5255,train,5255,4433
5256,train,12,4434
5257,train,5257,4435
5258,train,1726,4436
5259,train,5259,4437
5261,train,5261,4439
5262,train,5262,4440
5264,train,218,4442
5265,train,5265,4443
5266,train,5266,4444
5267,train,834,4445
5270,train,5270,4448
5271,train,5271,4449
5278,train,3386,4456
5279,train,3203,4457
5282,train,5282,4459
5284,train,449,4460
5286,train,5286,4462
5288,train,5288,4464
5289,train,859,4465
5290,train,5290,4466
5294,train,5294,4470
5295,train,5294,4471
5296,train,5294,4472
5297,train,5294,4473
5298,train,5294,4474
5299,train,5294,4475
5300,train,5294,4476
5301,train,5294,4477
5303,train,5303,4479
5304,train,3203,4480
5305,train,5305,4481
5306,train,5306,4482
5307,train,5307,4483
5308,train,5307,4484
5309,train,5309,4485
5315,train,139,4486
5316,train,5316,4487
5317,train,5317,4488
5318,train,3754,4489
5322,train,5322,4491
5323,train,5323,4492
5325,train,139,4493
5327,train,5327,4494
5340,train,2848,4495
5345,train,3280,4500
5346,train,1672,4501
5348,train,2511,4503
5350,train,2511,4505
5351,train,5351,4506
5352,train,5352,4507
5356,train,5356,4511
5357,train,5357,4512
5358,train,5358,4513
5359,train,5359,4514
5360,train,5358,4515
5361,train,5358,4516
5362,train,5362,4517
5368,train,5368,4520
5369,train,5369,4521
5373,train,5373,4525
5374,train,5374,4526
5375,train,3314,4527
5376,train,4577,4528
5377,train,5377,4529
5378,train,3314,4530
5379,train,3314,4531
5380,train,5380,4532
5381,train,5377,4533
5382,train,4577,4534
5383,train,5377,4535
5384,train,3314,4536
5385,train,5385,4537
5386,train,4577,4538
5387,train,4577,4539
5389,train,5377,4541
5390,train,249,4542
5391,train,4577,4543
5392,train,4577,4544
5393,train,5393,4545
5394,train,5394,4546
5395,train,5377,4547
5396,train,3314,4548
5398,train,5398,4549
5401,train,4000,4550
5405,train,5405,4553
5407,train,159,4554
5409,train,5409,4556
5411,train,5411,4557
5412,train,5104,4558
5413,train,4838,4559
5414,train,4838,4560
5415,train,5415,4561
5416,train,5415,4562
5417,train,5417,4563
5418,train,5418,4564
5420,train,5420,4566
5421,train,5421,4567
5422,train,5422,4568
5423,train,5049,4569
5424,train,5424,4570
5426,train,5426,4572
5427,train,5426,4573
5428,train,2253,4574
5430,train,5430,4576
5432,train,5432,4578
5434,train,5434,4580
5436,train,5436,4581
5438,train,5438,4583
5439,train,5438,4584
5447,train,5447,4591
5448,train,5448,4592
5450,train,5450,4594
5452,train,5452,4596
5453,train,659,4597
5456,train,5456,4600
5458,train,5458,4601
5460,train,5458,4602
5461,train,5458,4603
5462,train,5458,4604
5467,train,139,4608
5468,train,1706,4609
5469,train,2937,4610
5476,train,5476,4615
5477,train,5477,4616
5478,train,2693,4617
5481,train,5481,4618
5482,train,5482,4619
5484,train,5484,4621
5485,train,5485,4622
5486,train,5486,4623
5488,train,5488,4625
5489,train,5488,4626
5490,train,414,4627
5491,train,414,4628
5492,train,5492,4629
5493,train,5492,4630
5494,train,799,4631
5496,train,1189,4633
5500,train,5500,4635
5501,train,5500,4636
5502,train,5500,4637
5503,train,5503,4638
5504,train,5214,4639
5505,train,5505,4640
5506,train,85,4641
5507,train,5507,4642
5508,train,82,4643
5509,train,5509,4644
5511,train,4443,4646
5512,train,5512,4647
5513,train,4160,4648
5515,train,5515,4649
5518,train,5518,4652
5522,train,5522,4654
5523,train,5523,4655
5524,train,5524,4656
5526,train,5202,4658
5528,train,2865,4660
5530,train,5530,4662
5531,train,5531,4663
5533,train,4750,4664
5535,train,5535,4665
5537,train,5537,4667
5538,train,5537,4668
5539,train,5539,4669
5541,train,5541,4671
5545,train,5545,4675
5546,train,5546,4676
5547,train,1368,4677
5548,train,5548,4678
5551,train,5551,4680
5552,train,3591,4681
5554,train,5554,4683
5555,train,5555,4684
5557,train,5557,4685
5558,train,5558,4686
5559,train,1668,4687
5562,train,5562,4689
5563,train,5563,4690
5568,train,2511,4695
5569,train,5569,4696
5570,train,5570,4697
5571,train,5571,4698
5574,train,5574,4701
5575,train,5575,4702
5576,train,5576,4703
5577,train,5577,4704
5578,train,5578,4705
5589,train,5589,4712
5590,train,5589,4713
5591,train,5589,4714
5592,train,5589,4715
5593,train,5589,4716
5595,train,5595,4718
5596,train,5596,4719
5597,train,5596,4720
5598,train,5227,4721
5599,train,5227,4722
5601,train,5227,4724
5602,train,5227,4725
5604,train,4750,4726
5605,train,5605,4727
5606,train,667,4728
5607,train,5607,4729
5609,train,5609,4731
5611,train,5611,4732
5613,train,5613,4734
5614,train,2302,4735
5615,train,3590,4736
5617,train,5617,4738
5618,train,5618,4739
5619,train,5619,4740
5621,train,5619,4741
5622,train,5622,4742
5623,train,5622,4743
5626,train,5622,4746
5627,train,5627,4747
5631,train,1046,4751
5634,train,5634,4753
5635,train,5619,4754
5636,train,5636,4755
5638,train,5638,4757
5639,train,5638,4758
5640,train,5638,4759
5641,train,5641,4760
5642,train,710,4761
5643,train,5643,4762
5644,train,5644,4763
5645,train,3379,4764
5646,train,5646,4765
5647,train,5259,4766
5648,train,5648,4767
5649,train,5649,4768
5650,train,5186,4769
5651,train,5186,4770
5652,train,5186,4771
5656,train,5656,4772
5657,train,4495,4773
5658,train,5658,4774
5660,train,5658,4776
5661,train,5658,4777
5662,train,5658,4778
5663,train,5658,4779
5666,train,5666,4781
5667,train,5667,4782
5668,train,5668,4783
5669,train,4577,4784
5670,train,4577,4785
5672,train,4577,4787
5673,train,4535,4788
5674,train,5674,4789
5675,train,5675,4790
5677,train,5677,4792
5680,train,5677,4795
5681,train,5677,4796
5685,train,5677,4800
5686,train,5677,4801
5687,train,5677,4802
5689,train,5689,4804
5690,train,5690,4805
5691,train,4034,4806
5692,train,5638,4807
5693,train,5638,4808
5695,train,5677,4810
5697,train,5677,4811
5698,train,5677,4812
5699,train,5677,4813
5701,train,5677,4814
5702,train,5677,4815
5703,train,5703,4816
5704,train,5704,4817
5705,train,5705,4818
5710,train,5710,4823
5715,train,5710,4828
5718,train,5718,4831
5721,train,5721,4834
5722,train,5722,4835
5723,train,5500,4836
5724,train,5724,4837
5725,train,5724,4838
5727,train,5727,4840
5728,train,5727,4841
5732,train,5732,4845
5736,train,5736,4848
5737,train,5737,4849
5738,train,5737,4850
5739,train,5737,4851
5740,train,5740,4852
5741,train,5741,4853
5742,train,5741,4854
5744,train,5744,4856
5747,train,5747,4859
5750,train,5677,4860
5751,train,5751,4861
5752,train,5752,4862
5753,train,5753,4863
5754,train,5167,4864
5755,train,5755,4865
5756,train,5589,4866
5758,train,5758,4867
5760,train,5760,4868
5761,train,5761,4869
5762,train,5762,4870
5763,train,5763,4871
5768,train,5768,4875
5770,train,5770,4876
5773,train,5773,4879
5779,train,5779,4881
5780,train,5780,4882
5784,train,5784,4885
5787,train,5787,4888
5788,train,221,4889
5789,train,221,4890
5790,train,221,4891
5791,train,221,4892
5792,train,221,4893
5793,train,5793,4894
5794,train,5794,4895
5795,train,5795,4896
5797,train,5797,4897
5798,train,5797,4898
5799,train,5797,4899
5800,train,5797,4900
5801,train,5797,4901
5802,train,5797,4902
5803,train,5797,4903
5804,train,5677,4904
5805,train,5797,4905
5807,train,2377,4907
5812,train,182,4910
5814,train,1462,4912
5818,train,249,4916
5819,train,2382,4917
5821,train,1189,4919
5824,train,5824,4921
5826,train,4187,4923
5833,train,5833,4930
5834,train,5834,4931
5835,train,5833,4932
5836,train,5833,4933
5837,train,5833,4934
5840,train,5840,4936
5842,train,5842,4938
5845,train,5622,4941
5846,train,5270,4942
5847,train,5847,4943
5848,train,5394,4944
5849,train,5849,4945
5851,train,5393,4946
5852,train,5852,4947
5853,train,5393,4948
5855,train,5393,4949
5856,train,5852,4950
5858,train,5393,4952
5859,train,5859,4953
5861,train,5546,4955
5862,train,5859,4956
5864,train,5864,4958
5865,train,5546,4959
5867,train,5867,4960
5868,train,5868,4961
5870,train,218,4963
5871,train,218,4964
5872,train,5872,4965
5873,train,5873,4966
5876,train,5876,4969
5878,train,3743,4971
5879,train,3743,4972
5880,train,3714,4973
5885,train,5885,4975
5888,train,5888,4978
5891,train,5030,4981
5893,train,5030,4983
5894,train,5030,4984
5895,train,5895,4985
5897,train,5897,4987
5899,train,3743,4989
5902,train,5849,4991
5905,train,1046,4994
5906,train,3714,4995
5907,train,5907,4996
5910,train,5910,4999
5913,train,5913,5001
5916,train,5913,5004
5920,train,815,5007
5924,train,5924,5010
5925,train,5925,5011
5926,train,5609,5012
5927,train,2570,5013
5931,train,3624,5016
5932,train,5932,5017
5933,train,5933,5018
5934,train,5933,5019
5935,train,5933,5020
5936,train,5936,5021
5942,train,1922,5023
5943,train,5943,5024
5944,train,4495,5025
5945,train,4495,5026
5946,train,5946,5027
5947,train,5947,5028
5948,train,5948,5029
5949,train,4034,5030
5950,train,5950,5031
5953,train,5953,5034
5955,train,2014,5035
5959,train,82,5037
5963,train,5963,5040
5967,train,5967,5043
5968,train,5968,5044
5970,train,5968,5046
5971,train,5967,5047
5972,train,5967,5048
5975,train,5967,5050
5976,train,5967,5051
5979,train,5967,5053
5982,train,5967,5056
5983,train,5983,5057
5984,train,5984,5058
5985,train,5985,5059
5987,train,2181,5061
5988,train,5968,5062
5989,train,5967,5063
5990,train,2694,5064
5991,train,2633,5065
5993,train,5993,5067
5994,train,5994,5068
5995,train,5995,5069
5996,train,2181,5070
5997,train,5997,5071
5999,train,5999,5073
6006,train,973,5076
6008,train,6008,5077
6010,train,6010,5078
6012,train,4750,5080
6013,train,4822,5081
6015,train,6015,5083
6016,train,5747,5084
6017,train,5747,5085
6018,train,6015,5086
6019,train,6015,5087
6020,train,6020,5088
6021,train,4750,5089
6022,train,6022,5090
6026,train,4750,5094
6027,train,4750,5095
6033,train,5251,5101
6034,train,1368,5102
6035,train,6035,5103
6036,train,6036,5104
6039,train,6035,5105
6040,train,6035,5106
6042,train,6036,5107
6044,train,6044,5108
6047,train,6047,5111
6048,train,323,5112
6049,train,6049,5113
6052,train,6052,5115
6053,train,811,5116
6055,train,6035,5118
6056,train,6056,5119
6057,train,4413,5120
6058,train,6058,5121
6059,train,6059,5122
6060,train,6059,5123
6061,train,6036,5124
6062,train,6062,5125
6067,train,6067,5127
6068,train,6068,5128
6069,train,6069,5129
6070,train,6069,5130
6071,train,6071,5131
6072,train,6072,5132
6073,train,6073,5133
6076,train,1995,5136
6077,train,6077,5137
6079,train,6079,5139
6080,train,2511,5140
6081,train,6081,5141
6082,train,6082,5142
6083,train,6083,5143
6085,train,6085,5144
6086,train,6085,5145
6087,train,6085,5146
6088,train,6085,5147
6089,train,6089,5148
6090,train,6089,5149
6091,train,6085,5150
6092,train,6092,5151
6093,train,6093,5152
6094,train,6085,5153
6095,train,6095,5154
6096,train,5369,5155
6097,train,23,5156
6098,train,799,5157
6100,train,6100,5159
6101,train,3172,5160
6102,train,3172,5161
6103,train,3172,5162
6104,train,6104,5163
6110,train,6110,5169
6111,train,6111,5170
6112,train,6112,5171
6116,train,6116,5174
6117,train,6117,5175
6124,train,6124,5181
6125,train,6125,5182
6128,train,6128,5183
6129,train,6128,5184
6132,train,6132,5187
6133,train,6133,5188
6134,train,6125,5189
6135,train,6133,5190
6136,train,6125,5191
6137,train,6125,5192
6138,train,6125,5193
6139,train,6125,5194
6140,train,6125,5195
6143,train,6143,5197
6145,train,6145,5199
6148,train,6148,5202
6154,train,6154,5208
6163,train,6163,5217
6164,train,5722,5218
6165,train,5722,5219
6170,train,6170,5220
6178,train,3092,5227
6180,train,6180,5228
6181,train,1372,5229
6182,train,622,5230
6187,train,3209,5231
6188,train,1157,5232
6191,train,6191,5235
6194,train,6194,5237
6196,train,6196,5238
6197,train,6197,5239
6199,train,6199,5241
6205,train,6205,5243
6208,train,2181,5245
6209,train,2181,5246
6210,train,2181,5247
6211,train,6211,5248
6213,train,150,5249
6214,train,6214,5250
6215,train,6215,5251
6216,train,6216,5252
6219,train,6219,5254
6220,train,6219,5255
6221,train,6219,5256
6223,train,6219,5258
6225,train,6219,5259
6228,train,6219,5262
6229,train,6219,5263
6230,train,6219,5264
6232,train,6219,5266
6237,train,6237,5271
6239,train,6239,5273
6241,train,6239,5275
6242,train,6239,5276
6246,train,6246,5280
6251,train,6251,5283
6253,train,6251,5285
6254,train,6239,5286
6256,train,6256,5288
6260,train,6256,5290
6262,train,6262,5292
6263,train,6263,5293
6264,train,6264,5294
6265,train,6265,5295
6266,train,6266,5296
6267,train,6267,5297
6268,train,6268,5298
6269,train,6266,5299
6274,train,6274,5303
6277,train,6277,5306
6278,train,6278,5307
6279,train,6279,5308
6284,train,5658,5313
6287,train,6287,5314
6288,train,6287,5315
6290,train,6287,5316
6291,train,6287,5317
6292,train,6287,5318
6297,train,4992,5319
6298,train,4992,5320
6299,train,4992,5321
6300,train,4992,5322
6305,train,6305,5327
6306,train,6306,5328
6308,train,3059,5329
6311,train,6311,5331
6314,train,6314,5334
6315,train,6315,5335
6316,train,6316,5336
6319,train,6315,5338
6324,train,4569,5341
6328,train,898,5345
6332,train,6332,5347
6345,train,6345,5359
6346,train,6345,5360
6347,train,6347,5361
6350,train,6350,5364
6354,train,6354,5368
6355,train,2944,5369
6357,train,6357,5371
6358,train,3622,5372
6360,train,3622,5374
6362,train,3172,5376
6363,train,6363,5377
6364,train,6363,5378
6365,train,3172,5379
6366,train,6366,5380
6367,train,6367,5381
6368,train,6366,5382
6369,train,6369,5383
6374,train,6374,5388
6375,train,6366,5389
6377,train,6377,5390
6378,train,4992,5391
6379,train,2332,5392
6380,train,6380,5393
6381,train,6380,5394
6382,train,6382,5395
6383,train,6383,5396
6384,train,6382,5397
6385,train,1794,5398
6386,train,1794,5399
6387,train,1794,5400
6388,train,6382,5401
6389,train,1794,5402
6390,train,1794,5403
6391,train,5607,5404
6392,train,1794,5405
6393,train,6382,5406
6394,train,6394,5407
6395,train,6395,5408
6397,train,1794,5410
6398,train,1794,5411
6399,train,6382,5412
6400,train,6382,5413
6401,train,6382,5414
6402,train,6382,5415
6403,train,6382,5416
6405,train,6382,5418
6406,train,5607,5419
6407,train,6382,5420
6409,train,6383,5422
6411,train,6382,5424
6412,train,6383,5425
6413,train,6382,5426
6414,train,6382,5427
6415,train,6395,5428
6417,train,6382,5430
6418,train,6382,5431
6421,train,5607,5434
6422,train,5607,5435
6423,train,5607,5436
6424,train,5607,5437
6425,train,5607,5438
6426,train,5607,5439
6427,train,5607,5440
6428,train,5607,5441
6429,train,6429,5442
6431,train,6431,5444
6434,train,1794,5447
6436,train,6436,5449
6437,train,6437,5450
6438,train,6438,5451
6439,train,6439,5452
6440,train,6394,5453
6441,train,6382,5454
6443,train,6443,5456
6448,train,6219,5461
6456,train,6456,5468
6459,train,6456,5470
6462,train,3691,5472
6463,train,6463,5473
6465,train,1303,5475
6468,train,82,5478
6474,train,6474,5480
6477,train,5415,5482
6478,train,6478,5483
6479,train,5415,5484
6480,train,6480,5485
6483,train,6483,5488
6485,train,406,5490
6486,train,6486,5491
6487,train,2386,5492
6491,train,6491,5495
6494,train,4413,5498
6496,train,6496,5500
6504,train,2185,5508
6505,train,6505,5509
6506,train,6506,5510
6510,train,3963,5512
6511,train,6110,5513
6512,train,6512,5514
6516,train,6516,5518
6517,train,6517,5519
6518,train,229,5520
6519,train,6519,5521
6520,train,229,5522
6521,train,3833,5523
6523,train,2073,5525
6524,train,4375,5526
6525,train,6525,5527
6527,train,6527,5529
6528,train,669,5530
6531,train,218,5532
6533,train,6533,5534
6535,train,6194,5535
6541,train,3711,5537
6542,train,6542,5538
6543,train,5424,5539
6544,train,6544,5540
6547,train,6547,5542
6552,train,6552,5543
6553,train,6553,5544
6554,train,1161,5545
6556,train,6556,5547
6557,train,6556,5548
6558,train,6556,5549
6559,train,6556,5550
6560,train,6556,5551
6561,train,6556,5552
6562,train,6562,5553
6563,train,6563,5554
6576,train,293,5556
6577,train,1995,5557
6578,train,6578,5558
6579,train,6579,5559
6580,train,6580,5560
6583,train,6583,5562
6588,train,6588,5567
6589,train,6588,5568
6590,train,6590,5569
6592,train,979,5570
6595,train,6595,5572
6604,train,6604,5581
6608,train,6608,5585
6609,train,659,5586
6610,train,6610,5587
6613,train,6613,5590
6614,train,1042,5591
6615,train,6615,5592
6616,train,6616,5593
6617,train,6616,5594
6618,train,6618,5595
6620,train,6620,5597
6621,train,6621,5598
6625,train,6625,5601
6627,train,6059,5603
6629,train,6059,5604
6630,train,6630,5605
6631,train,5051,5606
6633,train,6633,5608
6634,train,6634,5609
6641,train,6641,5615
6643,train,659,5617
6645,train,6058,5619
6646,train,6646,5620
6647,train,2386,5621
6648,train,4026,5622
6649,train,4026,5623
6650,train,1307,5624
6651,train,1307,5625
6652,train,1307,5626
6653,train,1307,5627
6654,train,1307,5628
6655,train,1307,5629
6656,train,1307,5630
6657,train,1307,5631
6658,train,1307,5632
6659,train,1307,5633
6660,train,1307,5634
6661,train,1307,5635
6662,train,6662,5636
6663,train,6663,5637
6664,train,6664,5638
6665,train,6665,5639
6667,train,2268,5640
6668,train,2268,5641
6669,train,6669,5642
6670,train,6670,5643
6672,train,6672,5645
6673,train,6673,5646
6675,train,1307,5648
6676,train,1307,5649
6677,train,6677,5650
6679,train,6677,5652
6680,train,6677,5653
6681,train,6677,5654
6684,train,4970,5657
6692,train,6692,5662
6693,train,6693,5663
6694,train,6693,5664
6695,train,6692,5665
6696,train,6692,5666
6697,train,6697,5667
6704,train,6704,5673
6706,train,6704,5675
6710,train,6704,5678
6715,train,6715,5683
6718,train,2316,5686
6719,train,6692,5687
6720,train,6692,5688
6721,train,6721,5689
6722,train,6692,5690
6723,train,6693,5691
6724,train,6724,5692
6725,train,6724,5693
6726,train,6726,5694
6727,train,3624,5695
6728,train,6728,5696
6729,train,6729,5697
6730,train,6730,5698
6731,train,6730,5699
6732,train,6730,5700
6733,train,6733,5701
6735,train,6735,5702
6736,train,6736,5703
6739,train,6739,5706
6744,train,6744,5711
6745,train,6745,5712
6746,train,6745,5713
6747,train,6747,5714
6748,train,6747,5715
6750,train,6750,5717
6751,train,6750,5718
6752,train,6750,5719
6753,train,6750,5720
6754,train,6750,5721
6755,train,6750,5722
6756,train,6750,5723
6757,train,6750,5724
6758,train,6750,5725
6759,train,6750,5726
6760,train,6750,5727
6761,train,6761,5728
6762,train,6750,5729
6763,train,6763,5730
6764,train,6750,5731
6765,train,6765,5732
6766,train,6761,5733
6767,train,6750,5734
6768,train,6750,5735
6769,train,6750,5736
6770,train,6750,5737
6771,train,6750,5738
6772,train,6772,5739
6773,train,6772,5740
6774,train,6774,5741
6776,train,6763,5742
6777,train,6750,5743
6778,train,6763,5744
6779,train,6765,5745
6782,train,6782,5748
6789,train,6761,5754
6790,train,6790,5755
6791,train,6791,5756
6794,train,6794,5757
6795,train,218,5758
6796,train,218,5759
6797,train,218,5760
6798,train,218,5761
6799,train,218,5762
6800,train,218,5763
6801,train,6801,5764
6803,train,6803,5766
6804,train,6804,5767
6805,train,1911,5768
6816,train,6816,5771
6823,train,6823,5777
6824,train,6824,5778
6825,train,6825,5779
6826,train,2126,5780
6827,train,2126,5781
6828,train,973,5782
6834,train,6834,5788
6835,train,6823,5789
6836,train,6836,5790
6837,train,6837,5791
6838,train,6838,5792
6839,train,6838,5793
6840,train,6838,5794
6846,train,6846,5796
6847,train,6846,5797
6848,train,6848,5798
6849,train,6849,5799
6851,train,51,5801
6853,train,6853,5803
6854,train,6854,5804
6855,train,6855,5805
6856,train,6856,5806
6859,train,6859,5809
6862,train,6862,5811
6863,train,6863,5812
6864,train,6862,5813
6866,train,6866,5815
6868,train,4058,5816
6871,train,6871,5817
6873,train,6873,5819
6875,train,6873,5820
6876,train,6876,5821
6879,train,6879,5823
6880,train,6880,5824
6882,train,1462,5826
6885,train,6885,5828
6889,train,6889,5832
6897,train,6897,5840
6899,train,6899,5842
6901,train,6901,5844
6902,train,1307,5845
6907,train,6907,5848
6908,train,6908,5849
6909,train,3329,5850
6910,train,6910,5851
6913,train,6913,5854
6915,train,6915,5856
6916,train,182,5857
6917,train,6917,5858
6920,train,6920,5861
6922,train,4241,5863
6923,train,6923,5864
6924,train,6823,5865
6928,train,5885,5868
6929,train,6929,5869
6938,train,2791,5871
6941,train,6941,5873
6951,train,6951,5883
6953,train,6035,5885
6954,train,6954,5886
6959,train,6959,5891
6963,train,6963,5894
6972,train,6972,5902
6974,train,5569,5904
6975,train,5569,5905
6976,train,5569,5906
6977,train,5569,5907
6981,train,6972,5909
6986,train,6986,5914
6987,train,1911,5915
6988,train,6988,5916
6989,train,6989,5917
6993,train,6993,5919
6996,train,6996,5922
6997,train,4246,5923
6998,train,6972,5924
6999,train,6999,5925
7000,train,7000,5926
7001,train,5486,5927
7002,train,7002,5928
7003,train,7003,5929
7005,train,7005,5931
7006,train,6920,5932
7007,train,7002,5933
7008,train,7002,5934
7009,train,7002,5935
7010,train,7002,5936
7011,train,7011,5937
7012,train,7011,5938
7013,train,7013,5939
7014,train,7011,5940
7015,train,7011,5941
7017,train,7017,5943
7018,train,7018,5944
7019,train,7018,5945
7020,train,7018,5946
7021,train,7018,5947
7022,train,7022,5948
7023,train,7023,5949
7024,train,7023,5950
7025,train,7023,5951
7026,train,7022,5952
7028,train,7023,5954
7029,train,7029,5955
7030,train,7030,5956
7031,train,7031,5957
7032,train,3928,5958
7033,train,7033,5959
7034,train,7034,5960
7035,train,7035,5961
7036,train,7036,5962
7037,train,7031,5963
7040,train,7040,5966
7041,train,7041,5967
7042,train,7031,5968
7043,train,7031,5969
7045,train,7031,5971
7047,train,7047,5973
7049,train,7049,5975
7050,train,7049,5976
7053,train,7053,5978
7054,train,7054,5979
7055,train,7055,5980
7056,train,7056,5981
7057,train,7057,5982
7059,train,7059,5983
7060,train,108,5984
7061,train,3975,5985
7062,train,7062,5986
7064,train,7017,5987
7065,train,7017,5988
7066,train,7066,5989
7067,train,7013,5990
7068,train,7011,5991
7070,train,7070,5993
7072,train,7023,5994
7074,train,7074,5995
7075,train,7075,5996
7076,train,7076,5997
7077,train,7077,5998
7078,train,7018,5999
7080,train,7080,6000
7081,train,7081,6001
7083,train,6544,6003
7086,train,1916,6006
7087,train,7087,6007
7088,train,7088,6008
7089,train,7088,6009
7091,train,3963,6010
7092,train,7092,6011
7096,train,7096,6013
7097,train,7097,6014
7098,train,7098,6015
7099,train,7099,6016
7100,train,7100,6017
7101,train,7101,6018
7103,train,7103,6020
7105,train,7105,6021
7106,train,7105,6022
7107,train,7107,6023
7108,train,7108,6024
7109,train,7109,6025
7110,train,139,6026
7114,train,1046,6029
7115,train,7018,6030
7116,train,7018,6031
7117,train,7117,6032
7118,train,3140,6033
7119,train,7119,6034
7121,train,4122,6035
7123,train,7123,6037
7125,train,6873,6038
7127,train,1307,6040
7128,train,6907,6041
7132,train,7132,6045
7133,train,7132,6046
7134,train,4955,6047
7135,train,4955,6048
7138,train,182,6049
7139,train,182,6050
7141,train,7141,6051
7145,train,7145,6054
7147,train,7147,6056
7149,train,7149,6057
7150,train,7150,6058
7151,train,7150,6059
7152,train,7152,6060
7153,train,3683,6061
7154,train,7154,6062
7155,train,7155,6063
7156,train,7156,6064
7158,train,7158,6066
7160,train,7150,6068
7161,train,7097,6069
7162,train,7162,6070
7163,train,7162,6071
7165,train,12,6072
7167,train,1307,6073
7168,train,7168,6074
7170,train,7170,6075
7171,train,6871,6076
7172,train,7172,6077
7173,train,7173,6078
7174,train,7174,6079
7176,train,566,6081
7177,train,7177,6082
7178,train,7177,6083
7182,train,5852,6085
7183,train,5852,6086
7184,train,5852,6087
7185,train,5852,6088
7186,train,5852,6089
7187,train,5852,6090
7188,train,5852,6091
7189,train,5852,6092
7190,train,5852,6093
7191,train,5852,6094
7194,train,5852,6095
7196,train,5852,6096
7199,train,122,6097
7200,train,122,6098
7201,train,7177,6099
7202,train,5852,6100
7204,train,7204,6102
7205,train,7155,6103
7206,train,7206,6104
7207,train,7207,6105
7209,train,358,6106
7210,train,659,6107
7211,train,7211,6108
7214,train,1826,6111
7219,train,7219,6113
7220,train,7220,6114
7225,train,3,6118
7226,train,7226,6119
7232,train,6044,6122
7233,train,7233,6123
7239,train,7239,6125
7240,train,7240,6126
7242,train,7239,6127
7245,train,7245,6128
7246,train,7239,6129
7248,train,7239,6130
7249,train,7239,6131
7250,train,7239,6132
7251,train,7239,6133
7255,train,7255,6137
7256,train,7256,6138
7257,train,7257,6139
7258,train,7258,6140
7259,train,7259,6141
7261,train,456,6142
7264,train,7264,6145
7265,train,7265,6146
7266,train,7266,6147
7268,train,7268,6149
7269,train,7269,6150
7271,train,7271,6152
7273,train,2596,6154
7276,train,7276,6157
7277,train,815,6158
7280,train,7280,6161
7283,train,5852,6164
7285,train,6963,6166
7286,train,5852,6167
7287,train,5852,6168
7288,train,5852,6169
7289,train,5852,6170
7290,train,5852,6171
7291,train,5852,6172
7292,train,5852,6173
7293,train,5852,6174
7294,train,5852,6175
7295,train,5852,6176
7296,train,5852,6177
7299,train,6079,6179
7301,train,7301,6181
7302,train,5950,6182
7304,train,5852,6184
7307,train,7307,6187
7308,train,7308,6188
7310,train,7310,6190
7311,train,7311,6191
7314,train,7314,6193
7315,train,7315,6194
7319,train,7319,6198
7321,train,7321,6199
7322,train,7307,6200
7325,train,7325,6201
7327,train,7327,6203
7328,train,1036,6204
7329,train,2181,6205
7331,train,7331,6207
7333,train,7333,6208
7336,train,7336,6211
7339,train,7339,6214
7340,train,7340,6215
7341,train,7339,6216
7342,train,7342,6217
7343,train,7343,6218
7344,train,7344,6219
7345,train,159,6220
7346,train,7346,6221
7355,train,7355,6228
7356,train,6505,6229
7357,train,4921,6230
7360,train,7360,6231
7361,train,7361,6232
7363,train,7363,6234
7364,train,7364,6235
7366,train,5422,6236
7367,train,7367,6237
7369,train,7369,6239
7370,train,7239,6240
7371,train,7239,6241
7376,train,7376,6245
7377,train,7377,6246
7378,train,4994,6247
7380,train,7380,6249
7381,train,7380,6250
7382,train,7018,6251
7383,train,6920,6252
7385,train,7385,6254
7386,train,7385,6255
7387,train,7385,6256
7388,train,7388,6257
7389,train,7389,6258
7390,train,7011,6259
7391,train,7011,6260
7392,train,7011,6261
7393,train,7389,6262
7397,train,7397,6264
7399,train,7399,6265
7400,train,7400,6266
7401,train,7401,6267
7403,train,7403,6269
7404,train,7403,6270
7405,train,7403,6271
7407,train,7407,6273
7408,train,7408,6274
7409,train,7409,6275
7415,train,7415,6281
7416,train,7416,6282
7417,train,7417,6283
7418,train,7415,6284
7419,train,7415,6285
7420,train,7420,6286
7421,train,7421,6287
7430,train,7430,6288
7434,train,7421,6292
7438,train,79,6293
7439,train,7439,6294
7440,train,7440,6295
7441,train,7441,6296
7442,train,7442,6297
7443,train,7443,6298
7446,train,7446,6300
7447,train,754,6301
7452,train,228,6305
7456,train,7456,6309
7458,train,7458,6311
7460,train,7458,6313
7461,train,7458,6314
7462,train,7458,6315
7464,train,7458,6317
7465,train,7465,6318
7468,train,5500,6320
7469,train,5500,6321
7470,train,5500,6322
7471,train,7471,6323
7477,train,7477,6327
7481,train,7481,6330
7483,train,7483,6331
7484,train,7484,6332
7485,train,7485,6333
7486,train,7319,6334
7493,train,7493,6341
7495,train,7495,6343
7496,train,7496,6344
7497,train,7496,6345
7501,train,7501,6346
7503,train,7503,6348
7505,train,7505,6349
7506,train,7506,6350
7507,train,7507,6351
7509,train,7505,6353
7510,train,7510,6354
7513,train,7510,6357
7516,train,7516,6360
7519,train,7519,6363
7523,train,5458,6364
7524,train,7524,6365
7525,train,7525,6366
7528,train,6610,6368
7530,train,7530,6370
7531,train,7531,6371
7532,train,7532,6372
7533,train,7532,6373
7534,train,7532,6374
7535,train,1995,6375
7536,train,7505,6376
7538,train,7538,6378
7539,train,5175,6379
7540,train,7540,6380
7541,train,1868,6381
7543,train,7543,6383
7544,train,2501,6384
7552,train,623,6385
7553,train,7553,6386
7554,train,7554,6387
7557,train,7557,6389
7560,train,7560,6391
7561,train,7561,6392
7562,train,7562,6393
7563,train,7562,6394
7564,train,7562,6395
7565,train,7565,6396
7566,train,7565,6397
7567,train,7567,6398
7568,train,7568,6399
7569,train,7569,6400
7572,train,7572,6402
7573,train,7572,6403
7575,train,7575,6405
7578,train,7567,6408
7579,train,7575,6409
7580,train,7575,6410
7583,train,7575,6413
7587,train,7587,6417
7589,train,7589,6419
7590,train,7156,6420
7596,train,7596,6425
7597,train,7597,6426
7598,train,7598,6427
7600,train,7600,6428
7604,train,182,6429
7605,train,7605,6430
7607,train,7607,6432
7608,train,7608,6433
7610,train,7610,6435
7611,train,7611,6436
7614,train,30,6439
7615,train,7307,6440
7616,train,7616,6441
7618,train,2944,6442
7619,train,7619,6443
7621,train,7621,6445
7623,train,7623,6446
7624,train,7624,6447
7627,train,7627,6450
7637,train,880,6452
7639,train,7639,6454
7663,train,7663,6460
7665,train,754,6461
7667,train,6315,6463
7668,train,6315,6464
7669,train,6315,6465
7670,train,7670,6466
7671,train,7671,6467
7679,train,7679,6473
7681,train,7681,6475
7682,train,2692,6476
7683,train,7683,6477
7684,train,2698,6478
7685,train,2698,6479
7686,train,7686,6480
7687,train,7687,6481
7689,train,7689,6483
7690,train,7690,6484
7691,train,122,6485
7692,train,7692,6486
7693,train,7693,6487
7695,train,3140,6489
7697,train,2185,6491
7698,train,2185,6492
7699,train,2185,6493
7700,train,7700,6494
7704,train,7704,6497
7710,train,7710,6500
7714,train,7714,6503
7721,train,7721,6504
7722,train,7722,6505
7729,train,7729,6507
7731,train,392,6508
7732,train,7732,6509
7733,train,7733,6510
7735,train,7735,6511
7736,train,7736,6512
7738,train,7738,6514
7739,train,7739,6515
7742,train,7742,6516
7743,train,7742,6517
7744,train,2801,6518
7745,train,7745,6519
7748,train,7748,6521
7750,train,7750,6523
7751,train,7751,6524
7752,train,7751,6525
7753,train,7751,6526
7755,train,7755,6528
7756,train,7756,6529
7757,train,7732,6530
7758,train,7758,6531
7760,train,7760,6533
7761,train,7761,6534
7762,train,6672,6535
7763,train,7763,6536
7768,train,7768,6539
7769,train,7769,6540
7771,train,7768,6541
7772,train,1875,6542
7773,train,7773,6543
7775,train,7732,6545
7779,train,7376,6549
7780,train,7376,6550
7783,train,7783,6553
7816,train,7816,6557
7818,train,7818,6559
7820,train,7820,6561
7836,train,7836,6562
7841,train,7841,6563
7844,train,7844,6566
7851,train,3624,6570
7852,train,7852,6571
7855,train,7855,6574
7856,train,7856,6575
7860,train,7860,6578
7862,train,7862,6580
7864,train,7864,6581
7865,train,7865,6582
7869,train,7869,6583
7870,train,7869,6584
7880,train,4167,6585
7885,train,5787,6590
7886,train,7886,6591
7887,train,7887,6592
7888,train,7887,6593
7890,train,7890,6594
7893,train,5458,6595
7896,train,7896,6596
7899,train,7899,6598
7900,train,7900,6599
7901,train,7899,6600
7902,train,7899,6601
7908,train,7908,6605
7921,train,7921,6606
7922,train,266,6607
7923,train,266,6608
7925,train,1100,6609
7928,train,5327,6611
7929,train,5327,6612
7930,train,5327,6613
7931,train,5327,6614
7932,train,5327,6615
7937,train,7937,6617
7938,train,2082,6618
7939,train,5327,6619
7942,train,1522,6622
7943,train,6620,6623
7944,train,7944,6624
7945,train,7945,6625
7947,train,7947,6627
7948,train,7948,6628
7949,train,7949,6629
7950,train,7950,6630
7951,train,7951,6631
7952,train,7952,6632
7955,train,7955,6635
7956,train,7956,6636
7958,train,7958,6637
7960,train,7960,6638
7962,train,7962,6640
7966,train,7966,6642
7971,train,7971,6646
7972,train,7972,6647
7977,train,7972,6650
7978,train,7962,6651
7980,train,601,6652
7982,train,7982,6653
7984,train,7984,6654
7985,train,7982,6655
7986,train,7982,6656
7987,train,7982,6657
7988,train,7982,6658
7989,train,7989,6659
7990,train,7989,6660
7991,train,7989,6661
7992,train,7989,6662
7993,train,7993,6663
7994,train,7989,6664
7995,train,7989,6665
7996,train,7993,6666
7997,train,7993,6667
7998,train,7993,6668
7999,train,7989,6669
8000,train,7989,6670
8001,train,7989,6671
8002,train,7989,6672
8003,train,7989,6673
8004,train,7989,6674
8005,train,7989,6675
8006,train,7989,6676
8007,train,7989,6677
8008,train,7989,6678
8009,train,7989,6679
8010,train,8010,6680
8012,train,8012,6681
8016,train,8016,6683
8017,train,8017,6684
8022,train,207,6689
8023,train,2633,6690
8029,train,8029,6696
8030,train,8030,6697
8041,train,8041,6700
8044,train,8044,6701
8045,train,8044,6702
8046,train,8044,6703
8047,train,8047,6704
8050,train,8050,6706
8051,train,8051,6707
8056,train,8056,6708
8057,train,8056,6709
8058,train,8058,6710
8064,train,8064,6714
8065,train,8065,6715
8066,train,79,6716
8075,train,8075,6722
8076,train,8076,6723
8077,train,8076,6724
8078,train,8078,6725
8081,train,8081,6728
8082,train,8082,6729
8090,train,293,6731
8095,train,8095,6734
8099,train,4167,6736
8101,train,8101,6738
8102,train,200,6739
8121,train,8121,6748
8122,train,5589,6749
8123,train,323,6750
8124,train,8124,6751
8125,train,8124,6752
8133,train,8133,6756
8134,train,8134,6757
8142,train,8142,6759
8146,train,8142,6762
8149,train,8124,6765
8152,train,8152,6767
8154,train,8154,6768
8166,train,8166,6769
8167,train,8167,6770
8172,train,1702,6772
8173,train,8173,6773
8176,train,8176,6774
8177,train,8177,6775
8181,train,1520,6778
8182,train,6556,6779
8184,train,1702,6781
8189,train,8189,6786
8196,train,8196,6790
8201,train,8201,6794
8203,train,8203,6795
8206,train,8206,6796
8214,train,8214,6799
8215,train,3576,6800
8216,train,8216,6801
8217,train,8217,6802
8218,train,8218,6803
8223,train,8223,6807
8225,train,8225,6809
8235,train,8235,6811
8236,train,4569,6812
8238,train,8238,6814
8239,train,8239,6815
8240,train,8240,6816
8242,train,8240,6818
8243,train,8240,6819
8245,train,8240,6821
8246,train,8240,6822
8247,train,8240,6823
8248,train,8240,6824
8249,train,8240,6825
8250,train,8240,6826
8252,train,8240,6828
8255,train,8255,6830
8256,train,8255,6831
8259,train,8259,6833
8261,train,8261,6834
8264,train,8264,6836
8265,train,8265,6837
8266,train,4710,6838
8267,train,8267,6839
8273,train,8273,6842
8285,train,8285,6846
8286,train,8286,6847
8289,train,8289,6849
8290,train,5356,6850
8292,train,8292,6852
8293,train,6730,6853
8295,train,8295,6855
8296,train,8295,6856
8299,train,8299,6858
8300,train,241,6859
8301,train,8301,6860
8302,train,8302,6861
8303,train,8303,6862
8304,train,8304,6863
8308,train,8308,6865
8309,train,182,6866
8317,train,8317,6868
8318,train,8317,6869
8319,train,8317,6870
8320,train,8320,6871
8322,train,8322,6873
8323,train,8323,6874
8324,train,8323,6875
8325,train,8317,6876
8326,train,8326,6877
8328,train,8240,6878
8329,train,8240,6879
8330,train,8240,6880
8331,train,8240,6881
8332,train,8240,6882
8333,train,8333,6883
8335,train,8335,6885
8336,train,8335,6886
8338,train,8335,6887
8340,train,8335,6888
8341,train,8240,6889
8342,train,8240,6890
8343,train,8240,6891
8344,train,8240,6892
8345,train,8240,6893
8346,train,8335,6894
8347,train,8335,6895
8348,train,8333,6896
8349,train,8349,6897
8350,train,8240,6898
8351,train,8351,6899
8353,train,8353,6900
8357,train,8333,6903
8358,train,8358,6904
8359,train,8240,6905
8360,train,8335,6906
8361,train,8335,6907
8362,train,8240,6908
8366,train,8366,6909
8367,train,8367,6910
8373,train,8373,6914
8375,train,8375,6915
8376,train,8349,6916
8377,train,8375,6917
8379,train,8379,6919
8381,train,8381,6920
8384,train,8384,6921
8386,train,8386,6923
8390,train,5208,6926
8391,train,8391,6927
8392,train,8392,6928
8397,train,8397,6930
8403,train,8403,6935
8405,train,8405,6936
8406,train,8406,6937
8412,train,8412,6941
8417,train,8417,6946
8418,train,8418,6947
8419,train,8419,6948
8424,train,8424,6950
8426,train,8426,6951
8436,train,1133,6961
8437,train,8437,6962
8438,train,8438,6963
8440,train,8440,6964
8441,train,776,6965
8443,train,1859,6966
8444,train,1859,6967
8446,train,8446,6968
8451,train,8446,6972
8452,train,8452,6973
8454,train,8326,6975
8455,train,8326,6976
8456,train,8326,6977
8457,train,8457,6978
8458,train,8457,6979
8459,train,8457,6980
8460,train,8457,6981
8461,train,8457,6982
8462,train,8457,6983
8463,train,8457,6984
8464,train,8457,6985
8465,train,8457,6986
8466,train,8457,6987
8467,train,8457,6988
8471,train,8471,6989
8472,train,8472,6990
8477,train,8477,6992
8478,train,1859,6993
8479,train,2526,6994
8480,train,3994,6995
8481,train,8481,6996
8486,train,8486,6997
8487,train,1368,6998
8488,train,8488,6999
8489,train,8488,7000
8493,train,8488,7004
8497,train,8497,7005
8498,train,8498,7006
8499,train,799,7007
8500,train,8500,7008
8502,train,8502,7009
8503,train,2791,7010
8505,train,8505,7011
8506,train,8505,7012
8507,train,8505,7013
8515,train,8515,7014
8516,train,8516,7015
8518,train,8446,7016
8524,train,8524,7019
8531,train,8531,7020
8532,train,8532,7021
8536,train,8536,7022
8537,train,8536,7023
8538,train,3302,7024
8539,train,8539,7025
8540,train,2532,7026
8542,train,8542,7027
8543,train,8543,7028
8545,train,8545,7029
8548,train,3994,7030
8557,train,12,7031
8567,train,8567,7035
8569,train,8569,7037
8570,train,8570,7038
8571,train,8571,7039
8572,train,8572,7040
8573,train,8573,7041
8574,train,8574,7042
8575,train,8573,7043
8576,train,8576,7044
8577,train,8574,7045
8578,train,8573,7046
8579,train,8573,7047
8580,train,8574,7048
8581,train,8574,7049
8583,train,8583,7051
8584,train,8584,7052
8585,train,8585,7053
8589,train,8574,7056
8590,train,8095,7057
8591,train,8095,7058
8592,train,8095,7059
8593,train,8095,7060
8594,train,8095,7061
8595,train,8095,7062
8596,train,8596,7063
8597,train,8597,7064
8598,train,8596,7065
8599,train,8095,7066
8600,train,8600,7067
8601,train,182,7068
8607,train,8607,7074
8610,train,6692,7075
8611,train,8611,7076
8612,train,8611,7077
8613,train,8613,7078
8614,train,8611,7079
8615,train,8611,7080
8616,train,8616,7081
8617,train,7722,7082
8618,train,7722,7083
8619,train,7722,7084
8620,train,7722,7085
8621,train,7722,7086
8622,train,7722,7087
8623,train,7722,7088
8625,train,8625,7090
8626,train,8626,7091
8628,train,8628,7092
8630,train,8625,7094
8631,train,8631,7095
8633,train,8633,7097
8637,train,8637,7098
8639,train,182,7100
8640,train,182,7101
8642,train,8642,7103
8645,train,8645,7105
8646,train,5948,7106
8647,train,5948,7107
8648,train,8648,7108
8649,train,8645,7109
8652,train,8652,7111
8654,train,3302,7113
8655,train,3302,7114
8656,train,3327,7115
8657,train,8657,7116
8660,train,513,7118
8661,train,513,7119
8662,train,8095,7120
8663,train,8095,7121
8665,train,8095,7123
8666,train,8095,7124
8667,train,8095,7125
8668,train,8600,7126
8669,train,8669,7127
8670,train,8670,7128
8671,train,8671,7129
8679,train,8679,7133
8686,train,8686,7134
8691,train,8691,7136
8692,train,8692,7137
8695,train,8695,7138
8698,train,1372,7140
8703,train,5214,7142
8704,train,8704,7143
8706,train,8542,7145
8707,train,1126,7146
8710,train,8710,7148
8719,train,4992,7150
8720,train,4992,7151
8721,train,4992,7152
8722,train,4992,7153
8723,train,4992,7154
8724,train,2605,7155
8725,train,8426,7156
8727,train,8727,7158
8728,train,8728,7159
8730,train,8730,7160
8731,train,406,7161
8733,train,8733,7163
8734,train,2386,7164
8735,train,2386,7165
8736,train,2386,7166
8739,train,8739,7167
8746,train,8746,7168
8747,train,8747,7169
8749,train,8749,7171
8751,train,8749,7173
8753,train,8749,7175
8754,train,8754,7176
8758,train,8758,7180
8759,train,8759,7181
8763,train,8758,7183
8766,train,8766,7186
8774,train,8774,7187
8775,train,8775,7188
8776,train,8776,7189
8778,train,8778,7191
8781,train,8781,7194
8782,train,8782,7195
8785,train,141,7197
8786,train,293,7198
8787,train,293,7199
8788,train,293,7200
8789,train,8789,7201
8790,train,293,7202
8792,train,8542,7204
8795,train,8795,7205
8799,train,5190,7207
8802,train,8802,7210
8803,train,8802,7211
8804,train,8804,7212
8814,train,8814,7217
8815,train,8815,7218
8816,train,8816,7219
8817,train,8816,7220
8818,train,8816,7221
8819,train,8819,7222
8820,train,8816,7223
8821,train,8821,7224
8822,train,8821,7225
8823,train,8819,7226
8824,train,8824,7227
8825,train,8825,7228
8826,train,8824,7229
8827,train,8824,7230
8828,train,8824,7231
8829,train,8574,7232
8830,train,7610,7233
8831,train,7610,7234
8834,train,7610,7235
8835,train,8819,7236
8836,train,8816,7237
8839,train,8386,7239
8840,train,8386,7240
8842,train,4992,7242
8847,train,8847,7244
8855,train,1418,7247
8856,train,8856,7248
8858,train,7597,7249
8861,train,669,7252
8868,train,8868,7254
8869,train,8868,7255
8870,train,8868,7256
8871,train,8868,7257
8872,train,8868,7258
8873,train,8873,7259
8885,train,8885,7260
8887,train,580,7261
8888,train,8888,7262
8889,train,8889,7263
8891,train,8891,7265
8896,train,8896,7267
8907,train,8907,7272
8908,train,8908,7273
8910,train,8910,7275
8912,train,307,7277
8913,train,8913,7278
8914,train,8914,7279
8915,train,8914,7280
8916,train,8916,7281
8920,train,8920,7284
8922,train,8922,7286
8925,train,8925,7287
8926,train,8926,7288
8927,train,8781,7289
8936,train,8936,7294
8937,train,8937,7295
8938,train,8938,7296
8940,train,241,7298
8942,train,8942,7299
8943,train,8943,7300
8948,train,8948,7301
8949,train,8948,7302
8950,train,8950,7303
8951,train,8951,7304
8952,train,8952,7305
8953,train,51,7306
8954,train,3203,7307
8955,train,8955,7308
8956,train,8956,7309
8958,train,1418,7310
8960,train,4095,7311
8962,train,33,7312
8969,train,8969,7319
8970,train,616,7320
8971,train,8971,7321
8973,train,8973,7323
8974,train,8973,7324
8976,train,8976,7325
8981,train,8981,7329
8982,train,8095,7330
8983,train,8095,7331
8984,train,8095,7332
8985,train,8095,7333
8986,train,8095,7334
8987,train,8095,7335
8988,train,8095,7336
8991,train,8991,7338
8992,train,8992,7339
8994,train,8994,7341
8995,train,8995,7342
8998,train,8998,7345
8999,train,2386,7346
9000,train,2386,7347
9001,train,2386,7348
9002,train,2386,7349
9003,train,2386,7350
9004,train,2386,7351
9007,train,2386,7353
9009,train,9009,7354
9010,train,9010,7355
9012,train,9012,7357
9013,train,7376,7358
9023,train,9023,7367
9029,train,9029,7370
9035,train,7597,7372
9036,train,1534,7373
9039,train,9039,7374
9040,train,9040,7375
9043,train,9043,7377
9044,train,9044,7378
9049,train,6015,7383
9054,train,9054,7385
9057,train,9057,7387
9059,train,9057,7389
9063,train,9063,7392
9064,train,9064,7393
9065,train,9064,7394
9066,train,9063,7395
9067,train,9063,7396
9068,train,9063,7397
9069,train,9063,7398
9070,train,9063,7399
9074,train,9063,7403
9075,train,9063,7404
9076,train,9076,7405
9082,train,82,7409
9086,train,9086,7412
9087,train,9087,7413
9088,train,9088,7414
9089,train,9089,7415
9092,train,9092,7416
9093,train,9093,7417
9094,train,9093,7418
9095,train,9093,7419
9101,train,9101,7425
9102,train,9101,7426
9103,train,9103,7427
9107,train,9107,7430
9108,train,9108,7431
9109,train,9108,7432
9114,train,9114,7435
9115,train,9115,7436
9117,train,9114,7437
9118,train,9114,7438
9119,train,9114,7439
9120,train,9114,7440
9121,train,9115,7441
9124,train,9114,7444
9132,train,9132,7450
9133,train,293,7451
9134,train,293,7452
9135,train,293,7453
9136,train,293,7454
9137,train,9137,7455
9138,train,8611,7456
9139,train,9139,7457
9140,train,293,7458
9141,train,9093,7459
9142,train,59,7460
9146,train,8781,7461
9147,train,2301,7462
9150,train,85,7463
9151,train,85,7464
9152,train,85,7465
9154,train,9154,7467
9156,train,9156,7469
9158,train,9158,7470
9161,train,9161,7472
9162,train,9162,7473
9168,train,9168,7477
9170,train,8095,7478
9174,train,9174,7482
9178,train,734,7483
9179,train,9179,7484
9180,train,9180,7485
9182,train,9182,7486
9184,train,9184,7488
9185,train,9185,7489
9188,train,1418,7491
9189,train,1418,7492
9190,train,1418,7493
9191,train,1418,7494
9192,train,1418,7495
9193,train,1418,7496
9194,train,1418,7497
9195,train,1418,7498
9196,train,1418,7499
9197,train,1418,7500
9198,train,9198,7501
9199,train,8177,7502
9200,train,9200,7503
9211,train,9211,7505
9212,train,9212,7506
9213,train,9213,7507
9214,train,9213,7508
9215,train,9213,7509
9216,train,9213,7510
9217,train,9213,7511
9218,train,9213,7512
9219,train,9213,7513
9220,train,9220,7514
9221,train,9220,7515
9222,train,4764,7516
9223,train,9223,7517
9224,train,3064,7518
9226,train,9226,7520
9227,train,9226,7521
9242,train,2995,7523
9244,train,9244,7524
9259,train,9259,7526
9260,train,4109,7527
9261,train,9261,7528
9262,train,9261,7529
9263,train,9261,7530
9264,train,9261,7531
9265,train,9261,7532
9268,train,9268,7533
9269,train,9269,7534
9283,train,9283,7541
9285,train,9285,7543
9288,train,9288,7544
9291,train,9291,7547
9297,train,9297,7549
9299,train,9299,7551
9305,train,4413,7552
9309,train,9309,7555
9311,train,9311,7557
9315,train,1023,7559
9317,train,9317,7560
9328,train,9328,7564
9329,train,9329,7565
9331,train,9331,7567
9332,train,9332,7568
9335,train,9335,7571
9336,train,9336,7572
9340,train,7624,7574
9344,train,7597,7578
9345,train,5202,7579
9346,train,9346,7580
9347,train,9347,7581
9348,train,9348,7582
9350,train,9350,7584
9351,train,9350,7585
9353,train,9353,7587
9354,train,4517,7588
9355,train,4517,7589
9356,train,9356,7590
9359,train,9359,7593
9368,train,9368,7599
9369,train,9368,7600
9371,train,7624,7602
9372,train,7624,7603
9373,train,9373,7604
9374,train,9373,7605
9380,train,9380,7609
9385,train,7624,7614
9389,train,9380,7618
9398,train,4819,7627
9400,train,9400,7629
9401,train,9401,7630
9405,train,3605,7634
9407,train,1770,7635
9408,train,7624,7636
9415,train,9415,7642
9417,train,249,7643
9419,train,9419,7645
9422,train,9419,7646
9425,train,9425,7649
9426,train,9426,7650
9429,train,2968,7653
9432,train,1048,7656
9434,train,6015,7657
9435,train,9435,7658
9438,train,9438,7660
9439,train,9439,7661
9440,train,6015,7662
9441,train,9441,7663
9443,train,9443,7665
9447,train,9380,7668
9452,train,9380,7672
9453,train,9380,7673
9457,train,9380,7677
9463,train,9463,7683
9465,train,9465,7684
9468,train,5761,7685
9469,train,4879,7686
9470,train,5761,7687
9471,train,4879,7688
9476,train,122,7689
9477,train,122,7690
9482,train,122,7694
9483,train,122,7695
9484,train,122,7696
9485,train,122,7697
9487,train,122,7699
9488,train,122,7700
9489,train,122,7701
9491,train,9491,7703
9493,train,9493,7705
9494,train,449,7706
9496,train,4992,7707
9497,train,3056,7708
9500,train,9500,7711
9502,train,9502,7713
9503,train,9503,7714
9505,train,9505,7715
9517,train,9517,7723
9518,train,3056,7724
9520,train,2217,7726
9521,train,9435,7727
9523,train,9435,7729
9525,train,9525,7730
9527,train,9435,7732
9528,train,9435,7733
9529,train,9435,7734
9530,train,9435,7735
9531,train,9435,7736
9532,train,9435,7737
9533,train,9435,7738
9534,train,9435,7739
9535,train,9435,7740
9536,train,9435,7741
9537,train,9435,7742
9538,train,9435,7743
9539,train,9435,7744
9546,train,9435,7747
9549,train,9549,7750
9551,train,9435,7752
9553,train,5747,7753
9555,train,9555,7755
9556,train,9556,7756
9557,train,9557,7757
9558,train,9558,7758
9561,train,8914,7761
9562,train,8914,7762
9563,train,8914,7763
9565,train,9565,7765
9566,train,9435,7766
9569,train,9569,7768
9570,train,9569,7769
9571,train,9571,7770
9572,train,9571,7771
9573,train,9571,7772
9575,train,9571,7773
9580,train,9571,7774
9596,train,9435,7776
9598,train,811,7778
9603,train,811,7783
9604,train,811,7784
9609,train,3056,7788
9614,train,9614,7790
9618,train,6736,7794
9619,train,6736,7795
9620,train,6736,7796
9621,train,6736,7797
9622,train,6736,7798
9623,train,9623,7799
9624,train,9624,7800
9627,train,449,7803
9636,train,9623,7811
9639,train,9639,7813
9640,train,9640,7814
9641,train,9641,7815
9642,train,9642,7816
9643,train,9643,7817
9648,train,9648,7822
9649,train,9649,7823
9650,train,5424,7824
9651,train,9651,7825
9652,train,9652,7826
9653,train,9652,7827
9656,train,9656,7830
9657,train,9657,7831
9658,train,9658,7832
9659,train,9659,7833
9661,train,9661,7835
9664,train,9664,7837
9666,train,9666,7838
9669,train,9669,7840
9670,train,9435,7841
9672,train,9672,7842
9673,train,4992,7843
9674,train,9674,7844
9675,train,9674,7845
9676,train,9674,7846
9677,train,9674,7847
9678,train,9674,7848
9679,train,9674,7849
9680,train,9674,7850
9681,train,9681,7851
9682,train,746,7852
9683,train,746,7853
9684,train,9684,7854
9685,train,9685,7855
9691,train,9691,7856
9694,train,9694,7859
9695,train,9695,7860
9706,train,449,7861
9710,train,9710,7864
9711,train,9710,7865
9712,train,9712,7866
9713,train,9713,7867
9719,train,9719,7869
9723,train,122,7872
9726,train,9726,7874
9727,train,449,7875
9728,train,449,7876
9729,train,449,7877
9730,train,4068,7878
9731,train,449,7879
9732,train,9502,7880
9733,train,449,7881
9734,train,9734,7882
9736,train,449,7884
9737,train,9737,7885
9738,train,9737,7886
9739,train,2912,7887
9742,train,9742,7889
9744,train,9744,7890
9750,train,9750,7896
9751,train,9751,7897
9753,train,9753,7899
9756,train,9435,7901
9757,train,9435,7902
9758,train,9435,7903
9759,train,9435,7904
9760,train,9435,7905
9761,train,9435,7906
9762,train,9435,7907
9763,train,9435,7908
9764,train,9435,7909
9765,train,3509,7910
9767,train,9767,7911
9768,train,999,7912
9775,train,3056,7919
9777,train,9777,7921
9778,train,9778,7922
9781,train,9751,7925
9783,train,9710,7927
9787,train,9787,7931
9789,train,9789,7932
9793,train,9793,7936
9797,train,9797,7939
9798,train,9798,7940
9802,train,7597,7943
9803,train,9803,7944
9805,train,9805,7945
9810,train,9810,7947
9814,train,9814,7948
9815,train,7597,7949
9816,train,1618,7950
9817,train,9817,7951
9818,train,9818,7952
9821,train,9821,7954
9822,train,1545,7955
9826,train,9826,7956
9829,train,8746,7959
9831,train,9831,7960
9835,train,521,7962
9838,train,9838,7963
9840,train,9840,7964
9841,train,5202,7965
9845,train,9845,7966
9847,train,9064,7967
9849,train,9849,7968
9852,train,9849,7970
9854,train,92,7972
9862,train,9862,7975
9863,train,9863,7976
9864,train,9863,7977
9865,train,9865,7978
9871,train,241,7980
9873,train,9873,7981
9876,train,9876,7983
9877,train,182,7984
9878,train,9878,7985
9882,train,9882,7986
9883,train,9883,7987
9884,train,9883,7988
9885,train,9883,7989
9886,train,9883,7990
9887,train,9883,7991
9888,train,9883,7992
9889,train,9883,7993
9890,train,9883,7994
9891,train,9883,7995
9892,train,9883,7996
9893,train,9883,7997
9894,train,9883,7998
9895,train,9883,7999
9897,train,9883,8000
9899,train,9883,8001
9900,train,9883,8002
9901,train,9901,8003
9907,train,8351,8005
9908,train,9908,8006
9909,train,9908,8007
9916,train,9916,8010
9917,train,9917,8011
9918,train,9918,8012
9919,train,7597,8013
9931,train,9931,8017
9932,train,9932,8018
9934,train,9934,8020
9936,train,9934,8022
9937,train,9623,8023
9938,train,9938,8024
9939,train,9938,8025
9940,train,9938,8026
9941,train,9941,8027
9945,train,9945,8029
9946,train,9681,8030
9947,train,9767,8031
9949,train,9949,8033
9950,train,9767,8034
9951,train,9639,8035
9952,train,9681,8036
9953,train,9734,8037
9955,train,9955,8039
9956,train,3172,8040
9961,train,9961,8045
9962,train,9961,8046
9964,train,9964,8048
9966,train,9966,8050
9967,train,4068,8051
9969,train,9969,8053
9970,train,9970,8054
9971,train,4068,8055
9972,train,9938,8056
9973,train,9938,8057
9974,train,9938,8058
9975,train,9938,8059
9976,train,9938,8060
9977,train,9938,8061
9978,train,9932,8062
9979,train,9767,8063
9980,train,9639,8064
9981,train,9981,8065
9982,train,3395,8066
9983,train,1101,8067
9985,train,2489,8069
9986,train,9986,8070
9987,train,9987,8071
9988,train,9988,8072
9990,train,3590,8074
9992,train,3590,8076
9993,train,3590,8077
9996,train,9996,8078
9998,train,2302,8079
10009,train,410,8082
10014,train,10014,8085
10024,train,10024,8087
10037,train,9938,8092
10038,train,9938,8093
10040,train,9938,8095
10042,train,9970,8097
10043,train,10043,8098
10044,train,10044,8099
10045,train,9938,8100
10046,train,10046,8101
10048,train,9938,8103
10049,train,2489,8104
10051,train,2489,8105
10052,train,10052,8106
10053,train,2489,8107
10062,train,10062,8114
10073,train,10073,8125
10074,train,10073,8126
10075,train,10073,8127
10076,train,10073,8128
10079,train,6480,8130
10080,train,10080,8131
10083,train,6747,8133
10085,train,9057,8134
10086,train,9057,8135
10087,train,9057,8136
10091,train,9057,8140
10093,train,10093,8142
10094,train,9057,8143
10097,train,10097,8146
10102,train,10102,8149
10106,train,10106,8152
10107,train,10107,8153
10108,train,10108,8154
10112,train,10112,8155
10118,train,10118,8158
10121,train,5925,8160
10122,train,5925,8161
10124,train,10124,8162
10125,train,10125,8163
10134,train,1671,8170
10135,train,10135,8171
10137,train,10137,8173
10139,train,10139,8175
10140,train,10140,8176
10142,train,10142,8178
10143,train,10143,8179
10144,train,9503,8180
10148,train,9503,8183
10149,train,10149,8184
10154,train,10154,8187
10155,train,10154,8188
10157,train,10157,8189
10159,train,2529,8190
10160,train,2529,8191
10161,train,2529,8192
10166,train,10166,8194
10168,train,10168,8195
10170,train,10170,8197
10171,train,10171,8198
10173,train,5190,8199
10191,train,1504,8213
10194,train,10194,8215
10198,train,10198,8217
10200,train,10198,8218
10202,train,10202,8219
10203,train,10203,8220
10205,train,10205,8222
10206,train,10206,8223
10207,train,546,8224
10208,train,4201,8225
10209,train,4201,8226
10210,train,4201,8227
10212,train,4201,8229
10217,train,10217,8230
10223,train,10223,8233
10227,train,10227,8234
10228,train,10228,8235
10230,train,10230,8237
10231,train,4413,8238
10233,train,10233,8239
10236,train,3203,8241
10237,train,9261,8242
10238,train,9261,8243
10239,train,9261,8244
10240,train,9261,8245
10241,train,10241,8246
10242,train,9840,8247
10247,train,10247,8248
10249,train,10249,8249
10252,train,10252,8251
10253,train,10252,8252
10254,train,10252,8253
10255,train,10252,8254
10256,train,10252,8255
10257,train,10252,8256
10258,train,10252,8257
10259,train,10252,8258
10260,train,10252,8259
10261,train,10252,8260
10262,train,10252,8261
10263,train,10263,8262
10264,train,10264,8263
10267,train,10267,8265
10271,train,10271,8266
10273,train,108,8268
10274,train,108,8269
10275,train,6374,8270
10276,train,108,8271
10277,train,108,8272
10279,train,10279,8273
10281,train,1774,8275
10285,train,1774,8279
10287,train,4838,8281
10288,train,1774,8282
10289,train,5105,8283
10290,train,5104,8284
10291,train,5105,8285
10292,train,10279,8286
10293,train,5105,8287
10309,train,10309,8294
10311,train,10309,8296
10312,train,10312,8297
10313,train,10312,8298
10315,train,10315,8300
10318,train,10312,8301
10319,train,10312,8302
10320,train,10320,8303
10321,train,10321,8304
10322,train,10322,8305
10323,train,10323,8306
10324,train,1671,8307
10325,train,1671,8308
10327,train,1671,8310
10328,train,1671,8311
10329,train,1671,8312
10330,train,1671,8313
10331,train,1671,8314
10332,train,1671,8315
10334,train,1671,8316
10339,train,10339,8317
10343,train,10343,8319
10347,train,9970,8321
10351,train,9938,8322
10352,train,10352,8323
10360,train,410,8324
10366,train,10366,8326
10367,train,10367,8327
10372,train,8648,8331
10374,train,1522,8333
10375,train,10375,8334
10376,train,10376,8335
10379,train,10379,8336
10380,train,10380,8337
10381,train,10381,8338
10384,train,10384,8341
10386,train,10315,8343
10392,train,10312,8346
10393,train,10312,8347
10399,train,659,8353
10400,train,10400,8354
10409,train,10409,8358
10410,train,10410,8359
10411,train,10411,8360
10412,train,631,8361
10414,train,9261,8363
10416,train,10416,8365
10417,train,10417,8366
10429,train,10429,8372
10435,train,10435,8373
10436,train,10435,8374
10439,train,10439,8376
10442,train,10442,8379
10446,train,10446,8381
10447,train,10447,8382
10449,train,10449,8383
10452,train,10452,8384
10462,train,10462,8386
10464,train,10464,8387
10466,train,10466,8388
10467,train,10467,8389
10468,train,10466,8390
10469,train,10466,8391
10470,train,10466,8392
10471,train,10467,8393
10472,train,10466,8394
10473,train,10473,8395
10474,train,10473,8396
10475,train,10473,8397
10476,train,10473,8398
10477,train,10473,8399
10478,train,10478,8400
10479,train,10478,8401
10480,train,10466,8402
10481,train,10473,8403
10482,train,10252,8404
10486,train,9970,8407
10490,train,9938,8411
10492,train,9179,8412
10493,train,10466,8413
10494,train,9970,8414
10495,train,10495,8415
10496,train,10496,8416
10498,train,10498,8417
10499,train,10499,8418
10500,train,10500,8419
10503,train,10499,8420
10506,train,10506,8423
10509,train,8051,8425
10511,train,10511,8427
10512,train,10512,8428
10514,train,10514,8429
10515,train,10514,8430
10516,train,10516,8431
10522,train,10522,8436
10524,train,10524,8438
10529,train,10529,8442
10530,train,10530,8443
10531,train,241,8444
10533,train,1922,8446
10534,train,4201,8447
10536,train,4112,8449
10540,train,509,8450
10545,train,10545,8452
10550,train,10550,8453
10557,train,10557,8458
10564,train,10564,8465
10565,train,10565,8466
10566,train,10566,8467
10567,train,10567,8468
10568,train,10565,8469
10570,train,10570,8471
10571,train,10571,8472
10572,train,10571,8473
10573,train,10573,8474
10575,train,10575,8476
10576,train,10576,8477
10577,train,10577,8478
10578,train,10578,8479
10579,train,10579,8480
10580,train,10580,8481
10583,train,4577,8484
10585,train,10580,8486
10586,train,4034,8487
10587,train,4034,8488
10588,train,10588,8489
10589,train,10589,8490
10590,train,3598,8491
10591,train,4740,8492
10592,train,10592,8493
10595,train,5282,8496
10596,train,10596,8497
10597,train,10597,8498
10598,train,10598,8499
10599,train,10598,8500
10601,train,10601,8502
10602,train,10171,8503
10603,train,10603,8504
10604,train,10604,8505
10609,train,10609,8510
10613,train,10613,8514
10614,train,10614,8515
10615,train,10615,8516
10616,train,2013,8517
10619,train,6837,8520
10630,train,8010,8527
10631,train,10631,8528
10633,train,10633,8530
10634,train,10634,8531
10635,train,10634,8532
10636,train,10636,8533
10637,train,10637,8534
10638,train,10638,8535
10639,train,10639,8536
10642,train,10642,8539
10643,train,5051,8540
10644,train,3401,8541
10645,train,10645,8542
10646,train,10646,8543
10648,train,2268,8544
10650,train,10650,8546
10651,train,10651,8547
10655,train,10655,8550
10656,train,10656,8551
10657,train,9212,8552
10660,train,10660,8555
10661,train,10661,8556
10662,train,10662,8557
10663,train,10663,8558
10665,train,10665,8560
10667,train,10667,8562
10668,train,10668,8563
10670,train,10670,8565
10671,train,10665,8566
10673,train,10673,8568
10674,train,10674,8569
10676,train,10676,8570
10679,train,10679,8573
10682,train,10682,8576
10684,train,10684,8578
10699,train,10699,8591
10700,train,3280,8592
10701,train,10701,8593
10702,train,1299,8594
10703,train,1299,8595
10704,train,1299,8596
10707,train,10656,8599
10708,train,10646,8600
10709,train,4438,8601
10711,train,4438,8603
10712,train,4425,8604
10713,train,4425,8605
10714,train,10714,8606
10715,train,10715,8607
10716,train,10716,8608
10719,train,10719,8610
10722,train,10722,8613
10726,train,10726,8617
10728,train,5424,8619
10729,train,10729,8620
10731,train,10731,8622
10733,train,4465,8624
10740,train,10740,8625
10741,train,10741,8626
10742,train,9863,8627
10743,train,9863,8628
10744,train,10744,8629
10745,train,10745,8630
10747,train,10747,8632
10751,train,10751,8636
10752,train,10752,8637
10754,train,10754,8638
10755,train,1890,8639
10760,train,10760,8642
10762,train,3464,8644
10763,train,10763,8645
10765,train,10765,8647
10769,train,10769,8649
10771,train,10771,8651
10776,train,3164,8655
10778,train,10778,8657
10779,train,10779,8658
10781,train,10781,8660
10789,train,10789,8668
10790,train,10790,8669
10791,train,10790,8670
10792,train,10792,8671
10793,train,10793,8672
10794,train,10793,8673
10796,train,10796,8675
10797,train,10797,8676
10799,train,10799,8678
10800,train,10800,8679
10802,train,10802,8680
10803,train,10803,8681
10804,train,10804,8682
10806,train,10806,8684
10807,train,10807,8685
10808,train,10808,8686
10809,train,10809,8687
10810,train,10810,8688
10812,train,10812,8689
10814,train,10814,8691
10817,train,10817,8694
10820,train,10820,8697
10821,train,10821,8698
10822,train,10822,8699
10823,train,10823,8700
10824,train,10824,8701
10825,train,10825,8702
10826,train,10825,8703
10827,train,10827,8704
10828,train,10828,8705
10830,train,10830,8707
10833,train,10833,8710
10834,train,10834,8711
10837,train,10837,8714
10840,train,10840,8717
10841,train,10841,8718
10844,train,3314,8720
10848,train,10848,8721
10852,train,10852,8723
10854,train,10854,8725
10855,train,10855,8726
10857,train,10857,8727
10859,train,10859,8729
10860,train,10860,8730
10861,train,10861,8731
10862,train,10862,8732
10863,train,10863,8733
10864,train,10864,8734
10865,train,3327,8735
10868,train,10868,8737
10869,train,10869,8738
10871,train,10871,8740
10872,train,10872,8741
10873,train,249,8742
10877,train,10877,8743
10879,train,10848,8744
10880,train,10880,8745
10881,train,10881,8746
10884,train,10884,8748
10885,train,10885,8749
10886,train,10886,8750
10887,train,10887,8751
10889,train,559,8752
10890,train,559,8753
10891,train,559,8754
10892,train,10892,8755
10896,train,10896,8757
10897,train,10897,8758
10898,train,10898,8759
10899,train,4438,8760
10900,train,10900,8761
10902,train,880,8763
10904,train,10904,8764
10905,train,10905,8765
10907,train,10907,8767
10908,train,2585,8768
10909,train,2585,8769
10910,train,2585,8770
10911,train,10911,8771
10913,train,10913,8773
10915,train,10915,8775
10917,train,10907,8777
10919,train,10919,8778
10920,train,6663,8779
10922,train,10922,8780
10923,train,10922,8781
10924,train,10922,8782
10926,train,10898,8783
10928,train,10928,8785
10930,train,10930,8786
10931,train,10931,8787
10932,train,3175,8788
10934,train,6085,8789
10935,train,10935,8790
10938,train,10938,8793
10939,train,10939,8794
10947,train,10947,8795
10948,train,10900,8796
10949,train,10913,8797
10955,train,3673,8798
10956,train,3673,8799
10977,train,10977,8801
10978,train,10978,8802
10981,train,10981,8804
10983,train,414,8805
10984,train,1847,8806
10985,train,1847,8807
10986,train,10986,8808
10988,train,10988,8810
10989,train,10989,8811
10990,train,10990,8812
10992,train,10992,8814
10996,train,10981,8815
10997,train,10997,8816
10998,train,811,8817
11000,train,11000,8819
11001,train,11001,8820
11009,train,6085,8826
11010,train,6085,8827
11011,train,11011,8828
11013,train,12,8830
11015,train,11015,8832
11017,train,11017,8834
11018,train,11015,8835
11022,train,8545,8838
11023,train,11023,8839
11024,train,11024,8840
11025,train,11025,8841
11030,train,6071,8845
11036,train,11036,8847
11037,train,11037,8848
11038,train,11038,8849
11039,train,11039,8850
11042,train,11042,8853
11058,train,6837,8858
11060,train,11060,8859
11061,train,11061,8860
11070,train,11070,8862
11074,train,11074,8863
11077,train,11077,8865
11081,train,1844,8868
11083,train,11083,8870
11086,train,11086,8872
11088,train,11042,8874
11089,train,11089,8875
11090,train,11090,8876
11091,train,11090,8877
11092,train,11092,8878
11095,train,11095,8880
11096,train,11096,8881
11097,train,11096,8882
11100,train,11100,8883
11101,train,11101,8884
11103,train,11103,8885
11109,train,11109,8888
11113,train,11113,8892
11117,train,6463,8896
11118,train,11118,8897
11123,train,11123,8902
11124,train,11124,8903
11125,train,11125,8904
11126,train,9184,8905
11127,train,11127,8906
11130,train,11130,8909
11135,train,11135,8913
11137,train,11137,8914
11138,train,11138,8915
11140,train,11140,8916
11145,train,11145,8917
11146,train,11146,8918
11147,train,11147,8919
11150,train,11150,8922
11154,train,11154,8925
11155,train,11155,8926
11156,train,11156,8927
11157,train,11157,8928
11159,train,11159,8929
11163,train,11163,8933
11164,train,11164,8934
11168,train,11168,8935
11169,train,11169,8936
11173,train,11173,8938
11174,train,11174,8939
11183,train,11183,8943
11186,train,3325,8945
11189,train,11189,8947
11190,train,11190,8948
11191,train,11191,8949
11193,train,3325,8950
11199,train,11199,8951
11200,train,11200,8952
11202,train,11202,8953
11205,train,11205,8956
11207,train,11207,8958
11208,train,11208,8959
11209,train,11209,8960
11212,train,11212,8963
11215,train,11215,8965
11218,train,11218,8968
11219,train,10676,8969
11220,train,11220,8970
11222,train,11222,8972
11224,train,11224,8973
11234,train,11234,8977
11236,train,11236,8979
11238,train,11238,8980
11240,train,11240,8982
11241,train,3446,8983
11243,train,11243,8985
11245,train,11245,8987
11246,train,11246,8988
11251,train,11251,8991
11253,train,11253,8993
11254,train,11254,8994
11255,train,11255,8995
11256,train,11256,8996
11257,train,11257,8997
11258,train,11258,8998
11259,train,11259,8999
11265,train,11265,9004
11285,train,11285,9007
11286,train,11286,9008
11287,train,11287,9009
11288,train,11287,9010
11292,train,11292,9011
11301,train,11301,9012
11302,train,11302,9013
11303,train,11303,9014
11304,train,11304,9015
11305,train,1799,9016
11306,train,11306,9017
11307,train,11307,9018
11308,train,11308,9019
11309,train,11309,9020
11310,train,11310,9021
11311,train,11311,9022
11313,train,11313,9024
11314,train,11314,9025
11315,train,11315,9026
11317,train,11317,9028
11318,train,11318,9029
11319,train,11317,9030
11320,train,11320,9031
11321,train,11321,9032
11325,train,10938,9034
11326,train,10938,9035
11327,train,10938,9036
11328,train,10938,9037
11329,train,10938,9038
11331,train,3401,9040
11332,train,3401,9041
11334,train,1842,9043
11335,train,5946,9044
11338,train,3314,9047
11340,train,1842,9049
11341,train,8545,9050
11342,train,11342,9051
11343,train,4465,9052
11345,train,3314,9054
11346,train,11346,9055
11347,train,4577,9056
11350,train,3314,9059
11351,train,11346,9060
11353,train,11353,9062
11354,train,11354,9063
11363,train,11363,9065
11365,train,11365,9066
11367,train,11367,9067
11371,train,11371,9071
11372,train,11372,9072
11373,train,11373,9073
11377,train,11377,9075
11378,train,11378,9076
11381,train,11381,9078
11384,train,11384,9080
11385,train,11385,9081
11387,train,11387,9082
11395,train,11395,9086
11396,train,11396,9087
11397,train,11396,9088
11406,train,11406,9092
11407,train,9503,9093
11409,train,4788,9095
11410,train,11410,9096
11411,train,11411,9097
11413,train,11410,9099
11419,train,8303,9103
11423,train,10848,9105
11424,train,10848,9106
11432,train,11432,9112
11434,train,11434,9114
11435,train,11435,9115
11438,train,11438,9118
11439,train,11439,9119
11442,train,5486,9121
11444,train,11444,9123
11445,train,11445,9124
11446,train,11446,9125
11447,train,11447,9126
11448,train,11448,9127
11451,train,5618,9130
11452,train,11452,9131
11454,train,10848,9132
11456,train,11456,9133
11457,train,11457,9134
11462,train,3043,9135
11466,train,5795,9136
11467,train,11467,9137
11468,train,11468,9138
11469,train,11469,9139
11470,train,10848,9140
11472,train,11472,9141
11476,train,11476,9142
11477,train,5136,9143
11478,train,4438,9144
11480,train,6907,9145
11481,train,11481,9146
11483,train,2771,9148
11485,train,11485,9149
11492,train,11492,9154
11497,train,11286,9157
11498,train,11498,9158
11500,train,11500,9160
11503,train,11503,9162
11504,train,10922,9163
11507,train,249,9164
11508,train,11508,9165
11511,train,6913,9168
11514,train,11514,9171
11515,train,11515,9172
11518,train,4148,9174
11519,train,4148,9175
11525,train,11525,9178
11526,train,880,9179
11527,train,2115,9180
11528,train,11528,9181
11531,train,2115,9182
11532,train,11532,9183
11537,train,11537,9184
11538,train,11538,9185
11540,train,11540,9187
11543,train,8616,9190
11546,train,11546,9192
11548,train,1844,9194
11549,train,1844,9195
11551,train,11551,9197
11552,train,11551,9198
11554,train,11551,9200
11556,train,11551,9202
11557,train,11551,9203
11558,train,11558,9204
11562,train,11562,9207
11566,train,11566,9211
11567,train,811,9212
11586,train,11586,9223
11587,train,11587,9224
11588,train,11588,9225
11600,train,10820,9227
11601,train,10820,9228
11602,train,10820,9229
11603,train,2332,9230
11605,train,3325,9232
11606,train,11606,9233
11608,train,2332,9234
11610,train,11610,9236
11614,train,11614,9238
11624,train,11624,9239
11626,train,11626,9241
11627,train,4077,9242
11628,train,4077,9243
11629,train,4077,9244
11630,train,11630,9245
11631,train,10938,9246
11632,train,10938,9247
11633,train,10938,9248
11634,train,10938,9249
11637,train,11637,9250
11638,train,11638,9251
11639,train,11639,9252
11643,train,11643,9253
11644,train,11644,9254
11646,train,1671,9255
11649,train,11649,9256
11670,train,11670,9259
11684,train,11670,9265
11685,train,11670,9266
11692,train,11692,9268
11693,train,11692,9269
11694,train,73,9270
11696,train,11696,9271
11697,train,11697,9272
11699,train,11699,9273
11700,train,11700,9274
11701,train,11700,9275
11702,train,11702,9276
11704,train,5486,9277
11706,train,11706,9278
11711,train,11711,9280
11712,train,11712,9281
11713,train,11713,9282
11716,train,11716,9285
11727,train,605,9291
11728,train,11728,9292
11729,train,11729,9293
11730,train,5079,9294
11731,train,5079,9295
11743,train,3319,9299
11747,train,3319,9300
11750,train,1462,9301
11753,train,11753,9303
11755,train,11755,9304
11756,train,11756,9305
11758,train,11758,9306
11759,train,11759,9307
11760,train,11760,9308
11761,train,160,9309
11769,train,3580,9316
11770,train,3580,9317
11771,train,3580,9318
11773,train,5484,9319
11774,train,5484,9320
11775,train,11775,9321
11778,train,11778,9323
11780,train,7597,9324
11793,train,688,9325
11796,train,11796,9326
11804,train,11804,9327
11806,train,11806,9328
11807,train,11807,9329
11808,train,11807,9330
11809,train,11809,9331
11812,train,11812,9333
11813,train,11813,9334
11815,train,11813,9336
11816,train,11816,9337
11817,train,11817,9338
11819,train,9901,9340
11820,train,9901,9341
11821,train,9883,9342
11822,train,9883,9343
11823,train,9883,9344
11824,train,9883,9345
11825,train,9883,9346
11826,train,9883,9347
11827,train,9883,9348
11828,train,9883,9349
11829,train,9883,9350
11830,train,9901,9351
11831,train,9883,9352
11832,train,9883,9353
11833,train,9883,9354
11834,train,9883,9355
11835,train,9883,9356
11836,train,9883,9357
11837,train,9883,9358
11838,train,9883,9359
11839,train,9883,9360
11840,train,9883,9361
11842,train,11842,9362
11843,train,9883,9363
11844,train,9883,9364
11845,train,9883,9365
11846,train,9883,9366
11847,train,9883,9367
11848,train,9883,9368
11849,train,11849,9369
11862,train,7597,9371
11863,train,7597,9372
11864,train,7597,9373
11865,train,11865,9374
11879,train,8437,9376
11882,train,11882,9378
11901,train,7597,9383
11909,train,11909,9386
11910,train,11910,9387
11913,train,11913,9388
11919,train,11919,9390
11921,train,11921,9391
11924,train,9044,9393
11926,train,5202,9395
11928,train,11928,9397
11931,train,11931,9399
11932,train,8691,9400
11933,train,11933,9401
11935,train,11935,9402
11937,train,1077,9403
11939,train,7597,9405
11941,train,11941,9406
11942,train,2801,9407
11943,train,11943,9408
11946,train,11946,9410
11947,train,7971,9411
11949,train,7971,9413
11950,train,7971,9414
11951,train,11951,9415
11964,train,11964,9425
11965,train,5393,9426
11966,train,9624,9427
11977,train,11977,9438
11978,train,11977,9439
11979,train,11977,9440
11981,train,11981,9442
11982,train,11981,9443
11988,train,11988,9448
11989,train,11981,9449
11990,train,11990,9450
11995,train,2419,9455
11999,train,11999,9456
12000,train,10506,9457
12001,train,12001,9458
12022,train,12022,9464
12024,train,1463,9466
12042,train,6438,9468
12046,train,12046,9470
12047,train,12046,9471
12048,train,12048,9472
12049,train,12048,9473
12050,train,12050,9474
12051,train,12051,9475
12053,train,754,9477
12056,train,12056,9478
12057,train,12056,9479
12058,train,12058,9480
12060,train,12056,9481
12061,train,12056,9482
12062,train,12062,9483
12063,train,12063,9484
12066,train,12066,9485
12083,train,2995,9488
12087,train,12087,9492
12088,train,12088,9493
12092,train,12087,9497
12093,train,12088,9498
12094,train,12088,9499
12095,train,12095,9500
12097,train,12097,9502
12098,train,12098,9503
12101,train,12101,9504
12102,train,12102,9505
12103,train,12103,9506
12105,train,12105,9508
12106,train,12106,9509
12107,train,12107,9510
12109,train,12109,9511
12111,train,12056,9512
12113,train,12113,9513
12116,train,12116,9514
12117,train,12117,9515
12118,train,12117,9516
12119,train,12117,9517
12120,train,12117,9518
12121,train,12117,9519
12122,train,12117,9520
12123,train,12117,9521
12124,train,12117,9522
12125,train,12117,9523
12126,train,12117,9524
12127,train,12117,9525
12128,train,12117,9526
12129,train,12117,9527
12136,train,12136,9530
12137,train,734,9531
12151,train,12151,9532
12152,train,746,9533
12154,train,12154,9535
12155,train,12155,9536
12156,train,12155,9537
12157,train,12154,9538
12158,train,12154,9539
12159,train,12154,9540
12170,train,7059,9542
12173,train,12173,9544
12177,train,12177,9546
12178,train,12178,9547
12182,train,12182,9548
12183,train,12182,9549
12184,train,12182,9550
12185,train,12182,9551
12186,train,12182,9552
12187,train,12182,9553
12188,train,12182,9554
12197,train,12197,9563
12198,train,12197,9564
12199,train,12197,9565
12200,train,12182,9566
12201,train,12182,9567
12202,train,12182,9568
12203,train,12182,9569
12204,train,12182,9570
12208,train,12208,9571
12210,train,12210,9572
12213,train,12213,9575
12215,train,12215,9577
12222,train,3690,9583
12230,train,12230,9587
12240,train,12240,9590
12243,train,12240,9593
12245,train,12240,9595
12246,train,12240,9596
12251,train,12155,9601
12252,train,12154,9602
12253,train,12154,9603
12257,train,12257,9605
12258,train,9878,9606
12260,train,12260,9607
12262,train,12262,9609
12264,train,12264,9610
12278,train,12278,9612
12279,train,12278,9613
12280,train,12278,9614
12281,train,12281,9615
12294,train,12294,9624
12295,train,12294,9625
12296,train,12294,9626
12297,train,12297,9627
12301,train,12301,9630
12305,train,12305,9632
12306,train,12306,9633
12307,train,12306,9634
12308,train,12306,9635
12310,train,12310,9637
12311,train,12311,9638
12312,train,12312,9639
12313,train,12313,9640
12314,train,12314,9641
12315,train,12315,9642
12316,train,12316,9643
12318,train,3961,9644
12319,train,3961,9645
12350,train,1522,9651
12351,train,12351,9652
12352,train,12351,9653
12378,train,12378,9660
12380,train,12380,9662
12381,train,12378,9663
12382,train,12382,9664
12383,train,12382,9665
12385,train,12382,9667
12392,train,12306,9670
12393,train,12393,9671
12402,train,12402,9673
12420,train,9883,9674
12421,train,12421,9675
12422,train,12422,9676
12423,train,726,9677
12429,train,12429,9679
12432,train,12432,9682
12433,train,12433,9683
12434,train,12434,9684
12435,train,12435,9685
12436,train,12435,9686
12437,train,12435,9687
12438,train,12433,9688
12439,train,12433,9689
12444,train,12444,9690
12448,train,12448,9692
12451,train,12451,9694
12456,train,12456,9698
12458,train,12458,9700
12460,train,12460,9702
12461,train,12461,9703
12462,train,12461,9704
12464,train,12464,9706
12467,train,12467,9709
12469,train,12469,9711
12470,train,12470,9712
12473,train,12473,9715
12481,train,12481,9723
12483,train,8981,9725
12485,train,12485,9727
12486,train,7732,9728
12493,train,12461,9729
12494,train,12494,9730
12495,train,12495,9731
12496,train,12496,9732
12498,train,12498,9734
12500,train,12500,9736
12501,train,12501,9737
12509,train,82,9742
12510,train,5577,9743
12511,train,9674,9744
12513,train,12513,9746
12514,train,973,9747
12515,train,12515,9748
12523,train,12523,9751
12527,train,10661,9754
12532,train,12451,9756
12533,train,12533,9757
12539,train,12539,9763
12544,train,12544,9766
12547,train,12547,9767
12556,train,160,9770
12557,train,12557,9771
12560,train,12560,9774
12561,train,8051,9775
12562,train,12562,9776
12563,train,12562,9777
12564,train,12562,9778
12565,train,12565,9779
12566,train,12566,9780
12568,train,12562,9782
12569,train,12569,9783
12570,train,12562,9784
12572,train,6367,9786
12573,train,6367,9787
12574,train,3172,9788
12575,train,3172,9789
12576,train,12576,9790
12577,train,6367,9791
12578,train,12578,9792
12579,train,3172,9793
12581,train,12581,9795
12582,train,12582,9796
12583,train,3302,9797
12585,train,12585,9798
12586,train,12586,9799
12587,train,3610,9800
12588,train,12588,9801
12594,train,12594,9807
12595,train,12595,9808
12596,train,12596,9809
12600,train,12600,9811
12601,train,12600,9812
12605,train,12605,9814
12608,train,12608,9817
12609,train,12608,9818
12610,train,12610,9819
12612,train,12612,9821
12617,train,12617,9824
12623,train,7972,9827
12624,train,12624,9828
12625,train,12625,9829
12629,train,12629,9832
12633,train,12629,9836
12634,train,12634,9837
12635,train,1463,9838
12636,train,12629,9839
12637,train,12629,9840
12638,train,12638,9841
12640,train,9269,9843
12641,train,11222,9844
12643,train,4038,9845
12645,train,12645,9847
12649,train,12649,9850
12651,train,12629,9851
12652,train,2239,9852
12653,train,2239,9853
12658,train,12658,9856
12659,train,12658,9857
12662,train,12662,9859
12664,train,12664,9860
12666,train,12666,9861
12670,train,12670,9864
12673,train,12673,9866
12674,train,12673,9867
12676,train,12673,9869
12677,train,12677,9870
12682,train,12682,9875
12683,train,8981,9876
12685,train,9029,9878
12688,train,12688,9880
12690,train,12690,9882
12691,train,7420,9883
12692,train,12692,9884
12693,train,12693,9885
12694,train,12694,9886
12695,train,12695,9887
12697,train,12697,9889
12698,train,12698,9890
12699,train,7516,9891
12709,train,5622,9894
12711,train,12711,9895
12719,train,12719,9899
12720,train,12720,9900
12721,train,12721,9901
12722,train,12721,9902
12723,train,12723,9903
12727,train,12727,9905
12728,train,7100,9906
12730,train,12730,9908
12736,train,12736,9913
12737,train,8981,9914
12738,train,12738,9915
12739,train,12739,9916
12740,train,12740,9917
12741,train,12738,9918
12742,train,12742,9919
12743,train,406,9920
12745,train,9283,9921
12746,train,4038,9922
12749,train,7864,9925
12750,train,12750,9926
12751,train,4045,9927
12756,train,3061,9932
12760,train,12629,9936
12762,train,12629,9938
12763,train,12763,9939
12767,train,12767,9941
12769,train,5589,9943
12777,train,12730,9951
12778,train,5589,9952
12781,train,12781,9954
12782,train,1335,9955
12791,train,7415,9960
12796,train,12796,9964
12797,train,12797,9965
12799,train,12799,9967
12800,train,4038,9968
12803,train,12803,9969
12805,train,12805,9971
12806,train,6287,9972
12807,train,12807,9973
12808,train,12808,9974
12809,train,12809,9975
12811,train,12805,9976
12812,train,12805,9977
12813,train,12711,9978
12815,train,12815,9980
12816,train,12816,9981
12818,train,12818,9982
12820,train,12809,9983
12821,train,3826,9984
12822,train,3826,9985
12823,train,3826,9986
12824,train,3826,9987
12825,train,12825,9988
12829,train,12829,9990
12830,train,12829,9991
12831,train,12829,9992
12832,train,12829,9993
12834,train,12834,9995
12835,train,12829,9996
12836,train,12836,9997
12837,train,5622,9998
12840,train,12840,9999
12841,train,12841,10000
12844,train,12841,10002
12846,train,12846,10004
12847,train,12847,10005
12853,train,5622,10006
12854,train,12854,10007
12855,train,12855,10008
12856,train,12856,10009
12858,train,12858,10010
12859,train,12859,10011
12860,train,12738,10012
12861,train,12738,10013
12862,train,12862,10014
12865,train,12865,10017
12866,train,7415,10018
12869,train,2157,10021
12870,train,3477,10022
12877,train,108,10025
12878,train,12301,10026
12880,train,12880,10027
12881,train,12881,10028
12882,train,12882,10029
12883,train,12883,10030
12884,train,12884,10031
12886,train,12886,10033
12888,train,12888,10035
12889,train,12889,10036
12890,train,249,10037
12892,train,12892,10039
12893,train,12893,10040
12894,train,12894,10041
12895,train,12895,10042
12898,train,12898,10045
12899,train,12899,10046
12901,train,12883,10048
12902,train,12893,10049
12903,train,12903,10050
12904,train,12904,10051
12905,train,12893,10052
12906,train,12906,10053
12907,train,12907,10054
12908,train,4970,10055
12909,train,12909,10056
12910,train,12910,10057
12911,train,12911,10058
12912,train,12912,10059
12913,train,12913,10060
12915,train,12884,10062
12918,train,12918,10065
12921,train,12921,10068
12923,train,12456,10070
12924,train,12456,10071
12925,train,12925,10072
12926,train,12926,10073
12927,train,12926,10074
12928,train,82,10075
12933,train,12933,10080
12934,train,299,10081
12935,train,12935,10082
12937,train,12805,10084
12938,train,12809,10085
12939,train,12865,10086
12940,train,12865,10087
12942,train,7327,10089
12952,train,12952,10095
12954,train,5589,10097
12955,train,12955,10098
12956,train,12955,10099
12958,train,12958,10101
12959,train,12958,10102
12960,train,12958,10103
12961,train,12958,10104
12962,train,12958,10105
12963,train,12958,10106
12964,train,12958,10107
12970,train,12933,10112
12974,train,12974,10114
12975,train,12975,10115
12977,train,12977,10117
12978,train,12978,10118
12979,train,12979,10119
12980,train,12980,10120
12981,train,7399,10121
12985,train,669,10125
12986,train,2205,10126
12988,train,12988,10127
12989,train,108,10128
12993,train,12993,10129
12996,train,12996,10131
12997,train,12997,10132
12998,train,12998,10133
12999,train,12998,10134
13000,train,12998,10135
13001,train,7768,10136
13018,train,12854,10137
13019,train,13019,10138
13020,train,13020,10139
13021,train,13021,10140
13022,train,13022,10141
13023,train,13020,10142
13024,train,13020,10143
13028,train,13028,10145
13029,train,13028,10146
13030,train,13030,10147
13031,train,13031,10148
13032,train,5925,10149
13033,train,5925,10150
13035,train,13035,10152
13037,train,13037,10154
13038,train,5925,10155
13039,train,5925,10156
13040,train,13040,10157
13041,train,13041,10158
13043,train,13043,10160
13044,train,13044,10161
13049,train,2386,10165
13050,train,13050,10166
13052,train,519,10167
13053,train,13053,10168
13055,train,13055,10169
13059,train,12805,10173
13061,train,13061,10175
13062,train,13062,10176
13063,train,12730,10177
13064,train,12730,10178
13065,train,12730,10179
13067,train,13067,10180
13069,train,13069,10181
13076,train,13076,10187
13077,train,13076,10188
13081,train,13081,10189
13082,train,13081,10190
13083,train,13083,10191
13084,train,13081,10192
13085,train,13081,10193
13086,train,13081,10194
13087,train,13087,10195
13089,train,13081,10196
13090,train,13090,10197
13091,train,13090,10198
13093,train,13093,10200
13094,train,13094,10201
13105,train,1367,10211
13107,train,8657,10212
13109,train,13109,10214
13111,train,13111,10215
13121,train,13121,10220
13129,train,13021,10221
13132,train,13132,10223
13134,train,13134,10225
13137,train,13021,10227
13139,train,13139,10228
13141,train,13141,10229
13142,train,3064,10230
13143,train,13021,10231
13144,train,3064,10232
13145,train,9805,10233
13146,train,13146,10234
13147,train,3064,10235
13148,train,3064,10236
13150,train,3064,10238
13152,train,3064,10240
13153,train,3064,10241
13154,train,3064,10242
13155,train,3064,10243
13157,train,9283,10245
13158,train,9283,10246
13159,train,13159,10247
13160,train,13160,10248
13161,train,13161,10249
13162,train,13162,10250
13164,train,13164,10252
13166,train,8607,10254
13167,train,13167,10255
13168,train,13168,10256
13172,train,3610,10260
13184,train,3064,10265
13185,train,3064,10266
13186,train,13146,10267
13191,train,13191,10268
13193,train,13193,10270
13198,train,5622,10274
13200,train,13200,10275
13201,train,13200,10276
13205,train,7972,10278
13211,train,3386,10283
13212,train,3386,10284
13220,train,13220,10292
13221,train,3591,10293
13223,train,1916,10295
13225,train,3384,10297
13226,train,13226,10298
13227,train,13227,10299
13234,train,13234,10305
13237,train,13237,10307
13238,train,13238,10308
13240,train,3591,10310
13243,train,13243,10313
13245,train,3591,10315
13246,train,10506,10316
13248,train,10506,10318
13249,train,10506,10319
13250,train,10506,10320
13251,train,10506,10321
13252,train,9162,10322
13253,train,9162,10323
13254,train,1868,10324
13255,train,13255,10325
13282,train,13282,10326
13283,train,3591,10327
13284,train,13284,10328
13285,train,13285,10329
13286,train,12,10330
13293,train,1832,10335
13295,train,12,10337
13297,train,13297,10339
13298,train,8657,10340
13299,train,2964,10341
13301,train,13301,10342
13305,train,13305,10345
13307,train,13307,10347
13309,train,13309,10349
13310,train,13310,10350
13312,train,13312,10352
13313,train,13313,10353
13314,train,13313,10354
13316,train,13316,10355
13323,train,12730,10356
13324,train,13324,10357
13327,train,1868,10359
13328,train,12711,10360
13329,train,82,10361
13330,train,13330,10362
13333,train,13333,10365
13334,train,13334,10366
13335,train,13335,10367
13336,train,13334,10368
13337,train,13334,10369
13339,train,13339,10371
13341,train,13019,10373
13342,train,13342,10374
13343,train,13343,10375
13345,train,13345,10377
13346,train,13019,10378
13347,train,13345,10379
13348,train,13019,10380
13350,train,13350,10382
13352,train,13352,10384
13355,train,13355,10386
13356,train,13356,10387
13357,train,13335,10388
13358,train,13358,10389
13359,train,12693,10390
13372,train,13372,10401
13374,train,13374,10402
13375,train,1844,10403
13377,train,13377,10404
13380,train,13380,10405
13381,train,13377,10406
13383,train,7100,10408
13384,train,13384,10409
13388,train,13388,10412
13389,train,13388,10413
13392,train,7100,10414
13393,train,13384,10415
13397,train,12673,10417
13399,train,12797,10418
13404,train,13404,10420
13406,train,13406,10421
13407,train,13407,10422
13409,train,4168,10423
13416,train,13416,10425
13438,train,4168,10427
13442,train,9876,10430
13444,train,13444,10431
13448,train,13448,10435
13449,train,13449,10436
13451,train,13451,10437
13454,train,13454,10439
13455,train,973,10440
13457,train,973,10441
13458,train,973,10442
13460,train,973,10443
13461,train,973,10444
13462,train,973,10445
13463,train,973,10446
13464,train,973,10447
13465,train,973,10448
13466,train,13330,10449
13467,train,973,10450
13468,train,973,10451
13469,train,973,10452
13470,train,973,10453
13471,train,973,10454
13472,train,973,10455
13474,train,973,10456
13475,train,973,10457
13476,train,973,10458
13477,train,13330,10459
13478,train,13330,10460
13479,train,13330,10461
13480,train,973,10462
13481,train,9876,10463
13483,train,13483,10465
13484,train,10154,10466
13485,train,5936,10467
13486,train,13486,10468
13487,train,13487,10469
13491,train,13491,10470
13499,train,13499,10474
13501,train,249,10475
13502,train,13502,10476
13504,train,9419,10477
13516,train,13516,10484
13522,train,13522,10485
13526,train,13526,10486
13529,train,2014,10487
13534,train,7624,10489
13536,train,13536,10491
13540,train,13540,10493
13546,train,13546,10494
13550,train,13522,10496
13551,train,13551,10497
13556,train,2014,10499
13557,train,13557,10500
13558,train,13558,10501
13559,train,13559,10502
13560,train,13560,10503
13561,train,13559,10504
13562,train,13562,10505
13566,train,13560,10509
13567,train,2217,10510
13568,train,13562,10511
13570,train,2217,10512
13571,train,13562,10513
13572,train,13572,10514
13573,train,13562,10515
13574,train,13562,10516
13575,train,2014,10517
13576,train,13562,10518
13577,train,2217,10519
13578,train,13559,10520
13580,train,13580,10521
13581,train,12693,10522
13582,train,13582,10523
13583,train,2011,10524
13585,train,12865,10525
13589,train,13589,10526
13597,train,10506,10528
13598,train,10506,10529
13601,train,12677,10531
13609,train,13609,10536
13612,train,12727,10538
13614,train,158,10540
13616,train,13616,10541
13617,train,13617,10542
13619,train,13619,10543
13630,train,13630,10554
13633,train,13630,10557
13634,train,13630,10558
13645,train,13645,10568
13660,train,13660,10569
13662,train,13662,10570
13663,train,13660,10571
13664,train,13664,10572
13665,train,13664,10573
13666,train,13664,10574
13667,train,13667,10575
13671,train,1174,10578
13672,train,1100,10579
13674,train,12494,10581
13675,train,12494,10582
13676,train,13676,10583
13678,train,13167,10585
13681,train,13681,10588
13685,train,13685,10591
13689,train,13685,10595
13694,train,13694,10600
13696,train,13696,10601
13697,train,13697,10602
13702,train,2014,10605
13703,train,13703,10606
13705,train,13705,10608
13706,train,13705,10609
13712,train,13712,10613
13713,train,13713,10614
13716,train,13716,10616
13717,train,2014,10617
13718,train,11865,10618
13719,train,11865,10619
13720,train,13200,10620
13721,train,13721,10621
13726,train,13726,10622
13738,train,4145,10626
13739,train,4145,10627
13740,train,4145,10628
13741,train,4145,10629
13743,train,4045,10631
13744,train,12638,10632
13746,train,13746,10633
13750,train,13750,10635
13751,train,13751,10636
13752,train,13752,10637
13753,train,1174,10638
13758,train,13758,10643
13761,train,7416,10646
13764,train,13764,10647
13769,train,13035,10652
13770,train,13770,10653
13771,train,13771,10654
13774,train,13774,10657
13778,train,13778,10659
13779,train,5924,10660
13781,train,13781,10662
13782,train,13134,10663
13783,train,7376,10664
13786,train,13786,10667
13789,train,13789,10669
13791,train,13791,10670
13799,train,13799,10672
13801,train,13801,10673
13802,train,59,10674
13804,train,12629,10675
13805,train,4426,10676
13806,train,4437,10677
13807,train,13807,10678
13808,train,5204,10679
13809,train,13809,10680
13810,train,13810,10681
13814,train,13814,10684
13815,train,13815,10685
13818,train,10506,10687
13819,train,10506,10688
13820,train,10506,10689
13821,train,13821,10690
13822,train,13822,10691
13823,train,13823,10692
13827,train,13827,10696
13828,train,13828,10697
13829,train,13828,10698
13830,train,13830,10699
13831,train,13827,10700
13832,train,1174,10701
13835,train,13835,10702
13837,train,13837,10704
13839,train,13839,10706
13845,train,13694,10708
13852,train,13852,10709
13857,train,1859,10711
13858,train,8446,10712
13861,train,1859,10714
13862,train,13862,10715
13863,train,1859,10716
13864,train,13864,10717
13865,train,1859,10718
13866,train,1859,10719
13871,train,13871,10720
13872,train,13872,10721
13873,train,13872,10722
13874,train,13872,10723
13875,train,13875,10724
13877,train,13877,10725
13879,train,13879,10726
13882,train,82,10727
13884,train,82,10729
13887,train,13887,10732
13888,train,82,10733
13892,train,13892,10737
13893,train,13893,10738
13894,train,13894,10739
13897,train,5458,10741
13898,train,13355,10742
13899,train,5622,10743
13902,train,9805,10745
13904,train,13904,10747
13905,train,13905,10748
13907,train,13907,10750
13910,train,13910,10753
13911,train,13911,10754
13915,train,12730,10758
13917,train,9883,10760
13918,train,13918,10761
13922,train,12979,10764
13923,train,13923,10765
13926,train,9107,10768
13929,train,13929,10770
13932,train,13932,10773
13934,train,13934,10774
13937,train,9107,10776
13940,train,13940,10779
13942,train,13942,10781
13944,train,13944,10783
13945,train,13945,10784
13946,train,13946,10785
13947,train,13947,10786
13948,train,6664,10787
13949,train,13949,10788
13951,train,13951,10790
13953,train,13944,10792
13955,train,13955,10794
13957,train,13957,10795
13958,train,13957,10796
13960,train,13960,10798
13961,train,13961,10799
13962,train,9107,10800
13964,train,13957,10801
13966,train,12588,10802
13969,train,13969,10804
13971,train,4104,10806
13973,train,13973,10808
13974,train,13974,10809
13977,train,13957,10812
13979,train,13957,10814
13981,train,13981,10815
13982,train,4104,10816
13983,train,4104,10817
13984,train,13984,10818
13985,train,13985,10819
13987,train,13987,10821
13988,train,13985,10822
13990,train,13990,10824
13991,train,13985,10825
13992,train,13985,10826
13994,train,13985,10828
13995,train,13985,10829
13996,train,13996,10830
13997,train,13985,10831
13998,train,13985,10832
14003,train,13957,10837
14004,train,14004,10838
14006,train,14006,10840
14008,train,1174,10841
14009,train,1174,10842
14013,train,14013,10845
14016,train,3302,10846
14017,train,14017,10847
14025,train,12730,10848
14026,train,12809,10849
14030,train,14030,10851
14036,train,14036,10853
14037,train,14037,10854
14038,train,14038,10855
14040,train,158,10856
14041,train,158,10857
14042,train,158,10858
14051,train,14051,10861
14052,train,1859,10862
14053,train,1859,10863
14054,train,1859,10864
14055,train,1859,10865
14058,train,1859,10867
14059,train,1859,10868
14060,train,8446,10869
14061,train,1859,10870
14062,train,1859,10871
14063,train,2092,10872
14069,train,13355,10875
14070,train,13355,10876
14071,train,13355,10877
14072,train,1859,10878
14073,train,13355,10879
14074,train,13355,10880
14075,train,1859,10881
14076,train,14076,10882
14077,train,2092,10883
14080,train,2092,10885
14081,train,2092,10886
14082,train,14082,10887
14083,train,14083,10888
14084,train,14084,10889
14085,train,14085,10890
14086,train,14084,10891
14089,train,14089,10894
14090,train,3302,10895
14091,train,14091,10896
14092,train,14092,10897
14094,train,14094,10899
14096,train,14096,10901
14097,train,14097,10902
14101,train,14101,10906
14104,train,14104,10909
14106,train,14106,10911
14107,train,12993,10912
14110,train,14110,10913
14111,train,14111,10914
14112,train,1174,10915
14113,train,14113,10916
14114,train,14114,10917
14115,train,14115,10918
14116,train,14116,10919
14117,train,14117,10920
14119,train,14119,10922
14121,train,14121,10924
14122,train,14122,10925
14126,train,3064,10927
14129,train,14129,10928
14130,train,14129,10929
14132,train,14132,10931
14133,train,14133,10932
14134,train,14134,10933
14135,train,14134,10934
14136,train,14134,10935
14137,train,14137,10936
14145,train,5924,10943
14148,train,5503,10946
14149,train,14149,10947
14150,train,14150,10948
14151,train,14151,10949
14152,train,14152,10950
14158,train,13712,10956
14159,train,14159,10957
14160,train,14160,10958
14161,train,14161,10959
14162,train,14161,10960
14163,train,14163,10961
14164,train,1174,10962
14166,train,14166,10964
14167,train,14167,10965
14171,train,182,10966
14173,train,14173,10967
14174,train,14174,10968
14179,train,14179,10971
14180,train,14180,10972
14183,train,14183,10973
14185,train,14185,10974
14186,train,14186,10975
14187,train,14187,10976
14189,train,13093,10978
14191,train,14191,10980
14193,train,7864,10982
14194,train,14191,10983
14195,train,13522,10984
14200,train,6219,10987
14202,train,14202,10989
14203,train,14203,10990
14204,train,14204,10991
14205,train,2912,10992
14208,train,2306,10993
14210,train,2912,10994
14211,train,2912,10995
14215,train,14215,10996
14216,train,14216,10997
14217,train,12460,10998
14219,train,14219,10999
14220,train,14220,11000
14221,train,14221,11001
14222,train,12494,11002
14224,train,12727,11004
14227,train,14227,11007
14229,train,14013,11008
14230,train,5503,11009
14231,train,14231,11010
14233,train,14233,11011
14234,train,2912,11012
14238,train,14238,11014
14240,train,14240,11016
14241,train,14241,11017
14242,train,14241,11018
14246,train,14246,11021
14249,train,14246,11024
14250,train,14250,11025
14252,train,14252,11027
14253,train,14252,11028
14258,train,12711,11032
14260,train,14260,11034
14261,train,14260,11035
14269,train,14269,11043
14272,train,14272,11046
14273,train,12975,11047
14277,train,14277,11049
14282,train,82,11052
14283,train,4038,11053
14285,train,14285,11054
14286,train,82,11055
14288,train,14288,11057
14290,train,14290,11059
14291,train,14288,11060
14295,train,4467,11064
14296,train,6197,11065
14298,train,9198,11067
14299,train,14299,11068
14301,train,14301,11070
14309,train,14309,11072
14313,train,14313,11074
14314,train,14314,11075
14317,train,12586,11078
14319,train,14299,11080
14327,train,14327,11086
14328,train,14328,11087
14331,train,14331,11088
14336,train,14336,11092
14337,train,14337,11093
14338,train,14338,11094
14340,train,14338,11096
14341,train,14338,11097
14342,train,14338,11098
14343,train,14343,11099
14346,train,14346,11102
14348,train,14348,11103
14349,train,810,11104
14350,train,810,11105
14352,train,14352,11107
14353,train,14353,11108
14354,train,14353,11109
14355,train,14353,11110
14356,train,14353,11111
14357,train,14353,11112
14358,train,14353,11113
14359,train,14353,11114
14360,train,14353,11115
14361,train,14353,11116
14362,train,14353,11117
14364,train,14353,11119
14365,train,14353,11120
14366,train,14353,11121
14367,train,14367,11122
14368,train,14353,11123
14369,train,14353,11124
14370,train,14353,11125
14376,train,14376,11126
14378,train,14299,11127
14379,train,14299,11128
14380,train,12586,11129
14382,train,14382,11130
14385,train,14385,11133
14386,train,14386,11134
14387,train,14386,11135
14388,train,14386,11136
14389,train,14389,11137
14391,train,810,11138
14396,train,12467,11139
14397,train,14397,11140
14402,train,14402,11143
14405,train,14336,11145
14408,train,14336,11148
14409,train,14299,11149
14410,train,14299,11150
14412,train,14412,11151
14413,train,810,11152
14416,train,14416,11155
14418,train,14418,11157
14423,train,14423,11159
14425,train,82,11161
14426,train,14299,11162
14427,train,14299,11163
14428,train,14428,11164
14429,train,5030,11165
14430,train,1664,11166
14431,train,5079,11167
14434,train,11943,11170
14437,train,14437,11173
14443,train,9674,11175
14447,train,3000,11176
14448,train,14448,11177
14449,train,14449,11178
14451,train,14437,11180
14452,train,12596,11181
14457,train,14457,11185
14459,train,14459,11186
14460,train,14459,11187
14462,train,14459,11189
14464,train,14464,11191
14465,train,14464,11192
14466,train,14464,11193
14467,train,14467,11194
14468,train,3000,11195
14469,train,14469,11196
14470,train,3382,11197
14472,train,14472,11199
14473,train,3000,11200
14475,train,669,11201
14476,train,14476,11202
14483,train,14483,11204
14489,train,14489,11205
14493,train,14437,11207
14494,train,14494,11208
14495,train,14495,11209
14496,train,14495,11210
14497,train,14497,11211
14498,train,14498,11212
14500,train,14498,11214
14524,train,14524,11222
14526,train,14526,11224
14527,train,1100,11225
14528,train,3000,11226
14529,train,14524,11227
14531,train,14469,11229
14532,train,4992,11230
14533,train,14533,11231
14535,train,14535,11233
14536,train,14536,11234
14543,train,1147,11236
14544,train,14544,11237
14545,train,14544,11238
14547,train,14547,11239
14553,train,14553,11244
14555,train,14555,11245
14556,train,14556,11246
14561,train,14561,11251
14566,train,14566,11255
14567,train,14567,11256
14568,train,14568,11257
14569,train,14353,11258
14570,train,14353,11259
14571,train,14353,11260
14572,train,14353,11261
14573,train,14353,11262
14574,train,14353,11263
14575,train,14575,11264
14576,train,14576,11265
14577,train,14577,11266
14579,train,14579,11268
14584,train,1147,11269
14585,train,14585,11270
14587,train,14397,11272
14588,train,14588,11273
14591,train,14591,11275
14592,train,14591,11276
14594,train,14594,11278
14595,train,14594,11279
14596,train,14596,11280
14604,train,14604,11285
14605,train,14605,11286
14606,train,14605,11287
14609,train,14609,11289
14611,train,12596,11291
14623,train,241,11294
14627,train,241,11298
14634,train,14634,11302
14636,train,14636,11304
14641,train,14641,11307
14642,train,14594,11308
14643,train,14594,11309
14644,train,14644,11310
14645,train,12596,11311
14646,train,14646,11312
14647,train,14647,11313
14649,train,14649,11314
14652,train,14647,11315
14653,train,14647,11316
14654,train,14647,11317
14655,train,14647,11318
14656,train,14647,11319
14657,train,14647,11320
14658,train,14647,11321
14659,train,14647,11322
14660,train,14647,11323
14661,train,14647,11324
14670,train,14670,11327
14671,train,14671,11328
14673,train,14673,11329
14676,train,14676,11331
14677,train,12306,11332
14678,train,12306,11333
14679,train,12306,11334
14680,train,14680,11335
14681,train,14680,11336
14682,train,12306,11337
14683,train,12306,11338
14686,train,14686,11341
14692,train,14692,11343
14696,train,14696,11347
14698,train,14698,11348
14702,train,14702,11350
14703,train,274,11351
14704,train,14704,11352
14705,train,274,11353
14706,train,274,11354
14707,train,274,11355
14708,train,274,11356
14709,train,274,11357
14710,train,274,11358
14711,train,274,11359
14712,train,274,11360
14713,train,14713,11361
14714,train,14713,11362
14715,train,274,11363
14716,train,274,11364
14717,train,274,11365
14718,train,274,11366
14722,train,14722,11368
14723,train,14722,11369
14724,train,6263,11370
14726,train,14547,11372
14727,train,14547,11373
14729,train,14729,11374
14730,train,14729,11375
14750,train,14750,11380
14751,train,14751,11381
14752,train,14750,11382
14753,train,14750,11383
14754,train,14750,11384
14755,train,14750,11385
14756,train,14750,11386
14763,train,14763,11388
14764,train,14764,11389
14765,train,14764,11390
14767,train,14764,11392
14768,train,14764,11393
14770,train,14764,11395
14777,train,9661,11398
14778,train,9661,11399
14782,train,14782,11400
14783,train,14782,11401
14784,train,14782,11402
14785,train,14782,11403
14786,train,14782,11404
14787,train,14787,11405
14788,train,14787,11406
14789,train,14787,11407
14790,train,14782,11408
14795,train,14795,11411
14796,train,14796,11412
14798,train,14798,11413
14819,train,82,11419
14820,train,14820,11420
14823,train,14823,11422
14824,train,14824,11423
14829,train,14348,11426
14833,train,3169,11428
14834,train,14834,11429
14835,train,14834,11430
14836,train,14836,11431
14842,train,14842,11434
14865,train,14353,11436
14866,train,14866,11437
14873,train,14873,11441
14874,train,14873,11442
14875,train,14873,11443
14876,train,14873,11444
14878,train,14878,11446
14879,train,14878,11447
14882,train,14882,11449
14883,train,14882,11450
14884,train,14884,11451
14885,train,14884,11452
14886,train,14886,11453
14887,train,14887,11454
14888,train,14884,11455
14889,train,14884,11456
14890,train,14884,11457
14891,train,14884,11458
14892,train,14884,11459
14893,train,14884,11460
14894,train,14894,11461
14895,train,14895,11462
14901,train,14901,11467
14910,train,1306,11473
14911,train,14911,11474
14912,train,14911,11475
14913,train,14911,11476
14914,train,14911,11477
14915,train,14911,11478
14916,train,14911,11479
14917,train,14911,11480
14918,train,14911,11481
14919,train,14919,11482
14920,train,14919,11483
14921,train,14921,11484
14922,train,14921,11485
14925,train,14911,11486
14942,train,14942,11502
14947,train,14942,11507
14948,train,14942,11508
14959,train,14959,11518
14961,train,14961,11520
14962,train,14962,11521
14965,train,14965,11524
14967,train,1792,11525
14968,train,1792,11526
14969,train,1792,11527
14970,train,1792,11528
14971,train,1792,11529
14972,train,1792,11530
14973,train,1792,11531
14974,train,1792,11532
14975,train,1792,11533
14978,train,14978,11535
14990,train,14990,11538
14996,train,14996,11540
14997,train,14996,11541
15002,train,3641,11542
15003,train,15003,11543
15005,train,15005,11545
15008,train,15008,11548
15009,train,10545,11549
15010,train,15010,11550
15021,train,15021,11561
15022,train,15022,11562
15023,train,15023,11563
15024,train,15023,11564
15025,train,15025,11565
15026,train,15026,11566
15028,train,15028,11568
15029,train,15029,11569
15030,train,15030,11570
15031,train,15031,11571
15032,train,15032,11572
15034,train,1217,11574
15036,train,15036,11576
15038,train,15038,11578
15039,train,15039,11579
15043,train,15043,11583
15047,train,15047,11587
15051,train,15051,11589
15053,train,15053,11590
15056,train,15056,11592
15058,train,15058,11593
15060,train,15060,11595
15061,train,4000,11596
15062,train,4000,11597
15068,train,15068,11600
15071,train,15071,11603
15077,train,15077,11609
15079,train,300,11611
15084,train,6085,11615
15085,train,3711,11616
15086,train,6496,11617
15088,train,15088,11619
15089,train,15089,11620
15090,train,15089,11621
15091,train,2224,11622
15101,train,15101,11629
15105,train,15105,11631
15109,train,15109,11632
15112,train,1534,11634
15128,train,1770,11640
15130,train,4819,11642
15131,train,15131,11643
15132,train,15132,11644
15138,train,15138,11650
15140,train,524,11652
15141,train,15141,11653
15142,train,15142,11654
15145,train,4771,11657
15147,train,8051,11658
15148,train,1859,11659
15150,train,15150,11661
15152,train,82,11662
15153,train,475,11663
15154,train,962,11664
15158,train,200,11667
15160,train,15160,11669
15167,train,15028,11675
15168,train,8154,11676
15171,train,15171,11679
15175,train,15175,11682
15176,train,15176,11683
15179,train,9656,11685
15180,train,15180,11686
15181,train,15181,11687
15182,train,15182,11688
15183,train,15183,11689
15191,train,15191,11693
15192,train,4819,11694
15193,train,15193,11695
15194,train,3253,11696
15197,train,15197,11699
15198,train,15198,11700
15199,train,15199,11701
15200,train,2386,11702
15202,train,15202,11704
15207,train,1995,11709
15209,train,2883,11710
15210,train,15210,11711
15211,train,15211,11712
15212,train,15212,11713
15213,train,15212,11714
15215,train,2883,11716
15218,train,1462,11718
15222,train,15222,11720
15223,train,15223,11721
15224,train,456,11722
15225,train,6100,11723
15227,train,1189,11724
15228,train,1189,11725
15233,train,15233,11728
15234,train,2859,11729
15236,train,15236,11730
15237,train,15237,11731
15240,train,15240,11734
15244,train,1925,11738
15246,train,15246,11739
15247,train,15247,11740
15249,train,4443,11742
15251,train,6196,11744
15259,train,229,11751
15267,train,11931,11755
15268,train,11931,11756
15269,train,11931,11757
15270,train,15270,11758
15271,train,5936,11759
15272,train,7538,11760
15277,train,15277,11763
15278,train,2316,11764
15279,train,15279,11765
15280,train,15280,11766
15281,train,15281,11767
15282,train,219,11768
15284,train,249,11770
15289,train,15289,11772
15291,train,82,11773
15292,train,15292,11774
15293,train,5523,11775
15294,train,5523,11776
15295,train,5523,11777
15296,train,5523,11778
15298,train,1664,11780
15299,train,6552,11781
15300,train,6552,11782
15302,train,15302,11784
15303,train,1859,11785
15305,train,15305,11787
15306,train,5140,11788
15310,train,15310,11791
15311,train,15311,11792
15312,train,15312,11793
15314,train,15314,11795
15315,train,15315,11796
15316,train,5458,11797
15317,train,1878,11798
15318,train,15318,11799
15319,train,15319,11800
15320,train,15320,11801
15324,train,15324,11802
15325,train,15325,11803
15326,train,15326,11804
15327,train,15327,11805
15328,train,11320,11806
15329,train,15329,11807
15332,train,904,11810
15333,train,9656,11811
15336,train,15336,11814
15337,train,880,11815
15339,train,3415,11816
15340,train,15340,11817
15346,train,15346,11821
15347,train,15347,11822
15349,train,15349,11824
15350,train,6015,11825
15351,train,6015,11826
15352,train,1995,11827
15354,train,4921,11828
15355,train,15355,11829
15357,train,142,11830
15358,train,15358,11831
15361,train,7439,11832
15362,train,14524,11833
15363,train,15363,11834
15364,train,15364,11835
15367,train,15367,11838
15368,train,15368,11839
15369,train,15369,11840
15372,train,2532,11843
15373,train,15373,11844
15374,train,15374,11845
15375,train,15375,11846
15376,train,15376,11847
15378,train,13243,11848
15379,train,3325,11849
15380,train,3325,11850
15383,train,15383,11853
15384,train,15384,11854
15385,train,5049,11855
15387,train,15175,11856
15388,train,2239,11857
15389,train,2239,11858
15390,train,3325,11859
15391,train,3325,11860
15393,train,3325,11862
15394,train,3325,11863
15395,train,3325,11864
15396,train,3325,11865
15397,train,3325,11866
15398,train,3325,11867
15400,train,218,11868
15401,train,15401,11869
15412,train,15412,11878
15413,train,15413,11879
15414,train,15414,11880
15415,train,5024,11881
15417,train,15417,11883
15418,train,15418,11884
15423,train,15423,11888
15424,train,15424,11889
15425,train,4095,11890
15426,train,5424,11891
15427,train,2596,11892
15428,train,15428,11893
15429,train,12975,11894
15430,train,15430,11895
15431,train,15431,11896
15434,train,15434,11898
15435,train,15435,11899
15436,train,15436,11900
15437,train,15437,11901
15439,train,15439,11903
15440,train,15439,11904
15441,train,15439,11905
15442,train,15442,11906
15445,train,15445,11909
15446,train,15446,11910
15448,train,15448,11911
15449,train,15449,11912
15450,train,15450,11913
15451,train,15448,11914
15454,train,15454,11917
15456,train,5656,11919
15457,train,15457,11920
15458,train,15458,11921
15459,train,15459,11922
15460,train,15459,11923
15463,train,3172,11926
15464,train,12576,11927
15465,train,12576,11928
15467,train,79,11930
15470,train,15470,11932
15477,train,6315,11934
15478,train,6315,11935
15479,train,6314,11936
15480,train,15480,11937
15481,train,1035,11938
15483,train,15483,11939
15484,train,5415,11940
15485,train,5415,11941
15489,train,1916,11943
15490,train,15490,11944
15491,train,15490,11945
15492,train,15490,11946
15493,train,15493,11947
15494,train,15494,11948
15495,train,15495,11949
15496,train,6595,11950
15497,train,182,11951
15498,train,15498,11952
15500,train,15500,11954
15506,train,6044,11959
15507,train,15507,11960
15509,train,15509,11962
15510,train,2275,11963
15511,train,10820,11964
15512,train,3325,11965
15513,train,15480,11966
15515,train,15515,11967
15536,train,3172,11986
15537,train,15537,11987
15539,train,15539,11989
15541,train,5872,11990
15543,train,4445,11991
15545,train,15545,11992
15548,train,15548,11995
15549,train,14133,11996
15550,train,14133,11997
15551,train,15551,11998
15552,train,15551,11999
15553,train,15551,12000
15554,train,15551,12001
15557,train,7162,12004
15558,train,7162,12005
15559,train,14133,12006
15560,train,14133,12007
15561,train,15561,12008
15562,train,12461,12009
15563,train,7162,12010
15565,train,7162,12012
15566,train,15566,12013
15569,train,15569,12016
15570,train,2437,12017
15571,train,15571,12018
15572,train,15572,12019
15573,train,2437,12020
15574,train,15572,12021
15575,train,15575,12022
15576,train,2437,12023
15577,train,15575,12024
15578,train,15572,12025
15579,train,2437,12026
15580,train,2437,12027
15581,train,2437,12028
15582,train,2437,12029
15583,train,15583,12030
15585,train,15585,12032
15586,train,1774,12033
15588,train,1774,12035
15593,train,5104,12040
15606,train,10279,12053
15607,train,4838,12054
15608,train,4838,12055
15609,train,15609,12056
15612,train,15612,12059
15613,train,15613,12060
15616,train,15616,12063
15617,train,5852,12064
15618,train,15618,12065
15619,train,15619,12066
15620,train,15620,12067
15621,train,7816,12068
15622,train,7816,12069
15624,train,15624,12070
15625,train,15625,12071
15626,train,15626,12072
15631,train,4810,12076
15632,train,3335,12077
15633,train,12500,12078
15637,train,15637,12079
15638,train,15638,12080
15642,train,15642,12082
15643,train,15642,12083
15644,train,15642,12084
15649,train,15649,12088
15650,train,15650,12089
15652,train,15652,12090
15653,train,15652,12091
15658,train,15658,12095
15662,train,15662,12097
15672,train,5079,12100
15683,train,15683,12104
15684,train,5356,12105
15685,train,15685,12106
15693,train,1826,12112
15694,train,1826,12113
15695,train,2532,12114
15696,train,2532,12115
15697,train,15697,12116
15698,train,2532,12117
15699,train,15699,12118
15702,train,15702,12121
15704,train,15704,12123
15706,train,15706,12125
15708,train,1100,12127
15709,train,10279,12128
15710,train,15710,12129
15714,train,15714,12133
15715,train,15715,12134
15716,train,15716,12135
15717,train,15717,12136
15720,train,15720,12139
15721,train,8142,12140
15724,train,15724,12142
15725,train,15725,12143
15730,train,15652,12146
15744,train,15744,12150
15745,train,8367,12151
15749,train,15749,12154
15755,train,5030,12156
15758,train,15758,12158
15766,train,15766,12162
15767,train,15767,12163
15772,train,15772,12168
15773,train,15773,12169
15774,train,15773,12170
15775,train,15773,12171
15776,train,15773,12172
15777,train,15777,12173
15778,train,9873,12174
15779,train,15777,12175
15780,train,4764,12176
15781,train,9873,12177
15782,train,9873,12178
15783,train,4764,12179
15784,train,9873,12180
15785,train,9873,12181
15786,train,9873,12182
15787,train,9873,12183
15788,train,9223,12184
15790,train,4012,12186
15791,train,4012,12187
15812,train,15812,12190
15820,train,15820,12191
15821,train,15820,12192
15827,train,151,12193
15829,train,9213,12195
15831,train,9213,12197
15832,train,9213,12198
15833,train,9213,12199
15834,train,9213,12200
15835,train,9213,12201
15836,train,9213,12202
15837,train,9213,12203
15838,train,9213,12204
15839,train,4992,12205
15840,train,3056,12206
15841,train,3056,12207
15845,train,3056,12208
15846,train,3056,12209
15849,train,15849,12212
15851,train,9517,12214
15853,train,3056,12216
15854,train,4992,12217
15855,train,3056,12218
15862,train,9435,12223
15863,train,15863,12224
15866,train,3714,12226
15868,train,3714,12228
15869,train,1887,12229
15871,train,746,12231
15872,train,9435,12232
15874,train,2082,12233
15875,train,2082,12234
15876,train,2082,12235
15877,train,2082,12236
15886,train,15886,12239
15887,train,15886,12240
15888,train,15886,12241
15894,train,15894,12246
15897,train,9435,12249
15899,train,15899,12251
15902,train,15902,12254
15905,train,3395,12257
15906,train,4443,12258
15909,train,15909,12261
15910,train,3395,12262
15912,train,9623,12264
15914,train,9751,12265
15917,train,1687,12267
15918,train,15918,12268
15919,train,12260,12269
15920,train,12260,12270
15923,train,7950,12273
15924,train,12435,12274
15925,train,12435,12275
15926,train,12435,12276
15927,train,12435,12277
15928,train,12435,12278
15929,train,12435,12279
15930,train,1995,12280
15931,train,1995,12281
15932,train,15932,12282
15933,train,15933,12283
15934,train,7950,12284
15935,train,7950,12285
15936,train,15932,12286
15937,train,12260,12287
15943,train,15943,12292
15944,train,15944,12293
15946,train,1308,12294
15947,train,10249,12295
15951,train,13546,12296
15952,train,13546,12297
15953,train,15953,12298
15963,train,15963,12300
15968,train,13546,12301
15969,train,811,12302
15971,train,300,12304
15972,train,300,12305
15973,train,300,12306
15974,train,15974,12307
15977,train,1326,12308
15978,train,1326,12309
15979,train,15979,12310
15982,train,389,12312
16015,train,3064,12317
16016,train,9805,12318
16017,train,9805,12319
16018,train,9805,12320
16023,train,16023,12321
16024,train,10495,12322
16028,train,16028,12325
16029,train,16028,12326
16038,train,1522,12333
16043,train,16043,12338
16045,train,2306,12339
16047,train,9661,12340
16048,train,4148,12341
16050,train,16050,12343
16070,train,16070,12345
16073,train,13200,12346
16077,train,16077,12350
16078,train,659,12351
16079,train,16079,12352
16084,train,2386,12355
16085,train,16085,12356
16089,train,11712,12357
16090,train,16090,12358
16093,train,11155,12359
16094,train,12056,12360
16095,train,546,12361
16097,train,3961,12362
16098,train,16098,12363
16099,train,16099,12364
16100,train,1522,12365
16109,train,16109,12366
16111,train,16111,12367
16112,train,16111,12368
16113,train,16113,12369
16115,train,16113,12371
16116,train,16113,12372
16117,train,16111,12373
16118,train,16111,12374
16120,train,16111,12376
16122,train,16111,12378
16123,train,16111,12379
16124,train,16111,12380
16127,train,16127,12383
16128,train,16128,12384
16129,train,16129,12385
16130,train,7589,12386
16132,train,16099,12388
16136,train,16111,12390
16137,train,16137,12391
16138,train,182,12392
16141,train,16141,12394
16143,train,13944,12395
16146,train,16146,12398
16147,train,16147,12399
16148,train,16148,12400
16149,train,16149,12401
16150,train,16150,12402
16151,train,16151,12403
16152,train,16152,12404
16153,train,16153,12405
16154,train,16152,12406
16155,train,16155,12407
16158,train,16158,12409
16159,train,3963,12410
16163,train,16163,12413
16164,train,16164,12414
16165,train,16165,12415
16166,train,16166,12416
16167,train,16150,12417
16168,train,16168,12418
16169,train,16169,12419
16171,train,16150,12420
16174,train,16158,12422
16175,train,16175,12423
16180,train,16150,12428
16182,train,16182,12429
16183,train,16182,12430
16184,train,16182,12431
16185,train,3064,12432
16188,train,13146,12434
16191,train,3064,12436
16194,train,13146,12438
16196,train,16196,12439
16197,train,13146,12440
16198,train,3064,12441
16204,train,3064,12442
16205,train,3064,12443
16209,train,16209,12445
16211,train,6143,12446
16212,train,13193,12447
16213,train,13193,12448
16217,train,13696,12451
16218,train,7742,12452
16221,train,16221,12454
16222,train,16221,12455
16223,train,16221,12456
16232,train,16232,12463
16233,train,160,12464
16234,train,16150,12465
16236,train,16236,12466
16237,train,16237,12467
16239,train,16239,12469
16245,train,12498,12471
16246,train,12498,12472
16248,train,10661,12474
16249,train,12498,12475
16250,train,12498,12476
16251,train,16251,12477
16253,train,12498,12479
16256,train,16256,12480
16258,train,13645,12481
16260,train,4445,12482
16261,train,16150,12483
16262,train,160,12484
16266,train,16266,12487
16267,train,16267,12488
16268,train,16268,12489
16270,train,16270,12490
16272,train,9283,12491
16273,train,16273,12492
16274,train,16273,12493
16275,train,16273,12494
16276,train,16276,12495
16281,train,9283,12499
16282,train,16282,12500
16283,train,13814,12501
16286,train,16286,12502
16290,train,82,12505
16292,train,16150,12507
16296,train,82,12508
16302,train,16302,12512
16303,train,4201,12513
16304,train,16304,12514
16305,train,122,12515
16308,train,16308,12517
16313,train,16313,12519
16315,train,9283,12520
16316,train,9283,12521
16317,train,16317,12522
16319,train,16319,12524
16325,train,14166,12529
16327,train,12451,12530
16333,train,16333,12534
16335,train,14798,12536
16339,train,16339,12538
16340,train,16339,12539
16342,train,16339,12540
16343,train,16339,12541
16344,train,16344,12542
16345,train,16339,12543
16346,train,16346,12544
16347,train,16339,12545
16348,train,16339,12546
16352,train,16352,12547
16362,train,141,12548
16377,train,16377,12552
16380,train,16377,12555
16381,train,16377,12556
16382,train,16377,12557
16385,train,16385,12558
16387,train,16387,12560
16388,train,16387,12561
16395,train,16395,12563
16397,train,16397,12564
16399,train,16399,12565
16400,train,142,12566
16402,train,734,12567
16405,train,16405,12570
16406,train,16406,12571
16407,train,16406,12572
16408,train,16408,12573
16409,train,108,12574
16410,train,16410,12575
16411,train,1037,12576
16412,train,16412,12577
16413,train,16413,12578
16414,train,16414,12579
16415,train,4034,12580
16416,train,16416,12581
16417,train,16417,12582
16418,train,16418,12583
16419,train,1189,12584
16421,train,2025,12586
16422,train,16422,12587
16423,train,3242,12588
16425,train,16425,12590
16427,train,2157,12591
16428,train,5727,12592
16434,train,16434,12596
16435,train,16435,12597
16437,train,16437,12598
16438,train,4788,12599
16440,train,16440,12601
16441,train,3536,12602
16443,train,16443,12604
16444,train,82,12605
16445,train,5607,12606
16446,train,5658,12607
16452,train,6367,12612
16454,train,16406,12614
16456,train,6899,12616
16457,train,2895,12617
16459,train,16459,12618
16462,train,7769,12621
16463,train,7732,12622
16464,train,16406,12623
16465,train,16405,12624
16466,train,9063,12625
16469,train,3894,12627
16470,train,9805,12628
16473,train,16473,12630
16475,train,15212,12632
16476,train,9883,12633
16477,train,4168,12634
16478,train,3302,12635
16480,train,973,12636
16483,train,16483,12639
16489,train,3140,12642
16491,train,10938,12644
16492,train,746,12645
16493,train,9435,12646
16494,train,13146,12647
16498,train,16498,12650
11,calibration,11,9
15,calibration,15,13
21,calibration,21,18
25,calibration,25,22
32,calibration,32,29
41,calibration,41,37
44,calibration,44,40
45,calibration,45,41
49,calibration,49,45
53,calibration,45,49
57,calibration,57,53
67,calibration,67,62
72,calibration,72,67
91,calibration,91,84
93,calibration,93,86
97,calibration,97,90
106,calibration,106,97
111,calibration,111,100
112,calibration,111,101
129,calibration,129,116
134,calibration,134,119
140,calibration,140,124
145,calibration,145,128
149,calibration,149,130
152,calibration,152,133
163,calibration,163,142
164,calibration,164,143
166,calibration,166,145
179,calibration,179,151
180,calibration,180,152
184,calibration,184,154
189,calibration,189,155
206,calibration,206,166
227,calibration,227,181
234,calibration,234,187
253,calibration,253,200
254,calibration,253,201
257,calibration,257,203
258,calibration,15,204
265,calibration,265,211
269,calibration,269,214
280,calibration,280,223
284,calibration,284,226
310,calibration,310,242
313,calibration,313,244
335,calibration,335,259
337,calibration,337,261
344,calibration,344,266
348,calibration,348,269
359,calibration,111,276
365,calibration,163,282
388,calibration,388,298
395,calibration,395,304
403,calibration,403,312
405,calibration,405,314
416,calibration,166,323
418,calibration,179,325
422,calibration,422,328
424,calibration,134,330
425,calibration,134,331
440,calibration,440,343
442,calibration,442,344
447,calibration,447,346
451,calibration,451,350
461,calibration,461,356
462,calibration,462,357
471,calibration,471,364
473,calibration,473,366
474,calibration,474,367
479,calibration,479,372
489,calibration,489,380
491,calibration,491,382
501,calibration,501,392
508,calibration,508,397
525,calibration,253,411
526,calibration,526,412
527,calibration,395,413
535,calibration,535,421
542,calibration,72,425
551,calibration,551,430
554,calibration,554,432
564,calibration,564,436
567,calibration,567,439
573,calibration,573,442
586,calibration,586,449
587,calibration,587,450
594,calibration,67,455
609,calibration,447,469
612,calibration,447,471
613,calibration,613,472
621,calibration,621,480
625,calibration,625,484
637,calibration,637,492
640,calibration,640,494
646,calibration,337,499
653,calibration,653,505
666,calibration,666,511
674,calibration,674,518
690,calibration,690,532
697,calibration,166,537
700,calibration,700,540
701,calibration,701,541
704,calibration,704,544
740,calibration,740,570
752,calibration,752,578
757,calibration,757,583
774,calibration,774,597
790,calibration,790,607
802,calibration,802,618
813,calibration,813,628
820,calibration,790,634
825,calibration,825,638
830,calibration,830,642
838,calibration,838,650
842,calibration,842,653
844,calibration,471,655
847,calibration,847,658
858,calibration,858,667
861,calibration,861,670
862,calibration,862,671
865,calibration,865,674
882,calibration,882,686
883,calibration,883,687
884,calibration,884,688
890,calibration,890,693
895,calibration,895,697
905,calibration,905,706
911,calibration,911,711
923,calibration,923,720
927,calibration,927,724
930,calibration,930,727
934,calibration,934,730
936,calibration,936,731
941,calibration,941,736
944,calibration,944,737
945,calibration,944,738
956,calibration,956,748
957,calibration,957,749
959,calibration,957,751
960,calibration,234,752
966,calibration,966,757
975,calibration,975,766
980,calibration,980,770
984,calibration,984,774
985,calibration,985,775
1021,calibration,1021,804
1028,calibration,1028,810
1032,calibration,1032,814
1038,calibration,1038,820
1044,calibration,1044,826
1049,calibration,1049,830
1053,calibration,1053,834
1064,calibration,1064,843
1067,calibration,1067,846
1083,calibration,1083,862
1092,calibration,1092,871
1113,calibration,1113,890
1116,calibration,1116,892
1119,calibration,980,895
1123,calibration,1123,899
1136,calibration,1136,912
1139,calibration,1139,914
1143,calibration,447,917
1150,calibration,1150,922
1162,calibration,1162,932
1165,calibration,1165,934
1181,calibration,1181,949
1183,calibration,1183,951
1184,calibration,1184,952
1186,calibration,1186,954
1214,calibration,1214,977
1235,calibration,564,995
1240,calibration,1240,999
1241,calibration,1241,1000
1242,calibration,1241,1001
1244,calibration,1244,1003
1247,calibration,1032,1006
1277,calibration,1277,1034
1279,calibration,1279,1035
1286,calibration,1286,1042
1289,calibration,1289,1044
1300,calibration,1300,1053
1302,calibration,1302,1055
1305,calibration,1305,1058
1314,calibration,1314,1067
1321,calibration,1139,1074
1327,calibration,842,1079
1328,calibration,1328,1080
1329,calibration,1329,1081
1340,calibration,1340,1092
1343,calibration,1343,1095
1352,calibration,1352,1103
1355,calibration,1355,1106
1359,calibration,1359,1108
1362,calibration,1362,1111
1365,calibration,1136,1114
1369,calibration,1369,1118
1377,calibration,1377,1124
1380,calibration,1380,1127
1381,calibration,1381,1128
1387,calibration,1387,1133
1389,calibration,1362,1135
1393,calibration,1393,1139
1403,calibration,1403,1148
1404,calibration,1404,1149
1410,calibration,1410,1154
1415,calibration,134,1158
1417,calibration,790,1160
1442,calibration,1442,1184
1452,calibration,1452,1194
1458,calibration,1458,1200
1467,calibration,1467,1208
1475,calibration,1475,1215
1478,calibration,1478,1217
1485,calibration,1485,1224
1487,calibration,1487,1226
1489,calibration,1489,1228
1490,calibration,1490,1229
1491,calibration,1491,1230
1492,calibration,1492,1231
1494,calibration,1494,1233
1505,calibration,447,1242
1537,calibration,1537,1267
1552,calibration,440,1281
1565,calibration,284,1292
1572,calibration,1572,1297
1594,calibration,1594,1316
1607,calibration,1607,1327
1608,calibration,1607,1328
1612,calibration,842,1331
1617,calibration,957,1336
1634,calibration,1634,1348
1649,calibration,842,1359
1656,calibration,1656,1365
1660,calibration,1660,1368
1665,calibration,1665,1373
1674,calibration,1674,1382
1678,calibration,1678,1386
1682,calibration,1682,1389
1693,calibration,1352,1400
1699,calibration,1699,1404
1704,calibration,1704,1408
1711,calibration,1711,1415
1718,calibration,1718,1421
1739,calibration,1739,1441
1741,calibration,1741,1443
1752,calibration,1752,1453
1768,calibration,1186,1467
1784,calibration,1784,1482
1800,calibration,1800,1498
1812,calibration,1492,1508
1820,calibration,1820,1515
1829,calibration,1829,1524
1839,calibration,1839,1532
1840,calibration,1840,1533
1871,calibration,1871,1560
1874,calibration,1874,1563
1882,calibration,1882,1571
1912,calibration,1912,1595
1914,calibration,1914,1597
1921,calibration,1921,1604
1937,calibration,1937,1616
1938,calibration,1938,1617
1940,calibration,253,1619
1949,calibration,1949,1627
1950,calibration,1950,1628
1958,calibration,1958,1636
1962,calibration,1962,1640
1964,calibration,1964,1642
1965,calibration,1958,1643
1975,calibration,1975,1651
1988,calibration,1988,1662
1990,calibration,1990,1664
2009,calibration,1300,1679
2016,calibration,2016,1686
2017,calibration,2017,1687
2019,calibration,2019,1689
2032,calibration,2032,1700
2045,calibration,2045,1710
2046,calibration,2046,1711
2047,calibration,2045,1712
2060,calibration,2060,1720
2069,calibration,2069,1729
2070,calibration,2070,1730
2075,calibration,2075,1733
2078,calibration,1300,1736
2083,calibration,2083,1741
2085,calibration,2085,1743
2102,calibration,2102,1755
2110,calibration,1741,1763
2118,calibration,2118,1770
2139,calibration,2139,1785
2161,calibration,2161,1806
2162,calibration,2162,1807
2165,calibration,2161,1810
2171,calibration,2083,1816
2187,calibration,395,1828
2190,calibration,2161,1831
2192,calibration,253,1832
2198,calibration,2198,1837
2221,calibration,2221,1857
2226,calibration,2226,1861
2229,calibration,2229,1863
2238,calibration,2238,1871
2244,calibration,2244,1877
2245,calibration,2245,1878
2251,calibration,2251,1884
2252,calibration,2252,1885
2257,calibration,1387,1890
2258,calibration,1387,1891
2262,calibration,2262,1895
2264,calibration,2264,1897
2269,calibration,2269,1902
2271,calibration,2271,1904
2277,calibration,1387,1909
2285,calibration,2285,1916
2287,calibration,2287,1917
2293,calibration,2293,1922
2295,calibration,2295,1924
2307,calibration,2307,1935
2311,calibration,2311,1939
2320,calibration,2221,1947
2322,calibration,2322,1949
2330,calibration,2330,1956
2331,calibration,2331,1957
2336,calibration,2336,1962
2337,calibration,2337,1963
2361,calibration,2361,1984
2370,calibration,2370,1992
2374,calibration,2221,1996
2383,calibration,2383,2002
2387,calibration,2387,2004
2403,calibration,2403,2016
2407,calibration,2407,2019
2421,calibration,2421,2032
2424,calibration,790,2034
2440,calibration,2440,2049
2448,calibration,2448,2057
2465,calibration,2465,2074
2474,calibration,189,2083
2483,calibration,790,2089
2484,calibration,2484,2090
2493,calibration,2493,2099
2494,calibration,2330,2100
2497,calibration,2497,2103
2499,calibration,2499,2105
2510,calibration,2510,2116
2518,calibration,2518,2120
2543,calibration,2543,2142
2553,calibration,2553,2150
2559,calibration,2559,2155
2560,calibration,2559,2156
2561,calibration,2559,2157
2562,calibration,2559,2158
2563,calibration,2563,2159
2578,calibration,2578,2170
2583,calibration,2583,2173
2591,calibration,2591,2180
2592,calibration,1340,2181
2601,calibration,2559,2189
2602,calibration,2559,2190
2611,calibration,2611,2197
2620,calibration,2620,2205
2622,calibration,2622,2207
2656,calibration,2656,2236
2663,calibration,790,2243
2664,calibration,790,2244
2665,calibration,1958,2245
2679,calibration,447,2255
2684,calibration,2684,2259
2685,calibration,2685,2260
2691,calibration,2691,2264
2697,calibration,2697,2270
2705,calibration,2705,2276
2721,calibration,2721,2289
2731,calibration,253,2297
2735,calibration,2735,2299
2740,calibration,790,2301
2743,calibration,790,2304
2744,calibration,790,2305
2746,calibration,790,2307
2747,calibration,790,2308
2748,calibration,790,2309
2751,calibration,790,2310
2752,calibration,790,2311
2755,calibration,2755,2314
2767,calibration,2767,2324
2775,calibration,2775,2332
2778,calibration,2778,2335
2779,calibration,2779,2336
2784,calibration,269,2340
2792,calibration,2792,2347
2795,calibration,2795,2350
2796,calibration,2795,2351
2804,calibration,2804,2357
2805,calibration,2804,2358
2822,calibration,790,2363
2823,calibration,790,2364
2824,calibration,790,2365
2826,calibration,790,2367
2836,calibration,2836,2377
2851,calibration,2851,2388
2854,calibration,2854,2391
2877,calibration,2877,2409
2888,calibration,2888,2418
2890,calibration,2890,2420
2915,calibration,790,2442
2931,calibration,2931,2457
2934,calibration,2934,2460
2948,calibration,2948,2473
2952,calibration,2161,2477
2953,calibration,2161,2478
2962,calibration,2962,2486
2969,calibration,2969,2493
2971,calibration,2971,2495
2980,calibration,2980,2501
2981,calibration,957,2502
2983,calibration,2983,2503
2988,calibration,2075,2505
3014,calibration,3014,2527
3021,calibration,3021,2533
3028,calibration,3028,2539
3029,calibration,3029,2540
3037,calibration,3037,2547
3048,calibration,3048,2558
3062,calibration,1286,2571
3063,calibration,3063,2572
3079,calibration,3079,2586
3091,calibration,3091,2598
3111,calibration,3111,2618
3112,calibration,3112,2619
3114,calibration,3114,2621
3130,calibration,3130,2636
3133,calibration,2226,2638
3138,calibration,3138,2643
3139,calibration,3139,2644
3144,calibration,3144,2648
3149,calibration,2102,2650
3150,calibration,3150,2651
3163,calibration,3163,2662
3170,calibration,3170,2665
3180,calibration,3180,2675
3194,calibration,134,2688
3202,calibration,3202,2695
3210,calibration,3210,2703
3211,calibration,3210,2704
3212,calibration,3210,2705
3226,calibration,3226,2715
3229,calibration,3229,2717
3233,calibration,3233,2721
3234,calibration,3234,2722
3252,calibration,3252,2738
3258,calibration,3258,2743
3261,calibration,3261,2746
3269,calibration,3269,2754
3301,calibration,3301,2776
3311,calibration,3144,2786
3331,calibration,3331,2804
3334,calibration,2295,2807
3347,calibration,3347,2820
3359,calibration,3359,2828
3364,calibration,757,2832
3365,calibration,757,2833
3376,calibration,3376,2840
3387,calibration,3387,2850
3391,calibration,1988,2853
3392,calibration,3392,2854
3396,calibration,3150,2857
3399,calibration,3399,2860
3417,calibration,3417,2877
3418,calibration,2361,2878
3421,calibration,152,2881
3430,calibration,2962,2888
3433,calibration,152,2891
3436,calibration,2721,2894
3438,calibration,3202,2896
3439,calibration,3202,2897
3440,calibration,3202,2898
3443,calibration,3443,2900
3449,calibration,3449,2906
3451,calibration,3202,2908
3452,calibration,3202,2909
3482,calibration,674,2938
3483,calibration,3483,2939
3484,calibration,3484,2940
3490,calibration,3490,2945
3492,calibration,3492,2946
3498,calibration,3498,2952
3503,calibration,3503,2957
3505,calibration,3505,2959
3508,calibration,3508,2961
3511,calibration,3505,2964
3521,calibration,3521,2974
3524,calibration,3524,2977
3528,calibration,2361,2980
3534,calibration,3534,2985
3544,calibration,3544,2994
3546,calibration,3546,2996
3551,calibration,842,3000
3554,calibration,3554,3003
3560,calibration,3560,3009
3564,calibration,3564,3013
3566,calibration,3387,3014
3579,calibration,3579,3026
3581,calibration,3579,3028
3582,calibration,3579,3029
3594,calibration,3594,3036
3597,calibration,149,3039
3601,calibration,3601,3042
3604,calibration,3604,3044
3616,calibration,253,3054
3623,calibration,3623,3059
3628,calibration,1186,3062
3630,calibration,3630,3064
3631,calibration,882,3065
3648,calibration,3648,3078
3656,calibration,2361,3081
3660,calibration,3660,3083
3670,calibration,1162,3093
3689,calibration,3689,3109
3696,calibration,3696,3115
3705,calibration,3705,3124
3715,calibration,3715,3132
3721,calibration,3721,3138
3736,calibration,3736,3151
3739,calibration,3739,3154
3742,calibration,3150,3157
3746,calibration,3746,3161
3756,calibration,3756,3169
3763,calibration,3763,3176
3783,calibration,3783,3193
3787,calibration,3787,3196
3789,calibration,3789,3198
3793,calibration,3793,3202
3795,calibration,3795,3204
3796,calibration,3796,3205
3801,calibration,3801,3209
3802,calibration,3802,3210
3809,calibration,3809,3216
3814,calibration,3814,3220
3817,calibration,3817,3223
3828,calibration,3828,3232
3831,calibration,3831,3235
3839,calibration,3839,3242
3879,calibration,3879,3279
3892,calibration,3892,3289
3901,calibration,3901,3298
3902,calibration,3902,3299
3906,calibration,3906,3303
3912,calibration,3912,3309
3926,calibration,3926,3322
3929,calibration,3929,3325
3939,calibration,3939,3334
3947,calibration,3947,3342
3957,calibration,3957,3352
3965,calibration,3965,3360
3982,calibration,3982,3375
3984,calibration,3984,3377
4004,calibration,3150,3392
4005,calibration,4005,3393
4015,calibration,2102,3401
4022,calibration,2102,3407
4062,calibration,1300,3442
4063,calibration,1300,3443
4064,calibration,1300,3444
4065,calibration,4065,3445
4067,calibration,1113,3447
4089,calibration,3210,3465
4110,calibration,2684,3483
4111,calibration,4111,3484
4113,calibration,704,3486
4116,calibration,4116,3489
4121,calibration,462,3492
4123,calibration,4123,3494
4126,calibration,4126,3497
4151,calibration,1300,3521
4154,calibration,4154,3523
4169,calibration,4169,3535
4174,calibration,4174,3539
4196,calibration,310,3558
4197,calibration,3210,3559
4198,calibration,3210,3560
4199,calibration,3210,3561
4202,calibration,3210,3564
4205,calibration,4205,3567
4240,calibration,4240,3600
4262,calibration,4262,3622
4265,calibration,4265,3625
4266,calibration,4265,3626
4278,calibration,4278,3634
4288,calibration,4288,3641
4289,calibration,4289,3642
4301,calibration,4005,3653
4303,calibration,4005,3655
4304,calibration,4005,3656
4305,calibration,4005,3657
4307,calibration,4005,3659
4308,calibration,4308,3660
4310,calibration,4005,3662
4336,calibration,4336,3682
4337,calibration,4336,3683
4345,calibration,4345,3687
4353,calibration,4353,3690
4355,calibration,613,3692
4356,calibration,4356,3693
4366,calibration,4345,3697
4407,calibration,4407,3719
4410,calibration,4336,3722
4414,calibration,4414,3725
4427,calibration,4427,3735
4430,calibration,4430,3738
4434,calibration,4434,3741
4435,calibration,4434,3742
4436,calibration,4436,3743
4449,calibration,4449,3754
4450,calibration,4449,3755
4455,calibration,4455,3758
4458,calibration,2330,3761
4459,calibration,4459,3762
4478,calibration,4478,3779
4479,calibration,4479,3780
4481,calibration,4481,3782
4491,calibration,2102,3785
4492,calibration,4492,3786
4496,calibration,966,3789
4501,calibration,4501,3793
4508,calibration,4508,3799
4522,calibration,4522,3811
4545,calibration,4545,3828
4564,calibration,4005,3846
4587,calibration,4587,3865
4605,calibration,4605,3876
4611,calibration,4611,3881
4620,calibration,4620,3890
4621,calibration,4621,3891
4622,calibration,4622,3892
4623,calibration,4623,3893
4624,calibration,4624,3894
4634,calibration,4634,3898
4640,calibration,4640,3903
4641,calibration,3793,3904
4643,calibration,4643,3906
4649,calibration,4427,3912
4674,calibration,3443,3937
4675,calibration,4427,3938
4692,calibration,3111,3951
4705,calibration,4705,3962
4714,calibration,4714,3971
4722,calibration,4605,3977
4733,calibration,4733,3987
4772,calibration,4772,4020
4774,calibration,4774,4022
4775,calibration,4775,4023
4780,calibration,4587,4026
4782,calibration,3564,4028
4784,calibration,4784,4029
4787,calibration,4787,4032
4835,calibration,4835,4071
4853,calibration,395,4088
4854,calibration,4854,4089
4856,calibration,4856,4091
4857,calibration,4854,4092
4877,calibration,4620,4110
4882,calibration,4882,4115
4891,calibration,4336,4123
4892,calibration,4336,4124
4900,calibration,4900,4132
4908,calibration,4908,4139
4914,calibration,4914,4145
4922,calibration,4922,4152
4933,calibration,4933,4159
4945,calibration,4945,4167
4946,calibration,2075,4168
4959,calibration,2075,4176
4976,calibration,2330,4190
4980,calibration,4980,4194
4988,calibration,4988,4198
4991,calibration,4991,4201
5004,calibration,5004,4213
5025,calibration,5025,4231
5041,calibration,5041,4245
5052,calibration,5052,4254
5053,calibration,5052,4255
5054,calibration,5052,4256
5055,calibration,5052,4257
5059,calibration,5059,4261
5077,calibration,5077,4276
5091,calibration,5091,4289
5145,calibration,4605,4340
5158,calibration,5158,4345
5161,calibration,2735,4348
5162,calibration,461,4349
5174,calibration,5174,4358
5182,calibration,5182,4366
5239,calibration,5239,4419
5240,calibration,5240,4420
5242,calibration,5242,4422
5243,calibration,5243,4423
5244,calibration,5244,4424
5253,calibration,5253,4431
5260,calibration,5260,4438
5268,calibration,2330,4446
5281,calibration,5281,4458
5287,calibration,1537,4463
5292,calibration,5292,4468
5293,calibration,5293,4469
5302,calibration,5302,4478
5319,calibration,5319,4490
5342,calibration,5342,4497
5343,calibration,5342,4498
5355,calibration,5355,4510
5371,calibration,5371,4523
5403,calibration,5403,4551
5408,calibration,5408,4555
5419,calibration,5419,4565
5433,calibration,5433,4579
5437,calibration,5437,4582
5440,calibration,5437,4585
5441,calibration,5437,4586
5442,calibration,5437,4587
5443,calibration,5437,4588
5454,calibration,5454,4598
5463,calibration,4174,4605
5466,calibration,5437,4607
5472,calibration,5472,4611
5474,calibration,5474,4613
5475,calibration,5342,4614
5517,calibration,5517,4651
5519,calibration,474,4653
5525,calibration,5525,4657
5529,calibration,757,4661
5550,calibration,2336,4679
5553,calibration,5553,4682
5564,calibration,2559,4691
5565,calibration,2559,4692
5566,calibration,2559,4693
5567,calibration,2559,4694
5572,calibration,5572,4699
5588,calibration,5588,4711
5594,calibration,5594,4717
5608,calibration,5608,4730
5616,calibration,4265,4737
5630,calibration,2697,4750
5659,calibration,5659,4775
5665,calibration,5665,4780
5671,calibration,5671,4786
5719,calibration,5719,4832
5720,calibration,5719,4833
5746,calibration,5746,4858
5764,calibration,5764,4872
5767,calibration,5767,4874
5778,calibration,447,4880
5782,calibration,5782,4884
5810,calibration,3564,4909
5815,calibration,5815,4913
5817,calibration,5817,4915
5822,calibration,5822,4920
5828,calibration,5828,4925
5830,calibration,4455,4927
5831,calibration,4455,4928
5841,calibration,5841,4937
5843,calibration,5843,4939
5844,calibration,5843,4940
5860,calibration,5860,4954
5863,calibration,5860,4957
5869,calibration,5869,4962
5874,calibration,3150,4967
5875,calibration,3796,4968
5877,calibration,5877,4970
5889,calibration,5889,4979
5892,calibration,5889,4982
5898,calibration,5898,4988
5908,calibration,5908,4997
5909,calibration,2931,4998
5912,calibration,2931,5000
5914,calibration,2931,5002
5915,calibration,5915,5003
5951,calibration,4621,5032
5952,calibration,4621,5033
5962,calibration,5962,5039
5965,calibration,5965,5042
5969,calibration,5969,5045
5973,calibration,5973,5049
5977,calibration,5973,5052
5980,calibration,5969,5054
5981,calibration,5969,5055
5992,calibration,1162,5066
5998,calibration,5998,5072
6023,calibration,6023,5091
6024,calibration,6023,5092
6025,calibration,6023,5093
6028,calibration,6023,5096
6031,calibration,6031,5099
6032,calibration,6031,5100
6051,calibration,6051,5114
6054,calibration,1958,5117
6074,calibration,4434,5134
6075,calibration,4434,5135
6078,calibration,6078,5138
6099,calibration,6099,5158
6106,calibration,6106,5165
6107,calibration,6107,5166
6113,calibration,6113,5172
6115,calibration,6115,5173
6118,calibration,6118,5176
6119,calibration,6118,5177
6122,calibration,6122,5179
6123,calibration,6122,5180
6198,calibration,6198,5240
6206,calibration,6206,5244
6218,calibration,4434,5253
6226,calibration,4434,5260
6234,calibration,4434,5268
6240,calibration,5517,5274
6243,calibration,5517,5277
6244,calibration,4434,5278
6245,calibration,6245,5279
6247,calibration,6247,5281
6248,calibration,6248,5282
6255,calibration,4434,5287
6257,calibration,6248,5289
6271,calibration,6271,5300
6272,calibration,6271,5301
6273,calibration,6271,5302
6275,calibration,6275,5304
6280,calibration,5659,5309
6281,calibration,5659,5310
6282,calibration,5659,5311
6283,calibration,5659,5312
6301,calibration,6301,5323
6303,calibration,5659,5325
6310,calibration,6310,5330
6317,calibration,6317,5337
6321,calibration,6321,5340
6329,calibration,6329,5346
6334,calibration,6118,5349
6336,calibration,6118,5351
6337,calibration,6118,5352
6339,calibration,6118,5354
6340,calibration,6118,5355
6342,calibration,6118,5356
6344,calibration,6118,5358
6351,calibration,6118,5365
6352,calibration,6118,5366
6356,calibration,6118,5370
6361,calibration,6361,5375
6371,calibration,6371,5385
6396,calibration,6396,5409
6404,calibration,6404,5417
6408,calibration,6396,5421
6410,calibration,6396,5423
6419,calibration,6404,5432
6420,calibration,6396,5433
6430,calibration,6430,5443
6432,calibration,6432,5445
6433,calibration,6432,5446
6442,calibration,6396,5455
6446,calibration,4436,5459
6447,calibration,4436,5460
6449,calibration,4434,5462
6451,calibration,4434,5463
6452,calibration,4434,5464
6453,calibration,4434,5465
6454,calibration,4434,5466
6455,calibration,4434,5467
6458,calibration,4434,5469
6460,calibration,4434,5471
6467,calibration,6467,5477
6476,calibration,3817,5481
6481,calibration,6481,5486
6482,calibration,6482,5487
6484,calibration,6484,5489
6488,calibration,6488,5493
6490,calibration,6490,5494
6497,calibration,6497,5501
6499,calibration,6497,5503
6509,calibration,134,5511
6526,calibration,1329,5528
6532,calibration,6532,5533
6539,calibration,6539,5536
6545,calibration,6545,5541
6555,calibration,6555,5546
6571,calibration,6571,5555
6582,calibration,4265,5561
6584,calibration,6584,5563
6585,calibration,6584,5564
6586,calibration,6584,5565
6587,calibration,6584,5566
6593,calibration,4265,5571
6597,calibration,6584,5574
6601,calibration,6584,5578
6602,calibration,6584,5579
6603,calibration,6584,5580
6606,calibration,6606,5583
6607,calibration,3234,5584
6611,calibration,6611,5588
6622,calibration,6622,5599
6636,calibration,4262,5610
6637,calibration,4262,5611
6640,calibration,6275,5614
6642,calibration,6642,5616
6674,calibration,280,5647
6685,calibration,6685,5658
6709,calibration,6709,5677
6738,calibration,6738,5705
6740,calibration,6740,5707
6802,calibration,6802,5765
6806,calibration,134,5769
6815,calibration,6815,5770
6829,calibration,6584,5783
6845,calibration,6845,5795
6857,calibration,6857,5807
6858,calibration,6857,5808
6872,calibration,6872,5818
6884,calibration,6884,5827
6891,calibration,6198,5834
6892,calibration,6884,5835
6893,calibration,3560,5836
6894,calibration,3560,5837
6903,calibration,6903,5846
6904,calibration,6904,5847
6930,calibration,5517,5870
6939,calibration,4005,5872
6956,calibration,774,5888
6967,calibration,6967,5898
6973,calibration,4980,5903
6983,calibration,6904,5911
6984,calibration,6904,5912
6985,calibration,6904,5913
7004,calibration,7004,5930
7038,calibration,7038,5964
7052,calibration,7052,5977
7112,calibration,7112,6027
7113,calibration,7113,6028
7122,calibration,4449,6036
7144,calibration,6642,6053
7146,calibration,7146,6055
7157,calibration,7157,6065
7175,calibration,7175,6080
7221,calibration,7221,6115
7222,calibration,7221,6116
7230,calibration,3202,6120
7231,calibration,4621,6121
7234,calibration,7234,6124
7254,calibration,7254,6136
7263,calibration,7263,6144
7267,calibration,7267,6148
7270,calibration,7270,6151
7275,calibration,7275,6156
7278,calibration,7278,6159
7300,calibration,6271,6180
7303,calibration,6271,6183
7305,calibration,7305,6185
7326,calibration,7326,6202
7330,calibration,7330,6206
7334,calibration,7334,6209
7335,calibration,474,6210
7337,calibration,474,6212
7338,calibration,474,6213
7349,calibration,474,6223
7368,calibration,7368,6238
7374,calibration,7374,6243
7375,calibration,7375,6244
7402,calibration,7402,6268
7410,calibration,7410,6276
7448,calibration,7448,6302
7449,calibration,7449,6303
7450,calibration,7450,6304
7454,calibration,7454,6307
7457,calibration,7457,6310
7459,calibration,7457,6312
7463,calibration,7457,6316
7467,calibration,206,6319
7474,calibration,7474,6326
7488,calibration,7488,6336
7491,calibration,7488,6339
7492,calibration,7488,6340
7494,calibration,7488,6342
7502,calibration,5454,6347
7518,calibration,6107,6362
7542,calibration,7275,6382
7574,calibration,7574,6404
7588,calibration,7588,6418
7620,calibration,1958,6444
7625,calibration,7625,6448
7657,calibration,7657,6456
7658,calibration,7658,6457
7666,calibration,7666,6462
7677,calibration,166,6471
7678,calibration,7678,6472
7694,calibration,2691,6488
7702,calibration,7702,6495
7728,calibration,7728,6506
7746,calibration,134,6520
7749,calibration,7749,6522
7807,calibration,7807,6555
7817,calibration,774,6558
7843,calibration,7843,6565
7848,calibration,2161,6569
7857,calibration,7857,6576
7861,calibration,1938,6579
7897,calibration,980,6597
7903,calibration,7903,6602
7907,calibration,7907,6604
7941,calibration,471,6621
7946,calibration,7946,6626
7953,calibration,7678,6633
7954,calibration,7954,6634
7969,calibration,6361,6644
7970,calibration,7970,6645
7974,calibration,6271,6648
7975,calibration,6271,6649
8015,calibration,8015,6682
8019,calibration,8019,6686
8024,calibration,8024,6691
8027,calibration,2691,6694
8028,calibration,640,6695
8034,calibration,280,6698
8070,calibration,8070,6719
8079,calibration,8079,6726
8080,calibration,8080,6727
8091,calibration,8091,6732
8096,calibration,8096,6735
8112,calibration,280,6740
8113,calibration,280,6741
8114,calibration,280,6742
8115,calibration,280,6743
8116,calibration,280,6744
8117,calibration,280,6745
8118,calibration,280,6746
8119,calibration,280,6747
8127,calibration,280,6753
8128,calibration,280,6754
8148,calibration,8148,6764
8171,calibration,8171,6771
8178,calibration,8178,6776
8180,calibration,8180,6777
8183,calibration,6642,6780
8185,calibration,4265,6782
8186,calibration,4265,6783
8187,calibration,4265,6784
8188,calibration,4265,6785
8190,calibration,8190,6787
8194,calibration,6642,6788
8195,calibration,6642,6789
8197,calibration,4265,6791
8199,calibration,8199,6792
8200,calibration,7625,6793
8207,calibration,8207,6797
8208,calibration,8208,6798
8220,calibration,166,6804
8221,calibration,166,6805
8237,calibration,5815,6813
8241,calibration,8241,6817
8244,calibration,8241,6820
8251,calibration,8241,6827
8253,calibration,166,6829
8257,calibration,4174,6832
8262,calibration,8262,6835
8282,calibration,8282,6845
8294,calibration,8294,6854
8298,calibration,8298,6857
8307,calibration,6106,6864
8334,calibration,8241,6884
8355,calibration,8355,6902
8385,calibration,8385,6922
8388,calibration,8388,6924
8389,calibration,8389,6925
8394,calibration,8394,6929
8400,calibration,8400,6932
8407,calibration,8407,6938
8410,calibration,2330,6939
8421,calibration,8421,6949
8429,calibration,8429,6954
8430,calibration,8429,6955
8431,calibration,8429,6956
8432,calibration,8429,6957
8433,calibration,8429,6958
8434,calibration,8429,6959
8435,calibration,8429,6960
8447,calibration,8447,6969
8448,calibration,774,6970
8449,calibration,774,6971
8453,calibration,8453,6974
8475,calibration,4933,6991
8523,calibration,8523,7018
8558,calibration,8558,7032
8568,calibration,8568,7036
8582,calibration,8582,7050
8586,calibration,8586,7054
8602,calibration,3793,7069
8603,calibration,3793,7070
8604,calibration,3793,7071
8605,calibration,3793,7072
8606,calibration,3793,7073
8629,calibration,8629,7093
8638,calibration,8638,7099
8643,calibration,3443,7104
8653,calibration,8653,7112
8678,calibration,8678,7132
8687,calibration,6361,7135
8697,calibration,8697,7139
8702,calibration,7625,7141
8711,calibration,2518,7149
8748,calibration,8748,7170
8752,calibration,8748,7174
8755,calibration,8748,7177
8756,calibration,8748,7178
8757,calibration,8748,7179
8761,calibration,8761,7182
8764,calibration,6361,7184
8765,calibration,2888,7185
8777,calibration,8777,7190
8780,calibration,8780,7193
8783,calibration,3793,7196
8798,calibration,8798,7206
8800,calibration,8798,7208
8806,calibration,8806,7213
8807,calibration,8806,7214
8808,calibration,8806,7215
8843,calibration,8843,7243
8848,calibration,8848,7245
8849,calibration,8849,7246
8860,calibration,8429,7251
8897,calibration,7157,7268
8902,calibration,8902,7270
8903,calibration,8903,7271
8911,calibration,8911,7276
8917,calibration,3957,7282
8928,calibration,8928,7290
8929,calibration,8928,7291
8930,calibration,8928,7292
8931,calibration,8928,7293
8939,calibration,8939,7297
8972,calibration,8972,7322
9005,calibration,9005,7352
9011,calibration,9011,7356
9018,calibration,9018,7362
9019,calibration,9018,7363
9020,calibration,9018,7364
9021,calibration,9018,7365
9022,calibration,9022,7366
9026,calibration,9026,7368
9028,calibration,9028,7369
9042,calibration,1958,7376
9047,calibration,956,7381
9058,calibration,9058,7388
9061,calibration,9058,7390
9077,calibration,2322,7406
9083,calibration,4174,7410
9085,calibration,9085,7411
9096,calibration,9096,7420
9097,calibration,9097,7421
9099,calibration,9096,7423
9100,calibration,9100,7424
9104,calibration,9104,7428
9105,calibration,9100,7429
9155,calibration,9155,7468
9163,calibration,9163,7474
9165,calibration,9165,7475
9172,calibration,9172,7480
9186,calibration,956,7490
9225,calibration,2735,7519
9240,calibration,9240,7522
9284,calibration,9284,7542
9289,calibration,134,7545
9294,calibration,4174,7548
9298,calibration,9298,7550
9307,calibration,9307,7554
9314,calibration,640,7558
9318,calibration,9318,7561
9320,calibration,9320,7562
9333,calibration,9333,7569
9334,calibration,9333,7570
9341,calibration,134,7575
9342,calibration,134,7576
9349,calibration,9349,7583
9364,calibration,9364,7596
9365,calibration,9365,7597
9366,calibration,9364,7598
9370,calibration,134,7601
9375,calibration,134,7606
9376,calibration,134,7607
9378,calibration,134,7608
9381,calibration,134,7610
9382,calibration,134,7611
9383,calibration,134,7612
9384,calibration,134,7613
9386,calibration,134,7615
9387,calibration,134,7616
9388,calibration,9388,7617
9390,calibration,134,7619
9391,calibration,134,7620
9392,calibration,134,7621
9393,calibration,134,7622
9394,calibration,134,7623
9395,calibration,134,7624
9396,calibration,134,7625
9397,calibration,134,7626
9399,calibration,134,7628
9402,calibration,134,7631
9403,calibration,134,7632
9410,calibration,9410,7637
9411,calibration,9411,7638
9412,calibration,2083,7639
9413,calibration,2083,7640
9414,calibration,152,7641
9424,calibration,6904,7648
9430,calibration,2962,7654
9445,calibration,134,7666
9446,calibration,134,7667
9448,calibration,134,7669
9449,calibration,134,7670
9451,calibration,134,7671
9454,calibration,134,7674
9455,calibration,134,7675
9456,calibration,134,7676
9458,calibration,134,7678
9459,calibration,134,7679
9460,calibration,134,7680
9461,calibration,134,7681
9462,calibration,134,7682
9479,calibration,395,7691
9480,calibration,395,7692
9481,calibration,395,7693
9486,calibration,395,7698
9492,calibration,395,7704
9501,calibration,2888,7712
9506,calibration,9365,7716
9507,calibration,9365,7717
9508,calibration,9365,7718
9511,calibration,9365,7720
9515,calibration,8024,7721
9522,calibration,6118,7728
9540,calibration,9540,7745
9564,calibration,9564,7764
9567,calibration,9365,7767
9585,calibration,9585,7775
9597,calibration,8421,7777
9599,calibration,8421,7779
9600,calibration,8421,7780
9601,calibration,8421,7781
9602,calibration,8421,7782
9605,calibration,8421,7785
9607,calibration,8421,7786
9625,calibration,9625,7801
9626,calibration,9626,7802
9630,calibration,7488,7806
9631,calibration,2083,7807
9632,calibration,2083,7808
9633,calibration,2083,7809
9634,calibration,152,7810
9645,calibration,9645,7819
9646,calibration,9645,7820
9655,calibration,9655,7829
9667,calibration,9667,7839
9724,calibration,395,7873
9735,calibration,9735,7883
9740,calibration,9740,7888
9752,calibration,8394,7898
9769,calibration,9740,7913
9770,calibration,9770,7914
9771,calibration,9771,7915
9772,calibration,9771,7916
9773,calibration,9771,7917
9774,calibration,9771,7918
9776,calibration,9771,7920
9779,calibration,9779,7923
9801,calibration,9801,7942
9807,calibration,2735,7946
9819,calibration,4621,7953
9827,calibration,9827,7957
9834,calibration,9834,7961
9850,calibration,9850,7969
9859,calibration,9859,7973
9861,calibration,9861,7974
9870,calibration,9870,7979
9874,calibration,9085,7982
9910,calibration,9910,8008
9911,calibration,9911,8009
9925,calibration,9925,8015
9933,calibration,9933,8019
9948,calibration,9948,8032
9963,calibration,9963,8047
9968,calibration,9968,8052
9991,calibration,4265,8075
10012,calibration,4265,8083
10013,calibration,4265,8084
10032,calibration,4265,8088
10035,calibration,10035,8090
10036,calibration,10035,8091
10039,calibration,9968,8094
10041,calibration,5671,8096
10057,calibration,5292,8109
10058,calibration,5292,8110
10059,calibration,5292,8111
10060,calibration,5292,8112
10061,calibration,5292,8113
10063,calibration,5292,8115
10064,calibration,10064,8116
10081,calibration,10081,8132
10088,calibration,9058,8137
10089,calibration,10089,8138
10092,calibration,9058,8141
10098,calibration,9058,8147
10099,calibration,10099,8148
10104,calibration,9968,8150
10105,calibration,9968,8151
10114,calibration,10114,8156
10126,calibration,10126,8164
10127,calibration,10127,8165
10133,calibration,10126,8169
10136,calibration,4980,8172
10138,calibration,4980,8174
10141,calibration,10141,8177
10145,calibration,10145,8181
10146,calibration,10146,8182
10165,calibration,10165,8193
10169,calibration,5371,8196
10174,calibration,5371,8200
10176,calibration,5371,8201
10177,calibration,5371,8202
10178,calibration,5371,8203
10179,calibration,5371,8204
10180,calibration,5371,8205
10182,calibration,10182,8207
10183,calibration,10182,8208
10184,calibration,10182,8209
10185,calibration,10182,8210
10187,calibration,10182,8211
10218,calibration,10218,8231
10265,calibration,10265,8264
10272,calibration,10272,8267
10299,calibration,8849,8288
10300,calibration,8849,8289
10301,calibration,8849,8290
10302,calibration,8849,8291
10305,calibration,166,8292
10326,calibration,10326,8309
10382,calibration,2017,8339
10406,calibration,227,8355
10407,calibration,10407,8356
10408,calibration,10408,8357
10418,calibration,163,8367
10420,calibration,10420,8369
10453,calibration,6884,8385
10508,calibration,3793,8424
10510,calibration,10510,8426
10517,calibration,10517,8432
10523,calibration,206,8437
10527,calibration,10527,8441
10532,calibration,10532,8445
10554,calibration,253,8456
10559,calibration,10559,8460
10560,calibration,10560,8461
10561,calibration,10561,8462
10574,calibration,10574,8475
10582,calibration,10582,8483
10593,calibration,2854,8494
10605,calibration,10605,8506
10608,calibration,10608,8509
10611,calibration,1241,8512
10617,calibration,10617,8518
10618,calibration,10617,8519
10620,calibration,10620,8521
10623,calibration,10623,8523
10624,calibration,3902,8524
10628,calibration,10628,8525
10641,calibration,10641,8538
10649,calibration,10649,8545
10654,calibration,10654,8549
10664,calibration,10664,8559
10669,calibration,10669,8564
10672,calibration,10672,8567
10683,calibration,10683,8577
10687,calibration,152,8581
10688,calibration,152,8582
10694,calibration,10694,8588
10706,calibration,10706,8598
10710,calibration,4427,8602
10720,calibration,9011,8611
10721,calibration,9011,8612
10725,calibration,10725,8616
10730,calibration,10730,8621
10746,calibration,10746,8631
10748,calibration,10623,8633
10749,calibration,10623,8634
10750,calibration,10623,8635
10770,calibration,10770,8650
10772,calibration,10772,8652
10774,calibration,10774,8654
10784,calibration,5767,8663
10786,calibration,10786,8665
10787,calibration,10787,8666
10813,calibration,10813,8690
10815,calibration,10813,8692
10816,calibration,10813,8693
10818,calibration,10813,8695
10819,calibration,10813,8696
10829,calibration,10829,8706
10832,calibration,10832,8709
10838,calibration,10838,8715
10850,calibration,10850,8722
10866,calibration,10866,8736
10870,calibration,10870,8739
10895,calibration,10895,8756
10901,calibration,10901,8762
10906,calibration,10906,8766
10914,calibration,10914,8774
10936,calibration,10936,8791
10976,calibration,10976,8800
10980,calibration,10980,8803
10987,calibration,10987,8809
11002,calibration,8421,8821
11003,calibration,8421,8822
11005,calibration,11005,8823
11006,calibration,11005,8824
11007,calibration,11005,8825
11012,calibration,5608,8829
11014,calibration,5608,8831
11016,calibration,9564,8833
11020,calibration,4427,8836
11029,calibration,11029,8844
11035,calibration,8429,8846
11040,calibration,11040,8851
11041,calibration,11041,8852
11045,calibration,11045,8856
11075,calibration,11075,8864
11082,calibration,11082,8869
11087,calibration,11087,8873
11114,calibration,1958,8893
11122,calibration,253,8901
11128,calibration,2559,8907
11129,calibration,2559,8908
11148,calibration,11148,8920
11160,calibration,11160,8930
11162,calibration,11162,8932
11172,calibration,11172,8937
11206,calibration,11206,8957
11221,calibration,11221,8971
11239,calibration,11239,8981
11244,calibration,11244,8986
11247,calibration,11247,8989
11264,calibration,11264,9003
11283,calibration,11283,9006
11312,calibration,11312,9023
11316,calibration,11316,9027
11336,calibration,11336,9045
11339,calibration,4623,9048
11344,calibration,11344,9053
11349,calibration,5454,9058
11352,calibration,11352,9061
11368,calibration,11368,9068
11369,calibration,11369,9069
11379,calibration,11379,9077
11393,calibration,11393,9084
11398,calibration,4611,9089
11399,calibration,11399,9090
11408,calibration,11408,9094
11418,calibration,5342,9102
11420,calibration,11420,9104
11428,calibration,11428,9110
11431,calibration,11431,9111
11433,calibration,11433,9113
11436,calibration,4174,9116
11437,calibration,4174,9117
11441,calibration,11441,9120
11450,calibration,11450,9129
11488,calibration,11488,9152
11499,calibration,7374,9159
11510,calibration,2792,9167
11539,calibration,11539,9186
11541,calibration,11541,9188
11542,calibration,11542,9189
11547,calibration,11547,9193
11553,calibration,3521,9199
11564,calibration,11564,9209
11565,calibration,11565,9210
11578,calibration,11578,9215
11579,calibration,4455,9216
11580,calibration,11580,9217
11583,calibration,11583,9220
11613,calibration,2069,9237
11656,calibration,5302,9257
11669,calibration,5302,9258
11671,calibration,5302,9260
11680,calibration,5302,9261
11681,calibration,5302,9262
11682,calibration,5302,9263
11683,calibration,5302,9264
11691,calibration,5302,9267
11708,calibration,11708,9279
11721,calibration,3793,9286
11722,calibration,3793,9287
11723,calibration,3793,9288
11724,calibration,3793,9289
11725,calibration,3793,9290
11810,calibration,11810,9332
11814,calibration,11814,9335
11878,calibration,5302,9375
11881,calibration,5437,9377
11889,calibration,11889,9379
11890,calibration,11889,9380
11923,calibration,11923,9392
11925,calibration,11925,9394
11930,calibration,11930,9398
11944,calibration,8972,9409
11948,calibration,6271,9412
11952,calibration,11952,9416
11954,calibration,3793,9418
11955,calibration,5371,9419
11967,calibration,2102,9428
11968,calibration,2102,9429
11969,calibration,2102,9430
11970,calibration,2102,9431
11971,calibration,2102,9432
11972,calibration,2102,9433
11973,calibration,2102,9434
11991,calibration,11991,9451
11992,calibration,11992,9452
11993,calibration,11991,9453
11994,calibration,11992,9454
12014,calibration,1537,9461
12018,calibration,12018,9462
12025,calibration,12025,9467
12052,calibration,12052,9476
12071,calibration,12071,9487
12096,calibration,12096,9501
12104,calibration,12104,9507
12130,calibration,12130,9528
12135,calibration,842,9529
12153,calibration,471,9534
12168,calibration,12168,9541
12172,calibration,12172,9543
12189,calibration,179,9555
12190,calibration,179,9556
12191,calibration,179,9557
12192,calibration,179,9558
12193,calibration,179,9559
12194,calibration,179,9560
12195,calibration,179,9561
12196,calibration,179,9562
12211,calibration,12211,9573
12212,calibration,6884,9574
12214,calibration,12214,9576
12218,calibration,12218,9579
12221,calibration,12221,9582
12231,calibration,12231,9588
12265,calibration,12265,9611
12290,calibration,12290,9621
12291,calibration,12291,9622
12293,calibration,7954,9623
12300,calibration,12300,9629
12309,calibration,12309,9636
12326,calibration,12221,9647
12339,calibration,12339,9648
12340,calibration,12340,9649
12356,calibration,12356,9654
12370,calibration,8798,9656
12371,calibration,8798,9657
12376,calibration,8798,9659
12387,calibration,8798,9669
12395,calibration,12395,9672
12428,calibration,2161,9678
12430,calibration,2161,9680
12450,calibration,12450,9693
12455,calibration,3063,9697
12457,calibration,12457,9699
12465,calibration,12465,9707
12471,calibration,12471,9713
12474,calibration,2161,9716
12476,calibration,12476,9718
12478,calibration,12457,9720
12479,calibration,12457,9721
12482,calibration,12457,9724
12484,calibration,3063,9726
12499,calibration,12457,9735
12516,calibration,12516,9749
12531,calibration,12457,9755
12534,calibration,12476,9758
12541,calibration,12457,9765
12555,calibration,12555,9769
12558,calibration,12558,9772
12559,calibration,12559,9773
12567,calibration,12567,9781
12597,calibration,12597,9810
12602,calibration,12602,9813
12611,calibration,4621,9820
12614,calibration,3150,9822
12615,calibration,12615,9823
12620,calibration,12620,9825
12622,calibration,12622,9826
12646,calibration,12646,9848
12667,calibration,12667,9862
12671,calibration,4621,9865
12678,calibration,7488,9871
12684,calibration,12684,9877
12686,calibration,12686,9879
12689,calibration,6271,9881
12712,calibration,12712,9896
12713,calibration,12713,9897
12729,calibration,12729,9907
12748,calibration,12748,9924
12758,calibration,12758,9934
12770,calibration,6198,9944
12771,calibration,6198,9945
12774,calibration,6198,9948
12775,calibration,6198,9949
12776,calibration,6198,9950
12783,calibration,12783,9956
12784,calibration,7843,9957
12785,calibration,12785,9958
12795,calibration,12795,9963
12804,calibration,2684,9970
12828,calibration,12828,9989
12867,calibration,12867,10019
12868,calibration,6271,10020
12875,calibration,3150,10024
12887,calibration,12887,10034
12891,calibration,6685,10038
12896,calibration,12896,10043
12900,calibration,6685,10047
12917,calibration,12917,10064
12919,calibration,12919,10066
12930,calibration,12930,10077
12931,calibration,12930,10078
12932,calibration,12930,10079
12936,calibration,12936,10083
12949,calibration,12949,10092
12950,calibration,12949,10093
12951,calibration,12951,10094
12971,calibration,12971,10113
12984,calibration,12984,10124
13034,calibration,13034,10151
13042,calibration,13042,10159
13070,calibration,13070,10182
13092,calibration,13092,10199
13095,calibration,13095,10202
13097,calibration,13097,10203
13098,calibration,13098,10204
13100,calibration,13100,10206
13103,calibration,11041,10209
13104,calibration,13095,10210
13115,calibration,13115,10217
13116,calibration,13116,10218
13117,calibration,12340,10219
13131,calibration,2735,10222
13133,calibration,2735,10224
13135,calibration,2735,10226
13151,calibration,2735,10239
13156,calibration,2735,10244
13163,calibration,13163,10251
13171,calibration,2691,10259
13180,calibration,13180,10264
13196,calibration,13196,10272
13202,calibration,3202,10277
13207,calibration,6271,10280
13222,calibration,13222,10294
13224,calibration,13224,10296
13235,calibration,3387,10306
13290,calibration,3564,10334
13294,calibration,3564,10336
13306,calibration,13306,10346
13311,calibration,13306,10351
13325,calibration,4289,10358
13331,calibration,13331,10363
13340,calibration,4289,10372
13344,calibration,4289,10376
13351,calibration,4289,10383
13354,calibration,13354,10385
13361,calibration,13361,10391
13362,calibration,7488,10392
13366,calibration,11952,10395
13368,calibration,11952,10397
13369,calibration,11952,10398
13382,calibration,4289,10407
13386,calibration,4289,10410
13415,calibration,13415,10424
13436,calibration,13436,10426
13440,calibration,7970,10428
13441,calibration,11952,10429
13445,calibration,11952,10432
13446,calibration,11952,10433
13511,calibration,13511,10480
13515,calibration,13515,10483
13537,calibration,13537,10492
13563,calibration,13563,10506
13565,calibration,7954,10508
13596,calibration,3063,10527
13605,calibration,12457,10534
13608,calibration,12729,10535
13680,calibration,13680,10587
13688,calibration,13688,10594
13692,calibration,13688,10598
13704,calibration,13704,10607
13714,calibration,13714,10615
13727,calibration,5815,10623
13772,calibration,13772,10655
13773,calibration,13436,10656
13775,calibration,13772,10658
13780,calibration,13780,10661
13784,calibration,13784,10665
13785,calibration,13785,10666
13794,calibration,13794,10671
13811,calibration,3787,10682
13812,calibration,5355,10683
13824,calibration,13824,10693
13843,calibration,2735,10707
13883,calibration,13883,10728
13885,calibration,13885,10730
13886,calibration,13886,10731
13891,calibration,13891,10736
13895,calibration,13895,10740
13903,calibration,13903,10746
13906,calibration,4623,10749
13908,calibration,13908,10751
13909,calibration,4623,10752
13912,calibration,13912,10755
13913,calibration,13912,10756
13914,calibration,4623,10757
13916,calibration,13916,10759
13921,calibration,4623,10763
13924,calibration,4621,10766
13925,calibration,4621,10767
13930,calibration,4622,10771
13931,calibration,13931,10772
13938,calibration,13938,10777
13939,calibration,13931,10778
13941,calibration,4623,10780
13943,calibration,4620,10782
13950,calibration,4622,10789
13954,calibration,13954,10793
13959,calibration,4621,10797
13970,calibration,13954,10805
13972,calibration,4623,10807
13975,calibration,4623,10810
13976,calibration,13976,10811
13978,calibration,4620,10813
13989,calibration,13976,10823
13999,calibration,13999,10833
14002,calibration,4623,10836
14005,calibration,5355,10839
14029,calibration,14029,10850
14035,calibration,14035,10852
14093,calibration,14093,10898
14095,calibration,3443,10900
14098,calibration,3957,10903
14099,calibration,3443,10904
14100,calibration,3443,10905
14103,calibration,2361,10908
14105,calibration,2361,10910
14118,calibration,1186,10921
14139,calibration,14139,10938
14141,calibration,14141,10940
14143,calibration,14143,10941
14153,calibration,14153,10951
14154,calibration,10141,10952
14155,calibration,10141,10953
14156,calibration,10141,10954
14157,calibration,14157,10955
14188,calibration,14188,10977
14190,calibration,14190,10979
14192,calibration,12729,10981
14201,calibration,4436,10988
14225,calibration,14225,11005
14239,calibration,6815,11015
14251,calibration,3202,11026
14259,calibration,4623,11033
14262,calibration,4623,11036
14263,calibration,4623,11037
14264,calibration,4623,11038
14266,calibration,4623,11040
14267,calibration,14267,11041
14268,calibration,5355,11042
14270,calibration,14270,11044
14271,calibration,4623,11045
14274,calibration,4623,11048
14287,calibration,14287,11056
14289,calibration,14289,11058
14292,calibration,14292,11061
14293,calibration,14293,11062
14297,calibration,227,11066
14307,calibration,2983,11071
14315,calibration,14315,11076
14316,calibration,14316,11077
14322,calibration,2983,11082
14325,calibration,14325,11085
14335,calibration,14335,11091
14339,calibration,14339,11095
14344,calibration,14344,11100
14345,calibration,2983,11101
14351,calibration,3150,11106
14363,calibration,14363,11118
14398,calibration,2983,11141
14401,calibration,14401,11142
14403,calibration,14403,11144
14422,calibration,14422,11158
14432,calibration,14432,11168
14435,calibration,13042,11171
14436,calibration,14436,11172
14442,calibration,12559,11174
14450,calibration,2983,11179
14499,calibration,14499,11213
14501,calibration,14499,11215
14505,calibration,14505,11217
14506,calibration,14505,11218
14507,calibration,14505,11219
14508,calibration,14505,11220
14523,calibration,14523,11221
14530,calibration,14523,11228
14534,calibration,14534,11232
14548,calibration,14548,11240
14549,calibration,14548,11241
14578,calibration,14578,11267
14586,calibration,14586,11271
14593,calibration,14593,11277
14601,calibration,6545,11284
14610,calibration,2983,11290
14624,calibration,6497,11295
14637,calibration,14637,11305
14638,calibration,14638,11306
14662,calibration,14662,11325
14674,calibration,14674,11330
14691,calibration,14691,11342
14694,calibration,14694,11345
14695,calibration,14694,11346
14741,calibration,14741,11377
14757,calibration,14757,11387
14766,calibration,14766,11391
14769,calibration,14766,11394
14771,calibration,14766,11396
14799,calibration,14799,11414
14816,calibration,14637,11417
14817,calibration,14817,11418
14827,calibration,14827,11424
14830,calibration,14505,11427
14872,calibration,14872,11440
14896,calibration,14896,11463
14897,calibration,14896,11464
14898,calibration,14896,11465
14899,calibration,14896,11466
14902,calibration,14896,11468
14927,calibration,14927,11487
14964,calibration,14964,11523
14987,calibration,14987,11536
14989,calibration,14989,11537
15011,calibration,740,11551
15015,calibration,15015,11555
15016,calibration,15016,11556
15017,calibration,15016,11557
15018,calibration,15018,11558
15019,calibration,15019,11559
15035,calibration,15035,11575
15037,calibration,15037,11577
15041,calibration,15041,11581
15045,calibration,9910,11585
15050,calibration,15050,11588
15067,calibration,1958,11599
15069,calibration,15069,11601
15072,calibration,2269,11604
15075,calibration,2161,11607
15076,calibration,15076,11608
15078,calibration,1300,11610
15081,calibration,2161,11612
15083,calibration,13912,11614
15092,calibration,1387,11623
15096,calibration,4945,11627
15113,calibration,15113,11635
15124,calibration,1286,11638
15125,calibration,447,11639
15129,calibration,1938,11641
15135,calibration,15135,11647
15136,calibration,15136,11648
15144,calibration,15144,11656
15149,calibration,15149,11660
15159,calibration,15159,11668
15163,calibration,15163,11671
15164,calibration,10081,11672
15165,calibration,2361,11673
15170,calibration,15170,11678
15173,calibration,790,11680
15174,calibration,15174,11681
15177,calibration,4587,11684
15195,calibration,15195,11697
15201,calibration,2888,11703
15203,calibration,3150,11705
15205,calibration,15205,11707
15206,calibration,15206,11708
15216,calibration,790,11717
15232,calibration,15232,11727
15238,calibration,15238,11732
15241,calibration,15241,11735
15242,calibration,15242,11736
15248,calibration,15248,11741
15250,calibration,15250,11743
15254,calibration,15254,11747
15263,calibration,3029,11753
15273,calibration,4787,11761
15274,calibration,10532,11762
15308,calibration,11992,11789
15309,calibration,15309,11790
15334,calibration,15334,11812
15345,calibration,15345,11820
15365,calibration,15365,11836
15366,calibration,15365,11837
15433,calibration,15433,11897
15444,calibration,3696,11908
15452,calibration,15452,11915
15455,calibration,15455,11918
15476,calibration,15476,11933
15517,calibration,4265,11968
15518,calibration,4265,11969
15519,calibration,4265,11970
15520,calibration,4265,11971
15521,calibration,4265,11972
15522,calibration,4265,11973
15523,calibration,4265,11974
15524,calibration,4265,11975
15525,calibration,4265,11976
15526,calibration,4265,11977
15527,calibration,4265,11978
15528,calibration,4265,11979
15529,calibration,4265,11980
15530,calibration,4265,11981
15531,calibration,4265,11982
15532,calibration,4265,11983
15533,calibration,4265,11984
15534,calibration,4265,11985
15555,calibration,8241,12002
15568,calibration,166,12015
15584,calibration,15584,12031
15610,calibration,15610,12057
15628,calibration,15628,12073
15630,calibration,15630,12075
15639,calibration,15639,12081
15645,calibration,15645,12085
15655,calibration,1475,12093
15676,calibration,4174,12103
15688,calibration,166,12109
15703,calibration,15703,12122
15705,calibration,15705,12124
15707,calibration,2161,12126
15719,calibration,2032,12138
15727,calibration,15144,12144
15737,calibration,10126,12148
15746,calibration,15746,12152
15757,calibration,10126,12157
15761,calibration,15761,12159
15764,calibration,15764,12160
15765,calibration,13931,12161
15789,calibration,2075,12185
15792,calibration,10532,12188
15795,calibration,15795,12189
15828,calibration,15828,12194
15850,calibration,15850,12213
15856,calibration,134,12219
15859,calibration,15859,12221
15884,calibration,8394,12237
15885,calibration,8394,12238
15889,calibration,15889,12242
15890,calibration,395,12243
15891,calibration,395,12244
15892,calibration,15892,12245
15895,calibration,15895,12247
15898,calibration,15898,12250
15907,calibration,2102,12259
15911,calibration,15911,12263
15922,calibration,15922,12272
15938,calibration,4587,12288
15986,calibration,10532,12313
16013,calibration,16013,12316
16027,calibration,16027,12324
16049,calibration,12450,12342
16074,calibration,7954,12347
16114,calibration,16114,12370
16119,calibration,11930,12375
16125,calibration,11930,12381
16126,calibration,6271,12382
16131,calibration,7157,12387
16139,calibration,16139,12393
16145,calibration,344,12397
16161,calibration,1286,12412
16172,calibration,16172,12421
16179,calibration,11923,12427
16190,calibration,2735,12435
16193,calibration,2735,12437
16208,calibration,2735,12444
16224,calibration,16224,12457
16226,calibration,227,12458
16229,calibration,1286,12461
16230,calibration,16172,12462
16264,calibration,16264,12485
16277,calibration,2251,12496
16278,calibration,2251,12497
16288,calibration,3063,12504
16291,calibration,16264,12506
16299,calibration,16299,12510
16306,calibration,3063,12516
16318,calibration,16318,12523
16320,calibration,12457,12525
16373,calibration,16373,12549
16374,calibration,16373,12550
16375,calibration,16373,12551
16378,calibration,16378,12553
16379,calibration,16378,12554
16404,calibration,16404,12569
16420,calibration,15135,12585
16439,calibration,4621,12600
16442,calibration,15241,12603
16447,calibration,5659,12608
16449,calibration,16449,12610
16451,calibration,6271,12611
16453,calibration,6404,12613
16481,calibration,5965,12637
16482,calibration,16482,12638
16488,calibration,3793,12641
16495,calibration,2735,12648
16496,calibration,16496,12649
10,test,10,8
16,test,16,14
20,test,20,17
22,test,22,19
24,test,22,21
27,test,27,24
39,test,27,35
40,test,40,36
46,test,46,42
50,test,50,46
56,test,56,52
62,test,62,57
63,test,63,58
70,test,70,65
74,test,74,69
78,test,78,73
86,test,86,81
94,test,94,87
95,test,95,88
100,test,100,92
104,test,104,95
105,test,105,96
109,test,109,99
113,test,113,102
114,test,113,103
116,test,116,105
118,test,118,106
121,test,109,108
124,test,124,111
125,test,125,112
130,test,130,117
155,test,155,135
165,test,78,144
170,test,170,146
171,test,171,147
213,test,213,171
215,test,215,172
230,test,230,184
231,test,231,185
233,test,233,186
246,test,246,195
248,test,248,196
250,test,248,198
251,test,251,199
261,test,261,207
264,test,264,210
268,test,230,213
270,test,109,215
279,test,279,222
281,test,281,224
283,test,283,225
302,test,302,238
306,test,306,240
312,test,230,243
320,test,320,247
321,test,321,248
327,test,327,254
338,test,338,262
340,test,340,264
343,test,343,265
345,test,345,267
356,test,356,273
368,test,368,284
372,test,372,286
374,test,374,287
377,test,377,290
380,test,380,293
391,test,391,300
396,test,230,305
397,test,397,306
399,test,399,308
415,test,415,322
427,test,427,333
431,test,306,336
433,test,118,338
436,test,436,340
438,test,438,342
448,test,448,347
467,test,467,360
477,test,477,370
478,test,478,371
480,test,480,373
481,test,480,374
482,test,482,375
483,test,170,376
486,test,486,377
487,test,487,378
488,test,488,379
496,test,496,387
498,test,498,389
499,test,499,390
506,test,506,395
511,test,230,400
514,test,514,403
516,test,516,405
523,test,523,409
562,test,562,435
565,test,565,437
569,test,569,441
574,test,574,443
584,test,584,447
591,test,562,452
600,test,340,461
602,test,170,463
608,test,608,468
619,test,619,478
626,test,626,485
629,test,629,487
633,test,584,490
641,test,113,495
649,test,649,502
655,test,655,506
658,test,658,507
664,test,664,510
668,test,668,513
670,test,670,515
671,test,671,516
677,test,677,520
678,test,678,521
680,test,680,523
691,test,691,533
705,test,170,545
706,test,608,546
708,test,708,548
711,test,584,551
725,test,725,560
729,test,729,564
730,test,730,565
735,test,735,568
738,test,738,569
745,test,745,573
747,test,747,575
748,test,748,576
762,test,762,586
763,test,763,587
770,test,770,593
778,test,778,599
783,test,783,603
786,test,786,604
789,test,789,606
791,test,791,608
792,test,792,609
796,test,796,612
798,test,798,614
800,test,338,616
805,test,738,621
807,test,807,623
818,test,763,632
819,test,819,633
831,test,831,643
832,test,832,644
836,test,836,648
840,test,230,651
843,test,843,654
845,test,845,656
848,test,848,659
850,test,850,661
851,test,850,662
852,test,819,663
854,test,854,664
867,test,867,675
875,test,875,681
889,test,889,692
899,test,899,701
901,test,901,702
903,test,50,704
908,test,908,709
918,test,918,716
924,test,924,721
932,test,932,729
946,test,946,739
948,test,948,741
951,test,951,744
952,test,952,745
964,test,62,755
971,test,971,762
974,test,974,765
1014,test,1014,798
1019,test,1019,802
1025,test,1025,807
1027,test,1027,809
1040,test,1040,822
1050,test,1050,831
1051,test,1051,832
1059,test,1059,838
1060,test,1060,839
1079,test,1079,858
1088,test,1088,867
1090,test,1090,869
1097,test,1097,875
1098,test,789,876
1099,test,1099,877
1104,test,1104,882
1106,test,1106,883
1110,test,1110,887
1111,test,1111,888
1112,test,1112,889
1117,test,1117,893
1121,test,1121,897
1122,test,1122,898
1131,test,1131,907
1132,test,1132,908
1154,test,22,926
1169,test,1169,938
1172,test,1172,941
1185,test,1185,953
1187,test,1187,955
1194,test,1194,961
1206,test,1206,969
1207,test,1207,970
1219,test,1088,982
1228,test,1104,990
1234,test,1234,994
1243,test,1243,1002
1249,test,1249,1008
1253,test,1253,1012
1258,test,1258,1017
1259,test,1258,1018
1266,test,1266,1024
1274,test,738,1031
1284,test,1284,1040
1285,test,1285,1041
1323,test,486,1076
1337,test,1337,1089
1344,test,1344,1096
1358,test,1358,1107
1364,test,1364,1113
1370,test,1370,1119
1378,test,1378,1125
1382,test,1382,1129
1407,test,1407,1152
1408,test,22,1153
1412,test,1412,1156
1420,test,20,1163
1423,test,1423,1165
1438,test,1438,1180
1455,test,1455,1197
1470,test,1470,1211
1471,test,1470,1212
1474,test,1474,1214
1481,test,1481,1220
1484,test,1484,1223
1488,test,1488,1227
1498,test,763,1236
1511,test,1511,1245
1513,test,1513,1247
1516,test,1516,1249
1517,test,1517,1250
1530,test,1530,1261
1531,test,1531,1262
1536,test,832,1266
1538,test,1538,1268
1541,test,1541,1270
1548,test,1548,1277
1549,test,1549,1278
1555,test,480,1284
1557,test,796,1285
1560,test,1560,1288
1561,test,1561,1289
1567,test,1567,1293
1577,test,1577,1300
1579,test,1579,1302
1580,test,1580,1303
1587,test,1587,1309
1590,test,738,1312
1602,test,1602,1324
1604,test,1604,1325
1610,test,1610,1329
1611,test,1611,1330
1613,test,94,1332
1615,test,94,1334
1626,test,1626,1340
1629,test,16,1343
1630,test,1630,1344
1633,test,1633,1347
1644,test,1644,1355
1654,test,1654,1363
1661,test,1661,1369
1662,test,1662,1370
1669,test,1669,1377
1683,test,1683,1390
1686,test,1644,1393
1688,test,1644,1395
1689,test,1644,1396
1695,test,1517,1402
1707,test,1707,1411
1710,test,1710,1414
1717,test,1717,1420
1721,test,1721,1424
1725,test,105,1428
1729,test,1285,1432
1730,test,1730,1433
1740,test,1740,1442
1749,test,1749,1450
1754,test,1754,1455
1755,test,1755,1456
1761,test,1761,1461
1762,test,1762,1462
1763,test,1762,1463
1764,test,1764,1464
1771,test,1771,1470
1781,test,230,1479
1782,test,1782,1480
1786,test,1786,1484
1787,test,1786,1485
1788,test,1788,1486
1791,test,1791,1489
1793,test,1793,1491
1795,test,1795,1493
1797,test,1797,1495
1801,test,105,1499
1809,test,1809,1505
1816,test,1816,1512
1821,test,1821,1516
1823,test,1823,1518
1825,test,1825,1520
1828,test,1828,1523
1845,test,1797,1537
1848,test,1791,1540
1852,test,1852,1544
1854,test,1854,1546
1857,test,763,1548
1860,test,763,1551
1861,test,763,1552
1865,test,1786,1554
1879,test,1879,1568
1881,test,1881,1570
1903,test,1903,1586
1908,test,1908,1591
1915,test,1915,1598
1918,test,1284,1601
1919,test,1284,1602
1920,test,1797,1603
1929,test,1929,1610
1932,test,1932,1612
1933,test,1933,1613
1934,test,1932,1614
1939,test,1939,1618
1941,test,1097,1620
1943,test,1903,1622
1946,test,1630,1624
1951,test,1206,1629
1956,test,482,1634
1961,test,1961,1639
1963,test,1963,1641
1970,test,1970,1647
1971,test,1971,1648
1972,test,1972,1649
1974,test,1932,1650
1976,test,763,1652
1978,test,763,1653
1983,test,1983,1658
1987,test,1987,1661
1994,test,1994,1667
2018,test,2018,1688
2042,test,763,1708
2043,test,763,1709
2062,test,2062,1722
2064,test,2064,1724
2065,test,2065,1725
2066,test,2066,1726
2067,test,2067,1727
2071,test,2071,1731
2077,test,2077,1735
2080,test,1963,1738
2081,test,2081,1739
2089,test,2089,1747
2090,test,1932,1748
2093,test,230,1750
2111,test,2111,1764
2117,test,482,1769
2121,test,2121,1771
2122,test,2122,1772
2127,test,789,1775
2129,test,789,1777
2132,test,2132,1779
2134,test,763,1780
2137,test,63,1783
2138,test,2138,1784
2141,test,2141,1787
2142,test,738,1788
2143,test,738,1789
2144,test,1088,1790
2150,test,2150,1796
2152,test,2152,1797
2153,test,2153,1798
2156,test,2156,1801
2158,test,2158,1803
2159,test,2159,1804
2163,test,2163,1808
2164,test,2164,1809
2172,test,1797,1817
2175,test,2175,1820
2180,test,2180,1822
2186,test,2186,1827
2195,test,2195,1834
2201,test,2201,1840
2204,test,2204,1841
2209,test,1097,1846
2219,test,2219,1855
2222,test,2222,1858
2237,test,2237,1870
2240,test,2240,1873
2243,test,2243,1876
2247,test,1378,1880
2248,test,2248,1881
2249,test,2249,1882
2265,test,2265,1898
2266,test,2266,1899
2276,test,2276,1908
2280,test,2280,1912
2282,test,2282,1914
2283,test,2283,1915
2288,test,2288,1918
2310,test,2310,1938
2313,test,1530,1941
2314,test,2314,1942
2315,test,2315,1943
2321,test,2321,1948
2328,test,2328,1954
2329,test,2329,1955
2335,test,2335,1961
2339,test,2339,1965
2345,test,2345,1970
2349,test,2349,1974
2354,test,230,1978
2355,test,1903,1979
2360,test,2360,1983
2364,test,2364,1986
2365,test,2365,1987
2369,test,2369,1991
2392,test,2392,2007
2396,test,2396,2011
2408,test,2408,2020
2412,test,2412,2023
2420,test,2420,2031
2426,test,50,2036
2432,test,2432,2042
2435,test,2435,2045
2436,test,2396,2046
2449,test,2449,2058
2450,test,2450,2059
2451,test,2451,2060
2452,test,2452,2061
2453,test,230,2062
2459,test,2459,2068
2475,test,2475,2084
2480,test,2480,2087
2486,test,738,2092
2500,test,1730,2106
2503,test,2503,2109
2504,test,2504,2110
2516,test,2516,2119
2520,test,2435,2122
2522,test,2449,2124
2527,test,2527,2128
2531,test,2531,2131
2536,test,2536,2136
2537,test,2537,2137
2540,test,2540,2140
2541,test,2541,2141
2552,test,2552,2149
2569,test,2569,2164
2589,test,2589,2178
2600,test,2600,2188
2603,test,2603,2191
2608,test,2608,2195
2617,test,125,2203
2628,test,2628,2210
2630,test,2630,2212
2631,test,2631,2213
2638,test,2638,2219
2640,test,2640,2221
2643,test,2643,2224
2646,test,2646,2226
2653,test,1206,2233
2654,test,1206,2234
2655,test,1206,2235
2658,test,1206,2238
2662,test,2662,2242
2668,test,22,2248
2671,test,854,2251
2675,test,2675,2253
2676,test,2676,2254
2683,test,2683,2258
2687,test,2687,2261
2696,test,2696,2269
2703,test,2703,2275
2711,test,2711,2281
2715,test,2715,2284
2727,test,2727,2293
2741,test,854,2302
2745,test,854,2306
2756,test,2569,2315
2757,test,2757,2316
2762,test,2762,2321
2768,test,2768,2325
2776,test,2776,2333
2786,test,2786,2341
2788,test,2788,2343
2793,test,2793,2348
2800,test,2800,2354
2806,test,338,2359
2807,test,338,2360
2808,test,415,2361
2825,test,854,2366
2829,test,2829,2370
2832,test,2832,2373
2837,test,1903,2378
2838,test,1903,2379
2841,test,2793,2382
2850,test,1797,2387
2858,test,2858,2394
2864,test,279,2400
2873,test,854,2407
2913,test,2913,2441
2916,test,2164,2443
2917,test,2164,2444
2918,test,2164,2445
2919,test,2919,2446
2920,test,2920,2447
2921,test,2920,2448
2922,test,2920,2449
2925,test,2919,2452
2926,test,2919,2453
2927,test,2919,2454
2928,test,2928,2455
2932,test,2932,2458
2936,test,2936,2462
2940,test,2940,2465
2941,test,2941,2466
2946,test,2946,2471
2956,test,2956,2481
2963,test,2963,2487
2966,test,2963,2490
2989,test,2989,2506
2990,test,2990,2507
2994,test,2994,2511
3005,test,3005,2519
3006,test,789,2520
3010,test,3010,2524
3027,test,3027,2538
3031,test,3031,2541
3032,test,3032,2542
3033,test,1541,2543
3038,test,3038,2548
3040,test,230,2550
3041,test,3041,2551
3047,test,3047,2557
3049,test,3049,2559
3053,test,2266,2562
3054,test,2266,2563
3060,test,3060,2569
3068,test,3068,2577
3069,test,3069,2578
3070,test,3069,2579
3075,test,789,2582
3076,test,789,2583
3077,test,789,2584
3080,test,845,2587
3081,test,845,2588
3082,test,3082,2589
3093,test,738,2600
3094,test,2475,2601
3095,test,3095,2602
3097,test,3097,2604
3113,test,3113,2620
3127,test,3127,2633
3141,test,3141,2646
3174,test,1983,2669
3177,test,3177,2672
3178,test,20,2673
3198,test,3198,2691
3215,test,1730,2708
3222,test,3222,2712
3225,test,3225,2714
3241,test,3241,2728
3244,test,125,2731
3247,test,3247,2734
3263,test,3263,2748
3275,test,1602,2759
3282,test,3282,2765
3290,test,22,2769
3299,test,3299,2774
3309,test,125,2784
3322,test,3322,2795
3323,test,3322,2796
3324,test,3322,2797
3328,test,3328,2801
3333,test,3333,2806
3338,test,1626,2811
3339,test,1626,2812
3340,test,1531,2813
3348,test,3348,2821
3353,test,3353,2824
3355,test,3322,2825
3357,test,2335,2826
3366,test,3322,2834
3368,test,3368,2835
3374,test,2989,2838
3385,test,3385,2848
3389,test,3389,2852
3393,test,3393,2855
3397,test,3397,2858
3403,test,3403,2864
3412,test,3412,2872
3413,test,3413,2873
3419,test,3419,2879
3420,test,3420,2880
3422,test,3422,2882
3435,test,3435,2893
3448,test,3448,2905
3456,test,3456,2912
3459,test,1669,2915
3460,test,3460,2916
3468,test,3468,2924
3471,test,3471,2927
3472,test,2919,2928
3476,test,3476,2932
3481,test,3481,2937
3487,test,3487,2943
3489,test,3489,2944
3493,test,3493,2947
3504,test,3504,2958
3506,test,3506,2960
3514,test,3514,2967
3519,test,3519,2972
3527,test,3527,2979
3532,test,3532,2984
3535,test,1285,2986
3537,test,3389,2988
3542,test,338,2992
3556,test,1106,3005
3559,test,3559,3008
3561,test,16,3010
3563,test,3563,3012
3570,test,3570,3018
3575,test,3575,3022
3577,test,3577,3024
3584,test,3247,3030
3586,test,3586,3031
3592,test,3419,3034
3612,test,3612,3051
3614,test,3614,3053
3618,test,3618,3055
3619,test,3069,3056
3620,test,3069,3057
3636,test,1099,3069
3639,test,3639,3070
3643,test,3643,3073
3644,test,3644,3074
3647,test,3647,3077
3649,test,3649,3079
3662,test,3662,3085
3664,test,3664,3087
3666,test,819,3089
3667,test,3667,3090
3671,test,248,3094
3679,test,3679,3102
3686,test,3686,3108
3693,test,3693,3113
3703,test,3703,3122
3706,test,3706,3125
3709,test,3709,3126
3719,test,2676,3136
3727,test,3727,3143
3729,test,3729,3145
3735,test,3735,3150
3747,test,3747,3162
3755,test,3755,3168
3765,test,3765,3178
3772,test,3772,3182
3775,test,3775,3185
3776,test,848,3186
3779,test,3779,3189
3782,test,3782,3192
3804,test,3804,3212
3820,test,2527,3225
3821,test,3821,3226
3827,test,3827,3231
3834,test,3834,3237
3835,test,3834,3238
3836,test,3836,3239
3847,test,3847,3250
3848,test,3847,3251
3849,test,3849,3252
3856,test,608,3258
3861,test,3861,3263
3870,test,3870,3272
3872,test,3870,3273
3880,test,3834,3280
3897,test,2067,3294
3909,test,3909,3306
3913,test,3913,3310
3916,test,3916,3313
3917,test,3917,3314
3918,test,3917,3315
3924,test,3924,3320
3945,test,3945,3340
3950,test,2919,3345
3953,test,3953,3348
3954,test,3953,3349
3955,test,3955,3350
3966,test,22,3361
3970,test,3970,3364
3973,test,3973,3367
3983,test,2164,3376
4003,test,2920,3391
4009,test,4009,3396
4010,test,4010,3397
4024,test,4024,3409
4028,test,4028,3413
4029,test,4029,3414
4032,test,4032,3417
4035,test,4035,3420
4036,test,2435,3421
4039,test,4039,3424
4043,test,2832,3426
4053,test,2265,3433
4055,test,4055,3435
4059,test,1961,3439
4061,test,4061,3441
4070,test,1206,3450
4080,test,738,3457
4082,test,4082,3459
4086,test,4086,3462
4097,test,4097,3471
4098,test,4098,3472
4101,test,4101,3474
4129,test,4129,3500
4130,test,4129,3501
4132,test,4132,3502
4133,test,4133,3503
4134,test,4132,3504
4136,test,4136,3506
4137,test,4136,3507
4139,test,4139,3509
4140,test,4140,3510
4141,test,4141,3511
4142,test,4142,3512
4143,test,4129,3513
4152,test,4152,3522
4157,test,4157,3526
4161,test,4161,3530
4186,test,4186,3548
4188,test,4186,3550
4190,test,4186,3552
4191,test,4191,3553
4192,test,4191,3554
4193,test,4191,3555
4194,test,4186,3556
4203,test,4186,3565
4204,test,4204,3566
4210,test,4210,3572
4213,test,4213,3574
4214,test,4214,3575
4220,test,4220,3581
4221,test,4221,3582
4225,test,4221,3586
4231,test,4231,3591
4232,test,4231,3592
4233,test,4231,3593
4234,test,4231,3594
4235,test,4231,3595
4237,test,4231,3597
4257,test,3412,3617
4261,test,4261,3621
4263,test,4263,3623
4270,test,3924,3630
4276,test,4276,3632
4277,test,4277,3633
4280,test,4280,3635
4285,test,3649,3638
4296,test,4296,3648
4297,test,4297,3649
4298,test,4298,3650
4326,test,279,3672
4329,test,279,3675
4330,test,279,3676
4331,test,279,3677
4332,test,4332,3678
4334,test,4334,3680
4335,test,4335,3681
4338,test,4338,3684
4348,test,4348,3688
4349,test,4349,3689
4354,test,4132,3691
4358,test,4358,3694
4363,test,4363,3695
4383,test,4383,3706
4384,test,4384,3707
4385,test,4384,3708
4386,test,4384,3709
4393,test,1661,3712
4400,test,4231,3714
4406,test,3649,3718
4408,test,4408,3720
4409,test,4409,3721
4412,test,4412,3723
4476,test,4476,3777
4477,test,4477,3778
4498,test,792,3791
4514,test,4231,3804
4518,test,738,3808
4523,test,4523,3812
4532,test,4532,3819
4533,test,4533,3820
4551,test,4551,3833
4554,test,4551,3836
4557,test,4551,3839
4560,test,4551,3842
4562,test,4551,3844
4602,test,4602,3874
4610,test,4610,3880
4613,test,4613,3883
4614,test,1285,3884
4619,test,4619,3889
4638,test,4638,3901
4642,test,4642,3905
4647,test,4476,3910
4680,test,4680,3942
4688,test,4688,3948
4689,test,845,3949
4694,test,4694,3953
4706,test,1579,3963
4708,test,4708,3965
4717,test,4717,3972
4719,test,4708,3974
4720,test,4708,3975
4729,test,4729,3984
4730,test,4730,3985
4731,test,4731,3986
4744,test,4744,3998
4748,test,1903,4002
4755,test,4755,4007
4756,test,4756,4008
4761,test,4761,4012
4769,test,4769,4018
4785,test,4785,4030
4786,test,4755,4031
4791,test,4791,4036
4796,test,4796,4040
4806,test,2600,4048
4820,test,4820,4062
4837,test,3247,4073
4847,test,94,4082
4848,test,4848,4083
4855,test,4855,4090
4870,test,4221,4103
4872,test,4872,4105
4874,test,4874,4107
4887,test,4412,4119
4888,test,4888,4120
4896,test,1579,4128
4901,test,4717,4133
4902,test,4708,4134
4906,test,4906,4138
4911,test,4911,4142
4915,test,4915,4146
4918,test,1481,4149
4924,test,4924,4154
4941,test,4941,4165
4951,test,4951,4171
4967,test,3493,4183
4969,test,4969,4184
4972,test,4972,4186
4974,test,4974,4188
4978,test,4978,4192
5001,test,783,4211
5005,test,5005,4214
5009,test,5009,4218
5034,test,5034,4239
5042,test,5042,4246
5043,test,5042,4247
5060,test,5060,4262
5063,test,5063,4263
5073,test,5073,4273
5074,test,5074,4274
5081,test,5081,4280
5082,test,5081,4281
5083,test,5081,4282
5084,test,5081,4283
5093,test,5093,4290
5095,test,3097,4292
5101,test,248,4297
5110,test,5110,4306
5124,test,5110,4319
5126,test,5126,4321
5132,test,5132,4327
5141,test,5141,4336
5156,test,5156,4343
5157,test,5157,4344
5163,test,5163,4350
5165,test,5165,4352
5177,test,5177,4361
5188,test,5188,4372
5191,test,5188,4375
5192,test,5188,4376
5195,test,5188,4379
5196,test,5188,4380
5197,test,5188,4381
5198,test,5188,4382
5205,test,5205,4389
5213,test,5213,4396
5215,test,5213,4398
5217,test,5213,4400
5218,test,5213,4401
5225,test,1932,4408
5230,test,5230,4413
5232,test,380,4414
5234,test,5230,4415
5235,test,786,4416
5237,test,5237,4418
5246,test,2475,4426
5263,test,5263,4441
5269,test,5269,4447
5272,test,3945,4450
5273,test,3945,4451
5274,test,3945,4452
5275,test,3945,4453
5276,test,5276,4454
5277,test,5277,4455
5285,test,5285,4461
5291,test,5291,4467
5341,test,5341,4496
5344,test,5344,4499
5347,test,5347,4502
5349,test,5349,4504
5353,test,5349,4508
5354,test,5354,4509
5363,test,5188,4518
5364,test,5364,4519
5370,test,5370,4522
5372,test,747,4524
5388,test,5388,4540
5404,test,5404,4552
5425,test,1932,4571
5429,test,1602,4575
5431,test,5431,4577
5444,test,5444,4589
5445,test,5444,4590
5449,test,2156,4593
5451,test,5188,4595
5455,test,5455,4599
5464,test,5464,4606
5473,test,5473,4612
5483,test,1019,4620
5487,test,5487,4624
5495,test,4791,4632
5497,test,2315,4634
5510,test,5510,4645
5516,test,5516,4650
5527,test,738,4659
5536,test,5536,4666
5540,test,738,4670
5542,test,5542,4672
5543,test,5542,4673
5544,test,5542,4674
5561,test,5561,4688
5573,test,5573,4700
5579,test,5579,4706
5580,test,5580,4707
5584,test,5584,4708
5585,test,5165,4709
5586,test,5165,4710
5600,test,5600,4723
5612,test,1530,4733
5624,test,5624,4744
5625,test,5624,4745
5628,test,5624,4748
5629,test,5624,4749
5633,test,5633,4752
5637,test,5637,4756
5676,test,5676,4791
5678,test,5678,4793
5679,test,5678,4794
5682,test,5682,4797
5683,test,5678,4798
5684,test,5678,4799
5688,test,5678,4803
5694,test,5678,4809
5706,test,5706,4819
5707,test,5707,4820
5708,test,5706,4821
5709,test,5706,4822
5711,test,5706,4824
5712,test,5706,4825
5713,test,5706,4826
5714,test,5706,4827
5716,test,5716,4829
5717,test,5706,4830
5726,test,747,4839
5729,test,5729,4842
5730,test,5729,4843
5731,test,5729,4844
5734,test,5734,4846
5735,test,5735,4847
5743,test,5743,4855
5745,test,5745,4857
5766,test,5766,4873
5771,test,5771,4877
5772,test,5772,4878
5781,test,5781,4883
5785,test,5785,4886
5786,test,5786,4887
5806,test,5806,4906
5808,test,230,4908
5813,test,2328,4911
5816,test,5816,4914
5820,test,4097,4918
5825,test,5825,4922
5827,test,5825,4924
5829,test,5829,4926
5832,test,5580,4929
5838,test,5838,4935
5857,test,5857,4951
5884,test,5542,4974
5886,test,5542,4976
5887,test,5887,4977
5890,test,5890,4980
5896,test,5896,4986
5901,test,5857,4990
5903,test,5903,4992
5904,test,5903,4993
5918,test,5918,5005
5919,test,5918,5006
5921,test,5542,5008
5922,test,5542,5009
5928,test,5928,5014
5929,test,5928,5015
5937,test,5937,5022
5958,test,5958,5036
5960,test,3005,5038
5964,test,5964,5041
5986,test,5986,5060
6004,test,482,5074
6005,test,6005,5075
6011,test,6011,5079
6014,test,3804,5082
6029,test,6029,5097
6030,test,6029,5098
6045,test,6045,5109
6046,test,6046,5110
6063,test,1730,5126
6105,test,2067,5164
6108,test,6108,5167
6109,test,5729,5168
6120,test,6120,5178
6130,test,6130,5185
6131,test,6130,5186
6141,test,6141,5196
6144,test,377,5198
6146,test,1771,5200
6147,test,5928,5201
6149,test,5928,5203
6150,test,5928,5204
6151,test,6151,5205
6152,test,5928,5206
6153,test,6153,5207
6155,test,5928,5209
6156,test,5928,5210
6157,test,5928,5211
6158,test,5928,5212
6159,test,5928,5213
6160,test,5928,5214
6161,test,5928,5215
6162,test,5928,5216
6171,test,100,5221
6173,test,2527,5222
6174,test,2527,5223
6175,test,2527,5224
6176,test,2527,5225
6177,test,2527,5226
6189,test,6189,5233
6190,test,5825,5234
6192,test,6192,5236
6204,test,6204,5242
6222,test,6222,5257
6227,test,6222,5261
6231,test,6222,5265
6233,test,6222,5267
6235,test,658,5269
6236,test,658,5270
6238,test,658,5272
6252,test,279,5284
6261,test,4297,5291
6276,test,6276,5305
6302,test,1530,5324
6304,test,6304,5326
6312,test,6312,5332
6313,test,6312,5333
6320,test,6320,5339
6325,test,6325,5342
6326,test,6326,5343
6327,test,6327,5344
6333,test,6333,5348
6335,test,6120,5350
6338,test,6120,5353
6343,test,6120,5357
6348,test,6348,5362
6349,test,6348,5363
6353,test,6120,5367
6359,test,6348,5373
6370,test,6370,5384
6372,test,819,5386
6373,test,819,5387
6416,test,6416,5429
6435,test,6435,5448
6444,test,2089,5457
6445,test,6445,5458
6464,test,6464,5474
6466,test,6466,5476
6469,test,6348,5479
6492,test,6492,5496
6493,test,6493,5497
6495,test,6495,5499
6498,test,6498,5502
6500,test,6500,5504
6501,test,6501,5505
6502,test,6501,5506
6503,test,6503,5507
6513,test,6312,5515
6514,test,6312,5516
6515,test,6312,5517
6522,test,6522,5524
6529,test,6529,5531
6596,test,3005,5573
6598,test,6348,5575
6599,test,6599,5576
6600,test,6599,5577
6605,test,5857,5582
6612,test,6612,5589
6619,test,6619,5596
6623,test,6623,5600
6626,test,6626,5602
6632,test,6632,5607
6638,test,629,5612
6639,test,629,5613
6644,test,6644,5618
6671,test,3263,5644
6678,test,6678,5651
6682,test,6678,5655
6683,test,6678,5656
6687,test,2696,5659
6688,test,6688,5660
6691,test,6691,5661
6698,test,2696,5668
6699,test,6688,5669
6701,test,2696,5670
6702,test,6702,5671
6703,test,6688,5672
6705,test,2696,5674
6708,test,2696,5676
6711,test,6691,5679
6712,test,6688,5680
6713,test,2696,5681
6714,test,6688,5682
6716,test,6678,5684
6717,test,6717,5685
6737,test,6737,5704
6741,test,3456,5708
6742,test,6742,5709
6743,test,6742,5710
6749,test,3027,5716
6780,test,6780,5746
6781,test,6781,5747
6783,test,3027,5749
6784,test,3027,5750
6785,test,6781,5751
6786,test,6786,5752
6788,test,6788,5753
6817,test,6817,5772
6819,test,6817,5773
6820,test,6817,5774
6821,test,6821,5775
6822,test,6822,5776
6830,test,789,5784
6831,test,789,5785
6832,test,789,5786
6833,test,789,5787
6850,test,819,5800
6852,test,6852,5802
6860,test,6860,5810
6865,test,6865,5814
6877,test,6877,5822
6881,test,6881,5825
6886,test,6886,5829
6887,test,6887,5830
6888,test,6887,5831
6890,test,6890,5833
6895,test,3662,5838
6896,test,3559,5839
6898,test,3559,5841
6900,test,248,5843
6911,test,6911,5852
6912,test,6912,5853
6914,test,6914,5855
6918,test,6918,5859
6919,test,6919,5860
6921,test,6918,5862
6926,test,6918,5866
6927,test,6918,5867
6942,test,6445,5874
6943,test,6445,5875
6944,test,6445,5876
6945,test,6445,5877
6946,test,6445,5878
6947,test,6445,5879
6948,test,6445,5880
6949,test,6445,5881
6950,test,6445,5882
6952,test,6952,5884
6955,test,6955,5887
6957,test,6781,5889
6958,test,6781,5890
6960,test,6960,5892
6962,test,2928,5893
6964,test,2928,5895
6965,test,2928,5896
6966,test,5857,5897
6968,test,6968,5899
6970,test,6970,5900
6971,test,6970,5901
6980,test,6980,5908
6982,test,6982,5910
6992,test,6992,5918
6994,test,6994,5920
6995,test,6890,5921
7016,test,7016,5942
7027,test,7027,5953
7039,test,7039,5965
7044,test,7044,5970
7046,test,7046,5972
7048,test,7039,5974
7069,test,7069,5992
7082,test,7082,6002
7084,test,7084,6004
7085,test,7085,6005
7094,test,7085,6012
7102,test,7102,6019
7126,test,7126,6039
7129,test,3953,6042
7130,test,7130,6043
7131,test,7131,6044
7143,test,171,6052
7159,test,7159,6067
7181,test,5857,6084
7203,test,5857,6101
7212,test,7212,6109
7213,test,6918,6110
7216,test,7216,6112
7224,test,7224,6117
7252,test,7252,6134
7253,test,7253,6135
7262,test,7262,6143
7272,test,7272,6153
7274,test,1407,6155
7279,test,5857,6160
7281,test,5857,6162
7282,test,5857,6163
7284,test,5857,6165
7297,test,5857,6178
7306,test,7306,6186
7309,test,1517,6189
7312,test,7312,6192
7316,test,7316,6195
7317,test,7316,6196
7318,test,7316,6197
7347,test,1187,6222
7350,test,725,6224
7351,test,340,6225
7352,test,248,6226
7354,test,7354,6227
7362,test,7362,6233
7373,test,3973,6242
7379,test,7379,6248
7384,test,4408,6253
7396,test,1567,6263
7406,test,7406,6272
7411,test,7411,6277
7412,test,7412,6278
7413,test,7413,6279
7414,test,7413,6280
7431,test,7431,6289
7432,test,1740,6290
7433,test,7433,6291
7445,test,7445,6299
7453,test,7453,6306
7455,test,7455,6308
7472,test,6919,6324
7473,test,6918,6325
7478,test,7478,6328
7480,test,94,6329
7487,test,7316,6335
7489,test,7489,6337
7490,test,7489,6338
7508,test,7508,6352
7511,test,7508,6355
7512,test,7508,6356
7514,test,7508,6358
7515,test,7508,6359
7517,test,7517,6361
7527,test,7527,6367
7529,test,6435,6369
7537,test,1740,6377
7556,test,7556,6388
7559,test,4602,6390
7571,test,7571,6401
7576,test,7576,6406
7577,test,7577,6407
7581,test,7576,6411
7582,test,7577,6412
7584,test,7577,6414
7585,test,7577,6415
7586,test,2018,6416
7592,test,6312,6421
7593,test,6312,6422
7594,test,6312,6423
7595,test,7595,6424
7606,test,7606,6431
7609,test,4136,6434
7612,test,7612,6437
7613,test,100,6438
7626,test,7626,6449
7628,test,7628,6451
7638,test,7628,6453
7640,test,7628,6455
7659,test,738,6458
7660,test,7660,6459
7673,test,6501,6468
7674,test,6501,6469
7675,test,7675,6470
7680,test,7680,6474
7688,test,7688,6482
7696,test,1644,6490
7703,test,4384,6496
7706,test,486,6498
7707,test,7707,6499
7711,test,7711,6501
7712,test,7712,6502
7737,test,7737,6513
7754,test,7754,6527
7759,test,7759,6532
7764,test,7612,6537
7765,test,2600,6538
7774,test,7774,6544
7776,test,7776,6546
7777,test,7777,6547
7778,test,7777,6548
7781,test,7781,6551
7782,test,7782,6552
7785,test,7785,6554
7810,test,2589,6556
7819,test,3005,6560
7842,test,7842,6564
7846,test,5093,6567
7847,test,3448,6568
7853,test,6952,6572
7854,test,4384,6573
7859,test,3005,6577
7881,test,7881,6586
7882,test,1661,6587
7883,test,738,6588
7884,test,738,6589
7904,test,5263,6603
7927,test,7927,6610
7935,test,7935,6616
7940,test,7940,6620
7961,test,7961,6639
7964,test,7961,6641
7968,test,7968,6643
8018,test,8018,6685
8020,test,8020,6687
8021,test,8020,6688
8025,test,738,6692
8026,test,8026,6693
8036,test,8036,6699
8049,test,8049,6705
8060,test,8060,6711
8061,test,8061,6712
8062,test,8062,6713
8068,test,8068,6717
8069,test,8069,6718
8072,test,8072,6720
8073,test,8073,6721
8088,test,8088,6730
8094,test,6312,6733
8100,test,2683,6737
8131,test,340,6755
8139,test,8139,6758
8143,test,8143,6760
8144,test,8143,6761
8147,test,8143,6763
8150,test,8150,6766
8222,test,8222,6806
8224,test,1852,6808
8227,test,8227,6810
8270,test,8270,6840
8272,test,8272,6841
8276,test,8276,6843
8281,test,8281,6844
8288,test,8288,6848
8291,test,1517,6851
8311,test,8311,6867
8321,test,8321,6872
8354,test,8354,6901
8369,test,8369,6911
8370,test,8370,6912
8371,test,8371,6913
8378,test,94,6918
8399,test,2314,6931
8401,test,8401,6933
8402,test,2314,6934
8411,test,8411,6940
8413,test,8413,6942
8414,test,8413,6943
8415,test,8413,6944
8416,test,8416,6945
8427,test,8427,6952
8428,test,8428,6953
8490,test,8490,7001
8491,test,4161,7002
8492,test,8492,7003
8520,test,8520,7017
8559,test,8559,7033
8560,test,8559,7034
8587,test,8587,7055
8624,test,63,7089
8632,test,8632,7096
8641,test,8641,7102
8651,test,8651,7110
8659,test,8659,7117
8664,test,8664,7122
8672,test,8672,7130
8674,test,8674,7131
8705,test,8227,7144
8709,test,3247,7147
8726,test,5624,7157
8732,test,8732,7162
8750,test,8750,7172
8779,test,8779,7192
8791,test,8791,7203
8801,test,8801,7209
8813,test,8813,7216
8838,test,8838,7238
8841,test,8841,7241
8859,test,8859,7250
8862,test,8862,7253
8890,test,8890,7264
8895,test,6276,7266
8898,test,8898,7269
8909,test,8559,7274
8919,test,4619,7283
8921,test,16,7285
8963,test,8963,7313
8964,test,8964,7314
8965,test,8964,7315
8966,test,8964,7316
8967,test,8964,7317
8968,test,8968,7318
8977,test,8977,7326
8978,test,8977,7327
8979,test,8977,7328
8990,test,725,7337
8993,test,8993,7340
8996,test,8996,7343
8997,test,8996,7344
9014,test,9014,7359
9015,test,6312,7360
9017,test,2089,7361
9032,test,9032,7371
9045,test,6312,7379
9046,test,6312,7380
9048,test,9048,7382
9053,test,9053,7384
9055,test,230,7386
9062,test,9062,7391
9071,test,9071,7400
9072,test,9071,7401
9073,test,9071,7402
9080,test,9080,7407
9081,test,9081,7408
9098,test,9098,7422
9110,test,9110,7433
9112,test,9112,7434
9122,test,9122,7442
9123,test,9122,7443
9125,test,9125,7445
9126,test,9125,7446
9128,test,2314,7447
9130,test,3419,7448
9131,test,3419,7449
9153,test,9153,7466
9160,test,9160,7471
9166,test,9166,7476
9171,test,9171,7479
9173,test,9173,7481
9183,test,9183,7487
9201,test,9201,7504
9253,test,9253,7525
9276,test,9276,7535
9277,test,9276,7536
9278,test,9276,7537
9279,test,9276,7538
9280,test,9276,7539
9282,test,9282,7540
9290,test,9290,7546
9306,test,125,7553
9310,test,9310,7556
9327,test,6952,7563
9330,test,9330,7566
9339,test,9339,7573
9343,test,9343,7577
9352,test,9352,7586
9357,test,9357,7591
9358,test,9358,7592
9361,test,9358,7594
9363,test,9363,7595
9404,test,1604,7633
9418,test,9418,7644
9423,test,9423,7647
9427,test,9427,7651
9428,test,9427,7652
9431,test,9431,7655
9437,test,9437,7659
9442,test,9442,7664
9490,test,9490,7702
9498,test,9498,7709
9499,test,9498,7710
9509,test,9509,7719
9516,test,9509,7722
9519,test,9498,7725
9526,test,4855,7731
9541,test,2990,7746
9547,test,248,7748
9548,test,248,7749
9550,test,248,7751
9554,test,1630,7754
9559,test,9559,7759
9560,test,9560,7760
9608,test,6120,7787
9612,test,9612,7789
9615,test,9615,7791
9616,test,9615,7792
9617,test,9615,7793
9628,test,9615,7804
9629,test,9615,7805
9638,test,9638,7812
9644,test,9644,7818
9647,test,2328,7821
9654,test,9654,7828
9660,test,9660,7834
9662,test,4133,7836
9692,test,3643,7857
9693,test,3643,7858
9708,test,9708,7862
9709,test,3241,7863
9714,test,3241,7868
9720,test,3241,7870
9721,test,3241,7871
9745,test,9745,7891
9746,test,9745,7892
9747,test,1961,7893
9748,test,9745,7894
9749,test,6348,7895
9755,test,4855,7900
9780,test,9780,7924
9782,test,3241,7926
9784,test,3241,7928
9785,test,9785,7929
9786,test,6348,7930
9790,test,9276,7933
9791,test,9276,7934
9792,test,9276,7935
9794,test,9276,7937
9795,test,9276,7938
9800,test,9800,7941
9828,test,4755,7958
9853,test,9853,7971
9905,test,9905,8004
9920,test,9920,8014
9926,test,854,8016
9935,test,9935,8021
9942,test,9942,8028
9954,test,9954,8038
9957,test,9954,8041
9958,test,9954,8042
9959,test,9954,8043
9960,test,9954,8044
9965,test,9965,8049
9984,test,7940,8068
9989,test,6960,8073
10000,test,4855,8080
10005,test,4855,8081
10022,test,4855,8086
10034,test,10034,8089
10047,test,10047,8102
10054,test,343,8108
10065,test,10065,8117
10066,test,10065,8118
10067,test,10065,8119
10068,test,10068,8120
10069,test,10068,8121
10070,test,10068,8122
10071,test,10068,8123
10072,test,10068,8124
10077,test,6960,8129
10090,test,10090,8139
10095,test,10090,8144
10096,test,10090,8145
10115,test,10115,8157
10119,test,10119,8159
10128,test,10128,8166
10131,test,5081,8167
10132,test,5081,8168
10150,test,10150,8185
10152,test,10152,8186
10181,test,10181,8206
10188,test,10188,8212
10193,test,10193,8214
10195,test,10195,8216
10204,test,10204,8221
10211,test,2186,8228
10219,test,7412,8232
10229,test,10229,8236
10235,test,10235,8240
10250,test,10250,8250
10280,test,10280,8274
10282,test,5110,8276
10283,test,5110,8277
10284,test,5110,8278
10286,test,5110,8280
10308,test,279,8293
10310,test,279,8295
10314,test,10314,8299
10342,test,10342,8318
10344,test,10344,8320
10365,test,10365,8325
10368,test,10368,8328
10369,test,10368,8329
10370,test,10368,8330
10373,test,10373,8332
10383,test,10383,8340
10385,test,10314,8342
10387,test,10314,8344
10388,test,10314,8345
10394,test,9276,8348
10395,test,9276,8349
10396,test,9276,8350
10397,test,9276,8351
10398,test,9276,8352
10413,test,3247,8362
10415,test,22,8364
10419,test,10419,8368
10425,test,5510,8370
10427,test,3420,8371
10438,test,10438,8375
10440,test,9276,8377
10441,test,9276,8378
10443,test,340,8380
10484,test,5110,8405
10485,test,5110,8406
10487,test,5110,8408
10488,test,5110,8409
10489,test,5110,8410
10504,test,10504,8421
10505,test,10504,8422
10518,test,10518,8433
10519,test,10518,8434
10520,test,113,8435
10525,test,9276,8439
10526,test,9276,8440
10535,test,10535,8448
10541,test,608,8451
10551,test,10551,8454
10552,test,10551,8455
10556,test,10556,8457
10558,test,10558,8459
10562,test,10562,8463
10563,test,10562,8464
10569,test,10569,8470
10581,test,10581,8482
10584,test,2552,8485
10594,test,10594,8495
10600,test,10600,8501
10606,test,10606,8507
10607,test,10607,8508
10610,test,738,8511
10612,test,10612,8513
10621,test,10621,8522
10629,test,10629,8526
10632,test,10632,8529
10640,test,10640,8537
10652,test,10652,8548
10658,test,10658,8553
10659,test,10659,8554
10666,test,10666,8561
10677,test,10677,8571
10678,test,10677,8572
10680,test,10680,8574
10681,test,10681,8575
10685,test,4231,8579
10686,test,4231,8580
10689,test,4231,8583
10690,test,10690,8584
10691,test,10691,8585
10692,test,4231,8586
10693,test,4231,8587
10695,test,4231,8589
10696,test,10696,8590
10705,test,10705,8597
10717,test,10717,8609
10723,test,10723,8614
10724,test,10723,8615
10727,test,10727,8618
10732,test,10732,8623
10756,test,4231,8640
10758,test,6781,8641
10761,test,10761,8643
10764,test,10764,8646
10766,test,10766,8648
10773,test,10773,8653
10777,test,10777,8656
10780,test,10780,8659
10782,test,10782,8661
10783,test,94,8662
10785,test,10766,8664
10788,test,10788,8667
10795,test,10795,8674
10798,test,10798,8677
10805,test,10805,8683
10831,test,10831,8708
10835,test,10835,8712
10836,test,10835,8713
10839,test,10839,8716
10842,test,10835,8719
10853,test,10853,8724
10858,test,10858,8728
10883,test,10883,8747
10912,test,10912,8772
10916,test,2328,8776
10927,test,10927,8784
10937,test,10937,8792
10991,test,10991,8813
10999,test,10999,8818
11021,test,11021,8837
11027,test,11027,8842
11028,test,6276,8843
11043,test,11043,8854
11044,test,10115,8855
11046,test,3420,8857
11062,test,11062,8861
11078,test,4694,8866
11079,test,11079,8867
11084,test,11084,8871
11093,test,11093,8879
11105,test,11105,8886
11108,test,11105,8887
11110,test,11110,8889
11111,test,11110,8890
11112,test,11110,8891
11115,test,11115,8894
11116,test,6717,8895
11119,test,11119,8898
11120,test,11119,8899
11121,test,11121,8900
11131,test,482,8910
11132,test,482,8911
11133,test,482,8912
11149,test,11149,8921
11151,test,11151,8923
11153,test,11153,8924
11161,test,5896,8931
11175,test,11175,8940
11176,test,11175,8941
11178,test,5896,8942
11185,test,11185,8944
11188,test,4744,8946
11203,test,11203,8954
11204,test,11204,8955
11210,test,11210,8961
11211,test,11211,8962
11214,test,11214,8964
11216,test,306,8966
11217,test,306,8967
11227,test,11227,8974
11228,test,11227,8975
11229,test,11227,8976
11235,test,11235,8978
11242,test,11242,8984
11249,test,11249,8990
11252,test,231,8992
11260,test,11210,9000
11261,test,3779,9001
11263,test,11263,9002
11281,test,11281,9005
11322,test,11322,9033
11330,test,11330,9039
11333,test,11333,9042
11337,test,11337,9046
11348,test,11348,9057
11359,test,11359,9064
11370,test,11370,9070
11374,test,11374,9074
11382,test,11382,9079
11389,test,11389,9083
11394,test,11394,9085
11405,test,11405,9091
11412,test,11412,9098
11416,test,1903,9100
11417,test,1903,9101
11425,test,11425,9107
11426,test,11426,9108
11427,test,5230,9109
11443,test,11443,9122
11449,test,11449,9128
11482,test,11482,9147
11486,test,11486,9150
11487,test,11486,9151
11491,test,10373,9153
11493,test,482,9155
11494,test,11494,9156
11501,test,11501,9161
11509,test,1903,9166
11512,test,1903,9169
11513,test,11513,9170
11517,test,11517,9173
11523,test,11523,9176
11524,test,11524,9177
11544,test,11544,9191
11550,test,11550,9196
11555,test,11555,9201
11559,test,7606,9205
11560,test,4136,9206
11563,test,11563,9208
11568,test,11568,9213
11569,test,11569,9214
11581,test,11581,9218
11582,test,11582,9219
11584,test,11584,9221
11585,test,11585,9222
11598,test,4297,9226
11604,test,11604,9231
11609,test,2018,9235
11625,test,11625,9240
11714,test,6312,9283
11715,test,2067,9284
11734,test,11734,9296
11735,test,11735,9297
11736,test,11735,9298
11751,test,11751,9302
11763,test,11763,9310
11764,test,11763,9311
11765,test,11763,9312
11766,test,11763,9313
11767,test,11763,9314
11768,test,11763,9315
11776,test,113,9322
11818,test,11818,9339
11860,test,11860,9370
11891,test,11891,9381
11892,test,11891,9382
11902,test,11902,9384
11903,test,9276,9385
11914,test,11914,9389
11927,test,22,9396
11938,test,11938,9404
11953,test,3247,9417
11958,test,11958,9420
11959,test,11958,9421
11960,test,11958,9422
11962,test,11962,9423
11963,test,11962,9424
11974,test,5729,9435
11975,test,11975,9436
11976,test,4231,9437
11980,test,4231,9441
11983,test,4231,9444
11985,test,4231,9445
11986,test,4231,9446
11987,test,4231,9447
12002,test,12002,9459
12012,test,4855,9460
12019,test,12019,9463
12023,test,482,9465
12045,test,12045,9469
12067,test,12067,9486
12084,test,8150,9489
12085,test,8150,9490
12086,test,8150,9491
12089,test,8150,9494
12090,test,8150,9495
12091,test,8150,9496
12174,test,12174,9545
12216,test,12216,9578
12219,test,22,9580
12220,test,22,9581
12223,test,113,9584
12228,test,3097,9585
12229,test,12229,9586
12239,test,170,9589
12241,test,12241,9591
12242,test,12242,9592
12244,test,12241,9594
12247,test,12241,9597
12248,test,12241,9598
12249,test,12241,9599
12250,test,12241,9600
12256,test,12256,9604
12261,test,12261,9608
12283,test,12283,9616
12284,test,12283,9617
12285,test,12283,9618
12286,test,12283,9619
12287,test,12283,9620
12298,test,12298,9628
12304,test,649,9631
12320,test,12320,9646
12341,test,12341,9650
12369,test,12369,9655
12375,test,12375,9658
12379,test,12379,9661
12384,test,12379,9666
12386,test,12386,9668
12431,test,12431,9681
12445,test,12445,9691
12452,test,12452,9695
12453,test,11175,9696
12459,test,6312,9701
12463,test,12463,9705
12466,test,2435,9708
12468,test,2018,9710
12472,test,1531,9714
12475,test,12475,9717
12477,test,1797,9719
12480,test,3027,9722
12497,test,12497,9733
12502,test,1531,9738
12503,test,12503,9739
12504,test,3649,9740
12507,test,12507,9741
12512,test,94,9745
12517,test,12517,9750
12524,test,2265,9752
12526,test,12526,9753
12535,test,4761,9759
12536,test,4761,9760
12537,test,12537,9761
12538,test,12537,9762
12540,test,12537,9764
12550,test,11175,9768
12571,test,12571,9785
12580,test,12580,9794
12589,test,12589,9802
12590,test,12590,9803
12591,test,12507,9804
12592,test,12507,9805
12593,test,12507,9806
12606,test,9183,9815
12607,test,9183,9816
12627,test,94,9830
12628,test,94,9831
12630,test,248,9833
12631,test,94,9834
12632,test,94,9835
12639,test,94,9842
12644,test,12644,9846
12648,test,12648,9849
12656,test,94,9854
12657,test,94,9855
12660,test,94,9858
12669,test,12669,9863
12675,test,12675,9868
12679,test,12679,9872
12680,test,12680,9873
12681,test,12681,9874
12696,test,12696,9888
12700,test,7517,9892
12705,test,7508,9893
12714,test,12714,9898
12726,test,12726,9904
12731,test,2089,9909
12732,test,2089,9910
12733,test,2089,9911
12735,test,2089,9912
12747,test,11734,9923
12752,test,94,9928
12753,test,12753,9929
12754,test,94,9930
12755,test,94,9931
12757,test,94,9933
12759,test,94,9935
12761,test,94,9937
12764,test,248,9940
12768,test,12768,9942
12772,test,10691,9946
12773,test,10691,9947
12780,test,12780,9953
12790,test,7433,9959
12792,test,8898,9961
12794,test,16,9962
12798,test,12798,9966
12814,test,12814,9979
12833,test,12833,9994
12843,test,12843,10001
12845,test,12845,10003
12863,test,113,10015
12864,test,113,10016
12871,test,4619,10023
12885,test,12885,10032
12897,test,12897,10044
12914,test,12914,10061
12916,test,12916,10063
12920,test,12920,10067
12922,test,12922,10069
12929,test,12929,10076
12941,test,4035,10088
12944,test,12944,10090
12948,test,12948,10091
12953,test,3027,10096
12957,test,3027,10100
12966,test,3027,10108
12967,test,3027,10109
12968,test,3027,10110
12969,test,12969,10111
12976,test,12976,10116
12982,test,12982,10122
12983,test,16,10123
12995,test,12995,10130
13026,test,13026,10144
13036,test,13036,10153
13046,test,13046,10162
13047,test,13046,10163
13048,test,2687,10164
13056,test,13056,10170
13057,test,12507,10171
13058,test,13058,10172
13060,test,7216,10174
13072,test,2089,10183
13073,test,2089,10184
13074,test,2089,10185
13075,test,2089,10186
13099,test,13099,10205
13101,test,13101,10207
13102,test,13102,10208
13108,test,13108,10213
13114,test,13114,10216
13149,test,2990,10237
13165,test,10551,10253
13169,test,13169,10257
13170,test,13170,10258
13173,test,13173,10261
13174,test,13174,10262
13175,test,13175,10263
13192,test,13099,10269
13194,test,13099,10271
13197,test,3456,10273
13206,test,13206,10279
13209,test,16,10281
13210,test,6623,10282
13213,test,6623,10285
13214,test,2919,10286
13215,test,2919,10287
13216,test,6623,10288
13217,test,2920,10289
13218,test,2919,10290
13219,test,6623,10291
13229,test,2919,10300
13230,test,2919,10301
13231,test,2919,10302
13232,test,2919,10303
13233,test,2920,10304
13239,test,3577,10309
13241,test,2920,10311
13242,test,2920,10312
13244,test,13244,10314
13247,test,13247,10317
13287,test,5277,10331
13288,test,13288,10332
13289,test,5277,10333
13296,test,2920,10338
13303,test,13303,10343
13304,test,12916,10344
13308,test,13308,10348
13332,test,7412,10364
13338,test,12982,10370
13349,test,13349,10381
13364,test,13364,10393
13365,test,13365,10394
13367,test,13365,10396
13370,test,13365,10399
13371,test,13371,10400
13387,test,13387,10411
13396,test,13396,10416
13403,test,13403,10419
13447,test,13244,10434
13453,test,13206,10438
13482,test,13482,10464
13493,test,4694,10471
13496,test,3041,10472
13497,test,3041,10473
13505,test,3041,10478
13507,test,3041,10479
13512,test,13206,10481
13513,test,13206,10482
13530,test,13530,10488
13535,test,2920,10490
13549,test,5624,10495
13555,test,5624,10498
13564,test,13564,10507
13600,test,3647,10530
13603,test,3647,10532
13604,test,3647,10533
13611,test,13611,10537
13613,test,13613,10539
13620,test,13620,10544
13621,test,13620,10545
13622,test,13622,10546
13623,test,13622,10547
13624,test,13622,10548
13625,test,13622,10549
13626,test,13622,10550
13627,test,13622,10551
13628,test,13622,10552
13629,test,13622,10553
13631,test,13622,10555
13632,test,13622,10556
13635,test,13622,10559
13636,test,13622,10560
13637,test,13622,10561
13638,test,13622,10562
13639,test,13622,10563
13640,test,13622,10564
13641,test,13622,10565
13642,test,13622,10566
13643,test,13622,10567
13669,test,2276,10576
13670,test,10181,10577
13673,test,5624,10580
13677,test,13677,10584
13679,test,13679,10586
13682,test,13682,10589
13684,test,13684,10590
13686,test,10373,10592
13687,test,13687,10593
13690,test,10373,10596
13691,test,13687,10597
13693,test,10373,10599
13699,test,10373,10603
13700,test,10373,10604
13707,test,13707,10610
13708,test,13708,10611
13709,test,13684,10612
13732,test,10373,10624
13733,test,10373,10625
13742,test,13742,10630
13747,test,4694,10634
13754,test,5624,10639
13755,test,1531,10640
13756,test,113,10641
13757,test,113,10642
13759,test,13759,10644
13760,test,13760,10645
13765,test,13036,10648
13766,test,13036,10649
13767,test,13767,10650
13768,test,13036,10651
13787,test,13787,10668
13817,test,94,10686
13825,test,13825,10694
13826,test,13826,10695
13836,test,13836,10703
13838,test,13838,10705
13855,test,13855,10710
13859,test,13859,10713
13889,test,2989,10734
13890,test,13890,10735
13901,test,608,10744
13919,test,13919,10762
13928,test,4619,10769
13936,test,13936,10775
13952,test,3097,10791
13968,test,13968,10803
13986,test,13986,10820
13993,test,13993,10827
14000,test,14000,10834
14001,test,14001,10835
14010,test,14010,10843
14012,test,5624,10844
14049,test,2989,10859
14050,test,2989,10860
14057,test,14057,10866
14065,test,14057,10873
14067,test,14067,10874
14079,test,12995,10884
14087,test,2600,10892
14088,test,14088,10893
14102,test,14102,10907
14120,test,14120,10923
14124,test,14124,10926
14131,test,2990,10930
14138,test,2435,10937
14140,test,9654,10939
14144,test,13206,10942
14146,test,14120,10944
14147,test,14147,10945
14165,test,4729,10963
14177,test,4296,10969
14178,test,4296,10970
14196,test,14196,10985
14197,test,14196,10986
14223,test,94,11003
14226,test,14226,11006
14235,test,14235,11013
14244,test,16,11019
14245,test,12982,11020
14247,test,14247,11022
14248,test,16,11023
14254,test,14254,11029
14255,test,14254,11030
14256,test,14254,11031
14265,test,14265,11039
14280,test,2276,11050
14281,test,9905,11051
14294,test,14294,11063
14300,test,1531,11069
14312,test,11175,11073
14318,test,230,11079
14321,test,14321,11081
14323,test,14323,11083
14324,test,14323,11084
14332,test,608,11089
14333,test,1721,11090
14383,test,14383,11131
14384,test,113,11132
14406,test,14406,11146
14407,test,14407,11147
14414,test,3113,11153
14415,test,12503,11154
14417,test,113,11156
14424,test,14424,11160
14433,test,3456,11169
14453,test,9644,11182
14455,test,9644,11183
14456,test,14456,11184
14461,test,14461,11188
14463,test,14463,11190
14471,test,1517,11198
14481,test,1531,11203
14490,test,230,11206
14504,test,12298,11216
14525,test,1517,11223
14541,test,14541,11235
14550,test,14424,11242
14551,test,14424,11243
14557,test,14557,11247
14558,test,14557,11248
14559,test,14557,11249
14560,test,14557,11250
14562,test,14557,11252
14563,test,14557,11253
14564,test,14564,11254
14589,test,14589,11274
14598,test,113,11281
14599,test,113,11282
14600,test,14600,11283
14608,test,14608,11288
14612,test,9276,11292
14613,test,9276,11293
14625,test,6498,11296
14626,test,778,11297
14630,test,14630,11299
14631,test,14631,11300
14632,test,14608,11301
14635,test,14635,11303
14663,test,14663,11326
14684,test,14684,11339
14685,test,14684,11340
14693,test,14693,11344
14700,test,786,11349
14721,test,9276,11367
14725,test,14725,11371
14731,test,14731,11376
14744,test,14744,11378
14745,test,14745,11379
14775,test,14775,11397
14793,test,14608,11409
14794,test,14794,11410
14811,test,9183,11415
14812,test,14812,11416
14822,test,14822,11421
14828,test,14608,11425
14838,test,786,11432
14841,test,14841,11433
14843,test,14608,11435
14869,test,14608,11438
14870,test,11938,11439
14877,test,14877,11445
14880,test,113,11448
14904,test,14904,11469
14906,test,14904,11470
14907,test,14904,11471
14908,test,14904,11472
14928,test,14928,11488
14929,test,14928,11489
14930,test,14928,11490
14931,test,14928,11491
14932,test,14928,11492
14933,test,14928,11493
14934,test,14928,11494
14935,test,14928,11495
14936,test,14928,11496
14937,test,14928,11497
14938,test,14928,11498
14939,test,14928,11499
14940,test,14928,11500
14941,test,14928,11501
14943,test,14928,11503
14944,test,14928,11504
14945,test,14928,11505
14946,test,14928,11506
14949,test,14928,11509
14950,test,14928,11510
14951,test,14928,11511
14952,test,14928,11512
14953,test,14928,11513
14955,test,14928,11514
14956,test,14928,11515
14957,test,14928,11516
14958,test,14928,11517
14960,test,14928,11519
14963,test,14928,11522
14977,test,14977,11534
14995,test,340,11539
15004,test,14977,11544
15006,test,15006,11546
15007,test,340,11547
15012,test,11175,11552
15013,test,11175,11553
15014,test,11175,11554
15020,test,15020,11560
15027,test,15027,11567
15033,test,15033,11573
15040,test,15040,11580
15042,test,1132,11582
15044,test,15044,11584
15046,test,5600,11586
15055,test,5600,11591
15059,test,15059,11594
15065,test,5600,11598
15070,test,15070,11602
15073,test,15073,11605
15074,test,15074,11606
15082,test,924,11613
15087,test,5600,11618
15093,test,763,11624
15094,test,789,11625
15095,test,763,11626
15097,test,230,11628
15102,test,15102,11630
15111,test,448,11633
15116,test,15116,11636
15120,test,2990,11637
15133,test,10677,11645
15134,test,15134,11646
15137,test,15137,11649
15139,test,15139,11651
15143,test,1730,11655
15155,test,15155,11665
15156,test,8977,11666
15161,test,15161,11670
15166,test,15166,11674
15169,test,15169,11677
15186,test,248,11690
15187,test,15187,11691
15188,test,15188,11692
15196,test,3032,11698
15204,test,15204,11706
15214,test,15214,11715
15221,test,15221,11719
15231,test,15231,11726
15239,test,15239,11733
15243,test,854,11737
15252,test,94,11745
15253,test,15253,11746
15255,test,4974,11748
15256,test,2266,11749
15257,test,2266,11750
15261,test,3909,11752
15266,test,15266,11754
15283,test,15221,11769
15287,test,15287,11771
15297,test,15297,11779
15301,test,7968,11783
15304,test,15304,11786
15313,test,3649,11794
15330,test,94,11808
15331,test,15331,11809
15335,test,2265,11813
15343,test,15343,11818
15344,test,15344,11819
15348,test,3027,11823
15370,test,15370,11841
15371,test,13036,11842
15381,test,608,11851
15382,test,608,11852
15392,test,2335,11861
15403,test,15403,11870
15404,test,15403,11871
15405,test,15403,11872
15406,test,15403,11873
15407,test,6887,11874
15408,test,6887,11875
15409,test,15409,11876
15410,test,2757,11877
15416,test,1903,11882
15420,test,15137,11885
15421,test,15403,11886
15422,test,4744,11887
15438,test,738,11902
15443,test,15443,11907
15453,test,6970,11916
15461,test,15461,11924
15462,test,482,11925
15466,test,15466,11929
15469,test,15469,11931
15488,test,15488,11942
15499,test,15499,11953
15501,test,6817,11955
15502,test,15502,11956
15504,test,789,11957
15505,test,15505,11958
15508,test,3559,11961
15538,test,15538,11988
15546,test,15546,11993
15547,test,15547,11994
15556,test,15556,12003
15564,test,15556,12011
15567,test,3953,12014
15587,test,5110,12034
15589,test,5110,12036
15590,test,5110,12037
15591,test,5110,12038
15592,test,5110,12039
15594,test,5110,12041
15595,test,5110,12042
15596,test,5110,12043
15597,test,5110,12044
15598,test,5110,12045
15599,test,5110,12046
15600,test,5110,12047
15601,test,5110,12048
15602,test,5110,12049
15603,test,5110,12050
15604,test,5110,12051
15605,test,5110,12052
15611,test,15611,12058
15614,test,15614,12061
15615,test,15615,12062
15629,test,15629,12074
15647,test,15647,12086
15648,test,15648,12087
15654,test,15654,12092
15656,test,8272,12094
15661,test,15661,12096
15667,test,5285,12098
15668,test,5285,12099
15674,test,725,12101
15675,test,3649,12102
15686,test,15686,12107
15687,test,15686,12108
15691,test,3097,12110
15692,test,2067,12111
15700,test,8413,12119
15701,test,15701,12120
15711,test,10280,12130
15712,test,15712,12131
15713,test,15712,12132
15718,test,15718,12137
15722,test,8143,12141
15728,test,14196,12145
15736,test,279,12147
15741,test,15741,12149
15748,test,15748,12153
15750,test,15750,12155
15768,test,15768,12164
15769,test,15769,12165
15770,test,15769,12166
15771,test,15769,12167
15830,test,15830,12196
15847,test,15546,12210
15848,test,15546,12211
15852,test,15852,12215
15858,test,215,12220
15860,test,15860,12222
15864,test,15864,12225
15867,test,3241,12227
15870,test,4334,12230
15896,test,15896,12248
15900,test,15900,12252
15901,test,9654,12253
15903,test,15903,12255
15904,test,15903,12256
15908,test,15908,12260
15915,test,15903,12266
15921,test,15921,12271
15940,test,15940,12289
15941,test,15940,12290
15942,test,15942,12291
15961,test,15961,12299
15970,test,11563,12303
15980,test,15980,12311
15988,test,7940,12314
16003,test,12507,12315
16026,test,11818,12323
16031,test,11818,12327
16033,test,14635,12328
16034,test,16034,12329
16035,test,16034,12330
16036,test,16034,12331
16037,test,16034,12332
16039,test,16034,12334
16040,test,16034,12335
16041,test,16034,12336
16042,test,16034,12337
16059,test,16059,12344
16075,test,16075,12348
16076,test,16076,12349
16082,test,16082,12353
16083,test,16083,12354
16121,test,16121,12377
16135,test,16121,12389
16144,test,16144,12396
16157,test,16157,12408
16160,test,1797,12411
16176,test,1797,12424
16177,test,1797,12425
16178,test,16178,12426
16187,test,2600,12433
16215,test,16215,12449
16216,test,16215,12450
16219,test,16219,12453
16227,test,12369,12459
16228,test,1797,12460
16238,test,16238,12468
16244,test,843,12470
16247,test,4231,12473
16252,test,13620,12478
16265,test,4231,12486
16280,test,13403,12498
16287,test,4231,12503
16298,test,664,12509
16301,test,16301,12511
16310,test,16310,12518
16321,test,562,12526
16323,test,10181,12527
16324,test,10181,12528
16328,test,16328,12531
16329,test,16329,12532
16332,test,2018,12533
16334,test,16334,12535
16338,test,16338,12537
16386,test,3097,12559
16393,test,16393,12562
16403,test,16403,12568
16424,test,16424,12589
16430,test,125,12593
16431,test,16431,12594
16432,test,3870,12595
16448,test,16448,12609
16455,test,13206,12615
16460,test,7453,12619
16461,test,16461,12620
16468,test,16468,12626
16471,test,13206,12629
16474,test,16474,12631
16486,test,14928,12640
16490,test,16490,12643
