ligand_id,y,prediction,abs_residual
4,3.273640662,3.2902819624315036,0.01664130043150358
11,2.647766232,3.231325822127648,0.5835595901276482
14,3.513972817,3.6236576580570574,0.10968484105705745
16,5.882834638,4.172394354287413,1.710440283712587
19,3.019697031,2.697806286712206,0.3218907442877943
25,3.684945637,3.778818139656548,0.09387250265654767
27,3.42449855,3.4343824221884836,0.009883872188483522
30,3.522112471,3.4026833360372217,0.11942913496277807
31,4.274878993,4.386776104615539,0.11189711161553895
39,3.095724987,3.559082026245147,0.46335703924514693
41,4.798201513,3.344675767027046,1.4535257459729545
46,3.719836565,3.746556043850716,0.026719478850715905
49,3.136202486,3.8134486752743832,0.6772461892743831
56,3.223931367,3.451644202405559,0.22771283540555887
64,2.556688369,2.9699003901745904,0.4132120211745902
71,1.363766214,2.3678423602910703,1.0040761462910703
82,4.204709335,4.000158864117479,0.20455047088252165
86,4.275528222,4.291548892284134,0.01602067028413412
103,3.355582864,3.859988122992462,0.5044052589924619
104,3.087852375,3.461668429057645,0.37381605405764473
105,2.372451701,2.9685233641520012,0.5960716631520011
108,4.254464761,3.908441303440026,0.34602345755997455
114,2.33209914,2.37488716575631,0.042788025756310244
123,3.416795948,3.4028606541945607,0.01393529380543912
127,4.287178378,3.790118418183371,0.497059959816629
140,2.802112091,3.080149685877422,0.27803759487742186
152,4.160497043,3.9368676317910194,0.22362941120898094
158,5.064559967,3.9153694572873707,1.1491905097126294
166,3.938579984,3.6598601528062398,0.2787198311937602
171,1.360457754,1.9947893386480808,0.6343315846480808
178,1.391326855,2.3253144666342744,0.9339876116342745
206,3.999037282,3.8589989481422653,0.1400383338577349
215,4.892250475,3.315671489826639,1.5765789851733611
222,4.232044192,4.115720941303775,0.11632325069622507
227,3.170734878,3.3093942788266193,0.1386594008266191
229,4.158835949,3.887739751464598,0.27109619753540226
241,4.502626274,4.5356174923487425,0.032991218348742635
257,3.623053652,3.7848073318522424,0.16175367985224254
265,3.879416447,3.86073377614036,0.018682670859639927
266,3.325555342,3.8776741005012942,0.5521187585012943
274,3.502990947,3.6970387768560635,0.19404782985606372
275,4.122448376,3.792389759483725,0.33005861651627555
289,4.021729615,4.177437060413828,0.15570744541382808
292,4.111224269,3.906592300872805,0.20463196812719486
293,3.635834592,3.8337876290731865,0.19795303707318634
312,3.846791041,3.9486140062206188,0.10182296522061884
320,3.317948057,3.365898302093412,0.04795024509341195
343,2.346199745,2.771657074824062,0.42545732982406204
345,3.066295669,3.6220943919978175,0.5557987229978174
358,2.384287688,2.606847703346788,0.22256001534678793
364,1.722826845,3.433539684029688,1.7107128390296882
379,3.99234168,4.2388621745406745,0.24652049454067448
381,3.871304573,3.7779855833889484,0.09331898961105178
386,2.991041726,3.0544706147757887,0.06342888877578856
388,3.236132011,3.418713110520033,0.18258109952003299
391,3.006397577,3.065320196217926,0.058922619217926187
397,3.030947823,3.2455957426759907,0.21464791967599073
399,3.039942171,3.2899274928538467,0.2499853218538468
400,3.245218926,4.027541892314307,0.782322966314307
406,4.461095467,4.078134871484605,0.38296059551539496
407,3.143184874,3.5628172106907674,0.41963233669076727
428,1.867622814,3.2959717640810364,1.4283489500810365
437,4.055811039,3.746620287061366,0.3091907519386341
440,3.844569884,2.5989762756376567,1.2455936083623436
478,2.073815094,2.0458252311830405,0.027989862816959477
490,1.672535493,2.0498726234321167,0.3773371304321167
491,4.459327324,2.5110457916982867,1.9482815323017135
492,2.936257627,2.738501944768822,0.19775568223117768
497,2.486533903,3.011818797612775,0.5252848946127746
498,2.496785583,2.9736342343796554,0.4768486513796555
509,2.985879015,2.813310947055588,0.17256806794441193
515,3.809462188,3.255477319290714,0.5539848687092861
528,1.572695179,2.559574887905057,0.9868797089050569
544,3.578840586,3.929399515712645,0.350558929712645
554,2.723734902,3.278339178583895,0.5546042765838952
600,3.415188698,3.410632269371912,0.004556428628088138
604,3.354071072,3.437303026131801,0.08323195413180118
612,3.690395292,3.698600442850731,0.008205150850731258
619,3.462803649,3.421822911807923,0.040980737192076955
620,4.225076562,3.5206939171510463,0.7043826448489536
626,1.874298552,3.152953342098947,1.2786547900989471
633,1.959592256,2.2287072787932045,0.26911502279320443
637,3.376095914,3.8082734546080066,0.4321775406080066
650,1.371956263,2.095388279755259,0.7234320167552593
689,1.610732826,2.1000086207979347,0.4892757947979347
699,3.993166311,3.492003411771799,0.5011628992282011
703,1.917374204,2.173616111828175,0.25624190782817524
708,2.656844704,3.2304401732774544,0.5735954692774543
714,2.245104181,2.2689314555839184,0.023827274583918534
734,2.02926158,2.766144824158203,0.7368832441582032
769,3.706981995,4.297026589041239,0.5900445940412387
780,3.988038868,3.8478113350932985,0.1402275329067013
787,4.350344948,4.3006658776214675,0.049679070378532586
799,3.059501783,3.2003563859429627,0.1408546029429627
804,2.608593588,2.397360082813287,0.21123350518671336
829,5.844797254,3.9461866180025202,1.8986106359974801
830,3.5652915,3.4376289862997034,0.12766251370029646
831,4.000506382,3.370025476203986,0.6304809057960141
837,1.465947662,2.602441908279459,1.136494246279459
841,4.106894798,4.383770599236747,0.2768758012367467
856,3.249465577,3.9115672076976984,0.6621016306976983
859,2.181577491,2.3618430713744782,0.18026558037447815
867,3.622729592,4.033683651171013,0.4109540591710128
874,3.647706525,3.6071520899411462,0.04055443505885359
884,2.249816933,2.0893147110638903,0.16050222193610963
886,2.456311797,2.024199257605476,0.4321125393945242
887,3.547709341,3.0426451515164015,0.5050641894835985
888,2.715599485,2.7634595169979432,0.04786003199794342
898,4.505851069,4.09336583864353,0.4124852303564701
902,3.263515086,3.581247428953627,0.3177323429536272
907,3.636425205,3.5224456000439686,0.11397960495603154
908,2.563867744,2.43050345480515,0.1333642891948501
926,3.286117255,3.546729374131734,0.2606121191317339
936,2.85704023,3.0996823961624234,0.2426421661624234
945,2.710233754,3.164671178322816,0.454437424322816
947,4.705030696,4.056005365532914,0.6490253304670857
950,3.022647611,3.733428191440702,0.7107805804407019
975,3.017548063,3.0520418684450212,0.03449380544502123
982,3.600318091,4.064732418182156,0.4644143271821557
990,6.716420734,3.4134343338106667,3.302986400189333
993,3.153565899,3.6196833216651676,0.4661174226651674
1007,1.886831823,2.505068978758101,0.6182371557581008
1008,2.59306679,3.0185856943489613,0.42551890434896134
1012,2.924052314,3.2099429314367183,0.2858906174367184
1014,4.188683236,3.705445679056611,0.4832375569433891
1015,2.951820181,2.9954463710092427,0.04362619000924273
1017,2.061081612,2.5115797097713495,0.4504980977713493
1036,3.576040731,3.249961478946222,0.32607925205377786
1051,3.086953909,3.159370426101807,0.07241651710180719
1090,1.363681392,2.6724942178226714,1.3088128258226714
1106,3.196888214,2.700478168821191,0.4964100451788087
1120,3.258086794,2.8259905817253443,0.43209621227465567
1122,3.216264894,3.290466634452629,0.07420174045262895
1128,3.304621916,3.2373148713068773,0.06730704469312254
1137,3.10382204,2.6199562265657574,0.4838658134342424
1150,1.755294236,2.894031739334259,1.1387375033342593
1160,3.235379027,3.5101691508536903,0.2747901238536903
1167,3.255265728,3.3938533170986878,0.13858758909868785
1168,3.660429068,2.9785443877424305,0.6818846802575695
1175,3.744148977,3.7394425404073393,0.00470643659266079
1177,2.009722685,2.68412491731901,0.67440223231901
1181,3.78018172,3.4620211574770714,0.31816056252292846
1189,4.075032549,3.8207355289903817,0.2542970200096186
1193,3.476287318,3.6229686927955034,0.14668137479550358
1203,3.432499715,3.4776505099816393,0.04515079498163921
1204,3.612142155,3.079353248421166,0.5327889065788338
1208,2.298970397,2.5271833020150294,0.22821290501502922
1244,4.179169844,4.653606326766429,0.47443648276642936
1245,3.637432544,3.3307086647539235,0.3067238792460767
1248,3.352578536,2.9423500917063987,0.4102284442936015
1255,3.225823409,3.3648333380556372,0.13900992905563703
1259,2.827798098,3.1071265534793824,0.27932845547938223
1266,2.260141566,2.488956508019196,0.22881494201919583
1280,4.009500714,3.9048803750011407,0.10462033899885892
1283,4.203224836,3.84203297561465,0.36119186038535034
1289,3.811469934,3.7820975969167403,0.02937233708325948
1292,2.867318039,3.2483371068960443,0.3810190678960441
1300,5.723640352,4.660835159103952,1.0628051928960485
1301,1.747596286,3.502914298231322,1.755318012231322
1303,3.52164235,3.4998229070527986,0.021819442947201395
1309,4.369364351,3.6447002773453185,0.7246640736546812
1322,3.125614901,3.032475482422249,0.09313941857775099
1324,2.221909547,3.819572433803445,1.597662886803445
1338,3.759319955,3.5868684192904117,0.17245153570958838
1344,2.852069768,2.9047233502103245,0.05265358221032468
1348,3.506729176,3.735981030956223,0.22925185495622324
1353,2.411280151,3.0382015097985384,0.6269213587985383
1363,3.017962644,3.306019514206192,0.2880568702061921
1369,2.173423929,2.9082628283728633,0.7348388993728632
1373,4.500270103,4.8801112147379175,0.37984111173791746
1375,3.646420532,2.927359056175011,0.7190614758249891
1380,2.845561867,3.2319068477032937,0.3863449807032939
1388,3.935420233,3.6407207462308735,0.2946994867691264
1392,2.732194911,2.7896004383903397,0.05740552739033955
1404,3.060637413,3.156894744986945,0.09625733198694508
1413,2.831114708,3.623549633300243,0.7924349253002432
1417,4.411733638,3.9019142971343515,0.5098193408656488
1419,5.563178937,4.747826125078067,0.8153528119219331
1423,3.582242955,3.44180541011441,0.1404375448855899
1431,3.688949051,3.8607611542237183,0.17181210322371854
1434,3.821692459,3.923922970342839,0.10223051134283923
1437,3.738879546,4.084545857486049,0.34566631148604854
1443,2.982984418,3.0368303810338437,0.0538459630338437
1469,2.785474427,3.6149727555843962,0.8294983285843962
1488,2.631510245,2.973173459307299,0.34166321430729907
1494,3.465271707,3.6378160746748787,0.1725443676748788
1519,3.654021221,3.6021977379129786,0.05182348308702123
1520,4.101452722,3.637638381576979,0.4638143404230215
1536,4.431876718,3.2612878755134225,1.1705888424865774
1543,2.254552911,2.2983517789192396,0.04379886791923937
1552,2.709755698,2.688973710441628,0.020781987558371906
1553,4.285025366,3.8352334836510837,0.4497918823489164
1555,2.695788026,2.602366863854386,0.09342116214561358
1578,2.10453417,3.692771101874771,1.5882369318747709
1590,3.525005443,4.05964420310079,0.53463876010079
1594,3.203756303,3.2914464261272633,0.08769012312726332
1618,2.881897974,2.543157109303275,0.33874086469672493
1627,3.704761618,3.493308032233788,0.2114535857662121
1629,3.734782545,3.8557951509551316,0.12101260595513175
1634,4.991660153,2.6513949520425584,2.3402652009574414
1639,3.860237213,3.959712464067205,0.09947525106720478
1644,4.524635528,3.893778580411441,0.6308569475885593
1648,2.225918934,3.481124030468189,1.2552050964681891
1651,3.183863922,3.206712036018164,0.022848114018164
1654,3.628830299,3.401738878707028,0.22709142029297213
1660,2.903623479,3.171368810011325,0.2677453310113247
1662,4.451868605,3.631594291360642,0.8202743136393575
1664,3.81970841,3.6058135823959776,0.21389482760402245
1681,2.955321542,3.0881761275659514,0.1328545855659513
1687,5.138583714,4.32311041334703,0.81547330065297
1689,2.688319691,3.009889364196016,0.32156967319601604
1694,3.436434769,3.2105782858691336,0.22585648313086626
1698,3.1109767,2.6752337055628237,0.43574299443717646
1702,2.669425109,2.6995124719707224,0.030087362970722342
1704,4.107079888,3.8459271767132504,0.26115271128675
1714,3.784329094,3.2944352026031622,0.4898938913968376
1720,2.959994838,3.0531893124801686,0.09319447448016849
1726,3.409693332,3.5473131924115813,0.13761986041158147
1727,2.984491675,3.4339880068761754,0.4494963318761753
1729,3.544515403,3.174721022708692,0.36979438029130796
1738,1.744177939,3.932039877518596,2.187861938518596
1747,5.661462459,4.569432121927314,1.0920303370726856
1771,3.509852709,2.9076151406620157,0.6022375683379844
1787,3.301554451,3.6449299270382403,0.34337547603824037
1797,3.53848576,3.7074591394706737,0.1689733794706738
1800,2.748234071,3.289525933119703,0.5412918621197029
1825,2.710360688,3.308700868293475,0.5983401802934747
1832,3.432578632,3.5908547510603843,0.15827611906038452
1842,3.168670957,3.556241599323349,0.38757064232334937
1845,3.74878787,3.703922699786416,0.04486517021358427
1850,3.492515942,3.5346810466375866,0.042165104637586825
1854,4.236707968,3.428090529117797,0.8086174388822029
1855,4.227381018,3.8429476467585513,0.3844333712414487
1857,3.968628714,4.143844648131671,0.1752159341316708
1865,2.763877031,3.5050676552528954,0.7411906242528956
1869,3.166398394,2.7422234150101548,0.424174978989845
1870,3.348715037,3.2274593292286005,0.12125570777139938
1873,3.305673746,3.172048296250428,0.13362544974957213
1884,3.258076696,3.345632702119168,0.08755600611916803
1886,2.853380662,3.434786214682933,0.5814055526829329
1891,3.498884064,3.5159697033555526,0.01708563935555274
1894,3.677248368,3.668270533806655,0.008977834193344858
1896,3.349063728,3.527972040857268,0.17890831285726794
1899,4.017180175,3.6551020519612516,0.3620781230387484
1906,2.911627364,3.20755399735163,0.29592663335162994
1914,3.041598816,3.4043884208658133,0.36278960486581324
1915,3.002758641,3.247151447409389,0.24439280640938943
1918,3.377569668,3.6436607300661157,0.26609106206611566
1919,3.347757268,3.5412166409000414,0.19345937290004134
1921,3.446010289,3.4951358222038293,0.049125533203829175
1925,3.621790578,3.8018360690258053,0.18004549102580514
1937,3.278694851,3.2114979211199257,0.06719692988007431
1943,2.745786966,3.212167298746429,0.4663803327464291
1966,4.559571503,4.165784651491516,0.3937868515084837
2001,3.349070707,3.3911629673608887,0.042092260360888645
2015,4.330935784,3.6823399247424904,0.6485958592575098
2034,3.899710504,3.7776195255731886,0.1220909784268116
2036,3.817262214,3.611999687205569,0.20526252679443102
2049,3.800413743,3.935537846666284,0.1351241036662838
2061,4.326633784,3.268915948976806,1.0577178350231944
2065,1.996544943,2.8341504397292088,0.8376054967292088
2068,3.531289556,3.2855976255200203,0.24569193047997961
2082,3.097434324,3.363602896028705,0.26616857202870525
2102,4.111420471,4.223314461235577,0.11189399023557733
2108,2.343912258,2.3506099904288735,0.006697732428873504
2111,3.88822319,2.9080212556440914,0.9802019343559087
2129,5.051651674,4.09148288241754,0.9601687915824604
2146,2.576115979,3.063540204337368,0.4874242253373682
2148,2.228614202,3.244244493840661,1.0156302918406608
2158,2.830796037,3.0055623202636026,0.17476628326360277
2163,3.756345927,3.7104329318149336,0.04591299518506631
2165,3.353403259,3.2817908387074843,0.07161242029251547
2166,3.945010414,3.49777397437456,0.4472364396254398
2172,3.812799014,3.7700898347210305,0.042709179278969334
2196,3.596517926,3.144101602365894,0.4524163236341061
2199,5.675741691,4.135231900943916,1.5405097900560838
2205,3.242208375,3.222304984823269,0.01990339017673115
2206,3.483066666,3.3123265345420827,0.17074013145791733
2212,2.809092344,3.831811109293475,1.0227187652934746
2237,3.532363794,3.3452515022351528,0.18711229176484734
2257,4.071250963,4.318377761407329,0.24712679840732932
2258,4.025637349,4.146389586093768,0.12075223709376814
2266,4.143489781,4.231024219665794,0.08753443866579325
2273,3.655499323,3.416126162801567,0.2393731601984328
2277,4.283816647,4.0776685011738145,0.20614814582618557
2283,3.423511604,4.017984040733203,0.5944724367332026
2287,3.745411838,3.941321789942819,0.19590995194281913
2293,3.416857363,3.48923707032257,0.07237970732257004
2296,3.637387863,3.4968221336723913,0.14056572932760858
2303,3.704173506,3.5507781370351568,0.1533953689648433
2304,2.612098803,3.0533932517844193,0.4412944487844195
2306,5.365712562,4.260136912595649,1.1055756494043507
2312,3.109703866,3.2234977196000485,0.11379385360004868
2320,4.564072975,3.9441687688422866,0.6199042061577136
2332,3.873515737,3.5843493036888128,0.2891664333111872
2336,3.297844372,3.6799242929647877,0.3820799209647876
2337,3.980781448,3.67581233979689,0.3049691082031103
2349,3.410695908,3.351345843358674,0.059350064641326306
2360,3.808590971,3.333782097411586,0.47480887358841395
2364,3.455300249,3.568938320883313,0.11363807188331299
2368,3.891328344,3.8520898076838166,0.03923853631618357
2381,3.938407412,4.137085226609199,0.19867781460919876
2388,3.450958053,3.577517023309647,0.12655897030964702
2392,3.726477493,3.930926493186763,0.20444900018676293
2394,3.12806497,3.2397637154309598,0.1116987454309597
2404,3.354546356,3.29917016723376,0.055376188766240286
2410,4.475346678,3.950788934634893,0.5245577433651074
2416,4.136674916,3.972121468810416,0.16455344718958376
2436,4.314040282,4.044552116553916,0.26948816544608345
2443,3.037437565,3.3675967805186278,0.3301592155186279
2446,3.421042483,3.4506125565421337,0.029570073542133812
2452,3.855476116,3.7524659731613066,0.10301014283869359
2465,3.002883291,3.100804947874841,0.09792165687484111
2466,3.861409797,3.6456984297987614,0.2157113672012385
2475,4.284410938,4.294462944651314,0.010052006651314116
2491,3.991878504,3.889241947469767,0.1026365565302334
2497,2.637723671,2.959590754125487,0.32186708312548706
2498,3.580342432,3.392599745042801,0.1877426869571992
2504,3.15523171,3.791593741567728,0.6363620315677281
2506,3.284977863,3.1256567356388976,0.15932112736110238
2519,3.535705429,3.932787760964076,0.39708233196407594
2521,3.579029912,3.764119791931623,0.18508987993162274
2522,4.076463354,3.5524317492306663,0.5240316047693341
2532,3.360446032,3.2992098842748425,0.06123614772515751
2544,3.114420814,2.742825586696795,0.3715952273032048
2552,3.329731355,3.4338643474528245,0.1041329924528247
2557,4.083354259,3.807118173588985,0.2762360854110151
2565,4.497033997,4.13209245940455,0.3649415375954499
2573,3.513744828,3.889338419396413,0.375593591396413
2586,3.456574778,3.867392344114637,0.41081756611463716
2593,3.233125444,3.6368849251738458,0.40375948117384564
2595,3.845463491,3.9299610221642856,0.08449753116428571
2604,3.051457628,3.7181084795501724,0.6666508515501723
2608,2.390163578,2.9111270178030755,0.5209634398030754
2617,3.49870157,3.685077907193838,0.18637633719383784
2621,3.6471506,3.418542227664063,0.22860837233593667
2622,3.551312734,3.7560636691473923,0.20475093514739218
2624,2.944126097,3.268705075985299,0.3245789789852993
2637,2.64804369,3.1597608847170644,0.5117171947170642
2642,3.425844101,3.5044964653248285,0.07865236432482847
2647,3.676763881,4.103179637850132,0.4264157568501319
2660,3.669170386,4.01711760275574,0.3479472167557405
2661,3.207433527,3.336760577906774,0.12932705090677388
2664,4.266590324,4.083576424896435,0.1830138991035648
2667,4.011220808,3.7855552591310517,0.2256655488689483
2671,4.05395327,3.772101092204557,0.281852177795443
2679,3.744200133,3.8275720449465394,0.08337191194653926
2689,3.868975948,3.1664646664672524,0.7025112815327477
2703,3.356654842,3.2456957529514443,0.11095908904855589
2725,3.640118258,3.7621899053092465,0.12207164730924625
2729,3.963184353,3.9611455742386186,0.0020387787613813657
2731,3.936285393,3.9502149188148494,0.01392952581484952
2732,3.168201109,3.668876987032297,0.5006758780322969
2743,4.205892483,4.077447929406663,0.1284445535933374
2752,3.997341598,4.0912241635934,0.09388256559339947
2754,1.977807408,2.700636729592195,0.7228293215921948
2758,3.330858889,3.253578286311078,0.0772806026889219
2759,2.615368951,3.1162072857679326,0.5008383347679324
2776,3.435062527,3.6523698373261726,0.21730731032617268
2778,4.388969784,2.943381428946812,1.4455883550531885
2782,3.977481901,4.0727335728548,0.09525167185480043
2789,3.481713918,3.6009184216432355,0.11920450364323543
2792,3.438430003,3.5170562706508703,0.07862626765087022
2804,3.565956303,3.866851015529935,0.30089471252993505
2834,3.689858657,3.2900086720006274,0.3998499849993724
2837,3.667456288,3.5178489937079154,0.14960729429208453
2840,3.921396015,3.73851454462101,0.18288147037899005
2851,3.893324344,3.957976489496211,0.06465214549621123
2854,3.209083953,3.2768100889984217,0.06772613599842181
2861,3.451686271,3.5206551572053364,0.06896888620533659
2863,3.971645387,3.69418143976552,0.2774639472344802
2864,2.358612427,2.6879990452020115,0.3293866182020113
2868,3.951351075,4.408701742996073,0.4573506679960735
2900,3.913510535,3.834940693798357,0.0785698412016429
2905,3.970778432,3.798240833426493,0.17253759857350692
2906,3.477574195,3.6297995415906836,0.15222534659068376
2912,5.530838588,4.75552622976577,0.7753123582342303
2919,5.163397588,4.377536629096736,0.7858609589032639
2921,3.690075778,3.9909161801979898,0.3008404021979896
2924,3.578093421,3.6023473857116595,0.024253964711659304
2932,3.290001203,3.4894288282211052,0.19942762522110513
2936,3.193647664,3.279951977603992,0.08630431360399182
2941,3.509843119,3.005728630214172,0.5041144887858282
2945,2.96530625,3.2630497195344557,0.29774346953445585
3007,3.681327715,3.7230852406089037,0.041757525608903556
3008,5.444908832,3.7047058747481323,1.740202957251868
3014,3.949626421,3.9742272376015793,0.0246008166015792
3019,2.5898858,3.0429987650271055,0.45311296502710574
3023,3.338962078,3.6818688785582747,0.3429068005582745
3025,3.609426314,3.878924613771191,0.269498299771191
3034,3.598739714,3.2290297538133976,0.3697099601866025
3035,3.705643823,4.1673173610190455,0.46167353801904554
3039,3.226810343,3.4123469481860855,0.1855366051860856
3041,3.67910069,3.876343398651756,0.19724270865175608
3046,3.512570053,3.2475884208813395,0.26498163211866066
3054,4.113702172,4.365175986570815,0.2514738145708151
3059,3.134005101,3.4017678194630063,0.26776271846300626
3073,3.850689277,3.8632248520134356,0.012535575013435718
3077,4.369849171,3.7666817169224496,0.6031674540775507
3080,4.894149847,3.8528645986829115,1.041285248317089
3094,4.360450486,4.275464232389694,0.08498625361030676
3103,3.869655084,3.3280101848432926,0.5416448991567075
3104,3.882702296,3.697097417360409,0.18560487863959096
3118,4.126938827,3.7987315344227377,0.32820729257726233
3120,3.968576335,3.7886537435077274,0.1799225914922724
3122,4.202659541,3.795309879529318,0.4073496614706822
3142,4.458790254,3.8908226756218722,0.567967578378128
3164,3.133782607,3.3348528187940207,0.20107021179402063
3174,3.156962856,3.4361598323760023,0.2791969763760025
3176,4.928070062,3.1402300312224187,1.787840030777581
3181,3.297337822,3.436127224921232,0.13878940292123199
3189,3.637786258,3.48355957560591,0.1542266823940901
3204,3.113733978,3.354796718320556,0.24106274032055586
3207,4.072617477,3.6813569143832723,0.39126056261672737
3212,6.242527876,5.761167354471226,0.4813605215287735
3231,3.526491586,3.254061015263079,0.27243057073692123
3232,3.732303272,3.9071804517479403,0.17487717974794048
3246,2.16388091,2.423650618291904,0.25976970829190416
3247,4.096995126,4.049773364310285,0.04722176168971526
3249,4.073431933,3.68910915518859,0.38432277781141
3251,2.69369569,3.3076918954570784,0.6139962054570782
3258,2.973888069,3.3097263513076696,0.33583828230766954
3282,3.230894341,3.590351290143657,0.3594569491436572
3288,3.212839888,3.5403343864173302,0.32749449841733025
3305,3.450205471,3.8977979206571587,0.44759244965715883
3336,3.715369037,3.453157574239298,0.26221146276070195
3345,3.735214186,3.7793852772667256,0.04417109126672569
3351,3.043827765,3.7912973676872865,0.7474696026872865
3352,4.050723378,3.3140346249721198,0.7366887530278801
3353,4.166511518,3.689466133250242,0.4770453847497582
3361,3.595178749,3.0771336585360007,0.5180450904639993
3365,3.302220148,3.434809957496306,0.13258980949630583
3369,3.390230031,3.4826348519719748,0.09240482097197456
3388,3.497515758,3.8028398077181316,0.30532404971813154
3395,4.06153965,4.6475174696074415,0.5859778196074412
3401,3.637604078,3.6153664241231134,0.022237653876886476
3403,3.699667474,3.7306094520153943,0.030941978015394334
3411,3.384477071,3.80380642498756,0.41932935398756
3413,2.531404743,3.033385460898607,0.5019807178986069
3428,3.756436409,3.593003653919342,0.1634327550806578
3434,3.988687131,3.844256884813673,0.14443024618632672
3439,4.127419782,3.5258929028971395,0.6015268791028601
3453,4.01436014,3.7588678721026123,0.25549226789738766
3457,3.446137793,3.6720532367238228,0.22591544372382266
3470,3.057086827,3.261152183580567,0.2040653565805668
3477,3.594661703,3.517263100631395,0.07739860236860485
3482,3.337856434,3.7370036984148207,0.39914726441482085
3484,3.322698822,3.3929570329107896,0.07025821091078965
3485,3.685397813,3.520047238618209,0.16535057438179068
3499,3.348764232,3.1103442175158995,0.23842001448410066
3502,3.714759231,3.6762182082621857,0.038541022737814234
3503,4.140085345,3.960411328093548,0.17967401690645213
3511,3.737142927,3.5318568398905903,0.20528608710940954
3516,3.423419557,3.314104189839389,0.10931536716061085
3517,2.871797248,2.621470331926103,0.250326916073897
3519,3.663946467,3.4257510191539824,0.23819544784601776
3520,3.032963302,3.1559423085754226,0.12297900657542238
3522,3.528774421,3.25224225558624,0.27653216541376
3523,2.879860146,3.0488945027722987,0.16903435677229872
3534,2.824600347,3.820013318650805,0.9954129716508051
3536,4.037635995,3.7771417054181105,0.26049428958188914
3538,3.223555272,3.2552342763669895,0.03167900436698945
3540,4.036292624,3.849792431794621,0.18650019220537883
3556,2.006290314,2.7883583327749824,0.7820680187749822
3557,3.850594649,3.626946019981102,0.22364862901889815
3563,4.894542264,4.662951788697196,0.23159047530280397
3569,3.225151275,2.873032510444459,0.35211876455554103
3572,3.458364346,3.3046052914862947,0.15375905451370553
3575,3.792007509,3.331838569735225,0.46016893926477476
3577,3.467355857,3.562565947059612,0.09521009005961201
3580,3.903591531,3.849587235773683,0.05400429522631711
3581,3.740967046,3.859357073877557,0.11839002787755692
3584,3.481379743,3.9399259605086145,0.45854621750861435
3592,2.832184022,3.342175852753544,0.509991830753544
3594,4.057494177,4.016173004479679,0.04132117252032064
3604,3.891419747,3.340148444475749,0.5512713025242508
3607,2.826896741,3.1958201013884824,0.3689233603884823
3612,2.878617529,3.29491887976324,0.41630135076324004
3624,4.175242108,3.860778656664516,0.31446345133548403
3634,4.028720329,3.425911498329846,0.6028088306701544
3647,3.932579028,4.004626306088359,0.07204727808835898
3664,1.888702113,2.527346621847496,0.6386445088474959
3670,3.541791347,3.723724429846764,0.18193308284676402
3673,3.228574863,3.4889956747265196,0.26042081172651965
3677,3.106660371,3.2156131585329026,0.10895278753290283
3680,5.45412976,2.8333772719868415,2.6207524880131583
3684,3.531027052,3.284018543189794,0.24700850881020608
3690,2.795630123,3.430611778101814,0.6349816551018139
3693,2.893709261,3.428628412372409,0.5349191513724088
3694,2.847994411,3.046286404812162,0.19829199381216167
3709,3.260978062,2.9963141115637004,0.26466395043629953
3730,3.370453872,2.54458242722755,0.8258714447724502
3738,3.306254612,3.701102556866266,0.39484794486626607
3739,3.754892774,3.464099855896884,0.2907929181031159
3741,4.421997296,4.528636677759954,0.1066393817599538
3755,3.571354788,3.2676342534551104,0.30372053454488945
3761,2.935736724,3.3730979130881638,0.4373611890881639
3764,3.239403764,3.1610627700418616,0.07834099395813832
3771,2.981695311,3.3059164834639043,0.32422117246390414
3772,3.176695922,3.668119449958556,0.49142352795855615
3777,3.708216028,3.9379236410540606,0.22970761305406073
3785,3.487304122,3.4318273423688392,0.0554767796311606
3800,3.192592231,4.178976109280031,0.9863838782800309
3803,4.558298477,3.6621436575828095,0.8961548194171907
3811,3.617835008,3.4996543307251162,0.1181806772748839
3822,3.044534534,4.5932635325815925,1.5487289985815926
3828,2.852517268,2.9780487450529507,0.12553147705295054
3840,2.309566296,2.982241012670978,0.6726747166709783
3842,3.453877669,2.841581365085289,0.6122963039147113
3843,3.566522339,3.885359578229873,0.31883723922987306
3844,3.834555804,3.8239644044847108,0.01059139951528909
3848,3.504355307,3.498567356705429,0.005787950294570798
3850,3.261305172,3.7163228430386734,0.4550176710386733
3858,3.239271274,3.995227798612454,0.7559565246124538
3859,3.428542622,3.2917765643189747,0.13676605768102545
3865,3.343108675,3.7672628525816934,0.4241541775816935
3884,3.37105822,4.12749420859992,0.7564359885999199
3891,3.000581836,4.029507854411511,1.0289260184115112
3893,2.991835433,3.4381963837466794,0.4463609507466795
3894,4.025915323,4.141950036529726,0.11603471352972594
3897,3.251090445,3.4714981682270274,0.2204077232270274
3901,3.554290095,3.5872964344365528,0.033006339436552956
3908,3.442583347,2.843475900250291,0.5991074467497088
3909,3.928466266,3.9165059370624866,0.01196032893751342
3910,3.184918454,3.476032779231222,0.2911143252312218
3919,7.70957663,5.151561774491525,2.5580148555084747
3931,3.097405791,3.7171339804207766,0.6197281894207767
3934,3.564788766,3.808373079901203,0.24358431390120305
3939,3.584968216,4.587511273917908,1.002543057917908
3949,3.428635125,3.250030886305428,0.1786042386945721
3952,2.924866221,3.121626259400909,0.1967600384009094
3957,3.757768718,3.501558910463308,0.25620980753669187
3972,3.574586809,3.284336033932377,0.29025077506762287
4017,4.00223242,3.739431988330408,0.26280043166959244
4029,3.189506085,3.6743092832550692,0.4848031982550691
4035,2.815778995,3.7428585148554467,0.9270795198554467
4059,2.598971597,3.1166724755585546,0.5177008785585548
4065,1.101168678,4.490050249937921,3.388881571937921
4068,3.002964047,4.143141929924809,1.1401778829248093
4096,3.748838981,3.5940559000866394,0.15478308091336057
4102,3.664800812,3.690246542392893,0.025445730392892774
4108,3.355756013,3.2829682223557124,0.07278779064428775
4114,3.849955636,3.778904660951718,0.07105097504828173
4123,3.134063718,3.5209546820387803,0.3868909640387801
4124,3.044317591,3.404960040675817,0.36064244967581693
4142,2.680054922,3.2050386961063055,0.5249837741063055
4150,4.000369427,4.514756404154706,0.5143869771547065
4157,3.708254532,3.9556359868137254,0.2473814548137252
4159,4.197156874,4.542502794184466,0.3453459201844655
4163,1.019262554,4.021786469129529,3.0025239151295287
4168,3.602679969,3.4524594297603777,0.1502205392396223
4173,2.759679464,2.983233467833366,0.2235540038333661
4174,3.886140086,3.8728541550998377,0.013285930900162501
4178,5.358221301,5.304012383476361,0.05420891752363932
4193,3.791818423,3.9907131306746937,0.19889470767469364
4195,3.744453273,3.953319748099674,0.20886647509967382
4197,5.775600951,5.4548739590243995,0.32072699197560084
4203,3.837219773,3.9300590672894122,0.09283929428941207
4205,5.15463146,4.109275493654525,1.0453559663454755
4207,5.481517404,4.325393290718912,1.1561241132810878
4213,2.449486113,2.877678434826255,0.4281923218262551
4231,4.123835967,4.122608410216062,0.0012275567839381551
4235,4.202026259,4.090565007574696,0.11146125142530394
4237,3.804995684,3.927501423745512,0.12250573974551182
4238,3.564203038,3.6820803568731346,0.11787731887313457
4241,3.451251734,3.380770426561288,0.07048130743871184
4246,2.849409816,2.91026775216556,0.06085793616556012
4266,2.59140936,2.5156628096831812,0.07574655031681887
4267,2.141267451,2.350492304708193,0.20922485370819288
4268,1.817826989,2.3565210413950215,0.5386940523950214
4270,4.279361188,3.8286557838136335,0.45070540418636673
4286,4.347120318,4.018216021146895,0.3289042968531053
4292,3.676244934,3.47853413586768,0.19771079813232006
4297,3.618160781,3.9988061215470196,0.3806453405470198
4298,3.005445071,3.0525877220306965,0.04714265103069648
4317,3.774350098,3.919583049748002,0.14523295174800177
4335,4.637316738,3.5609467487140445,1.0763699892859555
4336,4.981639682,4.189035089157052,0.7926045928429479
4343,2.415391851,3.8686951129013063,1.4533032619013064
4348,3.96922671,3.9567181241766263,0.012508585823373775
4349,3.249330368,3.9247579537942343,0.6754275857942345
4356,2.87122443,4.576123479776951,1.7048990497769516
4358,2.887017763,3.4950948704567613,0.6080771074567615
4383,4.754935763,3.2878316467519246,1.4671041162480751
4399,3.318994161,3.4889201940012096,0.16992603300120956
4400,3.64921542,3.5278430040232345,0.12137241597676551
4410,5.309308449,4.308061511006147,1.0012469379938533
4413,3.89279142,4.554203955008714,0.6614125350087141
4424,2.782577929,2.3444307246394827,0.43814720436051724
4426,3.271569023,3.370242565633335,0.09867354263333494
4431,3.244766818,2.890260402464528,0.354506415535472
4432,3.254561887,3.014614240867502,0.23994764613249808
4434,2.931502366,2.8734168826880517,0.058085483311948405
4442,3.565775529,3.4388915972685394,0.12688393173146073
4445,3.057033935,2.987882556643453,0.06915137835654717
4450,3.747229972,3.6078332791894705,0.13939669281052947
4458,3.608038669,3.574309684750733,0.03372898424926696
4461,3.535705429,3.6227174758998077,0.08701204689980768
4465,3.288835244,3.5914728968734826,0.30263765287348265
4470,3.772065536,3.8968405853069106,0.12477504930691063
4471,3.92572255,3.8908249475791923,0.03489760242080786
4473,5.005648641,4.758482137253362,0.2471665037466373
4513,3.471476601,3.6758946409225195,0.2044180399225195
4532,3.717473595,3.999199463152342,0.28172586815234224
4535,2.968049476,3.204247049273514,0.23619757327351376
4552,4.343808237,3.7093106066236397,0.6344976303763605
4557,3.843825867,3.5888683335777958,0.2549575334222043
4570,4.072573383,3.9218066195743604,0.15076676342563955
4573,3.454537924,3.522113002621013,0.06757507862101297
4592,2.002064746,2.379987522809584,0.3779227768095841
4597,4.154252023,3.9502697418929715,0.2039822811070282
4602,3.389713462,3.4447683642208498,0.055054902220849744
4611,3.661086593,3.863120232303105,0.20203363930310525
4614,4.642902148,3.566260830104064,1.0766413178959362
4620,5.31345024,3.7874538291635775,1.5259964108364223
4638,3.770416447,3.6407901388774615,0.1296263081225386
4639,3.075508437,3.1990452301964347,0.12353679319643485
4640,2.889447377,3.2782851663323074,0.38883778933230717
4642,3.369745808,2.9565726983615517,0.4131731096384481
4645,3.901063626,3.1644154212767663,0.7366482047232337
4650,3.710932137,3.5852006934143574,0.12573144358564248
4652,3.554159259,3.6790872940644026,0.12492803506440264
4655,3.447703928,3.747396558638273,0.299692630638273
4661,3.738457243,3.906898173731028,0.16844093073102817
4677,3.49877562,3.2961295002464293,0.20264611975357072
4683,3.428385547,3.617165939590649,0.18878039259064883
4691,4.085647288,3.562742377937609,0.5229049100623908
4693,3.998111545,3.4911880141817546,0.5069235308182454
4707,4.554625237,3.9286684080776677,0.6259568289223321
4718,4.373097301,3.992331799485968,0.38076550151403143
4726,3.915749294,3.8864093475720893,0.02933994642791049
4734,3.915749294,3.8135581872418065,0.10219110675819332
4741,3.040439152,3.7856940627318427,0.7452549107318429
4742,3.795327492,3.588779583411849,0.20654790858815097
4743,3.207640351,3.8041597438296,0.5965193928296002
4756,3.440056854,3.4068930738593206,0.03316378014067922
4757,3.694300757,3.124704291213731,0.5695964657862693
4767,3.987966159,3.620794412305476,0.3671717466945239
4775,3.076365307,3.0602004156239677,0.016164891376032386
4781,3.902783546,4.305007886296243,0.4022243402962431
4790,3.817206378,3.7426868789804066,0.0745194990195932
4794,3.225335132,3.0267839727420376,0.19855115925796252
4812,2.43545436,3.058424043559731,0.6229696835597309
4813,3.518450765,3.362615348983521,0.15583541601647877
4814,3.169054772,3.087166081873108,0.08188869012689182
4833,5.475310337,4.879872946998393,0.5954373900016066
4841,3.824429582,3.5207514913532485,0.30367809064675155
4845,3.843553107,3.857522498639304,0.013969391639303996
4849,3.899043109,3.8207064470547394,0.07833666194526057
4853,4.237575907,3.8767487282716537,0.36082717872834635
4865,5.241500638,4.432903266889991,0.8085973711100092
4867,3.037961994,4.492086998926298,1.4541250049262975
4870,5.780891054,4.6384737845417705,1.142417269458229
4874,2.89115943,2.937814321574536,0.04665489157453573
4875,3.936760431,3.94046050982448,0.0037000788244796468
4877,3.679205566,3.7978485490155154,0.11864298301551557
4881,3.541099847,3.6649272181533936,0.1238273711533937
4886,1.917883801,2.817532703462519,0.8996489024625187
4887,4.153425264,3.3137352076066824,0.8396900563933176
4890,4.961363026,4.29311283594317,0.6682501900568303
4901,4.051797052,3.8753193433143656,0.17647770868563484
4911,3.354638493,3.1460897255972413,0.20854876740275863
4926,2.864486673,3.3755178433787716,0.5110311703787715
4933,3.30799353,3.1270458235591616,0.18094770644083846
4937,2.890284756,3.700601263270983,0.8103165072709833
4975,3.385291162,3.3702323823622953,0.015058779637704856
4984,3.113753753,3.4793004347401704,0.36554668174017024
4988,2.770631128,2.3167398017109027,0.45389132628909756
4993,3.091700168,3.6287317506425087,0.5370315826425087
5003,3.822410492,3.7948020698634206,0.027608422136579325
5010,3.960837813,3.7994111589623674,0.16142665403763257
5020,3.716493041,4.176562917403251,0.4600698764032507
5024,3.707118311,3.158761988387537,0.548356322612463
5025,2.986047306,3.474721954455501,0.4886746484555009
5035,3.476964963,3.2260766288546656,0.2508883341453343
5037,2.31368583,3.028328629421715,0.714642799421715
5046,4.260603192,3.8291246685168514,0.4314785234831482
5058,4.06066919,3.909658734143818,0.15101045585618156
5070,2.720686341,2.971525500133201,0.2508391591332009
5071,3.621597236,3.41056233814625,0.21103489785374974
5074,3.460241308,3.1482447864705936,0.3119965215294065
5084,3.193756257,3.0427378889723755,0.15101836802762447
5085,3.703123935,3.64071779132799,0.06240614367201003
5087,4.087039219,3.8295976683888755,0.2574415506111247
5106,3.669684062,3.5429404082777296,0.12674365372227037
5111,3.347464767,3.5582455773911077,0.21078081039110774
5112,3.511518893,3.724480401812293,0.21296150881229314
5127,3.383400882,3.2952161088049063,0.08818477319509377
5129,3.461934503,3.1732774581029703,0.2886570448970298
5130,3.56202294,3.6279162547423582,0.06589331474235838
5135,2.758812576,3.341517847851825,0.5827052718518249
5138,3.733545825,3.572247720047113,0.1612981049528872
5169,4.445552313,4.145871049360517,0.2996812636394832
5182,2.931686654,3.682569825042385,0.7508831710423851
5183,3.083781231,3.650268990456647,0.5664877594566469
5184,2.813601836,3.593452182653739,0.7798503466537388
5186,3.623138616,3.545739832935269,0.07739878306473091
5188,3.703420999,3.8373516353359927,0.13393063633599267
5195,3.630476888,3.7891022509945707,0.15862536299457064
5197,3.75789993,4.161349078725362,0.40344914872536153
5199,3.911784951,3.6377987898150406,0.27398616118495944
5200,3.533671986,3.6457824101758565,0.1121104241758566
5208,4.537859247,4.453465599594308,0.08439364740569211
5214,3.505491399,3.649566918243271,0.144075519243271
5216,5.14008135,5.078859470054239,0.06122187994576134
5241,3.83024251,3.4757431551066866,0.3544993548933135
5264,2.808286951,3.1205658789288466,0.3122789279288467
5279,4.021882697,3.7672760986600067,0.254606598339993
5286,2.846746928,2.506039438824481,0.34070748917551885
5289,2.42212674,3.1581920170709785,0.7360652770709786
5290,3.77239087,3.4253047589793133,0.34708611102068687
5293,3.438299311,3.316146797818165,0.12215251318183507
5300,4.212044673,4.027866081826946,0.18417859117305468
5305,4.255885418,4.094111894692122,0.1617735233078781
5322,3.298298101,3.535784685484422,0.23748658448442228
5349,3.715836275,3.4438464845026178,0.27198979049738226
5358,4.046139657,3.9873571547728446,0.05878250222715575
5360,3.770723977,3.6785614074414696,0.0921625695585302
5364,3.078852007,3.9333676188608133,0.8545156118608133
5388,3.220064482,3.5628905006737766,0.3428260186737764
5398,4.30560929,4.14360573202266,0.16200355797733934
5432,4.00179056,4.065878622908143,0.0640880629081435
5461,3.172537549,3.4856398081106343,0.3131022591106345
5469,3.425410305,3.9135379727792055,0.48812766777920524
5474,3.317777282,3.4860783763551533,0.16830109435515306
5485,3.991809175,3.559069895930049,0.43273927906995135
5488,3.846453549,3.9741166452410743,0.1276630962410743
5496,4.182707407,3.693588001114449,0.4891194058855506
5506,3.943744238,3.767904125692291,0.1758401123077089
5515,2.515343893,3.0067483069237415,0.4914044139237417
5519,3.853374195,3.680209424102252,0.17316477089774773
5533,5.57129435,4.213495651015151,1.3577986989848485
5538,3.80611211,3.6079133104804613,0.19819879951953867
5540,4.734583162,4.007175269199216,0.7274078928007839
5557,3.568130454,3.845194611560477,0.2770641575604773
5566,3.06267164,3.5769316022449327,0.5142599622449326
5568,3.715836275,3.436179642740315,0.2796566322596852
5575,3.370450376,4.439731867866156,1.069281491866156
5585,3.918338377,4.093810287532275,0.17547191053227484
5593,3.77140373,3.881544529839505,0.1101407998395052
5599,1.704664134,3.455308935975463,1.750644801975463
5611,3.469864076,4.171154737946917,0.7012906619469175
5612,3.77417051,4.175902136477411,0.40173162647741156
5613,3.471823982,3.6572453480516294,0.1854213660516293
5617,3.62381392,3.6523345659823834,0.028520645982383463
5623,3.996281038,3.8008719784735456,0.19540905952645415
5624,3.978368517,3.9459905446452126,0.03237797235478723
5626,3.420866316,3.6145760125667614,0.1937096965667613
5628,3.194584443,3.5884802321039047,0.39389578910390455
5640,4.742553107,4.822670862186887,0.0801177551868868
5646,3.035256253,2.9170738699328096,0.11818238306719042
5662,3.751646461,3.5194311667134666,0.23221529428653342
5665,3.959729276,4.0164110293431,0.056681753343100105
5673,3.263001322,3.297817900181394,0.03481657818139405
5677,3.717424123,3.7595388660925724,0.04211474309257257
5684,2.807345433,3.358647073768233,0.5513016407682327
5703,3.348260717,3.466797469187635,0.11853675218763504
5705,3.987991672,3.247108364151243,0.7408833078487573
5725,4.327750592,4.8727688816778665,0.5450182896778664
5726,3.798253454,3.617240081920775,0.1810133720792253
5732,4.220999598,3.7388126283905683,0.4821869696094314
5734,3.860207147,3.852765920699268,0.007441226300731962
5746,4.039712645,4.025858610644315,0.013854034355684774
5750,4.06203315,3.781639573387186,0.2803935766128145
5754,3.763271243,3.5732498046720065,0.19002143832799367
5762,2.754018475,3.1429636279412203,0.38894515294122023
5764,4.8295041,4.735927240039095,0.0935768599609057
5778,2.937802962,3.652500297589635,0.7146973355896349
5780,3.597982975,3.8572089789377313,0.25922600393773143
5782,3.50501786,3.5540708266160324,0.0490529666160322
5787,3.56041995,4.228723108669079,0.6683031586690786
5789,2.034397468,2.17774905809755,0.14335159009754994
5801,4.311728438,3.9075416674361794,0.4041867705638209
5812,2.509667493,3.2424881430663572,0.7328206500663574
5826,3.639857712,3.9106435225006875,0.2707858105006875
5827,3.116864132,3.916754488833878,0.799890356833878
5841,3.744616538,3.877364492833878,0.13274795483387836
5858,4.262067021,4.126392840307208,0.13567418069279213
5861,4.491158041,4.341397394826391,0.1497606461736094
5863,3.879215194,3.700914950557939,0.17830024344206086
5867,3.901153559,4.123434280465457,0.22228072146545674
5894,5.090962493,3.809170261087211,1.2817922319127892
5897,4.253841805,3.1603268020347004,1.0935150029653
5906,3.829978817,4.13907715902659,0.30909834202658937
5907,3.764168657,4.268662576990964,0.5044939199909644
5910,4.109014951,4.38715566363938,0.27814071263938
5912,4.808401867,4.769721318000106,0.038680548999893816
5913,4.407714001,4.802718711577789,0.39500471057778874
5926,5.642512929,4.745164569196533,0.8973483598034662
5934,4.234976812,3.5397346943886703,0.6952421176113299
5945,4.423830549,3.7787371362195237,0.6450934127804762
5952,4.157532317,3.8525971004358066,0.30493521656419365
5964,3.650651972,3.875562638346882,0.22491066634688206
5968,3.156791368,3.198314779155892,0.0415234111558922
5973,3.018700499,3.2437812435533346,0.2250807445533347
5981,2.989654952,3.105472552053001,0.1158176000530009
5986,3.49789371,3.6901372719994243,0.19224356199942427
5991,3.846454199,3.7848980532065886,0.06155614579341151
5999,4.116377919,3.8392398244835837,0.2771380945164159
6018,4.05751396,3.6989013924088163,0.3586125675911833
6026,5.127264326,3.98025346618225,1.1470108598177498
6029,3.494791649,3.074395412662204,0.4203962363377962
6036,3.768781004,3.7377877244813447,0.03099327951865538
6056,3.541193336,3.4828558189102554,0.05833751708974466
6061,3.511056332,3.637081041319567,0.12602470931956722
6073,4.824970048,4.309493393724873,0.515476654275127
6083,3.369672978,3.4765666819189844,0.10689370391898434
6092,3.608396123,3.497559999020623,0.11083612397937692
6095,3.758978541,3.0420841170442374,0.7168944239557624
6103,3.310143637,3.636755507431229,0.3266118704312291
6107,3.346718645,3.3050312063172513,0.04168743868274882
6111,3.917979048,3.9435201568708074,0.025541108870807516
6115,4.043566604,3.2669633378300995,0.7766032661699
6131,3.514959877,3.3261394890045612,0.18882038799543865
6149,4.084981583,3.697050205990947,0.38793137700905334
6151,4.205238502,4.083062570571252,0.12217593142874783
6177,3.72463294,3.9272185225335865,0.20258558253358672
6180,3.667952338,3.6998350974515364,0.03188275945153629
6188,3.217736843,3.3065752825854124,0.08883843958541249
6192,4.274056008,3.2026677939572292,1.0713882140427704
6206,2.146664368,3.1505914622515374,1.0039270942515373
6222,2.922112631,3.159508896237944,0.237396265237944
6240,2.687912998,2.8989645575154785,0.21105155951547871
6244,3.576426046,3.117511839085245,0.4589142069147547
6248,5.017959648,4.2365934334173145,0.7813662145826852
6256,3.654627793,3.7403495093369457,0.0857217163369457
6264,2.585925796,3.0172786655469164,0.4313528695469162
6275,3.404254271,3.5776028533854634,0.17334858238546325
6281,4.023423421,3.778949033450061,0.24447438754993955
6298,4.674322702,4.463982153257978,0.21034054874202202
6299,4.79052635,4.446874524875263,0.3436518251247378
6302,3.932539225,4.139042146594853,0.2065029215948524
6310,2.73343552,3.4973237991751445,0.7638882791751445
6315,2.472125387,2.7506251690275785,0.2784997820275783
6317,4.045254112,3.8899916345837533,0.155262477416247
6320,3.581462016,3.316354452324071,0.265107563675929
6324,3.744852656,3.7637410760109438,0.01888842001094382
6337,4.26007981,3.8504399164910823,0.4096398935089174
6338,3.545937416,3.639156791565483,0.0932193755654831
6340,3.671098756,3.697930368123749,0.02683161212374907
6347,4.070608081,3.3962565582081687,0.6743515227918309
6355,3.497973131,3.5626724436638977,0.0646993126638975
6361,3.434166356,3.7166599181939435,0.2824935621939435
6367,3.326935674,3.372830635970651,0.045894961970650794
6370,3.851378757,3.651477883471434,0.1999008735285659
6395,3.403206342,3.551243230721847,0.14803688872184706
6398,2.564315711,3.069659684874481,0.5053439738744809
6401,4.172805862,3.887901880494674,0.2849039815053258
6407,3.757735031,3.870419691002133,0.11268466000213273
6411,3.854299968,4.2746135126366145,0.42031354463661463
6421,3.430499934,4.015453058729374,0.584953124729374
6422,4.206029389,4.210686322390931,0.00465693339093054
6434,2.916411119,3.319676570866118,0.4032654518661176
6444,2.466615567,2.931711760155068,0.46509619315506834
6445,3.126532073,2.9633510467786603,0.16318102622133956
6452,3.077218544,3.152175001799453,0.07495645779945326
6453,3.543454299,3.2566194764809344,0.28683482251906556
6455,3.534912241,3.3052645678755432,0.22964767312445655
6458,3.428815519,3.118092575307147,0.3107229436928529
6462,4.150643115,3.6610943476193514,0.4895487673806489
6463,3.073761106,3.4058656546093,0.33210454860929994
6476,3.210682583,3.3681771805331855,0.1574945975331854
6481,3.49016817,3.758807311772191,0.26863914177219117
6483,3.039163228,3.256758026611565,0.21759479861156494
6484,3.00804692,3.7168859116788333,0.7088389916788334
6493,3.35661281,3.576558770946612,0.21994596094661167
6498,2.715075301,3.2760275533649934,0.5609522523649932
6499,2.57616852,3.1184830999744153,0.5423145799744153
6501,3.667101639,3.875205626873728,0.20810398787372764
6503,4.500324313,4.191607497252339,0.30871681574766097
6505,3.67394492,3.71098387687375,0.03703895687375036
6514,4.171495353,4.210168752733871,0.03867339973387107
6521,3.74089536,3.365557469895445,0.375337890104555
6525,2.845783408,3.0825793274433133,0.23679591944331335
6526,3.593504636,3.7802921451171323,0.18678750911713227
6527,2.71839557,2.9407442860803936,0.22234871608039342
6541,4.250354935,3.5597227996971075,0.6906321353028924
6556,2.328013714,2.5889807268662435,0.2609670128662436
6559,2.129697947,2.5889807268662435,0.45928277986624355
6563,3.948509372,3.9423906820096626,0.0061186899903376
6577,3.980132784,3.6713562796413988,0.30877650435860104
6580,4.576604579,3.8282355041799203,0.7483690748200793
6585,3.238526574,3.483190923602484,0.24466434960248362
6588,2.839924625,3.273320492465105,0.43339586746510506
6596,4.042063349,3.4941139861937285,0.5479493628062717
6598,3.685181199,3.945213752957552,0.2600325539575521
6603,3.288159763,3.447432004933969,0.15927224193396894
6604,3.808998473,4.091463585214731,0.28246511221473103
6607,3.21550009,3.4740998197619564,0.25859972976195644
6620,3.590865709,3.3315163036154,0.25934940538459994
6621,3.884477482,3.6125434463180848,0.2719340356819151
6627,4.298049701,3.9182739600573226,0.3797757409426774
6640,3.439229504,3.4631946932238797,0.02396518922387969
6660,4.299058429,4.397707391344208,0.09864896234420861
6674,5.208914648,5.9029919915294675,0.6940773435294672
6683,3.28014477,3.548296109683787,0.2681513396837869
6692,4.25584047,3.568872018540607,0.6869684514593928
6699,3.63351769,3.484958792998373,0.14855889700162717
6712,3.649084045,3.44627361225749,0.20281043274250976
6717,3.260918999,3.7588263804553566,0.49790738145535673
6725,3.682048326,3.5233102018940006,0.1587381241059993
6733,3.390624525,3.538516493125366,0.1478919681253661
6737,3.160194989,3.5793029949402344,0.41910800594023456
6739,3.35975081,2.981340021504838,0.3784107884951622
6747,3.717349239,4.034338892772453,0.3169896537724535
6749,3.831024898,3.862801945293715,0.03177704729371511
6754,3.853873557,3.8908715720674394,0.03699801506743938
6757,3.989335245,3.900243226797709,0.08909201820229073
6761,4.117365059,4.0292331555227845,0.08813190347721545
6766,4.456770484,4.116204865461823,0.3405656185381769
6767,4.168890155,3.9611829414495836,0.2077072135504161
6776,4.232037065,4.218162584747704,0.013874480252296095
6782,3.885020737,3.933753286645995,0.04873254964599516
6790,3.501892049,3.4814373952628737,0.020454653737126183
6794,3.375753207,3.4510306877512518,0.07527748075125196
6823,3.557841249,3.4925739441788366,0.06526730482116339
6827,4.134721874,3.630154532734598,0.5045673412654024
6833,3.920385733,3.990592559210812,0.07020682621081198
6835,3.64203694,3.349501030683112,0.292535909316888
6847,3.900594947,3.512255399203066,0.38833954779693425
6871,3.108672745,3.6764877089299914,0.5678149639299916
6887,4.179990396,3.508711867969463,0.6712785280305371
6889,3.836878839,3.6393235838839386,0.19755525511606153
6895,2.424553491,3.0534063671182916,0.6288528761182914
6900,3.86652178,3.5023502790528154,0.3641715009471844
6903,4.858777737,3.5896609089544858,1.2691168280455138
6914,3.12016556,3.5368842725104686,0.41671871251046877
6923,3.648602186,3.616527317266634,0.03207486873336629
6924,3.11414375,3.438141935629329,0.3239981856293288
6928,3.42652387,4.053753789701997,0.6272299197019966
6938,3.2938359,3.501387679301621,0.20755177930162105
6944,3.465220634,2.9973193689432356,0.46790126505676444
6948,3.797266156,3.0629379931792524,0.7343281628207476
6950,4.108705601,3.141408273843551,0.9672973271564484
6951,3.969030992,3.181294737963669,0.7877362540363309
6962,3.946633729,3.926347178441171,0.02028655055882922
6968,3.380779589,3.3206756251774237,0.06010396382257621
6988,3.046722982,3.1479286080543454,0.10120562605434547
6992,3.527099775,3.2718240140078483,0.25527576099215166
6996,3.718626783,3.9055806302996703,0.18695384729967035
7014,2.056821576,2.139248268696605,0.08242669269660485
7015,2.046165773,2.100879956157396,0.05471418315739607
7016,2.363992302,2.6557176203351496,0.29172531833514936
7025,3.059439932,2.906196165003985,0.15324376699601494
7026,3.142782927,3.1913072367875577,0.04852430978755784
7027,3.096325525,3.075383223108668,0.02094230189133217
7054,1.391117992,2.4269030582793896,1.0357850662793895
7059,3.4581162,3.657619701212102,0.19950350121210203
7060,3.73389339,3.9176719182659756,0.18377852826597563
7075,3.507482214,3.538140562454823,0.03065834845482307
7080,3.148285975,3.6319530745812285,0.48366709958122867
7088,3.230992159,3.2976957483549354,0.06670358935493548
7092,3.287542255,3.3401957336632253,0.05265347866322534
7094,3.521040955,3.643548704686077,0.12250774968607692
7096,3.659447419,3.42255162225688,0.23689579674312
7097,3.657170288,3.419200710071048,0.2379695779289519
7098,2.5467978,3.306069268066076,0.7592714680660761
7099,3.958953391,3.7107360190525687,0.24821737194743143
7106,4.170810106,3.7273120412858365,0.44349806471416375
7115,2.110357662,2.692327079187478,0.5819694171874779
7126,3.871687842,3.484442369062964,0.38724547293703626
7131,3.190798431,3.1243730263628082,0.06642540463719193
7147,3.011147361,3.6946872115234544,0.6835398505234545
7150,2.979476109,3.114353164165495,0.13487705516549475
7155,2.991452027,3.2168018551352815,0.2253498281352817
7163,3.495650746,4.474747307431332,0.9790965614313318
7171,3.397731497,3.9185016069591776,0.5207701099591775
7191,4.413334696,4.2293511769901535,0.18398351900984622
7199,3.81017425,3.8693411075770183,0.05916685757701812
7203,4.326332934,4.128662296140498,0.19767063785950167
7204,4.362277774,3.4337535216224624,0.9285242523775374
7210,3.313858787,4.039552841535176,0.7256940545351762
7211,3.538896989,3.66617547099955,0.12727848199955005
7225,3.10086239,3.3441371796355472,0.24327478963554716
7242,3.512558841,3.6458990787706673,0.13334023777066717
7245,3.618998001,3.5898745369980047,0.02912346400199528
7249,3.86405994,3.7662589021800588,0.09780103781994143
7270,3.464337724,3.241201078108453,0.22313664589154714
7284,4.305306832,3.961056312478448,0.34425051952155217
7286,4.207734575,4.1067557159181485,0.10097885908185145
7288,3.643397339,3.9433198122571205,0.2999224732571206
7300,3.56202294,3.765412503709216,0.20338956370921624
7303,3.487023303,3.7244263771915875,0.23740307419158757
7304,3.579364338,3.869153004487767,0.2897886664877669
7314,3.366194753,3.3884124929904997,0.02221773999049992
7329,3.555604656,3.9684285016862217,0.4128238456862219
7334,2.354630816,3.246208938800757,0.8915781228007571
7339,3.328528013,3.356421210944647,0.027893197944647063
7349,3.083878014,3.233961867148351,0.15008385314835104
7350,2.348731158,2.508164401513091,0.15943324351309096
7351,3.024056572,3.4349178214347718,0.41086124943477165
7360,2.990532585,3.6169008387499884,0.6263682537499884
7363,3.681737291,3.2926600360706804,0.38907725492931977
7377,3.280757736,3.6922188601657515,0.41146112416575154
7382,2.459367354,2.9179250334908873,0.45855767949088744
7393,2.188806849,2.1647129307882382,0.024093918211761878
7399,3.82423124,3.8570334339837093,0.032802193983709316
7405,3.796305418,3.8896514033145215,0.09334598531452132
7416,3.495422912,3.3991209226934487,0.09630198930655132
7417,4.126425006,3.8334347598849705,0.29299024611502933
7449,4.170056257,3.6826146266083373,0.48744163039166244
7453,4.635392002,4.002213403137179,0.6331785988628207
7458,3.244389289,3.4048313487828077,0.1604420597828078
7473,3.170907981,2.0868741112840565,1.0840338697159435
7480,4.909133237,4.239756562861121,0.6693766741388787
7488,4.054938462,3.7518576191858695,0.3030808428141305
7489,4.699594113,3.701469453639363,0.998124659360637
7496,4.357134093,3.9392968634832486,0.4178372295167514
7502,2.901706866,3.5308519593737495,0.6291450933737495
7508,3.872507286,3.6933833207469298,0.17912396525307006
7517,3.411816609,3.601714721036653,0.18989811203665274
7535,3.885279531,3.6371215520252362,0.24815797897476388
7569,3.574402454,3.9288786779593488,0.35447622395934886
7575,3.427151658,3.4855486612980475,0.05839700329804742
7594,4.065132867,4.07677392228604,0.011641055286039759
7598,3.300843307,3.1384651111210995,0.16237819587890057
7606,3.423727428,3.5121694225549493,0.0884419945549495
7609,3.869097816,3.751237706760895,0.11786010923910517
7618,4.165472614,3.662150746750286,0.5033218672497135
7658,4.195995906,3.903280653789401,0.29271525221059935
7674,3.593814211,3.8068270248601164,0.21301281386011617
7683,3.630045089,3.462471653804674,0.16757343519532597
7692,3.46970668,3.972777817301047,0.5030711373010472
7742,3.012422409,3.200807842008567,0.18838543300856703
7745,3.509707699,3.6242014669545224,0.1144937679545226
7746,4.093191051,3.9427509229943833,0.15044012800561646
7749,3.989612944,3.492119910706621,0.4974930332933791
7760,2.920202799,3.3744121237971036,0.4542093247971035
7762,3.714914573,3.6054506637637176,0.10946390923628257
7765,3.933825025,4.008158152478862,0.07433312747886234
7772,3.725756111,3.7999118968659165,0.07415578586591653
7776,3.431764735,3.596000615075303,0.16423588007530343
7782,2.443315668,2.8817401404251095,0.4384244724251096
7783,3.438765412,3.290151370961723,0.14861404103827702
7785,3.303733731,3.437663377493039,0.1339296464930393
7819,3.657352979,3.6664404306576954,0.009087451657695311
7820,3.55711174,3.491891734656326,0.065220005343674
7844,3.80213298,3.4834795605013564,0.3186534194986437
7857,4.010203342,3.2285007468632765,0.7817025951367231
7861,3.756070734,3.604752010121112,0.15131872387888823
7865,3.049349411,3.2957985050298255,0.2464490940298254
7880,3.195393537,3.233074891899148,0.03768135489914792
7882,4.337181053,3.8805620201897457,0.4566190328102544
7886,2.85267988,3.10765726738142,0.2549773873814196
7899,3.831619544,3.499995765827085,0.331623778172915
7903,3.425155025,3.756304824005144,0.3311497990051442
7925,3.949768661,3.9490565200787913,0.0007121409212085261
7931,3.124337909,3.271898958720297,0.14756104972029727
7935,4.003207336,3.7164852052574258,0.28672213074257424
7937,3.623804729,3.602363060193327,0.021441668806672975
7950,3.594858011,3.301645949148669,0.29321206185133075
7961,3.831659028,3.735110005093307,0.09654902290669298
7971,3.614126654,3.762898279343515,0.14877162534351474
7975,3.578663764,3.784937921820537,0.20627415782053715
7982,3.663708776,3.8229222029974257,0.1592134269974257
7984,3.544197073,3.8980943860561714,0.35389731305617156
7993,3.938451674,4.213915015979762,0.27546334197976163
7995,4.66290181,4.417499427382435,0.24540238261756553
8009,4.630315057,4.435368340041843,0.19494671695815668
8021,4.3545054,4.129444975999388,0.22506042400061155
8022,3.412147945,3.4393695479918316,0.027221602991831517
8046,4.754108184,4.0651750739718135,0.6889331100281861
8047,3.061119791,3.6337631165632738,0.5726433255632739
8056,4.612549772,4.57053494193289,0.042014830067110154
8058,4.611694486,4.343846599266372,0.26784788673362847
8072,2.52417275,3.106343944238393,0.5821711942383931
8075,3.581940561,3.640720631011057,0.058780070011057006
8078,3.924896166,3.945303892139107,0.02040772613910713
8079,3.573433267,3.465781542270422,0.10765172472957785
8080,3.229972899,3.37577397793504,0.14580107893504035
8088,3.891428421,4.252712919005237,0.361284498005237
8102,3.612166637,4.054899464487086,0.44273282748708587
8113,5.498207736,6.209260734398141,0.7110529983981406
8114,6.094081187,6.343603334927296,0.249522147927296
8147,3.590646464,3.8217645934365425,0.2311181294365423
8173,3.495750803,3.5591239947812805,0.06337319178128054
8196,2.715947838,3.090818820331373,0.37487098233137317
8201,1.408308667,3.9262592277881545,2.5179505607881545
8207,2.930590896,3.4742188810265993,0.5436279850265993
8218,2.736607315,3.001989232206734,0.26538191720673376
8220,3.621940841,3.5445249349234267,0.07741590607657312
8222,2.092099475,2.9407186533279903,0.8486191783279904
8235,2.692466855,2.8830683168723343,0.19060146187233418
8242,3.431911545,3.744776158227044,0.3128646132270436
8246,3.887686874,3.7767435127350226,0.11094336126497728
8249,4.106456086,4.037896568601026,0.06855951739897392
8252,3.923402427,3.8224990790650955,0.10090334793490463
8253,3.79105968,3.5714946128696776,0.21956506713032242
8265,3.500243338,3.69795977445788,0.19771643645787984
8266,3.648525541,3.5150442573987255,0.13348128360127465
8288,3.442695295,3.0115612047321605,0.43113409026783955
8290,3.501529607,3.293594768317662,0.20793483868233809
8328,3.943683851,3.8772356798123964,0.06644817118760349
8345,3.62380731,3.558642205715922,0.06516510428407818
8347,3.998297203,3.8324900600263785,0.16580714297362142
8349,3.169363955,3.3121669196367813,0.14280296463678122
8353,2.907724785,2.9127516015560313,0.005026816556031211
8357,3.659761746,3.873606013140123,0.21384426714012283
8366,3.559876714,3.3535042633951346,0.20637245060486542
8376,2.719282444,3.455903562967247,0.7366211189672471
8400,3.061322607,3.5274099190069994,0.46608731200699927
8401,3.209138045,3.5616020086747437,0.35246396367474375
8411,3.081385318,3.5697695410653036,0.4883842230653035
8421,3.428606684,3.6387484701491446,0.21014178614914458
8429,4.126650821,3.855315871933003,0.27133494906699696
8431,3.880782012,3.8933269684634704,0.012544956463470314
8434,4.249748523,3.9718263254167496,0.27792219758325043
8443,4.061262146,4.281790193038587,0.22052804703858708
8444,4.314210151,4.111031859179166,0.20317829182083447
8446,4.262778269,4.089938791977154,0.17283947702284586
8458,3.968873655,3.806245071157766,0.1626285838422339
8459,4.122794006,3.9429362097372254,0.17985779626277498
8461,4.219704019,3.9498165324217878,0.26988748657821215
8471,3.921621085,3.6985440509090775,0.2230770340909225
8480,3.61230693,3.49605481385168,0.1162521161483201
8489,3.407495494,3.728585186761485,0.32108969276148525
8493,3.429831444,3.7111568231116268,0.2813253791116268
8498,3.259438575,3.8020388373447993,0.5426002623447994
8506,3.480860419,3.6143996109301404,0.13353919193014052
8542,3.456856789,3.2414537445201606,0.2154030444798396
8582,3.821843005,3.7069076924917,0.11493531250829969
8591,3.624452617,3.752236105221607,0.12778348822160668
8595,3.473216503,3.7613428334042194,0.2881263304042192
8596,3.511785514,3.814307998376095,0.30252248437609497
8597,3.631785197,3.691253254454448,0.05946805745444772
8618,3.432445471,3.7327722202478073,0.30032674924780745
8619,3.945621905,3.849869835387986,0.09575206961201399
8622,3.948505879,3.980547966736626,0.03204208773662609
8640,3.193592048,3.3452510890960787,0.15165904109607853
8663,3.601985569,3.8242716028983716,0.22228603389837165
8665,3.633501309,3.542329936599629,0.0911713724003711
8695,3.491120664,3.8647903711098137,0.37366970710981384
8711,3.586739972,3.380668160154329,0.20607181184567125
8734,3.565032414,3.7863310638532424,0.22129864985324232
8739,4.009949459,3.6362059232451474,0.3737435357548531
8751,4.005847749,3.8198024066316045,0.18604534236839543
8752,3.908673448,3.8800132580272035,0.028660189972796513
8763,3.923471989,3.840470101226543,0.08300188777345685
8764,3.635207198,3.6186866307046066,0.016520567295393196
8790,4.130652554,4.134300590610177,0.0036480366101772077
8791,3.653834213,3.6204527306886476,0.03338148231135252
8798,3.897095351,3.717737693797373,0.17935765720262697
8800,3.836336777,3.7645109290199823,0.07182584798001779
8820,4.050389885,4.161358945402487,0.11096906040248644
8858,4.693567174,4.486978357218111,0.20658881678188923
8870,4.285193262,3.9289235096602253,0.35626975233977465
8890,3.243454771,3.390883438807714,0.1474286678077137
8895,3.584759168,3.6322168586623955,0.04745769066239536
8903,2.689959665,3.528361928276256,0.8384022632762562
8908,4.002164518,3.8788741295309404,0.12329038846905949
8914,4.144932996,3.7914808486699827,0.35345214733001695
8943,1.979569938,2.1648691802313227,0.18529924223132266
8948,3.638038811,3.6814320560094576,0.043393245009457626
8969,1.730468244,1.9754654120797748,0.24499716807977467
8973,3.47236723,4.01716697049119,0.54479974049119
8977,1.468824174,2.7157603457386243,1.2469361717386243
8990,2.462086392,2.2714639814495214,0.19062241055047835
8995,3.697733111,3.7109543430899916,0.013221232089991819
9026,2.682466934,2.075459867570642,0.6070070664293579
9042,3.035409724,3.297097756611034,0.26168803261103424
9049,4.13166485,3.5274020928961183,0.6042627571038817
9054,4.368065825,4.303618304895223,0.06444752010477739
9057,3.745697667,3.8650490935132487,0.1193514265132487
9058,3.720391801,3.893966508762988,0.1735747077629881
9064,3.66357831,3.9178744813746906,0.2542961713746905
9075,3.380827778,3.611685377758583,0.2308575997585831
9085,5.169500054,4.239022403366997,0.9304776506330033
9088,4.214913198,3.7049634336722024,0.5099497643277973
9089,2.915992075,3.6076133116598186,0.6916212366598185
9099,3.720657422,3.4257612478711925,0.2948961741288074
9115,4.592153654,4.113060055386015,0.4790935986139848
9125,4.16934815,3.990361306150019,0.1789868438499811
9130,2.507051562,3.0236174374293974,0.5165658754293974
9132,2.734848815,3.334457415384776,0.599608600384776
9139,3.23664501,3.772499792624654,0.535854782624654
9141,3.199819544,3.294475009911837,0.09465546591183704
9142,3.112115101,2.731773506563922,0.3803415944360782
9147,2.902809873,3.5469103263687156,0.6441004533687158
9151,4.058018788,4.008154508203656,0.04986427979634378
9158,3.379087296,3.6677166267857526,0.2886293307857528
9168,3.498430026,3.6259038941897788,0.1274738681897789
9173,3.805323831,3.5677454081210733,0.2375784228789266
9174,3.694496308,3.742774426696308,0.048278118696307715
9216,3.928254706,3.935391893674108,0.007137187674107981
9217,3.887499147,3.875397619804386,0.012101527195614192
9218,3.96080006,3.9277505718258126,0.0330494881741874
9224,3.971042465,3.8332223560893017,0.1378201089106983
9225,4.098154826,3.7994300248938377,0.2987248011061623
9227,3.183301738,2.833907999406975,0.349393738593025
9264,2.528666073,2.6866134195943077,0.15794734659430754
9269,3.594771268,3.4816784947113684,0.11309277328863176
9283,3.945072024,3.9084802781056407,0.03659174589435921
9299,3.261769448,3.8348625677924506,0.5730931197924507
9329,3.977441908,3.750149560459953,0.2272923475400468
9348,3.364080034,3.534934343378175,0.17085430937817492
9355,4.113174305,4.049192776255562,0.06398152874443852
9366,4.019517844,4.684040027330945,0.6645221833309449
9372,4.044972156,3.942934612314652,0.10203754368534801
9383,4.105035182,4.187067445564032,0.08203226356403182
9386,4.083711168,3.9709351898945613,0.11277597810543849
9399,3.795094682,3.9636005223208146,0.1685058403208144
9411,2.390738904,3.292171547718329,0.9014326437183291
9414,4.374355497,4.053103880019837,0.32125161698016313
9430,3.580428844,3.7859855101222335,0.20555666612223344
9431,4.045877907,3.4465901409810775,0.5992877660189229
9439,2.674420667,3.320623264825567,0.646202597825567
9440,4.106430067,3.654447500699419,0.45198256630058076
9443,3.541710261,3.4626247177000717,0.07908554329992823
9463,3.810787996,3.961141260287269,0.15035326428726892
9477,3.63807602,3.7300390303201976,0.09196301032019738
9484,3.525406857,3.854995399099453,0.3295885420994531
9487,3.70925905,3.850230913703425,0.14097186370342518
9488,3.749773376,3.696073405903692,0.05369997009630767
9491,3.694877807,4.006989904126461,0.3121120971264606
9517,4.505960131,4.110891980322011,0.3950681506779894
9532,4.226275927,3.8294673625586237,0.3968085644413759
9536,4.089422747,4.0041957993863395,0.0852269476136609
9537,4.019683419,3.9868025429021317,0.03288087609786805
9557,4.212674757,3.835885977504196,0.37678877949580425
9560,4.042053494,4.07008176531151,0.02802827131151009
9580,3.918826861,3.906700539390737,0.01212632160926308
9609,4.173653992,4.415611468845168,0.241957476845168
9622,4.072622988,4.356905606789419,0.28428261878941896
9625,3.67108579,4.013248043745156,0.3421622537451561
9630,3.875560415,3.963268228593805,0.0877078135938052
9660,2.47751556,2.672745027904923,0.19522946790492313
9662,2.99828114,3.2461987390662568,0.24791759906625677
9682,3.0027962,3.4879718826607866,0.4851756826607865
9695,2.338275988,3.1078980626960604,0.7696220746960605
9706,4.780060837,4.489787937715242,0.29027289928475764
9709,3.68485583,4.262771982936153,0.5779161529361527
9729,4.499655013,4.334422654083677,0.16523235891632293
9730,4.32960972,4.317319613347321,0.012290106652678823
9738,4.325049511,4.2526249025425065,0.0724246084574931
9744,3.708333069,3.596481428799688,0.11185164020031202
9751,4.12371619,3.9836145840125674,0.14010160598743227
9755,4.184678815,3.8024057595254552,0.3822730554745446
9771,4.000786446,4.18778592494223,0.18699947894223
9772,4.003817374,4.30915522759413,0.30533785359413024
9781,3.802967184,4.0758045151236155,0.27283733112361563
9782,4.39387181,4.448738272426905,0.054866462426904405
9786,5.575249443,4.2067993148686185,1.3684501281313812
9792,4.503562907,3.929076166728212,0.5744867402717881
9805,3.902753759,4.367409088334244,0.46465532933424436
9810,3.812343867,4.237314715506753,0.42497084850675293
9817,3.536453383,3.739749185806362,0.20329580280636206
9819,4.052302683,3.888893520906971,0.16340916209302891
9827,3.065624446,3.6425985302646233,0.5769740842646232
9829,3.383285289,3.768222985685903,0.38493769668590305
9853,3.231045028,4.012130709965696,0.7810856819656959
9862,2.899347773,2.83603961210939,0.06330816089061031
9863,2.722339487,2.5670688757510023,0.15527061124899788
9864,2.227770245,2.6393586918467227,0.4115884468467228
9888,3.964307337,4.266355341960401,0.3020480049604011
9889,3.432422971,3.7752285278944377,0.3428055568944379
9891,3.683596719,3.6320565153564095,0.051540203643590576
9894,4.2693795,4.096845664209822,0.172533835790178
9925,3.202381799,3.174686986966256,0.027694812033743688
9926,3.939792334,3.795537594995944,0.14425473900405583
9942,3.376267972,3.7178834745069613,0.3416155025069614
9947,4.089146735,4.023273733842214,0.06587300115778572
9952,4.653865877,4.112067978304354,0.5417978986956467
9953,4.206209779,4.345056078957483,0.13884629995748288
9959,3.712818,3.8289526120611814,0.11613461206118147
9971,5.549540394,5.27783899089835,0.27170140310165003
9981,4.123786329,4.4367774261434745,0.31299109714347484
10034,3.633288174,3.905772756370202,0.2724845823702018
10039,4.763026332,4.26669393075635,0.49633240124364963
10040,6.14472206,4.941218456171888,1.2035036038281124
10045,4.381144139,4.780715737923072,0.3995715989230719
10057,3.275986186,3.4982892375623247,0.22230305156232477
10073,3.493347726,3.4819475063738903,0.01140021962610982
10090,3.769964851,3.97820565206631,0.2082408010663097
10092,3.748786884,4.014002189295848,0.26521530529584814
10106,4.584968626,4.0600160542053265,0.5249525717946737
10126,6.762068698,4.846851779969131,1.9152169180308691
10131,2.820023231,2.991633366549739,0.17161013554973925
10145,4.310776735,4.663471487735038,0.3526947527350375
10166,3.103136006,3.668654791746457,0.5655187857464568
10187,4.066968369,3.810605927813954,0.2563624411860457
10188,3.899387,3.6885145178401375,0.21087248215986243
10203,3.178051952,3.9098873390411626,0.7318353870411625
10204,3.091133286,2.8533374647960374,0.23779582120396237
10235,3.427471128,3.61214357573282,0.1846724477328201
10241,3.575217309,3.2556737891295415,0.3195435198704586
10252,3.298295275,3.4906366988948943,0.19234142389489417
10255,3.33749186,3.4030040550548537,0.06551219505485362
10263,3.046970462,3.422557391544951,0.375586929544951
10281,3.265456656,3.453900863620239,0.18844420762023883
10285,3.266464079,3.3822274695600263,0.11576339056002638
10286,3.708243803,3.7629786104538376,0.05473480745383785
10292,3.842348221,3.919019019109546,0.07667079810954602
10314,2.837921606,3.408045420752553,0.5701238147525527
10322,3.108200434,3.226920502386462,0.11872006838646199
10326,4.667492385,4.548150646009929,0.11934173899007128
10329,5.878392522,5.226149987382801,0.6522425346171996
10334,4.714440834,4.627070424494972,0.08737040950502806
10343,4.822424068,4.8329161741654385,0.010492106165438386
10365,7.893152447,5.735337269839052,2.1578151771609484
10368,3.954877803,3.8172320136238973,0.13764578937610272
10373,3.143710988,3.1712718839340055,0.027560895934005458
10375,2.750726489,2.8475546820400606,0.09682819304006074
10384,3.266334938,3.6430082331528015,0.37667329515280157
10392,2.525441649,3.5900004146250195,1.0645587656250197
10395,3.565512444,4.1754711613896065,0.6099587173896066
10416,2.970543158,3.1675726772392605,0.1970295192392606
10427,3.753092094,3.830032030643155,0.0769399366431549
10443,3.289020818,3.576794589968752,0.2877737719687521
10447,3.558678577,3.5101767538274604,0.04850182317253937
10462,3.38759353,3.3374008338241574,0.050192696175842766
10464,3.81182961,3.6854707068136783,0.12635890318632192
10466,3.875056536,3.338830997319616,0.5362255386803843
10471,3.695194825,3.5116159510168194,0.18357887398318073
10482,3.658749011,3.3722283411968332,0.2865206698031666
10488,3.926047147,3.868546357853287,0.05750078914671297
10490,6.264845851,5.808837809010834,0.45600804198916567
10500,3.838430256,3.8030720271836973,0.035358228816302795
10517,3.33542794,3.904693183123239,0.569265243123239
10523,3.901761809,3.551247931745439,0.35051387725456085
10529,3.067619467,3.1205593750570544,0.052939908057054286
10530,2.840201224,2.940436264596536,0.10023504059653598
10560,3.576824499,3.518711746143833,0.05811275285616713
10562,3.713341046,3.7132841073377736,5.6938662226446723e-05
10565,3.89137615,3.761793180250521,0.12958296974947903
10566,3.820640038,3.7493904052625595,0.07124963273744056
10567,3.364181891,3.834696595384058,0.4705147043840583
10584,2.843684284,3.4424173921038044,0.5987331081038043
10592,4.136176037,3.7417347220158375,0.3944413149841628
10596,3.220813897,3.570650092950968,0.3498361959509677
10599,3.951703441,3.5709322408463335,0.3807712001536663
10600,3.875528396,3.722402716547948,0.15312567945205213
10603,3.856638277,3.7041800469036708,0.1524582300963293
10612,3.067093577,3.7031874778183416,0.6360939008183415
10623,4.218068459,4.144957246317525,0.07311121268247511
10628,3.673955143,3.52497448168554,0.14898066131445997
10629,3.440056854,3.5920420399773265,0.1519851859773267
10632,3.102239013,3.500189520732685,0.39795050773268503
10641,3.804536145,4.852724432368544,1.0481882873685437
10648,4.50296088,4.252660449952079,0.250300430047921
10652,4.503203512,4.662929970615764,0.15972645861576407
10654,4.192738155,4.060944006597715,0.13179414840228443
10664,2.962832332,3.4948396674643574,0.5320073354643573
10665,4.298095128,3.121737764923455,1.1763573630765451
10674,3.252879988,3.5180493784098488,0.26516939040984866
10689,4.006371899,4.012260358310426,0.005888459310425809
10695,3.769408755,3.7956390445916064,0.026230289591606226
10696,3.286859239,3.4647035729965783,0.17784433399657829
10701,3.95492826,4.150217898222427,0.19528963822242673
10703,6.385142779,5.720451920083238,0.6646908589167619
10708,4.595292195,3.9390116335581165,0.6562805614418834
10711,3.905151089,4.11778832113715,0.2126372321371499
10712,5.296164805,4.4018957774052785,0.8942690275947216
10723,3.414896319,3.972481852899696,0.557585533899696
10724,3.776291181,3.8437216997234827,0.06743051872348271
10726,3.502940322,3.873388380287036,0.37044805828703575
10740,4.058029132,3.5810833709129706,0.47694576108702913
10750,3.72367845,3.53739368242393,0.18628476757606993
10752,3.594771268,3.363231540065189,0.23153972793481126
10755,3.755817708,3.4337688969382585,0.32204881106174144
10758,4.119554447,3.753213356375628,0.3663410906243718
10762,3.726462315,3.645564410323968,0.08089790467603208
10770,4.28530471,3.426397246812548,0.8589074631874523
10771,3.622304707,3.340651406820248,0.2816533001797521
10773,3.694846407,3.650368527742732,0.04447787925726798
10786,4.212990276,3.127212831833837,1.0857774441661632
10793,3.53121881,3.6502393648232947,0.11902055482329477
10805,4.253793828,3.829340666493507,0.42445316150649326
10812,3.053826045,3.7494633242896653,0.6956372792896652
10817,3.96672236,3.3172130116223144,0.6495093483776855
10824,3.121170547,3.6054747547701,0.48430420777009964
10828,3.560058285,3.4785922965682254,0.08146598843177477
10842,3.384915858,3.181827821105646,0.20308803689435395
10853,3.492969805,3.0091391928771425,0.4838306121228575
10861,3.247662361,3.689178656630462,0.4415162956304619
10865,3.870304392,3.343505397311689,0.5267989946883112
10873,3.872994489,3.8442747973274716,0.028719691672528302
10884,2.718304426,3.0532285092015887,0.33492408320158873
10900,3.14619492,3.6288858268373905,0.48269090683739035
10907,6.083230205,3.74619281818933,2.3370373868106697
10908,3.486290336,4.4256954529858525,0.9394051169858524
10912,4.25192063,3.9294960365461025,0.3224245934538974
10917,6.333005702,3.884836168627344,2.4481695333726563
10931,3.336847166,3.327725491194924,0.009121674805076196
10937,3.032019077,3.595581654606949,0.5635625776069486
10956,2.762648091,3.3393011131210675,0.5766530221210675
10988,3.848780534,3.76728425965343,0.08149627434656992
10991,2.938042577,3.3320182410805703,0.3939756640805703
10997,3.380760225,3.108229946787547,0.2725302782124528
11003,3.740162915,3.820222740666559,0.080059825666559
11007,2.884586518,3.398643103573037,0.5140565855730372
11010,3.596720769,3.459661155531594,0.13705961346840612
11035,4.13971296,3.8604710462891467,0.27924191371085305
11042,3.189321841,3.1311177156804946,0.05820412531950536
11075,3.378712756,3.9667478645924743,0.5880351085924742
11079,3.791641784,3.7728577808778976,0.018784003122102266
11081,3.31201036,3.7246169267268536,0.4126065667268537
11089,3.222433206,3.504721285383118,0.2822880793831182
11097,2.572375729,3.053335327338184,0.4809595983381838
11101,3.132381377,3.084511191725042,0.04787018527495812
11114,2.785532251,3.2471584840140912,0.46162623301409145
11116,3.303602793,3.7291075181147897,0.42550472511478965
11117,3.276798692,3.516342133153289,0.2395434411532893
11126,3.648239744,3.8921669736523246,0.2439272296523245
11151,3.672610722,3.5284916717331787,0.14411905026682126
11156,3.531134356,2.9715003319604976,0.5596340240395024
11168,3.653980467,3.8400654765119917,0.18608500951199192
11174,3.58786306,4.304844635547918,0.7169815755479183
11199,2.74095697,3.1192715846280423,0.3783146146280423
11206,3.178267032,3.77792694133468,0.5996599093346799
11208,3.956465312,3.8137547212897998,0.14271059071020042
11220,2.939552531,3.345094337204338,0.4055418062043379
11222,4.142471948,4.1297941606782995,0.012677787321700329
11236,3.081635302,3.42755631640363,0.34592101440363
11256,3.859185491,3.8740004356332927,0.014814944633292804
11260,3.239464933,4.029461870249491,0.7899969372494908
11265,3.394716224,4.361731641258697,0.9670154172586964
11283,3.108893739,3.6965012433122197,0.5876075043122198
11285,3.147955819,3.2443618193272536,0.09640600032725377
11304,3.10118743,3.0638680183046025,0.03731941169539743
11306,3.628857221,3.353678440815544,0.2751787801844561
11347,3.168486025,3.408443931582089,0.23995790658208893
11370,3.88375165,4.097457975349477,0.21370632534947687
11399,3.897397318,3.166989563951558,0.7304077540484419
11407,3.320655089,4.183524416893948,0.8628693278939479
11424,3.99292889,4.086609777598903,0.0936808875989028
11436,3.687493289,4.0001543136447895,0.3126610246447896
11447,3.048409431,3.279640615890178,0.23123118489017802
11468,4.310032833,3.666534085919103,0.6434987470808973
11494,3.039621191,3.051509895610156,0.011888704610155898
11504,4.283735024,3.7532730716855154,0.5304619523144849
11511,3.166839446,3.560471876468927,0.39363243046892693
11513,3.428028548,3.75176552995703,0.32373698195703016
11514,2.913885015,3.5202111283394246,0.6063261133394247
11526,3.730610704,3.901491650227381,0.17088094622738081
11543,3.79490735,3.731752221490585,0.06315512850941474
11544,3.625141508,3.5304583465698407,0.09468316143015931
11551,4.522563224,3.725069778443405,0.797493445556595
11553,4.436437339,3.9247965453096247,0.5116407936903755
11554,4.282727284,3.5227881040334714,0.7599391799665285
11556,4.200555403,3.5604433439659053,0.6401120590340947
11560,3.499591331,3.8071574765978284,0.30756614559782847
11562,3.052738818,3.1144923037081274,0.06175348570812744
11582,3.171713455,3.0521910552898106,0.1195223997101893
11583,3.058980349,2.9277243279077014,0.1312560210922986
11585,3.158556809,3.0609429948104316,0.09761381418956816
11588,3.385982703,3.2036406082397653,0.18234209476023455
11610,3.216599833,3.4900922609385083,0.27349242793850825
11624,3.408463275,3.44552959282776,0.03706631782775993
11627,3.165359753,3.5232423945942193,0.3578826415942191
11670,4.046339056,3.881501851699579,0.16483720430042093
11691,4.154749364,4.037960208648689,0.11678915535131029
11724,3.408942218,3.327845016836465,0.08109720116353492
11735,3.136318844,3.3976262734789895,0.26130742947898966
11736,3.411470286,3.553264366554632,0.14179408055463183
11743,3.166970056,3.5467107598246708,0.37974070382467096
11751,3.138469014,3.5273143796496584,0.38884536564965844
11765,4.490666323,4.028336105999311,0.4623302170006891
11775,2.907377998,3.705501946994957,0.7981239489949572
11808,4.004360149,3.613841057669505,0.390519091330495
11814,2.549419718,2.7201044194433344,0.17068470144333459
11816,2.346242117,2.2166862405755854,0.12955587642441468
11817,3.598739714,3.624542254293108,0.02580254029310769
11818,3.218822509,2.149360087977046,1.0694624210229544
11820,4.515012922,4.00575159908867,0.5092613229113301
11822,3.879319068,4.116349782203982,0.23703071420398203
11823,4.277083868,4.295832311320873,0.018748443320872887
11835,4.28033206,4.424867150039433,0.1445350900394331
11844,4.566592818,4.239527405356497,0.32706541264350353
11849,3.513065503,3.926287035367038,0.41322153236703807
11879,3.322293045,3.5295261892367362,0.20723314423673633
11892,4.247664699,4.0398894043094,0.20777529469060063
11914,1.93336429,2.0588937493993313,0.12552945939933124
11921,2.62881977,3.067258486045477,0.43843871604547724
11923,2.399509893,3.2269227162043466,0.8274128232043467
11933,3.220333621,4.036100824684108,0.8157672036841079
11949,3.557715534,3.814356602172275,0.2566410681722746
11954,3.506476169,3.4216468655823675,0.0848293034176324
11955,3.627511757,3.7021082211822542,0.07459646418225407
11972,6.182933272,5.464742046377999,0.7181912256220002
11976,3.745321204,3.72023378358567,0.025087420414330097
12058,3.656327727,3.420822231704563,0.23550549529543696
12060,3.502307875,3.5568199374917904,0.0545120624917903
12063,3.408072172,3.633006734153467,0.22493456215346708
12085,3.21368374,3.3599355658135286,0.14625182581352858
12088,3.247715558,3.3291481819185114,0.08143262391851147
12092,3.392202596,3.4640748544815545,0.07187225848155432
12093,3.295292583,3.480941185646041,0.18564860264604066
12098,3.470447244,3.7265889430422288,0.25614169904222894
12103,3.321324969,3.5375849726763793,0.21626000367637932
12107,3.329033611,3.414572444143971,0.08553883314397126
12118,2.706920073,3.2141216565197093,0.5072015835197092
12119,2.641666543,3.1335341832833055,0.49186764028330554
12121,2.632897999,3.169635455310708,0.5367374563107079
12124,2.667722682,3.1729768761835673,0.5052541941835673
12128,2.706920073,3.1814263204193884,0.4745062474193884
12136,3.650332154,3.9158811172799477,0.2655489632799477
12156,3.808583982,3.8964026627097343,0.08781868070973431
12183,3.584766432,3.901782898153028,0.3170164661530279
12185,3.554825805,3.678405274721029,0.12357946972102907
12196,3.135592156,3.370291211348225,0.2346990553482251
12199,3.82787049,3.816804998581415,0.011065491418584816
12211,3.053200714,3.5742070048404995,0.5210062908404995
12220,4.515132827,4.231757287177718,0.28337553982228236
12221,4.537244901,3.5415067051105185,0.9957381958894818
12241,2.465432426,3.126751774613035,0.6613193486130351
12246,2.339673335,3.1912958950298966,0.8516225600298966
12247,2.38379742,3.3989016636120417,1.0151042436120417
12248,2.315807717,2.8985188101299695,0.5827110931299693
12252,3.578940094,3.7537341112241998,0.17479401722419974
12264,2.568651924,3.036505607138662,0.46785368313866194
12280,3.514708013,3.8504668718029826,0.33575885880298273
12284,3.525022414,3.907147794374532,0.38212538037453214
12287,3.434568904,3.7345168619505644,0.2999479579505646
12320,3.176591882,3.8363364229382926,0.6597445409382927
12326,3.923345625,3.728334353317467,0.19501127168253296
12340,3.657359807,3.70401627367644,0.046656466676439745
12350,3.55354411,3.403001538148886,0.15054257185111375
12376,4.017669004,3.8988258875980835,0.11884311640191658
12392,3.166367418,3.500872157898987,0.3345047398989869
12395,3.410959346,3.464092509085321,0.05313316308532112
12422,3.915183529,4.151496140882457,0.23631261188245656
12435,3.596300135,3.7614997714170246,0.16519963641702473
12448,3.56921624,3.790517447249299,0.22130120724929903
12460,4.587935631,4.000337190120414,0.587598440879586
12462,2.592026446,3.6098183508386508,1.0177919048386506
12465,3.549066789,3.950785323648846,0.4017185346488463
12472,3.331132797,3.730431608602302,0.3992988116023022
12476,3.462634089,3.625362268790376,0.16272817979037635
12501,2.741581192,3.306621623830569,0.5650404318305688
12503,3.363351149,3.4901385942061247,0.12678744520612462
12509,3.2955671,4.019258057426974,0.7236909574269741
12515,3.438605956,3.4257471068205283,0.012858849179471665
12531,4.585410257,4.3909380194618155,0.19447223753818488
12563,3.709981287,3.665822176596892,0.04415911040310805
12565,3.975829921,2.9771462523817473,0.9986836686182525
12570,3.48055019,3.4436950061553193,0.036855183844680894
12576,3.328854417,3.3584519292115824,0.029597512211582355
12577,3.819759795,3.545823239136993,0.27393655586300714
12582,3.193817247,3.241735487170422,0.0479182401704219
12583,3.833324729,4.137704630407868,0.3043799014078683
12586,2.921446357,2.9269114990082983,0.005465142008298063
12588,4.733210644,3.8128098512703987,0.920400792729601
12600,3.48130993,3.7192596920785825,0.23794976207858243
12608,3.97100462,3.5150053340737824,0.45599928592621763
12617,3.727212914,3.901720207106314,0.17450729310631408
12624,3.69324944,3.6354684687233836,0.05778097127661663
12627,5.068497098,4.837719902531654,0.23077719546834619
12639,4.800555287,4.114458308079947,0.6860969789200526
12640,3.672330453,3.480055340913115,0.19227511208688464
12644,3.62823038,3.533295670588513,0.09493470941148718
12659,4.420282349,4.478176344092724,0.05789399509272375
12683,5.807961253,4.279509092567587,1.5284521604324128
12693,4.179596469,3.7319771127677566,0.44761935623224325
12696,3.73556611,3.63008655666946,0.10547955333054038
12705,3.661053189,3.7492159794177233,0.08816279041772335
12711,4.513007951,4.0560790144608045,0.4569289365391951
12720,3.415752152,3.7246900508750067,0.30893789887500667
12723,3.546571579,3.4772893827829248,0.06928219621707532
12728,3.843094786,4.017354781465819,0.17425999546581927
12739,3.814833602,3.9406215486570813,0.12578794665708104
12758,3.755081041,3.6515210980797272,0.10355994292027271
12767,3.44463335,3.8338991794226365,0.3892658294226363
12772,3.778748781,3.7824932845187895,0.0037445035187895215
12773,3.717230743,3.813552799757477,0.09632205675747718
12776,3.818257322,3.7310413250581416,0.08721599694185844
12778,3.713335433,3.701409938372745,0.01192549462725534
12780,3.415535896,3.3717984089839783,0.04373748701602187
12791,3.949267997,3.9715839872107157,0.02231599021071551
12814,3.524317287,3.7071432409740424,0.18282595397404222
12828,3.749217148,3.4140316649409614,0.3351854830590386
12830,3.307213937,3.7567789632146784,0.4495650262146782
12844,2.813409171,3.0425161248344987,0.22910695383449875
12855,4.382719275,4.077818802720116,0.3049004722798845
12862,3.516207381,3.859191048505139,0.342983667505139
12867,3.606505527,3.9150776003147185,0.3085720733147186
12871,4.709333574,3.8643825818419026,0.8449509921580978
12883,3.970631585,3.748759612800531,0.22187197219946908
12887,3.769267842,3.7939659003023816,0.024698058302381476
12890,4.033799328,3.89433023043954,0.13946909756045978
12891,3.687622906,3.770662690365895,0.08303978436589476
12901,3.560067711,3.8218563457813675,0.2617886347813676
12903,3.586918685,3.54670358708014,0.04021509791986011
12911,3.500168754,3.4523102689808516,0.04785848501914858
12915,4.148446689,3.938456980240376,0.20998970875962408
12934,3.70289533,3.700975775255734,0.0019195547442660832
12952,3.723666728,3.252556062772272,0.47111066522772793
12955,3.737759004,3.7496610424060526,0.01190203840605264
12958,3.910452116,3.643014004822018,0.2674381111779822
12964,3.723240524,3.621509916629846,0.10173060737015405
12967,3.967541736,3.6732459603913954,0.2942957756086044
12981,4.214877684,3.9670815002250714,0.24779618377492874
12999,3.719217311,3.7889832661684664,0.0697659551684664
13001,7.350914459,3.564565116538756,3.786349342461244
13023,3.698007286,3.65792961535678,0.04007767064322021
13038,4.208516215,4.011689729466452,0.1968264855335482
13053,4.470077812,3.782222355660693,0.6878554563393076
13067,4.087773533,3.4379309943149217,0.6498425386850784
13072,2.935630132,2.785366131614643,0.15026400038535703
13073,2.623898179,2.4812112454647686,0.14268693353523165
13077,3.423939528,3.2506788662695842,0.17326066173041577
13082,3.456724806,3.6489049175196833,0.19218011151968328
13086,3.799147487,3.6141764383648263,0.18497104863517366
13093,3.933830926,3.358007307741763,0.5758236182582372
13098,3.77350565,3.66346972481833,0.11003592518167027
13111,3.800753583,3.973971454158677,0.17321787115867693
13114,3.618070521,4.17809629107136,0.56002577007136
13115,4.66426244,4.938914344177222,0.2746519041772224
13116,3.743697306,4.006449761230035,0.2627524552300353
13146,4.403832977,3.623318512962217,0.7805144640377835
13147,3.785140362,3.6296014188170442,0.1555389431829557
13184,3.896819598,3.7897025816363406,0.10711701636365945
13196,3.78692557,4.007916288044532,0.22099071804453185
13209,4.839096589,3.9335920261570356,0.9055045628429648
13210,3.820553295,3.529689823645169,0.29086347135483104
13220,3.574942101,3.767964072854504,0.19302197185450387
13237,3.266039774,3.9422005971804435,0.6761608231804437
13245,4.160637665,4.084557188491703,0.07608047650829697
13246,3.701794571,3.71496162313273,0.01316705213272984
13248,3.691832676,3.7373314678622047,0.04549879186220451
13284,3.356259818,3.975785538825824,0.6195257208258242
13297,3.917065478,3.769203475132244,0.1478620028677562
13301,3.740967179,3.8517402125209945,0.11077303352099444
13312,3.550043994,3.688645003073943,0.1386010090739429
13323,3.874334073,3.901730341661774,0.027396268661774137
13325,3.824163039,3.451837173601286,0.37232586539871404
13327,3.524310331,3.509351324679076,0.014959006320923951
13328,4.222557519,4.152855536849813,0.06970198215018719
13330,3.461399471,3.3908050897435786,0.07059438125642137
13344,4.87818314,4.119386007408852,0.7587971325911482
13347,3.88750176,4.096197454196799,0.20869569419679923
13348,3.859411737,4.106036952586064,0.24662521558606398
13352,3.831026805,3.6619581434996125,0.16906866150038757
13354,4.940987593,4.049858291874017,0.8911293011259831
13361,4.826440419,3.927348878904734,0.8990915400952657
13367,3.584847934,3.6455816170850244,0.06073368308502447
13387,3.384794117,3.572036643400584,0.18724252640058392
13396,3.471605581,3.5862261613602997,0.11462058036029976
13397,3.902311668,3.9257464528942454,0.023434784894245553
13409,3.912695783,3.743828470107267,0.16886731289273316
13446,4.125492109,3.9085844485323666,0.216907660467633
13453,3.915300881,3.9515857666534853,0.03628488565348542
13457,2.981075278,3.2835064625838446,0.30243118458384455
13458,3.025924908,3.565680650990505,0.5397557429905051
13462,3.029211649,3.4504910909256474,0.42127944192564737
13470,3.060522577,3.3179519873130103,0.25742941031301037
13477,3.084019739,3.455598206590637,0.3715784675906373
13482,4.200364517,3.9296281171085914,0.2707363998914083
13484,3.641319844,3.7176360115628158,0.0763161675628159
13491,3.755429721,3.8513136577484914,0.09588393674849138
13493,4.142751376,3.920473905064336,0.22227747093566386
13497,3.60828812,3.8070909029599713,0.19880278295997122
13502,3.839849378,3.562995556207157,0.2768538217928427
13507,3.930046921,4.003951368427522,0.07390444742752189
13529,3.776217183,4.190618132682458,0.41440094968245766
13555,4.111907426,3.989991815607629,0.12191561039237131
13559,3.858602715,4.227820315424269,0.3692176004242693
13567,3.688572358,3.646067670802659,0.04250468719734091
13573,4.319261095,4.208590483854894,0.1106706111451059
13575,4.525680874,4.195464937279414,0.33021593672058547
13578,3.590056766,4.074041075859263,0.4839843098592631
13581,4.229166856,3.8001604417508483,0.42900641424915165
13625,4.406487774,4.060378152732502,0.3461096212674981
13628,4.248461586,4.291192105475606,0.042730519475605355
13631,4.323855155,4.279445989142975,0.04440916585702581
13641,4.862372822,4.606052965164366,0.25631985683563396
13662,4.271661581,3.7306672136258525,0.5409943673741475
13666,4.159021476,3.839691548229862,0.31932992777013824
13671,3.919689035,4.0181267233545706,0.09843768835457034
13672,3.848526397,3.8148753610910457,0.03365103590895435
13674,5.075028114,3.582792477113389,1.492235636886611
13705,3.821628146,3.395969199230526,0.42565894676947424
13721,4.340888978,3.987162527808139,0.35372645019186066
13727,4.542715692,4.572543845227637,0.02982815322763699
13733,3.383346122,3.3658393529234707,0.01750676907652915
13741,2.859212185,3.2696860860913577,0.4104739010913576
13769,3.81542425,4.074188903294723,0.258764653294723
13805,4.166926054,3.842102686037709,0.32482336796229117
13810,3.528620217,3.3082306190767365,0.2203895979232633
13821,3.68426352,3.761326736399535,0.07706321639953506
13822,3.835614711,4.176612488271197,0.3409977772711974
13823,4.221064865,3.5140624547105697,0.7070024102894301
13827,4.389374811,4.12667621797006,0.26269859302994014
13831,3.691447778,3.835568444048101,0.1441206660481007
13835,3.431028263,3.241946872627536,0.18908139037246396
13836,4.250551735,3.8142183793972793,0.4363333556027209
13852,3.265346208,3.2348129647271393,0.030533243272860666
13855,4.449202012,4.143539698920483,0.30566231307951686
13858,4.476045447,4.351945863493909,0.12409958350609074
13871,3.84231832,4.025698617461491,0.1833802974614911
13872,3.845682614,3.986530236079564,0.1408476220795638
13889,3.981556515,4.619474431663163,0.6379179166631634
13903,4.463715724,3.89198890701149,0.5717268169885101
13906,3.604478701,3.7855051847741734,0.1810264837741733
13908,4.099371746,3.808050592822542,0.2913211531774582
13919,3.323890064,3.943797234754237,0.619907170754237
13921,3.662314207,3.868164874661479,0.20585066766147886
13929,3.412804822,3.773338486914476,0.36053366491447614
13932,4.381537432,3.9133070181903498,0.46823041380965025
13941,3.674585602,3.828995440655999,0.1544098386559991
13969,3.596879727,3.7593221497946043,0.1624424227946042
13982,5.456669629,4.41808833736678,1.0385812916332204
13996,5.728648623,4.375482979539648,1.3531656434603514
13999,3.720383779,3.784083112963328,0.06369933396332783
14004,3.690208741,3.7886480165924232,0.09843927559242305
14049,3.65186895,4.3891220556715895,0.7372531056715896
14054,4.733271221,4.162342603130577,0.5709286178694226
14055,3.879710129,4.1826436598649135,0.3029335308649137
14057,3.719841532,3.845161619222042,0.12532008722204235
14062,3.990103014,4.111216053374691,0.12111303937469131
14075,4.819074293,4.145977204431835,0.6730970885681646
14079,4.335282899,4.38883638418262,0.053553485182620264
14080,4.458347254,4.179761903534601,0.27858535046539945
14087,4.28320961,4.135215741404013,0.14799386859598673
14091,3.384953128,3.6404104456670536,0.2554573176670538
14092,4.688648605,3.794557216317048,0.894091388682952
14096,3.435740874,3.5768294032079493,0.14108852920794934
14100,3.780043284,3.948667401204245,0.16862411720424486
14101,3.953621645,3.978585415853322,0.024963770853321687
14103,3.773678067,3.8233629543443994,0.04968488734439935
14105,3.942663432,3.7791738849378733,0.16348954706212648
14112,4.013194159,4.048068482043039,0.034874323043038835
14131,3.68267789,3.9947959245822156,0.31211803458221565
14135,4.70097515,4.697177523961067,0.0037976260389323002
14139,4.237633678,4.524037062333976,0.28640338433397616
14144,3.677189663,3.751633425943598,0.07444376294359811
14153,3.271241013,3.2695745240011913,0.001666488998808724
14188,3.667077536,3.7209408309015175,0.053863294901517644
14189,3.769305219,3.3175978769776946,0.45170734202230545
14191,3.985274871,3.217054130981372,0.7682207400186281
14193,3.677039601,3.8297141488739364,0.1526745478739362
14194,3.273112437,3.3333909712750707,0.06027853427507068
14219,3.568053021,3.6361586372198023,0.06810561621980238
14222,3.453732557,3.6113812725909336,0.15764871559093363
14230,3.621653641,4.038011582966647,0.41635794196664744
14231,2.734430963,2.9450491516646755,0.21061818866467563
14235,3.512197276,3.7968687876071305,0.28467151160713033
14244,4.343063779,4.416282103686323,0.07321832468632294
14245,3.667524662,3.3986638843026986,0.2688607776973013
14246,3.728143542,3.8190384322844744,0.09089489028447417
14255,3.563335505,3.623578596140381,0.060243091140380844
14263,4.8118749,4.065220080289921,0.7466548197100789
14267,3.614043676,3.6621905464609927,0.04814687046099264
14270,4.76466351,4.173286414624058,0.5913770953759423
14273,4.605483182,3.996032227964408,0.6094509540355926
14295,3.91371587,3.8565993641805116,0.05711650581948824
14299,2.872062317,3.2135727969606043,0.34151047996060413
14312,4.091515636,3.737655097434912,0.3538605385650877
14313,2.848269612,2.6980738616716122,0.15019575032838794
14319,2.850673061,3.0899746505733443,0.23930158957334413
14324,2.318244253,2.9066858181967072,0.5884415651967072
14355,3.029299549,3.184718994727926,0.15541944572792588
14358,3.029344202,3.3866181357048237,0.35727393370482385
14398,4.494913945,4.3432561497660025,0.15165779523399792
14405,3.314077992,3.461662451620153,0.14758445962015276
14414,5.726321997,3.9361102468700055,1.7902117501299948
14422,3.407125773,3.6410821576506063,0.2339563846506061
14423,4.36617632,3.0871074109494527,1.2790689090505474
14425,3.885727219,3.8461257151667065,0.03960150383329353
14428,2.789725347,3.2790287072436564,0.4893033602436563
14430,3.82266742,3.5812907831446115,0.24137663685538868
14436,3.286218178,3.443772996511105,0.15755481851110487
14437,2.921896096,3.509179802733784,0.5872837067337837
14450,4.408982381,3.7234200252528846,0.6855623557471158
14451,3.294294238,3.6842074589882734,0.3899132209882734
14453,4.220096128,4.2286260496120915,0.008529921612091762
14457,3.780688345,3.739507653771243,0.041180691228757116
14481,3.351596001,3.7311032885131015,0.3795072875131016
14483,4.179222247,4.034488423390926,0.14473382360907383
14493,3.414284098,3.950988410977467,0.5367043129774669
14495,5.243257683,4.4433834617524655,0.7998742212475349
14529,3.267854325,3.8027570787887544,0.5349027537887543
14532,3.798765245,4.559764007543137,0.7609987625431374
14555,2.919663733,3.1305694995424713,0.21090576654247117
14556,3.047629169,1.9721611589417105,1.0754680100582894
14563,3.577674359,3.9950528593756554,0.4173785003756554
14573,3.088504639,3.203427628476452,0.11492298947645185
14574,3.126185812,3.2957821827891873,0.1695963707891872
14576,4.078123912,3.885368327399601,0.19275558460039877
14577,4.656106005,3.9604499275634866,0.6956560774365133
14585,3.830088363,4.726432302644785,0.8963439396447845
14600,4.313665574,3.9690431905326395,0.3446223834673603
14608,3.741288723,3.4964976772769503,0.24479104572304955
14612,5.83983617,4.062867437169213,1.7769687328307873
14623,4.230862712,4.759071776531184,0.5282090645311834
14647,3.701944694,3.6756600362141563,0.026284657785843546
14654,3.664026667,3.6428764888700753,0.02115017812992459
14656,3.723729243,3.7169508900076864,0.006778352992313774
14661,3.674008856,3.696703204284229,0.022694348284229005
14670,1.724037972,2.792923824131269,1.068885852131269
14685,3.122199676,3.682260813398834,0.5600611373988338
14698,2.008411762,2.3727485583752475,0.3643367963752473
14700,5.37669697,4.936579946380635,0.440117023619365
14708,3.750398337,3.9683189988299183,0.21792066182991832
14764,3.7537901,3.3626266878605864,0.3911634121394134
14783,3.905321182,3.7838898354957995,0.12143134650420029
14786,4.084114215,3.9047927166918406,0.17932149830815902
14795,3.851751085,3.8511448629859966,0.0006062220140035102
14829,5.047864959,4.244617467305168,0.8032474916948322
14830,3.47000792,3.783352428867075,0.313344508867075
14870,4.960504549,4.5085822475672215,0.4519223014327789
14889,2.764001435,3.2270487065445823,0.46304727154458236
14891,3.251693636,3.304844974319422,0.05315133831942198
14895,3.35359046,3.1820535180006315,0.17153694199936842
14901,2.066416052,2.335431218898716,0.26901516689871574
14904,3.791342212,3.2013599796883025,0.5899822323116974
14908,3.629349945,3.502302312173238,0.1270476328267618
14922,4.115716499,4.481335942837436,0.36561944383743583
14929,3.831663771,3.6202873262281603,0.2113764447718398
14930,3.54822476,3.712511171234937,0.16428641123493692
14932,3.314245131,3.482081576820849,0.167836445820849
14933,3.87773867,3.57261189538535,0.30512677461464977
14940,3.410920007,3.505982873837129,0.09506286683712872
14945,3.920384242,3.581009454461096,0.3393747875389037
14955,3.64015087,3.512623946242739,0.12752692375726093
14960,3.698311549,3.748557795697378,0.050246246697378094
14963,3.643640529,3.491217215844648,0.15242331315535163
14968,3.00428245,3.1721658995138293,0.1678834495138295
14969,3.093992197,3.1950067477952917,0.10101455079529176
14972,3.521672629,3.316212373371519,0.20546025562848103
14975,3.326876685,3.1128380072285484,0.21403867777145136
14989,3.347276592,3.6420512250748693,0.2947746330748693
15002,3.868239591,3.5643971824616743,0.3038424085383258
15003,4.670695505,4.224562238900999,0.44613326609900117
15008,3.717902482,3.206220395873149,0.511682086126851
15009,3.794204931,3.615638401778703,0.178566529221297
15014,3.739927963,3.5181844382393996,0.22174352476060033
15015,3.140436388,3.547904338184275,0.4074679501842753
15021,3.917635526,3.8709199491901174,0.04671557680988281
15023,3.203777786,3.800605413749518,0.5968276277495184
15026,3.651017408,3.2103402252862825,0.4406771827137175
15028,3.342913726,3.5591466003532197,0.2162328743532198
15041,2.888497748,3.3282636087333652,0.43976586073336543
15065,2.590363862,3.539023719213028,0.9486598572130283
15074,3.408757078,3.1477321660636792,0.2610249119363206
15075,3.168026307,3.3978156000146553,0.22978929301465545
15087,2.191880578,3.834125196230933,1.642244618230933
15094,5.447348198,4.608541901348009,0.8388062966519909
15096,3.632199068,4.151790114882571,0.5195910468825713
15097,3.788426202,4.008574578433281,0.220148376433281
15101,2.626118321,2.1922816347237357,0.43383668627626415
15125,3.759454799,3.6324735884069295,0.12698121059307033
15139,2.991748687,3.479005570205695,0.48725688320569516
15140,4.984245526,3.9908309508659436,0.993414575134056
15161,3.220863522,3.4210836439950296,0.20022012199502948
15163,3.030368054,3.2562883423983915,0.2259202883983913
15169,4.21550009,3.2986869820222706,0.9168131079777293
15181,3.239338415,3.6717536255800685,0.43241521058006827
15186,3.20920959,3.8018320697879555,0.5926224797879556
15193,3.810809625,4.045993180144248,0.23518355514424805
15194,4.02383296,3.3841539524883313,0.6396790075116687
15210,3.158337076,3.5822856470813673,0.4239485710813673
15214,4.338614416,3.7486420010070156,0.5899724149929848
15223,3.550326648,3.4765652678930556,0.07376138010694433
15232,3.692583106,4.808263792094652,1.1156806860946524
15237,2.970158752,2.834723874611208,0.13543487738879234
15239,3.06347527,3.7430112070202415,0.6795359370202414
15240,3.191843956,3.5807001841822292,0.3888562281822292
15242,2.990780227,3.2569582498321035,0.26617802283210334
15254,4.981949679,3.644083088485542,1.3378665905144582
15255,3.36290797,3.4352665616252023,0.07235859162520208
15259,4.272215937,3.992431000822645,0.27978493617735545
15272,2.766369735,2.954076954293461,0.1877072192934608
15273,3.855218359,2.9965184608669255,0.8586998981330747
15308,2.140903248,3.229326231270891,1.088422983270891
15311,2.875887245,2.9628120094378305,0.08692476443783059
15313,4.980621199,3.7546320940612308,1.225989104938769
15319,2.75097487,2.718146542785173,0.03282832721482665
15326,3.751372597,3.5714163840235735,0.1799562129764265
15329,2.602638665,2.8898212078951007,0.2871825428951005
15339,4.257273151,3.893225145262856,0.3640480057371436
15352,3.927259123,3.6572334141532092,0.27002570884679056
15354,3.621547188,3.2667929844012202,0.35475420359877985
15355,1.868819577,2.6828168777477517,0.8139973007477517
15367,3.978340323,3.507965061849722,0.47037526115027806
15372,3.906340815,3.503374012837152,0.40296680216284786
15375,3.564048962,3.859720576758014,0.29567161475801385
15378,5.560287519,3.7432148523623314,1.8170726666376686
15383,2.489295204,2.6868112279781964,0.19751602397819656
15385,3.807950889,3.089479317307606,0.718471571692394
15389,4.771707477,5.301013980657861,0.5293065036578612
15390,3.38440539,3.1865988361960116,0.19780655380398837
15400,3.424809067,3.1189296824797883,0.3058793845202117
15412,3.968063921,3.707541152077542,0.26052276892245807
15415,2.912567441,2.9010561910558765,0.01151124994412367
15416,3.86465938,3.4588908342202784,0.40576854577972155
15423,3.751347545,3.497415218038261,0.25393232696173884
15424,1.282520877,2.7216732670974024,1.4391523900974024
15430,4.090296859,2.8133742632831016,1.2769225957168988
15431,3.907724785,3.326422041087906,0.5813027439120941
15450,3.326121848,3.96269431631388,0.6365724683138798
15455,2.671646201,3.1275212426173655,0.45587504161736536
15461,4.554001211,3.7753755936337567,0.7786256173662434
15463,3.321427192,3.1609591316747334,0.1604680603252664
15465,3.233605219,3.1956865380402926,0.03791868095970763
15476,3.63596818,3.2200389084698555,0.41592927153014436
15483,2.358431982,3.077616120512574,0.7191841385125741
15489,4.299413587,3.813397393167557,0.4860161938324432
15494,3.701567985,3.7635739346271824,0.06200594962718231
15501,2.980526029,3.1795216107294637,0.19899558172946374
15512,3.547164049,3.829002386514291,0.28183833751429077
15515,2.921469708,3.139770122623404,0.21830041462340377
15518,2.308975613,2.2934446931961734,0.015530919803826482
15519,2.436269771,2.3261875126997404,0.11008225830025964
15520,2.066468916,2.279452396823478,0.2129834808234783
15537,3.981256695,3.8200971629094598,0.16115953209054013
15546,3.848476498,3.6582656737965884,0.19021082420341173
15556,3.390202547,3.9647923283325337,0.5745897813325338
15569,3.690527435,2.744531296563994,0.9459961384360058
15579,3.881454402,3.6564304064277873,0.22502399557221286
15618,3.746833594,3.7813482412361745,0.03451464723617459
15624,3.673840117,3.3836531613511736,0.29018695564882657
15626,2.356234841,3.334223291565933,0.9779884505659329
15639,3.675095211,3.6146607127274613,0.06043449827253866
15642,3.638201629,3.76203998281977,0.12383835381977004
15650,2.848883296,2.632788319547899,0.21609497645210096
15662,2.792876148,3.328134402318825,0.5352582543188249
15672,4.175289194,3.5379623628418604,0.6373268311581399
15674,2.347768968,2.3533708175545636,0.005601849554563554
15675,5.342976218,4.001472602033144,1.3415036159668565
15684,3.391760709,3.681772125750901,0.2900114167509007
15709,3.6926693,3.7225813503752345,0.02991205037523459
15715,3.833274639,3.599466046463345,0.2338085925366551
15721,3.373403067,3.760481335990351,0.38707826899035114
15736,2.778839757,2.9304082645596936,0.15156850755969353
15744,2.699398297,3.391099765785761,0.691701468785761
15748,4.104372718,3.450586585477397,0.6537861325226024
15750,3.900252736,3.2894907134961286,0.6107620225038715
15757,5.716188714,4.838928079367371,0.8772606346326297
15764,3.425188473,3.4077044294396956,0.017484043560304308
15773,3.966185998,3.641110358224985,0.32507563977501475
15774,3.635192779,3.7517414320098545,0.11654865300985451
15783,3.70256539,3.7142422178569348,0.01167682785693458
15788,3.227144687,3.087240671845816,0.13990401515418416
15792,3.380700753,3.167731873755197,0.21296887924480323
15812,4.081223823,3.773698201734605,0.3075256212653952
15837,3.917176294,3.81122099451985,0.10595529948014981
15839,4.371861803,4.538822265908251,0.16696046290825084
15846,5.052596481,4.610187399332716,0.4424090816672841
15849,3.762396777,3.5576792138159714,0.20471756318402878
15851,4.079988131,3.9356321799912313,0.14435595100876908
15869,3.437239535,3.524678882696698,0.08743934769669837
15887,5.055120555,4.629297601789774,0.42582295321022645
15904,4.723385063,4.422832099089409,0.30055296391059105
15905,4.481157464,4.4996234941844575,0.018466030184457694
15906,4.212128984,4.279361869882434,0.0672328858824347
15908,4.723273378,4.6036943760542,0.11957900194579985
15932,2.844438515,2.9794817227491057,0.13504320774910594
15934,3.263545177,3.7627460609921375,0.49920088399213736
15941,3.853666817,3.7045557363913946,0.14911108060860556
15942,3.485146853,4.344684792208612,0.8595379392086118
15972,1.501254342,1.9650291322538869,0.4637747902538869
15973,1.451734314,1.948363654418406,0.4966293404184059
15978,1.834159054,3.15433971770255,1.3201806637025502
16027,1.215447733,1.7835332755382145,0.5680855425382145
16040,3.191982844,3.5586865007074238,0.3667036567074238
16048,4.37267671,3.9512241820318295,0.4214525279681709
16050,4.01479626,4.10674919641049,0.09195293641049052
16079,3.990420259,3.6880480255821984,0.3023722334178016
16082,3.634880141,3.959706583419001,0.3248264424190008
16095,2.915221561,3.356554540088256,0.44133297908825586
16100,3.262828062,3.0989819625605026,0.16384609943949746
16111,2.722433917,3.4195290701152317,0.6970951531152316
16113,3.377518731,3.202271869213476,0.17524686178652393
16114,3.226463203,3.6188957495931273,0.39243254659312754
16123,3.144117026,3.447595043689911,0.303478017689911
16136,3.096459992,3.45708596603746,0.3606259740374598
16163,3.408642406,3.477116583803129,0.06847417780312925
16175,3.389736497,3.560505633099756,0.1707691360997563
16188,4.310990527,4.110018067841135,0.20097245915886575
16191,3.730935048,3.69540402814521,0.035531019854790014
16226,3.254549285,3.4542583729848038,0.1997090879848038
16228,3.720214024,3.823096031649424,0.1028820076494239
16232,3.440856628,3.4974969693364155,0.05664034133641538
16237,3.987800286,3.7229162123093427,0.2648840736906575
16245,3.002941274,3.5400446975996496,0.5371034235996497
16246,2.95002193,3.6922435812960916,0.7422216512960915
16264,3.307484152,3.423523806214012,0.11603965421401208
16268,4.052545177,3.8742738415381597,0.17827133546184015
16273,3.027079096,3.102898279166494,0.07581918316649405
16281,3.822748495,3.825962923216716,0.0032144282167161364
16306,3.558910475,3.7836413162289673,0.22473084122896747
16310,2.741584102,3.0154895729966102,0.2739054709966102
16313,2.647788709,2.469551412943625,0.17823729605637473
16315,4.204720342,3.9471502566433694,0.2575700853566305
16320,4.222616543,4.193161658846979,0.029454884153021332
16324,4.122974261,3.8804796420868195,0.24249461891318091
16335,4.261660572,4.003508206744425,0.25815236525557506
16399,2.687593813,2.9493321287746035,0.2617383157746036
16412,4.093956842,3.1974226716488103,0.8965341703511895
16416,3.540325005,3.6060377575434863,0.06571275254348619
16439,3.704477361,3.6273090554812444,0.07716830551875553
16451,3.622803442,3.570842601748988,0.05196084025101211
16454,3.535696393,3.1578307956858755,0.3778655973141243
16456,3.257482286,3.6554988290266284,0.39801654302662826
16460,4.416869562,3.941712675740921,0.4751568862590787
16461,3.86652178,3.471944918560953,0.3945768614390466
16462,3.562014436,3.3836197330981235,0.17839470290187665
16465,3.809317671,3.175879407948742,0.633438263051258
16469,3.970224958,4.076757698991317,0.10653274099131682
16470,4.19293348,4.162530631115459,0.030402848884540923
16474,3.590953235,3.6761333093034767,0.08518007430347652
16477,3.723752684,3.703756940563437,0.01999574343656274
16480,3.41385276,3.2164918312115613,0.1973609287884388
16491,3.274204048,3.4688440184357776,0.19463997043577752
16494,4.156456908,3.8628965008518237,0.2935604071481763
