ligand_id,y,prediction,abs_residual
28,3.474002368,3.874082203710282,0.40007983571028216
32,3.844848019,4.080878372658564,0.23603035365856373
35,4.64599979,3.9657966900215693,0.680203099978431
42,3.368453189,3.5296661324121805,0.16121294341218073
44,3.279164537,3.258234328289827,0.020930208710173037
52,3.641734078,3.6759672933353884,0.03423321533538859
80,3.626219292,3.910674155747384,0.28445486374738405
84,4.651597954,4.0594315276433095,0.5921664263566901
103,3.355582864,3.916064287160715,0.5604814231607151
106,3.372007596,2.750795953834661,0.6212116421653389
108,4.254464761,4.083010149083395,0.17145461191660516
127,4.287178378,3.735360473739524,0.551817904260476
134,3.937195421,3.754427059681415,0.1827683613185851
139,5.270849192,5.830698211098536,0.5598490190985359
141,3.801412286,3.4316962385804515,0.36971604741954867
207,2.485202106,3.2231320639446217,0.7379299579446217
213,3.335181605,3.648218811097682,0.31303720609768204
222,4.232044192,4.235664229079912,0.0036200370799122084
233,2.924431595,2.6592013471534885,0.2652302478465116
240,7.307492436,5.87958756363385,1.4279048723661507
248,3.787628062,3.5363672193476035,0.25126084265239657
250,4.941171677,4.264112390604954,0.6770592863950462
253,4.054398261,4.437143401634213,0.3827451406342126
254,4.462175445,4.563021212767224,0.10084576776722454
294,5.007827309,5.613596218656011,0.6057689096560113
336,3.924008762,3.102560271429192,0.8214484905708082
381,3.871304573,3.89236491983166,0.021060346831659693
382,4.181635406,3.6294712816367354,0.5521641243632645
398,3.439154807,3.1656845837824825,0.27347022321751746
402,2.137742048,2.5265998289769005,0.3888577809769007
414,3.948851379,3.931614005719499,0.017237373280501345
422,5.335057523,3.8726331047682327,1.462424418231767
423,2.091380654,2.0316367712209553,0.05974388277904463
424,3.839638975,3.981141363618072,0.14150238861807196
425,3.766619166,3.905231386484461,0.1386122204844611
426,1.889741378,2.4515085364057416,0.5617671584057415
429,3.209648341,2.7122410387299585,0.4974073022700414
447,3.541719974,3.6731336041053617,0.1314136301053619
449,6.170365184,5.558728604942457,0.6116365790575422
454,4.140555252,3.8725666935149143,0.26798855848508607
467,3.942508754,3.5114069756025916,0.43110177839740826
470,2.812857088,3.2868094632940292,0.47395237529402934
479,3.685979528,3.6703739646563287,0.015605563343671136
502,2.484257413,2.648229450573449,0.16397203757344903
513,3.167876338,3.2405567723232562,0.0726804343232561
525,4.817161221,4.437910532242819,0.37925068875718093
534,2.15207513,2.357454932234217,0.20537980223421703
544,3.578840586,4.021977203291988,0.44313661729198817
554,2.723734902,3.1840726526386662,0.46033775063866633
566,4.089816125,4.154463656601239,0.06464753160123937
567,2.870153628,3.799527958855429,0.929374330855429
573,3.325503254,3.1870978160886154,0.1384054379113846
586,3.556282938,3.518411116535109,0.037871821464890765
587,1.683839471,1.9745060778975103,0.29066660689751034
595,5.837828244,3.7204619039710907,2.117366340028909
609,3.262564086,3.712941146080719,0.4503770600807191
611,1.934539093,2.0417611991728686,0.10722210617286865
612,3.690395292,3.54268002713861,0.14771526486138997
613,3.342217135,2.4782883811909557,0.8639287538090441
615,3.37927192,3.39503515983771,0.01576323983771033
619,3.462803649,3.2209128771764286,0.24189077182357144
648,1.315746497,2.188220745970807,0.8724742489708073
670,4.125292997,3.779090237012615,0.3462027599873849
698,2.486175353,3.3997483112629663,0.9135729582629661
702,3.951761984,3.832362676901581,0.11939930709841917
704,3.319281339,3.567940286095932,0.24865894709593173
710,1.957926387,2.7341930897524986,0.7762667027524985
716,3.279130588,2.67417770786364,0.6049528801363602
722,2.000487859,2.360719813504121,0.3602319545041208
725,1.919521579,2.1162792777913726,0.19675769879137261
767,3.783840193,3.582266083135598,0.20157410986440194
790,4.359774472,3.9659442563226994,0.39383021567730037
792,2.877351016,3.7095611310599717,0.8322101150599717
796,2.995720485,2.849551550002855,0.1461689349971449
797,3.01755561,2.945525302870385,0.07203030712961489
810,5.121013098,4.531616260342449,0.5893968376575511
813,2.651625933,3.277059986047193,0.6254340530471931
816,2.336537702,2.6781526268087514,0.3416149248087512
820,3.770245539,4.060187725664238,0.2899421866642382
831,4.000506382,3.655008074819835,0.3454983071801654
834,5.348949078,4.157225516434116,1.191723561565884
835,0.832698709,2.4201591905296573,1.5874604815296574
836,4.621654217,3.6584103973585904,0.9632438196414093
838,3.749804805,3.1336680677277178,0.6161367372722824
842,3.772088521,2.8435500878392803,0.9285384331607198
843,3.326761752,3.289055726883795,0.03770602511620469
850,2.293611638,2.364550319439094,0.07093868143909443
851,2.680404494,2.479218198843443,0.20118629515655684
855,3.22922379,4.075415160143688,0.8461913701436883
865,1.318469136,3.5554690963168176,2.2369999603168176
871,3.445095558,4.161246915586464,0.716151357586464
874,3.647706525,3.7468983146492105,0.09919178964921072
880,3.650305788,3.796932469381563,0.1466266813815631
883,2.932961114,3.1358664494771595,0.20290533547715972
888,2.715599485,2.6412152247018,0.07438426029819967
897,3.587005004,3.3744423773593346,0.21256262664066528
902,3.263515086,3.847143138811375,0.5836280528113749
904,4.203132651,3.741574338956342,0.4615583120436577
905,3.703971159,3.546650073859756,0.1573210851402438
906,3.636811956,3.2547865828521427,0.3820253731478571
910,3.041879349,3.0440329636480157,0.002153614648015889
920,3.502802527,3.367006058726845,0.13579646827315495
929,2.946637821,3.3522488195087297,0.4056109985087297
937,3.134157975,3.182748812182412,0.048590837182412194
948,3.416836811,3.47569448473813,0.05885767373812989
965,2.993304669,3.380394190385504,0.3870895213855041
970,2.338321155,2.9140815799063193,0.5757604249063193
980,3.121999132,3.4887213595668394,0.36672222756683936
986,2.872551201,3.3719354829525985,0.49938428195259865
993,3.153565899,3.6786234001266562,0.5250575011266561
1009,3.724425096,3.6373906603830233,0.08703443561697677
1014,4.188683236,3.7098444473973347,0.4788387886026655
1021,3.305673746,3.155336540633315,0.15033720536668493
1036,3.576040731,3.21786967595502,0.35817105504498015
1038,3.373577656,3.3470163060328373,0.02656134996716286
1041,3.310143637,2.885415787187419,0.42472784981258105
1048,2.917856385,3.340199530511658,0.42234314551165797
1065,2.494868676,2.6762030398449688,0.18133436384496893
1068,3.314808313,2.9677046031788246,0.34710370982117533
1069,3.103553282,3.63475303470011,0.5311997527001098
1070,3.106968628,2.723288422167885,0.3836802058321154
1079,3.007891585,2.629129423935808,0.3787621610641918
1080,3.087106492,3.2689415089489646,0.18183501694896442
1108,2.946637821,3.573066454188971,0.6264286331889712
1109,2.193668518,2.6938464838548883,0.5001779658548884
1110,2.438187807,2.4095018435359274,0.028685963464072373
1112,2.909523343,2.9379278610584088,0.028404518058408712
1118,3.152631916,2.793586099450639,0.35904581654936063
1119,3.266519145,3.772482316400627,0.505963171400627
1131,2.031754104,2.6337234763999064,0.6019693723999064
1139,2.809963522,2.8957491300961546,0.08578560809615476
1143,3.862392573,3.7060462700047823,0.1563463029952179
1162,3.560809635,3.4611249585108923,0.09968467648910773
1168,3.660429068,2.9419060615956227,0.7185230064043773
1174,3.779696233,4.030893897303265,0.2511976643032652
1183,3.071526084,2.4255064810246165,0.6460196029753833
1187,3.952961867,3.7389307850223963,0.21403108197760368
1194,3.097590453,2.835968500471883,0.26162195252811715
1209,4.379464842,3.8684932088568473,0.5109716331431526
1210,3.619344465,2.93260182493638,0.6867426400636201
1221,5.520013569,5.033834269467703,0.48617929953229666
1240,3.103617408,3.2892464013905247,0.18562899339052485
1246,3.624973848,4.005387990842908,0.38041414284290775
1256,3.719983593,3.377812918836947,0.3421706741630528
1266,2.260141566,2.535789882675436,0.275648316675436
1271,4.119641577,3.7042480562712963,0.41539352072870406
1287,3.64758522,3.5911973290329344,0.056387890967065424
1301,1.747596286,2.482671463085179,0.7350751770851789
1306,4.105784078,3.9304501213052867,0.1753339566947134
1314,4.867303981,3.9645479074765424,0.9027560735234577
1319,3.597463863,3.7504645022310057,0.1530006392310055
1321,2.237671847,2.3754720239812626,0.13780017698126246
1327,2.834206757,2.7731541964312485,0.061052560568751524
1340,4.275441892,4.572813642317915,0.2973717503179154
1345,4.214487751,4.194043583964124,0.02044416703587615
1353,2.411280151,3.1236482306276074,0.7123680796276073
1358,2.727143469,2.773469898074768,0.046326429074767805
1363,3.017962644,3.3253260534330225,0.30736340943302265
1368,2.488283467,3.133282095993432,0.6449986289934322
1373,4.500270103,4.172359698521115,0.3279104044788852
1383,3.345786681,3.306522243501278,0.03926443749872188
1395,2.244447418,2.5598468110320605,0.31539939303206044
1410,3.952773834,4.06677092173892,0.11399708773892003
1411,4.774303781,3.769374972470407,1.0049288085295935
1415,3.906265042,4.180716078035727,0.27445103603572685
1417,4.411733638,3.9943636175918145,0.4173700204081858
1428,4.280088716,4.066275552578778,0.21381316342122147
1437,3.738879546,3.97597884744719,0.23709930144719005
1438,2.559647826,3.104959260173632,0.545311434173632
1448,3.40942078,3.9958355976499726,0.5864148176499726
1461,4.005850279,3.763349899078653,0.24250037992134654
1463,4.037956476,3.843917289523387,0.1940391864766129
1464,3.47284174,3.766500432998234,0.2936586929982341
1467,3.086093812,3.5742848051557656,0.48819099315576553
1476,2.875476058,2.679120471416711,0.19635558658328867
1480,2.751851044,3.0470443980134077,0.29519335401340774
1487,1.959948066,2.460953733670493,0.5010056676704933
1497,4.136836456,4.997928308823515,0.861091852823515
1505,3.238703759,3.571700518577977,0.33299675957797703
1506,3.821255615,3.686364675396295,0.13489093960370502
1511,3.300754131,3.9947653246081622,0.6940111936081621
1512,3.977427989,3.882167988729626,0.09526000027037407
1514,3.096881059,3.5027755401513687,0.4058944811513685
1518,3.434029693,3.6128817234608985,0.1788520304608987
1533,3.545374751,3.5036543506906885,0.04172040030931168
1534,5.762244135,3.790411594153447,1.9718325408465533
1539,4.427951098,4.379812401128917,0.0481386968710833
1542,2.243529144,2.6563541561396753,0.41282501213967526
1543,2.254552911,2.125660978346063,0.12889193265393706
1544,2.233581125,2.7031740683915233,0.46959294339152313
1548,1.885008917,2.5228949085280643,0.6378859915280644
1554,3.648802606,3.8288144341809565,0.18001182818095662
1557,2.745843012,2.8493996739642222,0.10355666196422231
1591,4.032855942,2.702440933659944,1.330415008340056
1593,3.195489988,3.5312038399936165,0.3357138519936167
1596,4.008166435,2.8957641221391364,1.1124023128608633
1598,4.38955884,3.2251664216127773,1.164392418387223
1602,2.988017543,3.282852294910795,0.2948347519107948
1612,3.702826736,3.1076911802317517,0.5951355557682483
1619,3.817188788,3.601712204160332,0.21547658383966795
1639,3.860237213,3.992186108619306,0.13194889561930578
1649,2.356862264,2.7522460437546665,0.39538377975466643
1658,3.815782847,3.6949425603102424,0.12084028668975755
1675,3.724396356,3.32747379537095,0.3969225606290503
1676,3.335253673,3.059890616973405,0.27536305602659494
1703,3.007470389,3.267286488319587,0.25981609931958705
1710,3.418486352,3.6072372870527407,0.18875093505274076
1720,2.959994838,2.7898687201739016,0.17012611782609843
1742,2.911593683,3.0441010751168616,0.13250739211686158
1743,2.754384744,2.73506581332572,0.019318930674280033
1748,3.340493689,3.4421447794125504,0.10165109041255027
1767,2.46691085,3.0974815327451335,0.6305706827451334
1772,3.726655513,3.277690808073013,0.4489647049269867
1773,3.262315005,3.8922764382731545,0.6299614332731545
1780,1.327818309,3.2720399591664884,1.9442216501664884
1782,3.528586173,3.3984904949510533,0.13009567804894662
1786,2.733056528,3.4608674191860738,0.7278108911860737
1787,3.301554451,3.7472395010877464,0.4456850500877465
1789,4.389322465,4.377279745800379,0.012042719199620855
1792,3.678523345,3.3365797273429774,0.3419436176570225
1797,3.53848576,3.9817773071451565,0.4432915471451566
1798,2.333642558,3.029850454389284,0.6962078963892839
1800,2.748234071,3.240703254287231,0.492469183287231
1810,3.544767178,3.548900525652516,0.004133347652516051
1822,2.889184545,2.9641349461434223,0.07495040114342233
1824,3.728343635,3.185959409404315,0.542384225595685
1826,3.920806632,3.7035743339496006,0.21723229805039956
1828,3.474889772,3.273182152783471,0.20170761921652902
1834,3.542136018,3.3453824218438473,0.19675359615615262
1845,3.74878787,3.803043942884928,0.05425607288492795
1864,2.133692946,2.8841629451600332,0.7504699991600332
1865,2.763877031,3.4225814279820224,0.6587043969820225
1866,2.091147741,2.223316847035499,0.13216910603549925
1873,3.305673746,3.0985519897130476,0.2071217562869525
1874,3.475791697,2.8935409226184237,0.5822507743815764
1879,3.553126338,3.3578011619118056,0.19532517608819466
1880,3.320331186,3.389964596088572,0.0696334100885716
1884,3.258076696,3.438397447266732,0.18032075126673197
1887,3.559823296,3.3609872593643684,0.19883603663563143
1895,3.45679556,3.546326062090384,0.08953050209038382
1897,3.757466525,3.5703372006827436,0.18712932431725626
1911,2.987037304,3.2087128877529745,0.2216755837529747
1920,3.772256492,3.6430697736333997,0.12918671836660023
1938,4.075121354,3.5242858284672764,0.5508355255327237
1940,4.842386687,4.4153028207282565,0.4270838662717438
1942,2.90218143,4.049749053247209,1.1475676232472085
1947,4.528376709,3.9014677386427534,0.6269089703572464
1954,3.324352284,3.1404263640789587,0.18392591992104146
1957,2.847990576,3.539891659044626,0.6919010830446259
1962,3.574609941,3.6013021820710263,0.026692241071026412
1979,4.018669298,3.758187358643398,0.2604819393566018
1980,2.942052721,3.7863387868458065,0.8442860658458065
1981,2.97012983,2.9882737023720902,0.018143872372090364
1982,3.669389205,2.892071098116335,0.7773181068836648
1986,2.845662256,2.711080272470813,0.13458198352918682
2008,3.067337479,2.9355610821745035,0.13177639682549636
2017,3.158397677,3.4289052831150606,0.27050760611506064
2018,2.915363819,3.4975403956895974,0.5821765766895974
2027,3.915153859,4.000043593001537,0.08488973400153643
2028,3.791383652,3.792005560863348,0.0006219088633478975
2033,3.967933208,3.983998832535474,0.01606562453547422
2034,3.899710504,3.802870294650968,0.09684020934903215
2036,3.817262214,3.7025117536116885,0.11475046038831138
2037,4.013411687,3.4826191981993375,0.5307924888006621
2040,3.85322547,4.230600622576832,0.37737515257683185
2046,4.026616169,4.022435171891304,0.004180997108696793
2069,2.924178743,2.8436722529798337,0.08050649002016641
2083,3.712049607,3.8256682582107744,0.11361865121077441
2121,2.744450141,2.9465201157112295,0.20206997471122934
2141,3.277641953,3.097681899098741,0.1799600539012589
2147,3.338780102,3.1595380848667816,0.1792420171332183
2154,3.631302182,3.824767479487851,0.19346529748785057
2164,4.438978095,4.078903116147905,0.3600749788520954
2166,3.945010414,3.147654015563398,0.7973563984366021
2171,4.263860061,3.905986181498703,0.3578738795012968
2172,3.812799014,3.9908922748715705,0.17809326087157062
2182,4.233640724,4.098348732071764,0.13529199192823604
2183,5.336552785,3.87962995603762,1.4569228289623801
2192,4.251768976,4.090788625833913,0.16098035016608758
2193,4.186761452,4.192875191966653,0.00611373996665332
2195,3.371648587,3.77129537255548,0.39964678555547994
2197,3.517200612,3.391505191620622,0.12569542037937786
2198,2.767094244,2.9767205782589223,0.2096263342589224
2212,2.809092344,3.538890845296368,0.7297985012963677
2214,4.55720849,3.638635927935262,0.918572562064738
2222,3.297094885,2.908764280572983,0.3883306044270167
2227,3.260535549,3.887289327827888,0.6267537788278879
2239,5.691682543,3.719942872352229,1.9717396706477706
2249,2.921122654,2.3570023604490684,0.5641202935509315
2252,2.87743254,3.3723256904617718,0.49489315046177174
2263,4.68268301,3.6718280374677614,1.0108549725322384
2267,3.870672566,3.965968403778519,0.09529583777851869
2287,3.745411838,4.14178913130567,0.39637729330566973
2290,3.471079729,4.346271948737124,0.8751922197371242
2294,3.82108637,3.5724266680677372,0.24865970193226294
2297,3.33724114,2.9909192502600916,0.3463218897399085
2305,4.587561312,4.447482492439009,0.14007881956099144
2307,3.516976621,3.212304399686846,0.3046722213131541
2321,3.062909827,3.2452693213066253,0.18235949430662535
2341,2.965295796,2.707629226461026,0.2576665695389737
2349,3.410695908,3.2200574602794743,0.19063844772052585
2373,3.214669277,3.179916752186556,0.03475252481344393
2381,3.938407412,4.371715478996045,0.4333080669960445
2405,3.682261148,3.6282780002064303,0.0539831477935695
2410,4.475346678,3.6426161091675664,0.8327305688324338
2416,4.136674916,3.8148245405671637,0.3218503754328359
2424,3.931268398,4.064992678708164,0.13372428070816378
2451,4.454413261,4.877075511109002,0.4226622501090018
2456,3.309742511,3.8993960813515978,0.5896535703515977
2470,3.466420404,3.3749806858209994,0.09143971817900054
2477,3.871251144,3.821998668525737,0.0492524754742627
2482,3.235936038,3.0823320442098923,0.15360399379010792
2483,3.647722741,4.152088810464157,0.5043660694641572
2487,2.745426147,2.606727711000658,0.13869843599934173
2493,3.890937484,3.1098649725396936,0.7810725114603065
2498,3.580342432,3.313333093833184,0.26700933816681616
2506,3.284977863,3.272119600370576,0.012858262629424022
2508,3.6772447,3.349252181652063,0.3279925183479371
2527,4.065328913,3.62241552339113,0.44291338960886995
2528,3.835299425,3.2757403600761443,0.5595590649238558
2537,3.35852282,2.6928280812758842,0.6656947387241159
2539,3.059108818,3.2727275644129374,0.21361874641293754
2540,3.526726867,4.483428690012579,0.9567018230125788
2543,3.225813081,3.477449818909934,0.251636737909934
2544,3.114420814,2.6795486795962042,0.4348721344037956
2546,4.563154851,4.252388781268197,0.31076606973180354
2559,4.694968526,3.894224354982806,0.8007441710171941
2560,4.396858138,3.5261557792858738,0.870702358714126
2561,4.089756006,3.162597633832834,0.9271583721671659
2562,3.56840499,3.0727866827960626,0.4956183072039373
2569,4.493926848,4.122098375732376,0.37182847226762394
2592,3.628470023,3.5454036306752483,0.08306639232475188
2593,3.233125444,3.53352762404455,0.30040218004455
2594,3.42667529,3.5657406941553313,0.13906540415533142
2596,2.52328679,2.9566684698656505,0.4333816798656507
2597,2.980502678,3.229823497681217,0.24932081968121667
2601,4.672435988,3.6892497386773746,0.9831862493226255
2602,4.116443543,3.398549340994026,0.717894202005974
2615,3.664119608,3.8685265947509677,0.2044069867509677
2632,4.16521464,3.3056227416578023,0.859591898342198
2633,3.369368019,3.630186608709904,0.260818589709904
2634,3.552053008,3.204023655473817,0.3480293525261833
2635,2.411872129,2.9495824798513297,0.5377103508513299
2640,3.276556006,3.424197134137872,0.147641128137872
2648,3.597062454,3.632174796959588,0.035112342959588094
2649,3.619294622,3.662191270933184,0.0428966489331839
2650,3.487749272,3.630405229182864,0.14265595718286406
2663,3.948752737,4.112942251942792,0.16418951494279233
2664,4.266590324,4.174576559513514,0.09201376448648624
2669,4.307564554,2.698010238131829,1.6095543158681709
2675,2.874015667,3.146581300374083,0.2725656333740827
2679,3.744200133,3.9779432069803233,0.23374307398032323
2691,3.424160479,3.4360396875422197,0.011879208542219466
2695,2.720686341,3.04682089636034,0.3261345553603401
2696,3.41618101,3.2213980126820543,0.19478299731794557
2719,2.794611958,2.925560325915682,0.13094836791568198
2725,3.640118258,3.7228697890000637,0.0827515310000635
2731,3.936285393,4.172128128905436,0.23584273590543647
2740,3.696311603,4.148919527912101,0.4526079249121011
2743,4.205892483,4.127255885468708,0.07863659753129237
2744,4.023552275,4.119839831505794,0.09628755650579368
2746,3.965560328,4.199310770353547,0.2337504423535468
2747,4.023552275,4.109924547038213,0.08637227203821318
2748,3.965560328,4.134082380865643,0.16852205286564326
2751,3.95033315,4.063255511155781,0.11292236115578058
2752,3.997341598,4.163865797743418,0.16652419974341814
2756,4.483814487,3.964426989710444,0.5193874972895562
2759,2.615368951,2.942854236088116,0.3274852850881156
2766,3.676900911,3.603012994822033,0.0738879161779673
2773,3.600237565,3.6585443057869718,0.058306740786971734
2779,3.048361947,3.0712120910070073,0.022850144007007245
2782,3.977481901,4.051096503985643,0.07361460298564282
2793,4.768947497,3.9661382042641193,0.8028092927358808
2822,4.195064839,3.8730510186636478,0.32201382033635184
2823,3.902326653,3.8659012958153616,0.03642535718463824
2824,3.931268398,3.958736907145778,0.027468509145778253
2826,3.948752737,3.9995862892037457,0.05083355220374575
2841,4.450279908,4.08364999086845,0.3666299171315499
2850,3.773555345,3.7970184711244555,0.023463126124455336
2860,3.053494859,3.2888882906888655,0.23539343168886528
2871,3.941215725,3.0041195777854464,0.9370961472145538
2889,3.410906719,3.532358025902196,0.12145130690219563
2900,3.913510535,3.8329288681171594,0.08058166688284052
2915,3.843242552,4.034827458314909,0.19158490631490865
2916,5.039897721,4.101323230931018,0.9385744900689819
2917,4.13885824,4.348675683585198,0.20981744358519805
2918,4.139601484,4.529743084382126,0.3901416003821261
2942,3.255605337,3.6506560386613196,0.3950507016613196
2948,5.183527428,3.8322559565311773,1.3512714714688223
2949,3.073214741,3.2042869189658187,0.1310721779658186
2970,3.380664601,3.4863708625044714,0.10570626150447149
2987,3.492757895,3.367226982659647,0.12553091234035296
2990,3.999277704,4.015435507527988,0.016157803527987902
2995,1.847826769,2.770096019909361,0.9222692509093608
2997,4.136964818,3.7091644252773817,0.4278003927226184
3000,5.781185434,4.839759490041474,0.9414259439585262
3005,3.632722951,3.856794628489919,0.22407167748991919
3007,3.681327715,3.7315857419708953,0.05025802697089521
3021,3.798728314,2.9670067214922713,0.8317215925077286
3022,2.77377823,3.070319712566005,0.2965414825660049
3025,3.609426314,3.9292206716114317,0.31979435761143193
3026,2.358431982,2.9872353430223777,0.6288033610223778
3044,4.978068415,4.504661585622669,0.47340682937733103
3045,4.164169191,4.383642371746738,0.21947318074673827
3046,3.512570053,3.335569255138047,0.177000797861953
3064,3.937912947,3.9867679155177895,0.04885496851778948
3078,4.244910435,3.742487713626542,0.5024227213734584
3079,3.418881069,2.981217523391197,0.43766354560880316
3097,3.481713918,3.4479389018648545,0.03377501613514555
3102,3.567815886,3.18075322280147,0.3870626631985301
3104,3.882702296,3.7900195432611516,0.09268275273884852
3105,3.841617152,3.912543301933754,0.0709261499337539
3111,4.13861196,3.8117115664820327,0.32690039351796774
3115,4.248371329,3.9032510936224085,0.34512023537759173
3128,3.158956225,3.3395831678137795,0.18062694281377967
3137,6.367806959,5.319563850661756,1.0482431083382444
3162,5.066130791,3.649982975501035,1.4161478154989648
3181,3.297337822,3.622475920546798,0.3251380985467982
3184,3.269300248,2.5487363752562535,0.7205638727437464
3194,4.093191051,4.099031730551857,0.005840679551857519
3206,2.88827635,2.8913388949330763,0.003062544933076339
3209,3.77128918,3.992654533578047,0.22136535357804688
3226,3.840592207,3.66916504519255,0.17142716180744966
3230,3.742250016,3.706029960394799,0.03622005560520103
3236,3.653819436,3.6798372373076758,0.026017801307675725
3237,3.699588631,3.7725179749272173,0.07292934392721717
3239,3.575174769,3.9732705244160247,0.3980957554160245
3243,7.640835252,3.7133125031070087,3.927522748892991
3261,3.095568386,3.199081812842287,0.10351342684228682
3266,2.808332788,3.208355692014375,0.40002290401437524
3271,3.061270228,3.078034141010159,0.01676391301015867
3275,3.728062318,3.734414928331075,0.006352610331074704
3280,3.216561735,3.6901874313308487,0.4736256963308487
3294,2.196462211,2.6562851272515573,0.45982291625155725
3298,2.971772483,3.400095186352373,0.4283227033523729
3322,3.685343976,3.2556928557846643,0.4296511202153357
3323,3.613209116,3.2263291590676726,0.3868799569323276
3324,3.639553345,3.5632233452393507,0.07632999976064925
3333,2.137715722,2.6542348528193616,0.5165191308193617
3341,4.301673206,4.316893296319729,0.015220090319728818
3344,4.612183829,3.5911562083407698,1.0210276206592304
3351,3.043827765,3.495236185847126,0.45140842084712585
3355,3.599172377,3.1488501710626267,0.45032220593737327
3359,3.908967894,3.8149812920970407,0.09398660190295915
3361,3.595178749,3.0621207251799762,0.5330580238200238
3366,3.747001349,3.4271539504383854,0.3198473985616146
3377,3.389109103,3.1325833500221227,0.2565257529778773
3384,3.543754767,3.580704282003873,0.03694951500387322
3388,3.497515758,3.7237015521720984,0.2261857941720984
3393,4.380760398,5.068144650332326,0.6873842523323264
3395,4.06153965,4.679084194192822,0.617544544192822
3401,3.637604078,3.5653054152371726,0.07229866276282726
3419,2.947979379,2.9387807340619125,0.009198644938087419
3428,3.756436409,3.580234776894551,0.17620163210544915
3435,2.845508013,2.576794428426891,0.268713584573109
3448,3.263150618,3.508298947958289,0.24514832995828906
3449,3.298061848,3.7240200162808805,0.4259581682808804
3475,2.840367513,3.112909171952819,0.2725416589528189
3481,3.568680358,3.7229516229836723,0.15427126498367238
3485,3.685397813,3.4277436944599047,0.2576541185400951
3495,3.091692354,3.419311658312385,0.32761930431238495
3508,3.18751132,3.6882290357149654,0.5007177157149654
3513,3.010132634,3.531466989796531,0.5213343557965309
3518,2.864244348,3.198822856018776,0.334578508018776
3521,4.312473558,3.785136455728504,0.5273371022714959
3526,3.233716796,3.1972246323296423,0.03649216367035768
3541,3.561815326,3.781790587493893,0.21997526149389302
3548,3.536409023,3.420656431108492,0.11575259189150788
3550,3.558584297,3.0639976171186127,0.49458667988138716
3551,2.781487319,2.821659153918187,0.04017183491818699
3563,4.894542264,4.246734211445239,0.6478080525547609
3568,3.48713366,3.737119793357596,0.2499861333575959
3569,3.225151275,2.80158733528194,0.42356393971805995
3572,3.458364346,3.1803733010642556,0.27799104493574456
3573,3.251686878,3.09488877479329,0.15679810320671006
3580,3.903591531,3.835049984345952,0.06854154665404799
3592,2.832184022,3.0896494719839716,0.2574654499839717
3603,3.766078073,4.092700599911804,0.3266225269118035
3606,3.419651919,3.4346065253270996,0.014954606327099551
3608,2.572934068,2.8779601624149818,0.30502609441498185
3610,3.639646545,3.64156219630981,0.0019156513098099737
3611,2.133957035,3.2232075561325306,1.0892505211325307
3613,3.075561559,3.267854690852707,0.1922931318527068
3614,3.578564875,3.3351635277122704,0.24340134728772966
3616,4.259895453,4.442032116514657,0.1821366635146564
3622,4.380848644,3.907631928939959,0.47321671506004126
3634,4.028720329,3.352983104967338,0.6757372240326625
3635,2.736613374,2.764621755177768,0.028008381177767827
3646,2.730175438,2.8910298636503344,0.1608544256503346
3648,6.421968952,4.574031924229197,1.8479370277708034
3649,3.612216196,4.23409029554864,0.62187409954864
3670,3.541791347,3.6125958382082235,0.0708044912082233
3671,4.164140331,4.016322696380559,0.14781763461944042
3673,3.228574863,3.1925627936305476,0.03601206936945234
3678,4.651705162,4.009524099539996,0.6421810624600042
3679,3.049099254,3.26100690132636,0.2119076473263597
3690,2.795630123,3.6851686282659144,0.8895385052659144
3699,2.773120464,3.421189731608141,0.6480692676081414
3710,4.069731745,3.994298702774647,0.0754330422253533
3715,3.179482324,3.307887045070907,0.12840472107090717
3729,2.897755345,3.246359006761963,0.3486036617619628
3732,3.177485196,3.965961988278299,0.7884767922782987
3756,2.560839751,2.490248951584603,0.07059079941539714
3761,2.935736724,3.516783373512279,0.5810466495122792
3762,3.003077387,3.557493799292705,0.5544164122927051
3777,3.708216028,3.781507489976453,0.07329146197645331
3779,3.440113158,4.048870508580593,0.6087573505805928
3783,2.76311238,2.102107506294596,0.6610048737054037
3787,3.035409724,3.1410438061085095,0.10563408210850955
3789,3.231465975,3.3028819051300062,0.07141593013000636
3791,3.964717927,4.044934049521799,0.08021612252179855
3801,3.580762105,3.6249972333053395,0.04423512830533971
3810,3.252044885,3.4293850574625244,0.17734017246252431
3813,3.574902601,3.5036380819340414,0.07126451906595843
3820,4.032331099,3.596095661267938,0.4362354377320625
3828,2.852517268,2.9198466563794963,0.06732938837949609
3829,3.314707589,3.909571843486348,0.5948642544863478
3830,3.487633217,3.4164117962842804,0.07122142071571957
3839,2.646725721,3.0515616621180794,0.4048359411180793
3846,3.236716361,3.662179265920937,0.42546290492093686
3869,3.236716361,3.5634856690844137,0.3267693080844136
3890,3.691460008,3.3461848784473354,0.3452751295526646
3891,3.000581836,4.133179824134552,1.132597988134552
3892,2.735391782,3.2225477872588186,0.4871560052588184
3896,2.691850662,2.9206225498864655,0.22877188788646574
3901,3.554290095,3.5060348919734983,0.04825520302650155
3907,2.59222882,2.8726932902086197,0.28046447020861986
3931,3.097405791,3.7563373274422784,0.6589315364422785
3971,4.384838256,4.0458351316276,0.3390031243724003
3973,2.44024412,3.0387331359526475,0.5984890159526475
3979,3.911919571,3.864221392148472,0.04769817885152783
3982,3.513336529,3.1960507398744578,0.3172857891255423
3983,3.687715203,3.917122285321709,0.2294070823217087
3984,3.110668258,3.4580770063694195,0.3474087483694195
3993,3.482697524,3.7302184925271407,0.24752096852714045
4002,3.935675654,4.1221813165197805,0.1865056625197803
4005,3.619190366,3.782599867345401,0.1634095013454009
4024,3.287012696,3.2849103423007455,0.0021023536992546
4037,4.375902486,4.29213091905052,0.08377156694947985
4046,5.822625679,4.457221488964576,1.3654041900354237
4058,2.954649805,3.136270636575317,0.18162083157531717
4076,2.957383778,3.1424652790295484,0.18508150102954835
4082,3.897917135,3.19173915011726,0.7061779848827401
4091,2.641107517,3.211312092664783,0.5702045756647829
4098,3.820158232,3.9052162631506935,0.08505803115069366
4109,3.29315268,3.6914706075214063,0.3983179275214064
4113,2.916993192,3.637372112518558,0.720378920518558
4116,3.261724285,3.459309911644047,0.197585626644047
4122,3.831313873,3.6956479395039508,0.13566593349604927
4127,3.024027049,3.0423378595247015,0.018310810524701626
4132,4.577559773,4.260253317973545,0.31730645502645505
4134,5.916378329,4.135253927097512,1.7811244019024874
4142,2.680054922,3.18471286581212,0.5046579438121199
4144,3.431828245,3.8444522389118934,0.4126239939118932
4150,4.000369427,4.34453542984822,0.34416600284821985
4156,5.518027893,4.018591201725403,1.4994366912745969
4160,6.105684889,4.005994603994144,2.099690285005856
4161,3.409275195,3.524414765155718,0.11513957015571785
4187,4.031437075,3.9954259379289443,0.036011137071056076
4189,4.221019076,3.9532764898710218,0.2677425861289784
4191,3.987369485,3.9844884357234642,0.002881049276535652
4192,3.995375383,4.282046939802713,0.2866715568027134
4193,3.791818423,3.9088845302405266,0.11706610724052657
4212,3.657214687,3.467982440915896,0.18923224608410427
4220,6.011090919,4.96509529282876,1.0459956261712398
4223,3.072168601,5.489527901512524,2.417359300512524
4224,6.624279991,5.714994588077175,0.9092854029228246
4227,6.808607186,5.240607844708188,1.567999341291812
4246,2.849409816,2.607084964482045,0.24232485151795524
4247,3.176565105,2.617492350231821,0.5590727547681791
4248,2.900177596,2.829689323720932,0.07048827227906784
4285,5.377098883,3.9449248874027316,1.4321739955972688
4289,5.086048237,3.754588860367722,1.331459376632278
4300,3.863340081,3.9342696970395816,0.07092961603958159
4301,3.664519895,3.8944126833878214,0.22989278838782123
4303,3.828606197,3.852905736327297,0.024299539327297115
4304,3.904761572,3.8584161540248605,0.04634541797513947
4305,3.820426306,3.9378148072521477,0.11738850125214784
4307,3.772407929,3.8893247940407103,0.11691686504071042
4310,3.868388723,3.844383621245439,0.02400510175456061
4315,3.716966273,3.768348339451412,0.051382066451411745
4316,3.777343954,3.7335769967241936,0.04376695727580637
4354,6.312384142,4.123872529234335,2.188511612765665
4355,3.909666041,2.576044680434358,1.3336213605656417
4383,4.754935763,3.3676290340446036,1.3873067289553962
4388,6.232689718,4.163955919311626,2.068733798688374
4405,4.201563277,3.7347515116888443,0.46681176531115565
4406,4.042019547,3.9260360622012964,0.11598348479870335
4408,2.092283794,2.620787288558713,0.5285034945587128
4416,4.146703095,3.7850556346176543,0.3616474603823461
4434,2.931502366,2.9481670660741672,0.016664700074167094
4435,2.969326159,3.118776562653136,0.1494504036531361
4444,2.890056495,3.2967175774730677,0.40666108247306765
4447,2.937079657,3.1896477443355207,0.2525680873355207
4464,4.202224295,3.320585184619822,0.8816391103801777
4478,3.915366853,3.8467154840184272,0.06865136898157287
4498,3.732996528,3.8337897867848327,0.10079325878483258
4502,3.39841747,3.335030048529603,0.06338742147039689
4517,4.039023429,4.178463144797452,0.13943971579745185
4527,3.118233486,3.38453043401897,0.2662969480189701
4545,3.942544386,3.6710172652802675,0.2715271207197323
4548,3.241382095,3.6478525898516465,0.40647049485164644
4551,3.685791483,3.4522505643709267,0.23354091862907334
4554,3.826500554,3.6053146278742085,0.22118592612579135
4557,3.843825867,3.64341117100761,0.20041469599239026
4560,3.562974132,3.4761933259355615,0.08678080606443839
4562,3.493976597,3.550288303313548,0.05631170631354809
4564,3.645903991,3.8305424796349072,0.18463848863490728
4569,4.111966495,4.022765944168122,0.08920055083187783
4594,3.303520037,3.577929300533094,0.2744092635330939
4604,4.029499729,3.617290701199977,0.41220902780002344
4605,3.788775157,4.187404334011343,0.39862917701134304
4611,3.661086593,3.837057339454487,0.17597074645448707
4615,3.834754404,3.6823772847086507,0.15237711929134923
4617,3.591716355,3.8600521114840842,0.26833575648408425
4618,3.585630654,3.826654957474693,0.24102430347469284
4625,3.764015925,3.831548209474757,0.06753228447475701
4635,3.645749668,3.921258335439746,0.275508667439746
4642,3.369745808,2.643011446893425,0.7267343611065749
4644,3.842774954,3.3937438221750718,0.44903113182492804
4680,3.7484717,4.249956831917676,0.5014851319176761
4686,4.13271851,3.7136568146888655,0.4190616953111346
4692,4.216561735,3.966741059792565,0.249820675207435
4694,3.952039724,3.8726740454283837,0.07936567857161636
4699,3.038392735,3.6277914042964516,0.5893986692964517
4705,3.771329585,4.346157091626657,0.574827506626657
4707,4.554625237,4.237721537985989,0.31690369901401105
4710,3.727023261,3.811538593382495,0.08451533238249498
4711,3.968492955,3.570754962038552,0.39773799296144796
4717,4.453972347,4.3020092493107684,0.15196309768923122
4718,4.373097301,4.188328130194362,0.18476917080563737
4722,4.300631051,4.268724040101533,0.03190701089846648
4728,3.93856054,4.099317109979765,0.16075656997976484
4730,3.873802883,3.5093233863935174,0.3644794966064828
4801,3.535606027,3.4062760927004616,0.12932993429953843
4803,2.640546276,2.541433247893244,0.0991130281067556
4835,3.335253673,3.1898730080994393,0.14538066490056067
4838,3.693481646,3.634897599646289,0.05858404635371084
4863,2.348071648,4.8768095840708785,2.5287379360708786
4871,3.111985907,5.00203703152282,1.8900511245228202
4874,2.89115943,3.3046731788383483,0.41351374883834824
4876,4.561929384,3.2450879979237013,1.3168413860762986
4883,4.550157664,3.7545389496261037,0.7956187143738966
4889,4.210141876,3.89874406410459,0.31139781189540994
4890,4.961363026,4.863022385354078,0.09834064064592152
4897,3.658780154,4.065021671494265,0.4062415174942653
4898,4.370533906,3.6758009757169634,0.694732930283037
4899,4.378512971,3.998560049875132,0.3799529211248682
4901,4.051797052,4.065644213929683,0.013847161929682272
4917,4.319381384,3.6465531890731393,0.6728281949268604
4924,2.491166045,2.968408717774943,0.47724267277494326
4925,3.08658376,3.302745043847955,0.21616128384795497
4926,2.864486673,3.331417377679467,0.46693070467946685
4934,3.703637923,4.155016490055302,0.4513785670553019
4950,2.061056457,3.5844077049235166,1.5233512479235167
4952,4.229782919,3.9942373280553025,0.2355455909446973
4953,4.158238218,3.8823506918727455,0.27588752612725465
4964,3.463074371,3.0769334692616255,0.38614090173837434
4969,2.949324939,3.162066003786546,0.2127410647865462
4982,2.864486673,3.262404194130643,0.39791752113064316
4984,3.113753753,3.3684701715570893,0.25471641855708915
4988,2.770631128,2.4282683154982463,0.34236281250175393
4993,3.091700168,3.6790110834937026,0.5873109154937026
4994,2.889184545,2.833798105565377,0.05538643943462285
5004,3.511802221,4.048631623814858,0.5368294028148579
5006,4.241504538,3.500153091691083,0.7413514463089173
5007,3.924531788,3.7471552947537727,0.17737649324622717
5008,3.90370582,4.03126805507322,0.12756223507321973
5016,3.797004608,3.7160437279177048,0.08096088008229518
5017,2.791881954,3.383152805599936,0.5912708515999361
5045,3.528653889,3.80358571590748,0.27493182690747986
5047,3.598683053,3.692633781680871,0.09395072868087118
5052,3.944427335,3.9667143934066704,0.022287058406670557
5053,4.122785005,3.9258045332083507,0.19698047179164924
5054,4.234335684,3.9030680209680653,0.3312676630319351
5055,4.251600137,3.900845311893182,0.35075482510681777
5059,3.441482168,3.533947850607721,0.09246568260772126
5066,3.005349753,3.2208070329933145,0.21545727999331454
5070,2.720686341,3.1279550975235524,0.40726875652355243
5077,3.580976406,3.810744048739166,0.22976764273916617
5078,3.177677555,3.6973036082124127,0.5196260532124128
5080,3.139754935,3.5280052565239126,0.3882503215239126
5095,3.55140207,3.3625106577195174,0.18889141228048256
5099,4.900965476,5.162382002624432,0.2614165266244326
5100,4.09404566,3.598768245989426,0.495277414010574
5101,4.74297606,4.042454721001298,0.7005213389987022
5107,3.683702372,3.5889574452394326,0.09474492676056734
5108,3.614181235,3.7429643670778847,0.1287831320778845
5111,3.347464767,3.6122331637107883,0.26476839671078833
5113,3.539613282,3.7146575303961638,0.17504424839616384
5114,3.396166745,3.3626985649532264,0.033468180046773544
5115,3.383377323,3.60328834453266,0.21991102153265984
5118,2.971294851,3.2436009567995647,0.2723061057995646
5120,6.300211233,4.644860414885333,1.655350818114667
5123,3.730402708,3.7883083906404793,0.05790568264047913
5125,3.469032207,3.765804592673238,0.29677238567323805
5138,3.733545825,3.4806019558600045,0.25294386913999567
5139,3.546592849,3.6212953140553736,0.07470246505537359
5145,3.605542642,4.580747237575002,0.9752045955750019
5157,3.794701622,3.9663478228388986,0.1716462008388988
5160,3.335110297,3.491842862098663,0.15673256509866285
5163,3.110216125,3.3337262184277288,0.22351009342772876
5175,5.543362568,3.137356596944906,2.406005971055094
5182,2.931686654,3.6902220496553424,0.7585353956553424
5189,3.585821062,3.7858318691772053,0.20001080717720532
5193,3.77225053,4.091220869948371,0.318970339948371
5194,3.733953328,3.9177825877114394,0.18382925971143926
5208,4.537859247,4.557385927670051,0.019526680670050922
5213,5.176711988,4.778527835820858,0.3981841521791418
5215,4.753466114,4.794690074059856,0.04122396005985607
5217,5.19936362,5.052407067500073,0.146956552499927
5218,5.294449268,4.887689586720416,0.40675968127958395
5236,3.804534685,3.9688532395930576,0.16431855459305744
5239,3.085304456,3.2141580152114306,0.12885355921143082
5240,3.943936719,3.22629197406724,0.7176447449327599
5243,3.838862578,3.9440116574819863,0.10514907948198626
5250,3.91970031,3.635488937814592,0.28421137218540826
5251,3.633885898,4.293473136216606,0.6595872382166057
5257,3.121205173,3.283330081260286,0.16212490826028603
5261,3.770065413,3.491510684681271,0.2785547283187291
5263,3.704240934,3.7184695197687305,0.01422858576873054
5266,2.827527685,3.3213934796503173,0.4938657946503171
5267,4.454946437,4.165716169638691,0.28923026736130897
5282,3.039964075,3.775794611259389,0.7358305362593893
5284,4.720168246,4.250336208396855,0.46983203760314485
5286,2.846746928,2.7394934546634224,0.10725347333657753
5305,4.255885418,4.167285854044302,0.08859956395569846
5306,4.194799681,3.68493918279176,0.5098604982082402
5315,4.658001538,5.359459988885731,0.7014584508857311
5322,3.298298101,3.588254106863872,0.28995600586387216
5325,5.066068121,5.386495689231267,0.32042756823126695
5345,3.965417795,3.596537298558718,0.3688804964412822
5352,3.484463559,3.4472819837973416,0.0371815752026583
5358,4.046139657,3.981924458570023,0.06421519842997725
5360,3.770723977,3.7483763727051334,0.022347604294866485
5361,3.942120115,3.7376629680416964,0.20445714695830342
5380,3.166865736,3.1566681398481133,0.010197596151886756
5398,4.30560929,4.022539658177692,0.2830696318223076
5413,3.593970944,3.652543719079154,0.05857277507915404
5414,3.711091248,3.7842547747519593,0.07316352675195947
5422,3.911417275,3.598053246206986,0.3133640287930137
5426,2.854618309,3.8786392477356726,1.0240209387356725
5427,3.360821133,3.9438180469653474,0.5829969139653475
5429,3.10506336,3.5288825677652023,0.4238192077652023
5430,3.480281628,3.4701193995322854,0.010162228467714751
5434,2.924075304,2.8051429959394403,0.11893230806055977
5436,3.580340394,3.6102906018080256,0.02995020780802582
5448,2.94321932,3.337903000908427,0.3946836809084271
5467,4.670021133,5.497918971727988,0.8278978387279885
5477,3.40388124,3.53286749322487,0.12898625322486978
5490,3.73736294,3.8276636275115186,0.09030068751151843
5491,3.611949369,3.976395260294835,0.3644458912948352
5505,2.629333596,3.2840333330894675,0.6546997370894676
5513,6.103605679,4.456319773152288,1.6472859058477125
5523,3.441044504,3.493733137323491,0.05268863332349083
5530,3.485313197,3.4825719347146333,0.0027412622853666413
5539,2.924851764,3.344569392722719,0.4197176287227191
5546,4.614178419,4.856370197583626,0.24219177858362606
5547,4.117930525,4.121116420671217,0.003185895671216521
5564,3.134030405,3.0621075734142975,0.07192283158570234
5565,3.058934428,3.223671761427238,0.16473733342723795
5566,3.06267164,3.3076086324818235,0.24493699248182343
5567,3.242194837,3.464844769241893,0.2226499322418931
5627,3.306227367,3.2264702765346955,0.07975709046530444
5634,3.356371566,3.552227397469828,0.195855831469828
5642,3.037797914,2.8031269424764647,0.23467097152353533
5644,3.777338359,3.6568097519715943,0.12052860702840551
5648,4.370059499,3.404521877982422,0.9655376210175781
5675,3.261542631,2.628077992561499,0.6334646384385012
5676,3.477780239,3.8832928614037567,0.40551262240375685
5682,3.357739061,3.3002438395694194,0.057495221430580834
5707,3.80293393,3.506782236792211,0.296151693207789
5710,3.568850724,3.6748751728084565,0.10602444880845674
5715,3.633209454,3.557169789253252,0.07603966474674806
5721,3.994777457,3.5420135120487215,0.4527639449512786
5729,3.85963915,3.630928308643365,0.228710841356635
5730,3.902127269,4.070676530030493,0.16854926103049284
5731,3.847190015,3.550763155829062,0.2964268591709378
5747,3.463002594,3.071541179645527,0.391461414354473
5751,4.556228532,4.303396823565854,0.2528317084341465
5761,5.163457496,3.9943110095472063,1.169146486452794
5778,2.937802962,3.4933911702029636,0.5555882082029635
5786,2.573766209,3.2666217702913887,0.6928555612913887
5787,3.56041995,4.209312239788037,0.6488922897880371
5817,3.380893814,3.379299057470175,0.0015947565298253252
5824,4.163203629,4.100208287751408,0.06299534124859196
5826,3.639857712,4.1419492342249224,0.5020915222249225
5828,3.92853809,3.5710841758582155,0.3574539141417845
5841,3.744616538,3.937255795626681,0.1926392576266811
5861,4.491158041,4.5357283815814755,0.04457034058147524
5865,4.464119778,4.433292610407445,0.03082716759255444
5876,3.10382204,2.6128623435339,0.49095969646610005
5887,4.126869335,4.5519235315871125,0.4250541965871122
5888,3.283278401,3.7126395148562326,0.42936111385623255
5897,4.253841805,3.0362600519369485,1.217581753063052
5918,3.951940655,3.9019724857323093,0.049968169267690765
5919,3.951940655,4.402963520706244,0.45102286570624406
5933,3.674657784,3.5383625386425006,0.13629524535749926
5934,4.234976812,3.730936631020538,0.5040401809794623
5935,3.234976812,3.697578224748161,0.4626014127481608
5947,3.833903757,3.8708418828196316,0.03693812581963174
5960,4.451956232,3.6947803066741294,0.7571759253258703
5962,3.399080704,3.8621203681187732,0.46303966411877306
5965,4.470454594,3.9758968102331336,0.494557783766866
5969,2.980902483,2.8796087101663383,0.10129377283366159
5980,2.91370545,2.8788251326819534,0.03488031731804675
5981,2.989654952,3.000744901926602,0.01108994992660195
5985,4.903619503,3.8661807454927937,1.0374387575072062
5991,3.846454199,3.711372445295148,0.13508175370485187
5992,3.579029912,3.7030536717775133,0.12402375977751312
5995,3.49238618,3.851783049776986,0.3593968697769858
5997,4.936463852,4.15841214737885,0.7780517046211504
6016,3.463002594,3.255689355938997,0.207313238061003
6017,2.724900913,3.3927158828387096,0.6678149698387097
6022,4.536506293,4.215988792617637,0.3205175003823637
6033,4.494402758,3.761904884339271,0.7324978736607286
6034,4.754929591,3.7407368302079975,1.0141927607920023
6035,3.783234897,3.8426930544711144,0.0594581574711146
6039,3.400113927,3.378998914755757,0.021115012244242948
6040,3.699564794,3.7451149133376074,0.04555011933760733
6044,3.158225228,3.3067378406818997,0.14851261268189964
6055,3.80084018,3.9120854544086248,0.11124527440862497
6067,3.641080858,3.3230169519134405,0.31806390608655954
6068,3.641080858,3.5806421099194394,0.0604387480805606
6069,3.214320921,3.5410034748232,0.3266825538232001
6070,3.391948211,3.7141797518457493,0.32223154084574945
6073,4.824970048,4.760662956596368,0.06430709140363167
6074,3.700823397,3.5574980225181916,0.1433253744818086
6075,3.367421153,3.598437027873378,0.23101587487337794
6083,3.369672978,3.4164979716253177,0.04682499362531756
6089,3.22000488,3.346004563498982,0.12599968349898205
6090,3.727089358,3.311509180721615,0.41558017727838514
6100,2.924825258,3.2413511806924693,0.3165259226924695
6109,3.599221666,3.6092319726006794,0.010010306600679364
6112,3.06287462,3.5217650975937036,0.4588904775937035
6113,3.736443427,3.989731725693912,0.2532882986939118
6154,3.954230165,4.071405964537883,0.11717579953788304
6173,4.150601672,3.873978917294472,0.27662275470552755
6174,3.823242738,3.679536528991188,0.14370620900881192
6175,3.849426785,3.785115876393316,0.06431090860668398
6176,3.762018905,3.7187485469856387,0.04327035801436141
6177,3.72463294,3.8467824111882982,0.12214947118829844
6180,3.667952338,3.841278360919084,0.17332602291908383
6187,3.821398225,3.6679411450007575,0.1534570799992423
6196,3.524310331,3.619694864492759,0.095384533492759
6204,3.586395439,3.3696465826766113,0.21674885632338858
6205,2.4066246,3.2963594817103794,0.8897348817103796
6211,3.000614815,2.993078983125418,0.007535831874581955
6214,4.033697114,3.7443568235826237,0.2893402904173761
6218,3.277210951,3.291263809873965,0.014052858873965235
6226,3.158034924,3.222211540811073,0.06417661681107312
6234,3.149261,3.2862161907033016,0.13695519070330153
6244,3.576426046,3.1417185884593537,0.4347074575406462
6246,2.872279322,2.679139153963947,0.19314016803605272
6251,3.207656332,3.03224195389053,0.17541437810946992
6253,3.174016865,3.094918016497309,0.07909884850269089
6255,3.400305205,3.1148917148157915,0.2854134901842085
6262,3.917695833,3.665669633179449,0.25202619982055063
6271,3.531127507,3.6880330088740716,0.1569055018740717
6272,3.323590326,3.646212056359251,0.3226217303592507
6273,3.774165556,3.6543720210559436,0.1197935349440562
6316,2.653598382,3.0699182898691917,0.4163199078691915
6320,3.581462016,3.6391476158873357,0.05768559988733557
6324,3.744852656,3.7931407624004296,0.04828810640042969
6332,2.417664716,3.4897515020188674,1.0720867860188674
6333,3.638527375,3.224286298355482,0.4142410766445179
6348,3.466141499,3.587727741415404,0.12158624241540394
6349,3.777315798,3.818840079112485,0.04152428111248474
6358,3.801172873,3.988711148188635,0.18753827518863497
6359,3.745139113,3.874694704504948,0.129555591504948
6360,4.422423571,3.978380205222758,0.44404336577724246
6363,3.406494762,3.3416250956697358,0.06486966633026414
6364,3.56410995,3.1787846530488992,0.38532529695110096
6377,2.933077413,3.1118375519041224,0.17876013890412246
6383,3.5921798,3.626510538443288,0.034330738443288045
6409,3.740356615,3.987064790244258,0.24670817524425814
6412,3.916772022,3.97417189505982,0.057399873059820194
6439,4.36415775,3.237805549497521,1.1263522005024793
6449,2.917816339,3.061987719858614,0.14417138085861403
6451,3.015817257,3.1541873559682445,0.13837009896824437
6452,3.077218544,3.3534772759814975,0.27625873198149753
6453,3.543454299,3.3199856821742673,0.2234686168257327
6454,3.415784273,3.429436906284966,0.013652633284966242
6455,3.534912241,3.3526790632965744,0.1822331777034254
6458,3.428815519,3.564108507108835,0.13529298810883494
6460,3.483557503,3.3480336754068722,0.13552382759312787
6463,3.073761106,3.0421392026916676,0.03162190330833248
6466,3.13111765,3.5394821517969532,0.40836450179695305
6469,3.889313885,3.6886070238417785,0.20070686115822145
6474,3.292962333,3.5363848672242932,0.24342253422429305
6483,3.039163228,3.215807353707392,0.17664412570739207
6488,3.017937178,2.84526559925121,0.17267157874879002
6490,3.046510339,3.3965216980775774,0.3500113590775773
6496,3.696450003,3.5767325321884904,0.11971747081150941
6500,3.288977019,3.396764372063276,0.10778735306327603
6505,3.67394492,3.5994355644033615,0.0745093555966383
6509,4.031016831,4.178136534785934,0.14711970378593442
6512,3.019333268,3.0037858755272984,0.015547392472701649
6532,4.066673222,4.105385537142628,0.03871231514262785
6545,4.590148728,4.19650584568303,0.39364288231696953
6556,2.328013714,2.2246651279750953,0.1033485860249046
6557,2.558859771,2.5450634161014856,0.013796354898514274
6558,2.781320082,2.5450634161014856,0.23625666589851457
6559,2.129697947,2.219081444674338,0.08938349767433795
6560,2.114894573,2.23317413391194,0.11827956091194025
6561,2.166355172,2.365930158545816,0.1995749865458163
6596,4.042063349,3.6177936437770244,0.4242697052229758
6598,3.685181199,3.5921796261955703,0.09300157280442978
6604,3.808998473,3.7846695380755038,0.02432893492449617
6616,4.528559441,4.804996165302377,0.27643672430237753
6617,4.571767044,4.153338046917098,0.41842899708290116
6633,4.729113679,4.069686629208949,0.6594270497910513
6634,4.120523081,3.970312613364314,0.15021046763568613
6642,2.451321968,2.5094379273605805,0.05811595936058067
6664,3.55756334,3.9671373254218407,0.40957398542184054
6677,3.146971585,3.1899209174937178,0.042949332493717574
6679,3.439888235,3.2369925986985733,0.20289563630142693
6680,3.471053224,3.620729017806018,0.14967579380601803
6681,2.892571754,3.3833322667447874,0.4907605127447874
6687,3.229276448,3.2390902445752996,0.009813796575299794
6688,3.587702548,3.4036160091909795,0.1840865388090207
6693,3.879055476,3.8974762196273045,0.018420743627304503
6694,3.572900981,3.885248939087318,0.31234795808731786
6698,2.552497871,3.656837363075109,1.104339492075109
6699,3.63351769,3.2922630114153697,0.34125467858463043
6701,2.548482232,3.4920903065964293,0.9436080745964293
6703,3.18976254,3.455918205086241,0.2661556650862411
6705,3.581458966,3.3917102681649025,0.1897486978350975
6708,3.563983615,3.433140383821516,0.13084323117848395
6712,3.649084045,3.3285064058949536,0.32057763910504633
6713,2.442219689,3.4842887355146512,1.0420690465146514
6714,3.582365167,3.4850098315891356,0.09735533541086427
6717,3.260918999,3.7597024277770155,0.49878342877701565
6723,3.761053267,4.003933565959777,0.24288029895977692
6740,3.431722762,3.817451101376004,0.38572833937600404
6747,3.717349239,3.8089704126023047,0.09162117360230493
6748,4.473601307,3.9656356109191373,0.5079656960808627
6805,3.097503722,2.892073146284658,0.20543057571534185
6806,4.227196167,4.096382692426914,0.13081347457308556
6834,3.097968896,3.368633921280895,0.2706650252808953
6837,3.033473453,3.0306367769420812,0.002836676057918819
6854,2.99641042,3.871952926035103,0.875542506035103
6857,3.856084118,3.5300590324534116,0.3260250855465885
6858,4.407921762,3.81986860789899,0.5880531541010101
6868,2.89763787,3.197142525748481,0.29950465574848106
6872,3.823867171,3.57978288925262,0.24408428174738006
6877,3.319312569,3.259328930352188,0.059983638647811865
6884,4.036149909,4.099219335925803,0.06306942692580364
6885,3.905137196,3.6761275134924136,0.22900968250758647
6892,3.381188819,3.954856352413743,0.5736675334137429
6900,3.86652178,3.6540177303795316,0.2125040496204682
6901,3.237013932,3.632433671747508,0.3954197397475081
6903,4.858777737,3.3322593267002962,1.5265184102997034
6912,3.73808656,3.4914820544670166,0.24660450553298352
6913,3.717734383,3.684309600951796,0.03342478204820365
6919,2.042035276,2.107957140653253,0.06592186465325289
6939,4.01848517,3.85600022705274,0.1624849429472599
6952,3.812009083,3.7670245451450732,0.04498453785492673
6953,3.142020096,3.436556397898767,0.2945363018987672
6954,4.259444918,4.39902952804545,0.13958461004544986
6980,3.238595781,3.823052131147209,0.5844563501472093
6987,2.915552254,2.7911650804531964,0.12438717354680362
6997,3.405327574,2.864752568699478,0.5405750053005223
6999,4.212664957,4.005274418409824,0.2073905385901762
7017,2.784302894,2.5599434070092837,0.2243594869907164
7018,2.769886762,2.6415845944706993,0.1283021675293008
7019,2.530297719,2.6027036590366484,0.07240594003664835
7020,2.167323554,2.476722375905422,0.3093988219054218
7021,2.33544085,2.7737104819222522,0.4382696319222523
7022,2.667645729,2.793343855899658,0.12569812689965776
7026,3.142782927,3.183824972526757,0.041042045526757054
7036,2.613858289,3.102242507287281,0.48838421828728107
7038,2.733936167,2.873531188495258,0.13959502149525793
7044,2.993166563,2.7220176287199602,0.2711489342800397
7052,2.236476612,3.9948884734347017,1.7584118614347015
7059,3.4581162,3.737849290319078,0.2797330903190778
7060,3.73389339,4.058423376269914,0.32452998626991425
7064,2.719101232,2.395804302978523,0.32329692902147666
7065,2.573467108,2.762163342436037,0.188696234436037
7078,2.109686622,2.3159508353249247,0.20626421332492484
7081,3.375303229,3.5535280517742893,0.1782248227742893
7110,5.210157938,5.628657010788629,0.4184990727886291
7115,2.110357662,2.5109999575099717,0.40064229550997155
7116,2.205867896,2.7065061191911273,0.5006382231911273
7121,3.946779664,3.7987838613079936,0.14799580269200652
7123,4.531253847,3.6850458537256703,0.84620799327433
7144,1.97475691,2.4806948619214078,0.5059379519214078
7147,3.011147361,3.5482164889703194,0.5370691279703195
7150,2.979476109,3.1384257650541203,0.15894965605412015
7151,3.167905575,3.2725752200033984,0.10466964500339859
7157,3.747106114,3.857156952880225,0.11005083888022504
7159,2.959632775,2.8595334877297462,0.10009928727025397
7160,2.669386175,3.153268866952996,0.4838826919529957
7176,4.109192336,4.1335179015161225,0.02432556551612297
7207,3.110880826,3.68031867871422,0.5694378527142203
7212,2.516871993,2.739301163048158,0.22242917004815776
7214,3.512235999,3.7950407387579372,0.2828047397579372
7219,4.885376333,4.53726691897646,0.3481094140235399
7232,3.181387784,3.5148227554977445,0.3334349714977445
7239,3.90154459,3.5575480528170784,0.34399653718292145
7242,3.512558841,3.1952902835773904,0.31726855742260973
7246,3.649256024,3.4950627186337972,0.1541933053662028
7248,3.633702526,3.4346123328699374,0.1990901931300626
7249,3.86405994,3.5910631874941457,0.27299675250585453
7250,3.615218234,3.425452723652476,0.18976551034752376
7251,3.761397598,3.4895245312862557,0.2718730667137441
7256,4.183311464,3.648226415016864,0.5350850489831358
7259,4.255862131,3.542559971412672,0.7133021595873279
7265,3.484069528,3.4285458570778444,0.0555236709221556
7269,3.192379559,3.195278300716971,0.0028987417169710206
7270,3.464337724,3.234087422003011,0.23025030199698904
7273,2.54525471,2.8602174687992807,0.3149627587992807
7275,2.792886993,2.706664646872102,0.08622234612789814
7300,3.56202294,3.630255370387395,0.06823243038739513
7303,3.487023303,3.596891848713412,0.10986854571341187
7311,2.144293316,2.9440819624688253,0.7997886464688251
7328,3.137684171,3.359739413880845,0.22205524288084488
7344,2.285114476,2.833258842096239,0.5481443660962388
7347,3.116318044,3.3514088795897994,0.2350908355897996
7350,2.348731158,2.2358600543991987,0.11287110360080144
7352,3.52848984,3.666596246656714,0.1381064066567137
7356,3.47457662,3.640881607980145,0.16630498798014504
7360,2.990532585,4.134151570138848,1.1436189851388483
7363,3.681737291,3.470606458954327,0.21113083204567307
7364,3.934132176,3.982033718784279,0.04790154278427927
7366,3.621982447,3.939359981321786,0.31737753432178595
7367,3.3422835,4.111978177259818,0.7696946772598179
7368,3.630895595,4.1431369243241445,0.5122413293241443
7370,3.392209915,3.674442952883364,0.2822330378833642
7371,3.699700276,3.520062506274315,0.17963776972568501
7373,4.172858901,3.630602272646471,0.5422566283535288
7378,2.850729176,2.7833259460231825,0.06740322997681769
7382,2.459367354,2.790947003262007,0.33157964926200734
7384,2.243202827,2.3794455624220183,0.13624273542201815
7400,3.44811862,3.8504434252164814,0.4023248052164816
7407,4.128034241,3.6800428010111466,0.4479914399888534
7409,3.425848742,3.688181291499358,0.26233254949935825
7417,4.126425006,4.062861403183797,0.06356360281620255
7453,4.635392002,4.16788265199872,0.46750935000127924
7455,3.828656445,3.71907267626286,0.10958376873713993
7472,1.958489225,2.316949527565889,0.358460302565889
7488,4.054938462,3.8194374007678196,0.2355010612321804
7491,4.531127507,3.653542423821371,0.8775850831786287
7492,4.178921634,3.7957624933737746,0.38315914062622536
7494,4.079751888,3.822492417249852,0.25725947075014766
7538,2.730157562,3.2463009700859593,0.5161434080859593
7539,3.103229602,3.118857378353691,0.015627776353690948
7542,2.859069814,3.090154598554096,0.23108478455409598
7554,2.861601716,2.9487777371454307,0.08717602114543066
7562,4.033233962,3.2944373950322987,0.738796566967701
7563,4.651875727,3.604308721058448,1.047567005941552
7564,3.871502048,3.258342991884712,0.613159056115288
7565,4.637157377,3.5499961069038317,1.0871612700961686
7566,4.403283566,3.492333100318752,0.9109504656812479
7576,3.446234174,3.7205185755743737,0.2742844015743735
7581,3.467507474,3.8523816933752046,0.3848742193752046
7586,4.139679727,3.6049193925252294,0.5347603344747704
7607,4.070225589,4.367428294122786,0.29720270512278635
7610,3.39447556,3.474478474537484,0.08000291453748387
7626,3.876869124,3.7090146668690016,0.16785445713099856
7637,3.524371453,3.741366457024745,0.2169950040247448
7671,4.222797601,3.7074700250421038,0.5153275759578961
7681,3.0462805,3.2782922372037855,0.23201173720378554
7688,3.820191604,3.758799892853475,0.061391711146525196
7692,3.46970668,3.955257493285272,0.4855508132852724
7694,3.620310839,3.9227102300502152,0.3023993910502152
7704,3.427302355,4.4612362882065515,1.0339339332065514
7738,2.97829467,3.087087910288218,0.10879324028821813
7746,4.093191051,4.083400885573491,0.009790165426508679
7749,3.989612944,3.568422516436027,0.4211904275639733
7755,3.221838616,3.9403568549018417,0.7185182389018419
7768,3.699625088,3.476620304243468,0.2230047837565321
7771,3.417836912,3.6512834159927507,0.2334465039927509
7776,3.431764735,3.654260203487601,0.22249546848760104
7816,3.425040794,3.9262058544475424,0.5011650604475424
7819,3.657352979,3.8477741894884696,0.1904212104884695
7844,3.80213298,3.5596111808630786,0.2425217991369215
7847,3.558719282,3.3245565660444507,0.2341627159555495
7853,3.963277704,3.6435662243700873,0.31971147962991253
7859,3.606611658,3.860687280021007,0.254075622021007
7861,3.756070734,3.381713550472705,0.37435718352729497
7885,3.865138487,4.17379229411248,0.30865380711248
7897,3.60082904,3.5295094841408376,0.07131955585916216
7899,3.831619544,3.6409917700360865,0.1906277739639135
7901,3.808039383,3.764150054748961,0.043889328251039306
7902,3.609770794,3.8324011264643536,0.2226303324643535
7904,3.538030346,3.3356326636042515,0.20239768239574873
7907,3.204890903,3.384752319322125,0.17986141632212505
7944,4.470654664,3.4594864322189403,1.0111682317810593
7947,4.058139372,3.881187752492278,0.1769516195077223
7948,4.281183033,4.515095719092264,0.233912686092264
7951,3.14042633,3.0863628672331154,0.05406346276688456
7956,2.682852711,3.465720470977692,0.7828677599776923
7966,2.377034905,2.369109175309445,0.007925729690554828
7970,3.73139496,3.7533700162538985,0.021975056253898728
7974,3.566195402,3.6971396244093535,0.13094422240935355
7975,3.578663764,3.7282580845509816,0.14959432055098176
7982,3.663708776,3.748972813713518,0.08526403771351809
7985,3.588282167,3.84533904283395,0.25705687583394976
7986,3.705662762,3.7877503272991455,0.0820875652991453
7987,3.705662762,3.70082911210688,0.004833649893120295
7988,3.628301722,3.9841184250053656,0.35581670300536583
8017,3.38588202,3.4526926492128385,0.06681062921283853
8019,3.768285018,3.676023610827784,0.09226140717221565
8022,3.412147945,3.1946903464025773,0.21745759859742275
8023,3.379671658,3.443424038228933,0.06375238022893326
8027,3.604393858,3.401349802627141,0.20304405537285897
8047,3.061119791,3.5184505260127628,0.4573307350127629
8050,3.86578269,3.63589406804308,0.22988862195692006
8064,3.542903402,3.786360512211131,0.24345711021113114
8070,4.128652318,3.753389342362212,0.37526297563778854
8091,3.03554091,3.1132688869328558,0.07772797693285582
8133,3.447835313,3.6059373409324738,0.15810202793247363
8148,3.501586398,3.798217711819218,0.2966313138192178
8150,3.238934869,3.561395522861343,0.32246065386134326
8152,3.065408399,3.952803887217284,0.8873954882172841
8176,5.792280955,4.502783242292465,1.2894977127075347
8178,3.576824499,3.451390589105959,0.12543390989404113
8182,2.120833805,2.2226731211080537,0.10183931610805352
8183,2.560600709,2.50251840678417,0.058082302215829884
8189,3.28165594,3.474846336168691,0.19319039616869116
8194,2.132891135,2.2121711577139873,0.07928002271398737
8195,2.146756068,2.167985060734649,0.021228992734648955
8236,4.101533413,4.109947151648674,0.008413738648673785
8255,3.565860169,3.3977137904336345,0.1681463785663655
8256,3.519192488,3.232435774442029,0.28675671355797094
8261,3.841719621,3.8508540014903567,0.00913438049035653
8266,3.648525541,3.747876787724147,0.09935124672414686
8303,3.639840312,3.7085945548830552,0.0687542428830552
8367,2.868273308,2.9754812898052014,0.10720798180520141
8384,3.057025472,3.5456880293984168,0.4886625573984169
8385,3.155900557,3.035472186055947,0.12042837094405279
8390,3.493019651,4.079738286028661,0.5867186350286611
8416,3.477667611,3.730393432543165,0.2527258215431649
8427,5.523228108,3.5934776592425313,1.9297504487574684
8452,3.460821697,3.757277422389676,0.2964557253896758
8487,4.80031654,3.803433326684748,0.9968832133152516
8491,3.433206885,3.6083310910107773,0.17512420601077716
8500,3.651439552,3.497736793797811,0.1537027582021886
8502,3.167733703,3.099932897640332,0.06780080535966793
8505,3.748734572,3.731147086404751,0.01758748559524914
8506,3.480860419,3.7064419037915157,0.22558148479151585
8507,3.685357962,3.8642503229029463,0.17889236090294647
8531,3.517005492,3.8703680971875327,0.3533626051875327
8536,4.349966799,3.7953081897460024,0.5546586092539973
8537,4.254574788,4.084507464867157,0.17006732313284356
8631,2.64671194,2.8008484725734912,0.15413653257349136
8641,3.053689868,4.118534225826736,1.0648443578267361
8657,4.158194698,3.757763491822851,0.4004312061771489
8660,2.774646568,3.3150366247540632,0.5403900567540632
8661,2.845246915,3.2207927365092774,0.3755458215092773
8704,4.076334318,3.922039865196653,0.15429445280334697
8730,3.57924611,3.1580643647544804,0.42118174524551977
8748,4.148515252,3.744147810081409,0.4043674419185912
8752,3.908673448,3.738660487715603,0.17001296028439716
8754,3.859719713,3.6506722572027104,0.20904745579728967
8755,4.02924738,3.9005654854446474,0.12868189455535273
8756,4.148360456,3.842195983326156,0.30616447267384395
8757,4.023355361,4.069872737176665,0.04651737617666463
8778,2.559498963,2.954976479927571,0.39547751692757105
8782,3.866835272,4.065422318220113,0.19858704622011336
8785,6.725142848,3.6586702583404076,3.0664725896595924
8819,3.741498664,3.8982416620369587,0.1567429980369588
8823,3.970978794,3.9638650676034617,0.0071137263965384
8830,3.7971858,4.1317364059765325,0.33455060597653263
8831,3.813511094,4.002698051943639,0.18918695794363938
8834,3.541409843,3.8082016869445714,0.26679184394457156
8835,3.916811368,3.7996627547482653,0.11714861325173453
8896,4.519663715,3.7200925126228763,0.7995712023771238
8897,3.949026094,3.947475209507599,0.001550884492401039
8898,3.661941076,3.273447562954968,0.3884935130450322
8910,1.458954957,2.379992143424256,0.9210371864242561
8938,2.686025609,2.657010639830754,0.029014969169246285
8951,4.485008845,3.4769063333947803,1.00810251160522
8952,4.037849891,3.7997884691013213,0.2380614218986783
8955,2.348326285,2.963391063864971,0.615064778864971
8976,1.408684211,2.1296190012852825,0.7209347902852825
8990,2.462086392,2.2705379044418246,0.19154848755817522
8995,3.697733111,3.886394304531027,0.1886611935310274
8996,3.794712804,3.9146820754290883,0.11996927142908831
8997,3.943421963,3.9223963935950286,0.021025569404971467
9009,3.114216599,3.4096731184044304,0.2954565194044303
9011,4.210580082,3.427574395997061,0.7830056860029391
9014,3.654133742,3.8197096411812757,0.1655758991812757
9018,4.291444335,4.0461094290186965,0.24533490598130392
9019,4.321407558,3.8706007885278155,0.45080676947218423
9020,4.168623504,4.010427538573795,0.15819596542620484
9021,4.30013567,4.063136773560002,0.2369988964399985
9036,4.463854184,3.7403803646249756,0.7234738193750241
9040,4.063525502,3.962513663321697,0.10101183867830299
9053,3.726173086,3.8396533290355204,0.11348024303552018
9058,3.720391801,3.9056756866119047,0.18528388561190479
9061,3.599569631,3.93665200632256,0.3370823753225598
9089,2.915992075,3.4783890511092355,0.5623969761092353
9096,3.415419345,3.7359155504423986,0.32049620544239854
9099,3.720657422,3.3603635289265146,0.36029389307348536
9107,3.647668493,3.86012113269461,0.21245263969461003
9108,3.615216846,3.767707748384829,0.15249090238482887
9109,3.58986586,3.7393926653877276,0.14952680538772745
9110,3.640754142,4.284151429952893,0.6433972879528933
9130,2.507051562,2.8318710352007592,0.3248194732007592
9131,3.859905369,3.7404134198902605,0.11949194910973926
9173,3.805323831,3.652383592257588,0.15294023874241214
9179,3.572662118,3.4036946293197072,0.168967488680293
9182,3.263561862,2.723798557036152,0.5397633049638482
9183,3.952439214,3.303306247400204,0.649132966599796
9201,3.636892486,3.7812500212078746,0.14435753520787475
9224,3.971042465,3.8710228580960733,0.10001960690392675
9242,1.540364934,1.9278321771262392,0.38746724312623915
9253,3.157228946,3.2313431082366773,0.07411416223667722
9260,3.190779771,3.4920005116484347,0.30122074064843485
9261,2.47751556,2.87221089493494,0.3946953349349398
9262,2.502162434,3.0012483482013335,0.4990859142013333
9263,2.535710172,2.9220716686879453,0.3863614966879454
9264,2.528666073,2.86406836780405,0.3354022948040498
9265,2.559724135,3.130624421748409,0.570900286748409
9289,4.228330011,4.181556002884534,0.046774008115465726
9299,3.261769448,3.8250379771808056,0.5632685291808057
9327,3.662247708,3.7630855992170007,0.10083789121700049
9328,3.579538625,3.6108316296243057,0.03129300462430562
9330,3.476964963,3.6858446024454605,0.20887963944546062
9341,4.209907682,4.275656793046641,0.0657491110466415
9342,3.93958026,4.012129597169535,0.07254933716953493
9354,3.623571247,3.92424356383325,0.3006723168332499
9355,4.113174305,3.979088291458891,0.13408601354110905
9370,3.429056029,3.9103149374167203,0.4812589084167205
9373,3.69835054,4.682362136131771,0.9840115961317712
9374,3.384286493,3.9751818513841437,0.5908953583841439
9375,4.65623839,4.226280583692247,0.4299578063077538
9376,2.619973294,4.03937527215373,1.4194019781537306
9378,3.765832117,4.128148817927681,0.36231670092768065
9381,4.040817358,3.9958925934293834,0.04492476457061656
9382,3.943630204,4.358721924484416,0.415091720484416
9383,4.105035182,4.178824211860749,0.07378902986074909
9384,3.978916137,4.330065138786244,0.351149001786244
9386,4.083711168,4.125163452001799,0.041452284001799455
9387,4.100253869,3.90086069071866,0.1993931782813405
9390,3.721085336,3.993482198865305,0.27239686286530507
9391,4.103612841,4.387799478865207,0.2841866378652069
9392,4.198777774,4.145963975901911,0.052813798098088505
9393,3.862748309,4.027769912399701,0.16502160339970073
9394,3.989316305,3.951762723810104,0.03755358118989616
9395,4.087642796,4.205539252385747,0.11789645638574697
9396,3.793403419,4.186244321061274,0.39284090206127376
9397,4.215221331,4.157024187737585,0.058197143262415096
9399,3.795094682,4.3355915960956555,0.5404969140956553
9402,3.780216469,4.007923106433421,0.22770663743342112
9403,4.071799189,4.03962806445996,0.03217112454004045
9412,3.859467047,3.967963684659724,0.10849663765972428
9413,4.116217434,3.808917107164721,0.30730032683527897
9425,3.034300699,3.3723158715052453,0.33801517250524515
9426,4.197442297,4.014040816580666,0.18340148041933446
9432,2.277742882,2.3306653830637845,0.05292250106378438
9437,3.198248755,3.4685552314222927,0.2703064764222929
9443,3.541710261,3.395067780938737,0.14664248006126313
9445,3.982040599,4.191082077987722,0.20904147898772196
9446,3.735909414,4.016755331237813,0.28084591723781305
9448,4.231016133,4.009254585043787,0.22176154795621272
9449,4.232110719,4.027889805196851,0.204220913803149
9451,4.064853001,4.015543588385516,0.04930941261448396
9454,4.26833165,4.238124115632796,0.03020753436720458
9455,4.055355632,4.178610024652612,0.12325439265261195
9456,3.787291128,4.352672239389082,0.5653811113890819
9458,4.452570739,4.103009515054541,0.3495612239454591
9459,4.77151154,4.000134369779147,0.7713771702208527
9460,3.875717542,4.009283744894044,0.1335662028940443
9461,4.004359457,3.93018327580531,0.0741761811946895
9462,4.196415304,4.08817083461241,0.10824446938759014
9468,5.767253293,3.6547245481378,2.1125287448621997
9470,4.539615494,3.954797379148414,0.5848181148515863
9491,3.694877807,3.777572655116187,0.08269484811618666
9494,4.539834984,4.434383470039798,0.10545151396020191
9505,3.935857001,3.30795310858804,0.6279038924119602
9541,3.848303131,3.8224758528406815,0.025827278159318734
9547,4.54469174,3.7818074365437724,0.7628843034562278
9548,3.72856774,3.815618634817219,0.08705089481721906
9550,4.110521026,3.7107258169669692,0.39979520903303056
9553,2.619285844,3.487283650967088,0.8679978069670877
9612,4.858777737,4.26834957567731,0.5904281613226896
9625,3.67108579,4.037850434026554,0.3667646440265542
9627,4.390536902,4.429545849775916,0.03900894777591635
9630,3.875560415,3.701407430199233,0.17415298480076702
9631,4.119104358,4.00024213208824,0.11886222591176043
9632,4.159862122,3.956274350796419,0.20358777120358074
9633,3.977553322,3.844931297677014,0.13262202432298587
9648,3.378972081,3.1208401072481005,0.25813197375189967
9651,4.318760152,4.433028120805104,0.11426796880510359
9652,4.077067276,4.532449275546857,0.4553819995468569
9653,3.763805278,4.498657126872001,0.7348518488720006
9654,4.791800341,5.60209927282567,0.8102989318256704
9655,3.349798223,3.677257258276242,0.3274590352762421
9694,3.249762777,3.238876278295837,0.010886498704163028
9706,4.780060837,4.288993008456828,0.491067828543172
9708,4.379316095,3.8926190652952495,0.4866970297047506
9719,3.849547835,4.317993092492975,0.4684452574929745
9727,4.317421561,4.537182598071611,0.21976103707161165
9728,4.422156911,4.543254496890413,0.1210975858904133
9729,4.499655013,4.3717315810522805,0.12792343194771938
9731,4.525129531,4.42170225672545,0.10342727427455056
9733,4.32960972,4.409575759396136,0.07996603939613678
9735,4.828441152,4.422394490634517,0.4060466613654832
9736,4.956392566,4.409334628009744,0.5470579379902558
9749,6.609833839,3.7273822609043483,2.882451578095652
9778,3.350901876,3.3866312123591964,0.035729336359196395
9785,4.168091818,4.362035477869473,0.1939436598694737
9786,5.575249443,3.7454016078215937,1.829847835178406
9793,3.90343869,4.179430183949722,0.2759914939497219
9861,3.310430383,3.082416547690675,0.22801383530932506
9863,2.722339487,2.9463073966751407,0.22396790967514058
9864,2.227770245,2.4228234627806593,0.19505321778065943
9878,4.524847601,3.7626505568920465,0.7621970441079537
9905,3.656877113,3.7898254146440213,0.13294830164402116
9918,3.437266297,3.5776529813703664,0.1403866843703665
9968,5.80524856,5.546103825251921,0.2591447347480793
9969,2.655484881,5.678755645138574,3.0232707641385743
9982,4.045797562,4.483448252843406,0.43765069084340613
10039,4.763026332,4.839431277846689,0.07640494584668911
10062,3.527234841,2.9315316436387993,0.5957031973612006
10068,3.004380092,2.983184565603777,0.021195526396222686
10069,3.437945844,3.279049209317848,0.1588966346821521
10070,3.555448685,3.197664039430844,0.357784645569156
10071,3.606743172,3.316061312526313,0.29068185947368663
10072,3.049732353,2.9571873409297433,0.09254501207025667
10083,3.484827949,4.175685855327304,0.6908579063273037
10088,3.81280347,4.037167181146412,0.22436371114641185
10092,3.748786884,3.9283558851608364,0.17956900116083663
10098,3.770360534,3.9621999805277177,0.19183944652771778
10102,4.224650878,4.0750707777644966,0.14958010023550372
10104,4.435961096,4.716256955003352,0.28029585900335263
10105,4.585723416,4.713997051099128,0.12827363509912715
10118,3.164892909,3.579844689298141,0.4149517802981406
10125,3.31114613,3.546249400960941,0.23510327096094086
10127,5.512870341,5.208671502520388,0.3041988384796124
10142,3.534698392,3.703127309501426,0.16842891750142597
10152,3.916438541,3.6552080663136817,0.26123047468631855
10165,4.237281859,3.6480664672099565,0.5892153917900438
10171,3.136464908,3.3654464018369126,0.22898149383691235
10194,3.458042269,3.293920900339894,0.16412136866010574
10217,3.512929751,3.7339208970474496,0.2209911460474494
10218,3.606942541,3.728133685353608,0.12119114435360778
10235,3.427471128,3.553202939070738,0.12573181107073772
10237,2.502162434,2.945504963492974,0.4433425294929738
10238,2.547619353,2.951144592785428,0.4035252397854281
10239,2.55064257,2.967453697835424,0.41681112783542407
10240,2.571560355,3.088125290637861,0.5165649356378612
10249,2.574603745,2.421074798488155,0.153528946511845
10273,3.61790537,3.8469055237972594,0.22900015379725946
10274,3.606769004,3.8490312965548874,0.24226229255488763
10276,3.90229782,4.257112932475157,0.35481511247515707
10277,3.689689728,3.992141016787186,0.3024512887871862
10287,3.544745326,3.5951583517684393,0.0504130257684392
10314,2.837921606,3.4478000100134167,0.6098784040134166
10315,3.026845989,3.7442909714949146,0.7174449824949147
10322,3.108200434,3.218397438307564,0.11019700430756396
10323,4.631081222,3.7009003698874556,0.9301808521125441
10376,3.859200268,3.756451399434947,0.10274886856505283
10382,3.732172535,3.697099731991733,0.035072803008266984
10385,2.836678497,3.1316716722731504,0.2949931752731505
10386,3.171824707,3.840739090846461,0.6689143838464613
10387,2.553041525,3.583881578221735,1.030840053221735
10388,2.26873472,3.6461319636059892,1.3773972436059894
10409,3.816953188,3.835305286988223,0.018352098988223098
10414,2.600855871,3.0075726980937882,0.4067168270937884
10435,2.919558768,3.2602431732024733,0.34068440520247334
10436,3.24171765,3.6694487816888186,0.4277311316888186
10453,3.819411136,3.6656183332687187,0.15379280273128115
10492,3.387005199,3.6146620494868364,0.2276568504868366
10504,3.058584174,3.0792238702580206,0.020639696258020646
10505,3.537766641,3.553682860003106,0.01591621900310569
10517,3.33542794,4.016970762586889,0.6815428225868891
10522,3.718858134,4.290404469699013,0.5715463356990127
10527,3.222372482,3.5958666387529035,0.37349415675290354
10554,4.169287128,4.542987444106658,0.37370031610665855
10567,3.364181891,3.892548790169233,0.528366899169233
10574,3.385055858,3.765064842547993,0.38000898454799303
10577,3.968949681,3.3746342628150834,0.5943154181849164
10578,3.684396478,3.6855998533137484,0.0012033753137483671
10589,3.10129827,3.1560930536303564,0.05479478363035639
10594,2.753151997,3.085386666815401,0.33223466981540106
10595,3.983630314,3.836673672658906,0.14695664134109387
10602,3.33815477,3.443721606610439,0.10556683661043875
10605,3.306302288,3.835951310421947,0.529649022421947
10614,4.535849972,4.158934215334341,0.37691575666565935
10619,3.064056068,3.086717192102736,0.022661124102735908
10642,4.175470395,4.161492149591951,0.013978245408048373
10644,3.684434972,4.298565484871759,0.6141305128717587
10650,4.048454752,4.067556965486968,0.019102213486968722
10662,2.989907066,3.820156725784053,0.8302496597840534
10673,2.79294515,3.438070362354467,0.6451252123544671
10674,3.252879988,3.6007181866620077,0.3478381986620076
10682,3.275043934,3.4382312459883404,0.16318731198834024
10683,3.021501695,2.8961210511763835,0.12538064382361647
10700,3.562602115,3.672278554248888,0.10967643924888826
10706,3.549209144,4.34054821468971,0.7913390706897094
10719,3.61955728,3.016920764292344,0.6026365157076561
10720,3.858392165,3.623740711429874,0.2346514535701263
10721,4.189223535,3.48090673243151,0.7083168025684898
10725,3.437212456,3.2109604477549456,0.22625200824505454
10742,2.499078337,2.843163861260446,0.34408552426044636
10743,2.227140594,3.121377565799075,0.8942369717990748
10745,3.543342877,3.5865223676486773,0.0431794906486771
10747,3.216529496,3.1533020079851855,0.0632274880148147
10751,3.315816462,3.9213929410873702,0.6055764790873703
10779,3.204718233,3.607502651137276,0.40278441813727595
10786,4.212990276,3.1645261554972453,1.048464120502755
10787,3.290624406,3.5645335965127942,0.27390919051279417
10788,3.96094365,3.794927629510258,0.16601602048974184
10798,3.245626162,3.6296857442601267,0.3840595822601265
10804,3.826879677,3.8740183856770725,0.04713870867707248
10805,4.253793828,3.863147765552529,0.390646062447471
10813,3.981090588,3.703717373857468,0.277373214142532
10815,3.444531932,3.455189487983035,0.010657555983035305
10816,3.465821386,3.6340549006582745,0.16823351465827452
10818,3.738052539,3.719217764970532,0.018834774029468093
10819,3.738052539,3.4960295228534974,0.24202301614650246
10820,3.042014071,3.837528893421225,0.7955148224212247
10829,3.137984977,3.737902222188963,0.5999172451889629
10841,4.173445278,3.490183004677317,0.6832622733226832
10850,3.763775504,3.6482826656543477,0.11549283834565216
10854,4.574522547,3.9644856380042173,0.6100369089957827
10859,3.631563343,3.3894621328697028,0.24210121013029706
10861,3.247662361,3.9026337683063512,0.6549714073063511
10863,3.212137274,3.7020111590013194,0.48987388500131956
10864,3.179885171,3.37261302440044,0.19272785340044019
10880,3.407595774,4.108007818766968,0.700412044766968
10895,3.959366395,4.239507143606227,0.28014074860622706
10896,3.819899533,4.114545853930236,0.29464632093023635
10902,3.75757767,3.5969759866323736,0.16060168336762626
10913,5.710299341,4.080352354234703,1.6299469867652965
10919,3.051371512,3.32926420542408,0.2778926934240804
10935,2.995096105,3.5201911465293474,0.5250950415293474
10949,5.81776084,4.23674534464274,1.58101549535726
10955,2.94121595,2.5981348590110644,0.3430810909889357
10956,2.762648091,3.068017896753787,0.305369805753787
10976,3.796877748,3.45093960249472,0.3459381455052801
10983,3.92688883,3.84537362341423,0.08151520658577027
10991,2.938042577,3.3347297143940957,0.39668713739409567
11001,3.019416337,3.5907409503074685,0.5713246133074685
11015,3.602819342,3.8263688403544727,0.22354949835447258
11018,3.598899887,3.844804482924305,0.24590459592430491
11024,3.848771745,3.966832224518067,0.11806047951806686
11029,3.374113849,3.3939298588030082,0.01981600980300824
11058,3.064056068,3.232434371353122,0.16837830335312187
11078,3.783219929,3.729818407104078,0.053401521895922066
11086,3.296531128,3.4169378941952067,0.12040676619520685
11095,2.923349276,3.4619719620944855,0.5386226860944854
11115,3.553367147,3.1681073671926683,0.3852597798073316
11116,3.303602793,3.7757923125742816,0.47218951957428157
11117,3.276798692,3.345406104350414,0.06860741235041434
11122,3.630937135,4.354247627093201,0.7233104920932014
11123,3.524273226,3.2050492958402876,0.3192239301597124
11128,3.268657523,3.1493786002442197,0.11927892275578023
11129,3.826625424,3.248663960032941,0.5779614639670592
11147,3.478739087,3.3850810100962385,0.0936580769037616
11155,3.461004122,3.1210955175874626,0.33990860441253723
11172,4.259322659,4.27464022856589,0.015317569565890032
11203,2.754016881,3.9521219496914655,1.1981050686914654
11247,3.376576957,2.8829626555277033,0.4936143014722969
11256,3.859185491,3.797253688536535,0.06193180246346497
11257,2.93568077,3.1269053781798033,0.19122460817980347
11261,3.146895989,4.347193551196282,1.2002975621962824
11313,4.099294967,3.3787033134538005,0.7205916535461991
11331,3.820090377,3.7937658945033332,0.026324482496666857
11332,3.688181378,3.698195307021827,0.010013929021827295
11348,3.007688522,2.9005770407823084,0.10711148121769165
11367,3.203233105,3.746808214223351,0.5435751092233514
11377,3.356939401,3.3517914907078223,0.005147910292177649
11398,3.706661154,3.7434629261779504,0.036801772177950554
11419,3.362354279,3.6640597108649224,0.3017054318649226
11426,3.581543328,3.736564314484297,0.15502098648429685
11435,3.443056355,3.5041564969468206,0.061100141946820674
11438,3.841171694,3.6056670058556572,0.23550468814434256
11449,3.276953267,3.481189519156175,0.2042362521561749
11488,3.187772555,3.372245015058186,0.18447246005818618
11492,3.720552059,3.821469849238555,0.10091779023855496
11511,3.166839446,3.5460526227998277,0.3792131767998277
11526,3.730610704,3.9702532794160894,0.23964257541608935
11528,3.502749459,3.347757709899377,0.15499174910062274
11541,3.150048237,3.467201113784427,0.31715287678442694
11542,3.396586377,2.8287658315594766,0.5678205454405236
11551,4.522563224,3.681540423739744,0.8410228002602556
11552,4.867065122,3.6961215802513068,1.1709435417486929
11553,4.436437339,3.78263288399216,0.6538044550078403
11554,4.282727284,3.1086320185466416,1.1740952654533583
11556,4.200555403,3.2650267968565068,0.9355286061434933
11557,4.241677967,3.2319045437195717,1.0097734232804285
11564,3.240056791,3.5565044496913223,0.3164476586913221
11578,3.050637498,2.850802755247564,0.19983474275243607
11584,3.730071035,3.9730936848495024,0.2430226498495025
11600,3.173416147,3.527793581820883,0.3543774348208828
11601,3.762959751,3.8636850287608415,0.10072527776084161
11602,2.900221998,3.44560962156169,0.5453876235616897
11609,3.447705208,3.616981411333823,0.1692762033338231
11613,2.748234071,3.10675850309024,0.35852443209023965
11630,3.153564205,3.1072309225270267,0.04633328247297319
11639,2.829456305,4.072040196449054,1.242583891449054
11644,5.630364149,3.7158884014370193,1.9144757475629808
11712,3.610198931,3.0751990130469347,0.5349999179530656
11728,5.265408439,4.34324707730049,0.9221613616995095
11751,3.138469014,3.4614549833347006,0.3229859693347006
11753,4.041984501,3.351818323784054,0.690166177215946
11759,3.401084913,3.7901584557094425,0.3890735427094425
11760,4.199566011,4.282969931326779,0.0834039203267789
11769,4.299945385,4.001440434401343,0.298504950598657
11770,4.035324654,3.8906006175054206,0.14472403649457943
11771,4.381453126,3.9323234059280416,0.4491297200719586
11812,2.198580874,2.483721549219628,0.28514067521962794
11941,3.638050893,3.734577360420242,0.09652646742024196
11948,4.054938462,3.66966650189694,0.3852719601030601
11974,3.774299399,3.6273141183897,0.14698528061030025
11977,3.547575469,3.138856228501519,0.40871924049848074
11978,3.610063296,3.291450684774148,0.31861261122585205
11979,3.277215264,3.1154341644222825,0.16178109957771758
11990,3.022128315,3.9137142129129696,0.8915858979129698
12024,4.259782364,4.469140971460916,0.20935860746091528
12048,3.554376782,3.5908393244390093,0.03646254243900948
12049,3.565927596,3.627402047113369,0.061474451113369355
12083,2.682953871,3.1801473600636507,0.4971934890636507
12084,3.13681113,3.4453806745036797,0.3085695445036798
12085,3.21368374,3.414189688863834,0.20050594886383388
12086,3.322843403,3.5608154468553064,0.23797204385530657
12089,3.25777646,3.5319230608813923,0.2741466008813922
12090,3.279404555,3.6635516688486796,0.3841471138486794
12091,3.442469018,3.6658664587083867,0.22339744070838652
12096,3.28688292,3.401924833660888,0.115041913660888
12101,3.460880669,3.881710183063218,0.4208295140632181
12106,3.513295957,3.008093106199257,0.5052028508007429
12107,3.329033611,3.4060345239784433,0.07700091297844347
12135,3.152636863,2.7508067054906467,0.40183015750935347
12170,3.273246236,3.8954889093214824,0.6222426733214825
12172,3.695050671,4.2385619449530685,0.5435112739530683
12174,3.681173374,3.6521931547271262,0.028980219272873864
12212,3.939162867,3.749165592409155,0.1899972745908447
12213,3.573111843,3.726843472079211,0.153731629079211
12221,4.537244901,3.503337570500464,1.0339073304995363
12222,2.365406859,3.5732522913007614,1.2078454323007612
12228,3.742525945,3.4100951566643785,0.3324307883356217
12229,4.235155854,3.9793246054095457,0.2558312485904546
12242,2.365383455,2.691834569725242,0.32645111472524224
12256,3.784249877,3.5663696078954685,0.21788026910453162
12258,4.609491743,3.8616322673565278,0.7478594756434727
12264,2.568651924,3.066954758438552,0.49830283443855183
12278,4.168419127,3.8384620075872267,0.3299571194127733
12279,3.109036377,3.8464994910481907,0.7374631140481909
12280,3.514708013,3.8703744855680813,0.35566647256808137
12290,3.670698008,3.374609160030298,0.29608884796970214
12309,3.844018614,4.016841901885205,0.17282328788520518
12310,3.209002137,3.2272982743184673,0.01829613731846713
12313,3.169525106,3.445420303643864,0.27589519764386417
12315,3.759717476,3.5452097498803217,0.2145077261196784
12320,3.176591882,3.8839192072001962,0.7073273252001964
12326,3.923345625,3.7399677792265504,0.18337784577344962
12369,3.979880569,3.777420203313251,0.2024603656867492
12386,3.778860019,3.846985334291932,0.06812531529193189
12434,3.31625857,3.5490575151761496,0.23279894517614963
12458,3.623719521,3.2066496556730515,0.41706986532694845
12464,2.935045384,3.453728702599999,0.518683318599999
12468,3.873357868,3.5479688879239886,0.32538898007601125
12477,3.48953994,3.7267013276327785,0.23716138763277872
12496,3.862636296,3.4473841487734425,0.41525214722655734
12504,5.541484049,4.032667126057672,1.5088169229423283
12515,3.438605956,3.319811041133819,0.11879491486618088
12533,3.966749711,3.9738236933130753,0.007073982313075433
12544,3.4338543,3.905610785048548,0.47175648504854806
12581,3.410759162,4.146761708073039,0.7360025460730388
12587,3.697560917,3.6643891350906332,0.03317178190936687
12596,4.19238496,4.231628956956173,0.039243996956172644
12606,3.246074912,3.68241852145838,0.4363436094583797
12607,3.690520941,3.0967561083803696,0.5937648326196303
12612,3.68754807,4.077151869431271,0.38960379943127066
12622,3.461500528,3.3584824722494595,0.10301805575054068
12630,4.850045945,4.265767463692386,0.5842784813076136
12635,4.290026406,3.975754749037682,0.31427165696231807
12652,4.316450531,3.3777204995117547,0.9387300314882454
12653,5.399358662,3.5440293544976793,1.8553293075023207
12662,3.485511403,3.6015406380838813,0.11602923508388141
12666,4.306301279,3.421736345759692,0.8845649332403083
12669,3.557593812,3.578701236921226,0.02110742492122597
12677,3.56202294,3.6000136287020474,0.03799068870204758
12678,3.958842494,3.778951309095522,0.17989118490447842
12680,3.638988159,3.738333475385237,0.09934531638523669
12681,3.679831516,3.518459961899691,0.16137155410030912
12689,3.62891779,3.7153147858212217,0.08639699582122162
12695,3.73556611,3.7097223686574083,0.02584374134259182
12713,4.267317773,3.8439148838296604,0.42340288917033986
12736,2.187401733,2.3744058172672737,0.18700408426727355
12742,3.795400788,4.003840320145574,0.20843953214557454
12764,3.350751818,3.294245737841294,0.05650608015870606
12792,3.755857168,3.613899516785374,0.1419576512146259
12825,3.430842298,3.6337491383771905,0.20290684037719053
12868,3.463992472,3.775725890890189,0.311733418890189
12877,3.808192061,4.01829043437733,0.21009837337732984
12880,3.650274558,3.8209377281674364,0.17066317016743637
12883,3.970631585,3.7488096788219463,0.22182190617805375
12884,4.141479387,3.653556632585074,0.4879227544149263
12886,3.566288044,3.5944860960672376,0.028198052067237356
12893,4.166942951,3.7300569633508216,0.43688598764917863
12896,3.6026548,3.7368896438862875,0.1342348438862877
12901,3.560067711,3.6169086190164093,0.0568409080164094
12902,3.868346824,3.5577765820074565,0.31057024199254357
12905,3.526602323,3.954535119883662,0.4279327968836619
12913,3.526602323,4.303084257392171,0.7764819343921707
12915,4.148446689,3.7729105460512353,0.3755361429487647
12916,3.557810003,3.65482129958436,0.09701129658435992
12936,3.704167376,4.035922401965597,0.33175502596559703
12948,4.027297704,4.0563835423779935,0.029085838377993056
12978,4.502718296,3.8269914639333624,0.6757268320666379
12979,4.643378643,4.011866289078291,0.6315123539217096
12984,4.358741732,3.568788801562526,0.7899529304374742
12989,4.184678815,3.8215111516845366,0.36316766331546324
13001,7.350914459,3.6316148171384524,3.719299641861548
13021,3.928592128,3.7310979029287155,0.19749422507128456
13031,3.500292846,3.534128549465901,0.03383570346590137
13043,3.94146688,3.6486221639806335,0.29284471601936657
13093,3.933830926,3.8082498866570544,0.12558103934294573
13107,4.077132913,3.6393105915284605,0.4378223214715393
13121,3.80508073,4.090300176368276,0.2852194463682758
13129,3.750691562,3.775845292405849,0.025153730405849117
13132,3.809845783,3.7736255396572176,0.03622024334278251
13137,3.89958661,3.732458837953591,0.16712777204640927
13142,4.012626351,3.750730693461323,0.26189565753867683
13143,4.275484116,3.964273423417605,0.3112106925823954
13144,4.36630019,3.6909138881579904,0.6753863018420092
13147,3.785140362,3.7258899894471216,0.05925037255287835
13148,3.971042465,4.015060565135349,0.044018100135349236
13149,3.650715639,4.150741383022056,0.5000257440220559
13150,4.220432617,3.911073536449302,0.3093590805506983
13152,3.825910561,3.721674685402722,0.10423587559727832
13153,3.539063388,3.6494740768021066,0.11041068880210636
13154,4.24082233,3.791807751817229,0.44901457818277146
13155,3.822995764,3.6630175393614217,0.15997822463857814
13171,4.648410548,3.682321593165505,0.9660889548344951
13172,3.641321812,3.505464560255348,0.13585725174465235
13184,3.896819598,3.8630311849892163,0.033788413010783724
13185,4.048936804,3.9098268599296486,0.1391099440703516
13207,3.443598816,3.722100200608935,0.2785013846089348
13225,3.617911657,3.815311825390145,0.19740016839014496
13234,3.857987967,3.954006630327102,0.09601866332710207
13282,3.732964402,3.524313677938319,0.20865072406168084
13298,3.608114211,3.69199648423902,0.08388227323901987
13304,4.956920428,4.1413842209340865,0.8155362070659136
13306,3.831626045,3.576146390836289,0.255479654163711
13307,3.401590072,3.6567461761704196,0.2551561041704198
13308,3.865608708,3.5266900222524082,0.33891868574759165
13311,3.805800123,3.574350545794719,0.23144957720528092
13325,3.824163039,3.5283170769543597,0.2958459620456404
13333,3.837377973,3.9143083156171534,0.07693034261715326
13340,4.910719668,3.8926015310538906,1.018118136946109
13343,4.905996465,3.7392971169625584,1.166699348037442
13344,4.87818314,3.8420279682519385,1.0361551717480615
13345,4.919372319,4.004770815208615,0.9146015037913848
13347,3.88750176,3.8352547525722422,0.0522470074277579
13351,3.709086644,3.765174818597811,0.05608817459781079
13358,3.743501365,3.7256061691234588,0.017895195876541425
13362,3.835603366,3.9357619773787893,0.10015861137878934
13371,4.248371329,3.844532031775239,0.4038392972247613
13382,3.733248868,3.9257838330313968,0.19253496503139678
13386,3.664348116,3.5000197513384395,0.16432836466156076
13407,3.472505702,3.5351060900711855,0.06260038807118562
13440,3.533695815,4.064480777507469,0.5307849625074685
13451,3.887453525,3.645668584340063,0.24178494065993705
13487,3.314189659,3.3609363487097763,0.046746689709776135
13491,3.755429721,3.661456300641585,0.09397342035841527
13493,4.142751376,3.922891590637323,0.2198597853626767
13499,3.650566533,3.8112353217151864,0.1606687887151863
13515,3.57426283,3.308005287721005,0.266257542278995
13536,3.391404456,3.359362865585431,0.03204159041456922
13551,3.495422912,4.168721265135528,0.6732983531355283
13558,3.604642554,3.5775008712665124,0.027141682733487826
13559,3.858602715,4.021153006213646,0.16255029121364561
13561,3.944877306,3.99388697480038,0.049009668800379824
13578,3.590056766,3.8812065721323883,0.2911498061323883
13580,3.498638563,3.8578895772280752,0.35925101422807515
13601,4.590865709,3.6703896409369183,0.9204760680630817
13622,4.073273095,3.847156019701841,0.22611707529815916
13623,4.640804619,4.091824511537172,0.5489801074628282
13624,4.024530819,3.7400876108606447,0.2844432081393551
13625,4.406487774,3.963079265483836,0.44340850851616453
13626,4.289982205,3.796863276262017,0.49311892873798335
13627,4.568796737,4.346343520477636,0.22245321652236427
13628,4.248461586,4.256572238973867,0.008110652973866372
13629,4.670642641,4.332310605762272,0.3383320352377277
13631,4.323855155,4.441674598082709,0.1178194430827082
13632,4.314715538,4.11199554192575,0.20271999607424984
13635,4.589404437,3.8487436581668497,0.7406607788331501
13636,4.370504994,3.9785190803031902,0.3919859136968098
13637,4.143118134,4.083689769273499,0.05942836472650104
13638,4.61857223,4.221387299037709,0.39718493096229057
13639,4.427649453,4.262635831161614,0.1650136218383862
13640,4.281521417,4.197044705595838,0.08447671140416269
13641,4.862372822,4.525555566736985,0.3368172552630151
13642,4.540821159,4.502950950035652,0.037870208964347896
13643,5.354150531,4.397081962306504,0.9570685686934963
13667,4.169138558,4.066008930628566,0.10312962737143394
13671,3.919689035,4.200966758805312,0.2812777238053119
13688,3.678336247,3.440612791637707,0.23772345536229267
13692,3.447872994,3.22641732353092,0.22145567046908
13708,3.491809767,3.8222871806824403,0.33047741368244044
13714,3.443738847,3.4509161245839834,0.007177277583983344
13716,3.505193941,3.5261406853620483,0.020946744362048353
13747,3.928558609,4.044898688986725,0.11634007998672535
13753,4.294357455,4.2741514762668835,0.02020597873311658
13770,3.982103439,3.6480935727353487,0.3340098662646511
13771,3.88645371,3.9345144572069493,0.048060747206949195
13784,4.330584211,3.0304410932590025,1.3001431177409972
13786,5.849078321,4.832585436627842,1.0164928843721581
13791,4.243620853,3.8301885093900534,0.41343234360994696
13794,3.714884849,3.8327167505099915,0.11783190150999134
13799,3.749395337,4.011396280866844,0.2620009438668438
13801,3.746602232,3.784580326986011,0.037978094986011346
13811,3.634522252,3.4554243427808777,0.17909790921912228
13821,3.68426352,3.7638073244345183,0.07954380443451825
13822,3.835614711,4.381229360577736,0.5456146495777361
13830,3.840403651,3.959715001151124,0.11931135015112426
13832,3.933941454,4.1156375045964,0.1816960505963996
13835,3.431028263,3.3131234014557265,0.11790486154427349
13862,3.997433194,4.296090009549253,0.2986568155492533
13872,3.845682614,3.8270539214490698,0.01862869255093047
13873,3.859874583,4.218218346165125,0.3583437631651254
13874,4.337503631,4.070555102320478,0.2669485286795217
13895,3.469422871,4.028788777724559,0.5593659067245591
13911,4.281967144,3.8897936350962885,0.3921735089037117
13919,3.323890064,4.100841033986646,0.7769509699866464
13922,3.691769601,3.5752747141973193,0.1164948868026805
13926,5.27897333,4.008128050906596,1.270845279093404
13937,4.068184315,4.131063178455361,0.06287886345536098
13947,3.802890954,3.537974743955208,0.26491621004479216
13948,3.677952218,4.039644849402614,0.3616926314026139
13952,3.823549912,3.904562438115535,0.081012526115535
13962,3.633349405,3.960128696742139,0.32677929174213904
13968,4.114605647,3.798516189588506,0.3160894574114943
13981,3.70986483,3.8226917670309337,0.11282693703093383
13987,3.779721433,4.751873590439682,0.9721521574396816
14004,3.690208741,3.8325583729700985,0.1423496319700983
14006,3.710827305,3.762067889276024,0.05124058427602396
14008,4.235399654,4.242308148031518,0.006908494031518053
14009,3.837459646,4.288486608913801,0.45102696291380084
14013,4.352134904,4.291977120731959,0.06015778326804089
14038,4.029689643,3.3441584064768075,0.6855312365231927
14076,4.808138022,4.021014975468086,0.7871230465319137
14104,3.725027333,3.8891123770374816,0.1640850440374817
14112,4.013194159,4.1501256436755956,0.13693148467559535
14113,4.094349471,3.8347337225152685,0.2596157484847317
14117,4.145006384,4.637898102013694,0.492891718013694
14126,3.512071002,3.8298749951625117,0.31780399316251184
14131,3.68267789,3.9152089704621553,0.23253108046215543
14134,4.540930578,4.610844820086503,0.06991424208650265
14135,4.70097515,4.545037427701824,0.1559377222981757
14136,5.169476047,4.763173046738542,0.4063030002614578
14140,4.623885789,4.3975066387703015,0.22637915022969857
14141,3.964499267,3.920452481956635,0.04404678504336479
14153,3.271241013,3.0422940595136745,0.22894695348632554
14161,3.762867828,3.1597176266335962,0.6031502013664038
14162,4.005905876,3.0516714454530556,0.9542344305469443
14164,4.074031652,4.084016350873656,0.00998469887365605
14189,3.769305219,3.6767734183046996,0.09253180069530043
14202,4.302738475,3.3586791711682022,0.9440593038317977
14215,3.665174334,3.687467349205278,0.022293015205277822
14226,5.832230547,4.957714598962974,0.8745159480370264
14229,4.094815009,4.202954791611887,0.10813978261188684
14281,3.504604506,3.496983465373095,0.007621040626905273
14328,4.457554918,3.3559192412177326,1.101635676782267
14337,3.586440745,3.51867785304201,0.06776289195798979
14338,2.992475753,3.1664764430536403,0.17400069005364038
14340,3.143534697,3.3853272350756676,0.24179253807566736
14341,3.565439887,3.5368032613063134,0.028636625693686746
14342,2.975494677,3.016790136756279,0.04129545975627913
14348,3.885869861,4.123205264496268,0.2373354034962678
14349,4.124058709,4.839733286211699,0.7156745772116988
14350,5.10905842,4.940093367668115,0.16896505233188552
14363,3.068209989,3.199801744888175,0.13159175588817495
14391,5.018823087,4.679899036624207,0.33892405037579376
14412,3.909011215,4.264534756147318,0.3555235411473183
14413,4.585605299,4.734404416441762,0.14879911744176155
14423,4.36617632,2.9355469345710064,1.4306293854289938
14437,2.921896096,3.115837809001369,0.19394171300136875
14447,4.006777669,3.9900052185052934,0.016772450494706437
14449,3.599408144,2.313566106086185,1.285842037913815
14451,3.294294238,3.602272162082215,0.3079779240822149
14452,3.457136753,4.030922731222586,0.573785978222586
14461,3.510248677,3.226561610333735,0.283687066666265
14467,4.754638788,3.645613623063579,1.1090251649364213
14468,4.76128041,4.362817651771849,0.3984627582281517
14473,5.494791649,4.039174626717962,1.4556170222820377
14493,3.414284098,3.8923888203071133,0.4781047223071133
14497,5.150293231,4.05815332581269,1.0921399051873104
14528,5.29439151,4.630769440740615,0.663622069259385
14536,3.22911946,3.7945526248075105,0.5654331648075104
14548,4.047280061,3.8723952949702203,0.1748847660297801
14549,3.971520315,4.020195881224578,0.04867556622457814
14564,3.577674359,3.612178708357955,0.0345043493579551
14567,5.178502703,3.539495799105244,1.6390069038947566
14588,4.345905809,3.3783690516130602,0.9675367573869393
14601,6.553130852,4.268860673291717,2.284270178708283
14609,3.708096219,3.825629742655943,0.11753352365594294
14611,4.582215704,4.395342148441981,0.18687355555801943
14630,4.428006485,3.7767406629625833,0.6512658220374168
14645,4.551020778,4.783605508155972,0.23258473015597225
14662,3.01457781,3.2654583759170372,0.2508805659170372
14674,4.616394004,4.1129750505357565,0.5034189534642435
14676,4.367878437,3.7185041449160243,0.6493742920839756
14680,3.146725773,3.0653354746613513,0.08139029833864875
14681,3.630935428,3.495690530967922,0.1352448970320781
14686,6.621367412,4.871248265651461,1.7501191463485384
14691,3.668965211,3.3063708399873084,0.36259437101269176
14692,3.997117161,3.6261953403894207,0.3709218206105791
14696,3.840755795,3.1314570701673006,0.7092987248326996
14704,3.769784189,3.90245377661876,0.1326695876187598
14713,3.955977082,4.3772862992066806,0.4213092172066806
14714,3.830825657,4.425426096779487,0.5946004397794873
14725,2.885799817,2.876192690772886,0.009607126227114016
14757,3.58155342,3.3818553560384768,0.19969806396152334
14794,2.273096999,2.9362938651424018,0.6631968661424019
14811,4.032276797,3.430155874242434,0.6021209227575657
14824,3.468227077,3.9332920874815938,0.4650650104815939
14829,5.047864959,4.3612762744279205,0.6865886845720794
14878,4.65611418,5.079090556232807,0.4229763762328069
14879,6.153351751,4.795516801118772,1.3578349498812274
14887,3.337548836,3.8323841540962267,0.49483531809622683
14896,2.774851498,2.635142336949767,0.139709161050233
14897,2.714943649,2.7300589702749627,0.015115321274962845
14898,2.78136434,2.5615380188063086,0.2198263211936915
14899,2.893003403,2.7456465594182564,0.1473568435817434
14902,2.643731332,2.6046787895473247,0.03905254245267553
14904,3.791342212,3.19295604068839,0.5983861713116099
14906,3.697286439,3.653899992374316,0.043386446625683917
14907,3.66275984,3.4443733443604168,0.21838649563958334
14908,3.629349945,3.6670400768624942,0.03769013186249426
14910,3.364045909,3.9556535258495225,0.5916076168495223
14928,3.512300084,3.7555078313845143,0.24320774738451423
14929,3.831663771,3.7296811850239657,0.10198258597603438
14930,3.54822476,3.80545453620014,0.25722977620013987
14931,3.663397666,3.7275361617147342,0.0641384957147344
14932,3.314245131,3.5468878925184737,0.23264276151847385
14933,3.87773867,3.7433648438441454,0.13437382615585447
14934,3.389382291,3.8437134921679794,0.4543312011679794
14935,3.369497872,3.6034205372212256,0.2339226652212254
14936,3.75830077,3.7043551332206825,0.05394563677931741
14937,3.514924774,3.715963468746823,0.20103869474682323
14938,3.533150285,3.950883195359307,0.41773291035930704
14939,3.851671649,4.020771143146622,0.1690994941466224
14940,3.410920007,3.6384369274281525,0.2275169204281524
14941,3.919352187,3.509271382876439,0.41008080412356085
14943,3.63274976,3.7275394858390536,0.09478972583905376
14944,3.440173095,3.671275236402909,0.23110214140290886
14945,3.920384242,3.5497525775227836,0.3706316644772163
14946,3.554513882,3.800885735176934,0.24637185317693389
14949,3.134851985,3.5073823706407095,0.3725303856407094
14950,3.657630582,3.526614951091514,0.131015630908486
14951,3.793971885,3.8863192430178546,0.09234735801785465
14952,3.675990169,3.82065257528243,0.1446624062824302
14953,3.436644521,3.4631181205554933,0.026473599555493443
14955,3.64015087,3.7163225103689013,0.07617164036890145
14956,3.693846715,3.784369490554108,0.09052277555410804
14957,3.793971885,3.849806137743566,0.055834252743566015
14958,3.727669331,3.8959428511214313,0.16827352012143137
14960,3.698311549,3.905721936304475,0.20741038730447503
14963,3.643640529,3.880614694191744,0.2369741651917443
14967,2.929365624,3.0283856087271985,0.09901998472719864
14968,3.00428245,3.1448192585408674,0.14053680854086759
14969,3.093992197,3.255345712730334,0.16135351573033407
14970,3.126615773,3.118756468764883,0.007859304235116937
14971,2.975654242,3.05872675545762,0.08307251345762001
14972,3.521672629,3.301111514606523,0.22056111439347736
14973,3.047925225,3.21078386513664,0.16285864013663964
14974,3.64553525,2.934037109452374,0.7114981405476262
14975,3.326876685,3.234828413194044,0.09204827180595565
14990,3.431852649,3.650370281260153,0.21851763226015297
15008,3.717902482,2.9840377664565563,0.7338647155434437
15023,3.203777786,4.140602751002062,0.9368249650020619
15024,3.52956967,4.2269720317777395,0.6974023617777396
15037,2.782663691,2.85192199879485,0.06925830779484965
15047,3.592261376,3.5870601986855153,0.005201177314484884
15074,3.408757078,3.4195977118522474,0.010840633852247539
15086,3.64139478,3.5743300148626713,0.06706476513732884
15088,3.831124976,3.954940307088076,0.12381533108807607
15109,3.408642858,3.8889510547560953,0.4803081967560954
15112,5.786734942,3.8057814693703143,1.9809534726296856
15120,3.910368234,3.9421010001105725,0.03173276611057263
15125,3.759454799,3.4864308156977994,0.27302398330220035
15129,3.997763061,3.6199046553862178,0.37785840561378237
15131,2.783367523,3.0525928075163202,0.26922528451632033
15135,3.556239887,3.5622767476002846,0.006036860600284744
15141,3.229663359,3.5932885731373414,0.3636252141373415
15142,2.964752091,3.1152715596427245,0.1505194686427247
15150,3.370711451,4.0978250607431,0.7271136097430997
15173,3.913050518,3.853860846021085,0.059189671978915115
15174,2.749689088,3.003213499597903,0.2535244115979034
15186,3.20920959,3.857496418977992,0.6482868289779922
15191,2.949965431,3.179335067203782,0.22936963620378226
15214,4.338614416,3.5662097587039,0.7724046572961005
15216,4.027499104,4.229759771934008,0.20226066793400754
15221,5.06610564,4.370163523327893,0.6959421166721071
15225,3.364268593,3.2709324914655995,0.0933361015344003
15239,3.06347527,3.7194051344926216,0.6559298644926215
15240,3.191843956,3.55339270145021,0.36154874545021
15251,3.428804085,3.758735616259741,0.3299315312597413
15272,2.766369735,3.04076864198222,0.27439890698222014
15283,6.031172737,4.425692452565013,1.6054802844349876
15289,2.713650119,2.914871591499365,0.20122147249936484
15293,3.515833647,3.6039190898439215,0.0880854428439215
15294,3.212839888,3.4828864301488727,0.2700465421488727
15295,3.439512691,3.434945584661215,0.0045671063387850985
15296,3.264021674,3.6463167786361783,0.38229510463617844
15305,3.048957416,3.755666197131829,0.7067087811318289
15312,3.285814402,3.0370261248601285,0.24878827713987173
15313,4.980621199,4.322122986903698,0.6584982120963021
15332,4.510139387,3.622453469554228,0.8876859174457716
15334,3.395469096,4.06480413923581,0.6693350432358103
15337,4.118176513,3.795027102557502,0.3231494104424977
15345,3.446037762,3.2959299319859143,0.15010783001408567
15363,3.091432457,3.510640527449441,0.4192080704494412
15388,5.617480527,3.5497110479695553,2.0677694790304444
15389,4.771707477,4.857858476770771,0.08615099977077101
15427,2.915484845,2.953135942491327,0.03765109749132689
15458,3.103946183,2.979031165094668,0.124915017905332
15470,3.189175438,3.811236162254635,0.6220607242546352
15476,3.63596818,3.247120450800728,0.3888477291992718
15480,4.397752739,3.793529935913683,0.6042228030863175
15495,3.7335742,3.43975064583916,0.29382355416084005
15506,3.069507766,3.3701136999820984,0.30060593398209834
15509,3.147664303,3.5293654011233295,0.38170109812332953
15511,3.308838207,3.967104707051333,0.658266500051333
15513,4.147875266,3.9473411074755846,0.20053415852441514
15546,3.848476498,3.720107885400062,0.12836861259993793
15566,3.430236353,3.493006997426392,0.0627706444263918
15583,3.502584549,3.4473451099901404,0.05523943900985939
15607,3.422826667,3.503668823147145,0.08084215614714507
15608,3.401021229,3.420641278477422,0.019620049477421908
15621,3.201851666,3.6097702813184345,0.40791861531843443
15622,3.221862647,3.90553741028074,0.6836747632807398
15626,2.356234841,3.222826735219116,0.8665918942191158
15629,3.253472624,3.71156320379753,0.4580905797975299
15637,3.367435648,3.6679048870463182,0.3004692390463184
15639,3.675095211,3.730381852130018,0.05528664113001813
15674,2.347768968,2.322370690597289,0.025398277402711056
15675,5.342976218,4.127383060435321,1.2155931575646797
15685,2.729013246,4.085903682853404,1.356890436853404
15691,3.762751221,3.2203892682714286,0.5423619527285712
15693,3.602049349,3.9566534726169555,0.3546041236169555
15694,3.869649334,3.7193836798653805,0.15026565413461945
15714,2.935527252,3.2610652517347156,0.32553799973471564
15745,3.116338348,3.074421265342034,0.04191708265796601
15750,3.900252736,3.3643880518751463,0.5358646841248538
15761,3.551216842,3.4591262492805273,0.09209059271947284
15767,3.365566705,3.6906621591113753,0.3250954541113753
15830,3.841937311,4.08411548832845,0.24217817732845015
15847,3.48355933,3.691545407015729,0.20798607701572935
15848,3.751566485,3.618076132356105,0.13349035264389508
15856,4.338070338,3.988159972240094,0.3499103657599054
15864,4.619790148,4.857231381593784,0.23744123359378388
15869,3.437239535,3.413253331083771,0.023986203916228632
15889,3.936809944,3.948014843059475,0.011204899059474638
15895,2.915591928,3.2960448181837902,0.38045289018379025
15901,4.932532141,5.570128917574179,0.6375967765741786
15905,4.481157464,4.57779570749225,0.09663824349224992
15910,4.315540454,4.574133572714732,0.25859311871473256
15947,3.176663737,3.1422398280347785,0.03442390896522163
15953,3.151756821,3.7118306037615527,0.5600737827615525
15974,2.27452942,2.21130467168902,0.0632247483109798
16015,4.188301953,3.828196952532893,0.3601050004671067
16085,3.382195409,3.3049617797945987,0.07723362920540122
16089,3.180883324,3.1272132598344626,0.05367006416553721
16093,3.331618679,3.2246095524688174,0.10700912653118255
16098,2.185983402,2.6911860189380077,0.5052026169380075
16126,3.535606027,3.523880787569584,0.011725239430416146
16128,5.228205381,4.574844898876962,0.6533604821230385
16131,4.089878276,4.060745229807425,0.029133046192574952
16139,3.109311882,2.9943486683501517,0.1149632136498484
16153,3.870284661,3.7803650652696312,0.08991959573036867
16160,3.056543135,3.7700022718228317,0.7134591368228316
16166,3.225725281,3.335141987419263,0.10941670641926304
16172,3.494333057,3.5096100167081037,0.015276959708103721
16176,3.67335119,3.6601017461407666,0.013249443859233434
16177,3.669802848,3.8277122490257836,0.15790940102578377
16182,4.657587598,3.341693209892843,1.3158943881071572
16183,4.677793828,3.413448156328749,1.2643456716712516
16184,4.958598904,3.378112051373566,1.5804868526264335
16185,3.710236777,3.9025426052718553,0.19230582827185527
16191,3.730935048,3.626377620211812,0.10455742778818822
16198,4.346692745,4.073399193883087,0.27329355111691367
16204,3.522884792,3.505892429681991,0.016992362318009047
16205,4.052887437,3.870002691133103,0.18288474586689674
16209,4.552541599,3.5838371914658316,0.9687044075341689
16227,3.630279456,3.7666880611177436,0.13640860511774378
16228,3.720214024,4.027235958459232,0.307021934459232
16230,2.768435334,3.510428459505034,0.7419931255050343
16244,3.392086402,3.3624637411837917,0.029622660816208235
16319,4.135844267,4.295406902771376,0.1595626357713753
16332,3.330547397,3.3842969882625953,0.05374959126259515
16344,3.438298633,2.6983598394672534,0.7399387935327466
16362,3.072479058,3.381881789088973,0.3094027310889733
16386,3.549098354,3.4651960280802476,0.08390232591975222
16395,4.102784066,5.261768542375053,1.1589844763750534
16403,3.830529647,3.316865806403743,0.5136638405962572
16409,3.767343205,3.9665851844401656,0.19924197944016564
16412,4.093956842,3.311336512873744,0.7826203291262557
16420,3.881945241,3.8209093553209152,0.06103588567908469
16434,3.182984967,3.2374271429442665,0.05444217594426659
16435,3.081811204,3.431801665712178,0.34999046171217785
16451,3.622803442,3.6311397720453487,0.008336330045348728
16460,4.416869562,4.131097889025632,0.28577167297436734
16481,4.07105975,3.8811553940593613,0.1899043559406386
16482,4.591606883,4.188310889807804,0.403295993192196
16486,4.164801197,3.7598983459286544,0.4049028510713457
