ligand_id,role,cluster_id,row_index
1,train,1,0
2,train,2,1
3,train,3,2
6,train,6,4
8,train,8,5
9,train,9,6
10,train,10,7
11,train,11,8
14,train,14,11
16,train,16,13
18,train,18,14
20,train,20,16
21,train,21,17
22,train,22,18
24,train,22,20
25,train,25,21
26,train,26,22
27,train,27,23
30,train,30,26
33,train,33,29
34,train,30,30
36,train,30,32
39,train,27,34
40,train,40,35
41,train,41,36
43,train,43,38
45,train,45,40
46,train,46,41
47,train,47,42
48,train,48,43
49,train,49,44
50,train,50,45
51,train,51,46
53,train,45,48
54,train,47,49
55,train,55,50
56,train,56,51
57,train,57,52
58,train,58,53
59,train,59,54
62,train,62,56
63,train,63,57
65,train,65,59
66,train,66,60
68,train,68,62
69,train,47,63
70,train,70,64
71,train,71,65
73,train,73,67
74,train,74,68
75,train,75,69
76,train,76,70
77,train,77,71
78,train,78,72
79,train,79,73
81,train,81,75
82,train,82,76
83,train,83,77
85,train,85,79
90,train,90,82
91,train,91,83
92,train,92,84
93,train,93,85
94,train,94,86
97,train,97,89
98,train,98,90
100,train,100,91
101,train,101,92
104,train,104,94
105,train,105,95
109,train,109,98
111,train,111,99
112,train,111,100
113,train,113,101
114,train,113,102
115,train,115,103
116,train,116,104
118,train,118,105
119,train,119,106
121,train,109,107
122,train,122,108
123,train,123,109
124,train,124,110
125,train,125,111
126,train,126,112
128,train,128,114
129,train,129,115
130,train,130,116
131,train,90,117
135,train,135,119
136,train,126,120
138,train,138,121
140,train,140,123
142,train,142,125
144,train,144,126
145,train,145,127
148,train,148,128
149,train,149,129
150,train,150,130
151,train,151,131
152,train,152,132
157,train,157,135
158,train,158,136
159,train,159,137
160,train,160,138
161,train,161,139
162,train,126,140
163,train,163,141
164,train,164,142
165,train,78,143
166,train,166,144
170,train,170,145
173,train,173,147
175,train,175,148
178,train,178,149
179,train,179,150
180,train,180,151
182,train,182,152
184,train,184,153
194,train,194,155
195,train,195,156
196,train,196,157
200,train,200,159
201,train,201,160
203,train,203,162
204,train,204,163
206,train,206,164
208,train,208,166
210,train,210,167
215,train,215,170
216,train,216,171
217,train,160,172
218,train,218,173
219,train,219,174
221,train,221,175
225,train,225,177
226,train,182,178
227,train,227,179
229,train,229,181
230,train,230,182
231,train,231,183
234,train,234,185
236,train,236,186
237,train,151,187
241,train,241,189
243,train,243,190
244,train,244,191
245,train,76,192
249,train,249,195
251,train,251,197
257,train,257,201
259,train,259,203
260,train,260,204
261,train,261,205
262,train,262,206
263,train,263,207
264,train,264,208
265,train,265,209
266,train,266,210
268,train,230,211
269,train,269,212
270,train,109,213
272,train,249,215
273,train,142,216
275,train,275,218
279,train,279,220
280,train,280,221
281,train,281,222
283,train,283,223
284,train,284,224
287,train,287,225
288,train,288,226
289,train,289,227
292,train,249,228
293,train,293,229
295,train,295,231
298,train,82,232
299,train,299,233
300,train,300,234
301,train,249,235
302,train,302,236
306,train,306,238
307,train,307,239
310,train,310,240
312,train,230,241
317,train,317,243
318,train,318,244
320,train,320,245
321,train,321,246
322,train,322,247
323,train,323,248
325,train,47,250
326,train,249,251
327,train,327,252
328,train,300,253
332,train,332,254
334,train,334,256
335,train,335,257
337,train,337,259
338,train,338,260
339,train,339,261
340,train,340,262
343,train,343,263
345,train,345,265
346,train,346,266
353,train,353,270
357,train,357,272
358,train,358,273
359,train,111,274
360,train,360,275
361,train,196,276
362,train,299,277
363,train,322,278
364,train,364,279
365,train,163,280
366,train,366,281
368,train,368,282
370,train,370,283
374,train,374,285
377,train,377,288
379,train,379,290
380,train,380,291
383,train,383,294
386,train,160,295
388,train,388,296
391,train,391,298
393,train,393,300
394,train,218,301
395,train,395,302
396,train,230,303
397,train,397,304
401,train,401,308
403,train,403,310
404,train,404,311
405,train,405,312
406,train,406,313
407,train,407,314
408,train,408,315
410,train,410,316
411,train,411,317
412,train,412,318
415,train,415,320
416,train,166,321
418,train,179,323
421,train,421,325
427,train,427,331
431,train,306,334
432,train,432,335
433,train,118,336
434,train,128,337
436,train,436,338
437,train,196,339
438,train,438,340
440,train,440,341
442,train,442,342
446,train,446,343
448,train,448,345
450,train,450,347
451,train,451,348
452,train,452,349
456,train,456,351
457,train,457,352
459,train,459,353
461,train,461,354
462,train,462,355
463,train,249,356
468,train,468,359
469,train,469,360
471,train,471,362
473,train,473,364
477,train,477,368
478,train,478,369
482,train,482,373
483,train,170,374
486,train,486,375
487,train,487,376
489,train,489,378
490,train,490,379
492,train,492,381
493,train,493,382
494,train,494,383
495,train,263,384
496,train,496,385
497,train,493,386
498,train,498,387
499,train,499,388
500,train,500,389
501,train,501,390
503,train,503,392
506,train,506,393
507,train,507,394
508,train,508,395
509,train,509,396
510,train,510,397
511,train,230,398
514,train,514,401
515,train,182,402
516,train,516,403
519,train,519,404
520,train,520,405
521,train,521,406
527,train,395,411
529,train,529,413
530,train,530,414
531,train,531,415
532,train,14,416
537,train,537,420
541,train,541,422
546,train,546,425
548,train,548,427
551,train,551,428
553,train,293,429
556,train,556,431
559,train,559,432
565,train,565,435
568,train,90,438
569,train,569,439
574,train,574,441
579,train,579,442
580,train,580,443
583,train,160,444
584,train,584,445
585,train,579,446
589,train,589,449
593,train,593,452
596,train,357,455
597,train,200,456
598,train,322,457
599,train,599,458
600,train,340,459
602,train,170,461
604,train,200,463
605,train,605,464
607,train,607,465
608,train,608,466
617,train,617,474
620,train,620,477
621,train,621,478
623,train,623,480
624,train,624,481
625,train,625,482
626,train,626,483
627,train,627,484
629,train,629,485
630,train,630,486
631,train,631,487
633,train,584,488
637,train,637,490
638,train,221,491
641,train,113,493
642,train,642,494
643,train,643,495
645,train,645,496
646,train,337,497
647,train,647,498
649,train,649,500
651,train,651,502
655,train,655,504
658,train,658,505
666,train,666,509
668,train,668,511
671,train,671,514
672,train,263,515
677,train,677,518
679,train,196,520
680,train,680,521
681,train,681,522
682,train,682,523
683,train,683,524
684,train,684,525
686,train,605,526
687,train,357,527
694,train,307,531
695,train,695,532
696,train,696,533
697,train,166,534
699,train,699,536
700,train,700,537
703,train,703,540
705,train,170,542
706,train,608,543
708,train,708,545
711,train,584,548
712,train,249,549
714,train,714,550
718,train,718,552
721,train,98,554
724,train,605,556
726,train,726,558
728,train,79,560
731,train,731,563
735,train,735,565
738,train,738,566
740,train,740,567
744,train,182,569
745,train,745,570
747,train,747,572
748,train,748,573
751,train,751,574
752,train,752,575
753,train,200,576
754,train,754,577
755,train,357,578
757,train,757,580
761,train,761,582
763,train,763,584
764,train,764,585
766,train,766,586
768,train,766,588
769,train,766,589
771,train,771,591
772,train,766,592
776,train,776,595
778,train,778,596
780,train,780,597
782,train,782,599
783,train,783,600
786,train,786,601
789,train,789,603
791,train,791,605
793,train,793,607
795,train,795,608
798,train,798,611
800,train,338,613
801,train,801,614
802,train,802,615
803,train,803,616
804,train,804,617
805,train,738,618
806,train,806,619
807,train,807,620
809,train,809,621
812,train,812,624
814,train,814,626
815,train,815,627
818,train,763,629
819,train,819,630
821,train,821,632
822,train,822,633
825,train,825,635
827,train,827,636
828,train,456,637
829,train,18,638
830,train,830,639
832,train,832,641
837,train,837,646
840,train,230,648
844,train,471,652
845,train,845,653
848,train,848,655
852,train,819,659
854,train,854,660
856,train,856,662
859,train,859,664
861,train,861,666
863,train,863,668
864,train,864,669
867,train,867,671
872,train,142,674
873,train,82,675
875,train,875,677
877,train,877,678
879,train,879,679
881,train,881,681
882,train,882,682
884,train,884,684
887,train,887,686
892,train,892,691
893,train,893,692
895,train,895,693
896,train,896,694
898,train,898,696
901,train,901,698
903,train,50,700
907,train,907,704
911,train,911,707
912,train,912,708
915,train,915,709
921,train,921,714
922,train,922,715
924,train,924,717
926,train,926,719
928,train,928,721
932,train,932,725
934,train,934,726
938,train,938,729
939,train,939,730
940,train,940,731
941,train,941,732
946,train,946,735
947,train,947,736
949,train,949,738
950,train,950,739
952,train,952,741
954,train,954,742
956,train,956,744
957,train,957,745
959,train,957,747
960,train,234,748
961,train,961,749
962,train,962,750
964,train,62,751
967,train,967,754
968,train,968,755
969,train,969,756
971,train,971,758
972,train,3,759
973,train,973,760
974,train,974,761
975,train,975,762
977,train,977,763
978,train,978,764
979,train,979,765
981,train,981,767
982,train,982,768
983,train,983,769
984,train,984,770
985,train,985,771
987,train,987,773
988,train,988,774
989,train,989,775
990,train,990,776
991,train,896,777
994,train,994,779
997,train,997,780
998,train,998,781
1001,train,896,783
1002,train,896,784
1005,train,1005,785
1006,train,1006,786
1007,train,1007,787
1010,train,1010,790
1011,train,1011,791
1012,train,1012,792
1013,train,1013,793
1015,train,1015,795
1016,train,1016,796
1017,train,1017,797
1019,train,1019,798
1020,train,1020,799
1025,train,1025,803
1026,train,1026,804
1027,train,1027,805
1028,train,1028,806
1029,train,1029,807
1030,train,1030,808
1031,train,1031,809
1032,train,1032,810
1034,train,1034,812
1035,train,1035,813
1037,train,1037,815
1039,train,1039,817
1042,train,1042,820
1044,train,1044,822
1045,train,1045,823
1046,train,1046,824
1049,train,1049,826
1050,train,1050,827
1051,train,1051,828
1052,train,1052,829
1053,train,1053,830
1056,train,1056,831
1057,train,47,832
1058,train,1058,833
1061,train,1061,836
1063,train,1063,838
1064,train,1064,839
1066,train,1066,841
1067,train,1067,842
1072,train,1072,847
1074,train,1074,849
1075,train,1075,850
1076,train,1076,851
1077,train,1077,852
1078,train,47,853
1081,train,1066,856
1082,train,1074,857
1083,train,1083,858
1084,train,881,859
1085,train,1066,860
1086,train,1066,861
1087,train,1066,862
1088,train,1088,863
1089,train,47,864
1091,train,47,866
1092,train,1092,867
1093,train,47,868
1094,train,1074,869
1095,train,881,870
1097,train,1097,871
1098,train,789,872
1099,train,1099,873
1100,train,1100,874
1101,train,1101,875
1102,train,1102,876
1103,train,1103,877
1104,train,1104,878
1106,train,1106,879
1107,train,1107,880
1111,train,1111,884
1114,train,1114,887
1116,train,1116,888
1117,train,1117,889
1121,train,1121,893
1122,train,1122,894
1123,train,1123,895
1124,train,1124,896
1125,train,1010,897
1126,train,1126,898
1127,train,1127,899
1128,train,1128,900
1129,train,1129,901
1130,train,3,902
1132,train,1132,904
1133,train,1133,905
1135,train,1135,907
1136,train,1136,908
1137,train,1075,909
1141,train,1141,911
1142,train,1142,912
1144,train,1144,914
1147,train,1147,915
1149,train,379,917
1150,train,1150,918
1152,train,801,920
1153,train,893,921
1154,train,22,922
1155,train,1155,923
1157,train,1157,924
1159,train,898,925
1161,train,1161,927
1165,train,1165,929
1166,train,300,930
1167,train,1167,931
1169,train,1169,933
1170,train,1170,934
1172,train,1172,936
1173,train,317,937
1175,train,754,939
1176,train,1176,940
1177,train,221,941
1178,train,1178,942
1182,train,1182,945
1184,train,1184,947
1186,train,1186,949
1192,train,1192,954
1193,train,1193,955
1195,train,1195,957
1199,train,801,959
1200,train,1200,960
1203,train,1203,961
1204,train,1204,962
1205,train,1205,963
1206,train,1206,964
1214,train,1214,972
1215,train,47,973
1216,train,1066,974
1218,train,47,976
1219,train,1088,977
1220,train,1142,978
1222,train,1222,980
1225,train,1225,982
1227,train,1227,984
1228,train,1104,985
1229,train,1229,986
1234,train,1234,989
1238,train,1238,992
1239,train,1239,993
1243,train,1243,997
1244,train,1244,998
1245,train,1245,999
1247,train,1032,1001
1248,train,1248,1002
1249,train,1249,1003
1252,train,1252,1006
1253,train,1253,1007
1254,train,1254,1008
1255,train,1255,1009
1257,train,1257,1011
1260,train,1260,1014
1261,train,383,1015
1262,train,1262,1016
1263,train,1263,1017
1264,train,1264,1018
1268,train,469,1021
1273,train,1273,1025
1274,train,738,1026
1276,train,1276,1028
1277,train,1277,1029
1279,train,1279,1030
1280,train,307,1031
1282,train,1282,1033
1283,train,1283,1034
1284,train,1284,1035
1285,train,1285,1036
1289,train,1289,1039
1290,train,1290,1040
1292,train,1292,1041
1293,train,1293,1042
1295,train,1295,1043
1296,train,1296,1044
1297,train,1297,1045
1298,train,1297,1046
1299,train,1299,1047
1300,train,1300,1048
1302,train,1302,1050
1303,train,1303,1051
1304,train,1304,1052
1305,train,1305,1053
1307,train,1307,1055
1308,train,1308,1056
1309,train,1309,1057
1310,train,1310,1058
1311,train,1311,1059
1312,train,1312,1060
1313,train,1313,1061
1315,train,1312,1063
1316,train,1316,1064
1317,train,1316,1065
1318,train,1312,1066
1320,train,1320,1068
1322,train,47,1070
1323,train,486,1071
1324,train,1324,1072
1326,train,1326,1073
1329,train,1329,1076
1331,train,1331,1078
1333,train,1333,1080
1334,train,1334,1081
1335,train,1335,1082
1336,train,1336,1083
1338,train,1338,1085
1341,train,1341,1088
1342,train,1342,1089
1343,train,1343,1090
1344,train,1344,1091
1346,train,1346,1093
1351,train,1351,1097
1352,train,1352,1098
1354,train,1354,1100
1355,train,1355,1101
1359,train,1359,1103
1360,train,1360,1104
1361,train,1361,1105
1362,train,1362,1106
1364,train,1364,1108
1365,train,1136,1109
1366,train,1366,1110
1367,train,1367,1111
1370,train,1370,1114
1371,train,1297,1115
1372,train,1372,1116
1375,train,1375,1118
1377,train,1377,1119
1378,train,1378,1120
1379,train,128,1121
1381,train,1381,1123
1385,train,1361,1126
1389,train,1362,1130
1390,train,1390,1131
1391,train,1391,1132
1392,train,1391,1133
1393,train,1393,1134
1394,train,1394,1135
1397,train,1397,1138
1398,train,1398,1139
1399,train,1399,1140
1401,train,1401,1141
1402,train,1402,1142
1403,train,1403,1143
1405,train,627,1145
1406,train,627,1146
1407,train,1407,1147
1408,train,22,1148
1412,train,1412,1151
1416,train,82,1154
1418,train,1418,1156
1420,train,20,1158
1423,train,1423,1160
1424,train,627,1161
1425,train,627,1162
1426,train,1426,1163
1427,train,898,1164
1429,train,623,1166
1430,train,1430,1167
1431,train,623,1168
1432,train,726,1169
1433,train,726,1170
1434,train,726,1171
1436,train,1436,1173
1440,train,200,1177
1441,train,1441,1178
1442,train,1442,1179
1444,train,1444,1181
1445,train,30,1182
1447,train,1170,1184
1449,train,1449,1186
1451,train,1451,1188
1452,train,1452,1189
1453,train,1453,1190
1454,train,1454,1191
1455,train,1455,1192
1456,train,1456,1193
1457,train,1451,1194
1458,train,1458,1195
1460,train,1460,1197
1462,train,1462,1199
1466,train,1466,1202
1468,train,1468,1204
1469,train,1469,1205
1470,train,1470,1206
1471,train,1470,1207
1475,train,1475,1210
1478,train,1478,1212
1479,train,1479,1213
1481,train,1481,1215
1483,train,1483,1217
1484,train,1484,1218
1485,train,1485,1219
1486,train,1486,1220
1489,train,1489,1223
1490,train,1490,1224
1491,train,1491,1225
1492,train,1492,1226
1493,train,47,1227
1494,train,1494,1228
1496,train,1297,1229
1498,train,763,1231
1499,train,1499,1232
1500,train,456,1233
1501,train,456,1234
1504,train,1504,1236
1508,train,299,1239
1513,train,1513,1242
1516,train,1516,1244
1517,train,1517,1245
1519,train,1519,1247
1520,train,1520,1248
1522,train,1522,1250
1523,train,1523,1251
1526,train,1526,1252
1528,train,1528,1254
1530,train,1530,1256
1531,train,1531,1257
1532,train,1466,1258
1536,train,832,1261
1537,train,1537,1262
1538,train,1538,1263
1541,train,1541,1265
1545,train,1545,1269
1547,train,1460,1271
1549,train,1549,1273
1550,train,293,1274
1551,train,620,1275
1552,train,440,1276
1553,train,1553,1277
1558,train,196,1281
1560,train,1560,1283
1561,train,1561,1284
1562,train,1562,1285
1563,train,1397,1286
1565,train,284,1287
1567,train,1567,1288
1568,train,1568,1289
1570,train,1570,1290
1572,train,1572,1292
1577,train,1577,1295
1578,train,801,1296
1580,train,1580,1298
1581,train,1581,1299
1582,train,1582,1300
1583,train,210,1301
1584,train,1584,1302
1586,train,47,1303
1590,train,738,1307
1592,train,1592,1309
1595,train,1595,1312
1597,train,1597,1314
1600,train,1066,1317
1601,train,1601,1318
1604,train,1604,1320
1606,train,1606,1321
1607,train,1607,1322
1608,train,1607,1323
1613,train,94,1327
1615,train,94,1329
1616,train,947,1330
1617,train,957,1331
1618,train,1618,1332
1620,train,1620,1334
1627,train,1627,1336
1628,train,1628,1337
1629,train,16,1338
1630,train,1630,1339
1633,train,1633,1342
1634,train,1634,1343
1636,train,1636,1344
1638,train,1638,1345
1641,train,1641,1347
1642,train,1642,1348
1643,train,1643,1349
1644,train,1644,1350
1645,train,1645,1351
1646,train,1646,1352
1648,train,1648,1353
1651,train,1460,1356
1653,train,1653,1357
1655,train,1655,1359
1656,train,1656,1360
1659,train,218,1362
1662,train,1662,1365
1663,train,1333,1366
1664,train,1664,1367
1665,train,1665,1368
1666,train,1666,1369
1667,train,1667,1370
1668,train,1668,1371
1669,train,1669,1372
1670,train,1670,1373
1671,train,1671,1374
1672,train,1672,1375
1673,train,1673,1376
1674,train,1674,1377
1678,train,1678,1381
1680,train,1680,1382
1681,train,1681,1383
1682,train,1682,1384
1683,train,1683,1385
1685,train,1685,1387
1686,train,1644,1388
1688,train,1644,1390
1689,train,1644,1391
1690,train,1685,1392
1691,train,1691,1393
1692,train,1692,1394
1693,train,1352,1395
1694,train,1694,1396
1695,train,1517,1397
1698,train,1308,1398
1699,train,1699,1399
1700,train,1700,1400
1702,train,1702,1401
1706,train,1706,1405
1709,train,1709,1408
1711,train,1711,1410
1713,train,1709,1411
1715,train,1715,1413
1716,train,1716,1414
1717,train,1717,1415
1718,train,1718,1416
1723,train,1723,1421
1724,train,1724,1422
1725,train,105,1423
1726,train,1726,1424
1729,train,1285,1427
1730,train,1730,1428
1731,train,1731,1429
1732,train,1732,1430
1733,train,1733,1431
1734,train,801,1432
1736,train,1627,1433
1737,train,801,1434
1738,train,801,1435
1744,train,1744,1441
1749,train,1749,1445
1750,train,1750,1446
1752,train,1752,1448
1754,train,1754,1450
1756,train,1066,1452
1757,train,1066,1453
1758,train,881,1454
1759,train,881,1455
1761,train,1761,1456
1762,train,1762,1457
1763,train,1762,1458
1764,train,1764,1459
1766,train,1766,1460
1768,train,1186,1462
1769,train,1769,1463
1771,train,1771,1465
1774,train,1774,1468
1775,train,1775,1469
1776,train,47,1470
1778,train,1778,1471
1779,train,1522,1472
1781,train,230,1474
1783,train,1783,1476
1785,train,1785,1478
1788,train,1788,1481
1790,train,1790,1483
1791,train,1791,1484
1793,train,1793,1486
1795,train,1795,1488
1796,train,1796,1489
1799,train,1799,1492
1801,train,105,1494
1802,train,1802,1495
1803,train,1803,1496
1807,train,1807,1498
1808,train,1808,1499
1812,train,1492,1503
1813,train,881,1504
1816,train,1816,1507
1819,train,1819,1509
1820,train,1820,1510
1821,train,1821,1511
1823,train,1823,1513
1825,train,1825,1515
1827,train,1827,1517
1829,train,1829,1519
1832,train,1832,1520
1833,train,1833,1521
1835,train,1835,1523
1837,train,1837,1525
1838,train,1838,1526
1839,train,1839,1527
1841,train,1841,1529
1846,train,1796,1533
1848,train,1791,1535
1849,train,1849,1536
1850,train,1849,1537
1851,train,1849,1538
1852,train,1852,1539
1853,train,1853,1540
1854,train,1854,1541
1855,train,1855,1542
1857,train,763,1543
1858,train,1858,1544
1859,train,1859,1545
1860,train,763,1546
1861,train,763,1547
1867,train,1867,1551
1868,train,1868,1552
1869,train,1869,1553
1870,train,1870,1554
1871,train,1871,1555
1872,train,1066,1556
1876,train,1876,1560
1877,train,1877,1561
1878,train,1878,1562
1886,train,1886,1568
1889,train,1889,1570
1890,train,1890,1571
1891,train,1796,1572
1892,train,1892,1573
1894,train,1894,1574
1896,train,1849,1576
1899,train,1899,1578
1900,train,1900,1579
1901,train,1901,1580
1903,train,1903,1581
1904,train,1904,1582
1905,train,1905,1583
1906,train,1906,1584
1907,train,47,1585
1908,train,1908,1586
1909,train,1909,1587
1910,train,1074,1588
1912,train,1912,1590
1913,train,1913,1591
1914,train,1914,1592
1915,train,1915,1593
1916,train,1916,1594
1917,train,1917,1595
1918,train,1284,1596
1919,train,1284,1597
1921,train,1921,1599
1922,train,1922,1600
1924,train,1100,1601
1925,train,1925,1602
1926,train,1926,1603
1929,train,1929,1604
1931,train,1931,1605
1932,train,1932,1606
1933,train,1933,1607
1934,train,1932,1608
1939,train,1939,1612
1941,train,1097,1614
1943,train,1903,1616
1944,train,1944,1617
1946,train,1630,1618
1948,train,1948,1620
1949,train,1949,1621
1950,train,1950,1622
1951,train,1206,1623
1952,train,1952,1624
1953,train,1953,1625
1955,train,1955,1627
1956,train,482,1628
1959,train,1959,1631
1960,train,1133,1632
1963,train,1963,1635
1964,train,1964,1636
1966,train,1966,1638
1968,train,323,1640
1970,train,1970,1641
1971,train,1971,1642
1974,train,1932,1644
1976,train,763,1646
1978,train,763,1647
1983,train,1983,1652
1985,train,47,1653
1987,train,1987,1655
1988,train,1988,1656
1989,train,1989,1657
1990,train,1990,1658
1993,train,1993,1660
1996,train,1996,1663
1998,train,1998,1665
1999,train,383,1666
2002,train,2002,1669
2006,train,2006,1670
2009,train,1300,1673
2010,train,2010,1674
2012,train,2012,1676
2013,train,2013,1677
2014,train,2014,1678
2015,train,196,1679
2020,train,2020,1684
2021,train,2021,1685
2022,train,2021,1686
2023,train,2023,1687
2024,train,2021,1688
2025,train,2025,1689
2031,train,2031,1693
2032,train,2032,1694
2042,train,763,1702
2043,train,763,1703
2045,train,2045,1704
2047,train,2045,1706
2048,train,2048,1707
2049,train,33,1708
2050,train,221,1709
2051,train,221,1710
2056,train,2056,1712
2059,train,47,1713
2060,train,2060,1714
2061,train,2061,1715
2067,train,2067,1721
2068,train,2068,1722
2070,train,2070,1724
2075,train,2075,1726
2076,train,2076,1727
2078,train,1300,1728
2079,train,2079,1729
2080,train,1963,1730
2081,train,2081,1731
2082,train,2082,1732
2084,train,2084,1734
2085,train,2085,1735
2086,train,2086,1736
2088,train,2088,1738
2089,train,2089,1739
2090,train,1932,1740
2092,train,2092,1741
2093,train,230,1742
2094,train,2092,1743
2095,train,1859,1744
2096,train,2092,1745
2105,train,2105,1750
2107,train,2107,1752
2108,train,2108,1753
2111,train,2111,1756
2113,train,2113,1757
2114,train,2114,1758
2115,train,2115,1759
2116,train,2116,1760
2117,train,482,1761
2118,train,2118,1762
2122,train,2122,1764
2126,train,2126,1766
2127,train,789,1767
2129,train,789,1769
2134,train,763,1771
2136,train,2136,1773
2137,train,63,1774
2139,train,2139,1776
2140,train,1868,1777
2142,train,738,1779
2143,train,738,1780
2144,train,1088,1781
2145,train,1066,1782
2146,train,2146,1783
2148,train,2148,1785
2149,train,2149,1786
2150,train,2150,1787
2155,train,2155,1791
2158,train,2158,1794
2160,train,2082,1796
2161,train,2161,1797
2162,train,2162,1798
2165,train,2161,1801
2167,train,2167,1803
2169,train,79,1805
2173,train,142,1809
2175,train,2175,1811
2178,train,2178,1812
2181,train,2181,1814
2185,train,2185,1817
2186,train,2186,1818
2187,train,395,1819
2188,train,2188,1820
2189,train,2189,1821
2190,train,2161,1822
2196,train,2196,1826
2199,train,2199,1829
2200,train,1042,1830
2201,train,2201,1831
2204,train,2204,1832
2205,train,2205,1833
2206,train,2206,1834
2208,train,2208,1836
2209,train,1097,1837
2211,train,2211,1839
2213,train,2213,1841
2215,train,2215,1843
2216,train,2216,1844
2217,train,2217,1845
2219,train,2219,1846
2220,train,142,1847
2221,train,2221,1848
2223,train,2223,1850
2224,train,2224,1851
2229,train,2229,1854
2232,train,2232,1856
2233,train,2233,1857
2234,train,2181,1858
2236,train,2236,1860
2237,train,2237,1861
2238,train,2238,1862
2240,train,2240,1864
2241,train,2241,1865
2242,train,2242,1866
2243,train,2243,1867
2244,train,2244,1868
2245,train,2245,1869
2247,train,1378,1871
2248,train,2248,1872
2250,train,406,1874
2251,train,2251,1875
2253,train,2253,1877
2254,train,2253,1878
2255,train,2255,1879
2256,train,2256,1880
2259,train,2259,1883
2260,train,2255,1884
2261,train,2255,1885
2262,train,2262,1886
2264,train,2264,1888
2269,train,2269,1893
2271,train,2271,1895
2272,train,947,1896
2275,train,2275,1898
2276,train,2276,1899
2279,train,2208,1902
2280,train,2280,1903
2281,train,2281,1904
2282,train,2282,1905
2283,train,2283,1906
2288,train,2288,1909
2293,train,2293,1913
2295,train,2295,1915
2296,train,2296,1916
2298,train,2298,1918
2301,train,2301,1920
2306,train,2306,1925
2308,train,2308,1927
2309,train,2309,1928
2311,train,2311,1930
2312,train,979,1931
2313,train,1530,1932
2314,train,2314,1933
2317,train,2317,1936
2320,train,2221,1938
2322,train,2322,1940
2326,train,2326,1941
2327,train,2327,1942
2328,train,2328,1943
2329,train,2329,1944
2331,train,2331,1946
2334,train,2334,1949
2335,train,2335,1950
2336,train,2336,1951
2337,train,2337,1952
2338,train,2338,1953
2339,train,2339,1954
2340,train,2340,1955
2344,train,2344,1958
2346,train,2259,1960
2347,train,2092,1961
2348,train,151,1962
2354,train,230,1967
2355,train,1903,1968
2357,train,2357,1969
2358,train,1562,1970
2359,train,1562,1971
2360,train,2360,1972
2361,train,2361,1973
2364,train,2364,1975
2365,train,2365,1976
2366,train,2366,1977
2367,train,2367,1978
2368,train,2367,1979
2370,train,2370,1981
2372,train,2367,1983
2374,train,2221,1985
2377,train,2377,1986
2379,train,2377,1987
2380,train,2380,1988
2383,train,2383,1991
2386,train,2386,1992
2388,train,2388,1994
2390,train,2390,1995
2392,train,2392,1996
2393,train,2393,1997
2395,train,2395,1999
2396,train,2396,2000
2397,train,2395,2001
2399,train,2399,2002
2402,train,2402,2003
2407,train,2407,2007
2409,train,2409,2009
2412,train,2412,2011
2413,train,2413,2012
2415,train,793,2014
2417,train,2417,2016
2418,train,2367,2017
2419,train,2419,2018
2420,train,2420,2019
2421,train,2421,2020
2422,train,2422,2021
2426,train,50,2024
2427,train,2427,2025
2428,train,151,2026
2429,train,151,2027
2430,train,2306,2028
2431,train,2431,2029
2432,train,2432,2030
2433,train,2433,2031
2435,train,2435,2033
2436,train,2396,2034
2439,train,2395,2036
2440,train,2440,2037
2441,train,2441,2038
2443,train,2443,2040
2444,train,2334,2041
2445,train,2334,2042
2446,train,1042,2043
2448,train,2448,2045
2449,train,2449,2046
2450,train,2450,2047
2453,train,230,2050
2454,train,2454,2051
2455,train,151,2052
2457,train,2457,2054
2458,train,2458,2055
2459,train,2459,2056
2460,train,2460,2057
2461,train,2461,2058
2462,train,1037,2059
2463,train,2463,2060
2464,train,2464,2061
2465,train,2465,2062
2466,train,196,2063
2467,train,122,2064
2468,train,82,2065
2469,train,1157,2066
2471,train,2471,2068
2472,train,2472,2069
2473,train,2473,2070
2475,train,2475,2072
2476,train,151,2073
2484,train,2484,2078
2485,train,2485,2079
2486,train,738,2080
2489,train,2489,2083
2490,train,249,2084
2491,train,307,2085
2492,train,307,2086
2495,train,2495,2089
2496,train,2496,2090
2497,train,2497,2091
2499,train,2499,2093
2500,train,1730,2094
2501,train,2501,2095
2504,train,2504,2098
2505,train,1367,2099
2509,train,2509,2103
2510,train,2510,2104
2511,train,2511,2105
2518,train,2518,2108
2519,train,2519,2109
2520,train,2435,2110
2521,train,623,2111
2522,train,2449,2112
2524,train,2524,2113
2525,train,2525,2114
2526,train,2526,2115
2529,train,2529,2118
2531,train,2531,2119
2532,train,2532,2120
2534,train,2534,2121
2535,train,962,2122
2536,train,2536,2123
2541,train,2541,2128
2545,train,2545,2131
2548,train,2548,2133
2549,train,2548,2134
2550,train,2548,2135
2553,train,2553,2137
2555,train,2555,2138
2563,train,2563,2146
2564,train,1299,2147
2567,train,2092,2150
2570,train,2570,2152
2573,train,2573,2153
2574,train,2574,2154
2576,train,182,2155
2577,train,2577,2156
2579,train,221,2158
2581,train,2581,2159
2585,train,2585,2161
2589,train,2589,2165
2590,train,2590,2166
2591,train,2591,2167
2595,train,2595,2171
2598,train,2598,2174
2600,train,2600,2175
2603,train,2603,2178
2604,train,2604,2179
2607,train,2082,2181
2609,train,2609,2183
2611,train,2611,2184
2612,train,2612,2185
2613,train,979,2186
2616,train,2616,2189
2617,train,125,2190
2618,train,2618,2191
2620,train,2620,2192
2621,train,1672,2193
2622,train,2622,2194
2623,train,2623,2195
2624,train,2624,2196
2628,train,2628,2197
2629,train,2629,2198
2630,train,2630,2199
2639,train,2639,2207
2641,train,2511,2209
2642,train,2548,2210
2643,train,2643,2211
2647,train,754,2214
2651,train,1827,2218
2653,train,1206,2220
2654,train,1206,2221
2655,train,1206,2222
2656,train,2656,2223
2657,train,2657,2224
2658,train,1206,2225
2659,train,2659,2226
2662,train,2662,2229
2666,train,1299,2233
2667,train,249,2234
2668,train,22,2235
2670,train,2670,2237
2671,train,854,2238
2674,train,2224,2239
2682,train,2682,2244
2683,train,2683,2245
2684,train,2684,2246
2685,train,2685,2247
2687,train,2687,2248
2692,train,2692,2252
2693,train,2693,2253
2697,train,2697,2257
2698,train,2698,2258
2699,train,1006,2259
2700,train,2700,2260
2706,train,2706,2264
2707,train,2707,2265
2709,train,210,2266
2711,train,2711,2268
2713,train,2713,2269
2714,train,2714,2270
2715,train,2715,2271
2716,train,2716,2272
2717,train,2717,2273
2720,train,2720,2275
2722,train,2720,2277
2726,train,2386,2279
2728,train,2720,2281
2729,train,2720,2282
2730,train,2730,2283
2732,train,2732,2285
2735,train,2735,2286
2736,train,2720,2287
2741,train,854,2289
2742,train,2742,2290
2745,train,854,2293
2754,train,2754,2300
2755,train,2755,2301
2757,train,2757,2303
2758,train,2758,2304
2771,train,2771,2315
2772,train,2772,2316
2774,train,2698,2318
2775,train,2775,2319
2777,train,2692,2321
2778,train,2778,2322
2780,train,2780,2324
2781,train,2781,2325
2784,train,269,2327
2786,train,2786,2328
2788,train,2788,2330
2789,train,1868,2331
2790,train,2790,2332
2791,train,2791,2333
2792,train,2792,2334
2794,train,1868,2336
2795,train,2795,2337
2796,train,2795,2338
2797,train,2797,2339
2800,train,2800,2341
2803,train,2803,2343
2804,train,2804,2344
2805,train,2804,2345
2806,train,338,2346
2807,train,338,2347
2808,train,415,2348
2809,train,1046,2349
2825,train,854,2353
2828,train,2828,2356
2830,train,2830,2358
2832,train,2832,2360
2833,train,2833,2361
2836,train,2836,2364
2837,train,1903,2365
2838,train,1903,2366
2847,train,1308,2370
2848,train,2848,2371
2849,train,973,2372
2851,train,2851,2374
2852,train,2852,2375
2853,train,1859,2376
2855,train,2855,2378
2859,train,2859,2381
2861,train,1796,2383
2862,train,1796,2384
2863,train,2863,2385
2864,train,279,2386
2865,train,2865,2387
2866,train,2866,2388
2868,train,726,2389
2869,train,2869,2390
2870,train,1367,2391
2873,train,854,2393
2877,train,2877,2395
2878,train,2878,2396
2879,train,323,2397
2880,train,2880,2398
2881,train,323,2399
2882,train,2882,2400
2883,train,2883,2401
2884,train,2884,2402
2887,train,1868,2403
2888,train,2888,2404
2891,train,2526,2407
2894,train,2894,2408
2895,train,2895,2409
2896,train,2895,2410
2897,train,2895,2411
2898,train,2895,2412
2899,train,2895,2413
2901,train,2895,2415
2902,train,2895,2416
2903,train,2895,2417
2904,train,2895,2418
2905,train,2895,2419
2906,train,2906,2420
2907,train,2907,2421
2909,train,2909,2423
2910,train,2217,2424
2911,train,2911,2425
2913,train,2913,2427
2920,train,2920,2433
2921,train,2920,2434
2922,train,2920,2435
2924,train,1916,2437
2928,train,2928,2441
2929,train,1360,2442
2931,train,2931,2443
2932,train,2932,2444
2933,train,987,2445
2934,train,2934,2446
2935,train,2935,2447
2937,train,2937,2449
2940,train,2940,2451
2941,train,2941,2452
2943,train,2943,2454
2944,train,2944,2455
2945,train,2945,2456
2947,train,2947,2458
2950,train,726,2461
2952,train,2161,2463
2953,train,2161,2464
2954,train,2954,2465
2955,train,2878,2466
2956,train,2956,2467
2957,train,2895,2468
2958,train,2895,2469
2959,train,2895,2470
2961,train,2961,2471
2962,train,2962,2472
2963,train,2963,2473
2964,train,2964,2474
2965,train,2964,2475
2966,train,2963,2476
2967,train,2964,2477
2968,train,2968,2478
2969,train,2969,2479
2971,train,2971,2481
2973,train,2973,2482
2978,train,2968,2485
2981,train,957,2488
2983,train,2983,2489
2988,train,2075,2491
2989,train,2989,2492
2991,train,2991,2494
2992,train,249,2495
2993,train,2993,2496
2994,train,2994,2497
2998,train,2998,2500
3002,train,299,2502
3003,train,229,2503
3004,train,2895,2504
3006,train,789,2506
3008,train,3008,2508
3009,train,3009,2509
3010,train,3010,2510
3012,train,1303,2511
3013,train,307,2512
3014,train,3014,2513
3015,train,2413,2514
3018,train,3018,2515
3019,train,973,2516
3020,train,973,2517
3029,train,3029,2525
3032,train,3032,2527
3033,train,1541,2528
3034,train,3034,2529
3035,train,2115,2530
3036,train,249,2531
3037,train,3037,2532
3039,train,3039,2534
3040,train,230,2535
3041,train,3041,2536
3042,train,3042,2537
3047,train,3047,2542
3049,train,3049,2544
3050,train,1366,2545
3052,train,2386,2546
3055,train,3055,2549
3059,train,3059,2552
3060,train,3060,2553
3063,train,3063,2556
3066,train,3066,2559
3067,train,2092,2560
3068,train,3068,2561
3073,train,2895,2565
3075,train,789,2566
3076,train,789,2567
3077,train,789,2568
3080,train,845,2571
3081,train,845,2572
3082,train,3082,2573
3083,train,3083,2574
3084,train,3084,2575
3085,train,3084,2576
3086,train,3086,2577
3087,train,3086,2578
3088,train,3088,2579
3089,train,3089,2580
3090,train,3090,2581
3091,train,3091,2582
3092,train,3092,2583
3093,train,738,2584
3094,train,2475,2585
3095,train,3095,2586
3096,train,3096,2587
3098,train,1868,2589
3099,train,1868,2590
3103,train,3103,2594
3106,train,3089,2597
3107,train,3107,2598
3108,train,3108,2599
3110,train,3086,2601
3112,train,3112,2603
3114,train,3114,2605
3117,train,249,2607
3118,train,249,2608
3119,train,249,2609
3120,train,249,2610
3121,train,3121,2611
3122,train,249,2612
3123,train,1853,2613
3124,train,3108,2614
3126,train,182,2616
3130,train,3130,2620
3131,train,1454,2621
3134,train,3134,2623
3135,train,3135,2624
3136,train,218,2625
3138,train,3138,2627
3139,train,3139,2628
3141,train,3141,2630
3144,train,3144,2632
3146,train,627,2633
3150,train,3150,2635
3154,train,249,2639
3163,train,3163,2646
3164,train,3164,2647
3169,train,3169,2648
3170,train,3170,2649
3171,train,3169,2650
3172,train,3172,2651
3173,train,3172,2652
3174,train,1983,2653
3175,train,3175,2654
3176,train,3176,2655
3177,train,3177,2656
3178,train,20,2657
3179,train,3179,2658
3183,train,1011,2662
3188,train,3172,2667
3191,train,3191,2669
3192,train,3192,2670
3195,train,3195,2673
3197,train,3197,2674
3199,train,3199,2676
3200,train,3200,2677
3202,train,3202,2679
3205,train,2306,2682
3208,train,3208,2685
3210,train,3210,2687
3211,train,3210,2688
3212,train,3210,2689
3213,train,3213,2690
3214,train,3214,2691
3215,train,1730,2692
3217,train,3217,2694
3218,train,3218,2695
3224,train,3224,2697
3227,train,3227,2700
3229,train,3229,2701
3231,train,3231,2703
3233,train,3233,2705
3234,train,3234,2706
3235,train,1466,2707
3241,train,3241,2712
3242,train,3242,2713
3244,train,125,2715
3246,train,3246,2717
3247,train,3247,2718
3254,train,3254,2724
3255,train,3255,2725
3257,train,3257,2726
3262,train,249,2731
3263,train,3263,2732
3264,train,3264,2733
3265,train,3265,2734
3267,train,3267,2736
3269,train,3269,2738
3272,train,3272,2740
3273,train,3273,2741
3274,train,3274,2742
3276,train,1046,2744
3277,train,142,2745
3279,train,3279,2746
3282,train,3282,2749
3284,train,3284,2750
3285,train,3285,2751
3288,train,3288,2752
3290,train,22,2753
3297,train,3297,2756
3299,train,3299,2758
3301,train,3301,2760
3302,train,3302,2761
3303,train,3302,2762
3304,train,3304,2763
3305,train,3305,2764
3306,train,3306,2765
3309,train,125,2768
3311,train,3144,2770
3312,train,3312,2771
3314,train,3314,2772
3315,train,3314,2773
3316,train,3314,2774
3317,train,3314,2775
3318,train,3314,2776
3319,train,3319,2777
3321,train,3321,2778
3325,train,3325,2782
3326,train,3325,2783
3327,train,3327,2784
3328,train,3328,2785
3329,train,3329,2786
3330,train,1668,2787
3331,train,3331,2788
3332,train,122,2789
3334,train,2295,2791
3335,train,3335,2792
3336,train,3335,2793
3337,train,3337,2794
3340,train,1531,2797
3342,train,3342,2799
3345,train,122,2802
3346,train,3325,2803
3347,train,3347,2804
3348,train,3348,2805
3352,train,3352,2807
3357,train,2335,2810
3358,train,3325,2811
3360,train,1504,2813
3362,train,3362,2815
3364,train,757,2816
3365,train,757,2817
3368,train,3368,2819
3369,train,3369,2820
3370,train,3370,2821
3374,train,2989,2822
3375,train,1366,2823
3376,train,3376,2824
3378,train,3378,2826
3379,train,3379,2827
3382,train,3382,2829
3383,train,973,2830
3386,train,3386,2833
3387,train,3387,2834
3389,train,3389,2836
3391,train,1988,2837
3392,train,3392,2838
3396,train,3150,2841
3397,train,3397,2842
3399,train,3399,2843
3400,train,3400,2844
3402,train,3402,2846
3404,train,3404,2848
3405,train,3405,2849
3406,train,3406,2850
3408,train,3408,2851
3409,train,3409,2852
3410,train,122,2853
3412,train,3412,2855
3414,train,3414,2857
3415,train,3415,2858
3416,train,3415,2859
3417,train,3417,2860
3418,train,2361,2861
3420,train,3420,2863
3421,train,152,2864
3422,train,3422,2865
3423,train,3423,2866
3424,train,3424,2867
3425,train,3425,2868
3426,train,3426,2869
3430,train,2962,2871
3431,train,3431,2872
3432,train,3432,2873
3433,train,152,2874
3438,train,3202,2879
3439,train,3202,2880
3440,train,3202,2881
3441,train,3441,2882
3443,train,3443,2883
3444,train,3444,2884
3445,train,3445,2885
3446,train,3446,2886
3447,train,3447,2887
3450,train,3450,2890
3451,train,3202,2891
3452,train,3202,2892
3453,train,3453,2893
3454,train,3454,2894
3456,train,3456,2895
3457,train,3457,2896
3459,train,1669,2898
3460,train,3460,2899
3461,train,3461,2900
3462,train,3462,2901
3463,train,3463,2902
3464,train,3464,2903
3465,train,3464,2904
3466,train,3466,2905
3468,train,3468,2907
3469,train,1398,2908
3470,train,3470,2909
3471,train,3471,2910
3474,train,623,2913
3477,train,3477,2916
3478,train,3478,2917
3479,train,3479,2918
3480,train,3480,2919
3483,train,3483,2922
3484,train,3484,2923
3486,train,979,2925
3487,train,3487,2926
3489,train,3489,2927
3490,train,3490,2928
3492,train,3492,2929
3493,train,3493,2930
3494,train,3494,2931
3496,train,3496,2933
3498,train,3498,2935
3500,train,1653,2937
3504,train,3504,2941
3505,train,3505,2942
3506,train,3506,2943
3509,train,3509,2945
3511,train,3505,2947
3512,train,3512,2948
3514,train,3514,2950
3516,train,3516,2952
3520,train,3520,2956
3522,train,3522,2958
3523,train,3523,2959
3524,train,3524,2960
3528,train,2361,2963
3529,train,1366,2964
3531,train,2206,2966
3532,train,3532,2967
3535,train,1285,2969
3536,train,3536,2970
3537,train,3389,2971
3538,train,182,2972
3540,train,122,2973
3542,train,338,2975
3543,train,51,2976
3544,train,3544,2977
3545,train,3545,2978
3546,train,3546,2979
3549,train,3549,2981
3553,train,357,2985
3554,train,3554,2986
3556,train,1106,2988
3557,train,3557,2989
3558,train,3558,2990
3559,train,3559,2991
3560,train,3560,2992
3561,train,16,2993
3562,train,2894,2994
3566,train,3387,2997
3567,train,1170,2998
3570,train,3570,3001
3574,train,3314,3004
3577,train,3577,3007
3578,train,3578,3008
3579,train,3579,3009
3581,train,3579,3011
3582,train,3579,3012
3584,train,3247,3013
3586,train,3586,3014
3590,train,3590,3015
3593,train,3593,3018
3594,train,3594,3019
3595,train,3595,3020
3596,train,3596,3021
3597,train,149,3022
3598,train,3598,3023
3599,train,2454,3024
3601,train,3601,3025
3605,train,3605,3028
3607,train,3607,3030
3612,train,3612,3034
3623,train,3623,3042
3624,train,3624,3043
3628,train,1186,3045
3629,train,3629,3046
3631,train,882,3048
3636,train,1099,3052
3639,train,3639,3053
3641,train,3641,3054
3642,train,3642,3055
3643,train,3643,3056
3645,train,3645,3058
3647,train,3647,3060
3650,train,1868,3063
3656,train,2361,3064
3657,train,1451,3065
3660,train,3660,3066
3661,train,3661,3067
3662,train,3662,3068
3665,train,3665,3071
3666,train,819,3072
3667,train,3667,3073
3668,train,3668,3074
3669,train,3669,3075
3672,train,1126,3078
3674,train,3674,3080
3675,train,3675,3081
3676,train,1398,3082
3677,train,3677,3083
3680,train,3680,3086
3681,train,3681,3087
3682,train,150,3088
3683,train,3683,3089
3684,train,3135,3090
3686,train,3686,3091
3689,train,3689,3092
3691,train,3691,3094
3692,train,3691,3095
3693,train,3693,3096
3694,train,3694,3097
3696,train,3696,3098
3697,train,3415,3099
3698,train,3698,3100
3701,train,3701,3103
3702,train,3702,3104
3703,train,3703,3105
3704,train,210,3106
3705,train,3705,3107
3709,train,3709,3109
3711,train,3711,3111
3712,train,3712,3112
3713,train,3713,3113
3714,train,3714,3114
3716,train,3716,3116
3717,train,3717,3117
3720,train,3720,3120
3721,train,3721,3121
3723,train,3723,3122
3724,train,3724,3123
3727,train,3727,3126
3728,train,3728,3127
3730,train,3730,3129
3731,train,3731,3130
3733,train,3733,3132
3735,train,3735,3133
3737,train,3737,3135
3738,train,3738,3136
3739,train,3739,3137
3740,train,3740,3138
3742,train,3150,3140
3743,train,3743,3141
3744,train,3744,3142
3745,train,3745,3143
3746,train,3746,3144
3747,train,3747,3145
3748,train,3748,3146
3751,train,1868,3147
3752,train,1785,3148
3754,train,3754,3150
3757,train,1133,3153
3758,train,3758,3154
3759,train,3759,3155
3763,train,3763,3159
3764,train,3764,3160
3765,train,3765,3161
3771,train,1010,3164
3772,train,3772,3165
3773,train,3773,3166
3774,train,3774,3167
3775,train,3775,3168
3776,train,848,3169
3780,train,3780,3173
3781,train,3781,3174
3785,train,3785,3177
3790,train,3790,3182
3792,train,3792,3184
3793,train,3793,3185
3796,train,3796,3188
3797,train,1100,3189
3800,train,3800,3191
3802,train,3802,3193
3803,train,3803,3194
3804,train,3804,3195
3805,train,3805,3196
3807,train,3807,3197
3808,train,3808,3198
3809,train,3809,3199
3811,train,3811,3201
3814,train,3814,3203
3815,train,3815,3204
3816,train,3816,3205
3819,train,3819,3207
3821,train,3821,3209
3822,train,3822,3210
3823,train,2281,3211
3824,train,3824,3212
3826,train,3826,3213
3827,train,3827,3214
3837,train,3837,3223
3838,train,3837,3224
3840,train,3837,3226
3841,train,3841,3227
3842,train,3325,3228
3843,train,3843,3229
3844,train,3325,3230
3845,train,3325,3231
3847,train,3847,3233
3848,train,3847,3234
3849,train,3849,3235
3850,train,3325,3236
3851,train,3325,3237
3856,train,608,3241
3857,train,3857,3242
3858,train,3858,3243
3859,train,3859,3244
3861,train,3861,3246
3862,train,3325,3247
3863,train,3325,3248
3864,train,3325,3249
3865,train,3325,3250
3866,train,3325,3251
3867,train,3325,3252
3868,train,3325,3253
3870,train,3870,3255
3872,train,3870,3256
3873,train,3325,3257
3874,train,3874,3258
3875,train,3731,3259
3878,train,3325,3261
3879,train,3879,3262
3882,train,3882,3264
3883,train,3883,3265
3884,train,973,3266
3885,train,3325,3267
3886,train,3325,3268
3889,train,3889,3269
3893,train,1584,3273
3894,train,3894,3274
3895,train,3325,3275
3897,train,2067,3277
3899,train,3899,3279
3900,train,3900,3280
3902,train,3902,3282
3903,train,1283,3283
3904,train,3904,3284
3908,train,3908,3288
3909,train,3909,3289
3911,train,3911,3291
3913,train,3913,3293
3914,train,3914,3294
3915,train,3915,3295
3916,train,3916,3296
3919,train,3919,3299
3920,train,3920,3300
3921,train,3921,3301
3924,train,3924,3303
3925,train,3925,3304
3926,train,3926,3305
3927,train,3927,3306
3928,train,3928,3307
3929,train,3929,3308
3930,train,3928,3309
3932,train,1,3311
3934,train,3934,3313
3936,train,3415,3314
3937,train,3937,3315
3938,train,1161,3316
3939,train,3939,3317
3942,train,1916,3320
3943,train,1916,3321
3946,train,1916,3324
3948,train,3948,3326
3949,train,3949,3327
3951,train,3951,3329
3952,train,3952,3330
3953,train,3953,3331
3954,train,3953,3332
3955,train,3955,3333
3957,train,3957,3335
3958,train,30,3336
3959,train,3959,3337
3960,train,3960,3338
3961,train,3961,3339
3962,train,3951,3340
3965,train,3965,3343
3966,train,22,3344
3968,train,3968,3346
3970,train,3970,3347
3972,train,1664,3349
3977,train,3977,3353
3978,train,682,3354
3980,train,782,3356
3985,train,3985,3361
3987,train,3987,3362
3991,train,3991,3365
3994,train,3994,3367
3995,train,3995,3368
3996,train,3996,3369
3997,train,3997,3370
4003,train,2920,3374
4004,train,3150,3375
4006,train,4006,3377
4010,train,4010,3380
4011,train,4011,3381
4012,train,4012,3382
4014,train,682,3383
4016,train,4016,3385
4017,train,4017,3386
4019,train,2092,3388
4020,train,2092,3389
4023,train,2092,3391
4025,train,4025,3393
4027,train,4027,3395
4028,train,4028,3396
4029,train,4029,3397
4030,train,4030,3398
4031,train,4031,3399
4035,train,4035,3403
4036,train,2435,3404
4038,train,4038,3406
4041,train,2526,3408
4043,train,2832,3409
4045,train,4045,3410
4047,train,4047,3412
4049,train,4049,3413
4050,train,218,3414
4052,train,4052,3415
4054,train,4054,3417
4055,train,4055,3418
4056,train,4056,3419
4057,train,4057,3420
4061,train,4061,3424
4062,train,1300,3425
4063,train,1300,3426
4064,train,1300,3427
4066,train,4066,3429
4068,train,4068,3431
4070,train,1206,3432
4073,train,4073,3434
4074,train,726,3435
4075,train,726,3436
4077,train,4077,3438
4080,train,738,3439
4081,train,3711,3440
4084,train,4084,3442
4085,train,4085,3443
4086,train,4086,3444
4087,train,4087,3445
4088,train,4088,3446
4089,train,3210,3447
4093,train,4093,3449
4094,train,3169,3450
4095,train,4095,3451
4096,train,4095,3452
4097,train,4097,3453
4099,train,2781,3455
4102,train,4102,3457
4103,train,4103,3458
4104,train,4104,3459
4105,train,4105,3460
4106,train,4106,3461
4107,train,726,3462
4108,train,4108,3463
4110,train,2684,3465
4111,train,4111,3466
4112,train,4112,3467
4114,train,4114,3469
4115,train,4115,3470
4117,train,3169,3472
4118,train,4095,3473
4121,train,462,3474
4123,train,4123,3476
4124,train,4124,3477
4125,train,4125,3478
4126,train,4126,3479
4128,train,4128,3481
4129,train,4129,3482
4130,train,4129,3483
4133,train,4133,3485
4135,train,4135,3487
4136,train,4136,3488
4137,train,4136,3489
4138,train,2791,3490
4139,train,4139,3491
4140,train,4140,3492
4141,train,4141,3493
4143,train,4129,3495
4145,train,4145,3497
4146,train,4146,3498
4147,train,4147,3499
4148,train,4148,3500
4149,train,4149,3501
4151,train,1300,3503
4152,train,4152,3504
4154,train,4154,3505
4157,train,4157,3508
4158,train,1454,3509
4159,train,4159,3510
4163,train,4163,3513
4166,train,4166,3514
4167,train,4167,3515
4168,train,4168,3516
4169,train,4169,3517
4171,train,4171,3518
4172,train,4172,3519
4174,train,4174,3521
4175,train,4175,3522
4176,train,3224,3523
4177,train,3224,3524
4178,train,3224,3525
4179,train,3224,3526
4180,train,3224,3527
4181,train,3224,3528
4186,train,4186,3530
4188,train,4186,3532
4190,train,4186,3534
4194,train,4186,3538
4196,train,310,3540
4197,train,3210,3541
4198,train,3210,3542
4199,train,3210,3543
4202,train,3210,3546
4203,train,4186,3547
4204,train,4204,3548
4205,train,4205,3549
4206,train,4206,3550
4209,train,4209,3553
4210,train,4210,3554
4213,train,4213,3556
4214,train,4214,3557
4215,train,881,3558
4216,train,4216,3559
4217,train,4217,3560
4218,train,4218,3561
4219,train,4218,3562
4226,train,4226,3569
4229,train,1664,3571
4236,train,4236,3578
4238,train,4238,3580
4239,train,2944,3581
4240,train,4240,3582
4241,train,4241,3583
4242,train,4242,3584
4243,train,4243,3585
4244,train,4244,3586
4245,train,4245,3587
4251,train,4251,3593
4252,train,4251,3594
4253,train,4253,3595
4254,train,4254,3596
4255,train,4255,3597
4257,train,3412,3599
4258,train,4095,3600
4259,train,4259,3601
4261,train,4261,3603
4262,train,4262,3604
4263,train,4263,3605
4265,train,4265,3607
4266,train,4265,3608
4267,train,3590,3609
4268,train,3590,3610
4269,train,3590,3611
4270,train,3924,3612
4273,train,3837,3613
4276,train,4276,3614
4280,train,4280,3617
4281,train,4281,3618
4286,train,406,3621
4287,train,3728,3622
4288,train,4288,3623
4291,train,4291,3625
4292,train,3172,3626
4294,train,4294,3628
4296,train,4296,3630
4297,train,4297,3631
4298,train,4298,3632
4299,train,51,3633
4302,train,4302,3636
4306,train,4306,3640
4308,train,4308,3642
4309,train,4309,3643
4312,train,4312,3646
4313,train,4312,3647
4314,train,4312,3648
4317,train,4317,3651
4318,train,4317,3652
4325,train,4325,3653
4326,train,279,3654
4327,train,4306,3655
4328,train,4328,3656
4329,train,279,3657
4330,train,279,3658
4331,train,279,3659
4332,train,4332,3660
4333,train,3134,3661
4334,train,4334,3662
4335,train,4335,3663
4336,train,4336,3664
4337,train,4336,3665
4338,train,4338,3666
4343,train,1161,3667
4344,train,4344,3668
4345,train,4345,3669
4348,train,4348,3670
4349,train,4349,3671
4353,train,4353,3672
4356,train,4356,3675
4358,train,4358,3676
4363,train,4363,3677
4364,train,4364,3678
4366,train,4345,3679
4367,train,4367,3680
4368,train,182,3681
4374,train,4374,3682
4375,train,4375,3683
4381,train,4381,3684
4382,train,4382,3685
4384,train,4384,3687
4385,train,4384,3688
4386,train,4384,3689
4390,train,4390,3691
4399,train,4399,3693
4403,train,4403,3695
4404,train,4404,3696
4407,train,4407,3699
4409,train,4409,3701
4410,train,4336,3702
4412,train,4412,3703
4413,train,4413,3704
4414,train,4414,3705
4417,train,4417,3707
4419,train,4419,3708
4421,train,4421,3709
4424,train,3590,3712
4425,train,4425,3713
4426,train,4426,3714
4427,train,4427,3715
4428,train,4426,3716
4429,train,4429,3717
4430,train,4430,3718
4431,train,4404,3719
4432,train,4404,3720
4436,train,4436,3723
4437,train,4437,3724
4438,train,4438,3725
4440,train,4440,3726
4441,train,4441,3727
4442,train,4426,3728
4443,train,4443,3729
4445,train,4445,3731
4451,train,1618,3736
4452,train,1618,3737
4457,train,4457,3740
4459,train,4459,3742
4460,train,4460,3743
4461,train,4461,3744
4463,train,4413,3745
4465,train,4465,3747
4466,train,4466,3748
4467,train,4467,3749
4468,train,4467,3750
4469,train,4467,3751
4470,train,4467,3752
4471,train,4471,3753
4473,train,4413,3755
4474,train,4474,3756
4476,train,4476,3757
4479,train,4479,3760
4480,train,4480,3761
4481,train,4481,3762
4482,train,4482,3763
4483,train,4483,3764
4492,train,4492,3766
4494,train,2532,3767
4495,train,4495,3768
4497,train,4497,3770
4499,train,4499,3772
4501,train,4501,3773
4504,train,2208,3776
4506,train,4506,3777
4508,train,4508,3779
4510,train,249,3781
4512,train,4512,3782
4513,train,4513,3783
4515,train,4515,3785
4516,train,4515,3786
4518,train,738,3788
4519,train,4443,3789
4520,train,4443,3790
4523,train,4523,3792
4524,train,4524,3793
4525,train,82,3794
4526,train,4526,3795
4530,train,4530,3797
4531,train,4531,3798
4532,train,4532,3799
4534,train,218,3801
4538,train,801,3804
4541,train,4541,3805
4542,train,4542,3806
4544,train,4542,3807
4546,train,4546,3809
4547,train,4547,3810
4553,train,4553,3815
4556,train,4553,3818
4559,train,4553,3821
4561,train,4553,3823
4563,train,4563,3825
4565,train,4302,3827
4567,train,4542,3828
4570,train,323,3830
4571,train,4571,3831
4572,train,4572,3832
4573,train,645,3833
4577,train,4577,3836
4578,train,4577,3837
4579,train,4577,3838
4580,train,4577,3839
4586,train,4586,3844
4587,train,4587,3845
4591,train,4591,3846
4592,train,3590,3847
4595,train,4595,3850
4596,train,3994,3851
4597,train,3536,3852
4601,train,4553,3853
4607,train,4577,3858
4610,train,4610,3860
4612,train,4612,3862
4613,train,4613,3863
4614,train,1285,3864
4616,train,4616,3866
4620,train,4620,3870
4622,train,4622,3872
4623,train,4623,3873
4624,train,4624,3874
4626,train,4626,3876
4629,train,4629,3877
4639,train,4639,3882
4641,train,3793,3884
4646,train,4646,3889
4647,train,4476,3890
4648,train,4426,3891
4649,train,4427,3892
4650,train,4426,3893
4651,train,4426,3894
4652,train,4426,3895
4653,train,4426,3896
4654,train,4426,3897
4655,train,4426,3898
4656,train,4437,3899
4657,train,4426,3900
4658,train,4437,3901
4659,train,4426,3902
4660,train,4437,3903
4661,train,4426,3904
4662,train,4437,3905
4663,train,4437,3906
4664,train,4664,3907
4665,train,4437,3908
4666,train,4437,3909
4667,train,4426,3910
4668,train,4437,3911
4669,train,4426,3912
4670,train,4426,3913
4671,train,4426,3914
4672,train,4437,3915
4674,train,3443,3917
4675,train,4427,3918
4676,train,4426,3919
4677,train,4438,3920
4678,train,4438,3921
4683,train,4426,3923
4684,train,4095,3924
4685,train,4095,3925
4688,train,4688,3928
4689,train,845,3929
4691,train,4691,3930
4693,train,3108,3932
4697,train,4697,3934
4701,train,4437,3938
4702,train,4426,3939
4703,train,4438,3940
4704,train,4437,3941
4708,train,4708,3945
4709,train,4709,3946
4712,train,4712,3949
4714,train,4714,3951
4719,train,4708,3954
4720,train,4708,3955
4721,train,4095,3956
4723,train,4112,3958
4724,train,4724,3959
4725,train,4112,3960
4726,train,4112,3961
4727,train,4426,3962
4729,train,4729,3964
4731,train,4731,3966
4734,train,4724,3968
4736,train,1133,3970
4737,train,1133,3971
4738,train,4738,3972
4739,train,4739,3973
4740,train,4740,3974
4741,train,4741,3975
4742,train,4742,3976
4743,train,4740,3977
4744,train,4744,3978
4745,train,4077,3979
4746,train,4426,3980
4747,train,4112,3981
4748,train,1903,3982
4749,train,4749,3983
4750,train,4750,3984
4753,train,4742,3985
4754,train,4754,3986
4755,train,4755,3987
4756,train,4756,3988
4757,train,4757,3989
4760,train,2224,3991
4761,train,4761,3992
4762,train,4762,3993
4764,train,4764,3994
4766,train,4766,3996
4767,train,4767,3997
4769,train,4769,3998
4771,train,4771,3999
4772,train,4772,4000
4773,train,1868,4001
4774,train,4774,4002
4775,train,4775,4003
4778,train,4778,4004
4779,train,4778,4005
4780,train,4587,4006
4781,train,4781,4007
4785,train,4785,4010
4786,train,4755,4011
4787,train,4787,4012
4791,train,4791,4016
4793,train,4793,4017
4794,train,4794,4018
4795,train,4526,4019
4796,train,4796,4020
4797,train,4797,4021
4798,train,1931,4022
4799,train,1931,4023
4800,train,4800,4024
4806,train,2600,4028
4807,train,4807,4029
4808,train,4767,4030
4810,train,4810,4032
4811,train,4810,4033
4812,train,4810,4034
4813,train,2700,4035
4814,train,4814,4036
4815,train,4815,4037
4816,train,1931,4038
4818,train,4818,4040
4819,train,4819,4041
4822,train,4822,4042
4829,train,979,4046
4837,train,3247,4051
4840,train,1238,4054
4841,train,4767,4055
4842,train,79,4056
4844,train,4844,4058
4847,train,94,4060
4849,train,4849,4062
4851,train,4849,4064
4853,train,395,4066
4854,train,4854,4067
4856,train,4856,4069
4857,train,4854,4070
4858,train,79,4071
4859,train,4859,4072
4862,train,4218,4073
4864,train,4218,4075
4865,train,4226,4076
4866,train,4226,4077
4867,train,4218,4078
4868,train,4218,4079
4869,train,4218,4080
4872,train,4872,4083
4873,train,4873,4084
4875,train,79,4086
4877,train,4620,4088
4878,train,4724,4089
4880,train,4880,4091
4881,train,4881,4092
4884,train,4884,4095
4887,train,4412,4097
4888,train,4888,4098
4891,train,4336,4101
4892,train,4336,4102
4893,train,4893,4103
4894,train,3426,4104
4895,train,3426,4105
4900,train,4900,4110
4902,train,4708,4112
4903,train,4903,4113
4904,train,4904,4114
4906,train,4906,4116
4908,train,4908,4117
4909,train,3426,4118
4910,train,3426,4119
4911,train,4911,4120
4912,train,3426,4121
4913,train,3426,4122
4915,train,4915,4124
4918,train,1481,4127
4919,train,1147,4128
4922,train,4922,4130
4930,train,4445,4134
4931,train,4445,4135
4933,train,4933,4136
4936,train,4936,4138
4937,train,4937,4139
4938,train,4938,4140
4940,train,4778,4141
4941,train,4941,4142
4944,train,4944,4143
4945,train,4945,4144
4946,train,2075,4145
4947,train,1360,4146
4951,train,4951,4148
4955,train,4955,4151
4958,train,4958,4152
4959,train,2075,4153
4960,train,4960,4154
4962,train,4962,4155
4966,train,1126,4159
4967,train,3493,4160
4970,train,4970,4162
4972,train,4972,4163
4973,train,1418,4164
4974,train,4974,4165
4975,train,2206,4166
4977,train,4977,4168
4978,train,4978,4169
4979,train,4979,4170
4987,train,4445,4174
4989,train,229,4176
4992,train,4992,4178
4995,train,4995,4181
4996,train,122,4182
4997,train,122,4183
4998,train,122,4184
4999,train,122,4185
5000,train,5000,4186
5001,train,783,4187
5003,train,5003,4188
5009,train,5009,4194
5010,train,3536,4195
5011,train,3536,4196
5012,train,3536,4197
5013,train,3536,4198
5014,train,3536,4199
5015,train,3536,4200
5023,train,82,4205
5024,train,5024,4206
5030,train,5030,4211
5031,train,5030,4212
5032,train,5032,4213
5035,train,5035,4216
5036,train,5036,4217
5037,train,4810,4218
5038,train,4810,4219
5040,train,5040,4220
5041,train,5041,4221
5046,train,3108,4225
5048,train,5048,4227
5049,train,5049,4228
5051,train,5051,4229
5056,train,5056,4234
5060,train,5060,4238
5063,train,5063,4239
5064,train,3108,4240
5067,train,5067,4243
5068,train,5067,4244
5069,train,5067,4245
5073,train,5073,4249
5074,train,5074,4250
5081,train,5081,4256
5082,train,5081,4257
5083,train,5081,4258
5084,train,5081,4259
5085,train,5085,4260
5089,train,5089,4263
5091,train,5091,4265
5096,train,5096,4269
5097,train,5097,4270
5102,train,218,4274
5103,train,218,4275
5104,train,5104,4276
5105,train,5105,4277
5106,train,5104,4278
5109,train,5104,4281
5112,train,5104,4284
5116,train,5116,4288
5121,train,5121,4292
5127,train,218,4298
5128,train,5128,4299
5129,train,5129,4300
5132,train,5132,4303
5133,train,5133,4304
5134,train,5134,4305
5135,train,2511,4306
5136,train,5136,4307
5137,train,5137,4308
5140,train,5140,4311
5141,train,5141,4312
5142,train,182,4313
5144,train,5144,4315
5155,train,5155,4318
5158,train,5158,4321
5159,train,5159,4322
5161,train,2735,4324
5162,train,461,4325
5164,train,196,4327
5166,train,815,4329
5167,train,5167,4330
5174,train,5174,4334
5176,train,5176,4336
5178,train,5178,4338
5181,train,5181,4341
5183,train,5183,4343
5184,train,5184,4344
5185,train,5181,4345
5186,train,5186,4346
5187,train,5187,4347
5188,train,5188,4348
5190,train,5190,4350
5191,train,5188,4351
5192,train,5188,4352
5195,train,5188,4355
5196,train,5188,4356
5197,train,5188,4357
5198,train,5188,4358
5199,train,5199,4359
5200,train,5200,4360
5202,train,5202,4362
5203,train,5202,4363
5204,train,5204,4364
5205,train,5205,4365
5206,train,2433,4366
5207,train,5207,4367
5212,train,5212,4371
5214,train,5214,4373
5216,train,5216,4375
5219,train,5216,4378
5220,train,5216,4379
5221,train,5216,4380
5222,train,5216,4381
5223,train,5216,4382
5224,train,5035,4383
5225,train,1932,4384
5226,train,5049,4385
5227,train,5227,4386
5228,train,5228,4387
5229,train,1522,4388
5232,train,380,4390
5235,train,786,4392
5237,train,5237,4394
5241,train,5241,4397
5242,train,5242,4398
5244,train,5244,4400
5245,train,5245,4401
5246,train,2475,4402
5248,train,5248,4403
5249,train,2692,4404
5253,train,5253,4407
5255,train,5255,4409
5258,train,1726,4412
5259,train,5259,4413
5260,train,5260,4414
5262,train,5262,4416
5264,train,218,4418
5270,train,5270,4424
5271,train,5271,4425
5276,train,5276,4430
5277,train,5277,4431
5278,train,3386,4432
5281,train,5281,4434
5285,train,5285,4437
5287,train,1537,4439
5289,train,859,4441
5290,train,5290,4442
5291,train,5291,4443
5294,train,5294,4446
5295,train,5294,4447
5296,train,5294,4448
5297,train,5294,4449
5298,train,5294,4450
5299,train,5294,4451
5300,train,5294,4452
5301,train,5294,4453
5302,train,5302,4454
5309,train,5309,4461
5316,train,5316,4463
5317,train,5317,4464
5318,train,3754,4465
5327,train,5327,4470
5340,train,2848,4471
5341,train,5341,4472
5342,train,5342,4473
5343,train,5342,4474
5344,train,5344,4475
5346,train,1672,4477
5347,train,5347,4478
5348,train,2511,4479
5349,train,5349,4480
5350,train,2511,4481
5351,train,5351,4482
5353,train,5349,4484
5354,train,5354,4485
5355,train,5355,4486
5356,train,5356,4487
5359,train,5359,4490
5362,train,5362,4493
5363,train,5188,4494
5364,train,5364,4495
5368,train,5368,4496
5369,train,5369,4497
5370,train,5370,4498
5372,train,747,4500
5373,train,5373,4501
5374,train,5374,4502
5375,train,3314,4503
5376,train,4577,4504
5377,train,5377,4505
5378,train,3314,4506
5379,train,3314,4507
5381,train,5377,4509
5382,train,4577,4510
5383,train,5377,4511
5384,train,3314,4512
5385,train,5385,4513
5386,train,4577,4514
5387,train,4577,4515
5389,train,5377,4517
5390,train,249,4518
5391,train,4577,4519
5392,train,4577,4520
5393,train,5393,4521
5394,train,5394,4522
5395,train,5377,4523
5396,train,3314,4524
5403,train,5403,4527
5404,train,5404,4528
5405,train,5405,4529
5407,train,159,4530
5408,train,5408,4531
5409,train,5409,4532
5412,train,5104,4534
5415,train,5415,4537
5416,train,5415,4538
5417,train,5417,4539
5419,train,5419,4541
5420,train,5420,4542
5421,train,5421,4543
5423,train,5049,4545
5424,train,5424,4546
5425,train,1932,4547
5428,train,2253,4550
5431,train,5431,4553
5432,train,5432,4554
5433,train,5433,4555
5437,train,5437,4558
5438,train,5438,4559
5439,train,5438,4560
5440,train,5437,4561
5441,train,5437,4562
5442,train,5437,4563
5443,train,5437,4564
5444,train,5444,4565
5445,train,5444,4566
5447,train,5447,4567
5451,train,5188,4571
5454,train,5454,4574
5455,train,5455,4575
5456,train,5456,4576
5458,train,5458,4577
5460,train,5458,4578
5461,train,5458,4579
5462,train,5458,4580
5463,train,4174,4581
5464,train,5464,4582
5466,train,5437,4583
5468,train,1706,4585
5469,train,2937,4586
5473,train,5473,4588
5474,train,5474,4589
5475,train,5342,4590
5476,train,5476,4591
5478,train,2693,4593
5483,train,1019,4596
5484,train,5484,4597
5486,train,5486,4599
5487,train,5487,4600
5488,train,5488,4601
5489,train,5488,4602
5492,train,5492,4605
5493,train,5492,4606
5495,train,4791,4608
5500,train,5500,4611
5501,train,5500,4612
5502,train,5500,4613
5503,train,5503,4614
5504,train,5214,4615
5506,train,85,4617
5508,train,82,4618
5509,train,5509,4619
5510,train,5510,4620
5511,train,4443,4621
5512,train,5512,4622
5515,train,5515,4624
5516,train,5516,4625
5517,train,5517,4626
5522,train,5522,4629
5525,train,5525,4632
5526,train,5202,4633
5527,train,738,4634
5528,train,2865,4635
5529,train,757,4636
5531,train,5531,4638
5533,train,4750,4639
5535,train,5535,4640
5536,train,5536,4641
5537,train,5537,4642
5538,train,5537,4643
5540,train,738,4645
5541,train,5541,4646
5542,train,5542,4647
5543,train,5542,4648
5544,train,5542,4649
5548,train,5548,4653
5550,train,2336,4654
5553,train,5553,4657
5554,train,5554,4658
5555,train,5555,4659
5557,train,5557,4660
5558,train,5558,4661
5559,train,1668,4662
5561,train,5561,4663
5563,train,5563,4665
5568,train,2511,4670
5569,train,5569,4671
5570,train,5570,4672
5572,train,5572,4674
5573,train,5573,4675
5576,train,5576,4678
5577,train,5577,4679
5578,train,5578,4680
5580,train,5580,4682
5584,train,5584,4683
5588,train,5588,4686
5589,train,5589,4687
5590,train,5589,4688
5591,train,5589,4689
5592,train,5589,4690
5593,train,5589,4691
5594,train,5594,4692
5595,train,5595,4693
5598,train,5227,4694
5599,train,5227,4695
5601,train,5227,4697
5602,train,5227,4698
5604,train,4750,4699
5607,train,5607,4702
5609,train,5609,4704
5612,train,1530,4706
5613,train,5613,4707
5615,train,3590,4709
5616,train,4265,4710
5617,train,5617,4711
5618,train,5618,4712
5619,train,5619,4713
5621,train,5619,4714
5624,train,5624,4717
5625,train,5624,4718
5628,train,5624,4721
5629,train,5624,4722
5630,train,2697,4723
5631,train,1046,4724
5633,train,5633,4725
5635,train,5619,4727
5636,train,5636,4728
5637,train,5637,4729
5638,train,5638,4730
5639,train,5638,4731
5640,train,5638,4732
5643,train,5643,4735
5645,train,3379,4737
5646,train,5646,4738
5647,train,5259,4739
5649,train,5649,4741
5650,train,5186,4742
5651,train,5186,4743
5652,train,5186,4744
5657,train,4495,4746
5665,train,5665,4753
5666,train,5666,4754
5667,train,5667,4755
5669,train,4577,4757
5670,train,4577,4758
5672,train,4577,4760
5674,train,5674,4762
5677,train,5677,4765
5678,train,5678,4766
5679,train,5678,4767
5680,train,5677,4768
5681,train,5677,4769
5683,train,5678,4771
5684,train,5678,4772
5685,train,5677,4773
5686,train,5677,4774
5687,train,5677,4775
5688,train,5678,4776
5689,train,5689,4777
5690,train,5690,4778
5692,train,5638,4780
5693,train,5638,4781
5694,train,5678,4782
5695,train,5677,4783
5697,train,5677,4784
5698,train,5677,4785
5699,train,5677,4786
5701,train,5677,4787
5702,train,5677,4788
5703,train,5703,4789
5704,train,5704,4790
5705,train,5705,4791
5706,train,5706,4792
5708,train,5706,4794
5709,train,5706,4795
5711,train,5706,4797
5712,train,5706,4798
5713,train,5706,4799
5714,train,5706,4800
5716,train,5716,4802
5717,train,5706,4803
5718,train,5718,4804
5719,train,5719,4805
5720,train,5719,4806
5722,train,5722,4808
5723,train,5500,4809
5724,train,5724,4810
5725,train,5724,4811
5726,train,747,4812
5727,train,5727,4813
5728,train,5727,4814
5734,train,5734,4819
5736,train,5736,4821
5737,train,5737,4822
5738,train,5737,4823
5739,train,5737,4824
5740,train,5740,4825
5744,train,5744,4829
5745,train,5745,4830
5746,train,5746,4831
5750,train,5677,4833
5752,train,5752,4835
5754,train,5167,4837
5755,train,5755,4838
5756,train,5589,4839
5758,train,5758,4840
5763,train,5763,4844
5764,train,5764,4845
5766,train,5766,4846
5767,train,5767,4847
5768,train,5768,4848
5770,train,5770,4849
5771,train,5771,4850
5772,train,5772,4851
5773,train,5773,4852
5780,train,5780,4855
5782,train,5782,4857
5784,train,5784,4858
5785,train,5785,4859
5788,train,221,4862
5789,train,221,4863
5790,train,221,4864
5791,train,221,4865
5792,train,221,4866
5793,train,5793,4867
5794,train,5794,4868
5795,train,5795,4869
5797,train,5797,4870
5798,train,5797,4871
5799,train,5797,4872
5800,train,5797,4873
5801,train,5797,4874
5802,train,5797,4875
5803,train,5797,4876
5804,train,5677,4877
5805,train,5797,4878
5806,train,5806,4879
5807,train,2377,4880
5808,train,230,4881
5812,train,182,4883
5813,train,2328,4884
5814,train,1462,4885
5816,train,5816,4887
5818,train,249,4889
5820,train,4097,4891
5825,train,5825,4895
5827,train,5825,4897
5832,train,5580,4902
5833,train,5833,4903
5834,train,5834,4904
5835,train,5833,4905
5836,train,5833,4906
5837,train,5833,4907
5838,train,5838,4908
5840,train,5840,4909
5842,train,5842,4911
5843,train,5843,4912
5844,train,5843,4913
5846,train,5270,4915
5847,train,5847,4916
5848,train,5394,4917
5849,train,5849,4918
5851,train,5393,4919
5852,train,5852,4920
5853,train,5393,4921
5855,train,5393,4922
5856,train,5852,4923
5858,train,5393,4925
5859,train,5859,4926
5860,train,5860,4927
5862,train,5859,4929
5863,train,5860,4930
5864,train,5864,4931
5867,train,5867,4933
5868,train,5868,4934
5869,train,5869,4935
5870,train,218,4936
5871,train,218,4937
5873,train,5873,4939
5874,train,3150,4940
5875,train,3796,4941
5877,train,5877,4943
5878,train,3743,4944
5879,train,3743,4945
5880,train,3714,4946
5884,train,5542,4947
5885,train,5885,4948
5886,train,5542,4949
5889,train,5889,4952
5890,train,5890,4953
5891,train,5030,4954
5892,train,5889,4955
5893,train,5030,4956
5894,train,5030,4957
5896,train,5896,4959
5899,train,3743,4961
5902,train,5849,4963
5903,train,5903,4964
5904,train,5903,4965
5905,train,1046,4966
5906,train,3714,4967
5907,train,5907,4968
5908,train,5908,4969
5909,train,2931,4970
5910,train,5910,4971
5912,train,2931,4972
5914,train,2931,4974
5915,train,5915,4975
5920,train,815,4979
5921,train,5542,4980
5922,train,5542,4981
5925,train,5925,4983
5926,train,5609,4984
5927,train,2570,4985
5928,train,5928,4986
5929,train,5928,4987
5931,train,3624,4988
5932,train,5932,4989
5936,train,5936,4993
5937,train,5937,4994
5942,train,1922,4995
5943,train,5943,4996
5944,train,4495,4997
5945,train,4495,4998
5948,train,5948,5001
5950,train,5950,5003
5953,train,5953,5006
5955,train,2014,5007
5958,train,5958,5008
5959,train,82,5009
5963,train,5963,5012
5967,train,5967,5015
5968,train,5968,5016
5970,train,5968,5018
5971,train,5967,5019
5972,train,5967,5020
5975,train,5967,5022
5976,train,5967,5023
5979,train,5967,5025
5982,train,5967,5028
5983,train,5983,5029
5984,train,5984,5030
5987,train,2181,5033
5988,train,5968,5034
5989,train,5967,5035
5994,train,5994,5040
5996,train,2181,5042
5998,train,5998,5044
5999,train,5999,5045
6004,train,482,5046
6006,train,973,5048
6008,train,6008,5049
6010,train,6010,5050
6011,train,6011,5051
6012,train,4750,5052
6013,train,4822,5053
6014,train,3804,5054
6015,train,6015,5055
6018,train,6015,5058
6019,train,6015,5059
6020,train,6020,5060
6021,train,4750,5061
6023,train,6023,5063
6024,train,6023,5064
6025,train,6023,5065
6026,train,4750,5066
6027,train,4750,5067
6028,train,6023,5068
6029,train,6029,5069
6030,train,6029,5070
6036,train,6036,5076
6042,train,6036,5079
6045,train,6045,5081
6047,train,6047,5083
6048,train,323,5084
6049,train,6049,5085
6051,train,6051,5086
6052,train,6052,5087
6056,train,6056,5091
6057,train,4413,5092
6058,train,6058,5093
6061,train,6036,5096
6063,train,1730,5098
6071,train,6071,5103
6072,train,6072,5104
6077,train,6077,5109
6078,train,6078,5110
6079,train,6079,5111
6080,train,2511,5112
6081,train,6081,5113
6085,train,6085,5116
6086,train,6085,5117
6087,train,6085,5118
6088,train,6085,5119
6091,train,6085,5122
6092,train,6092,5123
6093,train,6093,5124
6094,train,6085,5125
6096,train,5369,5127
6101,train,3172,5132
6102,train,3172,5133
6103,train,3172,5134
6104,train,6104,5135
6105,train,2067,5136
6106,train,6106,5137
6107,train,6107,5138
6108,train,6108,5139
6110,train,6110,5141
6111,train,6111,5142
6115,train,6115,5145
6116,train,6116,5146
6118,train,6118,5148
6119,train,6118,5149
6124,train,6124,5153
6125,train,6125,5154
6128,train,6128,5155
6129,train,6128,5156
6130,train,6130,5157
6131,train,6130,5158
6132,train,6132,5159
6133,train,6133,5160
6134,train,6125,5161
6135,train,6133,5162
6136,train,6125,5163
6137,train,6125,5164
6138,train,6125,5165
6139,train,6125,5166
6140,train,6125,5167
6143,train,6143,5169
6144,train,377,5170
6145,train,6145,5171
6146,train,1771,5172
6147,train,5928,5173
6148,train,6148,5174
6149,train,5928,5175
6150,train,5928,5176
6151,train,6151,5177
6152,train,5928,5178
6153,train,6153,5179
6155,train,5928,5181
6156,train,5928,5182
6157,train,5928,5183
6158,train,5928,5184
6159,train,5928,5185
6160,train,5928,5186
6161,train,5928,5187
6162,train,5928,5188
6163,train,6163,5189
6164,train,5722,5190
6165,train,5722,5191
6170,train,6170,5192
6171,train,100,5193
6178,train,3092,5199
6181,train,1372,5201
6188,train,1157,5204
6190,train,5825,5206
6191,train,6191,5207
6192,train,6192,5208
6194,train,6194,5209
6197,train,6197,5211
6198,train,6198,5212
6199,train,6199,5213
6206,train,6206,5216
6208,train,2181,5217
6209,train,2181,5218
6210,train,2181,5219
6213,train,150,5221
6215,train,6215,5223
6216,train,6216,5224
6219,train,6219,5226
6220,train,6219,5227
6221,train,6219,5228
6222,train,6222,5229
6223,train,6219,5230
6225,train,6219,5231
6227,train,6222,5233
6228,train,6219,5234
6229,train,6219,5235
6230,train,6219,5236
6231,train,6222,5237
6232,train,6219,5238
6233,train,6222,5239
6235,train,658,5241
6236,train,658,5242
6237,train,6237,5243
6238,train,658,5244
6239,train,6239,5245
6240,train,5517,5246
6241,train,6239,5247
6242,train,6239,5248
6243,train,5517,5249
6245,train,6245,5251
6247,train,6247,5253
6248,train,6248,5254
6252,train,279,5256
6254,train,6239,5258
6256,train,6256,5260
6257,train,6248,5261
6260,train,6256,5262
6261,train,4297,5263
6263,train,6263,5265
6264,train,6264,5266
6265,train,6265,5267
6266,train,6266,5268
6269,train,6266,5271
6274,train,6274,5275
6275,train,6275,5276
6278,train,6278,5279
6287,train,6287,5286
6288,train,6287,5287
6290,train,6287,5288
6291,train,6287,5289
6292,train,6287,5290
6297,train,4992,5291
6298,train,4992,5292
6299,train,4992,5293
6300,train,4992,5294
6301,train,6301,5295
6302,train,1530,5296
6304,train,6304,5298
6306,train,6306,5300
6308,train,3059,5301
6310,train,6310,5302
6311,train,6311,5303
6314,train,6314,5306
6315,train,6315,5307
6319,train,6315,5310
6321,train,6321,5312
6326,train,6326,5315
6327,train,6327,5316
6328,train,898,5317
6334,train,6118,5321
6336,train,6118,5323
6337,train,6118,5324
6339,train,6118,5326
6340,train,6118,5327
6342,train,6118,5328
6344,train,6118,5330
6345,train,6345,5331
6346,train,6345,5332
6347,train,6347,5333
6350,train,6350,5336
6351,train,6118,5337
6352,train,6118,5338
6354,train,6354,5340
6355,train,2944,5341
6356,train,6118,5342
6357,train,6357,5343
6361,train,6361,5347
6362,train,3172,5348
6365,train,3172,5351
6366,train,6366,5352
6367,train,6367,5353
6368,train,6366,5354
6369,train,6369,5355
6371,train,6371,5357
6372,train,819,5358
6373,train,819,5359
6374,train,6374,5360
6375,train,6366,5361
6378,train,4992,5363
6391,train,5607,5376
6394,train,6394,5379
6396,train,6396,5381
6404,train,6404,5389
6406,train,5607,5391
6408,train,6396,5393
6410,train,6396,5395
6416,train,6416,5401
6419,train,6404,5404
6420,train,6396,5405
6421,train,5607,5406
6422,train,5607,5407
6423,train,5607,5408
6424,train,5607,5409
6425,train,5607,5410
6426,train,5607,5411
6427,train,5607,5412
6428,train,5607,5413
6429,train,6429,5414
6432,train,6432,5417
6433,train,6432,5418
6435,train,6435,5420
6436,train,6436,5421
6438,train,6438,5423
6440,train,6394,5425
6442,train,6396,5427
6443,train,6443,5428
6444,train,2089,5429
6445,train,6445,5430
6446,train,4436,5431
6447,train,4436,5432
6448,train,6219,5433
6456,train,6456,5440
6459,train,6456,5442
6462,train,3691,5444
6464,train,6464,5446
6465,train,1303,5447
6467,train,6467,5449
6468,train,82,5450
6477,train,5415,5454
6478,train,6478,5455
6479,train,5415,5456
6480,train,6480,5457
6481,train,6481,5458
6482,train,6482,5459
6485,train,406,5462
6486,train,6486,5463
6487,train,2386,5464
6491,train,6491,5467
6494,train,4413,5470
6495,train,6495,5471
6497,train,6497,5473
6498,train,6498,5474
6499,train,6497,5475
6501,train,6501,5477
6502,train,6501,5478
6503,train,6503,5479
6504,train,2185,5480
6506,train,6506,5482
6511,train,6110,5485
6516,train,6516,5490
6518,train,229,5492
6519,train,6519,5493
6520,train,229,5494
6524,train,4375,5497
6525,train,6525,5498
6526,train,1329,5499
6527,train,6527,5500
6529,train,6529,5502
6531,train,218,5503
6533,train,6533,5505
6535,train,6194,5506
6539,train,6539,5507
6541,train,3711,5508
6543,train,5424,5510
6547,train,6547,5513
6552,train,6552,5514
6553,train,6553,5515
6554,train,1161,5516
6555,train,6555,5517
6562,train,6562,5524
6576,train,293,5527
6578,train,6578,5529
6579,train,6579,5530
6580,train,6580,5531
6582,train,4265,5532
6583,train,6583,5533
6584,train,6584,5534
6585,train,6584,5535
6586,train,6584,5536
6587,train,6584,5537
6590,train,6590,5540
6592,train,979,5541
6593,train,4265,5542
6595,train,6595,5543
6597,train,6584,5545
6599,train,6599,5547
6600,train,6599,5548
6601,train,6584,5549
6602,train,6584,5550
6603,train,6584,5551
6606,train,6606,5554
6607,train,3234,5555
6608,train,6608,5556
6611,train,6611,5559
6612,train,6612,5560
6614,train,1042,5562
6615,train,6615,5563
6619,train,6619,5567
6620,train,6620,5568
6622,train,6622,5570
6623,train,6623,5571
6625,train,6625,5572
6626,train,6626,5573
6630,train,6630,5576
6631,train,5051,5577
6632,train,6632,5578
6636,train,4262,5581
6637,train,4262,5582
6638,train,629,5583
6639,train,629,5584
6640,train,6275,5585
6641,train,6641,5586
6644,train,6644,5589
6645,train,6058,5590
6647,train,2386,5592
6650,train,1307,5595
6651,train,1307,5596
6652,train,1307,5597
6653,train,1307,5598
6654,train,1307,5599
6655,train,1307,5600
6656,train,1307,5601
6657,train,1307,5602
6658,train,1307,5603
6659,train,1307,5604
6660,train,1307,5605
6661,train,1307,5606
6662,train,6662,5607
6663,train,6663,5608
6665,train,6665,5610
6669,train,6669,5613
6670,train,6670,5614
6671,train,3263,5615
6672,train,6672,5616
6673,train,6673,5617
6674,train,280,5618
6675,train,1307,5619
6676,train,1307,5620
6678,train,6678,5622
6682,train,6678,5626
6683,train,6678,5627
6684,train,4970,5628
6685,train,6685,5629
6691,train,6691,5632
6692,train,6692,5633
6695,train,6692,5636
6696,train,6692,5637
6709,train,6709,5648
6711,train,6691,5650
6715,train,6715,5654
6716,train,6678,5655
6719,train,6692,5658
6720,train,6692,5659
6721,train,6721,5660
6722,train,6692,5661
6724,train,6724,5663
6725,train,6724,5664
6727,train,3624,5666
6728,train,6728,5667
6733,train,6733,5672
6735,train,6735,5673
6736,train,6736,5674
6738,train,6738,5676
6739,train,6739,5677
6741,train,3456,5679
6744,train,6744,5682
6745,train,6745,5683
6746,train,6745,5684
6750,train,6750,5688
6751,train,6750,5689
6752,train,6750,5690
6753,train,6750,5691
6754,train,6750,5692
6755,train,6750,5693
6756,train,6750,5694
6757,train,6750,5695
6758,train,6750,5696
6759,train,6750,5697
6760,train,6750,5698
6762,train,6750,5700
6764,train,6750,5702
6767,train,6750,5705
6768,train,6750,5706
6769,train,6750,5707
6770,train,6750,5708
6771,train,6750,5709
6772,train,6772,5710
6773,train,6772,5711
6777,train,6750,5714
6781,train,6781,5718
6785,train,6781,5722
6788,train,6788,5724
6790,train,6790,5726
6791,train,6791,5727
6794,train,6794,5728
6795,train,218,5729
6796,train,218,5730
6797,train,218,5731
6798,train,218,5732
6799,train,218,5733
6800,train,218,5734
6801,train,6801,5735
6802,train,6802,5736
6803,train,6803,5737
6804,train,6804,5738
6815,train,6815,5741
6816,train,6816,5742
6817,train,6817,5743
6819,train,6817,5744
6820,train,6817,5745
6821,train,6821,5746
6823,train,6823,5748
6824,train,6824,5749
6825,train,6825,5750
6826,train,2126,5751
6827,train,2126,5752
6828,train,973,5753
6829,train,6584,5754
6830,train,789,5755
6831,train,789,5756
6832,train,789,5757
6833,train,789,5758
6835,train,6823,5760
6836,train,6836,5761
6838,train,6838,5763
6839,train,6838,5764
6840,train,6838,5765
6845,train,6845,5766
6846,train,6846,5767
6847,train,6846,5768
6849,train,6849,5770
6850,train,819,5771
6851,train,51,5772
6853,train,6853,5774
6855,train,6855,5776
6856,train,6856,5777
6860,train,6860,5781
6862,train,6862,5782
6863,train,6863,5783
6864,train,6862,5784
6871,train,6871,5786
6873,train,6873,5788
6875,train,6873,5789
6876,train,6876,5790
6879,train,6879,5792
6880,train,6880,5793
6881,train,6881,5794
6882,train,1462,5795
6886,train,6886,5798
6890,train,6890,5802
6891,train,6198,5803
6893,train,3560,5805
6894,train,3560,5806
6895,train,3662,5807
6896,train,3559,5808
6897,train,6897,5809
6898,train,3559,5810
6902,train,1307,5814
6907,train,6907,5817
6908,train,6908,5818
6909,train,3329,5819
6910,train,6910,5820
6911,train,6911,5821
6914,train,6914,5824
6916,train,182,5826
6917,train,6917,5827
6918,train,6918,5828
6920,train,6920,5830
6921,train,6918,5831
6922,train,4241,5832
6923,train,6923,5833
6924,train,6823,5834
6926,train,6918,5835
6927,train,6918,5836
6928,train,5885,5837
6929,train,6929,5838
6930,train,5517,5839
6938,train,2791,5840
6942,train,6445,5843
6943,train,6445,5844
6944,train,6445,5845
6945,train,6445,5846
6946,train,6445,5847
6947,train,6445,5848
6948,train,6445,5849
6949,train,6445,5850
6950,train,6445,5851
6955,train,6955,5856
6957,train,6781,5858
6958,train,6781,5859
6959,train,6959,5860
6960,train,6960,5861
6962,train,2928,5862
6964,train,2928,5864
6965,train,2928,5865
6970,train,6970,5869
6971,train,6970,5870
6972,train,6972,5871
6974,train,5569,5873
6975,train,5569,5874
6976,train,5569,5875
6977,train,5569,5876
6981,train,6972,5878
6982,train,6982,5879
6986,train,6986,5883
6988,train,6988,5885
6989,train,6989,5886
6993,train,6993,5888
6995,train,6890,5890
6996,train,6996,5891
6998,train,6972,5893
7001,train,5486,5896
7002,train,7002,5897
7004,train,7004,5899
7005,train,7005,5900
7006,train,6920,5901
7007,train,7002,5902
7008,train,7002,5903
7009,train,7002,5904
7010,train,7002,5905
7011,train,7011,5906
7012,train,7011,5907
7013,train,7013,5908
7014,train,7011,5909
7015,train,7011,5910
7016,train,7016,5911
7023,train,7023,5918
7024,train,7023,5919
7025,train,7023,5920
7027,train,7027,5922
7028,train,7023,5923
7029,train,7029,5924
7030,train,7030,5925
7031,train,7031,5926
7032,train,3928,5927
7034,train,7034,5929
7035,train,7035,5930
7037,train,7031,5932
7039,train,7039,5934
7040,train,7040,5935
7041,train,7041,5936
7042,train,7031,5937
7043,train,7031,5938
7045,train,7031,5940
7046,train,7046,5941
7048,train,7039,5943
7049,train,7049,5944
7050,train,7049,5945
7053,train,7053,5947
7055,train,7055,5949
7056,train,7056,5950
7062,train,7062,5955
7066,train,7066,5958
7067,train,7013,5959
7068,train,7011,5960
7070,train,7070,5962
7072,train,7023,5963
7075,train,7075,5965
7076,train,7076,5966
7080,train,7080,5969
7082,train,7082,5971
7084,train,7084,5973
7085,train,7085,5974
7086,train,1916,5975
7087,train,7087,5976
7088,train,7088,5977
7089,train,7088,5978
7094,train,7085,5981
7096,train,7096,5982
7097,train,7097,5983
7100,train,7100,5986
7101,train,7101,5987
7103,train,7103,5989
7107,train,7107,5992
7108,train,7108,5993
7109,train,7109,5994
7112,train,7112,5996
7113,train,7113,5997
7114,train,1046,5998
7117,train,7117,6001
7125,train,6873,6007
7126,train,7126,6008
7127,train,1307,6009
7128,train,6907,6010
7129,train,3953,6011
7130,train,7130,6012
7131,train,7131,6013
7132,train,7132,6014
7133,train,7132,6015
7134,train,4955,6016
7135,train,4955,6017
7138,train,182,6018
7139,train,182,6019
7145,train,7145,6023
7146,train,7146,6024
7149,train,7149,6026
7152,train,7152,6029
7153,train,3683,6030
7155,train,7155,6032
7156,train,7156,6033
7158,train,7158,6035
7161,train,7097,6038
7162,train,7162,6039
7163,train,7162,6040
7167,train,1307,6042
7170,train,7170,6044
7171,train,6871,6045
7172,train,7172,6046
7173,train,7173,6047
7175,train,7175,6049
7177,train,7177,6051
7178,train,7177,6052
7182,train,5852,6054
7183,train,5852,6055
7184,train,5852,6056
7185,train,5852,6057
7186,train,5852,6058
7187,train,5852,6059
7188,train,5852,6060
7189,train,5852,6061
7190,train,5852,6062
7191,train,5852,6063
7194,train,5852,6064
7196,train,5852,6065
7199,train,122,6066
7200,train,122,6067
7201,train,7177,6068
7202,train,5852,6069
7204,train,7204,6071
7205,train,7155,6072
7206,train,7206,6073
7209,train,358,6075
7211,train,7211,6077
7213,train,6918,6079
7216,train,7216,6081
7220,train,7220,6083
7222,train,7222,6084
7224,train,7224,6085
7225,train,3,6086
7226,train,7226,6087
7230,train,3202,6088
7234,train,7234,6092
7252,train,7252,6102
7253,train,7253,6103
7254,train,7254,6104
7255,train,7255,6105
7257,train,7257,6107
7258,train,7258,6108
7261,train,456,6110
7262,train,7262,6111
7263,train,7263,6112
7264,train,7264,6113
7266,train,7266,6115
7267,train,7267,6116
7268,train,7268,6117
7272,train,7272,6121
7274,train,1407,6123
7277,train,815,6126
7278,train,7278,6127
7283,train,5852,6131
7286,train,5852,6134
7287,train,5852,6135
7288,train,5852,6136
7289,train,5852,6137
7290,train,5852,6138
7291,train,5852,6139
7292,train,5852,6140
7293,train,5852,6141
7294,train,5852,6142
7295,train,5852,6143
7296,train,5852,6144
7299,train,6079,6146
7301,train,7301,6148
7302,train,5950,6149
7304,train,5852,6151
7305,train,7305,6152
7307,train,7307,6154
7308,train,7308,6155
7309,train,1517,6156
7310,train,7310,6157
7312,train,7312,6159
7314,train,7314,6160
7315,train,7315,6161
7316,train,7316,6162
7317,train,7316,6163
7318,train,7316,6164
7319,train,7319,6165
7321,train,7321,6166
7322,train,7307,6167
7325,train,7325,6168
7326,train,7326,6169
7327,train,7327,6170
7329,train,2181,6172
7330,train,7330,6173
7331,train,7331,6174
7334,train,7334,6176
7336,train,7336,6178
7339,train,7339,6181
7340,train,7340,6182
7341,train,7339,6183
7343,train,7343,6185
7345,train,159,6187
7346,train,7346,6188
7351,train,340,6192
7354,train,7354,6194
7361,train,7361,6199
7362,train,7362,6200
7369,train,7369,6206
7375,train,7375,6211
7376,train,7376,6212
7377,train,7377,6213
7379,train,7379,6215
7383,train,6920,6219
7388,train,7388,6224
7390,train,7011,6226
7391,train,7011,6227
7392,train,7011,6228
7396,train,1567,6230
7397,train,7397,6231
7399,train,7399,6232
7401,train,7401,6234
7403,train,7403,6236
7404,train,7403,6237
7405,train,7403,6238
7406,train,7406,6239
7408,train,7408,6241
7410,train,7410,6243
7411,train,7411,6244
7412,train,7412,6245
7413,train,7413,6246
7414,train,7413,6247
7415,train,7415,6248
7418,train,7415,6251
7419,train,7415,6252
7420,train,7420,6253
7421,train,7421,6254
7431,train,7431,6256
7433,train,7433,6258
7434,train,7421,6259
7438,train,79,6260
7439,train,7439,6261
7441,train,7441,6263
7446,train,7446,6266
7447,train,754,6267
7448,train,7448,6268
7449,train,7449,6269
7450,train,7450,6270
7454,train,7454,6273
7456,train,7456,6275
7458,train,7458,6277
7460,train,7458,6279
7461,train,7458,6280
7462,train,7458,6281
7464,train,7458,6283
7465,train,7465,6284
7467,train,206,6285
7468,train,5500,6286
7469,train,5500,6287
7470,train,5500,6288
7471,train,7471,6289
7473,train,6918,6291
7474,train,7474,6292
7477,train,7477,6293
7480,train,94,6295
7481,train,7481,6296
7483,train,7483,6297
7485,train,7485,6299
7486,train,7319,6300
7487,train,7316,6301
7489,train,7489,6303
7490,train,7489,6304
7493,train,7493,6307
7495,train,7495,6309
7496,train,7496,6310
7497,train,7496,6311
7502,train,5454,6313
7503,train,7503,6314
7505,train,7505,6315
7506,train,7506,6316
7507,train,7507,6317
7508,train,7508,6318
7509,train,7505,6319
7511,train,7508,6321
7512,train,7508,6322
7514,train,7508,6324
7515,train,7508,6325
7516,train,7516,6326
7518,train,6107,6328
7523,train,5458,6330
7525,train,7525,6332
7527,train,7527,6333
7529,train,6435,6335
7531,train,7531,6337
7532,train,7532,6338
7533,train,7532,6339
7534,train,7532,6340
7536,train,7505,6342
7541,train,1868,6347
7543,train,7543,6349
7544,train,2501,6350
7552,train,623,6351
7553,train,7553,6352
7556,train,7556,6354
7557,train,7557,6355
7560,train,7560,6357
7561,train,7561,6358
7567,train,7567,6364
7568,train,7568,6365
7569,train,7569,6366
7571,train,7571,6367
7575,train,7575,6371
7577,train,7577,6373
7578,train,7567,6374
7579,train,7575,6375
7580,train,7575,6376
7582,train,7577,6378
7583,train,7575,6379
7584,train,7577,6380
7585,train,7577,6381
7587,train,7587,6383
7588,train,7588,6384
7589,train,7589,6385
7590,train,7156,6386
7595,train,7595,6390
7597,train,7597,6392
7600,train,7600,6394
7604,train,182,6395
7605,train,7605,6396
7606,train,7606,6397
7608,train,7608,6399
7609,train,4136,6400
7612,train,7612,6403
7613,train,100,6404
7614,train,30,6405
7615,train,7307,6406
7616,train,7616,6407
7618,train,2944,6408
7619,train,7619,6409
7621,train,7621,6411
7623,train,7623,6412
7625,train,7625,6414
7628,train,7628,6417
7638,train,7628,6419
7639,train,7639,6420
7640,train,7628,6421
7657,train,7657,6422
7658,train,7658,6423
7659,train,738,6424
7660,train,7660,6425
7665,train,754,6427
7666,train,7666,6428
7667,train,6315,6429
7668,train,6315,6430
7669,train,6315,6431
7670,train,7670,6432
7673,train,6501,6434
7674,train,6501,6435
7675,train,7675,6436
7677,train,166,6437
7678,train,7678,6438
7679,train,7679,6439
7680,train,7680,6440
7682,train,2692,6442
7683,train,7683,6443
7684,train,2698,6444
7685,train,2698,6445
7687,train,7687,6447
7689,train,7689,6449
7691,train,122,6451
7693,train,7693,6453
7696,train,1644,6456
7697,train,2185,6457
7698,train,2185,6458
7699,train,2185,6459
7700,train,7700,6460
7702,train,7702,6461
7703,train,4384,6462
7706,train,486,6464
7711,train,7711,6466
7712,train,7712,6467
7721,train,7721,6469
7722,train,7722,6470
7728,train,7728,6471
7729,train,7729,6472
7732,train,7732,6474
7733,train,7733,6475
7735,train,7735,6476
7736,train,7736,6477
7737,train,7737,6478
7739,train,7739,6480
7748,train,7748,6486
7750,train,7750,6488
7751,train,7751,6489
7752,train,7751,6490
7753,train,7751,6491
7754,train,7754,6492
7756,train,7756,6494
7757,train,7732,6495
7758,train,7758,6496
7760,train,7760,6498
7762,train,6672,6500
7763,train,7763,6501
7764,train,7612,6502
7765,train,2600,6503
7769,train,7769,6505
7773,train,7773,6508
7774,train,7774,6509
7775,train,7732,6510
7779,train,7376,6514
7780,train,7376,6515
7781,train,7781,6516
7782,train,7782,6517
7783,train,7783,6518
7785,train,7785,6519
7810,train,2589,6521
7818,train,7818,6524
7820,train,7820,6526
7841,train,7841,6528
7843,train,7843,6530
7848,train,2161,6534
7851,train,3624,6535
7852,train,7852,6536
7854,train,4384,6538
7856,train,7856,6540
7857,train,7857,6541
7860,train,7860,6543
7862,train,7862,6545
7869,train,7869,6548
7870,train,7869,6549
7880,train,4167,6550
7881,train,7881,6551
7883,train,738,6553
7884,train,738,6554
7887,train,7887,6557
7888,train,7887,6558
7893,train,5458,6560
7896,train,7896,6561
7900,train,7900,6564
7908,train,7908,6570
7922,train,266,6572
7923,train,266,6573
7925,train,1100,6574
7928,train,5327,6576
7929,train,5327,6577
7930,train,5327,6578
7931,train,5327,6579
7932,train,5327,6580
7935,train,7935,6581
7937,train,7937,6582
7938,train,2082,6583
7939,train,5327,6584
7940,train,7940,6585
7941,train,471,6586
7942,train,1522,6587
7943,train,6620,6588
7945,train,7945,6590
7946,train,7946,6591
7949,train,7949,6594
7950,train,7950,6595
7952,train,7952,6597
7953,train,7678,6598
7954,train,7954,6599
7958,train,7958,6602
7960,train,7960,6603
7962,train,7962,6605
7969,train,6361,6609
7971,train,7971,6611
7972,train,7972,6612
7977,train,7972,6615
7978,train,7962,6616
7984,train,7984,6619
7993,train,7993,6628
7996,train,7993,6631
7997,train,7993,6632
7998,train,7993,6633
8010,train,8010,6645
8012,train,8012,6646
8015,train,8015,6647
8016,train,8016,6648
8020,train,8020,6651
8021,train,8020,6652
8024,train,8024,6655
8025,train,738,6656
8026,train,8026,6657
8029,train,8029,6660
8030,train,8030,6661
8034,train,280,6662
8036,train,8036,6663
8041,train,8041,6664
8049,train,8049,6669
8056,train,8056,6672
8057,train,8056,6673
8060,train,8060,6675
8061,train,8061,6676
8062,train,8062,6677
8065,train,8065,6679
8066,train,79,6680
8068,train,8068,6681
8072,train,8072,6684
8073,train,8073,6685
8078,train,8078,6689
8081,train,8081,6692
8082,train,8082,6693
8088,train,8088,6694
8090,train,293,6695
8095,train,8095,6698
8099,train,4167,6700
8100,train,2683,6701
8101,train,8101,6702
8102,train,200,6703
8112,train,280,6704
8113,train,280,6705
8114,train,280,6706
8115,train,280,6707
8116,train,280,6708
8117,train,280,6709
8118,train,280,6710
8119,train,280,6711
8121,train,8121,6712
8122,train,5589,6713
8123,train,323,6714
8124,train,8124,6715
8125,train,8124,6716
8127,train,280,6717
8128,train,280,6718
8131,train,340,6719
8134,train,8134,6721
8139,train,8139,6722
8142,train,8142,6723
8143,train,8143,6724
8144,train,8143,6725
8146,train,8142,6726
8147,train,8143,6727
8149,train,8124,6729
8154,train,8154,6732
8166,train,8166,6733
8167,train,8167,6734
8171,train,8171,6735
8172,train,1702,6736
8173,train,8173,6737
8177,train,8177,6739
8180,train,8180,6741
8181,train,1520,6742
8184,train,1702,6745
8185,train,4265,6746
8186,train,4265,6747
8187,train,4265,6748
8188,train,4265,6749
8190,train,8190,6751
8196,train,8196,6754
8197,train,4265,6755
8199,train,8199,6756
8200,train,7625,6757
8201,train,8201,6758
8203,train,8203,6759
8207,train,8207,6761
8214,train,8214,6763
8217,train,8217,6766
8218,train,8218,6767
8220,train,166,6768
8221,train,166,6769
8222,train,8222,6770
8224,train,1852,6772
8225,train,8225,6773
8227,train,8227,6774
8235,train,8235,6775
8238,train,8238,6778
8239,train,8239,6779
8240,train,8240,6780
8241,train,8241,6781
8242,train,8240,6782
8243,train,8240,6783
8244,train,8241,6784
8245,train,8240,6785
8246,train,8240,6786
8247,train,8240,6787
8248,train,8240,6788
8249,train,8240,6789
8250,train,8240,6790
8251,train,8241,6791
8252,train,8240,6792
8253,train,166,6793
8257,train,4174,6796
8259,train,8259,6797
8262,train,8262,6799
8264,train,8264,6800
8265,train,8265,6801
8267,train,8267,6803
8270,train,8270,6804
8272,train,8272,6805
8273,train,8273,6806
8276,train,8276,6807
8281,train,8281,6808
8282,train,8282,6809
8286,train,8286,6811
8288,train,8288,6812
8289,train,8289,6813
8290,train,5356,6814
8291,train,1517,6815
8292,train,8292,6816
8294,train,8294,6818
8295,train,8295,6819
8296,train,8295,6820
8298,train,8298,6821
8299,train,8299,6822
8300,train,241,6823
8301,train,8301,6824
8302,train,8302,6825
8304,train,8304,6827
8307,train,6106,6828
8308,train,8308,6829
8309,train,182,6830
8311,train,8311,6831
8317,train,8317,6832
8318,train,8317,6833
8319,train,8317,6834
8320,train,8320,6835
8321,train,8321,6836
8322,train,8322,6837
8323,train,8323,6838
8324,train,8323,6839
8325,train,8317,6840
8326,train,8326,6841
8328,train,8240,6842
8329,train,8240,6843
8330,train,8240,6844
8331,train,8240,6845
8332,train,8240,6846
8333,train,8333,6847
8334,train,8241,6848
8335,train,8335,6849
8336,train,8335,6850
8338,train,8335,6851
8340,train,8335,6852
8341,train,8240,6853
8342,train,8240,6854
8343,train,8240,6855
8344,train,8240,6856
8345,train,8240,6857
8346,train,8335,6858
8347,train,8335,6859
8348,train,8333,6860
8349,train,8349,6861
8350,train,8240,6862
8354,train,8354,6865
8355,train,8355,6866
8357,train,8333,6867
8358,train,8358,6868
8359,train,8240,6869
8360,train,8335,6870
8361,train,8335,6871
8362,train,8240,6872
8366,train,8366,6873
8369,train,8369,6875
8371,train,8371,6877
8373,train,8373,6878
8376,train,8349,6880
8378,train,94,6882
8381,train,8381,6884
8386,train,8386,6887
8388,train,8388,6888
8389,train,8389,6889
8392,train,8392,6892
8397,train,8397,6894
8399,train,2314,6895
8400,train,8400,6896
8401,train,8401,6897
8402,train,2314,6898
8405,train,8405,6900
8406,train,8406,6901
8407,train,8407,6902
8412,train,8412,6905
8417,train,8417,6910
8418,train,8418,6911
8421,train,8421,6912
8424,train,8424,6913
8426,train,8426,6914
8428,train,8428,6916
8429,train,8429,6917
8430,train,8429,6918
8431,train,8429,6919
8432,train,8429,6920
8433,train,8429,6921
8434,train,8429,6922
8435,train,8429,6923
8436,train,1133,6924
8438,train,8438,6926
8441,train,776,6928
8443,train,1859,6929
8444,train,1859,6930
8446,train,8446,6931
8447,train,8447,6932
8451,train,8446,6935
8453,train,8453,6937
8454,train,8326,6938
8455,train,8326,6939
8456,train,8326,6940
8457,train,8457,6941
8458,train,8457,6942
8459,train,8457,6943
8460,train,8457,6944
8461,train,8457,6945
8462,train,8457,6946
8463,train,8457,6947
8464,train,8457,6948
8465,train,8457,6949
8466,train,8457,6950
8467,train,8457,6951
8472,train,8472,6953
8475,train,4933,6954
8478,train,1859,6956
8479,train,2526,6957
8480,train,3994,6958
8488,train,8488,6962
8489,train,8488,6963
8490,train,8490,6964
8492,train,8492,6966
8493,train,8488,6967
8497,train,8497,6968
8503,train,2791,6973
8515,train,8515,6977
8516,train,8516,6978
8518,train,8446,6979
8520,train,8520,6980
8523,train,8523,6981
8532,train,8532,6984
8538,train,3302,6987
8540,train,2532,6989
8543,train,8543,6991
8548,train,3994,6993
8558,train,8558,6995
8559,train,8559,6996
8560,train,8559,6997
8568,train,8568,6999
8569,train,8569,7000
8570,train,8570,7001
8572,train,8572,7003
8574,train,8574,7005
8576,train,8576,7007
8577,train,8574,7008
8580,train,8574,7011
8581,train,8574,7012
8582,train,8582,7013
8583,train,8583,7014
8584,train,8584,7015
8585,train,8585,7016
8586,train,8586,7017
8587,train,8587,7018
8589,train,8574,7019
8590,train,8095,7020
8591,train,8095,7021
8592,train,8095,7022
8593,train,8095,7023
8594,train,8095,7024
8595,train,8095,7025
8596,train,8596,7026
8597,train,8597,7027
8598,train,8596,7028
8599,train,8095,7029
8600,train,8600,7030
8601,train,182,7031
8602,train,3793,7032
8603,train,3793,7033
8604,train,3793,7034
8605,train,3793,7035
8606,train,3793,7036
8607,train,8607,7037
8610,train,6692,7038
8611,train,8611,7039
8612,train,8611,7040
8613,train,8613,7041
8614,train,8611,7042
8615,train,8611,7043
8616,train,8616,7044
8617,train,7722,7045
8618,train,7722,7046
8619,train,7722,7047
8620,train,7722,7048
8621,train,7722,7049
8622,train,7722,7050
8623,train,7722,7051
8624,train,63,7052
8625,train,8625,7053
8628,train,8628,7055
8629,train,8629,7056
8630,train,8625,7057
8632,train,8632,7059
8633,train,8633,7060
8637,train,8637,7061
8638,train,8638,7062
8639,train,182,7063
8640,train,182,7064
8642,train,8642,7066
8643,train,3443,7067
8645,train,8645,7068
8646,train,5948,7069
8647,train,5948,7070
8648,train,8648,7071
8649,train,8645,7072
8651,train,8651,7073
8652,train,8652,7074
8653,train,8653,7075
8654,train,3302,7076
8655,train,3302,7077
8656,train,3327,7078
8659,train,8659,7080
8662,train,8095,7083
8663,train,8095,7084
8664,train,8664,7085
8665,train,8095,7086
8666,train,8095,7087
8667,train,8095,7088
8668,train,8600,7089
8669,train,8669,7090
8670,train,8670,7091
8671,train,8671,7092
8674,train,8674,7094
8678,train,8678,7095
8679,train,8679,7096
8686,train,8686,7097
8687,train,6361,7098
8691,train,8691,7099
8692,train,8692,7100
8695,train,8695,7101
8698,train,1372,7103
8702,train,7625,7104
8703,train,5214,7105
8705,train,8227,7107
8707,train,1126,7109
8709,train,3247,7110
8710,train,8710,7111
8711,train,2518,7112
8719,train,4992,7113
8720,train,4992,7114
8721,train,4992,7115
8722,train,4992,7116
8723,train,4992,7117
8725,train,8426,7119
8726,train,5624,7120
8727,train,8727,7121
8728,train,8728,7122
8731,train,406,7124
8732,train,8732,7125
8734,train,2386,7127
8735,train,2386,7128
8736,train,2386,7129
8739,train,8739,7130
8746,train,8746,7131
8747,train,8747,7132
8750,train,8750,7135
8758,train,8758,7143
8759,train,8759,7144
8761,train,8761,7145
8763,train,8758,7146
8764,train,6361,7147
8765,train,2888,7148
8774,train,8774,7150
8775,train,8775,7151
8776,train,8776,7152
8777,train,8777,7153
8779,train,8779,7155
8781,train,8781,7157
8783,train,3793,7159
8786,train,293,7161
8787,train,293,7162
8788,train,293,7163
8790,train,293,7165
8791,train,8791,7166
8795,train,8795,7168
8798,train,8798,7169
8799,train,5190,7170
8800,train,8798,7171
8802,train,8802,7173
8803,train,8802,7174
8804,train,8804,7175
8806,train,8806,7176
8807,train,8806,7177
8808,train,8806,7178
8814,train,8814,7180
8815,train,8815,7181
8816,train,8816,7182
8817,train,8816,7183
8818,train,8816,7184
8820,train,8816,7186
8824,train,8824,7190
8825,train,8825,7191
8826,train,8824,7192
8827,train,8824,7193
8828,train,8824,7194
8829,train,8574,7195
8836,train,8816,7200
8838,train,8838,7201
8839,train,8386,7202
8840,train,8386,7203
8841,train,8841,7204
8842,train,4992,7205
8843,train,8843,7206
8847,train,8847,7207
8848,train,8848,7208
8849,train,8849,7209
8855,train,1418,7210
8858,train,7597,7212
8859,train,8859,7213
8860,train,8429,7214
8862,train,8862,7216
8873,train,8873,7222
8885,train,8885,7223
8887,train,580,7224
8888,train,8888,7225
8889,train,8889,7226
8891,train,8891,7228
8902,train,8902,7233
8903,train,8903,7234
8909,train,8559,7237
8911,train,8911,7239
8912,train,307,7240
8913,train,8913,7241
8914,train,8914,7242
8915,train,8914,7243
8916,train,8916,7244
8917,train,3957,7245
8920,train,8920,7247
8921,train,16,7248
8922,train,8922,7249
8925,train,8925,7250
8926,train,8926,7251
8927,train,8781,7252
8928,train,8928,7253
8929,train,8928,7254
8930,train,8928,7255
8931,train,8928,7256
8936,train,8936,7257
8937,train,8937,7258
8940,train,241,7261
8942,train,8942,7262
8943,train,8943,7263
8950,train,8950,7266
8953,train,51,7269
8956,train,8956,7272
8958,train,1418,7273
8960,train,4095,7274
8962,train,33,7275
8963,train,8963,7276
8964,train,8964,7277
8965,train,8964,7278
8966,train,8964,7279
8967,train,8964,7280
8968,train,8968,7281
8969,train,8969,7282
8971,train,8971,7284
8972,train,8972,7285
8973,train,8973,7286
8974,train,8973,7287
8977,train,8977,7289
8978,train,8977,7290
8979,train,8977,7291
8981,train,8981,7292
8982,train,8095,7293
8983,train,8095,7294
8984,train,8095,7295
8985,train,8095,7296
8986,train,8095,7297
8987,train,8095,7298
8988,train,8095,7299
8998,train,8998,7308
8999,train,2386,7309
9000,train,2386,7310
9001,train,2386,7311
9002,train,2386,7312
9003,train,2386,7313
9004,train,2386,7314
9005,train,9005,7315
9007,train,2386,7316
9010,train,9010,7318
9012,train,9012,7320
9013,train,7376,7321
9017,train,2089,7324
9022,train,9022,7329
9023,train,9023,7330
9026,train,9026,7331
9028,train,9028,7332
9029,train,9029,7333
9035,train,7597,7335
9039,train,9039,7337
9043,train,9043,7340
9044,train,9044,7341
9047,train,956,7344
9049,train,6015,7346
9054,train,9054,7348
9055,train,230,7349
9062,train,9062,7354
9063,train,9063,7355
9064,train,9064,7356
9065,train,9064,7357
9066,train,9063,7358
9067,train,9063,7359
9068,train,9063,7360
9069,train,9063,7361
9070,train,9063,7362
9071,train,9071,7363
9072,train,9071,7364
9073,train,9071,7365
9074,train,9063,7366
9075,train,9063,7367
9076,train,9076,7368
9077,train,2322,7369
9080,train,9080,7370
9081,train,9081,7371
9082,train,82,7372
9083,train,4174,7373
9085,train,9085,7374
9087,train,9087,7376
9092,train,9092,7379
9093,train,9093,7380
9094,train,9093,7381
9095,train,9093,7382
9100,train,9100,7387
9101,train,9101,7388
9102,train,9101,7389
9103,train,9103,7390
9104,train,9104,7391
9105,train,9100,7392
9112,train,9112,7397
9114,train,9114,7398
9115,train,9115,7399
9116,train,9114,7400
9117,train,9114,7401
9118,train,9114,7402
9119,train,9114,7403
9120,train,9114,7404
9121,train,9115,7405
9122,train,9122,7406
9123,train,9122,7407
9124,train,9114,7408
9125,train,9125,7409
9126,train,9125,7410
9128,train,2314,7411
9132,train,9132,7414
9133,train,293,7415
9134,train,293,7416
9135,train,293,7417
9136,train,293,7418
9137,train,9137,7419
9138,train,8611,7420
9139,train,9139,7421
9140,train,293,7422
9141,train,9093,7423
9142,train,59,7424
9146,train,8781,7425
9147,train,2301,7426
9150,train,85,7427
9151,train,85,7428
9152,train,85,7429
9153,train,9153,7430
9154,train,9154,7431
9155,train,9155,7432
9156,train,9156,7433
9158,train,9158,7434
9160,train,9160,7435
9161,train,9161,7436
9163,train,9163,7438
9165,train,9165,7439
9166,train,9166,7440
9170,train,8095,7442
9171,train,9171,7443
9174,train,9174,7446
9180,train,9180,7449
9184,train,9184,7452
9185,train,9185,7453
9186,train,956,7454
9188,train,1418,7455
9189,train,1418,7456
9190,train,1418,7457
9191,train,1418,7458
9192,train,1418,7459
9193,train,1418,7460
9194,train,1418,7461
9195,train,1418,7462
9196,train,1418,7463
9197,train,1418,7464
9198,train,9198,7465
9199,train,8177,7466
9200,train,9200,7467
9213,train,9213,7471
9214,train,9213,7472
9215,train,9213,7473
9216,train,9213,7474
9217,train,9213,7475
9218,train,9213,7476
9219,train,9213,7477
9220,train,9220,7478
9221,train,9220,7479
9222,train,4764,7480
9223,train,9223,7481
9225,train,2735,7483
9226,train,9226,7484
9227,train,9226,7485
9240,train,9240,7486
9244,train,9244,7488
9259,train,9259,7490
9268,train,9268,7497
9269,train,9269,7498
9276,train,9276,7499
9277,train,9276,7500
9278,train,9276,7501
9279,train,9276,7502
9280,train,9276,7503
9283,train,9283,7505
9285,train,9285,7507
9288,train,9288,7508
9291,train,9291,7511
9294,train,4174,7512
9297,train,9297,7513
9298,train,9298,7514
9305,train,4413,7516
9306,train,125,7517
9307,train,9307,7518
9309,train,9309,7519
9310,train,9310,7520
9311,train,9311,7521
9317,train,9317,7524
9318,train,9318,7525
9329,train,9329,7529
9331,train,9331,7531
9332,train,9332,7532
9333,train,9333,7533
9334,train,9333,7534
9335,train,9335,7535
9339,train,9339,7537
9343,train,9343,7541
9344,train,7597,7542
9345,train,5202,7543
9346,train,9346,7544
9347,train,9347,7545
9348,train,9348,7546
9353,train,9353,7551
9356,train,9356,7554
9358,train,9358,7556
9361,train,9358,7558
9363,train,9363,7559
9364,train,9364,7560
9365,train,9365,7561
9366,train,9364,7562
9368,train,9368,7563
9369,train,9368,7564
9380,train,9380,7573
9389,train,9380,7582
9398,train,4819,7591
9400,train,9400,7593
9401,train,9401,7594
9404,train,1604,7597
9405,train,3605,7598
9411,train,9411,7602
9414,train,152,7605
9415,train,9415,7606
9417,train,249,7607
9418,train,9418,7608
9419,train,9419,7609
9422,train,9419,7610
9423,train,9423,7611
9427,train,9427,7615
9428,train,9427,7616
9429,train,2968,7617
9430,train,2962,7618
9431,train,9431,7619
9434,train,6015,7621
9435,train,9435,7622
9438,train,9438,7624
9439,train,9439,7625
9440,train,6015,7626
9441,train,9441,7627
9447,train,9380,7632
9452,train,9380,7636
9453,train,9380,7637
9457,train,9380,7641
9463,train,9463,7647
9465,train,9465,7648
9476,train,122,7653
9477,train,122,7654
9479,train,395,7655
9480,train,395,7656
9481,train,395,7657
9482,train,122,7658
9483,train,122,7659
9484,train,122,7660
9485,train,122,7661
9486,train,395,7662
9487,train,122,7663
9488,train,122,7664
9489,train,122,7665
9490,train,9490,7666
9492,train,395,7668
9493,train,9493,7669
9496,train,4992,7671
9498,train,9498,7673
9499,train,9498,7674
9500,train,9500,7675
9501,train,2888,7676
9502,train,9502,7677
9503,train,9503,7678
9506,train,9365,7680
9507,train,9365,7681
9508,train,9365,7682
9509,train,9509,7683
9511,train,9365,7684
9515,train,8024,7685
9516,train,9509,7686
9517,train,9517,7687
9519,train,9498,7689
9520,train,2217,7690
9521,train,9435,7691
9522,train,6118,7692
9523,train,9435,7693
9525,train,9525,7694
9527,train,9435,7696
9528,train,9435,7697
9529,train,9435,7698
9530,train,9435,7699
9531,train,9435,7700
9532,train,9435,7701
9533,train,9435,7702
9534,train,9435,7703
9535,train,9435,7704
9536,train,9435,7705
9537,train,9435,7706
9538,train,9435,7707
9539,train,9435,7708
9540,train,9540,7709
9546,train,9435,7711
9551,train,9435,7716
9554,train,1630,7718
9555,train,9555,7719
9557,train,9557,7721
9558,train,9558,7722
9561,train,8914,7725
9562,train,8914,7726
9563,train,8914,7727
9564,train,9564,7728
9565,train,9565,7729
9566,train,9435,7730
9567,train,9365,7731
9571,train,9571,7734
9572,train,9571,7735
9573,train,9571,7736
9575,train,9571,7737
9580,train,9571,7738
9585,train,9585,7739
9596,train,9435,7740
9597,train,8421,7741
9599,train,8421,7743
9600,train,8421,7744
9601,train,8421,7745
9602,train,8421,7746
9605,train,8421,7749
9607,train,8421,7750
9615,train,9615,7755
9616,train,9615,7756
9617,train,9615,7757
9618,train,6736,7758
9619,train,6736,7759
9620,train,6736,7760
9621,train,6736,7761
9622,train,6736,7762
9623,train,9623,7763
9624,train,9624,7764
9626,train,9626,7766
9628,train,9615,7768
9629,train,9615,7769
9634,train,152,7774
9636,train,9623,7775
9638,train,9638,7776
9639,train,9639,7777
9641,train,9641,7779
9642,train,9642,7780
9643,train,9643,7781
9645,train,9645,7783
9646,train,9645,7784
9647,train,2328,7785
9649,train,9649,7787
9650,train,5424,7788
9656,train,9656,7794
9657,train,9657,7795
9658,train,9658,7796
9659,train,9659,7797
9660,train,9660,7798
9661,train,9661,7799
9662,train,4133,7800
9664,train,9664,7801
9666,train,9666,7802
9667,train,9667,7803
9669,train,9669,7804
9670,train,9435,7805
9672,train,9672,7806
9673,train,4992,7807
9674,train,9674,7808
9675,train,9674,7809
9676,train,9674,7810
9677,train,9674,7811
9678,train,9674,7812
9679,train,9674,7813
9680,train,9674,7814
9681,train,9681,7815
9684,train,9684,7818
9685,train,9685,7819
9691,train,9691,7820
9692,train,3643,7821
9693,train,3643,7822
9695,train,9695,7824
9709,train,3241,7827
9710,train,9710,7828
9711,train,9710,7829
9712,train,9712,7830
9714,train,3241,7832
9720,train,3241,7834
9721,train,3241,7835
9723,train,122,7836
9724,train,395,7837
9730,train,4068,7842
9732,train,9502,7844
9734,train,9734,7846
9737,train,9737,7849
9738,train,9737,7850
9740,train,9740,7852
9750,train,9750,7860
9753,train,9753,7863
9756,train,9435,7865
9757,train,9435,7866
9758,train,9435,7867
9759,train,9435,7868
9760,train,9435,7869
9761,train,9435,7870
9762,train,9435,7871
9763,train,9435,7872
9764,train,9435,7873
9765,train,3509,7874
9769,train,9740,7877
9770,train,9770,7878
9771,train,9771,7879
9772,train,9771,7880
9773,train,9771,7881
9774,train,9771,7882
9776,train,9771,7884
9777,train,9777,7885
9779,train,9779,7887
9780,train,9780,7888
9782,train,3241,7890
9783,train,9710,7891
9784,train,3241,7892
9787,train,9787,7895
9789,train,9789,7896
9790,train,9276,7897
9791,train,9276,7898
9792,train,9276,7899
9794,train,9276,7901
9795,train,9276,7902
9797,train,9797,7903
9798,train,9798,7904
9800,train,9800,7905
9801,train,9801,7906
9802,train,7597,7907
9803,train,9803,7908
9805,train,9805,7909
9807,train,2735,7910
9814,train,9814,7912
9815,train,7597,7913
9816,train,1618,7914
9817,train,9817,7915
9818,train,9818,7916
9821,train,9821,7918
9822,train,1545,7919
9826,train,9826,7920
9827,train,9827,7921
9828,train,4755,7922
9829,train,8746,7923
9831,train,9831,7924
9834,train,9834,7925
9835,train,521,7926
9840,train,9840,7928
9841,train,5202,7929
9845,train,9845,7930
9847,train,9064,7931
9849,train,9849,7932
9852,train,9849,7934
9853,train,9853,7935
9854,train,92,7936
9859,train,9859,7937
9865,train,9865,7942
9870,train,9870,7943
9871,train,241,7944
9873,train,9873,7945
9874,train,9085,7946
9876,train,9876,7947
9877,train,182,7948
9882,train,9882,7950
9901,train,9901,7967
9908,train,9908,7970
9909,train,9908,7971
9910,train,9910,7972
9916,train,9916,7974
9919,train,7597,7977
9920,train,9920,7978
9925,train,9925,7979
9926,train,854,7980
9932,train,9932,7982
9935,train,9935,7985
9937,train,9623,7987
9938,train,9938,7988
9939,train,9938,7989
9940,train,9938,7990
9941,train,9941,7991
9942,train,9942,7992
9946,train,9681,7994
9949,train,9949,7997
9951,train,9639,7999
9952,train,9681,8000
9953,train,9734,8001
9954,train,9954,8002
9956,train,3172,8004
9957,train,9954,8005
9958,train,9954,8006
9959,train,9954,8007
9960,train,9954,8008
9961,train,9961,8009
9962,train,9961,8010
9964,train,9964,8012
9965,train,9965,8013
9967,train,4068,8015
9971,train,4068,8019
9972,train,9938,8020
9973,train,9938,8021
9974,train,9938,8022
9975,train,9938,8023
9976,train,9938,8024
9977,train,9938,8025
9978,train,9932,8026
9980,train,9639,8028
9983,train,1101,8031
9984,train,7940,8032
9985,train,2489,8033
9986,train,9986,8034
9987,train,9987,8035
9988,train,9988,8036
9989,train,6960,8037
9990,train,3590,8038
9991,train,4265,8039
9992,train,3590,8040
9993,train,3590,8041
9996,train,9996,8042
10009,train,410,8046
10012,train,4265,8047
10013,train,4265,8048
10032,train,4265,8052
10035,train,10035,8054
10036,train,10035,8055
10037,train,9938,8056
10038,train,9938,8057
10040,train,9938,8059
10044,train,10044,8062
10045,train,9938,8063
10046,train,10046,8064
10047,train,10047,8065
10048,train,9938,8066
10049,train,2489,8067
10051,train,2489,8068
10052,train,10052,8069
10053,train,2489,8070
10054,train,343,8071
10064,train,10064,8079
10065,train,10065,8080
10066,train,10065,8081
10067,train,10065,8082
10073,train,10073,8088
10074,train,10073,8089
10075,train,10073,8090
10076,train,10073,8091
10077,train,6960,8092
10079,train,6480,8093
10080,train,10080,8094
10081,train,10081,8095
10089,train,10089,8101
10090,train,10090,8102
10093,train,10093,8105
10095,train,10090,8107
10096,train,10090,8108
10097,train,10097,8109
10099,train,10099,8111
10106,train,10106,8115
10107,train,10107,8116
10108,train,10108,8117
10115,train,10115,8120
10121,train,5925,8123
10122,train,5925,8124
10124,train,10124,8125
10126,train,10126,8127
10128,train,10128,8129
10131,train,5081,8130
10132,train,5081,8131
10133,train,10126,8132
10134,train,1671,8133
10135,train,10135,8134
10137,train,10137,8136
10143,train,10143,8142
10144,train,9503,8143
10145,train,10145,8144
10146,train,10146,8145
10148,train,9503,8146
10149,train,10149,8147
10154,train,10154,8150
10155,train,10154,8151
10157,train,10157,8152
10159,train,2529,8153
10160,train,2529,8154
10161,train,2529,8155
10166,train,10166,8157
10170,train,10170,8160
10173,train,5190,8162
10181,train,10181,8169
10182,train,10182,8170
10183,train,10182,8171
10184,train,10182,8172
10185,train,10182,8173
10187,train,10182,8174
10188,train,10188,8175
10191,train,1504,8176
10193,train,10193,8177
10195,train,10195,8179
10198,train,10198,8180
10200,train,10198,8181
10202,train,10202,8182
10203,train,10203,8183
10205,train,10205,8185
10206,train,10206,8186
10207,train,546,8187
10211,train,2186,8191
10219,train,7412,8195
10223,train,10223,8196
10228,train,10228,8198
10229,train,10229,8199
10230,train,10230,8200
10231,train,4413,8201
10233,train,10233,8202
10241,train,10241,8209
10242,train,9840,8210
10247,train,10247,8211
10252,train,10252,8213
10253,train,10252,8214
10254,train,10252,8215
10255,train,10252,8216
10256,train,10252,8217
10257,train,10252,8218
10258,train,10252,8219
10259,train,10252,8220
10260,train,10252,8221
10261,train,10252,8222
10262,train,10252,8223
10263,train,10263,8224
10265,train,10265,8226
10267,train,10267,8227
10271,train,10271,8228
10272,train,10272,8229
10275,train,6374,8232
10279,train,10279,8235
10280,train,10280,8236
10281,train,1774,8237
10285,train,1774,8241
10288,train,1774,8244
10289,train,5105,8245
10290,train,5104,8246
10291,train,5105,8247
10292,train,10279,8248
10293,train,5105,8249
10299,train,8849,8250
10300,train,8849,8251
10301,train,8849,8252
10302,train,8849,8253
10305,train,166,8254
10308,train,279,8255
10309,train,10309,8256
10310,train,279,8257
10311,train,10309,8258
10312,train,10312,8259
10313,train,10312,8260
10318,train,10312,8263
10319,train,10312,8264
10320,train,10320,8265
10324,train,1671,8269
10325,train,1671,8270
10326,train,10326,8271
10327,train,1671,8272
10328,train,1671,8273
10329,train,1671,8274
10330,train,1671,8275
10331,train,1671,8276
10332,train,1671,8277
10334,train,1671,8278
10344,train,10344,8282
10351,train,9938,8284
10352,train,10352,8285
10360,train,410,8286
10365,train,10365,8287
10366,train,10366,8288
10367,train,10367,8289
10368,train,10368,8290
10369,train,10368,8291
10370,train,10368,8292
10372,train,8648,8293
10373,train,10373,8294
10374,train,1522,8295
10375,train,10375,8296
10379,train,10379,8298
10381,train,10381,8300
10384,train,10384,8303
10392,train,10312,8308
10393,train,10312,8309
10394,train,9276,8310
10395,train,9276,8311
10396,train,9276,8312
10397,train,9276,8313
10398,train,9276,8314
10400,train,10400,8316
10406,train,227,8317
10408,train,10408,8319
10410,train,10410,8321
10411,train,10411,8322
10412,train,631,8323
10413,train,3247,8324
10415,train,22,8326
10416,train,10416,8327
10417,train,10417,8328
10418,train,163,8329
10419,train,10419,8330
10420,train,10420,8331
10425,train,5510,8332
10427,train,3420,8333
10429,train,10429,8334
10438,train,10438,8337
10439,train,10439,8338
10440,train,9276,8339
10441,train,9276,8340
10442,train,10442,8341
10443,train,340,8342
10446,train,10446,8343
10466,train,10466,8350
10467,train,10467,8351
10468,train,10466,8352
10469,train,10466,8353
10470,train,10466,8354
10471,train,10467,8355
10472,train,10466,8356
10473,train,10473,8357
10474,train,10473,8358
10475,train,10473,8359
10476,train,10473,8360
10477,train,10473,8361
10480,train,10466,8364
10481,train,10473,8365
10482,train,10252,8366
10490,train,9938,8373
10493,train,10466,8375
10496,train,10496,8378
10498,train,10498,8379
10499,train,10499,8380
10500,train,10500,8381
10503,train,10499,8382
10508,train,3793,8386
10510,train,10510,8388
10512,train,10512,8390
10516,train,10516,8393
10518,train,10518,8395
10519,train,10518,8396
10520,train,113,8397
10523,train,206,8399
10524,train,10524,8400
10525,train,9276,8401
10526,train,9276,8402
10529,train,10529,8404
10531,train,241,8406
10532,train,10532,8407
10533,train,1922,8408
10535,train,10535,8410
10536,train,4112,8411
10540,train,509,8412
10541,train,608,8413
10557,train,10557,8419
10558,train,10558,8420
10559,train,10559,8421
10560,train,10560,8422
10561,train,10561,8423
10562,train,10562,8424
10563,train,10562,8425
10564,train,10564,8426
10569,train,10569,8431
10570,train,10570,8432
10571,train,10571,8433
10572,train,10571,8434
10573,train,10573,8435
10575,train,10575,8437
10576,train,10576,8438
10580,train,10580,8442
10582,train,10582,8444
10583,train,4577,8445
10585,train,10580,8447
10588,train,10588,8450
10590,train,3598,8452
10591,train,4740,8453
10596,train,10596,8458
10601,train,10601,8463
10604,train,10604,8466
10606,train,10606,8468
10607,train,10607,8469
10609,train,10609,8471
10612,train,10612,8473
10615,train,10615,8476
10616,train,2013,8477
10617,train,10617,8478
10618,train,10617,8479
10623,train,10623,8483
10624,train,3902,8484
10628,train,10628,8485
10630,train,8010,8487
10631,train,10631,8488
10632,train,10632,8489
10633,train,10633,8490
10634,train,10634,8491
10635,train,10634,8492
10636,train,10636,8493
10638,train,10638,8494
10639,train,10639,8495
10641,train,10641,8497
10643,train,5051,8499
10645,train,10645,8501
10646,train,10646,8502
10652,train,10652,8507
10654,train,10654,8508
10655,train,10655,8509
10658,train,10658,8512
10659,train,10659,8513
10660,train,10660,8514
10661,train,10661,8515
10663,train,10663,8517
10664,train,10664,8518
10665,train,10665,8519
10667,train,10667,8521
10669,train,10669,8523
10670,train,10670,8524
10671,train,10665,8525
10672,train,10672,8526
10676,train,10676,8529
10677,train,10677,8530
10678,train,10677,8531
10679,train,10679,8532
10680,train,10680,8533
10681,train,10681,8534
10684,train,10684,8537
10687,train,152,8540
10688,train,152,8541
10690,train,10690,8543
10691,train,10691,8544
10699,train,10699,8550
10702,train,1299,8553
10703,train,1299,8554
10704,train,1299,8555
10705,train,10705,8556
10708,train,10646,8559
10709,train,4438,8560
10710,train,4427,8561
10711,train,4438,8562
10712,train,4425,8563
10713,train,4425,8564
10714,train,10714,8565
10715,train,10715,8566
10716,train,10716,8567
10717,train,10717,8568
10722,train,10722,8572
10723,train,10723,8573
10724,train,10723,8574
10726,train,10726,8576
10727,train,10727,8577
10728,train,5424,8578
10729,train,10729,8579
10730,train,10730,8580
10731,train,10731,8581
10732,train,10732,8582
10733,train,4465,8583
10744,train,10744,8587
10748,train,10623,8590
10749,train,10623,8591
10750,train,10623,8592
10752,train,10752,8594
10754,train,10754,8595
10755,train,1890,8596
10758,train,6781,8598
10760,train,10760,8599
10762,train,3464,8601
10763,train,10763,8602
10764,train,10764,8603
10765,train,10765,8604
10766,train,10766,8605
10770,train,10770,8607
10771,train,10771,8608
10772,train,10772,8609
10773,train,10773,8610
10774,train,10774,8611
10776,train,3164,8612
10778,train,10778,8614
10780,train,10780,8616
10781,train,10781,8617
10782,train,10782,8618
10783,train,94,8619
10784,train,5767,8620
10785,train,10766,8621
10789,train,10789,8625
10790,train,10790,8626
10791,train,10790,8627
10792,train,10792,8628
10793,train,10793,8629
10794,train,10793,8630
10795,train,10795,8631
10797,train,10797,8633
10799,train,10799,8635
10800,train,10800,8636
10802,train,10802,8637
10807,train,10807,8642
10809,train,10809,8644
10810,train,10810,8645
10817,train,10817,8651
10821,train,10821,8655
10822,train,10822,8656
10823,train,10823,8657
10827,train,10827,8661
10828,train,10828,8662
10830,train,10830,8664
10832,train,10832,8666
10834,train,10834,8668
10835,train,10835,8669
10836,train,10835,8670
10837,train,10837,8671
10839,train,10839,8673
10840,train,10840,8674
10842,train,10835,8676
10844,train,3314,8677
10852,train,10852,8680
10853,train,10853,8681
10855,train,10855,8683
10857,train,10857,8684
10860,train,10860,8687
10865,train,3327,8692
10866,train,10866,8693
10870,train,10870,8696
10871,train,10871,8697
10872,train,10872,8698
10873,train,249,8699
10877,train,10877,8700
10883,train,10883,8704
10884,train,10884,8705
10885,train,10885,8706
10886,train,10886,8707
10887,train,10887,8708
10889,train,559,8709
10890,train,559,8710
10891,train,559,8711
10892,train,10892,8712
10897,train,10897,8715
10898,train,10898,8716
10899,train,4438,8717
10900,train,10900,8718
10901,train,10901,8719
10904,train,10904,8721
10906,train,10906,8722
10908,train,2585,8724
10909,train,2585,8725
10910,train,2585,8726
10914,train,10914,8729
10916,train,2328,8731
10920,train,6663,8734
10926,train,10898,8738
10927,train,10927,8739
10928,train,10928,8740
10930,train,10930,8741
10931,train,10931,8742
10932,train,3175,8743
10934,train,6085,8744
10936,train,10936,8746
10937,train,10937,8747
10938,train,10938,8748
10939,train,10939,8749
10947,train,10947,8750
10948,train,10900,8751
10977,train,10977,8756
10981,train,10981,8758
10986,train,10986,8762
10988,train,10988,8764
10989,train,10989,8765
10990,train,10990,8766
10992,train,10992,8768
10996,train,10981,8769
10997,train,10997,8770
10999,train,10999,8772
11000,train,11000,8773
11002,train,8421,8775
11003,train,8421,8776
11009,train,6085,8780
11010,train,6085,8781
11016,train,9564,8787
11017,train,11017,8788
11020,train,4427,8790
11021,train,11021,8791
11023,train,11023,8793
11025,train,11025,8795
11027,train,11027,8796
11030,train,6071,8799
11035,train,8429,8800
11037,train,11037,8802
11039,train,11039,8804
11040,train,11040,8805
11041,train,11041,8806
11043,train,11043,8808
11044,train,10115,8809
11045,train,11045,8810
11046,train,3420,8811
11060,train,11060,8813
11061,train,11061,8814
11070,train,11070,8816
11074,train,11074,8817
11077,train,11077,8819
11079,train,11079,8821
11082,train,11082,8823
11083,train,11083,8824
11084,train,11084,8825
11089,train,11089,8829
11090,train,11090,8830
11091,train,11090,8831
11093,train,11093,8833
11096,train,11096,8835
11097,train,11096,8836
11101,train,11101,8838
11103,train,11103,8839
11109,train,11109,8842
11110,train,11110,8843
11111,train,11110,8844
11112,train,11110,8845
11118,train,11118,8851
11119,train,11119,8852
11120,train,11119,8853
11124,train,11124,8857
11125,train,11125,8858
11126,train,9184,8859
11127,train,11127,8860
11130,train,11130,8863
11131,train,482,8864
11132,train,482,8865
11133,train,482,8866
11135,train,11135,8867
11137,train,11137,8868
11145,train,11145,8871
11146,train,11146,8872
11149,train,11149,8875
11151,train,11151,8877
11153,train,11153,8878
11154,train,11154,8879
11157,train,11157,8882
11159,train,11159,8883
11160,train,11160,8884
11161,train,5896,8885
11162,train,11162,8886
11163,train,11163,8887
11164,train,11164,8888
11169,train,11169,8890
11173,train,11173,8892
11178,train,5896,8896
11183,train,11183,8897
11185,train,11185,8898
11186,train,3325,8899
11188,train,4744,8900
11189,train,11189,8901
11190,train,11190,8902
11191,train,11191,8903
11193,train,3325,8904
11199,train,11199,8905
11200,train,11200,8906
11202,train,11202,8907
11204,train,11204,8909
11205,train,11205,8910
11206,train,11206,8911
11207,train,11207,8912
11208,train,11208,8913
11210,train,11210,8915
11211,train,11211,8916
11212,train,11212,8917
11214,train,11214,8918
11215,train,11215,8919
11216,train,306,8920
11217,train,306,8921
11218,train,11218,8922
11219,train,10676,8923
11220,train,11220,8924
11221,train,11221,8925
11222,train,11222,8926
11224,train,11224,8927
11234,train,11234,8928
11235,train,11235,8929
11236,train,11236,8930
11238,train,11238,8931
11240,train,11240,8933
11241,train,3446,8934
11242,train,11242,8935
11243,train,11243,8936
11246,train,11246,8939
11252,train,231,8942
11253,train,11253,8943
11254,train,11254,8944
11255,train,11255,8945
11258,train,11258,8948
11259,train,11259,8949
11260,train,11210,8950
11263,train,11263,8952
11265,train,11265,8953
11283,train,11283,8955
11286,train,11286,8957
11287,train,11287,8958
11288,train,11287,8959
11292,train,11292,8960
11301,train,11301,8961
11302,train,11302,8962
11303,train,11303,8963
11304,train,11304,8964
11305,train,1799,8965
11307,train,11307,8967
11308,train,11308,8968
11309,train,11309,8969
11312,train,11312,8972
11314,train,11314,8974
11315,train,11315,8975
11316,train,11316,8976
11317,train,11317,8977
11319,train,11317,8979
11320,train,11320,8980
11321,train,11321,8981
11322,train,11322,8982
11325,train,10938,8983
11326,train,10938,8984
11327,train,10938,8985
11328,train,10938,8986
11329,train,10938,8987
11333,train,11333,8991
11336,train,11336,8994
11338,train,3314,8996
11339,train,4623,8997
11342,train,11342,9000
11343,train,4465,9001
11344,train,11344,9002
11345,train,3314,9003
11346,train,11346,9004
11347,train,4577,9005
11349,train,5454,9007
11350,train,3314,9008
11351,train,11346,9009
11352,train,11352,9010
11353,train,11353,9011
11354,train,11354,9012
11359,train,11359,9013
11363,train,11363,9014
11365,train,11365,9015
11368,train,11368,9017
11369,train,11369,9018
11370,train,11370,9019
11371,train,11371,9020
11372,train,11372,9021
11374,train,11374,9023
11382,train,11382,9028
11384,train,11384,9029
11385,train,11385,9030
11387,train,11387,9031
11389,train,11389,9032
11393,train,11393,9033
11396,train,11396,9036
11397,train,11396,9037
11399,train,11399,9039
11405,train,11405,9040
11406,train,11406,9041
11407,train,9503,9042
11408,train,11408,9043
11411,train,11411,9046
11416,train,1903,9049
11417,train,1903,9050
11418,train,5342,9051
11420,train,11420,9053
11425,train,11425,9056
11428,train,11428,9059
11436,train,4174,9064
11437,train,4174,9065
11441,train,11441,9068
11442,train,5486,9069
11444,train,11444,9071
11445,train,11445,9072
11446,train,11446,9073
11447,train,11447,9074
11448,train,11448,9075
11450,train,11450,9077
11451,train,5618,9078
11456,train,11456,9081
11457,train,11457,9082
11466,train,5795,9084
11467,train,11467,9085
11468,train,11468,9086
11469,train,11469,9087
11472,train,11472,9089
11477,train,5136,9091
11478,train,4438,9092
11480,train,6907,9093
11482,train,11482,9095
11483,train,2771,9096
11485,train,11485,9097
11486,train,11486,9098
11487,train,11486,9099
11491,train,10373,9101
11493,train,482,9103
11497,train,11286,9105
11498,train,11498,9106
11501,train,11501,9109
11503,train,11503,9110
11507,train,249,9112
11508,train,11508,9113
11509,train,1903,9114
11510,train,2792,9115
11512,train,1903,9117
11514,train,11514,9119
11517,train,11517,9121
11518,train,4148,9122
11519,train,4148,9123
11525,train,11525,9126
11527,train,2115,9128
11531,train,2115,9130
11532,train,11532,9131
11537,train,11537,9132
11539,train,11539,9134
11543,train,8616,9138
11546,train,11546,9140
11547,train,11547,9141
11550,train,11550,9144
11555,train,11555,9149
11558,train,11558,9152
11559,train,7606,9153
11560,train,4136,9154
11563,train,11563,9156
11565,train,11565,9158
11566,train,11566,9159
11569,train,11569,9162
11580,train,11580,9165
11581,train,11581,9166
11583,train,11583,9168
11585,train,11585,9170
11587,train,11587,9172
11588,train,11588,9173
11598,train,4297,9174
11604,train,11604,9179
11605,train,3325,9180
11606,train,11606,9181
11610,train,11610,9184
11624,train,11624,9187
11625,train,11625,9188
11626,train,11626,9189
11627,train,4077,9190
11628,train,4077,9191
11629,train,4077,9192
11631,train,10938,9194
11632,train,10938,9195
11633,train,10938,9196
11634,train,10938,9197
11643,train,11643,9201
11646,train,1671,9203
11656,train,5302,9205
11669,train,5302,9206
11670,train,11670,9207
11671,train,5302,9208
11680,train,5302,9209
11681,train,5302,9210
11682,train,5302,9211
11683,train,5302,9212
11684,train,11670,9213
11685,train,11670,9214
11691,train,5302,9215
11692,train,11692,9216
11693,train,11692,9217
11694,train,73,9218
11696,train,11696,9219
11699,train,11699,9220
11700,train,11700,9221
11701,train,11700,9222
11702,train,11702,9223
11704,train,5486,9224
11706,train,11706,9225
11708,train,11708,9226
11711,train,11711,9227
11713,train,11713,9229
11715,train,2067,9231
11716,train,11716,9232
11721,train,3793,9233
11722,train,3793,9234
11723,train,3793,9235
11724,train,3793,9236
11725,train,3793,9237
11727,train,605,9238
11734,train,11734,9242
11743,train,3319,9245
11747,train,3319,9246
11750,train,1462,9247
11756,train,11756,9251
11758,train,11758,9252
11761,train,160,9255
11763,train,11763,9256
11764,train,11763,9257
11765,train,11763,9258
11766,train,11763,9259
11767,train,11763,9260
11768,train,11763,9261
11773,train,5484,9265
11774,train,5484,9266
11776,train,113,9268
11778,train,11778,9269
11780,train,7597,9270
11796,train,11796,9272
11804,train,11804,9273
11807,train,11807,9275
11808,train,11807,9276
11810,train,11810,9278
11814,train,11814,9281
11818,train,11818,9285
11819,train,9901,9286
11820,train,9901,9287
11830,train,9901,9297
11849,train,11849,9315
11860,train,11860,9316
11862,train,7597,9317
11863,train,7597,9318
11864,train,7597,9319
11865,train,11865,9320
11878,train,5302,9321
11881,train,5437,9323
11891,train,11891,9327
11892,train,11891,9328
11901,train,7597,9329
11902,train,11902,9330
11903,train,9276,9331
11909,train,11909,9332
11910,train,11910,9333
11913,train,11913,9334
11914,train,11914,9335
11921,train,11921,9337
11923,train,11923,9338
11924,train,9044,9339
11925,train,11925,9340
11926,train,5202,9341
11927,train,22,9342
11928,train,11928,9343
11930,train,11930,9344
11932,train,8691,9346
11933,train,11933,9347
11937,train,1077,9349
11938,train,11938,9350
11939,train,7597,9351
11944,train,8972,9355
11946,train,11946,9356
11947,train,7971,9357
11949,train,7971,9359
11950,train,7971,9360
11951,train,11951,9361
11952,train,11952,9362
11953,train,3247,9363
11954,train,3793,9364
11958,train,11958,9366
11959,train,11958,9367
11960,train,11958,9368
11964,train,11964,9371
11965,train,5393,9372
11966,train,9624,9373
11975,train,11975,9382
11981,train,11981,9388
11982,train,11981,9389
11988,train,11988,9394
11989,train,11981,9395
11991,train,11991,9397
11992,train,11992,9398
11993,train,11991,9399
11994,train,11992,9400
11995,train,2419,9401
12002,train,12002,9405
12014,train,1537,9407
12018,train,12018,9408
12019,train,12019,9409
12023,train,482,9411
12025,train,12025,9413
12042,train,6438,9414
12045,train,12045,9415
12046,train,12046,9416
12047,train,12046,9417
12050,train,12050,9420
12052,train,12052,9422
12053,train,754,9423
12056,train,12056,9424
12057,train,12056,9425
12058,train,12058,9426
12060,train,12056,9427
12061,train,12056,9428
12063,train,12063,9430
12066,train,12066,9431
12067,train,12067,9432
12071,train,12071,9433
12087,train,12087,9438
12092,train,12087,9443
12095,train,12095,9446
12097,train,12097,9448
12098,train,12098,9449
12102,train,12102,9451
12103,train,12103,9452
12104,train,12104,9453
12105,train,12105,9454
12109,train,12109,9457
12111,train,12056,9458
12113,train,12113,9459
12116,train,12116,9460
12117,train,12117,9461
12118,train,12117,9462
12119,train,12117,9463
12120,train,12117,9464
12121,train,12117,9465
12122,train,12117,9466
12123,train,12117,9467
12124,train,12117,9468
12125,train,12117,9469
12126,train,12117,9470
12127,train,12117,9471
12128,train,12117,9472
12129,train,12117,9473
12130,train,12130,9474
12136,train,12136,9476
12151,train,12151,9478
12153,train,471,9480
12155,train,12155,9482
12156,train,12155,9483
12177,train,12177,9492
12189,train,179,9501
12190,train,179,9502
12191,train,179,9503
12192,train,179,9504
12193,train,179,9505
12194,train,179,9506
12195,train,179,9507
12196,train,179,9508
12197,train,12197,9509
12198,train,12197,9510
12199,train,12197,9511
12208,train,12208,9517
12211,train,12211,9519
12216,train,12216,9524
12218,train,12218,9525
12219,train,22,9526
12220,train,22,9527
12223,train,113,9530
12231,train,12231,9534
12239,train,170,9535
12241,train,12241,9537
12244,train,12241,9540
12247,train,12241,9543
12248,train,12241,9544
12249,train,12241,9545
12250,train,12241,9546
12251,train,12155,9547
12257,train,12257,9551
12260,train,12260,9553
12261,train,12261,9554
12262,train,12262,9555
12265,train,12265,9557
12291,train,12291,9568
12293,train,7954,9569
12294,train,12294,9570
12295,train,12294,9571
12296,train,12294,9572
12297,train,12297,9573
12300,train,12300,9575
12304,train,649,9577
12305,train,12305,9578
12306,train,12306,9579
12307,train,12306,9580
12308,train,12306,9581
12311,train,12311,9584
12312,train,12312,9585
12314,train,12314,9587
12316,train,12316,9589
12318,train,3961,9590
12319,train,3961,9591
12339,train,12339,9594
12340,train,12340,9595
12341,train,12341,9596
12350,train,1522,9597
12351,train,12351,9598
12352,train,12351,9599
12356,train,12356,9600
12370,train,8798,9602
12371,train,8798,9603
12376,train,8798,9605
12378,train,12378,9606
12379,train,12379,9607
12381,train,12378,9609
12384,train,12379,9612
12387,train,8798,9615
12392,train,12306,9616
12402,train,12402,9619
12421,train,12421,9621
12422,train,12422,9622
12423,train,726,9623
12428,train,2161,9624
12429,train,12429,9625
12430,train,2161,9626
12431,train,12431,9627
12432,train,12432,9628
12433,train,12433,9629
12435,train,12435,9631
12436,train,12435,9632
12437,train,12435,9633
12438,train,12433,9634
12439,train,12433,9635
12444,train,12444,9636
12445,train,12445,9637
12450,train,12450,9639
12451,train,12451,9640
12452,train,12452,9641
12455,train,3063,9643
12456,train,12456,9644
12457,train,12457,9645
12460,train,12460,9648
12461,train,12461,9649
12462,train,12461,9650
12463,train,12463,9651
12465,train,12465,9653
12466,train,2435,9654
12467,train,12467,9655
12469,train,12469,9657
12470,train,12470,9658
12471,train,12471,9659
12472,train,1531,9660
12473,train,12473,9661
12474,train,2161,9662
12475,train,12475,9663
12476,train,12476,9664
12478,train,12457,9666
12479,train,12457,9667
12482,train,12457,9670
12483,train,8981,9671
12484,train,3063,9672
12485,train,12485,9673
12486,train,7732,9674
12493,train,12461,9675
12494,train,12494,9676
12495,train,12495,9677
12497,train,12497,9679
12499,train,12457,9681
12500,train,12500,9682
12501,train,12501,9683
12502,train,1531,9684
12503,train,12503,9685
12507,train,12507,9687
12509,train,82,9688
12510,train,5577,9689
12511,train,9674,9690
12512,train,94,9691
12513,train,12513,9692
12514,train,973,9693
12516,train,12516,9695
12517,train,12517,9696
12523,train,12523,9697
12527,train,10661,9700
12531,train,12457,9701
12532,train,12451,9702
12534,train,12476,9704
12535,train,4761,9705
12536,train,4761,9706
12537,train,12537,9707
12538,train,12537,9708
12539,train,12539,9709
12540,train,12537,9710
12541,train,12457,9711
12547,train,12547,9713
12555,train,12555,9715
12556,train,160,9716
12557,train,12557,9717
12559,train,12559,9719
12560,train,12560,9720
12565,train,12565,9725
12566,train,12566,9726
12567,train,12567,9727
12569,train,12569,9729
12571,train,12571,9731
12572,train,6367,9732
12573,train,6367,9733
12574,train,3172,9734
12575,train,3172,9735
12577,train,6367,9737
12578,train,12578,9738
12579,train,3172,9739
12580,train,12580,9740
12583,train,3302,9743
12586,train,12586,9745
12588,train,12588,9747
12591,train,12507,9750
12592,train,12507,9751
12593,train,12507,9752
12594,train,12594,9753
12597,train,12597,9756
12600,train,12600,9757
12601,train,12600,9758
12602,train,12602,9759
12605,train,12605,9760
12610,train,12610,9765
12614,train,3150,9768
12615,train,12615,9769
12620,train,12620,9771
12623,train,7972,9773
12624,train,12624,9774
12627,train,94,9776
12628,train,94,9777
12629,train,12629,9778
12631,train,94,9780
12632,train,94,9781
12633,train,12629,9782
12634,train,12634,9783
12636,train,12629,9785
12637,train,12629,9786
12638,train,12638,9787
12639,train,94,9788
12640,train,9269,9789
12641,train,11222,9790
12643,train,4038,9791
12644,train,12644,9792
12645,train,12645,9793
12646,train,12646,9794
12648,train,12648,9795
12649,train,12649,9796
12651,train,12629,9797
12656,train,94,9800
12657,train,94,9801
12658,train,12658,9802
12659,train,12658,9803
12660,train,94,9804
12664,train,12664,9806
12667,train,12667,9808
12670,train,12670,9810
12673,train,12673,9812
12674,train,12673,9813
12676,train,12673,9815
12679,train,12679,9818
12683,train,8981,9822
12684,train,12684,9823
12685,train,9029,9824
12688,train,12688,9826
12690,train,12690,9828
12691,train,7420,9829
12692,train,12692,9830
12693,train,12693,9831
12694,train,12694,9832
12697,train,12697,9835
12698,train,12698,9836
12699,train,7516,9837
12705,train,7508,9839
12711,train,12711,9841
12712,train,12712,9842
12714,train,12714,9844
12719,train,12719,9845
12720,train,12720,9846
12721,train,12721,9847
12722,train,12721,9848
12723,train,12723,9849
12728,train,7100,9852
12729,train,12729,9853
12730,train,12730,9854
12731,train,2089,9855
12732,train,2089,9856
12733,train,2089,9857
12735,train,2089,9858
12737,train,8981,9860
12738,train,12738,9861
12739,train,12739,9862
12740,train,12740,9863
12741,train,12738,9864
12743,train,406,9866
12745,train,9283,9867
12746,train,4038,9868
12747,train,11734,9869
12750,train,12750,9872
12751,train,4045,9873
12752,train,94,9874
12753,train,12753,9875
12754,train,94,9876
12755,train,94,9877
12757,train,94,9879
12758,train,12758,9880
12759,train,94,9881
12760,train,12629,9882
12761,train,94,9883
12762,train,12629,9884
12767,train,12767,9887
12768,train,12768,9888
12769,train,5589,9889
12770,train,6198,9890
12771,train,6198,9891
12772,train,10691,9892
12773,train,10691,9893
12774,train,6198,9894
12775,train,6198,9895
12776,train,6198,9896
12777,train,12730,9897
12778,train,5589,9898
12780,train,12780,9899
12781,train,12781,9900
12782,train,1335,9901
12783,train,12783,9902
12784,train,7843,9903
12785,train,12785,9904
12790,train,7433,9905
12791,train,7415,9906
12794,train,16,9908
12795,train,12795,9909
12796,train,12796,9910
12798,train,12798,9912
12799,train,12799,9913
12800,train,4038,9914
12803,train,12803,9915
12804,train,2684,9916
12806,train,6287,9918
12807,train,12807,9919
12809,train,12809,9921
12813,train,12711,9924
12814,train,12814,9925
12815,train,12815,9926
12816,train,12816,9927
12820,train,12809,9929
12821,train,3826,9930
12822,train,3826,9931
12823,train,3826,9932
12824,train,3826,9933
12829,train,12829,9936
12830,train,12829,9937
12831,train,12829,9938
12832,train,12829,9939
12833,train,12833,9940
12834,train,12834,9941
12835,train,12829,9942
12836,train,12836,9943
12841,train,12841,9946
12843,train,12843,9947
12844,train,12841,9948
12845,train,12845,9949
12854,train,12854,9953
12855,train,12855,9954
12856,train,12856,9955
12859,train,12859,9957
12860,train,12738,9958
12861,train,12738,9959
12863,train,113,9961
12864,train,113,9962
12866,train,7415,9964
12867,train,12867,9965
12870,train,3477,9968
12875,train,3150,9970
12881,train,12881,9974
12882,train,12882,9975
12885,train,12885,9978
12887,train,12887,9980
12888,train,12888,9981
12890,train,249,9983
12891,train,6685,9984
12892,train,12892,9985
12894,train,12894,9987
12895,train,12895,9988
12897,train,12897,9990
12898,train,12898,9991
12899,train,12899,9992
12900,train,6685,9993
12904,train,12904,9997
12906,train,12906,9999
12907,train,12907,10000
12908,train,4970,10001
12909,train,12909,10002
12910,train,12910,10003
12911,train,12911,10004
12912,train,12912,10005
12917,train,12917,10010
12920,train,12920,10013
12921,train,12921,10014
12922,train,12922,10015
12923,train,12456,10016
12924,train,12456,10017
12926,train,12926,10019
12927,train,12926,10020
12928,train,82,10021
12929,train,12929,10022
12934,train,299,10027
12935,train,12935,10028
12938,train,12809,10031
12941,train,4035,10034
12942,train,7327,10035
12944,train,12944,10036
12949,train,12949,10038
12950,train,12949,10039
12951,train,12951,10040
12952,train,12952,10041
12954,train,5589,10043
12955,train,12955,10044
12956,train,12955,10045
12958,train,12958,10047
12959,train,12958,10048
12960,train,12958,10049
12961,train,12958,10050
12962,train,12958,10051
12963,train,12958,10052
12964,train,12958,10053
12969,train,12969,10057
12971,train,12971,10059
12975,train,12975,10061
12977,train,12977,10063
12980,train,12980,10066
12981,train,7399,10067
12983,train,16,10069
12986,train,2205,10072
12988,train,12988,10073
12996,train,12996,10077
12997,train,12997,10078
12998,train,12998,10079
12999,train,12998,10080
13000,train,12998,10081
13018,train,12854,10083
13019,train,13019,10084
13020,train,13020,10085
13022,train,13022,10087
13023,train,13020,10088
13024,train,13020,10089
13026,train,13026,10090
13028,train,13028,10091
13029,train,13028,10092
13032,train,5925,10095
13033,train,5925,10096
13034,train,13034,10097
13035,train,13035,10098
13036,train,13036,10099
13037,train,13037,10100
13038,train,5925,10101
13039,train,5925,10102
13041,train,13041,10104
13042,train,13042,10105
13048,train,2687,10110
13049,train,2386,10111
13050,train,13050,10112
13052,train,519,10113
13053,train,13053,10114
13055,train,13055,10115
13056,train,13056,10116
13057,train,12507,10117
13058,train,13058,10118
13060,train,7216,10120
13061,train,13061,10121
13062,train,13062,10122
13063,train,12730,10123
13064,train,12730,10124
13065,train,12730,10125
13067,train,13067,10126
13069,train,13069,10127
13070,train,13070,10128
13072,train,2089,10129
13073,train,2089,10130
13074,train,2089,10131
13075,train,2089,10132
13076,train,13076,10133
13077,train,13076,10134
13081,train,13081,10135
13082,train,13081,10136
13084,train,13081,10138
13085,train,13081,10139
13086,train,13081,10140
13089,train,13081,10142
13094,train,13094,10145
13097,train,13097,10147
13098,train,13098,10148
13099,train,13099,10149
13100,train,13100,10150
13101,train,13101,10151
13102,train,13102,10152
13103,train,11041,10153
13105,train,1367,10155
13109,train,13109,10158
13111,train,13111,10159
13115,train,13115,10161
13116,train,13116,10162
13117,train,12340,10163
13131,train,2735,10166
13133,train,2735,10168
13135,train,2735,10170
13139,train,13139,10172
13141,train,13141,10173
13145,train,9805,10177
13146,train,13146,10178
13151,train,2735,10183
13156,train,2735,10188
13157,train,9283,10189
13158,train,9283,10190
13159,train,13159,10191
13160,train,13160,10192
13161,train,13161,10193
13163,train,13163,10195
13164,train,13164,10196
13166,train,8607,10198
13169,train,13169,10201
13170,train,13170,10202
13174,train,13174,10206
13175,train,13175,10207
13180,train,13180,10208
13186,train,13146,10211
13191,train,13191,10212
13192,train,13099,10213
13193,train,13193,10214
13194,train,13099,10215
13196,train,13196,10216
13197,train,3456,10217
13200,train,13200,10219
13201,train,13200,10220
13202,train,3202,10221
13205,train,7972,10222
13206,train,13206,10223
13209,train,16,10225
13210,train,6623,10226
13211,train,3386,10227
13212,train,3386,10228
13213,train,6623,10229
13216,train,6623,10232
13217,train,2920,10233
13219,train,6623,10235
13220,train,13220,10236
13222,train,13222,10238
13223,train,1916,10239
13226,train,13226,10242
13227,train,13227,10243
13233,train,2920,10248
13235,train,3387,10250
13237,train,13237,10251
13238,train,13238,10252
13239,train,3577,10253
13241,train,2920,10255
13242,train,2920,10256
13243,train,13243,10257
13244,train,13244,10258
13247,train,13247,10261
13254,train,1868,10268
13255,train,13255,10269
13284,train,13284,10272
13287,train,5277,10275
13288,train,13288,10276
13289,train,5277,10277
13293,train,1832,10279
13296,train,2920,10282
13299,train,2964,10285
13301,train,13301,10286
13305,train,13305,10289
13310,train,13310,10294
13312,train,13312,10296
13316,train,13316,10299
13323,train,12730,10300
13324,train,13324,10301
13327,train,1868,10303
13328,train,12711,10304
13329,train,82,10305
13330,train,13330,10306
13332,train,7412,10307
13334,train,13334,10309
13335,train,13335,10310
13336,train,13334,10311
13337,train,13334,10312
13341,train,13019,10316
13346,train,13019,10321
13348,train,13019,10323
13349,train,13349,10324
13354,train,13354,10328
13356,train,13356,10330
13357,train,13335,10331
13359,train,12693,10333
13366,train,11952,10338
13368,train,11952,10340
13369,train,11952,10341
13372,train,13372,10344
13377,train,13377,10347
13380,train,13380,10348
13381,train,13377,10349
13383,train,7100,10351
13392,train,7100,10357
13396,train,13396,10359
13397,train,12673,10360
13403,train,13403,10362
13404,train,13404,10363
13409,train,4168,10366
13415,train,13415,10367
13438,train,4168,10370
13441,train,11952,10372
13442,train,9876,10373
13444,train,13444,10374
13445,train,11952,10375
13446,train,11952,10376
13447,train,13244,10377
13448,train,13448,10378
13449,train,13449,10379
13453,train,13206,10381
13454,train,13454,10382
13455,train,973,10383
13457,train,973,10384
13458,train,973,10385
13460,train,973,10386
13461,train,973,10387
13462,train,973,10388
13463,train,973,10389
13464,train,973,10390
13465,train,973,10391
13466,train,13330,10392
13467,train,973,10393
13468,train,973,10394
13469,train,973,10395
13470,train,973,10396
13471,train,973,10397
13472,train,973,10398
13474,train,973,10399
13475,train,973,10400
13476,train,973,10401
13477,train,13330,10402
13478,train,13330,10403
13479,train,13330,10404
13480,train,973,10405
13481,train,9876,10406
13483,train,13483,10408
13484,train,10154,10409
13485,train,5936,10410
13486,train,13486,10411
13496,train,3041,10415
13497,train,3041,10416
13501,train,249,10418
13502,train,13502,10419
13504,train,9419,10420
13505,train,3041,10421
13507,train,3041,10422
13512,train,13206,10424
13513,train,13206,10425
13516,train,13516,10427
13522,train,13522,10428
13526,train,13526,10429
13529,train,2014,10430
13530,train,13530,10431
13535,train,2920,10433
13537,train,13537,10435
13540,train,13540,10436
13546,train,13546,10437
13549,train,5624,10438
13550,train,13522,10439
13555,train,5624,10441
13556,train,2014,10442
13560,train,13560,10446
13562,train,13562,10448
13565,train,7954,10451
13566,train,13560,10452
13567,train,2217,10453
13568,train,13562,10454
13570,train,2217,10455
13571,train,13562,10456
13573,train,13562,10458
13574,train,13562,10459
13575,train,2014,10460
13576,train,13562,10461
13577,train,2217,10462
13581,train,12693,10465
13582,train,13582,10466
13596,train,3063,10470
13600,train,3647,10473
13603,train,3647,10475
13604,train,3647,10476
13605,train,12457,10477
13608,train,12729,10478
13609,train,13609,10479
13611,train,13611,10480
13613,train,13613,10482
13614,train,158,10483
13619,train,13619,10486
13620,train,13620,10487
13621,train,13620,10488
13630,train,13630,10497
13633,train,13630,10500
13634,train,13630,10501
13662,train,13662,10513
13664,train,13664,10515
13665,train,13664,10516
13666,train,13664,10517
13669,train,2276,10519
13670,train,10181,10520
13672,train,1100,10522
13673,train,5624,10523
13674,train,12494,10524
13675,train,12494,10525
13676,train,13676,10526
13677,train,13677,10527
13679,train,13679,10529
13680,train,13680,10530
13681,train,13681,10531
13682,train,13682,10532
13684,train,13684,10533
13685,train,13685,10534
13686,train,10373,10535
13687,train,13687,10536
13689,train,13685,10538
13690,train,10373,10539
13691,train,13687,10540
13693,train,10373,10542
13694,train,13694,10543
13696,train,13696,10544
13699,train,10373,10546
13700,train,10373,10547
13702,train,2014,10548
13703,train,13703,10549
13704,train,13704,10550
13705,train,13705,10551
13706,train,13705,10552
13707,train,13707,10553
13709,train,13684,10555
13717,train,2014,10560
13718,train,11865,10561
13719,train,11865,10562
13720,train,13200,10563
13726,train,13726,10565
13732,train,10373,10567
13733,train,10373,10568
13738,train,4145,10569
13739,train,4145,10570
13740,train,4145,10571
13741,train,4145,10572
13742,train,13742,10573
13743,train,4045,10574
13744,train,12638,10575
13746,train,13746,10576
13750,train,13750,10578
13751,train,13751,10579
13752,train,13752,10580
13754,train,5624,10582
13755,train,1531,10583
13756,train,113,10584
13757,train,113,10585
13758,train,13758,10586
13759,train,13759,10587
13760,train,13760,10588
13764,train,13764,10590
13765,train,13036,10591
13766,train,13036,10592
13767,train,13767,10593
13768,train,13036,10594
13769,train,13035,10595
13772,train,13772,10598
13774,train,13774,10600
13775,train,13772,10601
13778,train,13778,10602
13781,train,13781,10605
13783,train,7376,10607
13785,train,13785,10609
13789,train,13789,10612
13802,train,59,10617
13804,train,12629,10618
13805,train,4426,10619
13806,train,4437,10620
13807,train,13807,10621
13808,train,5204,10622
13809,train,13809,10623
13810,train,13810,10624
13812,train,5355,10626
13815,train,13815,10628
13817,train,94,10629
13823,train,13823,10635
13824,train,13824,10636
13825,train,13825,10637
13826,train,13826,10638
13827,train,13827,10639
13828,train,13828,10640
13829,train,13828,10641
13831,train,13827,10643
13836,train,13836,10646
13837,train,13837,10647
13838,train,13838,10648
13839,train,13839,10649
13843,train,2735,10650
13845,train,13694,10651
13852,train,13852,10652
13855,train,13855,10653
13857,train,1859,10654
13858,train,8446,10655
13861,train,1859,10657
13863,train,1859,10659
13864,train,13864,10660
13865,train,1859,10661
13866,train,1859,10662
13871,train,13871,10663
13875,train,13875,10667
13882,train,82,10670
13883,train,13883,10671
13884,train,82,10672
13885,train,13885,10673
13886,train,13886,10674
13888,train,82,10676
13889,train,2989,10677
13893,train,13893,10681
13897,train,5458,10684
13901,train,608,10687
13902,train,9805,10688
13903,train,13903,10689
13905,train,13905,10691
13906,train,4623,10692
13907,train,13907,10693
13908,train,13908,10694
13909,train,4623,10695
13910,train,13910,10696
13912,train,13912,10698
13913,train,13912,10699
13914,train,4623,10700
13915,train,12730,10701
13918,train,13918,10704
13921,train,4623,10706
13923,train,13923,10708
13930,train,4622,10714
13931,train,13931,10715
13932,train,13932,10716
13934,train,13934,10717
13936,train,13936,10718
13939,train,13931,10721
13940,train,13940,10722
13941,train,4623,10723
13943,train,4620,10725
13945,train,13945,10727
13946,train,13946,10728
13949,train,13949,10731
13950,train,4622,10732
13954,train,13954,10736
13960,train,13960,10741
13961,train,13961,10742
13966,train,12588,10745
13969,train,13969,10747
13970,train,13954,10748
13971,train,4104,10749
13972,train,4623,10750
13973,train,13973,10751
13974,train,13974,10752
13975,train,4623,10753
13976,train,13976,10754
13978,train,4620,10756
13982,train,4104,10759
13983,train,4104,10760
13984,train,13984,10761
13985,train,13985,10762
13988,train,13985,10765
13989,train,13976,10766
13991,train,13985,10768
13992,train,13985,10769
13993,train,13993,10770
13994,train,13985,10771
13995,train,13985,10772
13996,train,13996,10773
13997,train,13985,10774
13998,train,13985,10775
13999,train,13999,10776
14000,train,14000,10777
14001,train,14001,10778
14002,train,4623,10779
14005,train,5355,10782
14010,train,14010,10786
14012,train,5624,10787
14016,train,3302,10789
14017,train,14017,10790
14025,train,12730,10791
14026,train,12809,10792
14029,train,14029,10793
14030,train,14030,10794
14035,train,14035,10795
14036,train,14036,10796
14040,train,158,10799
14041,train,158,10800
14042,train,158,10801
14049,train,2989,10802
14050,train,2989,10803
14051,train,14051,10804
14052,train,1859,10805
14053,train,1859,10806
14054,train,1859,10807
14055,train,1859,10808
14057,train,14057,10809
14058,train,1859,10810
14059,train,1859,10811
14060,train,8446,10812
14061,train,1859,10813
14062,train,1859,10814
14063,train,2092,10815
14065,train,14057,10816
14067,train,14067,10817
14072,train,1859,10821
14075,train,1859,10824
14077,train,2092,10826
14080,train,2092,10828
14081,train,2092,10829
14084,train,14084,10832
14085,train,14085,10833
14086,train,14084,10834
14087,train,2600,10835
14088,train,14088,10836
14089,train,14089,10837
14090,train,3302,10838
14091,train,14091,10839
14092,train,14092,10840
14093,train,14093,10841
14094,train,14094,10842
14095,train,3443,10843
14096,train,14096,10844
14097,train,14097,10845
14098,train,3957,10846
14099,train,3443,10847
14100,train,3443,10848
14102,train,14102,10850
14103,train,2361,10851
14105,train,2361,10853
14106,train,14106,10854
14110,train,14110,10856
14111,train,14111,10857
14114,train,14114,10860
14115,train,14115,10861
14118,train,1186,10864
14119,train,14119,10865
14120,train,14120,10866
14122,train,14122,10868
14124,train,14124,10869
14129,train,14129,10871
14130,train,14129,10872
14133,train,14133,10875
14137,train,14137,10879
14138,train,2435,10880
14139,train,14139,10881
14144,train,13206,10885
14146,train,14120,10887
14148,train,5503,10889
14150,train,14150,10891
14151,train,14151,10892
14152,train,14152,10893
14159,train,14159,10900
14160,train,14160,10901
14163,train,14163,10904
14165,train,4729,10906
14166,train,14166,10907
14167,train,14167,10908
14171,train,182,10909
14173,train,14173,10910
14174,train,14174,10911
14177,train,4296,10912
14178,train,4296,10913
14179,train,14179,10914
14180,train,14180,10915
14183,train,14183,10916
14185,train,14185,10917
14186,train,14186,10918
14188,train,14188,10920
14190,train,14190,10922
14191,train,14191,10923
14192,train,12729,10924
14194,train,14191,10926
14195,train,13522,10927
14200,train,6219,10930
14201,train,4436,10931
14203,train,14203,10933
14204,train,14204,10934
14208,train,2306,10936
14216,train,14216,10940
14217,train,12460,10941
14219,train,14219,10942
14220,train,14220,10943
14221,train,14221,10944
14222,train,12494,10945
14223,train,94,10946
14230,train,5503,10952
14231,train,14231,10953
14233,train,14233,10954
14238,train,14238,10957
14239,train,6815,10958
14240,train,14240,10959
14241,train,14241,10960
14242,train,14241,10961
14244,train,16,10962
14247,train,14247,10965
14248,train,16,10966
14250,train,14250,10968
14251,train,3202,10969
14254,train,14254,10972
14255,train,14254,10973
14256,train,14254,10974
14258,train,12711,10975
14259,train,4623,10976
14260,train,14260,10977
14261,train,14260,10978
14262,train,4623,10979
14263,train,4623,10980
14264,train,4623,10981
14265,train,14265,10982
14266,train,4623,10983
14267,train,14267,10984
14268,train,5355,10985
14269,train,14269,10986
14270,train,14270,10987
14271,train,4623,10988
14273,train,12975,10990
14274,train,4623,10991
14277,train,14277,10992
14280,train,2276,10993
14282,train,82,10995
14283,train,4038,10996
14285,train,14285,10997
14286,train,82,10998
14287,train,14287,10999
14288,train,14288,11000
14289,train,14289,11001
14290,train,14290,11002
14291,train,14288,11003
14292,train,14292,11004
14293,train,14293,11005
14294,train,14294,11006
14295,train,4467,11007
14296,train,6197,11008
14297,train,227,11009
14298,train,9198,11010
14300,train,1531,11012
14301,train,14301,11013
14307,train,2983,11014
14309,train,14309,11015
14314,train,14314,11018
14315,train,14315,11019
14316,train,14316,11020
14317,train,12586,11021
14318,train,230,11022
14321,train,14321,11024
14322,train,2983,11025
14323,train,14323,11026
14324,train,14323,11027
14331,train,14331,11031
14332,train,608,11032
14335,train,14335,11034
14336,train,14336,11035
14339,train,14339,11038
14343,train,14343,11042
14344,train,14344,11043
14345,train,2983,11044
14346,train,14346,11045
14351,train,3150,11049
14352,train,14352,11050
14353,train,14353,11051
14354,train,14353,11052
14355,train,14353,11053
14356,train,14353,11054
14357,train,14353,11055
14358,train,14353,11056
14359,train,14353,11057
14360,train,14353,11058
14361,train,14353,11059
14362,train,14353,11060
14364,train,14353,11062
14365,train,14353,11063
14366,train,14353,11064
14368,train,14353,11066
14369,train,14353,11067
14370,train,14353,11068
14380,train,12586,11072
14382,train,14382,11073
14383,train,14383,11074
14384,train,113,11075
14385,train,14385,11076
14386,train,14386,11077
14387,train,14386,11078
14388,train,14386,11079
14396,train,12467,11081
14397,train,14397,11082
14398,train,2983,11083
14401,train,14401,11084
14402,train,14402,11085
14405,train,14336,11087
14406,train,14406,11088
14407,train,14407,11089
14408,train,14336,11090
14415,train,12503,11096
14416,train,14416,11097
14417,train,113,11098
14422,train,14422,11100
14425,train,82,11103
14428,train,14428,11106
14429,train,5030,11107
14430,train,1664,11108
14432,train,14432,11110
14433,train,3456,11111
14435,train,13042,11113
14436,train,14436,11114
14442,train,12559,11116
14443,train,9674,11117
14448,train,14448,11119
14450,train,2983,11121
14456,train,14456,11126
14457,train,14457,11127
14459,train,14459,11128
14460,train,14459,11129
14462,train,14459,11131
14463,train,14463,11132
14464,train,14464,11133
14465,train,14464,11134
14466,train,14464,11135
14469,train,14469,11138
14470,train,3382,11139
14471,train,1517,11140
14481,train,1531,11145
14483,train,14483,11146
14489,train,14489,11147
14490,train,230,11148
14494,train,14494,11150
14523,train,14523,11159
14524,train,14524,11160
14525,train,1517,11161
14526,train,14526,11162
14527,train,1100,11163
14529,train,14524,11165
14530,train,14523,11166
14531,train,14469,11167
14532,train,4992,11168
14533,train,14533,11169
14534,train,14534,11170
14535,train,14535,11171
14541,train,14541,11173
14543,train,1147,11174
14544,train,14544,11175
14545,train,14544,11176
14553,train,14553,11182
14555,train,14555,11183
14556,train,14556,11184
14561,train,14561,11189
14566,train,14566,11193
14568,train,14568,11195
14569,train,14353,11196
14570,train,14353,11197
14571,train,14353,11198
14572,train,14353,11199
14573,train,14353,11200
14574,train,14353,11201
14575,train,14575,11202
14576,train,14576,11203
14578,train,14578,11205
14584,train,1147,11207
14585,train,14585,11208
14587,train,14397,11210
14589,train,14589,11212
14591,train,14591,11213
14592,train,14591,11214
14598,train,113,11219
14599,train,113,11220
14600,train,14600,11221
14604,train,14604,11223
14605,train,14605,11224
14606,train,14605,11225
14610,train,2983,11228
14612,train,9276,11230
14613,train,9276,11231
14623,train,241,11232
14624,train,6497,11233
14625,train,6498,11234
14626,train,778,11235
14627,train,241,11236
14631,train,14631,11238
14634,train,14634,11240
14637,train,14637,11242
14638,train,14638,11243
14641,train,14641,11244
14644,train,14644,11247
14646,train,14646,11249
14647,train,14647,11250
14649,train,14649,11251
14652,train,14647,11252
14653,train,14647,11253
14654,train,14647,11254
14655,train,14647,11255
14656,train,14647,11256
14657,train,14647,11257
14658,train,14647,11258
14659,train,14647,11259
14660,train,14647,11260
14661,train,14647,11261
14663,train,14663,11263
14670,train,14670,11264
14671,train,14671,11265
14677,train,12306,11269
14678,train,12306,11270
14679,train,12306,11271
14682,train,12306,11274
14683,train,12306,11275
14684,train,14684,11276
14685,train,14684,11277
14698,train,14698,11284
14700,train,786,11285
14702,train,14702,11286
14721,train,9276,11303
14722,train,14722,11304
14723,train,14722,11305
14724,train,6263,11306
14729,train,14729,11310
14730,train,14729,11311
14731,train,14731,11312
14741,train,14741,11313
14750,train,14750,11316
14751,train,14751,11317
14752,train,14750,11318
14753,train,14750,11319
14754,train,14750,11320
14755,train,14750,11321
14756,train,14750,11322
14763,train,14763,11324
14766,train,14766,11327
14769,train,14766,11330
14771,train,14766,11332
14775,train,14775,11333
14777,train,9661,11334
14778,train,9661,11335
14787,train,14787,11341
14788,train,14787,11342
14789,train,14787,11343
14795,train,14795,11347
14796,train,14796,11348
14798,train,14798,11349
14816,train,14637,11353
14819,train,82,11355
14820,train,14820,11356
14823,train,14823,11358
14827,train,14827,11360
14833,train,3169,11364
14834,train,14834,11365
14835,train,14834,11366
14838,train,786,11368
14842,train,14842,11369
14865,train,14353,11371
14866,train,14866,11372
14870,train,11938,11374
14873,train,14873,11376
14874,train,14873,11377
14875,train,14873,11378
14876,train,14873,11379
14877,train,14877,11380
14880,train,113,11383
14886,train,14886,11388
14894,train,14894,11396
14895,train,14895,11397
14901,train,14901,11402
14919,train,14919,11417
14920,train,14919,11418
14921,train,14921,11419
14922,train,14921,11420
14927,train,14927,11422
14942,train,14942,11437
14947,train,14942,11442
14948,train,14942,11443
14959,train,14959,11453
14961,train,14961,11455
14962,train,14962,11456
14965,train,14965,11459
14977,train,14977,11469
14978,train,14978,11470
14995,train,340,11474
14996,train,14996,11475
14997,train,14996,11476
15002,train,3641,11477
15003,train,15003,11478
15004,train,14977,11479
15005,train,15005,11480
15006,train,15006,11481
15007,train,340,11482
15010,train,15010,11485
15011,train,740,11486
15015,train,15015,11490
15018,train,15018,11493
15019,train,15019,11494
15020,train,15020,11495
15021,train,15021,11496
15022,train,15022,11497
15025,train,15025,11500
15026,train,15026,11501
15027,train,15027,11502
15028,train,15028,11503
15029,train,15029,11504
15030,train,15030,11505
15033,train,15033,11508
15035,train,15035,11510
15036,train,15036,11511
15038,train,15038,11513
15039,train,15039,11514
15040,train,15040,11515
15041,train,15041,11516
15042,train,1132,11517
15043,train,15043,11518
15044,train,15044,11519
15045,train,9910,11520
15051,train,15051,11524
15053,train,15053,11525
15056,train,15056,11527
15058,train,15058,11528
15059,train,15059,11529
15060,train,15060,11530
15068,train,15068,11535
15069,train,15069,11536
15070,train,15070,11537
15071,train,15071,11538
15072,train,2269,11539
15073,train,15073,11540
15075,train,2161,11542
15076,train,15076,11543
15077,train,15077,11544
15078,train,1300,11545
15079,train,300,11546
15081,train,2161,11547
15082,train,924,11548
15083,train,13912,11549
15084,train,6085,11550
15085,train,3711,11551
15089,train,15089,11555
15090,train,15089,11556
15091,train,2224,11557
15093,train,763,11559
15094,train,789,11560
15095,train,763,11561
15096,train,4945,11562
15097,train,230,11563
15101,train,15101,11564
15102,train,15102,11565
15111,train,448,11568
15113,train,15113,11570
15116,train,15116,11571
15130,train,4819,11577
15132,train,15132,11579
15133,train,10677,11580
15136,train,15136,11583
15137,train,15137,11584
15139,train,15139,11586
15143,train,1730,11590
15144,train,15144,11591
15145,train,4771,11592
15148,train,1859,11594
15149,train,15149,11595
15152,train,82,11597
15154,train,962,11599
15155,train,15155,11600
15156,train,8977,11601
15158,train,200,11602
15160,train,15160,11604
15161,train,15161,11605
15163,train,15163,11606
15164,train,10081,11607
15165,train,2361,11608
15167,train,15028,11610
15168,train,8154,11611
15169,train,15169,11612
15170,train,15170,11613
15171,train,15171,11614
15175,train,15175,11617
15177,train,4587,11619
15179,train,9656,11620
15182,train,15182,11623
15183,train,15183,11624
15187,train,15187,11626
15192,train,4819,11629
15193,train,15193,11630
15195,train,15195,11632
15196,train,3032,11633
15197,train,15197,11634
15198,train,15198,11635
15199,train,15199,11636
15200,train,2386,11637
15201,train,2888,11638
15202,train,15202,11639
15203,train,3150,11640
15204,train,15204,11641
15205,train,15205,11642
15206,train,15206,11643
15209,train,2883,11645
15210,train,15210,11646
15211,train,15211,11647
15215,train,2883,11651
15218,train,1462,11653
15222,train,15222,11655
15224,train,456,11657
15233,train,15233,11663
15234,train,2859,11664
15236,train,15236,11665
15237,train,15237,11666
15238,train,15238,11667
15241,train,15241,11670
15242,train,15242,11671
15243,train,854,11672
15244,train,1925,11673
15246,train,15246,11674
15247,train,15247,11675
15248,train,15248,11676
15249,train,4443,11677
15252,train,94,11680
15253,train,15253,11681
15254,train,15254,11682
15255,train,4974,11683
15259,train,229,11686
15261,train,3909,11687
15263,train,3029,11688
15266,train,15266,11689
15270,train,15270,11693
15271,train,5936,11694
15273,train,4787,11696
15274,train,10532,11697
15277,train,15277,11698
15279,train,15279,11700
15281,train,15281,11702
15282,train,219,11703
15284,train,249,11705
15291,train,82,11708
15292,train,15292,11709
15297,train,15297,11714
15298,train,1664,11715
15299,train,6552,11716
15300,train,6552,11717
15303,train,1859,11720
15304,train,15304,11721
15306,train,5140,11723
15308,train,11992,11724
15309,train,15309,11725
15310,train,15310,11726
15311,train,15311,11727
15314,train,15314,11730
15315,train,15315,11731
15316,train,5458,11732
15317,train,1878,11733
15319,train,15319,11735
15320,train,15320,11736
15324,train,15324,11737
15325,train,15325,11738
15327,train,15327,11740
15328,train,11320,11741
15330,train,94,11743
15333,train,9656,11746
15336,train,15336,11749
15339,train,3415,11751
15340,train,15340,11752
15343,train,15343,11753
15346,train,15346,11756
15347,train,15347,11757
15349,train,15349,11759
15350,train,6015,11760
15351,train,6015,11761
15357,train,142,11765
15358,train,15358,11766
15361,train,7439,11767
15362,train,14524,11768
15364,train,15364,11770
15367,train,15367,11773
15368,train,15368,11774
15369,train,15369,11775
15370,train,15370,11776
15371,train,13036,11777
15372,train,2532,11778
15373,train,15373,11779
15374,train,15374,11780
15375,train,15375,11781
15378,train,13243,11783
15379,train,3325,11784
15380,train,3325,11785
15381,train,608,11786
15382,train,608,11787
15383,train,15383,11788
15384,train,15384,11789
15385,train,5049,11790
15387,train,15175,11791
15390,train,3325,11794
15391,train,3325,11795
15392,train,2335,11796
15393,train,3325,11797
15394,train,3325,11798
15395,train,3325,11799
15396,train,3325,11800
15397,train,3325,11801
15398,train,3325,11802
15400,train,218,11803
15401,train,15401,11804
15409,train,15409,11811
15410,train,2757,11812
15412,train,15412,11813
15413,train,15413,11814
15414,train,15414,11815
15415,train,5024,11816
15416,train,1903,11817
15418,train,15418,11819
15420,train,15137,11820
15422,train,4744,11822
15423,train,15423,11823
15425,train,4095,11825
15426,train,5424,11826
15428,train,15428,11828
15429,train,12975,11829
15430,train,15430,11830
15433,train,15433,11832
15434,train,15434,11833
15436,train,15436,11835
15437,train,15437,11836
15438,train,738,11837
15439,train,15439,11838
15440,train,15439,11839
15441,train,15439,11840
15442,train,15442,11841
15444,train,3696,11842
15445,train,15445,11843
15446,train,15446,11844
15449,train,15449,11846
15450,train,15450,11847
15452,train,15452,11849
15453,train,6970,11850
15454,train,15454,11851
15455,train,15455,11852
15457,train,15457,11854
15459,train,15459,11856
15460,train,15459,11857
15461,train,15461,11858
15462,train,482,11859
15463,train,3172,11860
15466,train,15466,11863
15467,train,79,11864
15469,train,15469,11865
15477,train,6315,11868
15478,train,6315,11869
15479,train,6314,11870
15481,train,1035,11872
15483,train,15483,11873
15484,train,5415,11874
15485,train,5415,11875
15488,train,15488,11876
15489,train,1916,11877
15493,train,15493,11881
15494,train,15494,11882
15496,train,6595,11884
15497,train,182,11885
15499,train,15499,11887
15500,train,15500,11888
15501,train,6817,11889
15502,train,15502,11890
15504,train,789,11891
15507,train,15507,11894
15508,train,3559,11895
15510,train,2275,11897
15512,train,3325,11899
15515,train,15515,11901
15517,train,4265,11902
15518,train,4265,11903
15519,train,4265,11904
15520,train,4265,11905
15521,train,4265,11906
15522,train,4265,11907
15523,train,4265,11908
15524,train,4265,11909
15525,train,4265,11910
15526,train,4265,11911
15527,train,4265,11912
15528,train,4265,11913
15529,train,4265,11914
15530,train,4265,11915
15531,train,4265,11916
15532,train,4265,11917
15533,train,4265,11918
15534,train,4265,11919
15536,train,3172,11920
15537,train,15537,11921
15538,train,15538,11922
15543,train,4445,11925
15545,train,15545,11926
15547,train,15547,11928
15548,train,15548,11929
15549,train,14133,11930
15550,train,14133,11931
15551,train,15551,11932
15552,train,15551,11933
15553,train,15551,11934
15554,train,15551,11935
15555,train,8241,11936
15556,train,15556,11937
15557,train,7162,11938
15558,train,7162,11939
15559,train,14133,11940
15560,train,14133,11941
15562,train,12461,11943
15563,train,7162,11944
15564,train,15556,11945
15565,train,7162,11946
15567,train,3953,11948
15568,train,166,11949
15569,train,15569,11950
15571,train,15571,11952
15572,train,15572,11953
15574,train,15572,11955
15575,train,15575,11956
15577,train,15575,11958
15578,train,15572,11959
15584,train,15584,11965
15585,train,15585,11966
15586,train,1774,11967
15588,train,1774,11969
15593,train,5104,11974
15606,train,10279,11987
15610,train,15610,11991
15613,train,15613,11994
15614,train,15614,11995
15615,train,15615,11996
15616,train,15616,11997
15617,train,5852,11998
15619,train,15619,12000
15620,train,15620,12001
15624,train,15624,12004
15625,train,15625,12005
15628,train,15628,12007
15630,train,15630,12009
15631,train,4810,12010
15632,train,3335,12011
15633,train,12500,12012
15638,train,15638,12014
15642,train,15642,12016
15643,train,15642,12017
15644,train,15642,12018
15645,train,15645,12019
15647,train,15647,12020
15654,train,15654,12026
15655,train,1475,12027
15656,train,8272,12028
15658,train,15658,12029
15661,train,15661,12030
15662,train,15662,12031
15667,train,5285,12032
15668,train,5285,12033
15676,train,4174,12037
15683,train,15683,12038
15684,train,5356,12039
15686,train,15686,12041
15687,train,15686,12042
15688,train,166,12043
15692,train,2067,12045
15695,train,2532,12048
15696,train,2532,12049
15698,train,2532,12051
15699,train,15699,12052
15701,train,15701,12054
15702,train,15702,12055
15703,train,15703,12056
15705,train,15705,12058
15706,train,15706,12059
15707,train,2161,12060
15708,train,1100,12061
15709,train,10279,12062
15710,train,15710,12063
15711,train,10280,12064
15716,train,15716,12069
15717,train,15717,12070
15719,train,2032,12072
15720,train,15720,12073
15721,train,8142,12074
15722,train,8143,12075
15727,train,15144,12077
15736,train,279,12080
15737,train,10126,12081
15741,train,15741,12082
15744,train,15744,12083
15748,train,15748,12086
15749,train,15749,12087
15755,train,5030,12089
15757,train,10126,12090
15758,train,15758,12091
15764,train,15764,12093
15765,train,13931,12094
15769,train,15769,12098
15770,train,15769,12099
15771,train,15769,12100
15773,train,15773,12102
15774,train,15773,12103
15775,train,15773,12104
15776,train,15773,12105
15778,train,9873,12107
15780,train,4764,12109
15781,train,9873,12110
15782,train,9873,12111
15783,train,4764,12112
15784,train,9873,12113
15785,train,9873,12114
15786,train,9873,12115
15787,train,9873,12116
15788,train,9223,12117
15789,train,2075,12118
15790,train,4012,12119
15791,train,4012,12120
15792,train,10532,12121
15812,train,15812,12123
15820,train,15820,12124
15821,train,15820,12125
15827,train,151,12126
15828,train,15828,12127
15829,train,9213,12128
15831,train,9213,12130
15832,train,9213,12131
15833,train,9213,12132
15834,train,9213,12133
15835,train,9213,12134
15836,train,9213,12135
15837,train,9213,12136
15838,train,9213,12137
15839,train,4992,12138
15849,train,15849,12145
15850,train,15850,12146
15851,train,9517,12147
15852,train,15852,12148
15854,train,4992,12150
15858,train,215,12153
15859,train,15859,12154
15860,train,15860,12155
15862,train,9435,12156
15863,train,15863,12157
15866,train,3714,12159
15867,train,3241,12160
15868,train,3714,12161
15870,train,4334,12163
15872,train,9435,12165
15874,train,2082,12166
15875,train,2082,12167
15876,train,2082,12168
15877,train,2082,12169
15886,train,15886,12172
15887,train,15886,12173
15888,train,15886,12174
15890,train,395,12176
15891,train,395,12177
15892,train,15892,12178
15894,train,15894,12179
15897,train,9435,12182
15899,train,15899,12184
15900,train,15900,12185
15902,train,15902,12187
15903,train,15903,12188
15904,train,15903,12189
15906,train,4443,12191
15908,train,15908,12193
15909,train,15909,12194
15911,train,15911,12196
15912,train,9623,12197
15915,train,15903,12199
15918,train,15918,12201
15919,train,12260,12202
15920,train,12260,12203
15921,train,15921,12204
15922,train,15922,12205
15923,train,7950,12206
15924,train,12435,12207
15925,train,12435,12208
15926,train,12435,12209
15927,train,12435,12210
15928,train,12435,12211
15929,train,12435,12212
15932,train,15932,12215
15934,train,7950,12217
15935,train,7950,12218
15936,train,15932,12219
15937,train,12260,12220
15938,train,4587,12221
15940,train,15940,12222
15941,train,15940,12223
15942,train,15942,12224
15944,train,15944,12226
15946,train,1308,12227
15951,train,13546,12229
15952,train,13546,12230
15961,train,15961,12232
15963,train,15963,12233
15968,train,13546,12234
15970,train,11563,12236
15971,train,300,12237
15972,train,300,12238
15973,train,300,12239
15977,train,1326,12241
15978,train,1326,12242
15980,train,15980,12244
15986,train,10532,12246
15988,train,7940,12247
16003,train,12507,12248
16013,train,16013,12249
16016,train,9805,12251
16017,train,9805,12252
16018,train,9805,12253
16026,train,11818,12256
16027,train,16027,12257
16028,train,16028,12258
16029,train,16028,12259
16031,train,11818,12260
16038,train,1522,12266
16045,train,2306,12272
16047,train,9661,12273
16048,train,4148,12274
16049,train,12450,12275
16050,train,16050,12276
16059,train,16059,12277
16073,train,13200,12279
16074,train,7954,12280
16075,train,16075,12281
16076,train,16076,12282
16077,train,16077,12283
16082,train,16082,12286
16083,train,16083,12287
16084,train,2386,12288
16090,train,16090,12291
16094,train,12056,12293
16095,train,546,12294
16097,train,3961,12295
16099,train,16099,12297
16100,train,1522,12298
16111,train,16111,12300
16112,train,16111,12301
16113,train,16113,12302
16115,train,16113,12304
16116,train,16113,12305
16117,train,16111,12306
16118,train,16111,12307
16119,train,11930,12308
16120,train,16111,12309
16121,train,16121,12310
16122,train,16111,12311
16123,train,16111,12312
16124,train,16111,12313
16125,train,11930,12314
16127,train,16127,12316
16129,train,16129,12318
16130,train,7589,12319
16132,train,16099,12321
16135,train,16121,12322
16136,train,16111,12323
16137,train,16137,12324
16138,train,182,12325
16141,train,16141,12327
16144,train,16144,12329
16146,train,16146,12331
16148,train,16148,12333
16149,train,16149,12334
16150,train,16150,12335
16151,train,16151,12336
16152,train,16152,12337
16154,train,16152,12339
16155,train,16155,12340
16165,train,16165,12348
16167,train,16150,12350
16168,train,16168,12351
16169,train,16169,12352
16171,train,16150,12353
16175,train,16175,12356
16178,train,16178,12359
16179,train,11923,12360
16180,train,16150,12361
16187,train,2600,12366
16188,train,13146,12367
16190,train,2735,12368
16193,train,2735,12370
16194,train,13146,12371
16196,train,16196,12372
16197,train,13146,12373
16208,train,2735,12377
16211,train,6143,12379
16212,train,13193,12380
16213,train,13193,12381
16215,train,16215,12382
16216,train,16215,12383
16217,train,13696,12384
16219,train,16219,12386
16221,train,16221,12387
16222,train,16221,12388
16223,train,16221,12389
16224,train,16224,12390
16226,train,227,12391
16233,train,160,12397
16234,train,16150,12398
16236,train,16236,12399
16237,train,16237,12400
16238,train,16238,12401
16248,train,10661,12407
16251,train,16251,12410
16252,train,13620,12411
16256,train,16256,12413
16260,train,4445,12415
16261,train,16150,12416
16262,train,160,12417
16264,train,16264,12418
16266,train,16266,12420
16267,train,16267,12421
16270,train,16270,12423
16272,train,9283,12424
16273,train,16273,12425
16274,train,16273,12426
16275,train,16273,12427
16276,train,16276,12428
16277,train,2251,12429
16278,train,2251,12430
16280,train,13403,12431
16281,train,9283,12432
16282,train,16282,12433
16288,train,3063,12437
16290,train,82,12438
16291,train,16264,12439
16292,train,16150,12440
16296,train,82,12441
16299,train,16299,12443
16304,train,16304,12447
16305,train,122,12448
16306,train,3063,12449
16308,train,16308,12450
16310,train,16310,12451
16313,train,16313,12452
16315,train,9283,12453
16316,train,9283,12454
16317,train,16317,12455
16318,train,16318,12456
16320,train,12457,12458
16323,train,10181,12460
16324,train,10181,12461
16325,train,14166,12462
16327,train,12451,12463
16328,train,16328,12464
16329,train,16329,12465
16334,train,16334,12468
16335,train,14798,12469
16338,train,16338,12470
16352,train,16352,12480
16373,train,16373,12482
16374,train,16373,12483
16375,train,16373,12484
16377,train,16377,12485
16378,train,16378,12486
16379,train,16378,12487
16380,train,16377,12488
16381,train,16377,12489
16382,train,16377,12490
16385,train,16385,12491
16393,train,16393,12495
16397,train,16397,12497
16399,train,16399,12498
16400,train,142,12499
16406,train,16406,12504
16407,train,16406,12505
16408,train,16408,12506
16410,train,16410,12508
16411,train,1037,12509
16413,train,16413,12511
16416,train,16416,12514
16417,train,16417,12515
16418,train,16418,12516
16421,train,2025,12519
16423,train,3242,12521
16424,train,16424,12522
16428,train,5727,12525
16430,train,125,12526
16432,train,3870,12528
16440,train,16440,12534
16441,train,3536,12535
16442,train,15241,12536
16444,train,82,12538
16445,train,5607,12539
16448,train,16448,12542
16449,train,16449,12543
16452,train,6367,12545
16453,train,6404,12546
16454,train,16406,12547
16455,train,13206,12548
16457,train,2895,12550
16461,train,16461,12553
16462,train,7769,12554
16463,train,7732,12555
16464,train,16406,12556
16466,train,9063,12558
16468,train,16468,12559
16469,train,3894,12560
16470,train,9805,12561
16471,train,13206,12562
16474,train,16474,12564
16477,train,4168,12567
16478,train,3302,12568
16480,train,973,12569
16483,train,16483,12572
16488,train,3793,12574
16490,train,16490,12576
16491,train,10938,12577
16493,train,9435,12579
16494,train,13146,12580
16495,train,2735,12581
16496,train,16496,12582
16498,train,16498,12583
28,calibration,28,24
32,calibration,32,28
35,calibration,35,31
42,calibration,42,37
44,calibration,44,39
52,calibration,52,47
80,calibration,80,74
84,calibration,84,78
103,calibration,103,93
106,calibration,106,96
108,calibration,108,97
127,calibration,127,113
134,calibration,134,118
139,calibration,139,122
141,calibration,141,124
207,calibration,207,165
213,calibration,213,169
222,calibration,222,176
233,calibration,233,184
240,calibration,240,188
248,calibration,248,194
250,calibration,248,196
253,calibration,253,198
254,calibration,253,199
294,calibration,139,230
336,calibration,336,258
381,calibration,381,292
382,calibration,141,293
398,calibration,398,305
402,calibration,402,309
414,calibration,414,319
422,calibration,422,326
423,calibration,423,327
424,calibration,134,328
425,calibration,134,329
426,calibration,426,330
429,calibration,429,333
447,calibration,447,344
449,calibration,449,346
454,calibration,454,350
467,calibration,467,358
470,calibration,470,361
479,calibration,479,370
502,calibration,502,391
513,calibration,513,400
525,calibration,253,409
534,calibration,534,418
544,calibration,544,424
554,calibration,554,430
566,calibration,566,436
567,calibration,567,437
573,calibration,573,440
586,calibration,586,447
587,calibration,587,448
595,calibration,595,454
609,calibration,447,467
611,calibration,611,468
612,calibration,447,469
613,calibration,613,470
615,calibration,615,472
619,calibration,619,476
648,calibration,648,499
670,calibration,670,513
698,calibration,402,535
702,calibration,702,539
704,calibration,704,541
710,calibration,710,547
716,calibration,716,551
722,calibration,722,555
725,calibration,725,557
767,calibration,767,587
790,calibration,790,604
792,calibration,792,606
796,calibration,796,609
797,calibration,797,610
810,calibration,810,622
813,calibration,813,625
816,calibration,816,628
820,calibration,790,631
831,calibration,831,640
834,calibration,834,643
835,calibration,835,644
836,calibration,836,645
838,calibration,838,647
842,calibration,842,650
843,calibration,843,651
850,calibration,850,657
851,calibration,850,658
855,calibration,855,661
865,calibration,865,670
871,calibration,871,673
874,calibration,874,676
880,calibration,880,680
883,calibration,883,683
888,calibration,888,687
897,calibration,897,695
902,calibration,902,699
904,calibration,904,701
905,calibration,905,702
906,calibration,906,703
910,calibration,910,706
920,calibration,920,713
929,calibration,929,722
937,calibration,937,728
948,calibration,948,737
965,calibration,965,752
970,calibration,970,757
980,calibration,980,766
986,calibration,986,772
993,calibration,993,778
1009,calibration,1009,789
1014,calibration,1014,794
1021,calibration,1021,800
1036,calibration,1036,814
1038,calibration,1038,816
1041,calibration,1041,819
1048,calibration,1048,825
1065,calibration,1065,840
1068,calibration,1068,843
1069,calibration,1069,844
1070,calibration,1070,845
1079,calibration,1079,854
1080,calibration,1080,855
1108,calibration,929,881
1109,calibration,1109,882
1110,calibration,1110,883
1112,calibration,1112,885
1118,calibration,1118,890
1119,calibration,980,891
1131,calibration,1131,903
1139,calibration,1139,910
1143,calibration,447,913
1162,calibration,1162,928
1168,calibration,1168,932
1174,calibration,1174,938
1183,calibration,1183,946
1187,calibration,1187,950
1194,calibration,1194,956
1209,calibration,1209,967
1210,calibration,1210,968
1221,calibration,139,979
1240,calibration,1240,994
1246,calibration,1246,1000
1256,calibration,1256,1010
1266,calibration,1266,1019
1271,calibration,1271,1023
1287,calibration,1287,1038
1301,calibration,1301,1049
1306,calibration,1306,1054
1314,calibration,1314,1062
1319,calibration,1319,1067
1321,calibration,1139,1069
1327,calibration,842,1074
1340,calibration,1340,1087
1345,calibration,1345,1092
1353,calibration,1353,1099
1358,calibration,1358,1102
1363,calibration,1363,1107
1368,calibration,1368,1112
1373,calibration,1373,1117
1383,calibration,1383,1125
1395,calibration,423,1136
1410,calibration,1410,1149
1411,calibration,1411,1150
1415,calibration,134,1153
1417,calibration,790,1155
1428,calibration,810,1165
1437,calibration,28,1174
1438,calibration,1438,1175
1448,calibration,28,1185
1461,calibration,1461,1198
1463,calibration,1463,1200
1464,calibration,1464,1201
1467,calibration,1467,1203
1476,calibration,1476,1211
1480,calibration,1480,1214
1487,calibration,1487,1221
1497,calibration,1497,1230
1505,calibration,447,1237
1506,calibration,1506,1238
1511,calibration,1511,1240
1512,calibration,1512,1241
1514,calibration,1514,1243
1518,calibration,28,1246
1533,calibration,1533,1259
1534,calibration,1534,1260
1539,calibration,566,1264
1542,calibration,1109,1266
1543,calibration,1109,1267
1544,calibration,1109,1268
1548,calibration,1548,1272
1554,calibration,1554,1278
1557,calibration,796,1280
1591,calibration,1591,1308
1593,calibration,1593,1310
1596,calibration,1596,1313
1598,calibration,1598,1315
1602,calibration,1602,1319
1612,calibration,842,1326
1619,calibration,1619,1333
1639,calibration,108,1346
1649,calibration,842,1354
1658,calibration,1658,1361
1675,calibration,1675,1378
1676,calibration,1676,1379
1703,calibration,1703,1402
1710,calibration,1710,1409
1720,calibration,1720,1418
1742,calibration,1742,1439
1743,calibration,1036,1440
1748,calibration,1748,1444
1767,calibration,1767,1461
1772,calibration,1772,1466
1773,calibration,1773,1467
1780,calibration,1780,1473
1782,calibration,1782,1475
1786,calibration,1786,1479
1787,calibration,1786,1480
1789,calibration,834,1482
1792,calibration,1792,1485
1797,calibration,1797,1490
1798,calibration,1798,1491
1800,calibration,1800,1493
1810,calibration,1810,1501
1822,calibration,1822,1512
1824,calibration,1824,1514
1826,calibration,1826,1516
1828,calibration,1828,1518
1834,calibration,1834,1522
1845,calibration,1797,1532
1864,calibration,1864,1548
1865,calibration,1786,1549
1866,calibration,1866,1550
1873,calibration,1873,1557
1874,calibration,1874,1558
1879,calibration,1879,1563
1880,calibration,1880,1564
1884,calibration,1884,1567
1887,calibration,1887,1569
1895,calibration,1895,1575
1897,calibration,1897,1577
1911,calibration,1911,1589
1920,calibration,1797,1598
1938,calibration,1938,1611
1940,calibration,253,1613
1942,calibration,1942,1615
1947,calibration,1947,1619
1954,calibration,1675,1626
1957,calibration,1957,1629
1962,calibration,1962,1634
1979,calibration,1979,1648
1980,calibration,1980,1649
1981,calibration,1981,1650
1982,calibration,1982,1651
1986,calibration,1986,1654
2008,calibration,2008,1672
2017,calibration,2017,1681
2018,calibration,2018,1682
2027,calibration,2027,1690
2028,calibration,2028,1691
2033,calibration,2027,1695
2034,calibration,2028,1696
2036,calibration,2027,1698
2037,calibration,2028,1699
2040,calibration,2040,1701
2046,calibration,2046,1705
2069,calibration,2069,1723
2083,calibration,2083,1733
2121,calibration,2121,1763
2141,calibration,2141,1778
2147,calibration,2147,1784
2154,calibration,1826,1790
2164,calibration,2164,1800
2166,calibration,2166,1802
2171,calibration,2083,1807
2172,calibration,1797,1808
2182,calibration,2182,1815
2183,calibration,2183,1816
2192,calibration,253,1823
2193,calibration,1306,1824
2195,calibration,2195,1825
2197,calibration,2197,1827
2198,calibration,2198,1828
2212,calibration,2212,1840
2214,calibration,2214,1842
2222,calibration,2222,1849
2227,calibration,2227,1853
2239,calibration,2239,1863
2249,calibration,2249,1873
2252,calibration,2252,1876
2263,calibration,2263,1887
2267,calibration,2267,1891
2287,calibration,2287,1908
2290,calibration,2040,1911
2294,calibration,2294,1914
2297,calibration,2297,1917
2305,calibration,2305,1924
2307,calibration,2307,1926
2321,calibration,2321,1939
2341,calibration,710,1956
2349,calibration,2349,1963
2373,calibration,2373,1984
2381,calibration,2381,1989
2405,calibration,2405,2006
2410,calibration,1271,2010
2416,calibration,1271,2015
2424,calibration,790,2022
2451,calibration,2451,2048
2456,calibration,2456,2053
2470,calibration,1036,2067
2477,calibration,2477,2074
2482,calibration,2482,2076
2483,calibration,790,2077
2487,calibration,2487,2081
2493,calibration,2493,2087
2498,calibration,2498,2092
2506,calibration,2506,2100
2508,calibration,937,2102
2527,calibration,2527,2116
2528,calibration,2528,2117
2537,calibration,2537,2124
2539,calibration,920,2126
2540,calibration,2540,2127
2543,calibration,2543,2129
2544,calibration,2544,2130
2546,calibration,1345,2132
2559,calibration,2559,2142
2560,calibration,2559,2143
2561,calibration,2559,2144
2562,calibration,2559,2145
2569,calibration,2569,2151
2592,calibration,1340,2168
2593,calibration,2593,2169
2594,calibration,2593,2170
2596,calibration,2596,2172
2597,calibration,2597,2173
2601,calibration,2559,2176
2602,calibration,2559,2177
2615,calibration,2615,2188
2632,calibration,2632,2201
2633,calibration,2633,2202
2634,calibration,2633,2203
2635,calibration,2635,2204
2640,calibration,2640,2208
2648,calibration,2648,2215
2649,calibration,2648,2216
2650,calibration,2648,2217
2663,calibration,790,2230
2664,calibration,790,2231
2669,calibration,2669,2236
2675,calibration,2675,2240
2679,calibration,447,2242
2691,calibration,2691,2251
2695,calibration,2695,2255
2696,calibration,2696,2256
2719,calibration,2719,2274
2725,calibration,2725,2278
2731,calibration,253,2284
2740,calibration,790,2288
2743,calibration,790,2291
2744,calibration,790,2292
2746,calibration,790,2294
2747,calibration,790,2295
2748,calibration,790,2296
2751,calibration,790,2297
2752,calibration,790,2298
2756,calibration,2569,2302
2759,calibration,2759,2305
2766,calibration,2766,2310
2773,calibration,2648,2317
2779,calibration,2779,2323
2782,calibration,2782,2326
2793,calibration,2793,2335
2822,calibration,790,2350
2823,calibration,790,2351
2824,calibration,790,2352
2826,calibration,790,2354
2841,calibration,2793,2368
2850,calibration,1797,2373
2860,calibration,1792,2382
2871,calibration,2871,2392
2889,calibration,2889,2405
2900,calibration,2900,2414
2915,calibration,790,2428
2916,calibration,2164,2429
2917,calibration,2164,2430
2918,calibration,2164,2431
2942,calibration,2942,2453
2948,calibration,2948,2459
2949,calibration,1792,2460
2970,calibration,2970,2480
2987,calibration,2987,2490
2990,calibration,2990,2493
2995,calibration,2995,2498
2997,calibration,2997,2499
3000,calibration,3000,2501
3005,calibration,3005,2505
3007,calibration,1271,2507
3021,calibration,3021,2518
3022,calibration,3022,2519
3025,calibration,3025,2521
3026,calibration,3022,2522
3044,calibration,3044,2539
3045,calibration,3044,2540
3046,calibration,3046,2541
3064,calibration,3064,2557
3078,calibration,3078,2569
3079,calibration,3079,2570
3097,calibration,3097,2588
3102,calibration,3102,2593
3104,calibration,1826,2595
3105,calibration,1826,2596
3111,calibration,3111,2602
3115,calibration,3115,2606
3128,calibration,3128,2618
3137,calibration,449,2626
3162,calibration,3162,2645
3181,calibration,1353,2660
3184,calibration,3184,2663
3194,calibration,134,2672
3206,calibration,3206,2683
3209,calibration,3209,2686
3226,calibration,3226,2699
3230,calibration,3230,2702
3236,calibration,108,2708
3237,calibration,108,2709
3239,calibration,2305,2710
3243,calibration,3243,2714
3261,calibration,3261,2730
3266,calibration,3266,2735
3271,calibration,2027,2739
3275,calibration,1602,2743
3280,calibration,3280,2747
3294,calibration,1109,2754
3298,calibration,1036,2757
3322,calibration,3322,2779
3323,calibration,3322,2780
3324,calibration,3322,2781
3333,calibration,3333,2790
3341,calibration,3341,2798
3344,calibration,3344,2801
3351,calibration,3351,2806
3355,calibration,3322,2809
3359,calibration,3359,2812
3361,calibration,3361,2814
3366,calibration,3322,2818
3377,calibration,3377,2825
3384,calibration,3384,2831
3388,calibration,3384,2835
3393,calibration,3393,2839
3395,calibration,3395,2840
3401,calibration,3401,2845
3419,calibration,3419,2862
3428,calibration,3428,2870
3435,calibration,3435,2876
3448,calibration,3448,2888
3449,calibration,3449,2889
3475,calibration,3475,2914
3481,calibration,3481,2920
3485,calibration,3485,2924
3495,calibration,3495,2932
3508,calibration,3508,2944
3513,calibration,3513,2949
3518,calibration,2889,2954
3521,calibration,3521,2957
3526,calibration,3526,2961
3541,calibration,3384,2974
3548,calibration,3548,2980
3550,calibration,3550,2982
3551,calibration,842,2983
3563,calibration,3563,2995
3568,calibration,3568,2999
3569,calibration,3568,3000
3572,calibration,3568,3002
3573,calibration,3568,3003
3580,calibration,3580,3010
3592,calibration,3419,3017
3603,calibration,108,3026
3606,calibration,3606,3029
3608,calibration,3608,3031
3610,calibration,3610,3032
3611,calibration,3611,3033
3613,calibration,3613,3035
3614,calibration,3614,3036
3616,calibration,253,3037
3622,calibration,3622,3041
3634,calibration,2528,3050
3635,calibration,3635,3051
3646,calibration,1792,3059
3648,calibration,3648,3061
3649,calibration,3649,3062
3670,calibration,1162,3076
3671,calibration,248,3077
3673,calibration,3673,3079
3678,calibration,3678,3084
3679,calibration,3679,3085
3690,calibration,3690,3093
3699,calibration,3699,3101
3710,calibration,1826,3110
3715,calibration,3715,3115
3729,calibration,3729,3128
3732,calibration,3732,3131
3756,calibration,3756,3152
3761,calibration,3761,3157
3762,calibration,3762,3158
3777,calibration,3777,3170
3779,calibration,3779,3172
3783,calibration,3783,3176
3787,calibration,3787,3179
3789,calibration,3789,3181
3791,calibration,1174,3183
3801,calibration,3801,3192
3810,calibration,3810,3200
3813,calibration,3813,3202
3820,calibration,2527,3208
3828,calibration,3828,3215
3829,calibration,3829,3216
3830,calibration,3830,3217
3839,calibration,3839,3225
3846,calibration,3846,3232
3869,calibration,3846,3254
3890,calibration,970,3270
3891,calibration,3891,3271
3892,calibration,3892,3272
3896,calibration,3896,3276
3901,calibration,3901,3281
3907,calibration,3907,3287
3931,calibration,3931,3310
3971,calibration,1209,3348
3973,calibration,3973,3350
3979,calibration,3979,3355
3982,calibration,3982,3358
3983,calibration,2164,3359
3984,calibration,3984,3360
3993,calibration,2648,3366
4002,calibration,1174,3373
4005,calibration,4005,3376
4024,calibration,4024,3392
4037,calibration,4037,3405
4046,calibration,4046,3411
4058,calibration,4058,3421
4076,calibration,4076,3437
4082,calibration,4082,3441
4091,calibration,970,3448
4098,calibration,4098,3454
4109,calibration,4109,3464
4113,calibration,704,3468
4116,calibration,4116,3471
4122,calibration,4122,3475
4127,calibration,4127,3480
4132,calibration,4132,3484
4134,calibration,4132,3486
4142,calibration,4142,3494
4144,calibration,4144,3496
4150,calibration,4150,3502
4156,calibration,1209,3507
4160,calibration,4160,3511
4161,calibration,4161,3512
4187,calibration,4187,3531
4189,calibration,4187,3533
4191,calibration,4191,3535
4192,calibration,4191,3536
4193,calibration,4191,3537
4212,calibration,4212,3555
4220,calibration,4220,3563
4223,calibration,4223,3566
4224,calibration,4223,3567
4227,calibration,4223,3570
4246,calibration,4246,3588
4247,calibration,4246,3589
4248,calibration,4246,3590
4285,calibration,3649,3620
4289,calibration,4289,3624
4300,calibration,4300,3634
4301,calibration,4005,3635
4303,calibration,4005,3637
4304,calibration,4005,3638
4305,calibration,4005,3639
4307,calibration,4005,3641
4310,calibration,4005,3644
4315,calibration,4315,3649
4316,calibration,4315,3650
4354,calibration,4132,3673
4355,calibration,613,3674
4383,calibration,4383,3686
4388,calibration,4388,3690
4405,calibration,3064,3697
4406,calibration,3649,3698
4408,calibration,4408,3700
4416,calibration,454,3706
4434,calibration,4434,3721
4435,calibration,4434,3722
4444,calibration,3266,3730
4447,calibration,3266,3733
4464,calibration,4464,3746
4478,calibration,4478,3759
4498,calibration,792,3771
4502,calibration,4502,3774
4517,calibration,4517,3787
4527,calibration,4527,3796
4545,calibration,4545,3808
4548,calibration,4548,3811
4551,calibration,4551,3813
4554,calibration,4551,3816
4557,calibration,4551,3819
4560,calibration,4551,3822
4562,calibration,4551,3824
4564,calibration,4005,3826
4569,calibration,4569,3829
4594,calibration,4594,3849
4604,calibration,1271,3855
4605,calibration,4605,3856
4611,calibration,4611,3861
4615,calibration,4615,3865
4617,calibration,4615,3867
4618,calibration,4615,3868
4625,calibration,4615,3875
4635,calibration,4315,3879
4642,calibration,4642,3885
4644,calibration,4644,3887
4680,calibration,4680,3922
4686,calibration,3115,3926
4692,calibration,3111,3931
4694,calibration,4694,3933
4699,calibration,4699,3936
4705,calibration,4705,3942
4707,calibration,4707,3944
4710,calibration,4710,3947
4711,calibration,4711,3948
4717,calibration,4717,3952
4718,calibration,4707,3953
4722,calibration,4605,3957
4728,calibration,1174,3963
4730,calibration,4730,3965
4801,calibration,4699,4025
4803,calibration,4803,4026
4835,calibration,4835,4050
4838,calibration,4838,4052
4863,calibration,4223,4074
4871,calibration,4223,4082
4874,calibration,4874,4085
4876,calibration,4876,4087
4883,calibration,4883,4094
4889,calibration,4889,4099
4890,calibration,4889,4100
4897,calibration,4897,4107
4898,calibration,4707,4108
4899,calibration,4707,4109
4901,calibration,4717,4111
4917,calibration,4707,4126
4924,calibration,4924,4131
4925,calibration,3266,4132
4926,calibration,3266,4133
4934,calibration,3025,4137
4950,calibration,4950,4147
4952,calibration,4952,4149
4953,calibration,4952,4150
4964,calibration,4964,4157
4969,calibration,4969,4161
4982,calibration,3266,4172
4984,calibration,3266,4173
4988,calibration,4988,4175
4993,calibration,4993,4179
4994,calibration,4994,4180
5004,calibration,5004,4189
5006,calibration,5006,4191
5007,calibration,414,4192
5008,calibration,414,4193
5016,calibration,5016,4201
5017,calibration,5017,4202
5045,calibration,5045,4224
5047,calibration,880,4226
5052,calibration,5052,4230
5053,calibration,5052,4231
5054,calibration,5052,4232
5055,calibration,5052,4233
5059,calibration,5059,4237
5066,calibration,2695,4242
5070,calibration,2695,4246
5077,calibration,5077,4252
5078,calibration,5078,4253
5080,calibration,5080,4255
5095,calibration,3097,4268
5099,calibration,139,4271
5100,calibration,566,4272
5101,calibration,248,4273
5107,calibration,4838,4279
5108,calibration,4838,4280
5111,calibration,4838,4283
5113,calibration,4838,4285
5114,calibration,4838,4286
5115,calibration,4838,4287
5118,calibration,5118,4290
5120,calibration,5120,4291
5123,calibration,4838,4294
5125,calibration,4838,4296
5138,calibration,5138,4309
5139,calibration,5138,4310
5145,calibration,4605,4316
5157,calibration,5157,4320
5160,calibration,5160,4323
5163,calibration,5163,4326
5175,calibration,5175,4335
5182,calibration,5182,4342
5189,calibration,5189,4349
5193,calibration,5189,4353
5194,calibration,5189,4354
5208,calibration,5208,4368
5213,calibration,5213,4372
5215,calibration,5213,4374
5217,calibration,5213,4376
5218,calibration,5213,4377
5236,calibration,5189,4393
5239,calibration,5239,4395
5240,calibration,5240,4396
5243,calibration,5243,4399
5250,calibration,702,4405
5251,calibration,5251,4406
5257,calibration,5257,4411
5261,calibration,5261,4415
5263,calibration,5263,4417
5266,calibration,5266,4420
5267,calibration,834,4421
5282,calibration,5282,4435
5284,calibration,449,4436
5286,calibration,5286,4438
5305,calibration,5305,4457
5306,calibration,5306,4458
5315,calibration,139,4462
5322,calibration,5322,4467
5325,calibration,139,4469
5345,calibration,3280,4476
5352,calibration,5352,4483
5358,calibration,5358,4489
5360,calibration,5358,4491
5361,calibration,5358,4492
5380,calibration,5380,4508
5398,calibration,5398,4525
5413,calibration,4838,4535
5414,calibration,4838,4536
5422,calibration,5422,4544
5426,calibration,5426,4548
5427,calibration,5426,4549
5429,calibration,1602,4551
5430,calibration,5430,4552
5434,calibration,5434,4556
5436,calibration,5436,4557
5448,calibration,5448,4568
5467,calibration,139,4584
5477,calibration,5477,4592
5490,calibration,414,4603
5491,calibration,414,4604
5505,calibration,5505,4616
5513,calibration,4160,4623
5523,calibration,5523,4630
5530,calibration,5530,4637
5539,calibration,5539,4644
5546,calibration,5546,4651
5547,calibration,1368,4652
5564,calibration,2559,4666
5565,calibration,2559,4667
5566,calibration,2559,4668
5567,calibration,2559,4669
5627,calibration,5627,4720
5634,calibration,5634,4726
5642,calibration,710,4734
5644,calibration,5644,4736
5648,calibration,5648,4740
5675,calibration,5675,4763
5676,calibration,5676,4764
5682,calibration,5682,4770
5707,calibration,5707,4793
5710,calibration,5710,4796
5715,calibration,5710,4801
5721,calibration,5721,4807
5729,calibration,5729,4815
5730,calibration,5729,4816
5731,calibration,5729,4817
5747,calibration,5747,4832
5751,calibration,5751,4834
5761,calibration,5761,4842
5778,calibration,447,4853
5786,calibration,5786,4860
5787,calibration,5787,4861
5817,calibration,5817,4888
5824,calibration,5824,4894
5826,calibration,4187,4896
5828,calibration,5828,4898
5841,calibration,5841,4910
5861,calibration,5546,4928
5865,calibration,5546,4932
5876,calibration,5876,4942
5887,calibration,5887,4950
5888,calibration,5888,4951
5897,calibration,5897,4960
5918,calibration,5918,4977
5919,calibration,5918,4978
5933,calibration,5933,4990
5934,calibration,5933,4991
5935,calibration,5933,4992
5947,calibration,5947,5000
5960,calibration,3005,5010
5962,calibration,5962,5011
5965,calibration,5965,5014
5969,calibration,5969,5017
5980,calibration,5969,5026
5981,calibration,5969,5027
5985,calibration,5985,5031
5991,calibration,2633,5037
5992,calibration,1162,5038
5995,calibration,5995,5041
5997,calibration,5997,5043
6016,calibration,5747,5056
6017,calibration,5747,5057
6022,calibration,6022,5062
6033,calibration,5251,5073
6034,calibration,1368,5074
6035,calibration,6035,5075
6039,calibration,6035,5077
6040,calibration,6035,5078
6044,calibration,6044,5080
6055,calibration,6035,5090
6067,calibration,6067,5099
6068,calibration,6068,5100
6069,calibration,6069,5101
6070,calibration,6069,5102
6073,calibration,6073,5105
6074,calibration,4434,5106
6075,calibration,4434,5107
6083,calibration,6083,5115
6089,calibration,6089,5120
6090,calibration,6089,5121
6100,calibration,6100,5131
6109,calibration,5729,5140
6112,calibration,6112,5143
6113,calibration,6113,5144
6154,calibration,6154,5180
6173,calibration,2527,5194
6174,calibration,2527,5195
6175,calibration,2527,5196
6176,calibration,2527,5197
6177,calibration,2527,5198
6180,calibration,6180,5200
6187,calibration,3209,5203
6196,calibration,6196,5210
6204,calibration,6204,5214
6205,calibration,6205,5215
6211,calibration,6211,5220
6214,calibration,6214,5222
6218,calibration,4434,5225
6226,calibration,4434,5232
6234,calibration,4434,5240
6244,calibration,4434,5250
6246,calibration,6246,5252
6251,calibration,6251,5255
6253,calibration,6251,5257
6255,calibration,4434,5259
6262,calibration,6262,5264
6271,calibration,6271,5272
6272,calibration,6271,5273
6273,calibration,6271,5274
6316,calibration,6316,5308
6320,calibration,6320,5311
6324,calibration,4569,5313
6332,calibration,6332,5319
6333,calibration,6333,5320
6348,calibration,6348,5334
6349,calibration,6348,5335
6358,calibration,3622,5344
6359,calibration,6348,5345
6360,calibration,3622,5346
6363,calibration,6363,5349
6364,calibration,6363,5350
6377,calibration,6377,5362
6383,calibration,6383,5368
6409,calibration,6383,5394
6412,calibration,6383,5397
6439,calibration,6439,5424
6449,calibration,4434,5434
6451,calibration,4434,5435
6452,calibration,4434,5436
6453,calibration,4434,5437
6454,calibration,4434,5438
6455,calibration,4434,5439
6458,calibration,4434,5441
6460,calibration,4434,5443
6463,calibration,6463,5445
6466,calibration,6466,5448
6469,calibration,6348,5451
6474,calibration,6474,5452
6483,calibration,6483,5460
6488,calibration,6488,5465
6490,calibration,6490,5466
6496,calibration,6496,5472
6500,calibration,6500,5476
6505,calibration,6505,5481
6509,calibration,134,5483
6512,calibration,6512,5486
6532,calibration,6532,5504
6545,calibration,6545,5512
6556,calibration,6556,5518
6557,calibration,6556,5519
6558,calibration,6556,5520
6559,calibration,6556,5521
6560,calibration,6556,5522
6561,calibration,6556,5523
6596,calibration,3005,5544
6598,calibration,6348,5546
6604,calibration,6604,5552
6616,calibration,6616,5564
6617,calibration,6616,5565
6633,calibration,6633,5579
6634,calibration,6634,5580
6642,calibration,6642,5587
6664,calibration,6664,5609
6677,calibration,6677,5621
6679,calibration,6677,5623
6680,calibration,6677,5624
6681,calibration,6677,5625
6687,calibration,2696,5630
6688,calibration,6688,5631
6693,calibration,6693,5634
6694,calibration,6693,5635
6698,calibration,2696,5639
6699,calibration,6688,5640
6701,calibration,2696,5641
6703,calibration,6688,5643
6705,calibration,2696,5645
6708,calibration,2696,5647
6712,calibration,6688,5651
6713,calibration,2696,5652
6714,calibration,6688,5653
6717,calibration,6717,5656
6723,calibration,6693,5662
6740,calibration,6740,5678
6747,calibration,6747,5685
6748,calibration,6747,5686
6805,calibration,1911,5739
6806,calibration,134,5740
6834,calibration,6834,5759
6837,calibration,6837,5762
6854,calibration,6854,5775
6857,calibration,6857,5778
6858,calibration,6857,5779
6868,calibration,4058,5785
6872,calibration,6872,5787
6877,calibration,6877,5791
6884,calibration,6884,5796
6885,calibration,6885,5797
6892,calibration,6884,5804
6900,calibration,248,5812
6901,calibration,6901,5813
6903,calibration,6903,5815
6912,calibration,6912,5822
6913,calibration,6913,5823
6919,calibration,6919,5829
6939,calibration,4005,5841
6952,calibration,6952,5853
6953,calibration,6035,5854
6954,calibration,6954,5855
6980,calibration,6980,5877
6987,calibration,1911,5884
6997,calibration,4246,5892
6999,calibration,6999,5894
7017,calibration,7017,5912
7018,calibration,7018,5913
7019,calibration,7018,5914
7020,calibration,7018,5915
7021,calibration,7018,5916
7022,calibration,7022,5917
7026,calibration,7022,5921
7036,calibration,7036,5931
7038,calibration,7038,5933
7044,calibration,7044,5939
7052,calibration,7052,5946
7059,calibration,7059,5952
7060,calibration,108,5953
7064,calibration,7017,5956
7065,calibration,7017,5957
7078,calibration,7018,5968
7081,calibration,7081,5970
7110,calibration,139,5995
7115,calibration,7018,5999
7116,calibration,7018,6000
7121,calibration,4122,6004
7123,calibration,7123,6006
7144,calibration,6642,6022
7147,calibration,7147,6025
7150,calibration,7150,6027
7151,calibration,7150,6028
7157,calibration,7157,6034
7159,calibration,7159,6036
7160,calibration,7150,6037
7176,calibration,566,6050
7207,calibration,7207,6074
7212,calibration,7212,6078
7214,calibration,1826,6080
7219,calibration,7219,6082
7232,calibration,6044,6090
7239,calibration,7239,6093
7242,calibration,7239,6095
7246,calibration,7239,6097
7248,calibration,7239,6098
7249,calibration,7239,6099
7250,calibration,7239,6100
7251,calibration,7239,6101
7256,calibration,7256,6106
7259,calibration,7259,6109
7265,calibration,7265,6114
7269,calibration,7269,6118
7270,calibration,7270,6119
7273,calibration,2596,6122
7275,calibration,7275,6124
7300,calibration,6271,6147
7303,calibration,6271,6150
7311,calibration,7311,6158
7328,calibration,1036,6171
7344,calibration,7344,6186
7347,calibration,1187,6189
7350,calibration,725,6191
7352,calibration,248,6193
7356,calibration,6505,6196
7360,calibration,7360,6198
7363,calibration,7363,6201
7364,calibration,7364,6202
7366,calibration,5422,6203
7367,calibration,7367,6204
7368,calibration,7368,6205
7370,calibration,7239,6207
7371,calibration,7239,6208
7373,calibration,3973,6209
7378,calibration,4994,6214
7382,calibration,7018,6218
7384,calibration,4408,6220
7400,calibration,7400,6233
7407,calibration,7407,6240
7409,calibration,7409,6242
7417,calibration,7417,6250
7453,calibration,7453,6272
7455,calibration,7455,6274
7472,calibration,6919,6290
7488,calibration,7488,6302
7491,calibration,7488,6305
7492,calibration,7488,6306
7494,calibration,7488,6308
7538,calibration,7538,6344
7539,calibration,5175,6345
7542,calibration,7275,6348
7554,calibration,7554,6353
7562,calibration,7562,6359
7563,calibration,7562,6360
7564,calibration,7562,6361
7565,calibration,7565,6362
7566,calibration,7565,6363
7576,calibration,7576,6372
7581,calibration,7576,6377
7586,calibration,2018,6382
7607,calibration,7607,6398
7610,calibration,7610,6401
7626,calibration,7626,6415
7637,calibration,880,6418
7671,calibration,7671,6433
7681,calibration,7681,6441
7688,calibration,7688,6448
7692,calibration,7692,6452
7694,calibration,2691,6454
7704,calibration,7704,6463
7738,calibration,7738,6479
7746,calibration,134,6485
7749,calibration,7749,6487
7755,calibration,7755,6493
7768,calibration,7768,6504
7771,calibration,7768,6506
7776,calibration,7776,6511
7816,calibration,7816,6522
7819,calibration,3005,6525
7844,calibration,7844,6531
7847,calibration,3448,6533
7853,calibration,6952,6537
7859,calibration,3005,6542
7861,calibration,1938,6544
7885,calibration,5787,6555
7897,calibration,980,6562
7899,calibration,7899,6563
7901,calibration,7899,6565
7902,calibration,7899,6566
7904,calibration,5263,6568
7907,calibration,7907,6569
7944,calibration,7944,6589
7947,calibration,7947,6592
7948,calibration,7948,6593
7951,calibration,7951,6596
7956,calibration,7956,6601
7966,calibration,7966,6607
7970,calibration,7970,6610
7974,calibration,6271,6613
7975,calibration,6271,6614
7982,calibration,7982,6618
7985,calibration,7982,6620
7986,calibration,7982,6621
7987,calibration,7982,6622
7988,calibration,7982,6623
8017,calibration,8017,6649
8019,calibration,8019,6650
8022,calibration,207,6653
8023,calibration,2633,6654
8027,calibration,2691,6658
8047,calibration,8047,6668
8050,calibration,8050,6670
8064,calibration,8064,6678
8070,calibration,8070,6683
8091,calibration,8091,6696
8133,calibration,8133,6720
8148,calibration,8148,6728
8150,calibration,8150,6730
8152,calibration,8152,6731
8176,calibration,8176,6738
8178,calibration,8178,6740
8182,calibration,6556,6743
8183,calibration,6642,6744
8189,calibration,8189,6750
8194,calibration,6642,6752
8195,calibration,6642,6753
8236,calibration,4569,6776
8255,calibration,8255,6794
8256,calibration,8255,6795
8261,calibration,8261,6798
8266,calibration,4710,6802
8303,calibration,8303,6826
8367,calibration,8367,6874
8384,calibration,8384,6885
8385,calibration,8385,6886
8390,calibration,5208,6890
8416,calibration,8416,6909
8427,calibration,8427,6915
8452,calibration,8452,6936
8487,calibration,1368,6961
8491,calibration,4161,6965
8500,calibration,8500,6971
8502,calibration,8502,6972
8505,calibration,8505,6974
8506,calibration,8505,6975
8507,calibration,8505,6976
8531,calibration,8531,6983
8536,calibration,8536,6985
8537,calibration,8536,6986
8631,calibration,8631,7058
8641,calibration,8641,7065
8657,calibration,8657,7079
8660,calibration,513,7081
8661,calibration,513,7082
8704,calibration,8704,7106
8730,calibration,8730,7123
8748,calibration,8748,7133
8752,calibration,8748,7137
8754,calibration,8754,7139
8755,calibration,8748,7140
8756,calibration,8748,7141
8757,calibration,8748,7142
8778,calibration,8778,7154
8782,calibration,8782,7158
8785,calibration,141,7160
8819,calibration,8819,7185
8823,calibration,8819,7189
8830,calibration,7610,7196
8831,calibration,7610,7197
8834,calibration,7610,7198
8835,calibration,8819,7199
8896,calibration,8896,7230
8897,calibration,7157,7231
8898,calibration,8898,7232
8910,calibration,8910,7238
8938,calibration,8938,7259
8951,calibration,8951,7267
8952,calibration,8952,7268
8955,calibration,8955,7271
8976,calibration,8976,7288
8990,calibration,725,7300
8995,calibration,8995,7305
8996,calibration,8996,7306
8997,calibration,8996,7307
9009,calibration,9009,7317
9011,calibration,9011,7319
9014,calibration,9014,7322
9018,calibration,9018,7325
9019,calibration,9018,7326
9020,calibration,9018,7327
9021,calibration,9018,7328
9036,calibration,1534,7336
9040,calibration,9040,7338
9053,calibration,9053,7347
9058,calibration,9058,7351
9061,calibration,9058,7353
9089,calibration,9089,7378
9096,calibration,9096,7383
9099,calibration,9096,7386
9107,calibration,9107,7393
9108,calibration,9108,7394
9109,calibration,9108,7395
9110,calibration,9110,7396
9130,calibration,3419,7412
9131,calibration,3419,7413
9173,calibration,9173,7445
9179,calibration,9179,7448
9182,calibration,9182,7450
9183,calibration,9183,7451
9201,calibration,9201,7468
9224,calibration,3064,7482
9242,calibration,2995,7487
9253,calibration,9253,7489
9260,calibration,4109,7491
9261,calibration,9261,7492
9262,calibration,9261,7493
9263,calibration,9261,7494
9264,calibration,9261,7495
9265,calibration,9261,7496
9289,calibration,134,7509
9299,calibration,9299,7515
9327,calibration,6952,7527
9328,calibration,9328,7528
9330,calibration,9330,7530
9341,calibration,134,7539
9342,calibration,134,7540
9354,calibration,4517,7552
9355,calibration,4517,7553
9370,calibration,134,7565
9373,calibration,9373,7568
9374,calibration,9373,7569
9375,calibration,134,7570
9376,calibration,134,7571
9378,calibration,134,7572
9381,calibration,134,7574
9382,calibration,134,7575
9383,calibration,134,7576
9384,calibration,134,7577
9386,calibration,134,7579
9387,calibration,134,7580
9390,calibration,134,7583
9391,calibration,134,7584
9392,calibration,134,7585
9393,calibration,134,7586
9394,calibration,134,7587
9395,calibration,134,7588
9396,calibration,134,7589
9397,calibration,134,7590
9399,calibration,134,7592
9402,calibration,134,7595
9403,calibration,134,7596
9412,calibration,2083,7603
9413,calibration,2083,7604
9425,calibration,9425,7613
9426,calibration,9426,7614
9432,calibration,1048,7620
9437,calibration,9437,7623
9443,calibration,9443,7629
9445,calibration,134,7630
9446,calibration,134,7631
9448,calibration,134,7633
9449,calibration,134,7634
9451,calibration,134,7635
9454,calibration,134,7638
9455,calibration,134,7639
9456,calibration,134,7640
9458,calibration,134,7642
9459,calibration,134,7643
9460,calibration,134,7644
9461,calibration,134,7645
9462,calibration,134,7646
9468,calibration,5761,7649
9470,calibration,5761,7651
9491,calibration,9491,7667
9494,calibration,449,7670
9505,calibration,9505,7679
9541,calibration,2990,7710
9547,calibration,248,7712
9548,calibration,248,7713
9550,calibration,248,7715
9553,calibration,5747,7717
9612,calibration,9612,7753
9625,calibration,9625,7765
9627,calibration,449,7767
9630,calibration,7488,7770
9631,calibration,2083,7771
9632,calibration,2083,7772
9633,calibration,2083,7773
9648,calibration,9648,7786
9651,calibration,9651,7789
9652,calibration,9652,7790
9653,calibration,9652,7791
9654,calibration,9654,7792
9655,calibration,9655,7793
9694,calibration,9694,7823
9706,calibration,449,7825
9708,calibration,9708,7826
9719,calibration,9719,7833
9727,calibration,449,7839
9728,calibration,449,7840
9729,calibration,449,7841
9731,calibration,449,7843
9733,calibration,449,7845
9735,calibration,9735,7847
9736,calibration,449,7848
9749,calibration,6348,7859
9778,calibration,9778,7886
9785,calibration,9785,7893
9786,calibration,6348,7894
9793,calibration,9793,7900
9861,calibration,9861,7938
9863,calibration,9863,7940
9864,calibration,9863,7941
9878,calibration,9878,7949
9905,calibration,9905,7968
9918,calibration,9918,7976
9968,calibration,9968,8016
9969,calibration,9969,8017
9982,calibration,3395,8030
10039,calibration,9968,8058
10062,calibration,10062,8077
10068,calibration,10068,8083
10069,calibration,10068,8084
10070,calibration,10068,8085
10071,calibration,10068,8086
10072,calibration,10068,8087
10083,calibration,6747,8096
10088,calibration,9058,8100
10092,calibration,9058,8104
10098,calibration,9058,8110
10102,calibration,10102,8112
10104,calibration,9968,8113
10105,calibration,9968,8114
10118,calibration,10118,8121
10125,calibration,10125,8126
10127,calibration,10127,8128
10142,calibration,10142,8141
10152,calibration,10152,8149
10165,calibration,10165,8156
10171,calibration,10171,8161
10194,calibration,10194,8178
10217,calibration,10217,8193
10218,calibration,10218,8194
10235,calibration,10235,8203
10237,calibration,9261,8205
10238,calibration,9261,8206
10239,calibration,9261,8207
10240,calibration,9261,8208
10249,calibration,10249,8212
10273,calibration,108,8230
10274,calibration,108,8231
10276,calibration,108,8233
10277,calibration,108,8234
10287,calibration,4838,8243
10314,calibration,10314,8261
10315,calibration,10315,8262
10322,calibration,10322,8267
10323,calibration,10323,8268
10376,calibration,10376,8297
10382,calibration,2017,8301
10385,calibration,10314,8304
10386,calibration,10315,8305
10387,calibration,10314,8306
10388,calibration,10314,8307
10409,calibration,10409,8320
10414,calibration,9261,8325
10435,calibration,10435,8335
10436,calibration,10435,8336
10453,calibration,6884,8347
10492,calibration,9179,8374
10504,calibration,10504,8383
10505,calibration,10504,8384
10517,calibration,10517,8394
10522,calibration,10522,8398
10527,calibration,10527,8403
10554,calibration,253,8418
10567,calibration,10567,8429
10574,calibration,10574,8436
10577,calibration,10577,8439
10578,calibration,10578,8440
10589,calibration,10589,8451
10594,calibration,10594,8456
10595,calibration,5282,8457
10602,calibration,10171,8464
10605,calibration,10605,8467
10614,calibration,10614,8475
10619,calibration,6837,8480
10642,calibration,10642,8498
10644,calibration,3401,8500
10650,calibration,10650,8505
10662,calibration,10662,8516
10673,calibration,10673,8527
10674,calibration,10674,8528
10682,calibration,10682,8535
10683,calibration,10683,8536
10700,calibration,3280,8551
10706,calibration,10706,8557
10719,calibration,10719,8569
10720,calibration,9011,8570
10721,calibration,9011,8571
10725,calibration,10725,8575
10742,calibration,9863,8585
10743,calibration,9863,8586
10745,calibration,10745,8588
10747,calibration,10747,8589
10751,calibration,10751,8593
10779,calibration,10779,8615
10786,calibration,10786,8622
10787,calibration,10787,8623
10788,calibration,10788,8624
10798,calibration,10798,8634
10804,calibration,10804,8639
10805,calibration,10805,8640
10813,calibration,10813,8647
10815,calibration,10813,8649
10816,calibration,10813,8650
10818,calibration,10813,8652
10819,calibration,10813,8653
10820,calibration,10820,8654
10829,calibration,10829,8663
10841,calibration,10841,8675
10850,calibration,10850,8679
10854,calibration,10854,8682
10859,calibration,10859,8686
10861,calibration,10861,8688
10863,calibration,10863,8690
10864,calibration,10864,8691
10880,calibration,10880,8702
10895,calibration,10895,8713
10896,calibration,10896,8714
10902,calibration,880,8720
10913,calibration,10913,8728
10919,calibration,10919,8733
10935,calibration,10935,8745
10949,calibration,10913,8752
10955,calibration,3673,8753
10956,calibration,3673,8754
10976,calibration,10976,8755
10983,calibration,414,8759
10991,calibration,10991,8767
11001,calibration,11001,8774
11015,calibration,11015,8786
11018,calibration,11015,8789
11024,calibration,11024,8794
11029,calibration,11029,8798
11058,calibration,6837,8812
11078,calibration,4694,8820
11086,calibration,11086,8826
11095,calibration,11095,8834
11115,calibration,11115,8848
11116,calibration,6717,8849
11117,calibration,6463,8850
11122,calibration,253,8855
11123,calibration,11123,8856
11128,calibration,2559,8861
11129,calibration,2559,8862
11147,calibration,11147,8873
11155,calibration,11155,8880
11172,calibration,11172,8891
11203,calibration,11203,8908
11247,calibration,11247,8940
11256,calibration,11256,8946
11257,calibration,11257,8947
11261,calibration,3779,8951
11313,calibration,11313,8973
11331,calibration,3401,8989
11332,calibration,3401,8990
11348,calibration,11348,9006
11367,calibration,11367,9016
11377,calibration,11377,9024
11398,calibration,4611,9038
11419,calibration,8303,9052
11426,calibration,11426,9057
11435,calibration,11435,9063
11438,calibration,11438,9066
11449,calibration,11449,9076
11488,calibration,11488,9100
11492,calibration,11492,9102
11511,calibration,6913,9116
11526,calibration,880,9127
11528,calibration,11528,9129
11541,calibration,11541,9136
11542,calibration,11542,9137
11551,calibration,11551,9145
11552,calibration,11551,9146
11553,calibration,3521,9147
11554,calibration,11551,9148
11556,calibration,11551,9150
11557,calibration,11551,9151
11564,calibration,11564,9157
11578,calibration,11578,9163
11584,calibration,11584,9169
11600,calibration,10820,9175
11601,calibration,10820,9176
11602,calibration,10820,9177
11609,calibration,2018,9183
11613,calibration,2069,9185
11630,calibration,11630,9193
11639,calibration,11639,9200
11644,calibration,11644,9202
11712,calibration,11712,9228
11728,calibration,11728,9239
11751,calibration,11751,9248
11753,calibration,11753,9249
11759,calibration,11759,9253
11760,calibration,11760,9254
11769,calibration,3580,9262
11770,calibration,3580,9263
11771,calibration,3580,9264
11812,calibration,11812,9279
11941,calibration,11941,9352
11948,calibration,6271,9358
11974,calibration,5729,9381
11977,calibration,11977,9384
11978,calibration,11977,9385
11979,calibration,11977,9386
11990,calibration,11990,9396
12024,calibration,1463,9412
12048,calibration,12048,9418
12049,calibration,12048,9419
12083,calibration,2995,9434
12084,calibration,8150,9435
12085,calibration,8150,9436
12086,calibration,8150,9437
12089,calibration,8150,9440
12090,calibration,8150,9441
12091,calibration,8150,9442
12096,calibration,12096,9447
12101,calibration,12101,9450
12106,calibration,12106,9455
12107,calibration,12107,9456
12135,calibration,842,9475
12170,calibration,7059,9488
12172,calibration,12172,9489
12174,calibration,12174,9491
12212,calibration,6884,9520
12213,calibration,12213,9521
12221,calibration,12221,9528
12222,calibration,3690,9529
12228,calibration,3097,9531
12229,calibration,12229,9532
12242,calibration,12242,9538
12256,calibration,12256,9550
12258,calibration,9878,9552
12264,calibration,12264,9556
12278,calibration,12278,9558
12279,calibration,12278,9559
12280,calibration,12278,9560
12290,calibration,12290,9567
12309,calibration,12309,9582
12310,calibration,12310,9583
12313,calibration,12313,9586
12315,calibration,12315,9588
12320,calibration,12320,9592
12326,calibration,12221,9593
12369,calibration,12369,9601
12386,calibration,12386,9614
12434,calibration,12434,9630
12458,calibration,12458,9646
12464,calibration,12464,9652
12468,calibration,2018,9656
12477,calibration,1797,9665
12496,calibration,12496,9678
12504,calibration,3649,9686
12515,calibration,12515,9694
12533,calibration,12533,9703
12544,calibration,12544,9712
12581,calibration,12581,9741
12587,calibration,3610,9746
12596,calibration,12596,9755
12606,calibration,9183,9761
12607,calibration,9183,9762
12612,calibration,12612,9767
12622,calibration,12622,9772
12630,calibration,248,9779
12635,calibration,1463,9784
12652,calibration,2239,9798
12653,calibration,2239,9799
12662,calibration,12662,9805
12666,calibration,12666,9807
12669,calibration,12669,9809
12677,calibration,12677,9816
12678,calibration,7488,9817
12680,calibration,12680,9819
12681,calibration,12681,9820
12689,calibration,6271,9827
12695,calibration,12695,9833
12713,calibration,12713,9843
12736,calibration,12736,9859
12742,calibration,12742,9865
12764,calibration,248,9886
12792,calibration,8898,9907
12825,calibration,12825,9934
12868,calibration,6271,9966
12877,calibration,108,9971
12880,calibration,12880,9973
12883,calibration,12883,9976
12884,calibration,12884,9977
12886,calibration,12886,9979
12893,calibration,12893,9986
12896,calibration,12896,9989
12901,calibration,12883,9994
12902,calibration,12893,9995
12905,calibration,12893,9998
12913,calibration,12913,10006
12915,calibration,12884,10008
12916,calibration,12916,10009
12936,calibration,12936,10029
12948,calibration,12948,10037
12978,calibration,12978,10064
12979,calibration,12979,10065
12984,calibration,12984,10070
12989,calibration,108,10074
13001,calibration,7768,10082
13021,calibration,13021,10086
13031,calibration,13031,10094
13043,calibration,13043,10106
13093,calibration,13093,10144
13107,calibration,8657,10156
13121,calibration,13121,10164
13129,calibration,13021,10165
13132,calibration,13132,10167
13137,calibration,13021,10171
13142,calibration,3064,10174
13143,calibration,13021,10175
13144,calibration,3064,10176
13147,calibration,3064,10179
13148,calibration,3064,10180
13149,calibration,2990,10181
13150,calibration,3064,10182
13152,calibration,3064,10184
13153,calibration,3064,10185
13154,calibration,3064,10186
13155,calibration,3064,10187
13171,calibration,2691,10203
13172,calibration,3610,10204
13184,calibration,3064,10209
13185,calibration,3064,10210
13207,calibration,6271,10224
13225,calibration,3384,10241
13234,calibration,13234,10249
13282,calibration,13282,10270
13298,calibration,8657,10284
13304,calibration,12916,10288
13306,calibration,13306,10290
13307,calibration,13307,10291
13308,calibration,13308,10292
13311,calibration,13306,10295
13325,calibration,4289,10302
13333,calibration,13333,10308
13340,calibration,4289,10315
13343,calibration,13343,10318
13344,calibration,4289,10319
13345,calibration,13345,10320
13347,calibration,13345,10322
13351,calibration,4289,10326
13358,calibration,13358,10332
13362,calibration,7488,10335
13371,calibration,13371,10343
13382,calibration,4289,10350
13386,calibration,4289,10353
13407,calibration,13407,10365
13440,calibration,7970,10371
13451,calibration,13451,10380
13487,calibration,13487,10412
13491,calibration,13491,10413
13493,calibration,4694,10414
13499,calibration,13499,10417
13515,calibration,13515,10426
13536,calibration,13536,10434
13551,calibration,13551,10440
13558,calibration,13558,10444
13559,calibration,13559,10445
13561,calibration,13559,10447
13578,calibration,13559,10463
13580,calibration,13580,10464
13601,calibration,12677,10474
13622,calibration,13622,10489
13623,calibration,13622,10490
13624,calibration,13622,10491
13625,calibration,13622,10492
13626,calibration,13622,10493
13627,calibration,13622,10494
13628,calibration,13622,10495
13629,calibration,13622,10496
13631,calibration,13622,10498
13632,calibration,13622,10499
13635,calibration,13622,10502
13636,calibration,13622,10503
13637,calibration,13622,10504
13638,calibration,13622,10505
13639,calibration,13622,10506
13640,calibration,13622,10507
13641,calibration,13622,10508
13642,calibration,13622,10509
13643,calibration,13622,10510
13667,calibration,13667,10518
13671,calibration,1174,10521
13688,calibration,13688,10537
13692,calibration,13688,10541
13708,calibration,13708,10554
13714,calibration,13714,10558
13716,calibration,13716,10559
13747,calibration,4694,10577
13753,calibration,1174,10581
13770,calibration,13770,10596
13771,calibration,13771,10597
13784,calibration,13784,10608
13786,calibration,13786,10610
13791,calibration,13791,10613
13794,calibration,13794,10614
13799,calibration,13799,10615
13801,calibration,13801,10616
13811,calibration,3787,10625
13821,calibration,13821,10633
13822,calibration,13822,10634
13830,calibration,13830,10642
13832,calibration,1174,10644
13835,calibration,13835,10645
13862,calibration,13862,10658
13872,calibration,13872,10664
13873,calibration,13872,10665
13874,calibration,13872,10666
13895,calibration,13895,10683
13911,calibration,13911,10697
13919,calibration,13919,10705
13922,calibration,12979,10707
13926,calibration,9107,10711
13937,calibration,9107,10719
13947,calibration,13947,10729
13948,calibration,6664,10730
13952,calibration,3097,10734
13962,calibration,9107,10743
13968,calibration,13968,10746
13981,calibration,13981,10758
13987,calibration,13987,10764
14004,calibration,14004,10781
14006,calibration,14006,10783
14008,calibration,1174,10784
14009,calibration,1174,10785
14013,calibration,14013,10788
14038,calibration,14038,10798
14076,calibration,14076,10825
14104,calibration,14104,10852
14112,calibration,1174,10858
14113,calibration,14113,10859
14117,calibration,14117,10863
14126,calibration,3064,10870
14131,calibration,2990,10873
14134,calibration,14134,10876
14135,calibration,14134,10877
14136,calibration,14134,10878
14140,calibration,9654,10882
14141,calibration,14141,10883
14153,calibration,14153,10894
14161,calibration,14161,10902
14162,calibration,14161,10903
14164,calibration,1174,10905
14189,calibration,13093,10921
14202,calibration,14202,10932
14215,calibration,14215,10939
14226,calibration,14226,10949
14229,calibration,14013,10951
14281,calibration,9905,10994
14328,calibration,14328,11030
14337,calibration,14337,11036
14338,calibration,14338,11037
14340,calibration,14338,11039
14341,calibration,14338,11040
14342,calibration,14338,11041
14348,calibration,14348,11046
14349,calibration,810,11047
14350,calibration,810,11048
14363,calibration,14363,11061
14391,calibration,810,11080
14412,calibration,14412,11093
14413,calibration,810,11094
14423,calibration,14423,11101
14437,calibration,14437,11115
14447,calibration,3000,11118
14449,calibration,14449,11120
14451,calibration,14437,11122
14452,calibration,12596,11123
14461,calibration,14461,11130
14467,calibration,14467,11136
14468,calibration,3000,11137
14473,calibration,3000,11142
14493,calibration,14437,11149
14497,calibration,14497,11153
14528,calibration,3000,11164
14536,calibration,14536,11172
14548,calibration,14548,11178
14549,calibration,14548,11179
14564,calibration,14564,11192
14567,calibration,14567,11194
14588,calibration,14588,11211
14601,calibration,6545,11222
14609,calibration,14609,11227
14611,calibration,12596,11229
14630,calibration,14630,11237
14645,calibration,12596,11248
14662,calibration,14662,11262
14674,calibration,14674,11267
14676,calibration,14676,11268
14680,calibration,14680,11272
14681,calibration,14680,11273
14686,calibration,14686,11278
14691,calibration,14691,11279
14692,calibration,14692,11280
14696,calibration,14696,11283
14704,calibration,14704,11288
14713,calibration,14713,11297
14714,calibration,14713,11298
14725,calibration,14725,11307
14757,calibration,14757,11323
14794,calibration,14794,11346
14811,calibration,9183,11351
14824,calibration,14824,11359
14829,calibration,14348,11362
14878,calibration,14878,11381
14879,calibration,14878,11382
14887,calibration,14887,11389
14896,calibration,14896,11398
14897,calibration,14896,11399
14898,calibration,14896,11400
14899,calibration,14896,11401
14902,calibration,14896,11403
14904,calibration,14904,11404
14906,calibration,14904,11405
14907,calibration,14904,11406
14908,calibration,14904,11407
14910,calibration,1306,11408
14928,calibration,14928,11423
14929,calibration,14928,11424
14930,calibration,14928,11425
14931,calibration,14928,11426
14932,calibration,14928,11427
14933,calibration,14928,11428
14934,calibration,14928,11429
14935,calibration,14928,11430
14936,calibration,14928,11431
14937,calibration,14928,11432
14938,calibration,14928,11433
14939,calibration,14928,11434
14940,calibration,14928,11435
14941,calibration,14928,11436
14943,calibration,14928,11438
14944,calibration,14928,11439
14945,calibration,14928,11440
14946,calibration,14928,11441
14949,calibration,14928,11444
14950,calibration,14928,11445
14951,calibration,14928,11446
14952,calibration,14928,11447
14953,calibration,14928,11448
14955,calibration,14928,11449
14956,calibration,14928,11450
14957,calibration,14928,11451
14958,calibration,14928,11452
14960,calibration,14928,11454
14963,calibration,14928,11457
14967,calibration,1792,11460
14968,calibration,1792,11461
14969,calibration,1792,11462
14970,calibration,1792,11463
14971,calibration,1792,11464
14972,calibration,1792,11465
14973,calibration,1792,11466
14974,calibration,1792,11467
14975,calibration,1792,11468
14990,calibration,14990,11473
15008,calibration,15008,11483
15023,calibration,15023,11498
15024,calibration,15023,11499
15037,calibration,15037,11512
15047,calibration,15047,11522
15074,calibration,15074,11541
15086,calibration,6496,11552
15088,calibration,15088,11554
15109,calibration,15109,11567
15112,calibration,1534,11569
15120,calibration,2990,11572
15125,calibration,447,11574
15129,calibration,1938,11576
15131,calibration,15131,11578
15135,calibration,15135,11582
15141,calibration,15141,11588
15142,calibration,15142,11589
15150,calibration,15150,11596
15173,calibration,790,11615
15174,calibration,15174,11616
15186,calibration,248,11625
15191,calibration,15191,11628
15214,calibration,15214,11650
15216,calibration,790,11652
15221,calibration,15221,11654
15225,calibration,6100,11658
15239,calibration,15239,11668
15240,calibration,15240,11669
15251,calibration,6196,11679
15272,calibration,7538,11695
15283,calibration,15221,11704
15289,calibration,15289,11707
15293,calibration,5523,11710
15294,calibration,5523,11711
15295,calibration,5523,11712
15296,calibration,5523,11713
15305,calibration,15305,11722
15312,calibration,15312,11728
15313,calibration,3649,11729
15332,calibration,904,11745
15334,calibration,15334,11747
15337,calibration,880,11750
15345,calibration,15345,11755
15363,calibration,15363,11769
15388,calibration,2239,11792
15389,calibration,2239,11793
15427,calibration,2596,11827
15458,calibration,15458,11855
15470,calibration,15470,11866
15476,calibration,15476,11867
15480,calibration,15480,11871
15495,calibration,15495,11883
15506,calibration,6044,11893
15509,calibration,15509,11896
15511,calibration,10820,11898
15513,calibration,15480,11900
15546,calibration,15546,11927
15566,calibration,15566,11947
15583,calibration,15583,11964
15607,calibration,4838,11988
15608,calibration,4838,11989
15621,calibration,7816,12002
15622,calibration,7816,12003
15626,calibration,15626,12006
15629,calibration,15629,12008
15637,calibration,15637,12013
15639,calibration,15639,12015
15674,calibration,725,12035
15675,calibration,3649,12036
15685,calibration,15685,12040
15691,calibration,3097,12044
15693,calibration,1826,12046
15694,calibration,1826,12047
15714,calibration,15714,12067
15745,calibration,8367,12084
15750,calibration,15750,12088
15761,calibration,15761,12092
15767,calibration,15767,12096
15830,calibration,15830,12129
15847,calibration,15546,12143
15848,calibration,15546,12144
15856,calibration,134,12152
15864,calibration,15864,12158
15869,calibration,1887,12162
15889,calibration,15889,12175
15895,calibration,15895,12180
15901,calibration,9654,12186
15905,calibration,3395,12190
15910,calibration,3395,12195
15947,calibration,10249,12228
15953,calibration,15953,12231
15974,calibration,15974,12240
16015,calibration,3064,12250
16085,calibration,16085,12289
16089,calibration,11712,12290
16093,calibration,11155,12292
16098,calibration,16098,12296
16126,calibration,6271,12315
16128,calibration,16128,12317
16131,calibration,7157,12320
16139,calibration,16139,12326
16153,calibration,16153,12338
16160,calibration,1797,12344
16166,calibration,16166,12349
16172,calibration,16172,12354
16176,calibration,1797,12357
16177,calibration,1797,12358
16182,calibration,16182,12362
16183,calibration,16182,12363
16184,calibration,16182,12364
16185,calibration,3064,12365
16191,calibration,3064,12369
16198,calibration,3064,12374
16204,calibration,3064,12375
16205,calibration,3064,12376
16209,calibration,16209,12378
16227,calibration,12369,12392
16228,calibration,1797,12393
16230,calibration,16172,12395
16244,calibration,843,12403
16319,calibration,16319,12457
16332,calibration,2018,12466
16344,calibration,16344,12475
16362,calibration,141,12481
16386,calibration,3097,12492
16395,calibration,16395,12496
16403,calibration,16403,12501
16409,calibration,108,12507
16412,calibration,16412,12510
16420,calibration,15135,12518
16434,calibration,16434,12529
16435,calibration,16435,12530
16451,calibration,6271,12544
16460,calibration,7453,12552
16481,calibration,5965,12570
16482,calibration,16482,12571
16486,calibration,14928,12573
4,test,4,3
12,test,12,9
13,test,13,10
15,test,15,12
19,test,19,15
23,test,23,19
29,test,29,25
31,test,31,27
37,test,31,33
60,test,60,55
64,test,64,58
67,test,67,61
72,test,72,66
86,test,86,80
88,test,88,81
95,test,95,87
96,test,96,88
153,test,153,133
155,test,155,134
171,test,171,146
189,test,189,154
197,test,197,158
202,test,202,161
211,test,211,168
228,test,228,180
246,test,246,193
256,test,256,200
258,test,15,202
271,test,271,214
274,test,274,217
276,test,276,219
303,test,303,237
313,test,313,242
324,test,324,249
333,test,333,255
344,test,344,264
348,test,348,267
350,test,350,268
352,test,352,269
356,test,356,271
372,test,372,284
375,test,375,286
376,test,376,287
378,test,378,289
389,test,389,297
392,test,392,299
399,test,399,306
400,test,400,307
417,test,417,322
420,test,420,324
428,test,428,332
466,test,466,357
472,test,472,363
474,test,474,365
475,test,475,366
476,test,476,367
480,test,480,371
481,test,480,372
488,test,488,377
491,test,491,380
512,test,512,399
523,test,523,407
524,test,524,408
526,test,526,410
528,test,528,412
533,test,533,417
535,test,535,419
540,test,420,421
542,test,72,423
547,test,547,426
562,test,562,433
564,test,564,434
591,test,562,450
592,test,592,451
594,test,67,453
601,test,601,460
603,test,603,462
614,test,614,471
616,test,616,473
618,test,618,475
622,test,622,479
634,test,634,489
640,test,640,492
650,test,650,501
653,test,653,503
659,test,659,506
660,test,660,507
664,test,664,508
667,test,667,510
669,test,669,512
674,test,674,516
676,test,23,517
678,test,678,519
688,test,688,528
689,test,689,529
690,test,690,530
701,test,701,538
707,test,707,544
709,test,709,546
719,test,719,553
727,test,727,559
729,test,729,561
730,test,730,562
734,test,734,564
743,test,743,568
746,test,746,571
756,test,12,579
759,test,759,581
762,test,762,583
770,test,770,590
773,test,773,593
774,test,774,594
781,test,781,598
787,test,787,602
799,test,799,612
811,test,811,623
823,test,823,634
833,test,12,642
841,test,841,649
846,test,846,654
849,test,849,656
858,test,858,663
860,test,860,665
862,test,862,667
868,test,868,672
886,test,886,685
889,test,889,688
890,test,890,689
891,test,891,690
899,test,899,697
908,test,908,705
916,test,916,710
917,test,917,711
918,test,918,712
923,test,923,716
925,test,925,718
927,test,927,720
930,test,930,723
931,test,811,724
936,test,936,727
944,test,944,733
945,test,944,734
951,test,951,740
955,test,955,743
958,test,958,746
966,test,966,753
999,test,999,782
1008,test,1008,788
1023,test,1023,801
1024,test,1024,802
1033,test,1033,811
1040,test,1040,818
1043,test,1043,821
1059,test,1059,834
1060,test,1060,835
1062,test,1062,837
1071,test,1071,846
1073,test,1073,848
1090,test,1090,865
1113,test,1113,886
1120,test,1120,892
1134,test,1134,906
1148,test,1148,916
1151,test,1151,919
1160,test,1160,926
1171,test,1171,935
1180,test,1180,943
1181,test,1181,944
1185,test,1185,948
1188,test,1188,951
1189,test,1189,952
1190,test,1189,953
1198,test,955,958
1207,test,1207,965
1208,test,1208,966
1211,test,1211,969
1212,test,1212,970
1213,test,1213,971
1217,test,1217,975
1224,test,1224,981
1226,test,1226,983
1232,test,1232,987
1233,test,1189,988
1235,test,564,990
1236,test,1217,991
1241,test,1241,995
1242,test,1241,996
1250,test,1250,1004
1251,test,1251,1005
1258,test,1258,1012
1259,test,1258,1013
1267,test,1267,1020
1270,test,787,1022
1272,test,1272,1024
1275,test,1275,1027
1281,test,1281,1032
1286,test,1286,1037
1328,test,1328,1075
1330,test,811,1077
1332,test,1332,1079
1337,test,1337,1084
1339,test,1339,1086
1347,test,1347,1094
1348,test,376,1095
1349,test,1349,1096
1369,test,1369,1113
1380,test,1380,1122
1382,test,1382,1124
1386,test,1386,1127
1387,test,1387,1128
1388,test,1388,1129
1396,test,1396,1137
1404,test,1404,1144
1413,test,1413,1152
1419,test,1419,1157
1422,test,1422,1159
1435,test,1435,1172
1439,test,23,1176
1443,test,1443,1180
1446,test,1446,1183
1450,test,1450,1187
1459,test,811,1196
1472,test,1472,1208
1474,test,1474,1209
1482,test,1482,1216
1488,test,1488,1222
1502,test,1502,1235
1521,test,1521,1249
1527,test,811,1253
1529,test,1446,1255
1546,test,811,1270
1555,test,480,1279
1559,test,1559,1282
1571,test,1571,1291
1573,test,1573,1293
1574,test,1189,1294
1579,test,1579,1297
1587,test,1587,1304
1588,test,1588,1305
1589,test,1589,1306
1594,test,1594,1311
1599,test,1599,1316
1610,test,1610,1324
1611,test,1611,1325
1614,test,1614,1328
1626,test,1626,1335
1631,test,1631,1340
1632,test,1632,1341
1650,test,1650,1355
1654,test,1654,1358
1660,test,1660,1363
1661,test,1661,1364
1677,test,1677,1380
1684,test,1684,1386
1687,test,1687,1389
1704,test,1704,1403
1705,test,1705,1404
1707,test,1707,1406
1708,test,1705,1407
1714,test,1714,1412
1719,test,1719,1417
1721,test,1721,1419
1722,test,1722,1420
1727,test,799,1425
1728,test,799,1426
1739,test,1739,1436
1740,test,1740,1437
1741,test,1741,1438
1746,test,1687,1442
1747,test,1687,1443
1751,test,1751,1447
1753,test,1134,1449
1755,test,1755,1451
1770,test,1770,1464
1784,test,1784,1477
1794,test,1794,1487
1805,test,1805,1497
1809,test,1809,1500
1811,test,1811,1502
1814,test,1814,1505
1815,test,1815,1506
1817,test,1817,1508
1836,test,1836,1524
1840,test,1840,1528
1842,test,1842,1530
1844,test,1844,1531
1847,test,1847,1534
1875,test,1875,1559
1881,test,1881,1565
1882,test,1882,1566
1936,test,1936,1609
1937,test,1937,1610
1958,test,1958,1630
1961,test,1961,1633
1965,test,1958,1637
1967,test,1842,1639
1972,test,1972,1643
1975,test,1975,1645
1991,test,1062,1659
1994,test,1994,1661
1995,test,1995,1662
1997,test,1997,1664
2000,test,2000,1667
2001,test,811,1668
2007,test,2007,1671
2011,test,2011,1675
2016,test,2016,1680
2019,test,2019,1683
2029,test,2029,1692
2035,test,2029,1697
2038,test,2029,1700
2054,test,799,1711
2062,test,2062,1716
2063,test,2063,1717
2064,test,2064,1718
2065,test,2065,1719
2066,test,2066,1720
2071,test,2071,1725
2087,test,2087,1737
2099,test,2099,1746
2102,test,2102,1747
2103,test,1805,1748
2104,test,1805,1749
2106,test,1805,1751
2109,test,1217,1754
2110,test,1741,1755
2125,test,2125,1765
2128,test,2125,1768
2130,test,659,1770
2135,test,2125,1772
2138,test,2138,1775
2152,test,2152,1788
2153,test,2153,1789
2156,test,2156,1792
2157,test,2157,1793
2159,test,2159,1795
2163,test,2163,1799
2168,test,2168,1804
2170,test,2170,1806
2174,test,2174,1810
2180,test,2180,1813
2207,test,2207,1835
2210,test,2210,1838
2226,test,2226,1852
2231,test,1751,1855
2235,test,2235,1859
2246,test,2246,1870
2257,test,1387,1881
2258,test,1387,1882
2265,test,2265,1889
2266,test,2266,1890
2268,test,2268,1892
2270,test,2270,1894
2273,test,2273,1897
2277,test,1387,1900
2278,test,2278,1901
2285,test,2285,1907
2289,test,2289,1910
2292,test,2292,1912
2299,test,2299,1919
2302,test,2302,1921
2303,test,2303,1922
2304,test,475,1923
2310,test,2310,1929
2315,test,2315,1934
2316,test,2316,1935
2318,test,734,1937
2330,test,2330,1945
2332,test,2332,1947
2333,test,2332,1948
2343,test,2343,1957
2345,test,2345,1959
2350,test,12,1964
2351,test,2351,1965
2353,test,1211,1966
2362,test,2362,1974
2369,test,2369,1980
2371,test,2371,1982
2382,test,2382,1990
2387,test,2387,1993
2394,test,2394,1998
2403,test,2403,2004
2404,test,2316,2005
2408,test,2408,2008
2414,test,2414,2013
2425,test,2425,2023
2434,test,2394,2032
2437,test,2437,2035
2442,test,2442,2039
2447,test,12,2044
2452,test,2452,2049
2474,test,189,2071
2480,test,2480,2075
2488,test,2488,2082
2494,test,2330,2088
2502,test,2502,2096
2503,test,2503,2097
2507,test,4,2101
2515,test,2515,2106
2516,test,2516,2107
2538,test,1160,2125
2552,test,2552,2136
2556,test,1189,2139
2557,test,1189,2140
2558,test,746,2141
2565,test,2565,2148
2566,test,2565,2149
2578,test,2578,2157
2583,test,2583,2160
2586,test,2586,2162
2587,test,2586,2163
2588,test,2588,2164
2605,test,2605,2180
2608,test,2608,2182
2614,test,2614,2187
2631,test,2631,2200
2637,test,2637,2205
2638,test,2638,2206
2644,test,799,2212
2646,test,2646,2213
2652,test,2652,2219
2660,test,2660,2227
2661,test,12,2228
2665,test,1958,2232
2676,test,2676,2241
2680,test,2680,2243
2689,test,2689,2249
2690,test,2690,2250
2694,test,2694,2254
2702,test,2702,2261
2703,test,2703,2262
2705,test,2705,2263
2710,test,2710,2267
2721,test,2721,2276
2727,test,2727,2280
2753,test,2586,2299
2760,test,4,2306
2761,test,2761,2307
2762,test,2762,2308
2764,test,2764,2309
2767,test,2767,2311
2768,test,2768,2312
2769,test,2769,2313
2770,test,2586,2314
2776,test,2776,2320
2787,test,2787,2329
2799,test,2799,2340
2801,test,2801,2342
2827,test,2827,2355
2829,test,2829,2357
2831,test,2831,2359
2834,test,2834,2362
2835,test,2835,2363
2840,test,1189,2367
2842,test,1995,2369
2854,test,2854,2377
2857,test,2857,2379
2858,test,2858,2380
2874,test,2874,2394
2890,test,2890,2406
2908,test,2908,2422
2912,test,2912,2426
2919,test,2919,2432
2923,test,2923,2436
2925,test,2919,2438
2926,test,2919,2439
2927,test,2919,2440
2936,test,2936,2448
2939,test,2939,2450
2946,test,2946,2457
2951,test,2660,2462
2975,test,2565,2483
2976,test,2565,2484
2979,test,2011,2486
2980,test,2980,2487
3023,test,420,2520
3027,test,3027,2523
3028,test,3028,2524
3031,test,3031,2526
3038,test,3038,2533
3043,test,3043,2538
3048,test,3048,2543
3053,test,2266,2547
3054,test,2266,2548
3056,test,3056,2550
3057,test,3057,2551
3061,test,3061,2554
3062,test,1286,2555
3065,test,3065,2558
3069,test,3069,2562
3070,test,3069,2563
3071,test,3071,2564
3100,test,3100,2591
3101,test,3101,2592
3109,test,3109,2600
3113,test,3113,2604
3125,test,3125,2615
3127,test,3127,2617
3129,test,12,2619
3133,test,2226,2622
3140,test,3140,2629
3142,test,3142,2631
3149,test,2102,2634
3151,test,3151,2636
3152,test,3151,2637
3153,test,3151,2638
3156,test,659,2640
3157,test,659,2641
3158,test,659,2642
3160,test,659,2643
3161,test,659,2644
3180,test,3180,2659
3182,test,3182,2661
3185,test,603,2664
3186,test,659,2665
3187,test,659,2666
3189,test,3189,2668
3193,test,659,2671
3198,test,3198,2675
3201,test,3201,2678
3203,test,3203,2680
3204,test,3203,2681
3207,test,3207,2684
3216,test,3216,2693
3222,test,3222,2696
3225,test,3225,2698
3232,test,3232,2704
3240,test,659,2711
3245,test,3245,2716
3249,test,3249,2719
3250,test,3249,2720
3251,test,2157,2721
3252,test,3252,2722
3253,test,3253,2723
3258,test,3258,2727
3259,test,3259,2728
3260,test,3260,2729
3268,test,3268,2737
3281,test,1134,2748
3295,test,3295,2755
3300,test,3300,2759
3307,test,3307,2766
3308,test,3308,2767
3310,test,3310,2769
3338,test,1626,2795
3339,test,1626,2796
3343,test,3343,2800
3353,test,3353,2808
3380,test,659,2828
3385,test,3385,2832
3403,test,3403,2847
3411,test,3411,2854
3413,test,3413,2856
3434,test,3434,2875
3436,test,2721,2877
3437,test,2586,2878
3458,test,3458,2897
3467,test,3467,2906
3472,test,2919,2911
3473,test,999,2912
3476,test,3476,2915
3482,test,674,2921
3497,test,3497,2934
3499,test,2332,2936
3501,test,3501,2938
3502,test,2332,2939
3503,test,3503,2940
3510,test,3510,2946
3515,test,2332,2951
3517,test,2332,2953
3519,test,3519,2955
3527,test,3527,2962
3530,test,3530,2965
3534,test,3534,2968
3552,test,3552,2984
3555,test,2694,2987
3564,test,3564,2996
3575,test,3575,3005
3576,test,3576,3006
3591,test,3591,3016
3604,test,3604,3027
3618,test,3618,3038
3619,test,3069,3039
3620,test,3069,3040
3627,test,3260,3044
3630,test,3630,3047
3632,test,3632,3049
3644,test,3644,3057
3663,test,3663,3069
3664,test,3664,3070
3700,test,3700,3102
3706,test,3706,3108
3718,test,420,3118
3719,test,2676,3119
3725,test,3725,3124
3726,test,3726,3125
3736,test,3736,3134
3741,test,3725,3139
3753,test,3753,3149
3755,test,3755,3151
3760,test,709,3156
3767,test,3767,3162
3768,test,3768,3163
3778,test,3778,3171
3782,test,3782,3175
3786,test,3786,3178
3788,test,3788,3180
3794,test,3794,3186
3795,test,3795,3187
3799,test,3799,3190
3817,test,3817,3206
3831,test,3831,3218
3833,test,3833,3219
3834,test,3834,3220
3835,test,3834,3221
3836,test,3836,3222
3852,test,2332,3238
3853,test,3853,3239
3854,test,3853,3240
3860,test,3860,3245
3877,test,3860,3260
3880,test,3834,3263
3898,test,3898,3278
3905,test,2437,3285
3906,test,3906,3286
3910,test,3910,3290
3912,test,3912,3292
3917,test,3917,3297
3918,test,3917,3298
3922,test,3922,3302
3933,test,3933,3312
3940,test,811,3318
3941,test,3941,3319
3944,test,3944,3322
3945,test,3945,3323
3947,test,3947,3325
3950,test,2919,3328
3956,test,3956,3334
3963,test,3963,3341
3964,test,3964,3342
3967,test,3967,3345
3975,test,3975,3351
3976,test,3976,3352
3981,test,3981,3357
3988,test,3988,3363
3990,test,3990,3364
4000,test,4000,3371
4001,test,4001,3372
4008,test,659,3378
4009,test,4009,3379
4015,test,2102,3384
4018,test,4018,3387
4022,test,2102,3390
4026,test,4026,3394
4032,test,4032,3400
4033,test,4033,3401
4034,test,4034,3402
4039,test,4039,3407
4053,test,2265,3416
4059,test,1961,3422
4060,test,4060,3423
4065,test,4065,3428
4067,test,1113,3430
4072,test,4072,3433
4101,test,4101,3456
4155,test,4155,3506
4173,test,4173,3520
4184,test,799,3529
4195,test,4195,3539
4200,test,4200,3544
4201,test,4201,3545
4207,test,4207,3551
4208,test,4208,3552
4221,test,4221,3564
4222,test,4222,3565
4225,test,4221,3568
4230,test,2437,3572
4231,test,4231,3573
4232,test,4231,3574
4233,test,4231,3575
4234,test,4231,3576
4235,test,4231,3577
4237,test,4231,3579
4249,test,4249,3591
4250,test,4250,3592
4256,test,4256,3598
4260,test,4260,3602
4264,test,3794,3606
4277,test,4277,3615
4278,test,4278,3616
4282,test,4282,3619
4293,test,4293,3627
4295,test,4295,3629
4311,test,4311,3645
4393,test,1661,3692
4400,test,4231,3694
4422,test,4422,3710
4423,test,4422,3711
4446,test,3056,3732
4449,test,4449,3734
4450,test,4449,3735
4455,test,4455,3738
4456,test,4456,3739
4458,test,2330,3741
4472,test,4472,3754
4477,test,4477,3758
4491,test,2102,3765
4496,test,966,3769
4503,test,734,3775
4507,test,4507,3778
4509,test,4509,3780
4514,test,4231,3784
4522,test,4522,3791
4533,test,4533,3800
4535,test,4535,3802
4537,test,4537,3803
4550,test,4550,3812
4552,test,4550,3814
4555,test,4550,3817
4558,test,4550,3820
4575,test,4072,3834
4576,test,4034,3835
4582,test,3260,3840
4583,test,4583,3841
4584,test,4583,3842
4585,test,4583,3843
4593,test,4593,3848
4602,test,4602,3854
4606,test,4606,3857
4608,test,4608,3859
4619,test,4619,3869
4621,test,4621,3871
4634,test,4634,3878
4637,test,4637,3880
4638,test,4638,3881
4640,test,4640,3883
4643,test,4643,3886
4645,test,4645,3888
4673,test,4673,3916
4687,test,4687,3927
4698,test,4698,3935
4700,test,4700,3937
4706,test,1579,3943
4713,test,4713,3950
4733,test,4733,3967
4735,test,4735,3969
4759,test,1189,3990
4765,test,4765,3995
4782,test,3564,4008
4784,test,4784,4009
4788,test,4788,4013
4789,test,4788,4014
4790,test,4788,4015
4805,test,4788,4027
4809,test,4809,4031
4817,test,659,4039
4826,test,659,4043
4827,test,659,4044
4828,test,659,4045
4831,test,3100,4047
4832,test,3100,4048
4833,test,3100,4049
4839,test,659,4053
4843,test,4843,4057
4845,test,917,4059
4848,test,4848,4061
4850,test,3140,4063
4852,test,3140,4065
4855,test,4855,4068
4870,test,4221,4081
4879,test,4879,4090
4882,test,4882,4093
4886,test,4886,4096
4896,test,1579,4106
4905,test,4905,4115
4914,test,4914,4123
4916,test,4916,4125
4921,test,4921,4129
4963,test,4963,4156
4965,test,4965,4158
4976,test,2330,4167
4980,test,4980,4171
4990,test,4990,4177
5005,test,5005,4190
5018,test,5018,4203
5020,test,659,4204
5025,test,5025,4207
5026,test,1189,4208
5027,test,1189,4209
5028,test,1189,4210
5033,test,5033,4214
5034,test,5034,4215
5042,test,5042,4222
5043,test,5042,4223
5057,test,5057,4235
5058,test,5058,4236
5065,test,5065,4241
5071,test,2694,4247
5072,test,2694,4248
5075,test,5075,4251
5079,test,5079,4254
5087,test,811,4261
5088,test,811,4262
5090,test,5090,4264
5093,test,5093,4266
5094,test,5094,4267
5110,test,5110,4282
5117,test,12,4289
5122,test,5122,4293
5124,test,5110,4295
5126,test,5126,4297
5130,test,12,4301
5131,test,23,4302
5143,test,5143,4314
5154,test,3975,4317
5156,test,5156,4319
5165,test,5165,4328
5169,test,659,4331
5170,test,659,4332
5171,test,659,4333
5177,test,5177,4337
5179,test,5179,4339
5180,test,5179,4340
5201,test,5201,4361
5209,test,5209,4369
5211,test,5179,4370
5230,test,5230,4389
5234,test,5230,4391
5254,test,5254,4408
5256,test,12,4410
5265,test,5265,4419
5268,test,2330,4422
5269,test,5269,4423
5272,test,3945,4426
5273,test,3945,4427
5274,test,3945,4428
5275,test,3945,4429
5279,test,3203,4433
5288,test,5288,4440
5292,test,5292,4444
5293,test,5293,4445
5303,test,5303,4455
5304,test,3203,4456
5307,test,5307,4459
5308,test,5307,4460
5319,test,5319,4466
5323,test,5323,4468
5357,test,5357,4488
5371,test,5371,4499
5388,test,5388,4516
5401,test,4000,4526
5411,test,5411,4533
5418,test,5418,4540
5449,test,2156,4569
5450,test,5450,4570
5452,test,5452,4572
5453,test,659,4573
5472,test,5472,4587
5481,test,5481,4594
5482,test,5482,4595
5485,test,5485,4598
5494,test,799,4607
5496,test,1189,4609
5497,test,2315,4610
5518,test,5518,4627
5519,test,474,4628
5524,test,5524,4631
5545,test,5545,4650
5551,test,5551,4655
5552,test,3591,4656
5562,test,5562,4664
5571,test,5571,4673
5574,test,5574,4676
5575,test,5575,4677
5579,test,5579,4681
5585,test,5165,4684
5586,test,5165,4685
5600,test,5600,4696
5605,test,5605,4700
5606,test,667,4701
5608,test,5608,4703
5611,test,5611,4705
5614,test,2302,4708
5622,test,5622,4715
5623,test,5622,4716
5626,test,5622,4719
5641,test,5641,4733
5656,test,5656,4745
5658,test,5658,4747
5659,test,5659,4748
5660,test,5658,4749
5661,test,5658,4750
5662,test,5658,4751
5663,test,5658,4752
5668,test,5668,4756
5671,test,5671,4759
5673,test,4535,4761
5691,test,4034,4779
5732,test,5732,4818
5735,test,5735,4820
5741,test,5741,4826
5742,test,5741,4827
5743,test,5743,4828
5753,test,5753,4836
5760,test,5760,4841
5762,test,5762,4843
5779,test,5779,4854
5781,test,5781,4856
5810,test,3564,4882
5815,test,5815,4886
5819,test,2382,4890
5821,test,1189,4892
5822,test,5822,4893
5829,test,5829,4899
5830,test,4455,4900
5831,test,4455,4901
5845,test,5622,4914
5857,test,5857,4924
5872,test,5872,4938
5895,test,5895,4958
5901,test,5857,4962
5913,test,5913,4973
5916,test,5913,4976
5924,test,5924,4982
5946,test,5946,4999
5949,test,4034,5002
5951,test,4621,5004
5952,test,4621,5005
5964,test,5964,5013
5973,test,5973,5021
5977,test,5973,5024
5986,test,5986,5032
5990,test,2694,5036
5993,test,5993,5039
6005,test,6005,5047
6031,test,6031,5071
6032,test,6031,5072
6046,test,6046,5082
6053,test,811,5088
6054,test,1958,5089
6059,test,6059,5094
6060,test,6059,5095
6062,test,6062,5097
6076,test,1995,5108
6082,test,6082,5114
6095,test,6095,5126
6097,test,23,5128
6098,test,799,5129
6099,test,6099,5130
6117,test,6117,5147
6120,test,6120,5150
6122,test,6122,5151
6123,test,6122,5152
6141,test,6141,5168
6182,test,622,5202
6189,test,6189,5205
6267,test,6267,5269
6268,test,6268,5270
6276,test,6276,5277
6277,test,6277,5278
6279,test,6279,5280
6280,test,5659,5281
6281,test,5659,5282
6282,test,5659,5283
6283,test,5659,5284
6284,test,5658,5285
6303,test,5659,5297
6305,test,6305,5299
6312,test,6312,5304
6313,test,6312,5305
6317,test,6317,5309
6325,test,6325,5314
6329,test,6329,5318
6335,test,6120,5322
6338,test,6120,5325
6343,test,6120,5329
6353,test,6120,5339
6370,test,6370,5356
6379,test,2332,5364
6380,test,6380,5365
6381,test,6380,5366
6382,test,6382,5367
6384,test,6382,5369
6385,test,1794,5370
6386,test,1794,5371
6387,test,1794,5372
6388,test,6382,5373
6389,test,1794,5374
6390,test,1794,5375
6392,test,1794,5377
6393,test,6382,5378
6395,test,6395,5380
6397,test,1794,5382
6398,test,1794,5383
6399,test,6382,5384
6400,test,6382,5385
6401,test,6382,5386
6402,test,6382,5387
6403,test,6382,5388
6405,test,6382,5390
6407,test,6382,5392
6411,test,6382,5396
6413,test,6382,5398
6414,test,6382,5399
6415,test,6395,5400
6417,test,6382,5402
6418,test,6382,5403
6430,test,6430,5415
6431,test,6431,5416
6434,test,1794,5419
6437,test,6437,5422
6441,test,6382,5426
6476,test,3817,5453
6484,test,6484,5461
6492,test,6492,5468
6493,test,6493,5469
6510,test,3963,5484
6513,test,6312,5487
6514,test,6312,5488
6515,test,6312,5489
6517,test,6517,5491
6521,test,3833,5495
6522,test,6522,5496
6528,test,669,5501
6542,test,6542,5509
6544,test,6544,5511
6563,test,6563,5525
6571,test,6571,5526
6577,test,1995,5528
6588,test,6588,5538
6589,test,6588,5539
6605,test,5857,5553
6609,test,659,5557
6610,test,6610,5558
6613,test,6613,5561
6618,test,6618,5566
6621,test,6621,5569
6627,test,6059,5574
6629,test,6059,5575
6643,test,659,5588
6646,test,6646,5591
6648,test,4026,5593
6649,test,4026,5594
6667,test,2268,5611
6668,test,2268,5612
6697,test,6697,5638
6702,test,6702,5642
6704,test,6704,5644
6706,test,6704,5646
6710,test,6704,5649
6718,test,2316,5657
6726,test,6726,5665
6729,test,6729,5668
6730,test,6730,5669
6731,test,6730,5670
6732,test,6730,5671
6737,test,6737,5675
6742,test,6742,5680
6743,test,6742,5681
6749,test,3027,5687
6761,test,6761,5699
6763,test,6763,5701
6765,test,6765,5703
6766,test,6761,5704
6774,test,6774,5712
6776,test,6763,5713
6778,test,6763,5715
6779,test,6765,5716
6780,test,6780,5717
6782,test,6782,5719
6783,test,3027,5720
6784,test,3027,5721
6786,test,6786,5723
6789,test,6761,5725
6822,test,6822,5747
6848,test,6848,5769
6852,test,6852,5773
6859,test,6859,5780
6887,test,6887,5799
6888,test,6887,5800
6889,test,6889,5801
6899,test,6899,5811
6904,test,6904,5816
6915,test,6915,5825
6941,test,6941,5842
6951,test,6951,5852
6956,test,774,5857
6963,test,6963,5863
6966,test,5857,5866
6967,test,6967,5867
6968,test,6968,5868
6973,test,4980,5872
6983,test,6904,5880
6984,test,6904,5881
6985,test,6904,5882
6992,test,6992,5887
6994,test,6994,5889
7000,test,7000,5895
7003,test,7003,5898
7033,test,7033,5928
7047,test,7047,5942
7054,test,7054,5948
7057,test,7057,5951
7061,test,3975,5954
7069,test,7069,5961
7074,test,7074,5964
7077,test,7077,5967
7083,test,6544,5972
7091,test,3963,5979
7092,test,7092,5980
7098,test,7098,5984
7099,test,7099,5985
7102,test,7102,5988
7105,test,7105,5990
7106,test,7105,5991
7118,test,3140,6002
7119,test,7119,6003
7122,test,4449,6005
7141,test,7141,6020
7143,test,171,6021
7154,test,7154,6031
7165,test,12,6041
7168,test,7168,6043
7174,test,7174,6048
7181,test,5857,6053
7203,test,5857,6070
7210,test,659,6076
7231,test,4621,6089
7233,test,7233,6091
7240,test,7240,6094
7245,test,7245,6096
7271,test,7271,6120
7276,test,7276,6125
7279,test,5857,6128
7281,test,5857,6129
7282,test,5857,6130
7284,test,5857,6132
7285,test,6963,6133
7297,test,5857,6145
7306,test,7306,6153
7333,test,7333,6175
7335,test,474,6177
7337,test,474,6179
7338,test,474,6180
7342,test,7342,6184
7349,test,474,6190
7355,test,7355,6195
7357,test,4921,6197
7374,test,7374,6210
7380,test,7380,6216
7381,test,7380,6217
7385,test,7385,6221
7386,test,7385,6222
7387,test,7385,6223
7389,test,7389,6225
7393,test,7389,6229
7402,test,7402,6235
7416,test,7416,6249
7430,test,7430,6255
7432,test,1740,6257
7440,test,7440,6262
7442,test,7442,6264
7445,test,7445,6265
7452,test,228,6271
7457,test,7457,6276
7459,test,7457,6278
7463,test,7457,6282
7478,test,7478,6294
7484,test,7484,6298
7501,test,7501,6312
7510,test,7510,6320
7513,test,7510,6323
7517,test,7517,6327
7519,test,7519,6329
7524,test,7524,6331
7528,test,6610,6334
7530,test,7530,6336
7535,test,1995,6341
7537,test,1740,6343
7540,test,7540,6346
7559,test,4602,6356
7572,test,7572,6368
7573,test,7572,6369
7574,test,7574,6370
7592,test,6312,6387
7593,test,6312,6388
7594,test,6312,6389
7596,test,7596,6391
7598,test,7598,6393
7611,test,7611,6402
7620,test,1958,6410
7624,test,7624,6413
7627,test,7627,6416
7663,test,7663,6426
7686,test,7686,6446
7690,test,7690,6450
7695,test,3140,6455
7710,test,7710,6465
7714,test,7714,6468
7731,test,392,6473
7742,test,7742,6481
7743,test,7742,6482
7744,test,2801,6483
7745,test,7745,6484
7759,test,7759,6497
7761,test,7761,6499
7772,test,1875,6507
7777,test,7777,6512
7778,test,7777,6513
7807,test,7807,6520
7817,test,774,6523
7836,test,7836,6527
7842,test,7842,6529
7846,test,5093,6532
7855,test,7855,6539
7864,test,7864,6546
7865,test,7865,6547
7882,test,1661,6552
7886,test,7886,6556
7890,test,7890,6559
7903,test,7903,6567
7921,test,7921,6571
7927,test,7927,6575
7955,test,7955,6600
7961,test,7961,6604
7964,test,7961,6606
7968,test,7968,6608
7980,test,601,6617
7989,test,7989,6624
7990,test,7989,6625
7991,test,7989,6626
7992,test,7989,6627
7994,test,7989,6629
7995,test,7989,6630
7999,test,7989,6634
8000,test,7989,6635
8001,test,7989,6636
8002,test,7989,6637
8003,test,7989,6638
8004,test,7989,6639
8005,test,7989,6640
8006,test,7989,6641
8007,test,7989,6642
8008,test,7989,6643
8009,test,7989,6644
8028,test,640,6659
8044,test,8044,6665
8045,test,8044,6666
8046,test,8044,6667
8051,test,8051,6671
8058,test,8058,6674
8069,test,8069,6682
8075,test,8075,6686
8076,test,8076,6687
8077,test,8076,6688
8079,test,8079,6690
8080,test,8080,6691
8094,test,6312,6697
8096,test,8096,6699
8206,test,8206,6760
8208,test,8208,6762
8215,test,3576,6764
8216,test,8216,6765
8223,test,8223,6771
8237,test,5815,6777
8285,test,8285,6810
8293,test,6730,6817
8351,test,8351,6863
8353,test,8353,6864
8370,test,8370,6876
8375,test,8375,6879
8377,test,8375,6881
8379,test,8379,6883
8391,test,8391,6891
8394,test,8394,6893
8403,test,8403,6899
8410,test,2330,6903
8411,test,8411,6904
8413,test,8413,6906
8414,test,8413,6907
8415,test,8413,6908
8437,test,8437,6925
8440,test,8440,6927
8448,test,774,6933
8449,test,774,6934
8471,test,8471,6952
8477,test,8477,6955
8481,test,8481,6959
8486,test,8486,6960
8498,test,8498,6969
8499,test,799,6970
8524,test,8524,6982
8539,test,8539,6988
8542,test,8542,6990
8545,test,8545,6992
8557,test,12,6994
8567,test,8567,6998
8571,test,8571,7002
8573,test,8573,7004
8575,test,8573,7006
8578,test,8573,7009
8579,test,8573,7010
8626,test,8626,7054
8672,test,8672,7093
8697,test,8697,7102
8706,test,8542,7108
8724,test,2605,7118
8733,test,8733,7126
8749,test,8749,7134
8751,test,8749,7136
8753,test,8749,7138
8766,test,8766,7149
8780,test,8780,7156
8789,test,8789,7164
8792,test,8542,7167
8801,test,8801,7172
8813,test,8813,7179
8821,test,8821,7187
8822,test,8821,7188
8856,test,8856,7211
8861,test,669,7215
8868,test,8868,7217
8869,test,8868,7218
8870,test,8868,7219
8871,test,8868,7220
8872,test,8868,7221
8890,test,8890,7227
8895,test,6276,7229
8907,test,8907,7235
8908,test,8908,7236
8919,test,4619,7246
8939,test,8939,7260
8948,test,8948,7264
8949,test,8948,7265
8954,test,3203,7270
8970,test,616,7283
8991,test,8991,7301
8992,test,8992,7302
8993,test,8993,7303
8994,test,8994,7304
9015,test,6312,7323
9032,test,9032,7334
9042,test,1958,7339
9045,test,6312,7342
9046,test,6312,7343
9048,test,9048,7345
9057,test,9057,7350
9059,test,9057,7352
9086,test,9086,7375
9088,test,9088,7377
9097,test,9097,7384
9098,test,9098,7385
9162,test,9162,7437
9168,test,9168,7441
9172,test,9172,7444
9178,test,734,7447
9211,test,9211,7469
9212,test,9212,7470
9282,test,9282,7504
9284,test,9284,7506
9290,test,9290,7510
9314,test,640,7522
9315,test,1023,7523
9320,test,9320,7526
9336,test,9336,7536
9340,test,7624,7538
9349,test,9349,7547
9350,test,9350,7548
9351,test,9350,7549
9352,test,9352,7550
9357,test,9357,7555
9359,test,9359,7557
9371,test,7624,7566
9372,test,7624,7567
9385,test,7624,7578
9388,test,9388,7581
9407,test,1770,7599
9408,test,7624,7600
9410,test,9410,7601
9424,test,6904,7612
9442,test,9442,7628
9469,test,4879,7650
9471,test,4879,7652
9497,test,3056,7672
9518,test,3056,7688
9526,test,4855,7695
9549,test,9549,7714
9556,test,9556,7720
9559,test,9559,7723
9560,test,9560,7724
9569,test,9569,7732
9570,test,9569,7733
9598,test,811,7742
9603,test,811,7747
9604,test,811,7748
9608,test,6120,7751
9609,test,3056,7752
9614,test,9614,7754
9640,test,9640,7778
9644,test,9644,7782
9682,test,746,7816
9683,test,746,7817
9713,test,9713,7831
9726,test,9726,7838
9739,test,2912,7851
9742,test,9742,7853
9744,test,9744,7854
9745,test,9745,7855
9746,test,9745,7856
9747,test,1961,7857
9748,test,9745,7858
9751,test,9751,7861
9752,test,8394,7862
9755,test,4855,7864
9767,test,9767,7875
9768,test,999,7876
9775,test,3056,7883
9781,test,9751,7889
9810,test,9810,7911
9819,test,4621,7917
9838,test,9838,7927
9850,test,9850,7933
9862,test,9862,7939
9883,test,9883,7951
9884,test,9883,7952
9885,test,9883,7953
9886,test,9883,7954
9887,test,9883,7955
9888,test,9883,7956
9889,test,9883,7957
9890,test,9883,7958
9891,test,9883,7959
9892,test,9883,7960
9893,test,9883,7961
9894,test,9883,7962
9895,test,9883,7963
9897,test,9883,7964
9899,test,9883,7965
9900,test,9883,7966
9907,test,8351,7969
9911,test,9911,7973
9917,test,9917,7975
9931,test,9931,7981
9933,test,9933,7983
9934,test,9934,7984
9936,test,9934,7986
9945,test,9945,7993
9947,test,9767,7995
9948,test,9948,7996
9950,test,9767,7998
9955,test,9955,8003
9963,test,9963,8011
9966,test,9966,8014
9970,test,9970,8018
9979,test,9767,8027
9981,test,9981,8029
9998,test,2302,8043
10000,test,4855,8044
10005,test,4855,8045
10014,test,10014,8049
10022,test,4855,8050
10024,test,10024,8051
10034,test,10034,8053
10041,test,5671,8060
10042,test,9970,8061
10057,test,5292,8072
10058,test,5292,8073
10059,test,5292,8074
10060,test,5292,8075
10061,test,5292,8076
10063,test,5292,8078
10085,test,9057,8097
10086,test,9057,8098
10087,test,9057,8099
10091,test,9057,8103
10094,test,9057,8106
10112,test,10112,8118
10114,test,10114,8119
10119,test,10119,8122
10136,test,4980,8135
10138,test,4980,8137
10139,test,10139,8138
10140,test,10140,8139
10141,test,10141,8140
10150,test,10150,8148
10168,test,10168,8158
10169,test,5371,8159
10174,test,5371,8163
10176,test,5371,8164
10177,test,5371,8165
10178,test,5371,8166
10179,test,5371,8167
10180,test,5371,8168
10204,test,10204,8184
10208,test,4201,8188
10209,test,4201,8189
10210,test,4201,8190
10212,test,4201,8192
10227,test,10227,8197
10236,test,3203,8204
10264,test,10264,8225
10282,test,5110,8238
10283,test,5110,8239
10284,test,5110,8240
10286,test,5110,8242
10321,test,10321,8266
10339,test,10339,8279
10342,test,10342,8280
10343,test,10343,8281
10347,test,9970,8283
10380,test,10380,8299
10383,test,10383,8302
10399,test,659,8315
10407,test,10407,8318
10447,test,10447,8344
10449,test,10449,8345
10452,test,10452,8346
10462,test,10462,8348
10464,test,10464,8349
10478,test,10478,8362
10479,test,10478,8363
10484,test,5110,8367
10485,test,5110,8368
10486,test,9970,8369
10487,test,5110,8370
10488,test,5110,8371
10489,test,5110,8372
10494,test,9970,8376
10495,test,10495,8377
10506,test,10506,8385
10509,test,8051,8387
10511,test,10511,8389
10514,test,10514,8391
10515,test,10514,8392
10530,test,10530,8405
10534,test,4201,8409
10545,test,10545,8414
10550,test,10550,8415
10551,test,10551,8416
10552,test,10551,8417
10565,test,10565,8427
10566,test,10566,8428
10568,test,10565,8430
10579,test,10579,8441
10581,test,10581,8443
10584,test,2552,8446
10586,test,4034,8448
10587,test,4034,8449
10592,test,10592,8454
10593,test,2854,8455
10597,test,10597,8459
10598,test,10598,8460
10599,test,10598,8461
10600,test,10600,8462
10603,test,10603,8465
10608,test,10608,8470
10611,test,1241,8472
10613,test,10613,8474
10620,test,10620,8481
10621,test,10621,8482
10629,test,10629,8486
10640,test,10640,8496
10648,test,2268,8503
10649,test,10649,8504
10651,test,10651,8506
10656,test,10656,8510
10657,test,9212,8511
10666,test,10666,8520
10668,test,10668,8522
10685,test,4231,8538
10686,test,4231,8539
10689,test,4231,8542
10692,test,4231,8545
10693,test,4231,8546
10694,test,10694,8547
10695,test,4231,8548
10696,test,10696,8549
10701,test,10701,8552
10707,test,10656,8558
10740,test,10740,8584
10756,test,4231,8597
10761,test,10761,8600
10769,test,10769,8606
10777,test,10777,8613
10796,test,10796,8632
10803,test,10803,8638
10806,test,10806,8641
10808,test,10808,8643
10812,test,10812,8646
10814,test,10814,8648
10824,test,10824,8658
10825,test,10825,8659
10826,test,10825,8660
10831,test,10831,8665
10833,test,10833,8667
10838,test,10838,8672
10848,test,10848,8678
10858,test,10858,8685
10862,test,10862,8689
10868,test,10868,8694
10869,test,10869,8695
10879,test,10848,8701
10881,test,10881,8703
10907,test,10907,8723
10912,test,10912,8727
10915,test,10915,8730
10917,test,10907,8732
10922,test,10922,8735
10923,test,10922,8736
10924,test,10922,8737
10980,test,10980,8757
10984,test,1847,8760
10985,test,1847,8761
10987,test,10987,8763
10998,test,811,8771
11005,test,11005,8777
11006,test,11005,8778
11007,test,11005,8779
11011,test,11011,8782
11012,test,5608,8783
11013,test,12,8784
11014,test,5608,8785
11022,test,8545,8792
11028,test,6276,8797
11036,test,11036,8801
11038,test,11038,8803
11042,test,11042,8807
11062,test,11062,8815
11075,test,11075,8818
11081,test,1844,8822
11087,test,11087,8827
11088,test,11042,8828
11092,test,11092,8832
11100,test,11100,8837
11105,test,11105,8840
11108,test,11105,8841
11113,test,11113,8846
11114,test,1958,8847
11121,test,11121,8854
11138,test,11138,8869
11140,test,11140,8870
11148,test,11148,8874
11150,test,11150,8876
11156,test,11156,8881
11168,test,11168,8889
11174,test,11174,8893
11175,test,11175,8894
11176,test,11175,8895
11209,test,11209,8914
11239,test,11239,8932
11244,test,11244,8937
11245,test,11245,8938
11251,test,11251,8941
11281,test,11281,8954
11285,test,11285,8956
11306,test,11306,8966
11310,test,11310,8970
11311,test,11311,8971
11318,test,11318,8978
11330,test,11330,8988
11334,test,1842,8992
11335,test,5946,8993
11337,test,11337,8995
11340,test,1842,8998
11341,test,8545,8999
11373,test,11373,9022
11378,test,11378,9025
11379,test,11379,9026
11381,test,11381,9027
11394,test,11394,9034
11395,test,11395,9035
11409,test,4788,9044
11410,test,11410,9045
11412,test,11412,9047
11413,test,11410,9048
11423,test,10848,9054
11424,test,10848,9055
11427,test,5230,9058
11431,test,11431,9060
11432,test,11432,9061
11433,test,11433,9062
11439,test,11439,9067
11443,test,11443,9070
11452,test,11452,9079
11454,test,10848,9080
11462,test,3043,9083
11470,test,10848,9088
11476,test,11476,9090
11481,test,11481,9094
11494,test,11494,9104
11499,test,7374,9107
11500,test,11500,9108
11504,test,10922,9111
11513,test,11513,9118
11515,test,11515,9120
11523,test,11523,9124
11524,test,11524,9125
11538,test,11538,9133
11540,test,11540,9135
11544,test,11544,9139
11548,test,1844,9142
11549,test,1844,9143
11562,test,11562,9155
11567,test,811,9160
11568,test,11568,9161
11579,test,4455,9164
11582,test,11582,9167
11586,test,11586,9171
11603,test,2332,9178
11608,test,2332,9182
11614,test,11614,9186
11637,test,11637,9198
11638,test,11638,9199
11649,test,11649,9204
11714,test,6312,9230
11730,test,5079,9240
11731,test,5079,9241
11735,test,11735,9243
11736,test,11735,9244
11755,test,11755,9250
11775,test,11775,9267
11793,test,688,9271
11806,test,11806,9274
11809,test,11809,9277
11813,test,11813,9280
11815,test,11813,9282
11816,test,11816,9283
11817,test,11817,9284
11821,test,9883,9288
11822,test,9883,9289
11823,test,9883,9290
11824,test,9883,9291
11825,test,9883,9292
11826,test,9883,9293
11827,test,9883,9294
11828,test,9883,9295
11829,test,9883,9296
11831,test,9883,9298
11832,test,9883,9299
11833,test,9883,9300
11834,test,9883,9301
11835,test,9883,9302
11836,test,9883,9303
11837,test,9883,9304
11838,test,9883,9305
11839,test,9883,9306
11840,test,9883,9307
11842,test,11842,9308
11843,test,9883,9309
11844,test,9883,9310
11845,test,9883,9311
11846,test,9883,9312
11847,test,9883,9313
11848,test,9883,9314
11879,test,8437,9322
11882,test,11882,9324
11889,test,11889,9325
11890,test,11889,9326
11919,test,11919,9336
11931,test,11931,9345
11935,test,11935,9348
11942,test,2801,9353
11943,test,11943,9354
11955,test,5371,9365
11962,test,11962,9369
11963,test,11962,9370
11967,test,2102,9374
11968,test,2102,9375
11969,test,2102,9376
11970,test,2102,9377
11971,test,2102,9378
11972,test,2102,9379
11973,test,2102,9380
11976,test,4231,9383
11980,test,4231,9387
11983,test,4231,9390
11985,test,4231,9391
11986,test,4231,9392
11987,test,4231,9393
11999,test,11999,9402
12000,test,10506,9403
12001,test,12001,9404
12012,test,4855,9406
12022,test,12022,9410
12051,test,12051,9421
12062,test,12062,9429
12088,test,12088,9439
12093,test,12088,9444
12094,test,12088,9445
12137,test,734,9477
12152,test,746,9479
12154,test,12154,9481
12157,test,12154,9484
12158,test,12154,9485
12159,test,12154,9486
12168,test,12168,9487
12173,test,12173,9490
12178,test,12178,9493
12182,test,12182,9494
12183,test,12182,9495
12184,test,12182,9496
12185,test,12182,9497
12186,test,12182,9498
12187,test,12182,9499
12188,test,12182,9500
12200,test,12182,9512
12201,test,12182,9513
12202,test,12182,9514
12203,test,12182,9515
12204,test,12182,9516
12210,test,12210,9518
12214,test,12214,9522
12215,test,12215,9523
12230,test,12230,9533
12240,test,12240,9536
12243,test,12240,9539
12245,test,12240,9541
12246,test,12240,9542
12252,test,12154,9548
12253,test,12154,9549
12281,test,12281,9561
12283,test,12283,9562
12284,test,12283,9563
12285,test,12283,9564
12286,test,12283,9565
12287,test,12283,9566
12298,test,12298,9574
12301,test,12301,9576
12375,test,12375,9604
12380,test,12380,9608
12382,test,12382,9610
12383,test,12382,9611
12385,test,12382,9613
12393,test,12393,9617
12395,test,12395,9618
12420,test,9883,9620
12448,test,12448,9638
12453,test,11175,9642
12459,test,6312,9647
12480,test,3027,9668
12481,test,12481,9669
12498,test,12498,9680
12524,test,2265,9698
12526,test,12526,9699
12550,test,11175,9714
12558,test,12558,9718
12561,test,8051,9721
12562,test,12562,9722
12563,test,12562,9723
12564,test,12562,9724
12568,test,12562,9728
12570,test,12562,9730
12576,test,12576,9736
12582,test,12582,9742
12585,test,12585,9744
12589,test,12589,9748
12590,test,12590,9749
12595,test,12595,9754
12608,test,12608,9763
12609,test,12608,9764
12611,test,4621,9766
12617,test,12617,9770
12625,test,12625,9775
12671,test,4621,9811
12675,test,12675,9814
12682,test,12682,9821
12686,test,12686,9825
12696,test,12696,9834
12700,test,7517,9838
12709,test,5622,9840
12726,test,12726,9850
12727,test,12727,9851
12748,test,12748,9870
12749,test,7864,9871
12756,test,3061,9878
12763,test,12763,9885
12797,test,12797,9911
12805,test,12805,9917
12808,test,12808,9920
12811,test,12805,9922
12812,test,12805,9923
12818,test,12818,9928
12828,test,12828,9935
12837,test,5622,9944
12840,test,12840,9945
12846,test,12846,9950
12847,test,12847,9951
12853,test,5622,9952
12858,test,12858,9956
12862,test,12862,9960
12865,test,12865,9963
12869,test,2157,9967
12871,test,4619,9969
12878,test,12301,9972
12889,test,12889,9982
12903,test,12903,9996
12914,test,12914,10007
12918,test,12918,10011
12919,test,12919,10012
12925,test,12925,10018
12930,test,12930,10023
12931,test,12930,10024
12932,test,12930,10025
12933,test,12933,10026
12937,test,12805,10030
12939,test,12865,10032
12940,test,12865,10033
12953,test,3027,10042
12957,test,3027,10046
12966,test,3027,10054
12967,test,3027,10055
12968,test,3027,10056
12970,test,12933,10058
12974,test,12974,10060
12976,test,12976,10062
12982,test,12982,10068
12985,test,669,10071
12993,test,12993,10075
12995,test,12995,10076
13030,test,13030,10093
13040,test,13040,10103
13044,test,13044,10107
13046,test,13046,10108
13047,test,13046,10109
13059,test,12805,10119
13083,test,13083,10137
13087,test,13087,10141
13092,test,13092,10143
13095,test,13095,10146
13104,test,13095,10154
13108,test,13108,10157
13114,test,13114,10160
13134,test,13134,10169
13162,test,13162,10194
13165,test,10551,10197
13167,test,13167,10199
13168,test,13168,10200
13173,test,13173,10205
13198,test,5622,10218
13214,test,2919,10230
13215,test,2919,10231
13218,test,2919,10234
13221,test,3591,10237
13224,test,13224,10240
13229,test,2919,10244
13230,test,2919,10245
13231,test,2919,10246
13232,test,2919,10247
13240,test,3591,10254
13245,test,3591,10259
13246,test,10506,10260
13248,test,10506,10262
13249,test,10506,10263
13250,test,10506,10264
13251,test,10506,10265
13252,test,9162,10266
13253,test,9162,10267
13283,test,3591,10271
13285,test,13285,10273
13286,test,12,10274
13290,test,3564,10278
13294,test,3564,10280
13295,test,12,10281
13297,test,13297,10283
13303,test,13303,10287
13309,test,13309,10293
13313,test,13313,10297
13314,test,13313,10298
13338,test,12982,10313
13339,test,13339,10314
13342,test,13342,10317
13350,test,13350,10325
13352,test,13352,10327
13355,test,13355,10329
13361,test,13361,10334
13364,test,13364,10336
13365,test,13365,10337
13367,test,13365,10339
13370,test,13365,10342
13374,test,13374,10345
13375,test,1844,10346
13384,test,13384,10352
13387,test,13387,10354
13388,test,13388,10355
13389,test,13388,10356
13393,test,13384,10358
13399,test,12797,10361
13406,test,13406,10364
13416,test,13416,10368
13436,test,13436,10369
13482,test,13482,10407
13511,test,13511,10423
13534,test,7624,10432
13557,test,13557,10443
13563,test,13563,10449
13564,test,13564,10450
13572,test,13572,10457
13583,test,2011,10467
13585,test,12865,10468
13589,test,13589,10469
13597,test,10506,10471
13598,test,10506,10472
13612,test,12727,10481
13616,test,13616,10484
13617,test,13617,10485
13645,test,13645,10511
13660,test,13660,10512
13663,test,13660,10514
13678,test,13167,10528
13697,test,13697,10545
13712,test,13712,10556
13713,test,13713,10557
13721,test,13721,10564
13727,test,5815,10566
13761,test,7416,10589
13773,test,13436,10599
13779,test,5924,10603
13780,test,13780,10604
13782,test,13134,10606
13787,test,13787,10611
13814,test,13814,10627
13818,test,10506,10630
13819,test,10506,10631
13820,test,10506,10632
13859,test,13859,10656
13877,test,13877,10668
13879,test,13879,10669
13887,test,13887,10675
13890,test,13890,10678
13891,test,13891,10679
13892,test,13892,10680
13894,test,13894,10682
13898,test,13355,10685
13899,test,5622,10686
13904,test,13904,10690
13916,test,13916,10702
13917,test,9883,10703
13924,test,4621,10709
13925,test,4621,10710
13928,test,4619,10712
13929,test,13929,10713
13938,test,13938,10720
13942,test,13942,10724
13944,test,13944,10726
13951,test,13951,10733
13953,test,13944,10735
13955,test,13955,10737
13957,test,13957,10738
13958,test,13957,10739
13959,test,4621,10740
13964,test,13957,10744
13977,test,13957,10755
13979,test,13957,10757
13986,test,13986,10763
13990,test,13990,10767
14003,test,13957,10780
14037,test,14037,10797
14069,test,13355,10818
14070,test,13355,10819
14071,test,13355,10820
14073,test,13355,10822
14074,test,13355,10823
14079,test,12995,10827
14082,test,14082,10830
14083,test,14083,10831
14101,test,14101,10849
14107,test,12993,10855
14116,test,14116,10862
14121,test,14121,10867
14132,test,14132,10874
14143,test,14143,10884
14145,test,5924,10886
14147,test,14147,10888
14149,test,14149,10890
14154,test,10141,10895
14155,test,10141,10896
14156,test,10141,10897
14157,test,14157,10898
14158,test,13712,10899
14187,test,14187,10919
14193,test,7864,10925
14196,test,14196,10928
14197,test,14196,10929
14205,test,2912,10935
14210,test,2912,10937
14211,test,2912,10938
14224,test,12727,10947
14225,test,14225,10948
14227,test,14227,10950
14234,test,2912,10955
14235,test,14235,10956
14245,test,12982,10963
14246,test,14246,10964
14249,test,14246,10967
14252,test,14252,10970
14253,test,14252,10971
14272,test,14272,10989
14299,test,14299,11011
14312,test,11175,11016
14313,test,14313,11017
14319,test,14299,11023
14325,test,14325,11028
14327,test,14327,11029
14333,test,1721,11033
14367,test,14367,11065
14376,test,14376,11069
14378,test,14299,11070
14379,test,14299,11071
14403,test,14403,11086
14409,test,14299,11091
14410,test,14299,11092
14414,test,3113,11095
14418,test,14418,11099
14424,test,14424,11102
14426,test,14299,11104
14427,test,14299,11105
14431,test,5079,11109
14434,test,11943,11112
14453,test,9644,11124
14455,test,9644,11125
14472,test,14472,11141
14475,test,669,11143
14476,test,14476,11144
14495,test,14495,11151
14496,test,14495,11152
14504,test,12298,11154
14505,test,14505,11155
14506,test,14505,11156
14507,test,14505,11157
14508,test,14505,11158
14547,test,14547,11177
14550,test,14424,11180
14551,test,14424,11181
14557,test,14557,11185
14558,test,14557,11186
14559,test,14557,11187
14560,test,14557,11188
14562,test,14557,11190
14563,test,14557,11191
14577,test,14577,11204
14579,test,14579,11206
14586,test,14586,11209
14593,test,14593,11215
14594,test,14594,11216
14595,test,14594,11217
14596,test,14596,11218
14608,test,14608,11226
14632,test,14608,11239
14635,test,14635,11241
14642,test,14594,11245
14643,test,14594,11246
14673,test,14673,11266
14694,test,14694,11281
14695,test,14694,11282
14703,test,274,11287
14705,test,274,11289
14706,test,274,11290
14707,test,274,11291
14708,test,274,11292
14709,test,274,11293
14710,test,274,11294
14711,test,274,11295
14712,test,274,11296
14715,test,274,11299
14716,test,274,11300
14717,test,274,11301
14718,test,274,11302
14726,test,14547,11308
14727,test,14547,11309
14744,test,14744,11314
14745,test,14745,11315
14764,test,14764,11325
14765,test,14764,11326
14767,test,14764,11328
14768,test,14764,11329
14770,test,14764,11331
14782,test,14782,11336
14783,test,14782,11337
14784,test,14782,11338
14785,test,14782,11339
14786,test,14782,11340
14790,test,14782,11344
14793,test,14608,11345
14799,test,14799,11350
14812,test,14812,11352
14817,test,14817,11354
14822,test,14822,11357
14828,test,14608,11361
14830,test,14505,11363
14836,test,14836,11367
14843,test,14608,11370
14869,test,14608,11373
14872,test,14872,11375
14882,test,14882,11384
14883,test,14882,11385
14884,test,14884,11386
14885,test,14884,11387
14888,test,14884,11390
14889,test,14884,11391
14890,test,14884,11392
14891,test,14884,11393
14892,test,14884,11394
14893,test,14884,11395
14911,test,14911,11409
14912,test,14911,11410
14913,test,14911,11411
14914,test,14911,11412
14915,test,14911,11413
14916,test,14911,11414
14917,test,14911,11415
14918,test,14911,11416
14925,test,14911,11421
14964,test,14964,11458
14987,test,14987,11471
14989,test,14989,11472
15009,test,10545,11484
15012,test,11175,11487
15013,test,11175,11488
15014,test,11175,11489
15016,test,15016,11491
15017,test,15016,11492
15031,test,15031,11506
15032,test,15032,11507
15034,test,1217,11509
15046,test,5600,11521
15050,test,15050,11523
15055,test,5600,11526
15061,test,4000,11531
15062,test,4000,11532
15065,test,5600,11533
15067,test,1958,11534
15087,test,5600,11553
15092,test,1387,11558
15105,test,15105,11566
15124,test,1286,11573
15128,test,1770,11575
15134,test,15134,11581
15138,test,15138,11585
15140,test,524,11587
15147,test,8051,11593
15153,test,475,11598
15159,test,15159,11603
15166,test,15166,11609
15176,test,15176,11618
15180,test,15180,11621
15181,test,15181,11622
15188,test,15188,11627
15194,test,3253,11631
15207,test,1995,11644
15212,test,15212,11648
15213,test,15212,11649
15223,test,15223,11656
15227,test,1189,11659
15228,test,1189,11660
15231,test,15231,11661
15232,test,15232,11662
15250,test,15250,11678
15256,test,2266,11684
15257,test,2266,11685
15267,test,11931,11690
15268,test,11931,11691
15269,test,11931,11692
15278,test,2316,11699
15280,test,15280,11701
15287,test,15287,11706
15301,test,7968,11718
15302,test,15302,11719
15318,test,15318,11734
15326,test,15326,11739
15329,test,15329,11742
15331,test,15331,11744
15335,test,2265,11748
15344,test,15344,11754
15348,test,3027,11758
15352,test,1995,11762
15354,test,4921,11763
15355,test,15355,11764
15365,test,15365,11771
15366,test,15365,11772
15376,test,15376,11782
15403,test,15403,11805
15404,test,15403,11806
15405,test,15403,11807
15406,test,15403,11808
15407,test,6887,11809
15408,test,6887,11810
15417,test,15417,11818
15421,test,15403,11821
15424,test,15424,11824
15431,test,15431,11831
15435,test,15435,11834
15448,test,15448,11845
15451,test,15448,11848
15456,test,5656,11853
15464,test,12576,11861
15465,test,12576,11862
15490,test,15490,11878
15491,test,15490,11879
15492,test,15490,11880
15498,test,15498,11886
15505,test,15505,11892
15539,test,15539,11923
15541,test,5872,11924
15561,test,15561,11942
15570,test,2437,11951
15573,test,2437,11954
15576,test,2437,11957
15579,test,2437,11960
15580,test,2437,11961
15581,test,2437,11962
15582,test,2437,11963
15587,test,5110,11968
15589,test,5110,11970
15590,test,5110,11971
15591,test,5110,11972
15592,test,5110,11973
15594,test,5110,11975
15595,test,5110,11976
15596,test,5110,11977
15597,test,5110,11978
15598,test,5110,11979
15599,test,5110,11980
15600,test,5110,11981
15601,test,5110,11982
15602,test,5110,11983
15603,test,5110,11984
15604,test,5110,11985
15605,test,5110,11986
15609,test,15609,11990
15611,test,15611,11992
15612,test,15612,11993
15618,test,15618,11999
15648,test,15648,12021
15649,test,15649,12022
15650,test,15650,12023
15652,test,15652,12024
15653,test,15652,12025
15672,test,5079,12034
15697,test,15697,12050
15700,test,8413,12053
15704,test,15704,12057
15712,test,15712,12065
15713,test,15712,12066
15715,test,15715,12068
15718,test,15718,12071
15724,test,15724,12076
15728,test,14196,12078
15730,test,15652,12079
15746,test,15746,12085
15766,test,15766,12095
15768,test,15768,12097
15772,test,15772,12101
15777,test,15777,12106
15779,test,15777,12108
15795,test,15795,12122
15840,test,3056,12139
15841,test,3056,12140
15845,test,3056,12141
15846,test,3056,12142
15853,test,3056,12149
15855,test,3056,12151
15871,test,746,12164
15884,test,8394,12170
15885,test,8394,12171
15896,test,15896,12181
15898,test,15898,12183
15907,test,2102,12192
15914,test,9751,12198
15917,test,1687,12200
15930,test,1995,12213
15931,test,1995,12214
15933,test,15933,12216
15943,test,15943,12225
15969,test,811,12235
15979,test,15979,12243
15982,test,389,12245
16023,test,16023,12254
16024,test,10495,12255
16033,test,14635,12261
16034,test,16034,12262
16035,test,16034,12263
16036,test,16034,12264
16037,test,16034,12265
16039,test,16034,12267
16040,test,16034,12268
16041,test,16034,12269
16042,test,16034,12270
16043,test,16043,12271
16070,test,16070,12278
16078,test,659,12284
16079,test,16079,12285
16109,test,16109,12299
16114,test,16114,12303
16143,test,13944,12328
16145,test,344,12330
16147,test,16147,12332
16157,test,16157,12341
16158,test,16158,12342
16159,test,3963,12343
16161,test,1286,12345
16163,test,16163,12346
16164,test,16164,12347
16174,test,16158,12355
16218,test,7742,12385
16229,test,1286,12394
16232,test,16232,12396
16239,test,16239,12402
16245,test,12498,12404
16246,test,12498,12405
16247,test,4231,12406
16249,test,12498,12408
16250,test,12498,12409
16253,test,12498,12412
16258,test,13645,12414
16265,test,4231,12419
16268,test,16268,12422
16283,test,13814,12434
16286,test,16286,12435
16287,test,4231,12436
16298,test,664,12442
16301,test,16301,12444
16302,test,16302,12445
16303,test,4201,12446
16321,test,562,12459
16333,test,16333,12467
16339,test,16339,12471
16340,test,16339,12472
16342,test,16339,12473
16343,test,16339,12474
16345,test,16339,12476
16346,test,16346,12477
16347,test,16339,12478
16348,test,16339,12479
16387,test,16387,12493
16388,test,16387,12494
16402,test,734,12500
16404,test,16404,12502
16405,test,16405,12503
16414,test,16414,12512
16415,test,4034,12513
16419,test,1189,12517
16422,test,16422,12520
16425,test,16425,12523
16427,test,2157,12524
16431,test,16431,12527
16437,test,16437,12531
16438,test,4788,12532
16439,test,4621,12533
16443,test,16443,12537
16446,test,5658,12540
16447,test,5659,12541
16456,test,6899,12549
16459,test,16459,12551
16465,test,16405,12557
16473,test,16473,12563
16475,test,15212,12565
16476,test,9883,12566
16489,test,3140,12575
16492,test,746,12578
