ligand_id,cluster_id,y,prediction,abs_residual,width_0.8,covered_0.8,width_0.9,covered_0.9,width_0.95,covered_0.95,width_joint,covered_joint,score_joint,neff_joint,score_global
4,4,3.273640662,3.3488200886472996,0.0751794266472996,1.050068804597155,1,1.52468147153286,1,2.064054646969362,1,1.4928188003459582,1,1.4928188003459582,990.9792965188781,1.52468147153286
12,12,3.110744921,3.398891311536065,0.2881463905360646,1.050068804597155,1,1.52468147153286,1,2.064054646969362,1,1.3910522890513155,1,1.3910522890513155,623.5450413308876,1.52468147153286
13,13,4.062384348,3.7604222129195337,0.3019621350804669,1.050068804597155,1,1.52468147153286,1,2.064054646969362,1,1.5157978181117926,1,1.5157978181117926,975.236510984714,1.52468147153286
15,15,3.394926946,3.522842654636546,0.1279157086365461,1.050068804597155,1,1.52468147153286,1,2.064054646969362,1,1.366353248407834,1,1.366353248407834,716.6541637185629,1.52468147153286
19,19,3.019697031,2.732763085386165,0.2869339456138351,1.050068804597155,1,1.52468147153286,1,2.064054646969362,1,1.4519737566165158,1,1.4519737566165158,307.20598468920866,1.52468147153286
23,23,4.144498339,4.659764503074036,0.5152661640740357,1.050068804597155,1,1.52468147153286,1,2.064054646969362,1,1.52468147153286,1,1.52468147153286,1.0141661480151378,1.52468147153286
29,29,4.004166548,3.541560225079831,0.4626063229201689,1.050068804597155,1,1.52468147153286,1,2.064054646969362,1,1.329605484588213,1,1.329605484588213,939.3105532921187,1.52468147153286
31,31,4.274878993,4.367311613685144,0.0924326206851446,1.050068804597155,1,1.52468147153286,1,2.064054646969362,1,1.3910522890513155,1,1.3910522890513155,1003.4158713197319,1.52468147153286
37,31,4.276976654,4.295661911936979,0.0186852579369789,1.050068804597155,1,1.52468147153286,1,2.064054646969362,1,1.3789645652359779,1,1.3789645652359779,798.6657907839708,1.52468147153286
60,60,4.225691706,3.034015647429485,1.1916760585705153,1.050068804597155,0,1.52468147153286,0,2.064054646969362,0,1.4982305036798973,0,10.34944663829123,333.77913163527217,10.111387927614565
64,64,2.556688369,2.868982545344936,0.312294176344936,1.050068804597155,1,1.52468147153286,1,2.064054646969362,1,1.6211267466279642,1,1.6211267466279642,694.0106468378393,1.52468147153286
67,67,2.658368945,2.656182358141868,0.0021865868581318,1.050068804597155,1,1.52468147153286,1,2.064054646969362,1,1.6348515981018181,1,1.6348515981018181,704.5025264523158,1.52468147153286
72,72,4.086160395,3.7560742155459206,0.3300861794540797,1.050068804597155,1,1.52468147153286,1,2.064054646969362,1,1.4000068673287505,1,1.4000068673287505,1118.336293031538,1.52468147153286
86,86,4.275528222,4.328506233504935,0.0529780115049351,1.050068804597155,1,1.52468147153286,1,2.064054646969362,1,1.123091525034881,1,1.123091525034881,502.8012066920564,1.52468147153286
88,88,4.117348013,3.869415941045154,0.2479320719548461,1.050068804597155,1,1.52468147153286,1,2.064054646969362,1,1.0788291633046407,1,1.0788291633046407,392.2215815052712,1.52468147153286
95,95,2.598234601,3.2996890818375153,0.7014544808375152,1.050068804597155,0,1.52468147153286,1,2.064054646969362,1,1.2934848125288436,0,2.3877263039907106,725.0692492851086,1.52468147153286
96,96,4.012215927,3.810854601684532,0.2013613253154678,1.050068804597155,1,1.52468147153286,1,2.064054646969362,1,1.0741825317303277,1,1.0741825317303277,596.3725318459454,1.52468147153286
153,153,6.097804249,3.261961111851594,2.835843137148406,1.050068804597155,0,1.52468147153286,0,2.064054646969362,0,1.632526632945865,0,42.024123046455344,716.8510306824096,42.99472949917238
155,155,1.717997085,2.514543167833565,0.7965460828335647,1.050068804597155,0,1.52468147153286,0,2.064054646969362,1,1.4982305036798973,0,2.4468471235522173,234.28880374935372,2.2087884128755526
171,171,1.360457754,2.113280483980801,0.7528227299808008,1.050068804597155,0,1.52468147153286,1,2.064054646969362,1,1.52468147153286,1,1.52468147153286,51.565437419797966,1.52468147153286
189,189,4.173206141,3.861422677014011,0.3117834639859889,1.050068804597155,1,1.52468147153286,1,2.064054646969362,1,1.1574151242489146,1,1.1574151242489146,592.432585659373,1.52468147153286
197,197,3.830780095,3.6235956498118527,0.2071844451881475,1.050068804597155,1,1.52468147153286,1,2.064054646969362,1,1.1964387702367638,1,1.1964387702367638,526.3342200300772,1.52468147153286
202,202,1.797919532,2.089089308035698,0.2911697760356977,1.050068804597155,1,1.52468147153286,1,2.064054646969362,1,1.4982305036798973,1,1.4982305036798973,255.53779684197715,1.52468147153286
211,211,3.268745738,3.1466436178796418,0.122102120120358,1.050068804597155,1,1.52468147153286,1,2.064054646969362,1,1.4375515506991992,1,1.4375515506991992,999.2530828362043,1.52468147153286
228,228,4.209269202,4.073482437319906,0.1357867646800938,1.050068804597155,1,1.52468147153286,1,2.064054646969362,1,1.4553805109797686,1,1.4553805109797686,960.1568165063525,1.52468147153286
246,246,2.324500407,3.444887434368869,1.120387027368869,1.050068804597155,0,1.52468147153286,0,2.064054646969362,0,1.5008579996902878,0,8.90001855016479,973.4954171888401,8.685607303581639
256,256,3.615439294,3.687805003276099,0.0723657092760987,1.050068804597155,1,1.52468147153286,1,2.064054646969362,1,1.1306601012915225,1,1.1306601012915225,672.7626052549001,1.52468147153286
258,15,3.358201263,3.2746537835015532,0.0835474794984469,1.050068804597155,1,1.52468147153286,1,2.064054646969362,1,1.429650291237051,1,1.429650291237051,536.4158550119042,1.52468147153286
271,271,2.606951202,3.4882674451906044,0.8813162431906045,1.050068804597155,0,1.52468147153286,0,2.064054646969362,1,1.4820917832292722,0,4.287498814748641,795.1108113710388,3.9041916200163502
274,274,3.502990947,3.736005574315032,0.2330146273150326,1.050068804597155,1,1.52468147153286,1,2.064054646969362,1,1.027105865603783,1,1.027105865603783,379.30826545265944,1.52468147153286
276,276,3.61394801,4.010951512793386,0.3970035027933858,1.050068804597155,1,1.52468147153286,1,2.064054646969362,1,1.52468147153286,1,1.52468147153286,2.026838111132357,1.52468147153286
303,303,3.350785125,3.6235830278626104,0.2727979028626106,1.050068804597155,1,1.52468147153286,1,2.064054646969362,1,1.4982305036798973,1,1.4982305036798973,224.01223420934306,1.52468147153286
313,313,3.905192767,3.777805640122199,0.1273871268778008,1.050068804597155,1,1.52468147153286,1,2.064054646969362,1,1.3398275348484274,1,1.3398275348484274,934.6968078706067,1.52468147153286
324,324,2.312172449,2.1092397051382665,0.2029327438617336,1.050068804597155,1,1.52468147153286,1,2.064054646969362,1,1.9331765340149112,1,1.9331765340149112,340.6542549257276,1.52468147153286
333,333,2.871932005,2.7421097434137147,0.1298222615862854,1.050068804597155,1,1.52468147153286,1,2.064054646969362,1,1.7124406432167314,1,1.7124406432167314,546.327603884283,1.52468147153286
344,344,5.160083482,4.148899383804708,1.011184098195292,1.050068804597155,0,1.52468147153286,0,2.064054646969362,1,1.5072520957078765,0,6.658413102534951,438.43785372589304,6.501548720110099
348,348,2.141186107,2.5637079290041713,0.4225218220041715,1.050068804597155,1,1.52468147153286,1,2.064054646969362,1,1.6177557297486516,1,1.6177557297486516,829.9641661814227,1.52468147153286
350,350,3.931892225,4.0199836285516,0.0880914035516,1.050068804597155,1,1.52468147153286,1,2.064054646969362,1,1.391427373169848,1,1.391427373169848,958.5272166160556,1.52468147153286
352,352,4.29413211,3.4477753846488977,0.846356725351102,1.050068804597155,0,1.52468147153286,0,2.064054646969362,1,1.391427373169848,0,4.404288148493406,854.0345086321516,3.2050012632262987
356,356,4.208312936,3.884277054872547,0.3240358811274526,1.050068804597155,1,1.52468147153286,1,2.064054646969362,1,1.1846887263249224,1,1.1846887263249224,604.85546146481,1.52468147153286
372,372,2.015123561,2.6601193137226313,0.6449957527226315,1.050068804597155,0,1.52468147153286,1,2.064054646969362,1,1.7976301145222076,1,1.7976301145222076,117.04838260553794,1.52468147153286
375,375,3.63616583,3.2867223562821213,0.3494434737178786,1.050068804597155,1,1.52468147153286,1,2.064054646969362,1,1.3789645652359779,1,1.3789645652359779,1038.4641750650856,1.52468147153286
376,376,3.522264606,3.1016593510823363,0.4206052549176635,1.050068804597155,1,1.52468147153286,1,2.064054646969362,1,1.7753279157393127,1,1.7753279157393127,487.6062972265932,1.52468147153286
378,378,4.956106478,3.986790660673241,0.9693158173267586,1.050068804597155,0,1.52468147153286,0,2.064054646969362,1,1.1846887263249224,0,8.72411780961087,566.0378189884933,5.6641831027394325
389,389,3.692363906,3.737935260840086,0.0455713548400864,1.050068804597155,1,1.52468147153286,1,2.064054646969362,1,1.301023391114362,1,1.301023391114362,205.63273334681512,1.52468147153286
392,392,3.250409158,3.5582426888670273,0.3078335308670272,1.050068804597155,1,1.52468147153286,1,2.064054646969362,1,1.3504731496125624,1,1.3504731496125624,668.5372669268266,1.52468147153286
399,399,3.039942171,3.018223343246091,0.0217188277539084,1.050068804597155,1,1.52468147153286,1,2.064054646969362,1,1.2942752761884568,1,1.2942752761884568,96.68150568274739,1.52468147153286
400,400,3.245218926,3.849979780570785,0.604760854570785,1.050068804597155,0,1.52468147153286,1,2.064054646969362,1,1.261916561623683,1,1.261916561623683,89.85104362350593,1.52468147153286
417,417,3.756637342,3.3962915236966644,0.3603458183033354,1.050068804597155,1,1.52468147153286,1,2.064054646969362,1,1.4928188003459582,1,1.4928188003459582,1006.0355791995277,1.52468147153286
420,420,2.697966291,3.4504699754982098,0.7525036844982096,1.050068804597155,0,1.52468147153286,1,2.064054646969362,1,1.5008579996902878,0,1.5423516927516019,305.50201534355966,1.52468147153286
428,428,1.867622814,3.1974895366659006,1.329866722665901,1.050068804597155,0,1.52468147153286,0,2.064054646969362,0,1.3789645652359779,0,14.186653366194218,1153.3382660299087,12.875201209522277
466,466,3.019652686,2.842943194990983,0.1767094910090172,1.050068804597155,1,1.52468147153286,1,2.064054646969362,1,1.407223166139615,1,1.407223166139615,860.3182352653828,1.52468147153286
472,472,3.837017009,4.048456535435787,0.2114395264357869,1.050068804597155,1,1.52468147153286,1,2.064054646969362,1,1.1964387702367638,1,1.1964387702367638,630.1514818408943,1.52468147153286
474,474,3.596778129,3.160761904871513,0.4360162241284868,1.050068804597155,1,1.52468147153286,1,2.064054646969362,1,1.5887891635532467,1,1.5887891635532467,849.3602137388586,1.52468147153286
475,475,3.301572525,4.147380216533264,0.8458076915332642,1.050068804597155,0,1.52468147153286,0,2.064054646969362,1,1.699289333118247,1,1.699289333118247,623.2288407773437,3.1940205868695433
476,476,3.119898275,3.885671489241482,0.7657732142414817,1.050068804597155,0,1.52468147153286,0,2.064054646969362,1,1.0788291633046407,0,5.606001815087867,400.7866789027275,1.5933310410338937
480,480,2.632078148,3.268269952987078,0.6361918049870776,1.050068804597155,0,1.52468147153286,1,2.064054646969362,1,1.5157978181117926,1,1.5157978181117926,688.3732302413828,1.52468147153286
481,480,2.668672445,2.9078673712589147,0.2391949262589148,1.050068804597155,1,1.52468147153286,1,2.064054646969362,1,1.784658526383998,1,1.784658526383998,421.7342193893056,1.52468147153286
488,488,2.339785233,2.888660186949573,0.5488749539495728,1.050068804597155,0,1.52468147153286,1,2.064054646969362,1,1.7322532286447205,1,1.7322532286447205,560.3509979414728,1.52468147153286
491,491,4.459327324,2.280917260686029,2.1784100633139714,1.050068804597155,0,1.52468147153286,0,2.064054646969362,0,1.5737498636462122,0,29.40445249346352,135.90507534899993,29.846068022483685
512,512,4.013560283,3.437993259165777,0.5755670238342234,1.050068804597155,0,1.52468147153286,1,2.064054646969362,1,1.1132303611922225,0,1.4922672259544658,496.7738735480136,1.52468147153286
523,523,1.53375646,3.6254563746169457,2.091699914616945,1.050068804597155,0,1.52468147153286,0,2.064054646969362,0,1.5737498636462122,0,27.670249519522994,111.36833542024465,28.11186504854316
524,524,4.291159202,3.929679140484458,0.3614800615155422,1.050068804597155,1,1.52468147153286,1,2.064054646969362,1,1.391427373169848,1,1.391427373169848,995.9185387817354,1.52468147153286
526,526,3.891058741,3.431437649996677,0.4596210910033229,1.050068804597155,1,1.52468147153286,1,2.064054646969362,1,1.1307651037945696,1,1.1307651037945696,632.9662135301054,1.52468147153286
528,528,1.572695179,2.5425539590990316,0.9698587800990316,1.050068804597155,0,1.52468147153286,0,2.064054646969362,1,1.7143122850797967,0,3.9683650362624614,367.8331213811649,5.675042358184891
533,533,2.283946159,2.7787653961035996,0.4948192371035995,1.050068804597155,1,1.52468147153286,1,2.064054646969362,1,1.6309639547093955,1,1.6309639547093955,642.5101117273454,1.52468147153286
535,535,3.407058147,3.2291238142053107,0.1779343327946891,1.050068804597155,1,1.52468147153286,1,2.064054646969362,1,1.6211267466279642,1,1.6211267466279642,820.5510649747591,1.52468147153286
540,420,3.500429315,3.569395957485401,0.0689666424854009,1.050068804597155,1,1.52468147153286,1,2.064054646969362,1,1.4375515506991992,1,1.4375515506991992,381.63794390440455,1.52468147153286
542,72,4.114975058,3.775290864727151,0.3396841932728489,1.050068804597155,1,1.52468147153286,1,2.064054646969362,1,1.4820917832292722,1,1.4820917832292722,981.8427995533099,1.52468147153286
547,547,1.625200867,2.478146428412728,0.8529455614127281,1.050068804597155,0,1.52468147153286,0,2.064054646969362,1,1.5626288932031063,0,2.9952511894266065,835.3926800267795,3.3367779844588226
562,562,4.025440574,3.7377561492356097,0.2876844247643908,1.050068804597155,1,1.52468147153286,1,2.064054646969362,1,1.1846887263249224,1,1.1846887263249224,622.580457785993,1.52468147153286
564,564,4.027748474,3.16812874937124,0.85961972462876,1.050068804597155,0,1.52468147153286,0,2.064054646969362,1,1.5095461980813774,0,3.606478709842804,888.7929745422718,3.47026124877946
591,562,4.020606278,3.8786156406831687,0.1419906373168311,1.050068804597155,1,1.52468147153286,1,2.064054646969362,1,1.2203379168254198,1,1.2203379168254198,704.2526708146975,1.52468147153286
592,592,4.13538838,3.61104978469381,0.5243385953061903,1.050068804597155,1,1.52468147153286,1,2.064054646969362,1,1.1846887263249224,1,1.1846887263249224,582.1840091993151,1.52468147153286
594,67,2.641613474,2.8604547120157133,0.2188412380157132,1.050068804597155,1,1.52468147153286,1,2.064054646969362,1,1.4421221644499145,1,1.4421221644499145,882.5346930895302,1.52468147153286
601,601,3.836813697,3.769859440535836,0.066954256464164,1.050068804597155,1,1.52468147153286,1,2.064054646969362,1,1.3945897224156516,1,1.3945897224156516,992.0163181001867,1.52468147153286
603,603,5.239690742,4.001194387306029,1.238496354693971,1.050068804597155,0,1.52468147153286,0,2.064054646969362,0,1.52468147153286,0,11.047793850083677,1.8308870804075927,11.047793850083677
614,614,3.392074831,3.018564966873614,0.3735098641263858,1.050068804597155,1,1.52468147153286,1,2.064054646969362,1,1.6910857157185362,1,1.6910857157185362,563.9345950889547,1.52468147153286
616,616,3.020100362,3.281522712388897,0.261422350388897,1.050068804597155,1,1.52468147153286,1,2.064054646969362,1,1.784658526383998,1,1.784658526383998,380.7960179345353,1.52468147153286
618,618,3.52933648,3.7854557272346927,0.2561192472346927,1.050068804597155,1,1.52468147153286,1,2.064054646969362,1,1.4553805109797686,1,1.4553805109797686,1029.545246254061,1.52468147153286
622,622,3.798607835,3.929578758766312,0.1309709237663119,1.050068804597155,1,1.52468147153286,1,2.064054646969362,1,1.5072520957078765,1,1.5072520957078765,610.0468891417241,1.52468147153286
634,634,3.651119245,3.3854754430057805,0.2656438019942193,1.050068804597155,1,1.52468147153286,1,2.064054646969362,1,1.6177557297486516,1,1.6177557297486516,658.428756126325,1.52468147153286
640,640,2.104468553,2.319339152410837,0.2148705994108373,1.050068804597155,1,1.52468147153286,1,2.064054646969362,1,1.366353248407834,1,1.366353248407834,116.81372679281684,1.52468147153286
650,650,1.371956263,2.218027638588256,0.8460713755882563,1.050068804597155,0,1.52468147153286,0,2.064054646969362,1,1.720364193938941,1,1.720364193938941,117.60970075888902,3.1992942679693854
653,653,1.536143754,3.050801539321368,1.514657785321368,1.050068804597155,0,1.52468147153286,0,2.064054646969362,0,1.4370024809237814,0,17.36013337811333,111.1860344147006,16.57102246263162
659,659,4.922117955,3.6384745699537033,1.2836433850462967,1.050068804597155,0,1.52468147153286,0,2.064054646969362,0,1.751109723736751,0,9.912880187295176,180.71276257717932,11.950734457130194
660,660,2.482950364,3.000696126155434,0.517745762155434,1.050068804597155,1,1.52468147153286,1,2.064054646969362,1,1.4982305036798973,1,1.4982305036798973,228.6846542947131,1.52468147153286
664,664,2.734537075,2.797639082304991,0.063102007304991,1.050068804597155,1,1.52468147153286,1,2.064054646969362,1,1.471777350325528,1,1.471777350325528,1064.8784264365677,1.52468147153286
667,667,2.902046463,2.7962983623106097,0.1057481006893903,1.050068804597155,1,1.52468147153286,1,2.064054646969362,1,1.396974315685524,1,1.396974315685524,901.477794166539,1.52468147153286
669,669,3.472300244,3.2822952763718174,0.1900049676281825,1.050068804597155,1,1.52468147153286,1,2.064054646969362,1,1.3631207705959003,1,1.3631207705959003,763.7436684050646,1.52468147153286
674,674,4.549066789,3.616201196836158,0.9328655921638428,1.050068804597155,0,1.52468147153286,0,2.064054646969362,1,1.3504731496125624,0,6.503053496763795,974.68800066846,4.935178599481116
676,23,4.118230846,4.7500907265354355,0.6318598805354352,1.050068804597155,0,1.52468147153286,1,2.064054646969362,1,1.52468147153286,1,1.52468147153286,1.0161962320684614,1.52468147153286
678,678,3.588359309,3.4191615561448345,0.1691977528551653,1.050068804597155,1,1.52468147153286,1,2.064054646969362,1,1.9751549699312407,1,1.9751549699312407,384.21642740300916,1.52468147153286
688,688,1.734504289,2.264864381883733,0.5303600928837329,1.050068804597155,0,1.52468147153286,1,2.064054646969362,1,1.5737498636462122,1,1.5737498636462122,120.83462735345483,1.52468147153286
689,689,1.610732826,2.028445930604696,0.417713104604696,1.050068804597155,1,1.52468147153286,1,2.064054646969362,1,1.4370024809237814,1,1.4370024809237814,114.76558742448246,1.52468147153286
690,690,1.96869857,2.393396217824744,0.4246976478247442,1.050068804597155,1,1.52468147153286,1,2.064054646969362,1,1.4975989965576506,1,1.4975989965576506,138.22944387158932,1.52468147153286
701,701,3.929660968,3.652913219016972,0.2767477489830279,1.050068804597155,1,1.52468147153286,1,2.064054646969362,1,1.6275620547016976,1,1.6275620547016976,828.8613446306487,1.52468147153286
707,707,2.576458589,2.8629990130132215,0.2865404240132214,1.050068804597155,1,1.52468147153286,1,2.064054646969362,1,1.5020973847507406,1,1.5020973847507406,587.6245008179253,1.52468147153286
709,709,4.084865966,4.0804086842199645,0.0044572817800352,1.050068804597155,1,1.52468147153286,1,2.064054646969362,1,1.102710936723887,1,1.102710936723887,476.011463620054,1.52468147153286
719,719,3.251353873,2.7757264836929583,0.4756273893070415,1.050068804597155,1,1.52468147153286,1,2.064054646969362,1,1.429650291237051,1,1.429650291237051,209.26805897552484,1.52468147153286
727,727,2.832421721,3.830651707038636,0.998229986038636,1.050068804597155,0,1.52468147153286,0,2.064054646969362,1,1.784658526383998,0,3.9026729833167377,386.1429461239003,6.242466476976979
729,729,2.051928635,2.5353882211465235,0.4834595861465236,1.050068804597155,1,1.52468147153286,1,2.064054646969362,1,1.699289333118247,1,1.699289333118247,430.49740799624817,1.52468147153286
730,730,2.649988619,3.05822845396783,0.40823983496783,1.050068804597155,1,1.52468147153286,1,2.064054646969362,1,1.4000068673287505,1,1.4000068673287505,937.5793561721237,1.52468147153286
734,734,2.02926158,2.8193251927967244,0.7900636127967244,1.050068804597155,0,1.52468147153286,0,2.064054646969362,1,1.6348515981018181,1,1.6348515981018181,817.9996735330486,2.0791390121387483
743,743,2.487199423,2.654489499493968,0.167290076493968,1.050068804597155,1,1.52468147153286,1,2.064054646969362,1,1.6177557297486516,1,1.6177557297486516,733.2647095023233,1.52468147153286
746,746,2.892629127,3.3837166755083623,0.4910875485083621,1.050068804597155,1,1.52468147153286,1,2.064054646969362,1,1.1306601012915225,1,1.1306601012915225,580.509885390326,1.52468147153286
756,12,3.147909358,3.317219057502191,0.169309699502191,1.050068804597155,1,1.52468147153286,1,2.064054646969362,1,1.4375515506991992,1,1.4375515506991992,1112.3504036924173,1.52468147153286
759,759,2.625235259,2.7227198740455303,0.0974846150455301,1.050068804597155,1,1.52468147153286,1,2.064054646969362,1,1.4975989965576506,1,1.4975989965576506,960.6693023513984,1.52468147153286
762,762,2.152358809,3.316665645905431,1.164306836905431,1.050068804597155,0,1.52468147153286,0,2.064054646969362,0,1.5157978181117926,0,9.643956375102487,976.4565151803656,9.56400349431288
770,770,3.238103336,3.105080869945764,0.133022466054236,1.050068804597155,1,1.52468147153286,1,2.064054646969362,1,1.6910857157185362,1,1.6910857157185362,470.9944940233083,1.52468147153286
773,773,3.336787332,3.96886657522046,0.6320792432204598,1.050068804597155,0,1.52468147153286,1,2.064054646969362,1,1.1964387702367638,0,1.8736359322783223,656.5733604823243,1.52468147153286
774,774,4.226282005,4.355850117612059,0.1295681126120591,1.050068804597155,1,1.52468147153286,1,2.064054646969362,1,0.931080314916608,1,0.931080314916608,80.39634990421376,1.52468147153286
781,781,2.939417843,3.5520328890182338,0.6126150460182336,1.050068804597155,0,1.52468147153286,1,2.064054646969362,1,1.6910857157185362,1,1.6910857157185362,576.7366889548674,1.52468147153286
787,787,4.350344948,4.365013873103224,0.0146689251032237,1.050068804597155,1,1.52468147153286,1,2.064054646969362,1,1.6910857157185362,1,1.6910857157185362,445.28204510007026,1.52468147153286
799,799,3.059501783,3.156820923917578,0.0973191409175782,1.050068804597155,1,1.52468147153286,1,2.064054646969362,1,1.6348515981018181,1,1.6348515981018181,841.379733233312,1.52468147153286
811,811,3.726867545,3.4526284502513196,0.2742390947486806,1.050068804597155,1,1.52468147153286,1,2.064054646969362,1,1.329605484588213,1,1.329605484588213,845.3740175953976,1.52468147153286
823,823,5.136891401,3.563467405463554,1.5734239955364455,1.050068804597155,0,1.52468147153286,0,2.064054646969362,0,1.4421221644499145,0,18.48938043067968,861.5672575404723,17.74634666693317
833,12,3.260243989,3.430135114373487,0.1698911253734869,1.050068804597155,1,1.52468147153286,1,2.064054646969362,1,1.396974315685524,1,1.396974315685524,1087.906317924495,1.52468147153286
841,841,4.106894798,4.441408852787883,0.3345140547878831,1.050068804597155,1,1.52468147153286,1,2.064054646969362,1,1.4820917832292722,1,1.4820917832292722,944.1946148762221,1.52468147153286
846,846,3.595886126,3.1406975770910344,0.4551885489089655,1.050068804597155,1,1.52468147153286,1,2.064054646969362,1,1.784658526383998,1,1.784658526383998,358.5690865187847,1.52468147153286
849,849,1.935612788,2.230987520737737,0.2953747327377372,1.050068804597155,1,1.52468147153286,1,2.064054646969362,1,1.720364193938941,1,1.720364193938941,258.0782166749604,1.52468147153286
858,858,1.826593477,3.1748490889031555,1.3482556119031557,1.050068804597155,0,1.52468147153286,0,2.064054646969362,0,2.0334564469951264,0,8.664004215106976,283.2483968920005,13.242978994267373
860,860,2.538612718,2.1716397764492994,0.3669729415507006,1.050068804597155,1,1.52468147153286,1,2.064054646969362,1,1.7335146487190753,1,1.7335146487190753,414.4648996941344,1.52468147153286
862,862,3.727482516,2.9359522079270564,0.7915303080729434,1.050068804597155,0,1.52468147153286,0,2.064054646969362,1,1.876662462980984,1,1.876662462980984,296.6988191369079,2.1084729176631285
868,868,3.189992224,3.5912840567564444,0.4012918327564443,1.050068804597155,1,1.52468147153286,1,2.064054646969362,1,1.4553805109797686,1,1.4553805109797686,925.7290422735903,1.52468147153286
886,886,2.456311797,2.13671322824972,0.3195985687502802,1.050068804597155,1,1.52468147153286,1,2.064054646969362,1,1.6573110137528522,1,1.6573110137528522,589.8940574624764,1.52468147153286
889,889,1.260202121,2.275598437429464,1.0153963164294637,1.050068804597155,0,1.52468147153286,0,2.064054646969362,1,1.720364193938941,0,4.824648583138806,256.38974289025975,6.585793084793534
890,890,3.845760907,2.603262784737768,1.2424981222622318,1.050068804597155,0,1.52468147153286,0,2.064054646969362,0,1.8785220642594311,0,7.9432638669097555,423.8460838590148,11.127829201448895
891,891,3.629223474,2.14925328316336,1.4799701908366396,1.050068804597155,0,1.52468147153286,0,2.064054646969362,0,1.7248594406082018,0,14.075668851258975,150.35630495058805,15.877270572937052
899,899,3.526238735,3.3505689961311185,0.1756697388688817,1.050068804597155,1,1.52468147153286,1,2.064054646969362,1,1.5020973847507406,1,1.5020973847507406,479.36688524239304,1.52468147153286
908,908,2.563867744,2.311254481606828,0.2526132623931718,1.050068804597155,1,1.52468147153286,1,2.064054646969362,1,1.632526632945865,1,1.632526632945865,624.9376654561014,1.52468147153286
916,916,3.12532581,3.105996639838184,0.0193291701618161,1.050068804597155,1,1.52468147153286,1,2.064054646969362,1,1.3789645652359779,1,1.3789645652359779,814.7505349680232,1.52468147153286
917,917,2.587255609,3.7212593876640416,1.1340037786640416,1.050068804597155,0,1.52468147153286,0,2.064054646969362,0,1.3452449663859802,0,10.57287087580701,138.0891425446142,8.95794232948509
918,918,5.055481765,3.020671833285189,2.0348099317148107,1.050068804597155,0,1.52468147153286,0,2.064054646969362,0,1.4421221644499145,0,27.71709915424698,812.8531270728724,26.97406539050047
923,923,2.962716506,3.047328534117242,0.0846120281172413,1.050068804597155,1,1.52468147153286,1,2.064054646969362,1,1.4928188003459582,1,1.4928188003459582,683.3266910952191,1.52468147153286
925,925,4.260496228,3.936737279435146,0.323758948564854,1.050068804597155,1,1.52468147153286,1,2.064054646969362,1,1.380612816172353,1,1.380612816172353,888.6825623035661,1.52468147153286
927,927,3.748744111,3.719818169686756,0.0289259413132438,1.050068804597155,1,1.52468147153286,1,2.064054646969362,1,1.4421221644499145,1,1.4421221644499145,700.6252847986754,1.52468147153286
930,930,3.196134716,2.657277437124032,0.5388572788759678,1.050068804597155,0,1.52468147153286,1,2.064054646969362,1,1.5737498636462122,1,1.5737498636462122,247.30964108909288,1.52468147153286
931,811,3.578407478,3.4695736991044495,0.1088337788955504,1.050068804597155,1,1.52468147153286,1,2.064054646969362,1,1.423361558271015,1,1.423361558271015,1047.5007562836443,1.52468147153286
936,936,2.85704023,2.9080426878167924,0.0510024578167924,1.050068804597155,1,1.52468147153286,1,2.064054646969362,1,1.6211267466279642,1,1.6211267466279642,482.4908930018516,1.52468147153286
944,944,2.957500868,2.9864727149616317,0.0289718469616317,1.050068804597155,1,1.52468147153286,1,2.064054646969362,1,1.4067374915636837,1,1.4067374915636837,947.5508115793983,1.52468147153286
945,944,2.710233754,3.0754370950083363,0.3652033410083364,1.050068804597155,1,1.52468147153286,1,2.064054646969362,1,1.6211267466279642,1,1.6211267466279642,918.1417896025446,1.52468147153286
951,951,3.108893739,3.505286249652654,0.396392510652654,1.050068804597155,1,1.52468147153286,1,2.064054646969362,1,1.5116059835850626,1,1.5116059835850626,914.4287373855184,1.52468147153286
955,955,3.673882844,3.498586791351776,0.1752960526482239,1.050068804597155,1,1.52468147153286,1,2.064054646969362,1,1.407223166139615,1,1.407223166139615,674.642770359165,1.52468147153286
958,958,3.92180836,3.6054003788677065,0.3164079811322935,1.050068804597155,1,1.52468147153286,1,2.064054646969362,1,1.3354862399578504,1,1.3354862399578504,833.8595459009972,1.52468147153286
966,966,2.998051068,3.5948416481227836,0.5967905801227835,1.050068804597155,0,1.52468147153286,1,2.064054646969362,1,1.7753279157393127,1,1.7753279157393127,506.0818899643107,1.52468147153286
999,999,4.458336346,3.9812950233819815,0.4770413226180188,1.050068804597155,1,1.52468147153286,1,2.064054646969362,1,1.5887891635532467,1,1.5887891635532467,841.2107949076134,1.52468147153286
1008,1008,2.59306679,3.018490244722805,0.425423454722805,1.050068804597155,1,1.52468147153286,1,2.064054646969362,1,1.4975989965576506,1,1.4975989965576506,241.03294322353298,1.52468147153286
1023,1023,5.07975992,2.8630736021416188,2.216686317858381,1.050068804597155,0,1.52468147153286,0,2.064054646969362,0,1.694604078349009,0,29.08228965202654,581.7365429597606,30.61159311337188
1024,1024,3.345961542,3.0782528332615793,0.2677087087384207,1.050068804597155,1,1.52468147153286,1,2.064054646969362,1,1.6211267466279642,1,1.6211267466279642,887.0111294764829,1.52468147153286
1033,1033,2.745735787,2.953893538489264,0.208157751489264,1.050068804597155,1,1.52468147153286,1,2.064054646969362,1,1.4928188003459582,1,1.4928188003459582,368.0219322686521,1.52468147153286
1040,1040,2.902473486,2.8401507939242387,0.0623226920757611,1.050068804597155,1,1.52468147153286,1,2.064054646969362,1,1.5020973847507406,1,1.5020973847507406,533.2025360141998,1.52468147153286
1043,1043,3.419651919,3.417940619829344,0.001711299170656,1.050068804597155,1,1.52468147153286,1,2.064054646969362,1,1.7753279157393127,1,1.7753279157393127,504.38395817065964,1.52468147153286
1059,1059,3.102060484,2.8736380747846466,0.2284224092153532,1.050068804597155,1,1.52468147153286,1,2.064054646969362,1,1.712210063863508,1,1.712210063863508,668.1969594649304,1.52468147153286
1060,1060,2.733308865,3.33832875137614,0.60501988637614,1.050068804597155,0,1.52468147153286,1,2.064054646969362,1,1.74173289219104,1,1.74173289219104,575.311284773215,1.52468147153286
1062,1062,4.010519028,3.5726485892188653,0.4378704387811347,1.050068804597155,1,1.52468147153286,1,2.064054646969362,1,1.6573110137528522,1,1.6573110137528522,727.781451098993,1.52468147153286
1071,1071,3.361164702,2.929752732961502,0.4314119690384981,1.050068804597155,1,1.52468147153286,1,2.064054646969362,1,1.6211267466279642,1,1.6211267466279642,772.3556980729707,1.52468147153286
1073,1073,2.853987286,2.626969504362736,0.2270177816372642,1.050068804597155,1,1.52468147153286,1,2.064054646969362,1,1.5917260582261177,1,1.5917260582261177,652.9328562514875,1.52468147153286
1090,1090,1.363681392,2.5640135923578917,1.2003322003578918,1.050068804597155,0,1.52468147153286,0,2.064054646969362,0,1.7248594406082018,0,8.48290904168402,95.29624855160365,10.284510763362094
1113,1113,3.975168183,3.728425726985593,0.2467424560144069,1.050068804597155,1,1.52468147153286,1,2.064054646969362,1,1.2860939569318397,1,1.2860939569318397,645.772619116745,1.52468147153286
1120,1120,3.258086794,2.8106210759210555,0.4474657180789445,1.050068804597155,1,1.52468147153286,1,2.064054646969362,1,1.6573110137528522,1,1.6573110137528522,687.4120019464092,1.52468147153286
1134,1134,2.576006459,2.542413823133593,0.0335926358664067,1.050068804597155,1,1.52468147153286,1,2.064054646969362,1,1.720364193938941,1,1.720364193938941,216.3648427510997,1.52468147153286
1148,1148,3.879106206,4.008987682248844,0.1298814762488445,1.050068804597155,1,1.52468147153286,1,2.064054646969362,1,1.5020973847507406,1,1.5020973847507406,419.48232740476936,1.52468147153286
1151,1151,2.046383148,2.741889011388821,0.6955058633888207,1.050068804597155,0,1.52468147153286,1,2.064054646969362,1,1.7124406432167314,1,1.7124406432167314,428.6832646044984,1.52468147153286
1160,1160,3.235379027,3.343061574095959,0.1076825470959588,1.050068804597155,1,1.52468147153286,1,2.064054646969362,1,1.471777350325528,1,1.471777350325528,1052.7599836023319,1.52468147153286
1171,1171,2.347786516,3.5835955871713803,1.23580907117138,1.050068804597155,0,1.52468147153286,0,2.064054646969362,0,1.3687780642358547,0,12.397178845304909,880.1054613822437,10.99404817963186
1180,1180,2.517963881,3.23899534837705,0.7210314673770499,1.050068804597155,0,1.52468147153286,1,2.064054646969362,1,1.4436711702900702,1,1.4436711702900702,795.8380894130468,1.52468147153286
1181,1181,3.78018172,3.66610814106011,0.1140735789398892,1.050068804597155,1,1.52468147153286,1,2.064054646969362,1,1.3146642260256325,1,1.3146642260256325,1013.4148497450473,1.52468147153286
1185,1185,3.761560344,3.884656213254137,0.1230958692541372,1.050068804597155,1,1.52468147153286,1,2.064054646969362,1,1.0874971530866526,1,1.0874971530866526,459.47737248673445,1.52468147153286
1188,1188,3.55122556,3.2401288709874696,0.3110966890125302,1.050068804597155,1,1.52468147153286,1,2.064054646969362,1,1.423361558271015,1,1.423361558271015,849.4175427526695,1.52468147153286
1189,1189,4.075032549,3.845449913162844,0.229582635837156,1.050068804597155,1,1.52468147153286,1,2.064054646969362,1,1.302102845045579,1,1.302102845045579,980.012019439326,1.52468147153286
1190,1189,3.727559588,3.633532519226944,0.0940270687730562,1.050068804597155,1,1.52468147153286,1,2.064054646969362,1,1.4589678116174616,1,1.4589678116174616,606.6063255273968,1.52468147153286
1198,955,2.939380393,3.6839516040672096,0.7445712110672096,1.050068804597155,0,1.52468147153286,1,2.064054646969362,1,1.407223166139615,0,2.226415726087656,749.6111202214148,1.52468147153286
1207,1207,2.818337477,2.8861689346689587,0.0678314576689587,1.050068804597155,1,1.52468147153286,1,2.064054646969362,1,1.850988754753332,1,1.850988754753332,333.26603398041067,1.52468147153286
1208,1208,2.298970397,2.9125659892704823,0.6135955922704821,1.050068804597155,0,1.52468147153286,1,2.064054646969362,1,1.7322532286447205,1,1.7322532286447205,292.32567490266666,1.52468147153286
1211,1211,3.289764087,2.823067456934536,0.466696630065464,1.050068804597155,1,1.52468147153286,1,2.064054646969362,1,1.626293848871482,1,1.626293848871482,724.0697652313652,1.52468147153286
1212,1212,1.6950687,2.506695246007028,0.8116265460070278,1.050068804597155,0,1.52468147153286,0,2.064054646969362,1,1.5737498636462122,0,2.068782147324646,345.69127810484446,2.510397676344815
1213,1213,2.893565277,2.960474869910999,0.0669095929109988,1.050068804597155,1,1.52468147153286,1,2.064054646969362,1,1.7753279157393127,1,1.7753279157393127,360.40173050623264,1.52468147153286
1217,1217,3.629025307,3.2102878408702855,0.4187374661297145,1.050068804597155,1,1.52468147153286,1,2.064054646969362,1,1.7248594406082018,1,1.7248594406082018,435.57606892772185,1.52468147153286
1224,1224,3.003668478,3.0634330401591248,0.0597645621591249,1.050068804597155,1,1.52468147153286,1,2.064054646969362,1,1.7124406432167314,1,1.7124406432167314,188.90728947024095,1.52468147153286
1226,1226,2.69913404,2.063119269959084,0.6360147700409162,1.050068804597155,0,1.52468147153286,1,2.064054646969362,1,1.5737498636462122,1,1.5737498636462122,300.1751177539674,1.52468147153286
1232,1232,2.55852528,2.883913662798996,0.3253883827989958,1.050068804597155,1,1.52468147153286,1,2.064054646969362,1,1.4928188003459582,1,1.4928188003459582,310.3114649080007,1.52468147153286
1233,1189,4.131291377,3.835055166431656,0.296236210568344,1.050068804597155,1,1.52468147153286,1,2.064054646969362,1,1.2772543466825281,1,1.2772543466825281,979.8962898506796,1.52468147153286
1235,564,3.518487018,3.3547067005122764,0.1637803174877237,1.050068804597155,1,1.52468147153286,1,2.064054646969362,1,1.4421221644499145,1,1.4421221644499145,962.0874719158413,1.52468147153286
1236,1217,3.353657104,3.2938261633163113,0.0598309406836885,1.050068804597155,1,1.52468147153286,1,2.064054646969362,1,1.7746642911833757,1,1.7746642911833757,426.44595212574495,1.52468147153286
1241,1241,5.325300515,4.691926276751248,0.6333742382487522,1.050068804597155,0,1.52468147153286,1,2.064054646969362,1,1.302102845045579,1,1.302102845045579,493.50439984271327,1.52468147153286
1242,1241,4.588096611,4.532576537177973,0.0555200738220271,1.050068804597155,1,1.52468147153286,1,2.064054646969362,1,1.1964387702367638,1,1.1964387702367638,442.45865520699306,1.52468147153286
1250,1250,3.395582226,3.600315625465655,0.2047333994656552,1.050068804597155,1,1.52468147153286,1,2.064054646969362,1,1.5157978181117926,1,1.5157978181117926,1025.9154555434707,1.52468147153286
1251,1251,2.98610959,3.34171812513936,0.3556085351393601,1.050068804597155,1,1.52468147153286,1,2.064054646969362,1,1.6309639547093955,1,1.6309639547093955,453.28549330670364,1.52468147153286
1258,1258,2.984819745,3.1172522069446957,0.1324324619446959,1.050068804597155,1,1.52468147153286,1,2.064054646969362,1,1.5939435130736062,1,1.5939435130736062,915.9710114629265,1.52468147153286
1259,1258,2.827798098,3.201148683469475,0.3733505854694749,1.050068804597155,1,1.52468147153286,1,2.064054646969362,1,1.5939435130736062,1,1.5939435130736062,908.3499809490772,1.52468147153286
1267,1267,2.156319558,2.4043154189584266,0.2479958609584267,1.050068804597155,1,1.52468147153286,1,2.064054646969362,1,1.71832435210937,1,1.71832435210937,490.51444659659103,1.52468147153286
1270,787,4.429077959,4.336237508557148,0.0928404504428517,1.050068804597155,1,1.52468147153286,1,2.064054646969362,1,1.7291046775834538,1,1.7291046775834538,447.7178515682139,1.52468147153286
1272,1272,4.728001391,3.755993078340132,0.972008312659868,1.050068804597155,0,1.52468147153286,0,2.064054646969362,1,1.140124566750619,0,9.179045152441788,714.9614153392091,5.718033009401619
1275,1275,4.146931616,3.9709282205754217,0.1760033954245785,1.050068804597155,1,1.52468147153286,1,2.064054646969362,1,1.123091525034881,1,1.123091525034881,512.2034808722232,1.52468147153286
1281,1281,3.201531489,3.875435168100326,0.6739036791003259,1.050068804597155,0,1.52468147153286,1,2.064054646969362,1,1.7746642911833757,1,1.7746642911833757,558.742910874902,1.52468147153286
1286,1286,3.980652094,3.669634366181426,0.3110177278185739,1.050068804597155,1,1.52468147153286,1,2.064054646969362,1,1.4001985286173522,1,1.4001985286173522,1132.7948275144224,1.52468147153286
1328,1328,3.678770311,3.5755448660908127,0.1032254449091873,1.050068804597155,1,1.52468147153286,1,2.064054646969362,1,1.380612816172353,1,1.380612816172353,813.2234844613778,1.52468147153286
1330,811,3.167290229,3.28807789911292,0.1207876701129202,1.050068804597155,1,1.52468147153286,1,2.064054646969362,1,1.423361558271015,1,1.423361558271015,1099.9448611046694,1.52468147153286
1332,1332,2.874356773,3.446921492680229,0.572564719680229,1.050068804597155,0,1.52468147153286,1,2.064054646969362,1,1.6211267466279642,1,1.6211267466279642,536.4891104064611,1.52468147153286
1337,1337,4.515770113,4.201004814863736,0.3147652981362645,1.050068804597155,1,1.52468147153286,1,2.064054646969362,1,1.0741825317303277,1,1.0741825317303277,396.10208329501677,1.52468147153286
1339,1339,4.123513983,3.780306370584793,0.343207612415207,1.050068804597155,1,1.52468147153286,1,2.064054646969362,1,1.5095461980813774,1,1.5095461980813774,952.1119575183324,1.52468147153286
1347,1347,4.146278978,3.633210977299038,0.5130680007009611,1.050068804597155,1,1.52468147153286,1,2.064054646969362,1,1.5020973847507406,1,1.5020973847507406,972.6274606134479,1.52468147153286
1348,376,3.506729176,3.43824524048731,0.06848393551269,1.050068804597155,1,1.52468147153286,1,2.064054646969362,1,1.6451508977236662,1,1.6451508977236662,518.4950906649591,1.52468147153286
1349,1349,3.36909456,3.0884405698285695,0.2806539901714306,1.050068804597155,1,1.52468147153286,1,2.064054646969362,1,1.3048305606716362,1,1.3048305606716362,646.3083842532423,1.52468147153286
1369,1369,2.173423929,2.91387782517793,0.7404538961779297,1.050068804597155,0,1.52468147153286,1,2.064054646969362,1,1.9460129417932583,1,1.9460129417932583,338.9703776495029,1.52468147153286
1380,1380,2.845561867,3.214608347915526,0.369046480915526,1.050068804597155,1,1.52468147153286,1,2.064054646969362,1,1.4436711702900702,1,1.4436711702900702,980.5855292590743,1.52468147153286
1382,1382,3.662865979,3.304292651975623,0.3585733270243771,1.050068804597155,1,1.52468147153286,1,2.064054646969362,1,1.3687780642358547,1,1.3687780642358547,1015.1129094503273,1.52468147153286
1386,1386,3.345632745,3.1026326251354694,0.2430001198645306,1.050068804597155,1,1.52468147153286,1,2.064054646969362,1,1.4820917832292722,1,1.4820917832292722,890.1960839947096,1.52468147153286
1387,1387,3.72242354,3.574014786857612,0.1484087531423878,1.050068804597155,1,1.52468147153286,1,2.064054646969362,1,1.2683003395262684,1,1.2683003395262684,745.604460394779,1.52468147153286
1388,1388,3.935420233,3.6915221817522776,0.2438980512477222,1.050068804597155,1,1.52468147153286,1,2.064054646969362,1,1.1574151242489146,1,1.1574151242489146,559.173458154709,1.52468147153286
1396,1396,3.190690193,2.4874148350900676,0.7032753579099325,1.050068804597155,0,1.52468147153286,1,2.064054646969362,1,1.5257273445853006,1,1.5257273445853006,776.9194786615019,1.52468147153286
1404,1404,3.060637413,3.1525894967981705,0.0919520837981706,1.050068804597155,1,1.52468147153286,1,2.064054646969362,1,1.979837274846932,1,1.979837274846932,362.7142617512944,1.52468147153286
1413,1413,2.831114708,3.712691484513296,0.8815767765132962,1.050068804597155,0,1.52468147153286,0,2.064054646969362,1,1.429650291237051,0,4.764682909132466,166.80783698437,3.9094022864701845
1419,1419,5.563178937,5.370571705448718,0.1926072315512819,1.050068804597155,1,1.52468147153286,1,2.064054646969362,1,1.4975989965576506,1,1.4975989965576506,355.3143976942683,1.52468147153286
1422,1422,3.616267821,4.036319245011029,0.4200514240110289,1.050068804597155,1,1.52468147153286,1,2.064054646969362,1,1.572992217236905,1,1.572992217236905,671.7176661123427,1.52468147153286
1435,1435,4.118288686,3.86313211544748,0.2551565705525194,1.050068804597155,1,1.52468147153286,1,2.064054646969362,1,1.3687780642358547,1,1.3687780642358547,893.136450532141,1.52468147153286
1439,23,4.543130886,4.723992988730944,0.180862102730944,1.050068804597155,1,1.52468147153286,1,2.064054646969362,1,1.52468147153286,1,1.52468147153286,1.0279810638172955,1.52468147153286
1443,1443,2.982984418,2.9762693353519323,0.0067150826480677,1.050068804597155,1,1.52468147153286,1,2.064054646969362,1,1.4982305036798973,1,1.4982305036798973,196.02573203389605,1.52468147153286
1446,1446,4.546964415,3.505454942050062,1.041509472949938,1.050068804597155,0,1.52468147153286,0,2.064054646969362,0,1.52468147153286,0,7.108056215203018,486.30293249586816,7.108056215203018
1450,1450,3.471838636,3.532595801027784,0.0607571650277836,1.050068804597155,1,1.52468147153286,1,2.064054646969362,1,1.254372639992373,1,1.254372639992373,840.6975242512989,1.52468147153286
1459,811,3.912270958,3.487072735808852,0.4251982221911481,1.050068804597155,1,1.52468147153286,1,2.064054646969362,1,1.3469016477462619,1,1.3469016477462619,885.272978656712,1.52468147153286
1472,1472,5.225813081,3.249188727558068,1.976624353441932,1.050068804597155,0,1.52468147153286,0,2.064054646969362,0,1.766601315707975,0,23.63307522746687,584.8525319894937,25.810353825042903
1474,1474,4.074440265,3.2840106787722907,0.7904295862277091,1.050068804597155,0,1.52468147153286,0,2.064054646969362,1,1.6309639547093955,1,1.6309639547093955,890.2192098118531,2.0864584807584414
1482,1482,1.963129734,2.213022151913062,0.2498924179130621,1.050068804597155,1,1.52468147153286,1,2.064054646969362,1,1.4975989965576506,1,1.4975989965576506,478.24420264732737,1.52468147153286
1488,1488,2.631510245,3.01552193898244,0.38401169398244,1.050068804597155,1,1.52468147153286,1,2.064054646969362,1,1.5095461980813774,1,1.5095461980813774,848.0868013483489,1.52468147153286
1502,1502,3.492295396,3.045127559239177,0.4471678367608227,1.050068804597155,1,1.52468147153286,1,2.064054646969362,1,1.52468147153286,1,1.52468147153286,224.675198584955,1.52468147153286
1521,1521,2.050126376,2.443679583685339,0.3935532076853389,1.050068804597155,1,1.52468147153286,1,2.064054646969362,1,1.6451508977236662,1,1.6451508977236662,455.86066929318486,1.52468147153286
1527,811,3.440979247,3.3936188214851137,0.0473604255148862,1.050068804597155,1,1.52468147153286,1,2.064054646969362,1,1.4067374915636837,1,1.4067374915636837,1037.2339226398303,1.52468147153286
1529,1446,3.255435611,3.5469837821617127,0.2915481711617129,1.050068804597155,1,1.52468147153286,1,2.064054646969362,1,1.4519737566165158,1,1.4519737566165158,258.48618779035974,1.52468147153286
1546,811,2.952103309,3.1887247932246505,0.2366214842246505,1.050068804597155,1,1.52468147153286,1,2.064054646969362,1,1.4928188003459582,1,1.4928188003459582,781.3464211254201,1.52468147153286
1555,480,2.695788026,2.673409049898495,0.0223789761015047,1.050068804597155,1,1.52468147153286,1,2.064054646969362,1,1.784658526383998,1,1.784658526383998,462.872322999165,1.52468147153286
1559,1559,3.230844715,3.2890660058296417,0.0582212908296417,1.050068804597155,1,1.52468147153286,1,2.064054646969362,1,1.572992217236905,1,1.572992217236905,377.56926806201517,1.52468147153286
1571,1571,3.25338405,2.929444471048692,0.323939578951308,1.050068804597155,1,1.52468147153286,1,2.064054646969362,1,1.6177557297486516,1,1.6177557297486516,755.89952830906,1.52468147153286
1573,1573,3.271120794,3.0864307049596964,0.1846900890403038,1.050068804597155,1,1.52468147153286,1,2.064054646969362,1,1.766601315707975,1,1.766601315707975,561.5310501669213,1.52468147153286
1574,1189,3.550887406,3.760106908386757,0.2092195023867566,1.050068804597155,1,1.52468147153286,1,2.064054646969362,1,1.3848119796835512,1,1.3848119796835512,928.7825337794909,1.52468147153286
1579,1579,3.715609063,3.4661242672754495,0.2494847957245505,1.050068804597155,1,1.52468147153286,1,2.064054646969362,1,1.5626288932031063,1,1.5626288932031063,969.9621694524074,1.52468147153286
1587,1587,3.224333028,2.5072547438015667,0.7170782841984336,1.050068804597155,0,1.52468147153286,1,2.064054646969362,1,2.0360484808397787,1,2.0360484808397787,165.27795128135998,1.52468147153286
1588,1588,2.579608528,3.090870383839514,0.5112618558395141,1.050068804597155,1,1.52468147153286,1,2.064054646969362,1,2.0360484808397787,1,2.0360484808397787,239.06371772760917,1.52468147153286
1589,1589,3.211626544,2.40509205010925,0.8065344938907502,1.050068804597155,0,1.52468147153286,0,2.064054646969362,1,1.979837274846932,1,1.979837274846932,374.77134311404706,2.408556634019263
1594,1594,3.203756303,3.4385938384302888,0.2348375354302887,1.050068804597155,1,1.52468147153286,1,2.064054646969362,1,1.8208860709437305,1,1.8208860709437305,451.9236456731309,1.52468147153286
1599,1599,3.899209654,3.5213884925367314,0.3778211614632685,1.050068804597155,1,1.52468147153286,1,2.064054646969362,1,1.7753279157393127,1,1.7753279157393127,562.2579695112569,1.52468147153286
1610,1610,4.314441683,3.7816549016643344,0.5327867813356657,1.050068804597155,0,1.52468147153286,1,2.064054646969362,1,1.2284225834212013,1,1.2284225834212013,752.3548615678759,1.52468147153286
1611,1611,4.038080767,4.078259501640076,0.0401787346400759,1.050068804597155,1,1.52468147153286,1,2.064054646969362,1,1.302102845045579,1,1.302102845045579,880.6276796633192,1.52468147153286
1614,1614,1.663807372,2.1284824377726244,0.4646750657726244,1.050068804597155,1,1.52468147153286,1,2.064054646969362,1,1.720364193938941,1,1.720364193938941,114.92060737185511,1.52468147153286
1626,1626,3.29030457,3.125048943465745,0.1652556265342548,1.050068804597155,1,1.52468147153286,1,2.064054646969362,1,1.7753279157393127,1,1.7753279157393127,409.9698276833557,1.52468147153286
1631,1631,3.608763678,3.0898083571951016,0.5189553208048983,1.050068804597155,1,1.52468147153286,1,2.064054646969362,1,2.0334564469951264,1,2.0334564469951264,205.72342058593551,1.52468147153286
1632,1632,2.55985054,2.414229933813743,0.1456206061862568,1.050068804597155,1,1.52468147153286,1,2.064054646969362,1,1.699289333118247,1,1.699289333118247,701.2858918455554,1.52468147153286
1650,1650,3.519133918,3.400177210627632,0.118956707372368,1.050068804597155,1,1.52468147153286,1,2.064054646969362,1,1.4436711702900702,1,1.4436711702900702,1016.297262327788,1.52468147153286
1654,1654,3.628830299,3.117941608135329,0.5108886908646713,1.050068804597155,1,1.52468147153286,1,2.064054646969362,1,1.5072520957078765,1,1.5072520957078765,590.7580394419878,1.52468147153286
1660,1660,2.903623479,3.1989711216420185,0.2953476426420183,1.050068804597155,1,1.52468147153286,1,2.064054646969362,1,1.4553805109797686,1,1.4553805109797686,882.7145277527851,1.52468147153286
1661,1661,4.482130075,3.619317441171213,0.8628126338287867,1.050068804597155,0,1.52468147153286,0,2.064054646969362,1,1.5257273445853006,0,3.524706575308029,621.8179433407003,3.5341194327799936
1677,1677,3.635448559,4.011157376718238,0.3757088177182379,1.050068804597155,1,1.52468147153286,1,2.064054646969362,1,1.699289333118247,1,1.699289333118247,624.7424416630483,1.52468147153286
1684,1684,3.254243188,3.53647005351427,0.2822268655142701,1.050068804597155,1,1.52468147153286,1,2.064054646969362,1,1.3504731496125624,1,1.3504731496125624,974.00908551619,1.52468147153286
1687,1687,5.138583714,4.493701745887596,0.6448819681124043,1.050068804597155,0,1.52468147153286,1,2.064054646969362,1,1.699289333118247,1,1.699289333118247,596.4044042155621,1.52468147153286
1704,1704,4.107079888,3.704962614710556,0.402117273289444,1.050068804597155,1,1.52468147153286,1,2.064054646969362,1,1.6521075139563504,1,1.6521075139563504,564.8138735556925,1.52468147153286
1705,1705,3.980889247,3.5807669105801536,0.4001223364198463,1.050068804597155,1,1.52468147153286,1,2.064054646969362,1,1.6910857157185362,1,1.6910857157185362,583.1587393793545,1.52468147153286
1707,1707,3.271568635,3.2847653189894332,0.0131966839894333,1.050068804597155,1,1.52468147153286,1,2.064054646969362,1,1.3452449663859802,1,1.3452449663859802,457.21515607256396,1.52468147153286
1708,1705,4.014889061,3.6984391453666223,0.3164499156333771,1.050068804597155,1,1.52468147153286,1,2.064054646969362,1,1.6893437225412633,1,1.6893437225412633,583.5736284889838,1.52468147153286
1714,1714,3.784329094,3.588711982756161,0.1956171112438389,1.050068804597155,1,1.52468147153286,1,2.064054646969362,1,1.5257273445853006,1,1.5257273445853006,959.8889971202293,1.52468147153286
1719,1719,3.0054119,2.7439255223864216,0.2614863776135783,1.050068804597155,1,1.52468147153286,1,2.064054646969362,1,1.4928188003459582,1,1.4928188003459582,585.7480506022158,1.52468147153286
1721,1721,2.89128341,3.1899307918553936,0.2986473818553934,1.050068804597155,1,1.52468147153286,1,2.064054646969362,1,1.5095461980813774,1,1.5095461980813774,243.118867406841,1.52468147153286
1722,1722,3.372918575,3.0776301861646953,0.2952883888353046,1.050068804597155,1,1.52468147153286,1,2.064054646969362,1,1.4067374915636837,1,1.4067374915636837,832.6379033347549,1.52468147153286
1727,799,2.984491675,3.569161143753514,0.5846694687535137,1.050068804597155,0,1.52468147153286,1,2.064054646969362,1,1.4519737566165158,1,1.4519737566165158,584.6354093447262,1.52468147153286
1728,799,3.019333227,3.0051996485028187,0.0141335784971814,1.050068804597155,1,1.52468147153286,1,2.064054646969362,1,1.5095461980813774,1,1.5095461980813774,961.3604162233609,1.52468147153286
1739,1739,3.509728338,3.4339212328053947,0.0758071051946052,1.050068804597155,1,1.52468147153286,1,2.064054646969362,1,1.3504731496125624,1,1.3504731496125624,950.6608216966489,1.52468147153286
1740,1740,3.132633184,3.4632234173027077,0.3305902333027077,1.050068804597155,1,1.52468147153286,1,2.064054646969362,1,1.2380244292175,1,1.2380244292175,314.4280578547745,1.52468147153286
1741,1741,1.965562728,2.4448163475337976,0.4792536195337975,1.050068804597155,1,1.52468147153286,1,2.064054646969362,1,1.572992217236905,1,1.572992217236905,781.2014155154502,1.52468147153286
1746,1687,5.578685043,4.871133765092722,0.7075512779072781,1.050068804597155,0,1.52468147153286,1,2.064054646969362,1,1.6573110137528522,1,1.6573110137528522,711.376457307434,1.52468147153286
1747,1687,5.661462459,4.586329886780085,1.075132572219915,1.050068804597155,0,1.52468147153286,0,2.064054646969362,0,1.699289333118247,0,6.209047446334076,695.9938803472791,7.780518200602559
1751,1751,3.688497685,3.488754706447993,0.199742978552007,1.050068804597155,1,1.52468147153286,1,2.064054646969362,1,1.784658526383998,1,1.784658526383998,393.4982710459354,1.52468147153286
1753,1134,2.778904226,2.7194069071951033,0.0594973188048966,1.050068804597155,1,1.52468147153286,1,2.064054646969362,1,1.5095461980813774,1,1.5095461980813774,357.1100163470896,1.52468147153286
1755,1755,3.13417073,3.5593956218051868,0.4252248918051866,1.050068804597155,1,1.52468147153286,1,2.064054646969362,1,1.7124406432167314,1,1.7124406432167314,686.7669365242391,1.52468147153286
1770,1770,3.807550361,3.6593934151121297,0.1481569458878704,1.050068804597155,1,1.52468147153286,1,2.064054646969362,1,1.2934848125288436,1,1.2934848125288436,1025.3800352304386,1.52468147153286
1784,1784,2.35899904,2.583272132024996,0.2242730920249958,1.050068804597155,1,1.52468147153286,1,2.064054646969362,1,1.712210063863508,1,1.712210063863508,572.9540345699346,1.52468147153286
1794,1794,2.805923544,2.8519063232687456,0.0459827792687455,1.050068804597155,1,1.52468147153286,1,2.064054646969362,1,1.5887891635532467,1,1.5887891635532467,817.4965873336395,1.52468147153286
1805,1805,4.615229966,4.260117441435709,0.3551125245642916,1.050068804597155,1,1.52468147153286,1,2.064054646969362,1,1.784658526383998,1,1.784658526383998,393.87441220769676,1.52468147153286
1809,1809,1.86978011,2.4132562175395194,0.5434761075395194,1.050068804597155,0,1.52468147153286,1,2.064054646969362,1,1.6309639547093955,1,1.6309639547093955,754.4982426420929,1.52468147153286
1811,1811,3.749692635,3.212445330418793,0.5372473045812072,1.050068804597155,0,1.52468147153286,1,2.064054646969362,1,1.5917260582261177,1,1.5917260582261177,887.3633738748715,1.52468147153286
1814,1814,2.727491553,2.567579288557624,0.1599122644423762,1.050068804597155,1,1.52468147153286,1,2.064054646969362,1,1.5812013882021647,1,1.5812013882021647,916.9345578869711,1.52468147153286
1815,1815,2.628666662,3.1306598506330743,0.5019931886330742,1.050068804597155,1,1.52468147153286,1,2.064054646969362,1,1.7143122850797967,1,1.7143122850797967,510.6690431579254,1.52468147153286
1817,1817,2.457764186,2.5899616227446023,0.1321974367446023,1.050068804597155,1,1.52468147153286,1,2.064054646969362,1,1.6893437225412633,1,1.6893437225412633,272.99822415789714,1.52468147153286
1836,1836,3.609058413,3.5762338471191346,0.0328245658808654,1.050068804597155,1,1.52468147153286,1,2.064054646969362,1,1.407223166139615,1,1.407223166139615,879.9095747252628,1.52468147153286
1840,1840,2.916828859,3.391634709183463,0.4748058501834626,1.050068804597155,1,1.52468147153286,1,2.064054646969362,1,1.4519737566165158,1,1.4519737566165158,316.24013981639894,1.52468147153286
1842,1842,3.168670957,3.4794689899840305,0.3107980329840307,1.050068804597155,1,1.52468147153286,1,2.064054646969362,1,1.302102845045579,1,1.302102845045579,685.7510861263629,1.52468147153286
1844,1844,3.156771188,3.3112009113390646,0.1544297233390645,1.050068804597155,1,1.52468147153286,1,2.064054646969362,1,1.407223166139615,1,1.407223166139615,698.7300868435208,1.52468147153286
1847,1847,3.730010389,3.7166184900376367,0.0133918989623631,1.050068804597155,1,1.52468147153286,1,2.064054646969362,1,1.7753279157393127,1,1.7753279157393127,554.9140599061541,1.52468147153286
1875,1875,2.599292745,3.4373831154583248,0.8380903704583247,1.050068804597155,0,1.52468147153286,0,2.064054646969362,1,1.6211267466279642,0,2.171666689514816,701.4899060974819,3.0396741653707533
1881,1881,3.084586207,3.4775535206821395,0.3929673136821394,1.050068804597155,1,1.52468147153286,1,2.064054646969362,1,1.784658526383998,1,1.784658526383998,438.5812489273796,1.52468147153286
1882,1882,2.794215656,3.229828122242493,0.4356124662424929,1.050068804597155,1,1.52468147153286,1,2.064054646969362,1,1.4982305036798973,1,1.4982305036798973,384.631520488746,1.52468147153286
1936,1936,3.904862488,4.080545328495639,0.1756828404956385,1.050068804597155,1,1.52468147153286,1,2.064054646969362,1,1.2934848125288436,1,1.2934848125288436,1035.9058328436179,1.52468147153286
1937,1937,3.278694851,3.580972535262718,0.3022776842627181,1.050068804597155,1,1.52468147153286,1,2.064054646969362,1,1.4370024809237814,1,1.4370024809237814,115.47810888658648,1.52468147153286
1958,1958,3.030903177,3.128286301515839,0.0973831245158391,1.050068804597155,1,1.52468147153286,1,2.064054646969362,1,1.5116059835850626,1,1.5116059835850626,993.9539080731261,1.52468147153286
1961,1961,3.06993225,3.2507542982396225,0.1808220482396225,1.050068804597155,1,1.52468147153286,1,2.064054646969362,1,1.572992217236905,1,1.572992217236905,218.33703437712808,1.52468147153286
1965,1958,2.855269228,3.3289852408817797,0.4737160128817796,1.050068804597155,1,1.52468147153286,1,2.064054646969362,1,1.6309639547093955,1,1.6309639547093955,726.4094764998159,1.52468147153286
1967,1842,3.145091041,3.3801991533856603,0.2351081123856602,1.050068804597155,1,1.52468147153286,1,2.064054646969362,1,1.3910522890513155,1,1.3910522890513155,893.995758372245,1.52468147153286
1972,1972,4.266516532,3.868069111125382,0.3984474208746178,1.050068804597155,1,1.52468147153286,1,2.064054646969362,1,1.784658526383998,1,1.784658526383998,492.3649178755161,1.52468147153286
1975,1975,3.321470698,3.4191883436694748,0.0977176456694746,1.050068804597155,1,1.52468147153286,1,2.064054646969362,1,1.6334237079661191,1,1.6334237079661191,846.1141415050953,1.52468147153286
1991,1062,2.712289218,3.4509025612617417,0.7386133432617417,1.050068804597155,0,1.52468147153286,1,2.064054646969362,1,1.6211267466279642,1,1.6211267466279642,755.5186396437518,1.52468147153286
1994,1994,2.680179652,3.2371358237999965,0.5569561717999965,1.050068804597155,0,1.52468147153286,1,2.064054646969362,1,1.471777350325528,1,1.471777350325528,845.9125983799712,1.52468147153286
1995,1995,3.67738165,3.756680208181204,0.079298558181204,1.050068804597155,1,1.52468147153286,1,2.064054646969362,1,1.5369991640953309,1,1.5369991640953309,906.9189248260118,1.52468147153286
1997,1997,3.240002332,3.474525928177417,0.2345235961774165,1.050068804597155,1,1.52468147153286,1,2.064054646969362,1,1.7753279157393127,1,1.7753279157393127,448.72904294193336,1.52468147153286
2000,2000,3.001526994,3.411146709294094,0.4096197152940943,1.050068804597155,1,1.52468147153286,1,2.064054646969362,1,1.5116059835850626,1,1.5116059835850626,1058.0556202497562,1.52468147153286
2001,811,3.349070707,3.2255705207198964,0.1235001862801037,1.050068804597155,1,1.52468147153286,1,2.064054646969362,1,1.3504731496125624,1,1.3504731496125624,887.3304746053107,1.52468147153286
2007,2007,2.813366207,3.125168323493365,0.3118021164933648,1.050068804597155,1,1.52468147153286,1,2.064054646969362,1,1.4000068673287505,1,1.4000068673287505,696.9075321478898,1.52468147153286
2011,2011,4.049452464,3.565177492835393,0.4842749711646066,1.050068804597155,1,1.52468147153286,1,2.064054646969362,1,1.322437479614095,1,1.322437479614095,1070.0771313810453,1.52468147153286
2016,2016,3.208890528,3.5552711695283628,0.3463806415283628,1.050068804597155,1,1.52468147153286,1,2.064054646969362,1,1.4421221644499145,1,1.4421221644499145,823.1588660438831,1.52468147153286
2019,2019,3.471907503,3.6622403942780086,0.1903328912780084,1.050068804597155,1,1.52468147153286,1,2.064054646969362,1,1.301023391114362,1,1.301023391114362,354.8425958895751,1.52468147153286
2029,2029,3.963174826,3.9403402124315634,0.0228346135684365,1.050068804597155,1,1.52468147153286,1,2.064054646969362,1,1.123091525034881,1,1.123091525034881,575.3835510105432,1.52468147153286
2035,2029,4.010634879,3.962244083928472,0.0483907950715285,1.050068804597155,1,1.52468147153286,1,2.064054646969362,1,1.1306601012915225,1,1.1306601012915225,595.8387425503928,1.52468147153286
2038,2029,3.845515636,3.616540513705835,0.2289751222941651,1.050068804597155,1,1.52468147153286,1,2.064054646969362,1,1.2284225834212013,1,1.2284225834212013,919.0469826547749,1.52468147153286
2054,799,2.461006027,3.349385994511462,0.8883799675114621,1.050068804597155,0,1.52468147153286,0,2.064054646969362,1,1.784658526383998,1,1.784658526383998,551.5309143959468,4.045466106433501
2062,2062,2.891497192,3.2124463539022,0.3209491619021998,1.050068804597155,1,1.52468147153286,1,2.064054646969362,1,1.7248594406082018,1,1.7248594406082018,495.7922379657862,1.52468147153286
2063,2063,2.905435056,2.9169118719508917,0.0114768159508917,1.050068804597155,1,1.52468147153286,1,2.064054646969362,1,1.6893437225412633,1,1.6893437225412633,270.0140521117453,1.52468147153286
2064,2064,2.891320597,2.9468358576886446,0.0555152606886446,1.050068804597155,1,1.52468147153286,1,2.064054646969362,1,1.4820917832292722,1,1.4820917832292722,726.3124672282452,1.52468147153286
2065,2065,1.996544943,2.551337068940822,0.5547921259408222,1.050068804597155,0,1.52468147153286,1,2.064054646969362,1,1.5020973847507406,1,1.5020973847507406,565.7667402658126,1.52468147153286
2066,2066,3.612291336,3.442650455670551,0.1696408803294491,1.050068804597155,1,1.52468147153286,1,2.064054646969362,1,1.5626288932031063,1,1.5626288932031063,943.7479694204372,1.52468147153286
2071,2071,3.029386033,3.512613356264136,0.4832273232641357,1.050068804597155,1,1.52468147153286,1,2.064054646969362,1,1.486606312382654,1,1.486606312382654,891.6993136849115,1.52468147153286
2087,2087,3.659331234,3.4729174330242176,0.1864138009757825,1.050068804597155,1,1.52468147153286,1,2.064054646969362,1,1.123091525034881,1,1.123091525034881,479.9502573780641,1.52468147153286
2099,2099,3.418954964,3.3419777966111655,0.0769771673888346,1.050068804597155,1,1.52468147153286,1,2.064054646969362,1,1.7335146487190753,1,1.7335146487190753,546.6333430118411,1.52468147153286
2102,2102,4.111420471,4.36518785704052,0.2537673860405203,1.050068804597155,1,1.52468147153286,1,2.064054646969362,1,1.4067374915636837,1,1.4067374915636837,415.9606417041227,1.52468147153286
2103,1805,5.215083879,4.491903986107431,0.7231798928925688,1.050068804597155,0,1.52468147153286,1,2.064054646969362,1,1.784658526383998,1,1.784658526383998,404.3198655091267,1.52468147153286
2104,1805,5.017305523,4.61017736283485,0.4071281601651497,1.050068804597155,1,1.52468147153286,1,2.064054646969362,1,1.784658526383998,1,1.784658526383998,538.1437606050085,1.52468147153286
2106,1805,5.361791361,4.227139758012662,1.134651602987338,1.050068804597155,0,1.52468147153286,0,2.064054646969362,0,1.784658526383998,0,6.631105322290776,434.39033249799525,8.970898815951017
2109,1217,3.095599363,3.0549897994788973,0.0406095635211025,1.050068804597155,1,1.52468147153286,1,2.064054646969362,1,1.7124406432167314,1,1.7124406432167314,443.0152335054562,1.52468147153286
2110,1741,3.19193981,2.312534390063411,0.8794054199365888,1.050068804597155,0,1.52468147153286,0,2.064054646969362,1,1.7124406432167314,0,2.176142609781194,621.3913914854481,3.865975154936036
2125,2125,3.391620366,3.465527763898348,0.0739073978983477,1.050068804597155,1,1.52468147153286,1,2.064054646969362,1,1.5008579996902878,1,1.5008579996902878,342.2753855653177,1.52468147153286
2128,2125,3.684057414,3.4532735857340233,0.2307838282659768,1.050068804597155,1,1.52468147153286,1,2.064054646969362,1,1.6893437225412633,1,1.6893437225412633,184.78830042452188,1.52468147153286
2130,659,4.302612573,3.6178640296872313,0.6847485433127689,1.050068804597155,0,1.52468147153286,1,2.064054646969362,1,1.7650346208812264,1,1.7650346208812264,154.38273924192254,1.52468147153286
2135,2125,4.231566672,3.769396972459035,0.4621696995409641,1.050068804597155,1,1.52468147153286,1,2.064054646969362,1,1.766601315707975,1,1.766601315707975,147.24946014045275,1.52468147153286
2138,2138,2.802205614,2.3961244352109867,0.4060811787890133,1.050068804597155,1,1.52468147153286,1,2.064054646969362,1,1.7753279157393127,1,1.7753279157393127,398.1425289554737,1.52468147153286
2152,2152,2.755772829,3.085962988318604,0.330190159318604,1.050068804597155,1,1.52468147153286,1,2.064054646969362,1,1.4928188003459582,1,1.4928188003459582,887.4551460063323,1.52468147153286
2153,2153,4.848250715,3.3972598403968934,1.4509908746031064,1.050068804597155,0,1.52468147153286,0,2.064054646969362,0,1.7976301145222076,0,12.84114646136226,147.7972724208085,15.297684248266387
2156,2156,3.556511412,3.721354848591399,0.1648434365913993,1.050068804597155,1,1.52468147153286,1,2.064054646969362,1,1.6177557297486516,1,1.6177557297486516,891.57915581597,1.52468147153286
2157,2157,3.221689595,3.2953277025585375,0.0736381075585375,1.050068804597155,1,1.52468147153286,1,2.064054646969362,1,1.751109723736751,1,1.751109723736751,147.0586297119107,1.52468147153286
2159,2159,3.144689626,3.6061992661185025,0.4615096401185026,1.050068804597155,1,1.52468147153286,1,2.064054646969362,1,1.4820917832292722,1,1.4820917832292722,818.7890406472139,1.52468147153286
2163,2163,3.756345927,3.7560260418442897,0.0003198851557102,1.050068804597155,1,1.52468147153286,1,2.064054646969362,1,1.3687780642358547,1,1.3687780642358547,1060.0872947377868,1.52468147153286
2168,2168,3.658966543,3.85467013754406,0.1957035945440597,1.050068804597155,1,1.52468147153286,1,2.064054646969362,1,1.1428425274703127,1,1.1428425274703127,734.6725421049188,1.52468147153286
2170,2170,3.862459363,3.629175174794148,0.233284188205852,1.050068804597155,1,1.52468147153286,1,2.064054646969362,1,1.2661449876661628,1,1.2661449876661628,570.7918159317534,1.52468147153286
2174,2174,3.738054954,3.916400508533254,0.1783455545332541,1.050068804597155,1,1.52468147153286,1,2.064054646969362,1,1.218530640550755,1,1.218530640550755,790.8641524737258,1.52468147153286
2180,2180,4.008653391,3.7145194026413946,0.2941339883586056,1.050068804597155,1,1.52468147153286,1,2.064054646969362,1,1.3796985342264385,1,1.3796985342264385,998.3268349672697,1.52468147153286
2207,2207,3.768439775,3.883602189072062,0.1151624140720617,1.050068804597155,1,1.52468147153286,1,2.064054646969362,1,1.3687780642358547,1,1.3687780642358547,965.4655299216266,1.52468147153286
2210,2210,3.289198626,3.601048753844999,0.3118501278449987,1.050068804597155,1,1.52468147153286,1,2.064054646969362,1,1.5887891635532467,1,1.5887891635532467,827.8951584644079,1.52468147153286
2226,2226,3.033052749,3.263585914749812,0.2305331657498119,1.050068804597155,1,1.52468147153286,1,2.064054646969362,1,1.5257273445853006,1,1.5257273445853006,857.3225483208959,1.52468147153286
2231,1751,3.432499715,3.528771177099306,0.0962714620993061,1.050068804597155,1,1.52468147153286,1,2.064054646969362,1,1.699289333118247,1,1.699289333118247,647.7999413712222,1.52468147153286
2235,2235,3.437016873,3.508765215776155,0.0717483427761549,1.050068804597155,1,1.52468147153286,1,2.064054646969362,1,1.6377856258303867,1,1.6377856258303867,798.4997811554864,1.52468147153286
2246,2246,2.152893488,3.174858197392094,1.0219647093920945,1.050068804597155,0,1.52468147153286,0,2.064054646969362,1,1.5737498636462122,0,6.275545415025981,348.8965559208894,6.7171609440461495
2257,1387,4.071250963,4.3053899882427675,0.2341390252427677,1.050068804597155,1,1.52468147153286,1,2.064054646969362,1,1.29460112607409,1,1.29460112607409,837.9601315431333,1.52468147153286
2258,1387,4.025637349,4.236211389207808,0.210574040207808,1.050068804597155,1,1.52468147153286,1,2.064054646969362,1,1.3146642260256325,1,1.3146642260256325,877.2534529241344,1.52468147153286
2265,2265,3.779871231,3.99291809653401,0.2130468655340101,1.050068804597155,1,1.52468147153286,1,2.064054646969362,1,1.3789645652359779,1,1.3789645652359779,1088.8430155072083,1.52468147153286
2266,2266,4.143489781,4.47050192192329,0.3270121409232898,1.050068804597155,1,1.52468147153286,1,2.064054646969362,1,1.4375515506991992,1,1.4375515506991992,1045.4740131278359,1.52468147153286
2268,2268,4.78452315,4.08122253949742,0.7033006105025796,1.050068804597155,0,1.52468147153286,1,2.064054646969362,1,1.5369991640953309,1,1.5369991640953309,871.0914481902655,1.52468147153286
2270,2270,3.488799594,3.5864496034820585,0.0976500094820584,1.050068804597155,1,1.52468147153286,1,2.064054646969362,1,1.6573110137528522,1,1.6573110137528522,761.2770227269749,1.52468147153286
2273,2273,3.655499323,3.289679682530431,0.365819640469569,1.050068804597155,1,1.52468147153286,1,2.064054646969362,1,1.6377856258303867,1,1.6377856258303867,678.8806132405285,1.52468147153286
2277,1387,4.283816647,4.283056357004371,0.0007602899956289,1.050068804597155,1,1.52468147153286,1,2.064054646969362,1,1.3910522890513155,1,1.3910522890513155,904.394778112753,1.52468147153286
2278,2278,4.008340369,4.1655326782481845,0.1571923092481846,1.050068804597155,1,1.52468147153286,1,2.064054646969362,1,1.1846887263249224,1,1.1846887263249224,550.7663183343723,1.52468147153286
2285,2285,4.088034553,3.9307283296523816,0.1573062233476183,1.050068804597155,1,1.52468147153286,1,2.064054646969362,1,1.7746642911833757,1,1.7746642911833757,288.81384082991127,1.52468147153286
2289,2289,3.222245224,3.687525678420903,0.465280454420903,1.050068804597155,1,1.52468147153286,1,2.064054646969362,1,1.7753279157393127,1,1.7753279157393127,393.70012084530214,1.52468147153286
2292,2292,3.593718374,3.670849061568011,0.0771306875680113,1.050068804597155,1,1.52468147153286,1,2.064054646969362,1,1.2893225853921555,1,1.2893225853921555,838.094060290166,1.52468147153286
2299,2299,3.61526895,3.4574292896554732,0.1578396603445266,1.050068804597155,1,1.52468147153286,1,2.064054646969362,1,1.396974315685524,1,1.396974315685524,880.6784023005109,1.52468147153286
2302,2302,1.899970893,2.0755801016349364,0.1756092086349363,1.050068804597155,1,1.52468147153286,1,2.064054646969362,1,1.4982305036798973,1,1.4982305036798973,285.8739191010377,1.52468147153286
2303,2303,3.704173506,3.604887071970576,0.0992864340294241,1.050068804597155,1,1.52468147153286,1,2.064054646969362,1,1.5072520957078765,1,1.5072520957078765,887.8148095874824,1.52468147153286
2304,475,2.612098803,3.35235453568192,0.7402557326819204,1.050068804597155,0,1.52468147153286,1,2.064054646969362,1,1.6910857157185362,1,1.6910857157185362,516.0696850724081,1.52468147153286
2310,2310,3.328340765,3.158925928538148,0.1694148364618519,1.050068804597155,1,1.52468147153286,1,2.064054646969362,1,1.471777350325528,1,1.471777350325528,1003.6085707688245,1.52468147153286
2315,2315,3.413871301,2.9666515570940515,0.4472197439059484,1.050068804597155,1,1.52468147153286,1,2.064054646969362,1,1.5157978181117926,1,1.5157978181117926,673.19231090094,1.52468147153286
2316,2316,3.794402837,3.674625332796861,0.1197775042031392,1.050068804597155,1,1.52468147153286,1,2.064054646969362,1,1.3048305606716362,1,1.3048305606716362,1063.720399568416,1.52468147153286
2318,734,2.679680203,2.355517649045809,0.3241625539541912,1.050068804597155,1,1.52468147153286,1,2.064054646969362,1,1.6211267466279642,1,1.6211267466279642,581.3401763715486,1.52468147153286
2330,2330,3.547625287,3.3757080617162067,0.171917225283793,1.050068804597155,1,1.52468147153286,1,2.064054646969362,1,1.6177557297486516,1,1.6177557297486516,713.4833256122696,1.52468147153286
2332,2332,3.873515737,3.7039674410743864,0.1695482959256136,1.050068804597155,1,1.52468147153286,1,2.064054646969362,1,1.4589678116174616,1,1.4589678116174616,675.7318047558877,1.52468147153286
2333,2332,3.838817619,3.455004616007102,0.3838130029928979,1.050068804597155,1,1.52468147153286,1,2.064054646969362,1,1.407223166139615,1,1.407223166139615,610.4824353056039,1.52468147153286
2343,2343,3.403412242,3.4691439021077715,0.0657316601077715,1.050068804597155,1,1.52468147153286,1,2.064054646969362,1,1.429650291237051,1,1.429650291237051,777.7696097212075,1.52468147153286
2345,2345,3.521814973,3.487259123973959,0.0345558490260411,1.050068804597155,1,1.52468147153286,1,2.064054646969362,1,1.6780106505172885,1,1.6780106505172885,646.2977886779115,1.52468147153286
2350,12,3.542195305,3.459014511343471,0.0831807936565289,1.050068804597155,1,1.52468147153286,1,2.064054646969362,1,1.4067374915636837,1,1.4067374915636837,1094.1350633728152,1.52468147153286
2351,2351,2.859455209,2.9049990943674726,0.0455438853674725,1.050068804597155,1,1.52468147153286,1,2.064054646969362,1,1.5748593913579292,1,1.5748593913579292,743.0264249120625,1.52468147153286
2353,1211,3.778729924,3.022359654176393,0.756370269823607,1.050068804597155,0,1.52468147153286,1,2.064054646969362,1,1.6520545445645611,1,1.6520545445645611,673.1765914884611,1.52468147153286
2362,2362,3.235379027,3.437089960788447,0.2017109337884468,1.050068804597155,1,1.52468147153286,1,2.064054646969362,1,1.486606312382654,1,1.486606312382654,998.3488141856401,1.52468147153286
2369,2369,4.954987141,3.73945610718448,1.21553103381552,1.050068804597155,0,1.52468147153286,0,2.064054646969362,0,1.6910857157185362,0,9.090849234843576,713.1153299620546,10.588487432514661
2371,2371,3.689323661,3.794968156031933,0.105644495031933,1.050068804597155,1,1.52468147153286,1,2.064054646969362,1,1.1090997814356074,1,1.1090997814356074,573.2561418675459,1.52468147153286
2382,2382,3.099364068,3.320716349646361,0.2213522816463613,1.050068804597155,1,1.52468147153286,1,2.064054646969362,1,1.407223166139615,1,1.407223166139615,879.3381566383599,1.52468147153286
2387,2387,5.341688366,3.7360181035599087,1.605670262440091,1.050068804597155,0,1.52468147153286,0,2.064054646969362,0,1.784658526383998,0,16.051478511345834,413.6290154480201,18.39127200500608
2394,2394,3.12806497,3.2031329812039475,0.0750680112039474,1.050068804597155,1,1.52468147153286,1,2.064054646969362,1,1.3452449663859802,1,1.3452449663859802,691.5000305837116,1.52468147153286
2403,2403,3.351625621,3.7008460969973074,0.3492204759973072,1.050068804597155,1,1.52468147153286,1,2.064054646969362,1,1.4820917832292722,1,1.4820917832292722,655.082813226615,1.52468147153286
2404,2316,3.354546356,3.2008849119381644,0.1536614440618358,1.050068804597155,1,1.52468147153286,1,2.064054646969362,1,1.471777350325528,1,1.471777350325528,680.908338536408,1.52468147153286
2408,2408,3.222693065,3.165435143630105,0.0572579213698949,1.050068804597155,1,1.52468147153286,1,2.064054646969362,1,1.6573110137528522,1,1.6573110137528522,653.2236811632343,1.52468147153286
2414,2414,3.480481244,3.328089847175582,0.1523913968244179,1.050068804597155,1,1.52468147153286,1,2.064054646969362,1,1.4820917832292722,1,1.4820917832292722,827.9711949572094,1.52468147153286
2425,2425,2.817658316,3.241489375906485,0.4238310599064849,1.050068804597155,1,1.52468147153286,1,2.064054646969362,1,1.391427373169848,1,1.391427373169848,1095.5315746796234,1.52468147153286
2434,2394,3.729126659,3.709613761950844,0.0195128970491555,1.050068804597155,1,1.52468147153286,1,2.064054646969362,1,1.3146642260256325,1,1.3146642260256325,918.7219462287827,1.52468147153286
2437,2437,3.132557444,2.997028269213213,0.1355291747867872,1.050068804597155,1,1.52468147153286,1,2.064054646969362,1,1.4820917832292722,1,1.4820917832292722,902.500480780734,1.52468147153286
2442,2442,3.577995759,2.9226309913516193,0.6553647676483809,1.050068804597155,0,1.52468147153286,1,2.064054646969362,1,1.6573110137528522,1,1.6573110137528522,698.4372860282286,1.52468147153286
2447,12,3.56202294,3.689256983034086,0.1272340430340861,1.050068804597155,1,1.52468147153286,1,2.064054646969362,1,1.2772543466825281,1,1.2772543466825281,686.8351474120146,1.52468147153286
2452,2452,3.855476116,3.916056153034804,0.0605800370348035,1.050068804597155,1,1.52468147153286,1,2.064054646969362,1,1.3796985342264385,1,1.3796985342264385,543.204512875494,1.52468147153286
2474,189,3.873652875,3.7112408569605218,0.1624120180394785,1.050068804597155,1,1.52468147153286,1,2.064054646969362,1,1.222571224538596,1,1.222571224538596,627.9890107729045,1.52468147153286
2480,2480,2.707399831,2.9743448843157396,0.2669450533157396,1.050068804597155,1,1.52468147153286,1,2.064054646969362,1,1.4820917832292722,1,1.4820917832292722,934.8574142348566,1.52468147153286
2488,2488,4.132061073,3.9870439571964815,0.1450171158035185,1.050068804597155,1,1.52468147153286,1,2.064054646969362,1,1.0874971530866526,1,1.0874971530866526,422.61612645864886,1.52468147153286
2494,2330,3.881417946,3.539836281353003,0.3415816646469971,1.050068804597155,1,1.52468147153286,1,2.064054646969362,1,1.572992217236905,1,1.572992217236905,749.3412214875211,1.52468147153286
2502,2502,3.114455295,3.1923006073716387,0.0778453123716387,1.050068804597155,1,1.52468147153286,1,2.064054646969362,1,1.784658526383998,1,1.784658526383998,403.84890965925507,1.52468147153286
2503,2503,3.463760478,2.951076214567475,0.5126842634325253,1.050068804597155,1,1.52468147153286,1,2.064054646969362,1,1.6780106505172885,1,1.6780106505172885,725.3859150985428,1.52468147153286
2507,4,3.434206651,3.2748834794523427,0.1593231715476575,1.050068804597155,1,1.52468147153286,1,2.064054646969362,1,1.4975989965576506,1,1.4975989965576506,430.48738116671905,1.52468147153286
2515,2515,2.888504978,2.9503680687408407,0.0618630907408408,1.050068804597155,1,1.52468147153286,1,2.064054646969362,1,1.4436711702900702,1,1.4436711702900702,755.9293774053818,1.52468147153286
2516,2516,3.73817585,3.763420749921064,0.0252448999210637,1.050068804597155,1,1.52468147153286,1,2.064054646969362,1,1.5116059835850626,1,1.5116059835850626,861.3596706239302,1.52468147153286
2538,1160,3.136318844,3.421950000681142,0.2856311566811422,1.050068804597155,1,1.52468147153286,1,2.064054646969362,1,1.5626288932031063,1,1.5626288932031063,978.1596113373631,1.52468147153286
2552,2552,3.329731355,3.3022375005323874,0.0274938544676124,1.050068804597155,1,1.52468147153286,1,2.064054646969362,1,1.3321448556530964,1,1.3321448556530964,936.0982387849871,1.52468147153286
2556,1189,3.849050926,3.910935023643731,0.0618840976437309,1.050068804597155,1,1.52468147153286,1,2.064054646969362,1,1.3018451822076136,1,1.3018451822076136,985.3035182656338,1.52468147153286
2557,1189,4.083354259,3.7710615413692663,0.3122927176307337,1.050068804597155,1,1.52468147153286,1,2.064054646969362,1,1.29460112607409,1,1.29460112607409,992.1083552210304,1.52468147153286
2558,746,2.791424317,3.2193100423245897,0.4278857253245895,1.050068804597155,1,1.52468147153286,1,2.064054646969362,1,1.2817654905240419,1,1.2817654905240419,942.1060041226051,1.52468147153286
2565,2565,4.497033997,4.201686053431956,0.2953479435680437,1.050068804597155,1,1.52468147153286,1,2.064054646969362,1,1.1574151242489146,1,1.1574151242489146,500.6667184289809,1.52468147153286
2566,2565,4.51431829,4.325706133817876,0.1886121561821241,1.050068804597155,1,1.52468147153286,1,2.064054646969362,1,1.1846887263249224,1,1.1846887263249224,513.2809905951369,1.52468147153286
2578,2578,2.884430704,3.377857528096707,0.4934268240967068,1.050068804597155,1,1.52468147153286,1,2.064054646969362,1,1.5737498636462122,1,1.5737498636462122,704.303639933371,1.52468147153286
2583,2583,3.664573146,3.4325562111130155,0.2320169348869845,1.050068804597155,1,1.52468147153286,1,2.064054646969362,1,1.7753279157393127,1,1.7753279157393127,423.36653419699684,1.52468147153286
2586,2586,3.456574778,3.948666317797914,0.4920915397979142,1.050068804597155,1,1.52468147153286,1,2.064054646969362,1,1.6780106505172885,1,1.6780106505172885,699.6961568985113,1.52468147153286
2587,2586,3.493019651,4.368505744211716,0.8754860932117161,1.050068804597155,0,1.52468147153286,0,2.064054646969362,1,1.6377856258303867,0,2.769651231760842,752.4070911992806,3.787588620438582
2588,2588,3.136653639,3.1189575273512986,0.0176961116487013,1.050068804597155,1,1.52468147153286,1,2.064054646969362,1,1.7753279157393127,1,1.7753279157393127,402.3666480360258,1.52468147153286
2605,2605,3.601172934,3.8675688810365103,0.2663959470365107,1.050068804597155,1,1.52468147153286,1,2.064054646969362,1,1.5116059835850626,1,1.5116059835850626,1038.9580779212934,1.52468147153286
2608,2608,2.390163578,2.582424212387233,0.192260634387233,1.050068804597155,1,1.52468147153286,1,2.064054646969362,1,1.6451508977236662,1,1.6451508977236662,535.7033192648809,1.52468147153286
2614,2614,2.74861242,3.02643556823071,0.2778231482307096,1.050068804597155,1,1.52468147153286,1,2.064054646969362,1,1.4000068673287505,1,1.4000068673287505,872.9631924448772,1.52468147153286
2631,2631,2.60248831,3.330803905951959,0.7283155959519592,1.050068804597155,0,1.52468147153286,1,2.064054646969362,1,1.8208860709437305,1,1.8208860709437305,359.1050624481625,1.52468147153286
2637,2637,2.64804369,2.888665765564564,0.240622075564564,1.050068804597155,1,1.52468147153286,1,2.064054646969362,1,1.8406047363401272,1,1.8406047363401272,429.9877563036004,1.52468147153286
2638,2638,3.535046166,3.676230968621486,0.1411848026214861,1.050068804597155,1,1.52468147153286,1,2.064054646969362,1,1.3789645652359779,1,1.3789645652359779,485.5878936898082,1.52468147153286
2644,799,3.599217723,3.826556028414185,0.2273383054141846,1.050068804597155,1,1.52468147153286,1,2.064054646969362,1,1.261916561623683,1,1.261916561623683,151.77591897191792,1.52468147153286
2646,2646,2.941366087,3.2508296918172666,0.3094636048172665,1.050068804597155,1,1.52468147153286,1,2.064054646969362,1,1.380612816172353,1,1.380612816172353,997.6326628625403,1.52468147153286
2652,2652,3.824453981,3.668012277423759,0.1564417035762408,1.050068804597155,1,1.52468147153286,1,2.064054646969362,1,1.6521075139563504,1,1.6521075139563504,775.6338002292854,1.52468147153286
2660,2660,3.669170386,4.308463212444206,0.6392928264442062,1.050068804597155,0,1.52468147153286,1,2.064054646969362,1,1.4421221644499145,1,1.4421221644499145,913.258627831211,1.52468147153286
2661,12,3.207433527,3.4885372031656914,0.2811036761656913,1.050068804597155,1,1.52468147153286,1,2.064054646969362,1,1.4000068673287505,1,1.4000068673287505,1102.6973553038235,1.52468147153286
2665,1958,3.003039054,3.1060792857630894,0.1030402317630896,1.050068804597155,1,1.52468147153286,1,2.064054646969362,1,1.6334237079661191,1,1.6334237079661191,845.3635754912896,1.52468147153286
2676,2676,3.755548536,2.983461988172892,0.772086547827108,1.050068804597155,0,1.52468147153286,0,2.064054646969362,1,1.784658526383998,1,1.784658526383998,412.40811132085923,1.7195977127464186
2680,2680,3.727492743,3.632058358207786,0.0954343847922141,1.050068804597155,1,1.52468147153286,1,2.064054646969362,1,1.6348515981018181,1,1.6348515981018181,556.3324860622293,1.52468147153286
2689,2689,3.868975948,3.3610472387988524,0.5079287092011477,1.050068804597155,1,1.52468147153286,1,2.064054646969362,1,1.4067374915636837,1,1.4067374915636837,1024.055133800066,1.52468147153286
2690,2690,5.498886823,3.663687543371579,1.835199279628421,1.050068804597155,0,1.52468147153286,0,2.064054646969362,0,1.6309639547093955,0,22.025310000183865,532.0894750748903,22.981852348772684
2694,2694,3.037457486,2.9546512591434695,0.0828062268565306,1.050068804597155,1,1.52468147153286,1,2.064054646969362,1,1.4375515506991992,1,1.4375515506991992,463.2985283570112,1.52468147153286
2702,2702,4.940177683,4.103000154506343,0.8371775284936573,1.050068804597155,0,1.52468147153286,0,2.064054646969362,1,1.6309639547093955,0,2.0648749774885875,795.5162415225722,3.0214173260774064
2703,2703,3.356654842,2.955378818018037,0.4012760239819632,1.050068804597155,1,1.52468147153286,1,2.064054646969362,1,1.5626288932031063,1,1.5626288932031063,614.8359421383826,1.52468147153286
2705,2705,3.304296603,3.2060897253517804,0.0982068776482196,1.050068804597155,1,1.52468147153286,1,2.064054646969362,1,1.4928188003459582,1,1.4928188003459582,985.4713881271438,1.52468147153286
2710,2710,3.347537083,4.178393707563762,0.8308566245637619,1.050068804597155,0,1.52468147153286,0,2.064054646969362,1,1.5072520957078765,0,3.0518636299043482,881.2383543101494,2.8949992474794968
2721,2721,3.559917307,3.4625428381539716,0.0973744688460285,1.050068804597155,1,1.52468147153286,1,2.064054646969362,1,1.3834143289291232,1,1.3834143289291232,849.8073452638123,1.52468147153286
2727,2727,3.77481405,3.753878179020494,0.0209358709795064,1.050068804597155,1,1.52468147153286,1,2.064054646969362,1,1.1574151242489146,1,1.1574151242489146,664.5613273602715,1.52468147153286
2753,2586,3.08472686,4.235014799702657,1.1502879397026566,1.050068804597155,0,1.52468147153286,0,2.064054646969362,0,1.5626288932031063,0,8.942098755225176,930.5989421108778,9.283625550257392
2760,4,3.171909199,3.311859371256533,0.1399501722565332,1.050068804597155,1,1.52468147153286,1,2.064054646969362,1,1.5737498636462122,1,1.5737498636462122,779.1440705525545,1.52468147153286
2761,2761,4.795231815,4.146203117256593,0.6490286977434074,1.050068804597155,0,1.52468147153286,1,2.064054646969362,1,1.1306601012915225,0,2.804633043244446,556.9911110064235,1.52468147153286
2762,2762,2.707399831,3.1080498310273867,0.4006500000273867,1.050068804597155,1,1.52468147153286,1,2.064054646969362,1,1.7746642911833757,1,1.7746642911833757,482.88052637400716,1.52468147153286
2764,2764,4.352065618,3.3512819940697907,1.0007836239302097,1.050068804597155,0,1.52468147153286,0,2.064054646969362,1,1.3910522890513155,0,7.496201877142354,1128.5968541744849,6.293539234808454
2767,2767,4.11298648,3.7073111643832664,0.4056753156167336,1.050068804597155,1,1.52468147153286,1,2.064054646969362,1,1.4553805109797686,1,1.4553805109797686,1024.206083967955,1.52468147153286
2768,2768,3.598926134,3.371867768163328,0.227058365836672,1.050068804597155,1,1.52468147153286,1,2.064054646969362,1,1.6521075139563504,1,1.6521075139563504,452.1005590795496,1.52468147153286
2769,2769,3.318614205,3.575554703935228,0.2569404989352284,1.050068804597155,1,1.52468147153286,1,2.064054646969362,1,1.3700025136338576,1,1.3700025136338576,972.6830651989734,1.52468147153286
2770,2586,3.526641535,4.441767913686178,0.915126378686178,1.050068804597155,0,1.52468147153286,0,2.064054646969362,1,1.6334237079661191,0,3.601714202028487,779.3846880991169,4.5803943299278185
2776,2776,3.435062527,3.59425940357425,0.1591968765742502,1.050068804597155,1,1.52468147153286,1,2.064054646969362,1,1.5812013882021647,1,1.5812013882021647,860.0367505579943,1.52468147153286
2787,2787,3.528418518,3.328145354784876,0.2002731632151242,1.050068804597155,1,1.52468147153286,1,2.064054646969362,1,1.8406047363401272,1,1.8406047363401272,481.18486667585785,1.52468147153286
2799,2799,2.533452046,1.79343094079455,0.74002110520545,1.050068804597155,0,1.52468147153286,1,2.064054646969362,1,1.720364193938941,1,1.720364193938941,162.00912699088735,1.52468147153286
2801,2801,3.764304255,3.852710633880776,0.0884063788807765,1.050068804597155,1,1.52468147153286,1,2.064054646969362,1,1.407223166139615,1,1.407223166139615,891.5796219586111,1.52468147153286
2827,2827,2.726655907,3.520994962646046,0.7943390556460459,1.050068804597155,0,1.52468147153286,0,2.064054646969362,1,1.71832435210937,1,1.71832435210937,655.2505432988336,2.1646478691251776
2829,2829,2.873840666,3.1859871669364277,0.3121465009364277,1.050068804597155,1,1.52468147153286,1,2.064054646969362,1,1.5626288932031063,1,1.5626288932031063,798.1493273899988,1.52468147153286
2831,2831,4.223012546,3.592170483631229,0.6308420623687705,1.050068804597155,0,1.52468147153286,1,2.064054646969362,1,1.8406047363401272,1,1.8406047363401272,352.40622772053734,1.52468147153286
2834,2834,3.689858657,3.394074916101638,0.2957837408983619,1.050068804597155,1,1.52468147153286,1,2.064054646969362,1,1.380612816172353,1,1.380612816172353,959.6144170338856,1.52468147153286
2835,2835,3.258709101,3.7863541692438982,0.5276450682438987,1.050068804597155,0,1.52468147153286,1,2.064054646969362,1,1.720364193938941,1,1.720364193938941,149.893953745757,1.52468147153286
2840,1189,3.921396015,3.738191199826224,0.1832048151737764,1.050068804597155,1,1.52468147153286,1,2.064054646969362,1,1.2871845430913194,1,1.2871845430913194,982.5856319485424,1.52468147153286
2842,1995,4.140552036,3.780291996307698,0.3602600396923012,1.050068804597155,1,1.52468147153286,1,2.064054646969362,1,1.5990498197049652,1,1.5990498197049652,854.1416947607584,1.52468147153286
2854,2854,3.209083953,3.341111907560118,0.1320279545601179,1.050068804597155,1,1.52468147153286,1,2.064054646969362,1,1.6334237079661191,1,1.6334237079661191,741.3661776966378,1.52468147153286
2857,2857,3.118101404,2.931871716611055,0.1862296873889448,1.050068804597155,1,1.52468147153286,1,2.064054646969362,1,1.6348515981018181,1,1.6348515981018181,652.6503317853316,1.52468147153286
2858,2858,3.391552567,3.5690295644927215,0.1774769974927212,1.050068804597155,1,1.52468147153286,1,2.064054646969362,1,1.3469016477462619,1,1.3469016477462619,613.919871325896,1.52468147153286
2874,2874,3.535662508,3.291248553037791,0.244413954962209,1.050068804597155,1,1.52468147153286,1,2.064054646969362,1,1.7753279157393127,1,1.7753279157393127,579.7024249740085,1.52468147153286
2890,2890,3.252293291,3.5933799973539906,0.3410867063539906,1.050068804597155,1,1.52468147153286,1,2.064054646969362,1,1.4519737566165158,1,1.4519737566165158,438.679654345493,1.52468147153286
2908,2908,3.35975081,3.2247637454706655,0.1349870645293345,1.050068804597155,1,1.52468147153286,1,2.064054646969362,1,1.6573110137528522,1,1.6573110137528522,603.1882455483108,1.52468147153286
2912,2912,5.530838588,4.340537713913283,1.1903008740867174,1.050068804597155,0,1.52468147153286,0,2.064054646969362,0,1.1964387702367638,0,13.038068549603473,461.1963890655171,10.083884237938607
2919,2919,5.163397588,4.082857006795479,1.080540581204521,1.050068804597155,0,1.52468147153286,0,2.064054646969362,0,1.3526418093239734,0,9.43703534017466,671.983711374562,7.88867838029468
2923,2923,4.568702954,4.263733048975658,0.3049699050243415,1.050068804597155,1,1.52468147153286,1,2.064054646969362,1,1.2871845430913194,1,1.2871845430913194,368.1548101502776,1.52468147153286
2925,2919,3.935104021,3.826450677667566,0.1086533433324339,1.050068804597155,1,1.52468147153286,1,2.064054646969362,1,1.3354862399578504,1,1.3354862399578504,843.6578907288352,1.52468147153286
2926,2919,3.816387145,3.956318377191629,0.1399312321916288,1.050068804597155,1,1.52468147153286,1,2.064054646969362,1,1.3186075973526146,1,1.3186075973526146,849.1985380845982,1.52468147153286
2927,2919,3.757558696,3.942253712035856,0.1846950160358562,1.050068804597155,1,1.52468147153286,1,2.064054646969362,1,1.102710936723887,1,1.102710936723887,488.62499723257025,1.52468147153286
2936,2936,3.193647664,3.042712249878586,0.1509354141214141,1.050068804597155,1,1.52468147153286,1,2.064054646969362,1,1.396974315685524,1,1.396974315685524,1027.7424019354592,1.52468147153286
2939,2939,2.97513245,3.330966226811964,0.3558337768119641,1.050068804597155,1,1.52468147153286,1,2.064054646969362,1,1.6211267466279642,1,1.6211267466279642,917.5961791024454,1.52468147153286
2946,2946,5.166942951,3.943602004605789,1.223340946394211,1.050068804597155,0,1.52468147153286,0,2.064054646969362,0,1.2772543466825281,0,12.971529807741469,758.5785748788293,10.744685684088482
2951,2660,3.421830379,4.10731428953915,0.6854839105391495,1.050068804597155,0,1.52468147153286,1,2.064054646969362,1,1.4553805109797686,1,1.4553805109797686,912.8483319600876,1.52468147153286
2975,2565,4.158698049,3.859623006681852,0.2990750423181478,1.050068804597155,1,1.52468147153286,1,2.064054646969362,1,1.123091525034881,1,1.123091525034881,500.18126715639625,1.52468147153286
2976,2565,4.49315238,4.371244719542854,0.121907660457146,1.050068804597155,1,1.52468147153286,1,2.064054646969362,1,1.1846887263249224,1,1.1846887263249224,509.88417263440806,1.52468147153286
2979,2011,4.118062738,3.699073875723637,0.4189888622763633,1.050068804597155,1,1.52468147153286,1,2.064054646969362,1,1.2871845430913194,1,1.2871845430913194,1021.0443325748951,1.52468147153286
2980,2980,3.960861416,3.847414898926988,0.1134465170730121,1.050068804597155,1,1.52468147153286,1,2.064054646969362,1,1.302102845045579,1,1.302102845045579,831.4871009275753,1.52468147153286
3023,420,3.338962078,3.771643923089639,0.4326818450896392,1.050068804597155,1,1.52468147153286,1,2.064054646969362,1,1.52468147153286,1,1.52468147153286,165.09711512836364,1.52468147153286
3027,3027,3.692250052,3.5057964453416735,0.1864536066583264,1.050068804597155,1,1.52468147153286,1,2.064054646969362,1,1.3398275348484274,1,1.3398275348484274,772.5154482669129,1.52468147153286
3028,3028,2.903463802,3.0168568107662246,0.1133930087662244,1.050068804597155,1,1.52468147153286,1,2.064054646969362,1,1.5990498197049652,1,1.5990498197049652,747.1570111236746,1.52468147153286
3031,3031,2.788156582,2.566281227573472,0.2218753544265279,1.050068804597155,1,1.52468147153286,1,2.064054646969362,1,1.572992217236905,1,1.572992217236905,404.27962106724135,1.52468147153286
3038,3038,3.693293443,3.687453220170597,0.0058402228294029,1.050068804597155,1,1.52468147153286,1,2.064054646969362,1,1.4421221644499145,1,1.4421221644499145,825.1728869216498,1.52468147153286
3043,3043,3.564069747,3.4097179529210666,0.1543517940789334,1.050068804597155,1,1.52468147153286,1,2.064054646969362,1,1.4820917832292722,1,1.4820917832292722,728.3858251107052,1.52468147153286
3048,3048,4.153333475,3.5326611537694372,0.6206723212305629,1.050068804597155,0,1.52468147153286,1,2.064054646969362,1,1.4589678116174616,1,1.4589678116174616,1071.826576818878,1.52468147153286
3053,2266,4.202167663,4.44454720569817,0.2423795426981696,1.050068804597155,1,1.52468147153286,1,2.064054646969362,1,1.4001985286173522,1,1.4001985286173522,1068.6052575609615,1.52468147153286
3054,2266,4.113702172,4.5835637677160905,0.4698615957160905,1.050068804597155,1,1.52468147153286,1,2.064054646969362,1,1.380612816172353,1,1.380612816172353,1020.2072004137623,1.52468147153286
3056,3056,4.627471686,4.316636456273896,0.3108352297261039,1.050068804597155,1,1.52468147153286,1,2.064054646969362,1,1.471777350325528,1,1.471777350325528,906.0754272027672,1.52468147153286
3057,3057,4.048414928,4.713265180171274,0.6648502521712745,1.050068804597155,0,1.52468147153286,1,2.064054646969362,1,1.4589678116174616,1,1.4589678116174616,792.2429556208494,1.52468147153286
3061,3061,5.246098324,4.422827721673899,0.8232706023261009,1.050068804597155,0,1.52468147153286,0,2.064054646969362,1,1.302102845045579,0,4.746486441111808,595.5858218111346,2.7432788027262784
3062,1286,3.57113405,3.53711957969476,0.03401447030524,1.050068804597155,1,1.52468147153286,1,2.064054646969362,1,1.3398275348484274,1,1.3398275348484274,1091.6435808384683,1.52468147153286
3065,3065,3.59451758,3.1925382326169167,0.4019793473830835,1.050068804597155,1,1.52468147153286,1,2.064054646969362,1,1.4434985922582326,1,1.4434985922582326,359.1421337921594,1.52468147153286
3069,3069,4.168151147,4.492902197331816,0.324751050331816,1.050068804597155,1,1.52468147153286,1,2.064054646969362,1,1.2006980094738973,1,1.2006980094738973,469.4991875324051,1.52468147153286
3070,3069,3.549222501,3.685104809815387,0.1358823088153871,1.050068804597155,1,1.52468147153286,1,2.064054646969362,1,1.3687780642358547,1,1.3687780642358547,851.4378592154807,1.52468147153286
3071,3071,3.299404869,3.4969829621306103,0.1975780931306103,1.050068804597155,1,1.52468147153286,1,2.064054646969362,1,1.3897758008728918,1,1.3897758008728918,943.9233623269171,1.52468147153286
3100,3100,5.420286204,4.538753851686024,0.8815323523139762,1.050068804597155,0,1.52468147153286,0,2.064054646969362,1,1.7248594406082018,0,2.1069120808057074,590.2114004306043,3.9085138024837836
3101,3101,3.121149319,3.7107731200323766,0.5896238010323764,1.050068804597155,0,1.52468147153286,1,2.064054646969362,1,1.429650291237051,1,1.429650291237051,171.4060244678624,1.52468147153286
3109,3109,3.491913318,3.6875991437789137,0.1956858257789133,1.050068804597155,1,1.52468147153286,1,2.064054646969362,1,1.699289333118247,1,1.699289333118247,729.6628407740428,1.52468147153286
3113,3113,3.67460214,3.8413509293746366,0.1667487893746364,1.050068804597155,1,1.52468147153286,1,2.064054646969362,1,1.391427373169848,1,1.391427373169848,954.7781812905314,1.52468147153286
3125,3125,3.005216273,3.3053699762091253,0.3001537032091255,1.050068804597155,1,1.52468147153286,1,2.064054646969362,1,1.4928188003459582,1,1.4928188003459582,675.2695358928871,1.52468147153286
3127,3127,3.410768198,3.4732523099744532,0.0624841119744532,1.050068804597155,1,1.52468147153286,1,2.064054646969362,1,1.5887891635532467,1,1.5887891635532467,942.2377763115487,1.52468147153286
3129,12,3.882841036,3.801943012297342,0.0808980237026579,1.050068804597155,1,1.52468147153286,1,2.064054646969362,1,1.1597138134038474,1,1.1597138134038474,515.3518604472855,1.52468147153286
3133,2226,2.924178743,3.224068321007551,0.299889578007551,1.050068804597155,1,1.52468147153286,1,2.064054646969362,1,1.6177557297486516,1,1.6177557297486516,826.0952002845225,1.52468147153286
3140,3140,3.756271961,3.924727955723823,0.1684559947238231,1.050068804597155,1,1.52468147153286,1,2.064054646969362,1,1.0741825317303277,1,1.0741825317303277,445.53174975594663,1.52468147153286
3142,3142,4.458790254,4.135553603282515,0.3232366507174848,1.050068804597155,1,1.52468147153286,1,2.064054646969362,1,1.74173289219104,1,1.74173289219104,478.5065597685344,1.52468147153286
3149,2102,4.801657244,4.376343108802589,0.4253141351974117,1.050068804597155,1,1.52468147153286,1,2.064054646969362,1,1.3796985342264385,1,1.3796985342264385,409.7083260544897,1.52468147153286
3151,3151,3.970218586,4.4421517121668295,0.4719331261668293,1.050068804597155,1,1.52468147153286,1,2.064054646969362,1,1.3504731496125624,1,1.3504731496125624,1060.7563185717263,1.52468147153286
3152,3151,4.194585491,4.731639259278354,0.537053768278354,1.050068804597155,0,1.52468147153286,1,2.064054646969362,1,1.3504731496125624,1,1.3504731496125624,1094.6585306838933,1.52468147153286
3153,3151,4.574396174,4.64619186845441,0.0717956944544093,1.050068804597155,1,1.52468147153286,1,2.064054646969362,1,1.3536511082942848,1,1.3536511082942848,1121.2454082817922,1.52468147153286
3156,659,4.376824082,3.708222139158807,0.6686019428411929,1.050068804597155,0,1.52468147153286,1,2.064054646969362,1,1.52468147153286,1,1.52468147153286,257.4187762193636,1.52468147153286
3157,659,4.604928902,3.4686863907840775,1.136242511215923,1.050068804597155,0,1.52468147153286,0,2.064054646969362,0,1.751109723736751,0,6.964862710687699,162.66088304052712,9.002716980522717
3158,659,4.335947084,3.654666543906249,0.6812805400937507,1.050068804597155,0,1.52468147153286,1,2.064054646969362,1,1.52468147153286,1,1.52468147153286,197.2937461834632,1.52468147153286
3160,659,4.318504087,3.6706209998694295,0.6478830871305705,1.050068804597155,0,1.52468147153286,1,2.064054646969362,1,1.7322532286447205,1,1.7322532286447205,172.51504513010048,1.52468147153286
3161,659,5.543252045,3.591450729668956,1.951801315331044,1.050068804597155,0,1.52468147153286,0,2.064054646969362,0,1.7322532286447205,0,23.445747248818396,169.17790769660522,25.313893062825137
3180,3180,2.903569256,2.561535134655045,0.3420341213449549,1.050068804597155,1,1.52468147153286,1,2.064054646969362,1,1.699289333118247,1,1.699289333118247,559.6990592268904,1.52468147153286
3182,3182,3.17184342,3.6630481859466126,0.4912047659466125,1.050068804597155,1,1.52468147153286,1,2.064054646969362,1,1.396974315685524,1,1.396974315685524,440.349349103852,1.52468147153286
3185,603,3.917846719,3.892251056634728,0.025595662365272,1.050068804597155,1,1.52468147153286,1,2.064054646969362,1,1.52468147153286,1,1.52468147153286,1.7821134428889087,1.52468147153286
3186,659,4.604928902,3.551137602692799,1.0537912993072012,1.050068804597155,0,1.52468147153286,0,2.064054646969362,0,1.692535950084464,0,5.843002435383848,208.64914101804476,7.353692742348283
3187,659,5.249252592,3.664993036714712,1.5842595552852887,1.050068804597155,0,1.52468147153286,0,2.064054646969362,0,1.7976301145222076,0,15.506520075005906,136.37996657106103,17.96305786191003
3189,3189,3.637786258,3.4639483646115647,0.1738378933884354,1.050068804597155,1,1.52468147153286,1,2.064054646969362,1,1.5116059835850626,1,1.5116059835850626,617.2122267038312,1.52468147153286
3193,659,4.553560488,3.7417084935791673,0.8118519944208322,1.050068804597155,0,1.52468147153286,0,2.064054646969362,1,1.7976301145222076,1,1.7976301145222076,134.28907959369016,2.514906644620904
3198,3198,3.404913094,3.755387177664755,0.3504740836647557,1.050068804597155,1,1.52468147153286,1,2.064054646969362,1,1.71832435210937,1,1.71832435210937,648.6774917344359,1.52468147153286
3201,3201,2.967984547,3.100961515761575,0.1329769687615751,1.050068804597155,1,1.52468147153286,1,2.064054646969362,1,1.6573110137528522,1,1.6573110137528522,631.4920198919154,1.52468147153286
3203,3203,3.980625944,3.346664576380996,0.6339613676190039,1.050068804597155,0,1.52468147153286,1,2.064054646969362,1,1.380612816172353,1,1.380612816172353,943.0658650054096,1.52468147153286
3204,3203,3.113733978,3.3347758000869767,0.2210418220869767,1.050068804597155,1,1.52468147153286,1,2.064054646969362,1,1.3536511082942848,1,1.3536511082942848,958.671227834063,1.52468147153286
3207,3207,4.072617477,3.993183934285335,0.0794335427146641,1.050068804597155,1,1.52468147153286,1,2.064054646969362,1,1.71832435210937,1,1.71832435210937,572.2376098200273,1.52468147153286
3216,3216,3.730373082,3.341895231839491,0.3884778501605086,1.050068804597155,1,1.52468147153286,1,2.064054646969362,1,1.396974315685524,1,1.396974315685524,1018.0039365061225,1.52468147153286
3222,3222,3.678660617,3.651323633898143,0.0273369831018568,1.050068804597155,1,1.52468147153286,1,2.064054646969362,1,1.8416579187947264,1,1.8416579187947264,487.74005221456224,1.52468147153286
3225,3225,2.772109725,2.85875405435648,0.08664432935648,1.050068804597155,1,1.52468147153286,1,2.064054646969362,1,1.9471039194714193,1,1.9471039194714193,373.3821829859683,1.52468147153286
3232,3232,3.732303272,3.991870563298914,0.2595672912989148,1.050068804597155,1,1.52468147153286,1,2.064054646969362,1,1.407223166139615,1,1.407223166139615,988.1912115111106,1.52468147153286
3240,659,4.632177859,3.6958169228144215,0.936360936185578,1.050068804597155,0,1.52468147153286,0,2.064054646969362,1,1.7976301145222076,0,2.5485476930116926,128.66734233110589,5.00508547991582
3245,3245,3.441602496,3.943676212714732,0.5020737167147322,1.050068804597155,1,1.52468147153286,1,2.064054646969362,1,1.218530640550755,1,1.218530640550755,721.3315141071138,1.52468147153286
3249,3249,4.073431933,3.5959594046778207,0.4774725283221794,1.050068804597155,1,1.52468147153286,1,2.064054646969362,1,1.1846887263249224,1,1.1846887263249224,648.0059921421014,1.52468147153286
3250,3249,4.354326172,3.746553033110127,0.6077731388898733,1.050068804597155,0,1.52468147153286,1,2.064054646969362,1,1.1846887263249224,0,1.493264240873164,521.2205159789538,1.52468147153286
3251,2157,2.69369569,3.4665891147232433,0.7728934247232431,1.050068804597155,0,1.52468147153286,0,2.064054646969362,1,1.7976301145222076,1,1.7976301145222076,130.2480345380879,1.735735250669121
3252,3252,2.619063968,2.8045083263321633,0.1854443583321634,1.050068804597155,1,1.52468147153286,1,2.064054646969362,1,1.626293848871482,1,1.626293848871482,683.9924335462545,1.52468147153286
3253,3253,3.528659645,3.0144489279850983,0.5142107170149015,1.050068804597155,1,1.52468147153286,1,2.064054646969362,1,1.8406047363401272,1,1.8406047363401272,477.02055448935914,1.52468147153286
3258,3258,2.973888069,3.157595757429888,0.1837076884298878,1.050068804597155,1,1.52468147153286,1,2.064054646969362,1,1.2942752761884568,1,1.2942752761884568,124.27172311231092,1.52468147153286
3259,3259,2.937155949,3.2014360063860225,0.2642800573860224,1.050068804597155,1,1.52468147153286,1,2.064054646969362,1,1.4589678116174616,1,1.4589678116174616,975.5597636945437,1.52468147153286
3260,3260,3.56927147,3.4257948531055877,0.1434766168944121,1.050068804597155,1,1.52468147153286,1,2.064054646969362,1,1.766601315707975,1,1.766601315707975,477.73086965782016,1.52468147153286
3268,3268,3.52690117,3.7458830603737887,0.2189818903737888,1.050068804597155,1,1.52468147153286,1,2.064054646969362,1,1.423361558271015,1,1.423361558271015,941.0777450247501,1.52468147153286
3281,1134,2.567379308,2.638430379698196,0.071051071698196,1.050068804597155,1,1.52468147153286,1,2.064054646969362,1,1.572992217236905,1,1.572992217236905,333.77332737097765,1.52468147153286
3295,3295,3.39667524,3.297345393504158,0.0993298464958418,1.050068804597155,1,1.52468147153286,1,2.064054646969362,1,1.3504731496125624,1,1.3504731496125624,838.7394645124793,1.52468147153286
3300,3300,2.971076287,2.754574571936761,0.2165017150632389,1.050068804597155,1,1.52468147153286,1,2.064054646969362,1,1.8370283935439569,1,1.8370283935439569,412.53596733075824,1.52468147153286
3307,3307,3.736993744,3.745997667567712,0.0090039235677124,1.050068804597155,1,1.52468147153286,1,2.064054646969362,1,1.2934848125288436,1,1.2934848125288436,944.3519376538748,1.52468147153286
3308,3308,4.498852378,3.8462159325583807,0.6526364454416189,1.050068804597155,0,1.52468147153286,1,2.064054646969362,1,1.7124406432167314,1,1.7124406432167314,689.7078493142916,1.52468147153286
3310,3310,2.915602072,3.355344335914504,0.4397422639145039,1.050068804597155,1,1.52468147153286,1,2.064054646969362,1,1.4553805109797686,1,1.4553805109797686,956.5740481012986,1.52468147153286
3338,1626,3.778435517,3.5930407592524816,0.1853947577475185,1.050068804597155,1,1.52468147153286,1,2.064054646969362,1,1.6451508977236662,1,1.6451508977236662,423.34873730133495,1.52468147153286
3339,1626,3.478944355,3.451056481879981,0.0278878731200187,1.050068804597155,1,1.52468147153286,1,2.064054646969362,1,1.4982305036798973,1,1.4982305036798973,332.1815746110387,1.52468147153286
3343,3343,4.369689582,4.522490320889387,0.152800738889387,1.050068804597155,1,1.52468147153286,1,2.064054646969362,1,1.5157978181117926,1,1.5157978181117926,778.7861633756746,1.52468147153286
3353,3353,4.166511518,3.737774579862831,0.428736938137169,1.050068804597155,1,1.52468147153286,1,2.064054646969362,1,1.3504731496125624,1,1.3504731496125624,1013.8688472131814,1.52468147153286
3380,659,3.61534393,3.415273955671465,0.2000699743285348,1.050068804597155,1,1.52468147153286,1,2.064054646969362,1,1.630021760176727,1,1.630021760176727,274.16161870078713,1.52468147153286
3385,3385,3.947946002,3.7580564420401017,0.1898895599598988,1.050068804597155,1,1.52468147153286,1,2.064054646969362,1,1.29460112607409,1,1.29460112607409,816.370676936362,1.52468147153286
3403,3403,3.699667474,3.707838433015707,0.0081709590157075,1.050068804597155,1,1.52468147153286,1,2.064054646969362,1,1.4804585416623715,1,1.4804585416623715,744.7578815723691,1.52468147153286
3411,3411,3.384477071,3.728075443786764,0.3435983727867642,1.050068804597155,1,1.52468147153286,1,2.064054646969362,1,1.6573110137528522,1,1.6573110137528522,723.5242667934112,1.52468147153286
3413,3413,2.531404743,3.441756808324254,0.910352065324254,1.050068804597155,0,1.52468147153286,0,2.064054646969362,1,1.5020973847507406,0,4.688164843728414,401.0932198564974,4.484908062689339
3434,3434,3.988687131,3.877840054996047,0.110847076003953,1.050068804597155,1,1.52468147153286,1,2.064054646969362,1,1.396974315685524,1,1.396974315685524,856.5224007281794,1.52468147153286
3436,2721,3.401992983,3.382488220590066,0.0195047624099338,1.050068804597155,1,1.52468147153286,1,2.064054646969362,1,1.396974315685524,1,1.396974315685524,747.2810224726785,1.52468147153286
3437,2586,4.644534485,3.466331735731194,1.1782027492688063,1.050068804597155,0,1.52468147153286,0,2.064054646969362,0,1.6377856258303867,0,8.823984352902645,777.8216821474589,9.841921741580386
3458,3458,2.711849392,2.9254086505121064,0.2135592585121064,1.050068804597155,1,1.52468147153286,1,2.064054646969362,1,1.6334237079661191,1,1.6334237079661191,831.4940453561821,1.52468147153286
3467,3467,4.383764516,4.184965236982894,0.1987992790171064,1.050068804597155,1,1.52468147153286,1,2.064054646969362,1,1.8416579187947264,1,1.8416579187947264,451.8998656894369,1.52468147153286
3472,2919,3.988623808,3.8098037806400424,0.1788200273599574,1.050068804597155,1,1.52468147153286,1,2.064054646969362,1,1.2817654905240419,1,1.2817654905240419,825.3542266808538,1.52468147153286
3473,999,3.369443879,4.258700298287788,0.8892564192877885,1.050068804597155,0,1.52468147153286,0,2.064054646969362,1,1.6177557297486516,0,3.2253268180179067,794.893633217407,4.06299514196003
3476,3476,3.425329526,3.6099160655087577,0.1845865395087575,1.050068804597155,1,1.52468147153286,1,2.064054646969362,1,1.4553805109797686,1,1.4553805109797686,1089.0239665407591,1.52468147153286
3482,674,3.337856434,3.480495564007453,0.1426391300074532,1.050068804597155,1,1.52468147153286,1,2.064054646969362,1,1.396974315685524,1,1.396974315685524,897.1902197728936,1.52468147153286
3497,3497,4.358859385,3.8431484429510343,0.5157109420489654,1.050068804597155,1,1.52468147153286,1,2.064054646969362,1,1.1964387702367638,1,1.1964387702367638,673.1258693761623,1.52468147153286
3499,2332,3.348764232,3.268992542127406,0.0797716898725942,1.050068804597155,1,1.52468147153286,1,2.064054646969362,1,1.4820917832292722,1,1.4820917832292722,824.0489538554086,1.52468147153286
3501,3501,3.705617856,3.2595666457251284,0.4460512102748715,1.050068804597155,1,1.52468147153286,1,2.064054646969362,1,1.3504731496125624,1,1.3504731496125624,836.537397231633,1.52468147153286
3502,2332,3.714759231,3.621200425475791,0.0935588055242084,1.050068804597155,1,1.52468147153286,1,2.064054646969362,1,1.3536511082942848,1,1.3536511082942848,1014.6451062145985,1.52468147153286
3503,3503,4.140085345,4.13086832565361,0.0092170193463898,1.050068804597155,1,1.52468147153286,1,2.064054646969362,1,1.6377856258303867,1,1.6377856258303867,792.1708489835808,1.52468147153286
3510,3510,3.468261645,3.827595011844702,0.3593333668447021,1.050068804597155,1,1.52468147153286,1,2.064054646969362,1,1.5626288932031063,1,1.5626288932031063,785.5431394692233,1.52468147153286
3515,2332,3.170028529,2.541390016107302,0.6286385128926981,1.050068804597155,0,1.52468147153286,1,2.064054646969362,1,1.4820917832292722,1,1.4820917832292722,898.7152443253831,1.52468147153286
3517,2332,2.871797248,2.6743792772187196,0.1974179707812804,1.050068804597155,1,1.52468147153286,1,2.064054646969362,1,1.4892488918669606,1,1.4892488918669606,966.8507488016007,1.52468147153286
3519,3519,3.663946467,3.4634872669066694,0.2004592000933307,1.050068804597155,1,1.52468147153286,1,2.064054646969362,1,1.4421221644499145,1,1.4421221644499145,965.1556637183244,1.52468147153286
3527,3527,3.090586942,2.98817388690101,0.1024130550989896,1.050068804597155,1,1.52468147153286,1,2.064054646969362,1,1.4519737566165158,1,1.4519737566165158,554.4687686043374,1.52468147153286
3530,3530,3.239609757,3.42007274831652,0.1804629913165198,1.050068804597155,1,1.52468147153286,1,2.064054646969362,1,1.6275620547016976,1,1.6275620547016976,893.1563659764894,1.52468147153286
3534,3534,2.824600347,3.4794406510147304,0.6548403040147304,1.050068804597155,0,1.52468147153286,1,2.064054646969362,1,1.5369991640953309,1,1.5369991640953309,943.4769212222614,1.52468147153286
3552,3552,2.879361137,3.4706530629892685,0.5912919259892684,1.050068804597155,0,1.52468147153286,1,2.064054646969362,1,1.4982305036798973,1,1.4982305036798973,919.8137287197341,1.52468147153286
3555,2694,3.735145322,3.3923209284921603,0.3428243935078399,1.050068804597155,1,1.52468147153286,1,2.064054646969362,1,1.08854620336811,1,1.08854620336811,656.5964869766354,1.52468147153286
3564,3564,3.621710287,3.6779773116587817,0.0562670246587813,1.050068804597155,1,1.52468147153286,1,2.064054646969362,1,1.3037611841998897,1,1.3037611841998897,799.1741486413329,1.52468147153286
3575,3575,3.792007509,3.3333325632509685,0.4586749457490313,1.050068804597155,1,1.52468147153286,1,2.064054646969362,1,1.784658526383998,1,1.784658526383998,394.8200416891994,1.52468147153286
3576,3576,3.777542812,3.894669540299805,0.1171267282998043,1.050068804597155,1,1.52468147153286,1,2.064054646969362,1,1.08854620336811,1,1.08854620336811,457.6756884010687,1.52468147153286
3591,3591,3.911422063,3.803683736437115,0.1077383265628846,1.050068804597155,1,1.52468147153286,1,2.064054646969362,1,1.2698910922360431,1,1.2698910922360431,801.2416238589656,1.52468147153286
3604,3604,3.891419747,3.2149612039504993,0.6764585430495007,1.050068804597155,0,1.52468147153286,1,2.064054646969362,1,1.784658526383998,1,1.784658526383998,455.16610536414385,1.52468147153286
3618,3618,3.271948951,3.838794803336959,0.566845852336959,1.050068804597155,0,1.52468147153286,1,2.064054646969362,1,1.423361558271015,1,1.423361558271015,777.4394636936033,1.52468147153286
3619,3069,3.594979991,4.015947943974398,0.4209679529743977,1.050068804597155,1,1.52468147153286,1,2.064054646969362,1,1.3687780642358547,1,1.3687780642358547,901.9258249522063,1.52468147153286
3620,3069,3.774327149,4.171476542169328,0.3971493931693284,1.050068804597155,1,1.52468147153286,1,2.064054646969362,1,1.2693643667630692,1,1.2693643667630692,661.927747174823,1.52468147153286
3627,3260,4.085884932,3.4210412620617814,0.6648436699382185,1.050068804597155,0,1.52468147153286,1,2.064054646969362,1,1.8208860709437305,1,1.8208860709437305,394.7469787653269,1.52468147153286
3630,3630,3.534527414,3.751729297818684,0.2172018838186842,1.050068804597155,1,1.52468147153286,1,2.064054646969362,1,1.5257273445853006,1,1.5257273445853006,641.3780230885498,1.52468147153286
3632,3632,2.989447037,3.20552630885858,0.2160792718585797,1.050068804597155,1,1.52468147153286,1,2.064054646969362,1,1.572992217236905,1,1.572992217236905,362.90359555991586,1.52468147153286
3644,3644,3.570371957,3.282112094533339,0.2882598624666608,1.050068804597155,1,1.52468147153286,1,2.064054646969362,1,1.4975989965576506,1,1.4975989965576506,359.47722221918906,1.52468147153286
3663,3663,1.740815327,2.536011819090071,0.7951964920900711,1.050068804597155,0,1.52468147153286,0,2.064054646969362,1,1.699289333118247,1,1.699289333118247,674.4374366533414,2.1817965980056826
3664,3664,1.888702113,2.481250693846409,0.592548580846409,1.050068804597155,0,1.52468147153286,1,2.064054646969362,1,1.6910857157185362,1,1.6910857157185362,548.6890596005932,1.52468147153286
3700,3700,2.741138462,2.593961435843883,0.1471770261561169,1.050068804597155,1,1.52468147153286,1,2.064054646969362,1,1.6377856258303867,1,1.6377856258303867,719.7677089720803,1.52468147153286
3706,3706,3.301553005,3.803795588833927,0.5022425838339273,1.050068804597155,1,1.52468147153286,1,2.064054646969362,1,1.3897758008728918,1,1.3897758008728918,1079.744946683249,1.52468147153286
3718,420,3.190116341,3.4485570004650388,0.2584406594650388,1.050068804597155,1,1.52468147153286,1,2.064054646969362,1,1.396974315685524,1,1.396974315685524,521.559197058157,1.52468147153286
3719,2676,3.544515403,2.7585785284770106,0.7859368745229895,1.050068804597155,0,1.52468147153286,0,2.064054646969362,1,1.8406047363401272,1,1.8406047363401272,422.32926506120435,1.9966042466640506
3725,3725,4.421997296,4.102708385957213,0.3192889100427871,1.050068804597155,1,1.52468147153286,1,2.064054646969362,1,1.4434985922582326,1,1.4434985922582326,999.7279405460687,1.52468147153286
3726,3726,3.550431273,3.5073045858627716,0.0431266871372284,1.050068804597155,1,1.52468147153286,1,2.064054646969362,1,1.5626288932031063,1,1.5626288932031063,939.0373052531253,1.52468147153286
3736,3736,3.777435885,4.109731201672134,0.3322953166721341,1.050068804597155,1,1.52468147153286,1,2.064054646969362,1,1.29460112607409,1,1.29460112607409,869.5866268037779,1.52468147153286
3741,3725,4.421997296,4.2324236118521865,0.1895736841478132,1.050068804597155,1,1.52468147153286,1,2.064054646969362,1,1.7143122850797967,1,1.7143122850797967,569.8407212629256,1.52468147153286
3753,3753,3.059203565,3.6371960730289423,0.577992508028943,1.050068804597155,0,1.52468147153286,1,2.064054646969362,1,1.5257273445853006,1,1.5257273445853006,775.2229299884841,1.52468147153286
3755,3755,3.571354788,3.2885432949097884,0.2828114930902115,1.050068804597155,1,1.52468147153286,1,2.064054646969362,1,1.4519737566165158,1,1.4519737566165158,299.0515856282185,1.52468147153286
3760,709,3.949366372,3.9021505599230424,0.0472158120769576,1.050068804597155,1,1.52468147153286,1,2.064054646969362,1,1.08854620336811,1,1.08854620336811,488.35144573745094,1.52468147153286
3767,3767,3.757702335,3.813950370119683,0.0562480351196832,1.050068804597155,1,1.52468147153286,1,2.064054646969362,1,1.4001985286173522,1,1.4001985286173522,861.2480876727311,1.52468147153286
3768,3768,2.871903466,3.5645240156100697,0.6926205496100697,1.050068804597155,0,1.52468147153286,1,2.064054646969362,1,1.4820917832292722,1,1.4820917832292722,910.2327870439165,1.52468147153286
3778,3778,5.038749656,3.819449915624397,1.2192997403756034,1.050068804597155,0,1.52468147153286,0,2.064054646969362,0,1.6910857157185362,0,9.166223366045243,459.06201980066925,10.663861563716328
3782,3782,3.262426039,3.3948491463535753,0.1324231073535751,1.050068804597155,1,1.52468147153286,1,2.064054646969362,1,1.4375515506991992,1,1.4375515506991992,350.32504560489974,1.52468147153286
3786,3786,3.375392896,3.5017774256417735,0.1263845296417733,1.050068804597155,1,1.52468147153286,1,2.064054646969362,1,1.6177557297486516,1,1.6177557297486516,747.1882829744325,1.52468147153286
3788,3788,2.946828752,3.263508379359684,0.3166796273596839,1.050068804597155,1,1.52468147153286,1,2.064054646969362,1,1.572992217236905,1,1.572992217236905,666.7937918571596,1.52468147153286
3794,3794,3.193986763,3.7766488031852257,0.5826620401852254,1.050068804597155,0,1.52468147153286,1,2.064054646969362,1,1.3398275348484274,1,1.3398275348484274,1038.3815637010755,1.52468147153286
3795,3795,3.559823296,3.1115020727013234,0.4483212232986764,1.050068804597155,1,1.52468147153286,1,2.064054646969362,1,1.6334237079661191,1,1.6334237079661191,673.2527335465119,1.52468147153286
3799,3799,3.000706704,4.006493097365135,1.0057863933651352,1.050068804597155,0,1.52468147153286,0,2.064054646969362,1,1.5095461980813774,0,6.529812084570308,937.4993460985152,6.393594623506964
3817,3817,3.235885767,3.1080445939677,0.1278411730323001,1.050068804597155,1,1.52468147153286,1,2.064054646969362,1,1.2942752761884568,1,1.2942752761884568,104.52433135644208,1.52468147153286
3831,3831,3.140618017,3.488570133548607,0.347952116548607,1.050068804597155,1,1.52468147153286,1,2.064054646969362,1,1.6309639547093955,1,1.6309639547093955,886.4661157121072,1.52468147153286
3833,3833,3.065382584,3.168954885439726,0.1035723014397254,1.050068804597155,1,1.52468147153286,1,2.064054646969362,1,1.5257273445853006,1,1.5257273445853006,991.1953310001272,1.52468147153286
3834,3834,1.903557959,2.515013301461895,0.6114553424618951,1.050068804597155,0,1.52468147153286,1,2.064054646969362,1,1.429650291237051,1,1.429650291237051,233.3020065451809,1.52468147153286
3835,3834,2.123721006,2.981456699200466,0.8577356932004663,1.050068804597155,0,1.52468147153286,0,2.064054646969362,1,1.4519737566165158,0,4.086950054460683,565.0191203791167,3.432580620213585
3836,3836,1.812668301,2.71668090362084,0.9040126026208402,1.050068804597155,0,1.52468147153286,0,2.064054646969362,1,1.4421221644499145,0,5.101152572367573,865.3592259153268,4.358118808621063
3852,2332,3.636021256,3.824690642378076,0.1886693863780761,1.050068804597155,1,1.52468147153286,1,2.064054646969362,1,1.5095461980813774,1,1.5095461980813774,839.2545340272212,1.52468147153286
3853,3853,3.394609259,3.9644733716724594,0.5698641126724593,1.050068804597155,0,1.52468147153286,1,2.064054646969362,1,1.4553805109797686,1,1.4553805109797686,926.105569524717,1.52468147153286
3854,3853,3.408041057,4.023676054333112,0.6156349973331121,1.050068804597155,0,1.52468147153286,1,2.064054646969362,1,1.4820917832292722,1,1.4820917832292722,960.8226929692794,1.52468147153286
3860,3860,3.27737611,3.831958951941617,0.5545828419416168,1.050068804597155,0,1.52468147153286,1,2.064054646969362,1,1.6309639547093955,1,1.6309639547093955,489.49676230302475,1.52468147153286
3877,3860,3.466390079,3.6917723437911647,0.2253822647911647,1.050068804597155,1,1.52468147153286,1,2.064054646969362,1,1.5812013882021647,1,1.5812013882021647,461.83930838609075,1.52468147153286
3880,3834,1.881307607,2.7988565207944207,0.9175489137944206,1.050068804597155,0,1.52468147153286,0,2.064054646969362,1,1.4519737566165158,0,5.2832144663397695,273.77345063557357,4.628845032092672
3898,3898,3.389731186,3.340117109017673,0.0496140769823272,1.050068804597155,1,1.52468147153286,1,2.064054646969362,1,1.6211267466279642,1,1.6211267466279642,817.5352142354008,1.52468147153286
3905,2437,3.605928672,3.1894411750734366,0.4164874969265635,1.050068804597155,1,1.52468147153286,1,2.064054646969362,1,1.3910522890513155,1,1.3910522890513155,1065.840199993593,1.52468147153286
3906,3906,2.857151503,3.1173993604758055,0.2602478574758056,1.050068804597155,1,1.52468147153286,1,2.064054646969362,1,1.699289333118247,1,1.699289333118247,740.0076745753013,1.52468147153286
3910,3910,3.184918454,3.436828988103471,0.2519105341034708,1.050068804597155,1,1.52468147153286,1,2.064054646969362,1,1.5095461980813774,1,1.5095461980813774,866.5482529011125,1.52468147153286
3912,3912,3.512113899,4.35806736235628,0.8459534633562802,1.050068804597155,0,1.52468147153286,0,2.064054646969362,1,1.4421221644499145,0,3.9399697870763735,748.9914295367724,3.1969360233298634
3917,3917,2.9036071,3.5350403770911782,0.6314332770911784,1.050068804597155,0,1.52468147153286,1,2.064054646969362,1,1.7124406432167314,1,1.7124406432167314,593.0681088744421,1.52468147153286
3918,3917,3.662239944,3.1503109343813205,0.5119290096186795,1.050068804597155,1,1.52468147153286,1,2.064054646969362,1,1.6334237079661191,1,1.6334237079661191,818.210837762852,1.52468147153286
3922,3922,4.153633659,3.9623614007157855,0.1912722582842141,1.050068804597155,1,1.52468147153286,1,2.064054646969362,1,1.218530640550755,1,1.218530640550755,711.8402235590694,1.52468147153286
3933,3933,4.228234772,3.6031349532843095,0.6250998187156909,1.050068804597155,0,1.52468147153286,1,2.064054646969362,1,1.4421221644499145,1,1.4421221644499145,763.2980243213541,1.52468147153286
3940,811,3.564915814,3.4807868999421605,0.0841289140578394,1.050068804597155,1,1.52468147153286,1,2.064054646969362,1,1.3687780642358547,1,1.3687780642358547,848.5357515880129,1.52468147153286
3941,3941,3.204716727,3.190175345588976,0.014541381411024,1.050068804597155,1,1.52468147153286,1,2.064054646969362,1,1.5257273445853006,1,1.5257273445853006,939.035547934118,1.52468147153286
3944,3944,3.12546973,3.22586932716742,0.1003995971674203,1.050068804597155,1,1.52468147153286,1,2.064054646969362,1,1.5157978181117926,1,1.5157978181117926,927.6292139289855,1.52468147153286
3945,3945,3.974985139,3.4523784408560765,0.5226066981439237,1.050068804597155,1,1.52468147153286,1,2.064054646969362,1,1.3834143289291232,1,1.3834143289291232,932.2804327855931,1.52468147153286
3947,3947,3.373258575,3.0011254354264305,0.3721331395735694,1.050068804597155,1,1.52468147153286,1,2.064054646969362,1,1.7746642911833757,1,1.7746642911833757,499.525425284896,1.52468147153286
3950,2919,3.71160648,3.7244590968134297,0.0128526168134297,1.050068804597155,1,1.52468147153286,1,2.064054646969362,1,1.2871845430913194,1,1.2871845430913194,818.505438227015,1.52468147153286
3956,3956,1.866815852,3.0162746726874428,1.1494588206874428,1.050068804597155,0,1.52468147153286,0,2.064054646969362,0,1.6893437225412633,0,7.7850829108774855,281.7848000236754,9.267043169953116
3963,3963,3.487376733,3.613837941512771,0.1264612085127714,1.050068804597155,1,1.52468147153286,1,2.064054646969362,1,1.3146642260256325,1,1.3146642260256325,806.7444494653928,1.52468147153286
3964,3964,3.062870948,4.0011603591278515,0.9382894111278516,1.050068804597155,0,1.52468147153286,0,2.064054646969362,1,1.7753279157393127,0,2.7878369809032173,549.084356722066,5.043654978761291
3967,3967,3.169854925,2.9241166927193643,0.2457382322806358,1.050068804597155,1,1.52468147153286,1,2.064054646969362,1,1.4975989965576506,1,1.4975989965576506,423.87665234235004,1.52468147153286
3975,3975,2.285840103,2.140277263702789,0.1455628392972108,1.050068804597155,1,1.52468147153286,1,2.064054646969362,1,1.876662462980984,1,1.876662462980984,434.22134107533844,1.52468147153286
3976,3976,4.835347393,3.3578750119117893,1.4774723810882109,1.050068804597155,0,1.52468147153286,0,2.064054646969362,0,1.6275620547016976,0,14.90138912944894,635.2322543332187,15.827314377968477
3981,3981,4.163110894,3.604351775064079,0.5587591189359205,1.050068804597155,0,1.52468147153286,1,2.064054646969362,1,1.380612816172353,1,1.380612816172353,913.0898832015607,1.52468147153286
3988,3988,3.105464766,3.1449833423515603,0.0395185763515604,1.050068804597155,1,1.52468147153286,1,2.064054646969362,1,1.4001985286173522,1,1.4001985286173522,608.4596044562404,1.52468147153286
3990,3990,2.159399225,2.526741640525585,0.3673424155255849,1.050068804597155,1,1.52468147153286,1,2.064054646969362,1,1.784658526383998,1,1.784658526383998,419.04005114546464,1.52468147153286
4000,4000,3.572564601,3.38422200042045,0.1883426005795496,1.050068804597155,1,1.52468147153286,1,2.064054646969362,1,1.3037611841998897,1,1.3037611841998897,1013.4384695916012,1.52468147153286
4001,4001,4.390995632,2.7512660382052845,1.6397295937947156,1.050068804597155,0,1.52468147153286,0,2.064054646969362,0,1.4982305036798973,0,19.310517342775235,397.57969596019933,19.072458632098574
4008,659,3.525454277,3.7207851376694943,0.1953308606694945,1.050068804597155,1,1.52468147153286,1,2.064054646969362,1,1.4982305036798973,1,1.4982305036798973,417.32260469816214,1.52468147153286
4009,4009,3.553176247,3.7303253070173894,0.1771490600173892,1.050068804597155,1,1.52468147153286,1,2.064054646969362,1,1.8208860709437305,1,1.8208860709437305,383.2255304494979,1.52468147153286
4015,2102,5.059257373,4.391877140521425,0.6673802324785756,1.050068804597155,0,1.52468147153286,1,2.064054646969362,1,1.380612816172353,1,1.380612816172353,363.01865748932,1.52468147153286
4018,4018,3.762438473,3.626909114505257,0.1355293584947428,1.050068804597155,1,1.52468147153286,1,2.064054646969362,1,1.3687780642358547,1,1.3687780642358547,754.3029491370918,1.52468147153286
4022,2102,4.134369978,4.39230625427923,0.2579362762792305,1.050068804597155,1,1.52468147153286,1,2.064054646969362,1,1.391427373169848,1,1.391427373169848,359.01455973149297,1.52468147153286
4026,4026,3.740961546,3.9079271471467463,0.1669656011467468,1.050068804597155,1,1.52468147153286,1,2.064054646969362,1,1.08854620336811,1,1.08854620336811,466.5288138405921,1.52468147153286
4032,4032,3.593177242,3.5098019672761684,0.0833752747238314,1.050068804597155,1,1.52468147153286,1,2.064054646969362,1,1.6211267466279642,1,1.6211267466279642,718.6814184911829,1.52468147153286
4033,4033,3.242494101,3.467833778688253,0.225339677688253,1.050068804597155,1,1.52468147153286,1,2.064054646969362,1,1.5257273445853006,1,1.5257273445853006,998.8751463419632,1.52468147153286
4034,4034,3.509948595,3.1912086034744966,0.3187399915255033,1.050068804597155,1,1.52468147153286,1,2.064054646969362,1,1.4375515506991992,1,1.4375515506991992,727.2560018941901,1.52468147153286
4039,4039,3.884786304,4.047874040088662,0.1630877360886624,1.050068804597155,1,1.52468147153286,1,2.064054646969362,1,1.2661449876661628,1,1.2661449876661628,576.8851815440845,1.52468147153286
4053,2265,3.869234583,3.7375657227463126,0.1316688602536873,1.050068804597155,1,1.52468147153286,1,2.064054646969362,1,1.6451508977236662,1,1.6451508977236662,714.5776847495187,1.52468147153286
4059,1961,2.598971597,3.1181510147855263,0.5191794177855265,1.050068804597155,1,1.52468147153286,1,2.064054646969362,1,1.5737498636462122,1,1.5737498636462122,201.82659490935495,1.52468147153286
4060,4060,3.926359599,4.6871753996745245,0.7608158006745245,1.050068804597155,0,1.52468147153286,1,2.064054646969362,1,1.4375515506991992,0,2.278352057197697,938.357674925923,1.52468147153286
4065,4065,1.101168678,4.456957810651731,3.3557891326517306,1.050068804597155,0,1.52468147153286,0,2.064054646969362,0,1.4421221644499145,0,54.13668317298538,880.2952282462396,53.39364940923887
4067,1113,3.596161483,4.0033457217079125,0.4071842387079125,1.050068804597155,1,1.52468147153286,1,2.064054646969362,1,1.2693643667630692,1,1.2693643667630692,651.0031421703193,1.52468147153286
4072,4072,3.493559816,3.792079682879254,0.2985198668792539,1.050068804597155,1,1.52468147153286,1,2.064054646969362,1,1.699289333118247,1,1.699289333118247,573.4422465109797,1.52468147153286
4101,4101,3.127957425,3.074277193571489,0.0536802314285109,1.050068804597155,1,1.52468147153286,1,2.064054646969362,1,1.366353248407834,1,1.366353248407834,231.94869747568922,1.52468147153286
4155,4155,1.561832907,2.602526322549341,1.040693415549341,1.050068804597155,0,1.52468147153286,0,2.064054646969362,0,2.177765476139694,1,2.177765476139694,261.1302826852234,7.09173506719108
4173,4173,2.759679464,2.977679422121521,0.217999958121521,1.050068804597155,1,1.52468147153286,1,2.064054646969362,1,1.5157978181117926,1,1.5157978181117926,721.8844230117223,1.52468147153286
4184,799,3.564129578,4.060155168687801,0.4960255906878004,1.050068804597155,1,1.52468147153286,1,2.064054646969362,1,1.4928188003459582,1,1.4928188003459582,784.9924211092712,1.52468147153286
4195,4195,3.744453273,3.861901078492893,0.1174478054928931,1.050068804597155,1,1.52468147153286,1,2.064054646969362,1,1.1574151242489146,1,1.1574151242489146,637.9989433464681,1.52468147153286
4200,4200,3.118049676,3.3482271184903674,0.2301774424903673,1.050068804597155,1,1.52468147153286,1,2.064054646969362,1,1.5020973847507406,1,1.5020973847507406,432.04304067447055,1.52468147153286
4201,4201,3.905091197,3.898993707261438,0.0060974897385626,1.050068804597155,1,1.52468147153286,1,2.064054646969362,1,1.1964387702367638,1,1.1964387702367638,677.9009226632758,1.52468147153286
4207,4207,5.481517404,3.8997974448351407,1.5817199591648592,1.050068804597155,0,1.52468147153286,0,2.064054646969362,0,1.3504731496125624,0,19.480140836784123,912.9000016170603,17.912265939501445
4208,4208,3.127894884,2.8869225181466827,0.2409723658533171,1.050068804597155,1,1.52468147153286,1,2.064054646969362,1,1.8406047363401272,1,1.8406047363401272,374.5978235211749,1.52468147153286
4221,4221,2.388176752,4.574958630877344,2.1867818788773437,1.050068804597155,0,1.52468147153286,0,2.064054646969362,0,1.5626288932031063,0,29.671977538718913,803.102466823609,30.01350433375113
4222,4222,4.630745691,4.454979181523401,0.175766509476599,1.050068804597155,1,1.52468147153286,1,2.064054646969362,1,1.6780106505172885,1,1.6780106505172885,627.6202722331939,1.52468147153286
4225,4221,6.556425687,4.563239123716288,1.993186563283712,1.050068804597155,0,1.52468147153286,0,2.064054646969362,0,1.5626288932031063,0,25.800071226846285,818.9931316499454,26.1415980218785
4230,2437,3.363545919,3.0949533408076757,0.2685925781923242,1.050068804597155,1,1.52468147153286,1,2.064054646969362,1,1.4553805109797686,1,1.4553805109797686,968.0952067464737,1.52468147153286
4231,4231,4.123835967,4.346734399775566,0.2228984327755663,1.050068804597155,1,1.52468147153286,1,2.064054646969362,1,1.1846887263249224,1,1.1846887263249224,576.805681470144,1.52468147153286
4232,4231,4.176744622,4.357230248802056,0.1804856268020556,1.050068804597155,1,1.52468147153286,1,2.064054646969362,1,1.2040185997754147,1,1.2040185997754147,571.4724469358395,1.52468147153286
4233,4231,4.096410577,4.3681423534269666,0.2717317764269662,1.050068804597155,1,1.52468147153286,1,2.064054646969362,1,1.2661449876661628,1,1.2661449876661628,560.2432950972288,1.52468147153286
4234,4231,3.978343176,4.218739490629293,0.2403963146292929,1.050068804597155,1,1.52468147153286,1,2.064054646969362,1,1.1574151242489146,1,1.1574151242489146,595.2538790335777,1.52468147153286
4235,4231,4.202026259,4.296228983355745,0.0942027243557452,1.050068804597155,1,1.52468147153286,1,2.064054646969362,1,1.1846887263249224,1,1.1846887263249224,580.0750774181461,1.52468147153286
4237,4231,3.804995684,4.093298515077549,0.2883028310775493,1.050068804597155,1,1.52468147153286,1,2.064054646969362,1,1.140124566750619,1,1.140124566750619,635.2529671725383,1.52468147153286
4249,4249,2.474650342,2.710618370922343,0.2359680289223429,1.050068804597155,1,1.52468147153286,1,2.064054646969362,1,1.6348515981018181,1,1.6348515981018181,647.5909999637912,1.52468147153286
4250,4250,2.884471237,3.113918900420122,0.2294476634201219,1.050068804597155,1,1.52468147153286,1,2.064054646969362,1,1.7124406432167314,1,1.7124406432167314,667.8617760688609,1.52468147153286
4256,4256,2.702118059,3.1497323020240717,0.4476142430240717,1.050068804597155,1,1.52468147153286,1,2.064054646969362,1,1.471777350325528,1,1.471777350325528,1029.3174324737734,1.52468147153286
4260,4260,3.691425683,3.5708350051888607,0.1205906778111391,1.050068804597155,1,1.52468147153286,1,2.064054646969362,1,1.4421221644499145,1,1.4421221644499145,729.6326790876426,1.52468147153286
4264,3794,3.362237361,3.575587205190271,0.213349844190271,1.050068804597155,1,1.52468147153286,1,2.064054646969362,1,1.4067374915636837,1,1.4067374915636837,995.8421765656528,1.52468147153286
4277,4277,2.996440524,3.643949532063151,0.6475090080631509,1.050068804597155,0,1.52468147153286,1,2.064054646969362,1,1.3398275348484274,1,1.3398275348484274,732.366136187771,1.52468147153286
4278,4278,3.039349664,4.0356654750972405,0.9963158110972404,1.050068804597155,0,1.52468147153286,0,2.064054646969362,1,1.4820917832292722,0,6.58749017288136,902.6886218793957,6.204182978149069
4282,4282,3.600659851,3.7736624195473,0.1730025685472997,1.050068804597155,1,1.52468147153286,1,2.064054646969362,1,1.3354862399578504,1,1.3354862399578504,703.6210011337889,1.52468147153286
4293,4293,3.576561404,3.6321110494882225,0.0555496454882225,1.050068804597155,1,1.52468147153286,1,2.064054646969362,1,1.784658526383998,1,1.784658526383998,486.02912474247637,1.52468147153286
4295,4295,3.009769488,3.416936522490379,0.4071670344903793,1.050068804597155,1,1.52468147153286,1,2.064054646969362,1,1.396974315685524,1,1.396974315685524,638.1528277441816,1.52468147153286
4311,4311,3.641465231,3.875391943120523,0.2339267121205228,1.050068804597155,1,1.52468147153286,1,2.064054646969362,1,1.1815882753057325,1,1.1815882753057325,820.0498190836481,1.52468147153286
4393,1661,4.250289857,3.746623813125877,0.5036660438741234,1.050068804597155,1,1.52468147153286,1,2.064054646969362,1,1.5157978181117926,1,1.5157978181117926,808.754565841153,1.52468147153286
4400,4231,3.64921542,3.5083737705143205,0.1408416494856794,1.050068804597155,1,1.52468147153286,1,2.064054646969362,1,1.2693643667630692,1,1.2693643667630692,514.826845100607,1.52468147153286
4422,4422,4.729840553,3.775639752048933,0.9542008009510674,1.050068804597155,0,1.52468147153286,0,2.064054646969362,1,1.4375515506991992,0,6.146052062728556,939.7311154491399,5.361882775225608
4423,4422,3.423269856,3.830565001040659,0.4072951450406594,1.050068804597155,1,1.52468147153286,1,2.064054646969362,1,1.429650291237051,1,1.429650291237051,967.9241914391258,1.52468147153286
4446,3056,4.14427044,4.344386200903095,0.2001157609030954,1.050068804597155,1,1.52468147153286,1,2.064054646969362,1,1.5257273445853006,1,1.5257273445853006,874.4177461144892,1.52468147153286
4449,4449,3.744153674,3.926250002611837,0.1820963286118369,1.050068804597155,1,1.52468147153286,1,2.064054646969362,1,1.0874971530866526,1,1.0874971530866526,622.7849226299732,1.52468147153286
4450,4449,3.747229972,3.675406613191406,0.0718233588085941,1.050068804597155,1,1.52468147153286,1,2.064054646969362,1,1.1041317914883866,1,1.1041317914883866,511.8227056326552,1.52468147153286
4455,4455,3.012387237,2.9691221311881115,0.0432651058118884,1.050068804597155,1,1.52468147153286,1,2.064054646969362,1,1.6521075139563504,1,1.6521075139563504,551.6284870887915,1.52468147153286
4456,4456,4.69852245,4.293968313111129,0.404554136888871,1.050068804597155,1,1.52468147153286,1,2.064054646969362,1,1.6334237079661191,1,1.6334237079661191,815.1514900390245,1.52468147153286
4458,2330,3.608038669,3.566261308548745,0.0417773604512548,1.050068804597155,1,1.52468147153286,1,2.064054646969362,1,1.5990498197049652,1,1.5990498197049652,741.2722388161108,1.52468147153286
4472,4472,3.553778435,3.3435397253038888,0.2102387096961111,1.050068804597155,1,1.52468147153286,1,2.064054646969362,1,1.2284225834212013,1,1.2284225834212013,876.6795237338467,1.52468147153286
4477,4477,5.365913715,4.315187665988012,1.0507260490119874,1.050068804597155,0,1.52468147153286,0,2.064054646969362,0,1.699289333118247,0,5.720916982175525,679.9207259242822,7.292387736444008
4491,2102,3.815090055,4.3243469821545615,0.5092569271545613,1.050068804597155,1,1.52468147153286,1,2.064054646969362,1,1.3796985342264385,1,1.3796985342264385,434.7795403063396,1.52468147153286
4496,966,3.568262504,3.655136780182961,0.0868742761829612,1.050068804597155,1,1.52468147153286,1,2.064054646969362,1,1.7746642911833757,1,1.7746642911833757,573.0701299486748,1.52468147153286
4503,734,1.686647251,2.7734939955150653,1.0868467445150654,1.050068804597155,0,1.52468147153286,0,2.064054646969362,0,1.4982305036798973,0,8.252860357182232,378.4824127628856,8.014801646505568
4507,4507,3.706787863,3.422388978503613,0.2843988844963876,1.050068804597155,1,1.52468147153286,1,2.064054646969362,1,1.3398275348484274,1,1.3398275348484274,630.9728021080996,1.52468147153286
4509,4509,3.644059657,3.66085742910001,0.0167977721000101,1.050068804597155,1,1.52468147153286,1,2.064054646969362,1,1.1846887263249224,1,1.1846887263249224,558.5302053684768,1.52468147153286
4514,4231,4.150555955,4.354589479952253,0.2040335249522531,1.050068804597155,1,1.52468147153286,1,2.064054646969362,1,1.1846887263249224,1,1.1846887263249224,574.9710636186218,1.52468147153286
4522,4522,3.794798146,3.470328842379565,0.3244693036204351,1.050068804597155,1,1.52468147153286,1,2.064054646969362,1,1.302102845045579,1,1.302102845045579,776.2217641157756,1.52468147153286
4533,4533,3.088644385,2.787662840615189,0.3009815443848107,1.050068804597155,1,1.52468147153286,1,2.064054646969362,1,1.7124406432167314,1,1.7124406432167314,638.9283067660035,1.52468147153286
4535,4535,2.968049476,3.1793754552634708,0.2113259792634707,1.050068804597155,1,1.52468147153286,1,2.064054646969362,1,1.6348515981018181,1,1.6348515981018181,817.9218483832142,1.52468147153286
4537,4537,4.50270505,3.5808078182212437,0.9218972317787566,1.050068804597155,0,1.52468147153286,0,2.064054646969362,1,1.6910857157185362,0,3.2181731941083065,660.7163534734992,4.715811391779392
4550,4550,3.310157813,3.6472793352312536,0.3371215222312536,1.050068804597155,1,1.52468147153286,1,2.064054646969362,1,1.3687780642358547,1,1.3687780642358547,960.8528344778541,1.52468147153286
4552,4550,4.343808237,3.802750652995726,0.5410575840042742,1.050068804597155,0,1.52468147153286,1,2.064054646969362,1,1.3048305606716362,1,1.3048305606716362,951.7990567890239,1.52468147153286
4555,4550,4.081075502,3.757442447857049,0.3236330541429515,1.050068804597155,1,1.52468147153286,1,2.064054646969362,1,1.3834143289291232,1,1.3834143289291232,1048.6979462288848,1.52468147153286
4558,4550,3.535683843,3.7040772270134505,0.1683933840134504,1.050068804597155,1,1.52468147153286,1,2.064054646969362,1,1.3262869340924492,1,1.3262869340924492,931.4518907823585,1.52468147153286
4575,4072,3.767118745,3.80623747039516,0.0391187253951601,1.050068804597155,1,1.52468147153286,1,2.064054646969362,1,1.699289333118247,1,1.699289333118247,574.0889711132509,1.52468147153286
4576,4034,3.542331832,3.2331687356089436,0.3091630963910563,1.050068804597155,1,1.52468147153286,1,2.064054646969362,1,1.4519737566165158,1,1.4519737566165158,494.71118776816917,1.52468147153286
4582,3260,3.544205401,3.459481377908757,0.0847240230912431,1.050068804597155,1,1.52468147153286,1,2.064054646969362,1,1.6910857157185362,1,1.6910857157185362,748.6501153489339,1.52468147153286
4583,4583,3.705506862,3.7040374560647895,0.0014694059352104,1.050068804597155,1,1.52468147153286,1,2.064054646969362,1,1.2683003395262684,1,1.2683003395262684,839.4341335977847,1.52468147153286
4584,4583,3.826391742,3.8252843869631894,0.0011073550368108,1.050068804597155,1,1.52468147153286,1,2.064054646969362,1,1.2934848125288436,1,1.2934848125288436,910.9588107294065,1.52468147153286
4585,4583,3.829871737,3.7833308727877992,0.0465408642122007,1.050068804597155,1,1.52468147153286,1,2.064054646969362,1,1.1964387702367638,1,1.1964387702367638,682.1475729177231,1.52468147153286
4593,4593,3.651020038,3.612894505362103,0.0381255326378964,1.050068804597155,1,1.52468147153286,1,2.064054646969362,1,1.5257273445853006,1,1.5257273445853006,739.3240578020044,1.52468147153286
4602,4602,3.389713462,3.400050078271078,0.0103366162710778,1.050068804597155,1,1.52468147153286,1,2.064054646969362,1,1.2860939569318397,1,1.2860939569318397,755.1186056511556,1.52468147153286
4606,4606,3.931328173,3.8732559823584913,0.0580721906415084,1.050068804597155,1,1.52468147153286,1,2.064054646969362,1,1.0741825317303277,1,1.0741825317303277,495.87746008903116,1.52468147153286
4608,4608,3.752979453,3.963614290964668,0.2106348379646681,1.050068804597155,1,1.52468147153286,1,2.064054646969362,1,1.71832435210937,1,1.71832435210937,544.174574614826,1.52468147153286
4619,4619,3.872735189,3.793465340802471,0.0792698481975291,1.050068804597155,1,1.52468147153286,1,2.064054646969362,1,1.4820917832292722,1,1.4820917832292722,730.3334240304264,1.52468147153286
4621,4621,3.975253688,3.857330438074413,0.1179232499255875,1.050068804597155,1,1.52468147153286,1,2.064054646969362,1,1.528315866071181,1,1.528315866071181,735.6271905668826,1.52468147153286
4634,4634,3.197127341,3.8793627369059887,0.6822353959059888,1.050068804597155,0,1.52468147153286,1,2.064054646969362,1,1.423361558271015,1,1.423361558271015,892.1214560797457,1.52468147153286
4637,4637,3.740181756,3.619130196971529,0.121051559028471,1.050068804597155,1,1.52468147153286,1,2.064054646969362,1,1.407223166139615,1,1.407223166139615,837.2008847732153,1.52468147153286
4638,4638,3.770416447,3.5032352442406123,0.2671812027593878,1.050068804597155,1,1.52468147153286,1,2.064054646969362,1,1.57790414728239,1,1.57790414728239,321.27608789110656,1.52468147153286
4640,4640,2.889447377,3.2525209261364303,0.3630735491364301,1.050068804597155,1,1.52468147153286,1,2.064054646969362,1,1.5257273445853006,1,1.5257273445853006,886.212432667148,1.52468147153286
4643,4643,2.182336824,2.766609504607329,0.5842726806073291,1.050068804597155,0,1.52468147153286,1,2.064054646969362,1,1.694604078349009,1,1.694604078349009,705.3202539102815,1.52468147153286
4645,4645,3.901063626,3.040012032156474,0.8610515938435261,1.050068804597155,0,1.52468147153286,0,2.064054646969362,1,1.699289333118247,0,1.9274278788062995,645.7415374661841,3.4988986330747824
4673,4673,3.242276746,3.0942093114842444,0.1480674345157555,1.050068804597155,1,1.52468147153286,1,2.064054646969362,1,1.3261883391976994,1,1.3261883391976994,1148.5863500838134,1.52468147153286
4687,4687,4.13271851,3.4621250914643555,0.6705934185356446,1.050068804597155,0,1.52468147153286,1,2.064054646969362,1,1.3398275348484274,0,1.3534205570770448,993.2293028153388,1.52468147153286
4698,4698,3.405397591,3.5618424920734344,0.1564449010734345,1.050068804597155,1,1.52468147153286,1,2.064054646969362,1,1.4928188003459582,1,1.4928188003459582,204.92971646821843,1.52468147153286
4700,4700,3.604470988,3.3752577079561523,0.2292132800438477,1.050068804597155,1,1.52468147153286,1,2.064054646969362,1,1.486606312382654,1,1.486606312382654,933.0760508465498,1.52468147153286
4706,1579,3.790748305,4.0383128599175935,0.2475645549175933,1.050068804597155,1,1.52468147153286,1,2.064054646969362,1,1.4589678116174616,1,1.4589678116174616,540.5158570245816,1.52468147153286
4713,4713,4.574712575,4.1597769684343255,0.4149356065656748,1.050068804597155,1,1.52468147153286,1,2.064054646969362,1,1.4421221644499145,1,1.4421221644499145,982.4880411961963,1.52468147153286
4733,4733,3.587442955,3.815619080588995,0.2281761255889947,1.050068804597155,1,1.52468147153286,1,2.064054646969362,1,0.9764838595684981,1,0.9764838595684981,229.3941752997895,1.52468147153286
4735,4735,4.457611854,4.656611144303579,0.1989992903035791,1.050068804597155,1,1.52468147153286,1,2.064054646969362,1,1.407223166139615,1,1.407223166139615,989.3300021502458,1.52468147153286
4759,1189,3.469181215,3.9969175683422535,0.5277363533422537,1.050068804597155,0,1.52468147153286,1,2.064054646969362,1,1.3262869340924492,1,1.3262869340924492,886.2167248713033,1.52468147153286
4765,4765,3.23496698,3.4496006360323257,0.2146336560323258,1.050068804597155,1,1.52468147153286,1,2.064054646969362,1,1.322437479614095,1,1.322437479614095,981.8825547403007,1.52468147153286
4782,3564,3.319505801,3.815589899457794,0.4960840984577941,1.050068804597155,1,1.52468147153286,1,2.064054646969362,1,1.3796985342264385,1,1.3796985342264385,1058.6341289203715,1.52468147153286
4784,4784,4.034923386,3.933504569655144,0.1014188163448563,1.050068804597155,1,1.52468147153286,1,2.064054646969362,1,1.302102845045579,1,1.302102845045579,744.9708385613222,1.52468147153286
4788,4788,2.971242498,3.4311287412521976,0.4598862432521975,1.050068804597155,1,1.52468147153286,1,2.064054646969362,1,1.5369991640953309,1,1.5369991640953309,870.2062040733693,1.52468147153286
4789,4788,3.785301864,3.6277618206887734,0.1575400433112266,1.050068804597155,1,1.52468147153286,1,2.064054646969362,1,1.5737498636462122,1,1.5737498636462122,618.1012989707341,1.52468147153286
4790,4788,3.817206378,3.4725648759423406,0.3446415020576592,1.050068804597155,1,1.52468147153286,1,2.064054646969362,1,1.6573110137528522,1,1.6573110137528522,660.1951335231687,1.52468147153286
4805,4788,3.648319436,3.5535460403585173,0.0947733956414826,1.050068804597155,1,1.52468147153286,1,2.064054646969362,1,1.4982305036798973,1,1.4982305036798973,787.0015977805743,1.52468147153286
4809,4809,3.368126694,3.556036822685698,0.1879101286856981,1.050068804597155,1,1.52468147153286,1,2.064054646969362,1,1.8302022880754016,1,1.8302022880754016,433.22310715987163,1.52468147153286
4817,659,4.396001937,3.866485853899084,0.5295160831009165,1.050068804597155,0,1.52468147153286,1,2.064054646969362,1,1.7248594406082018,1,1.7248594406082018,173.77172762884157,1.52468147153286
4826,659,4.325557934,3.7024247437419016,0.6231331902580983,1.050068804597155,0,1.52468147153286,1,2.064054646969362,1,1.572992217236905,1,1.572992217236905,245.79249044769722,1.52468147153286
4827,659,4.340886723,3.6989879664657135,0.6418987565342862,1.050068804597155,0,1.52468147153286,1,2.064054646969362,1,1.5008579996902878,1,1.5008579996902878,280.32051445890335,1.52468147153286
4828,659,4.047657968,3.819020077553061,0.2286378904469392,1.050068804597155,1,1.52468147153286,1,2.064054646969362,1,1.489315580367471,1,1.489315580367471,327.6854713692755,1.52468147153286
4831,3100,5.199235303,4.470201029183501,0.7290342738164988,1.050068804597155,0,1.52468147153286,1,2.064054646969362,1,1.784658526383998,1,1.784658526383998,431.5284486968743,1.52468147153286
4832,3100,5.258404108,4.478673143441283,0.7797309645587163,1.050068804597155,0,1.52468147153286,0,2.064054646969362,1,1.269079211218962,0,4.172906390203668,631.5460166130352,1.872486047378585
4833,3100,5.475310337,4.578039838017683,0.8972704989823166,1.050068804597155,0,1.52468147153286,0,2.064054646969362,1,1.6521075139563504,0,3.0764423540391785,425.19260716924697,4.223276735850591
4839,659,4.658996588,3.756221831376414,0.902774756623586,1.050068804597155,0,1.52468147153286,0,2.064054646969362,1,1.6893437225412633,0,2.8514016296003497,200.741399675798,4.333361888675979
4843,4843,3.095477376,3.457633836011639,0.3621564600116396,1.050068804597155,1,1.52468147153286,1,2.064054646969362,1,1.396974315685524,1,1.396974315685524,925.5878312961232,1.52468147153286
4845,917,3.843553107,3.891070979789492,0.0475178727894922,1.050068804597155,1,1.52468147153286,1,2.064054646969362,1,1.6334237079661191,1,1.6334237079661191,463.8605172895386,1.52468147153286
4848,4848,2.93272455,3.525396674541608,0.592672124541608,1.050068804597155,0,1.52468147153286,1,2.064054646969362,1,1.766601315707975,1,1.766601315707975,653.9680196262404,1.52468147153286
4850,3140,4.161441077,4.149314238007203,0.0121268389927973,1.050068804597155,1,1.52468147153286,1,2.064054646969362,1,1.0741825317303277,1,1.0741825317303277,391.2751890344114,1.52468147153286
4852,3140,4.007169329,3.8098214443268903,0.1973478846731096,1.050068804597155,1,1.52468147153286,1,2.064054646969362,1,1.1597138134038474,1,1.1597138134038474,478.90802991037407,1.52468147153286
4855,4855,4.052374547,4.288391490990936,0.2360169439909354,1.050068804597155,1,1.52468147153286,1,2.064054646969362,1,1.0741825317303277,1,1.0741825317303277,457.7423869005707,1.52468147153286
4870,4221,5.780891054,4.897667622115225,0.8832234318847743,1.050068804597155,0,1.52468147153286,0,2.064054646969362,1,1.3796985342264385,0,5.2471818296575385,476.54123116237116,3.9423353938997447
4879,4879,6.787006403,3.94639697786745,2.84060942513255,1.050068804597155,0,1.52468147153286,0,2.064054646969362,0,1.9460129417932583,0,39.298072026511676,121.82591064480089,43.09005525885526
4882,4882,4.374683129,3.5075905111822494,0.8670926178177507,1.050068804597155,0,1.52468147153286,0,2.064054646969362,1,1.4937082731960718,0,3.898477897590368,980.1385059653492,3.619719112559274
4886,4886,1.917883801,2.742119304867551,0.8242355038675508,1.050068804597155,0,1.52468147153286,0,2.064054646969362,1,1.5257273445853006,0,2.7531639760833118,624.0413933992543,2.7625768335552765
4896,1579,3.797117812,3.941189453931704,0.1440716419317036,1.050068804597155,1,1.52468147153286,1,2.064054646969362,1,1.4434985922582326,1,1.4434985922582326,762.0793296719619,1.52468147153286
4905,4905,3.953155414,3.7622023386286783,0.1909530753713215,1.050068804597155,1,1.52468147153286,1,2.064054646969362,1,1.486606312382654,1,1.486606312382654,1064.1860207744485,1.52468147153286
4914,4914,3.727794818,3.798574709399581,0.0707798913995811,1.050068804597155,1,1.52468147153286,1,2.064054646969362,1,1.2358654909256312,1,1.2358654909256312,915.5610005202159,1.52468147153286
4916,4916,3.945862324,4.212560332950815,0.2666980089508151,1.050068804597155,1,1.52468147153286,1,2.064054646969362,1,1.4519737566165158,1,1.4519737566165158,753.5472530776209,1.52468147153286
4921,4921,3.648602186,3.343087404166575,0.3055147818334252,1.050068804597155,1,1.52468147153286,1,2.064054646969362,1,1.380612816172353,1,1.380612816172353,1119.1604174621427,1.52468147153286
4963,4963,4.092099549,3.589181603391068,0.5029179456089321,1.050068804597155,1,1.52468147153286,1,2.064054646969362,1,1.2871845430913194,1,1.2871845430913194,894.4884904863756,1.52468147153286
4965,4965,3.147816804,3.467623955286067,0.3198071512860667,1.050068804597155,1,1.52468147153286,1,2.064054646969362,1,1.3504731496125624,1,1.3504731496125624,1024.5193330281547,1.52468147153286
4976,2330,3.965355901,3.466989070299963,0.498366830700037,1.050068804597155,1,1.52468147153286,1,2.064054646969362,1,1.5626288932031063,1,1.5626288932031063,753.2605862994191,1.52468147153286
4980,4980,6.14251669,4.091752711463847,2.0507639785361533,1.050068804597155,0,1.52468147153286,0,2.064054646969362,0,1.6309639547093955,0,26.33660397833851,533.3421607370256,27.293146326927328
4990,4990,3.146717036,3.55694577303478,0.4102287370347799,1.050068804597155,1,1.52468147153286,1,2.064054646969362,1,1.4375515506991992,1,1.4375515506991992,843.2793946019733,1.52468147153286
5005,5005,3.071393049,3.413407517819649,0.3420144688196487,1.050068804597155,1,1.52468147153286,1,2.064054646969362,1,1.766601315707975,1,1.766601315707975,441.61803254842624,1.52468147153286
5018,5018,2.86064119,3.012239361781143,0.151598171781143,1.050068804597155,1,1.52468147153286,1,2.064054646969362,1,1.7753279157393127,1,1.7753279157393127,434.3989275067299,1.52468147153286
5020,659,3.716493041,3.6566266708548394,0.0598663701451607,1.050068804597155,1,1.52468147153286,1,2.064054646969362,1,1.5008579996902878,1,1.5008579996902878,342.50254612382406,1.52468147153286
5025,5025,2.986047306,3.5169482736369235,0.5309009676369234,1.050068804597155,0,1.52468147153286,1,2.064054646969362,1,1.6348515981018181,1,1.6348515981018181,561.2136302964444,1.52468147153286
5026,1189,4.212770417,3.80044202674875,0.4123283902512491,1.050068804597155,1,1.52468147153286,1,2.064054646969362,1,1.1846887263249224,1,1.1846887263249224,875.1173970670895,1.52468147153286
5027,1189,4.558310439,3.9317998554786966,0.6265105835213038,1.050068804597155,0,1.52468147153286,1,2.064054646969362,1,1.1574151242489146,0,2.1134755521858457,821.0265885734726,1.52468147153286
5028,1189,4.06839425,3.631740720834648,0.4366535291653517,1.050068804597155,1,1.52468147153286,1,2.064054646969362,1,1.423361558271015,1,1.423361558271015,668.9110587425376,1.52468147153286
5033,5033,4.334182232,3.544735577621378,0.7894466543786218,1.050068804597155,0,1.52468147153286,0,2.064054646969362,1,1.699289333118247,1,1.699289333118247,645.7734983851605,2.066799843776696
5034,5034,2.827164572,3.151302259292104,0.324137687292104,1.050068804597155,1,1.52468147153286,1,2.064054646969362,1,1.4001985286173522,1,1.4001985286173522,973.7243721226511,1.52468147153286
5042,5042,3.422200542,3.514898579910102,0.0926980379101012,1.050068804597155,1,1.52468147153286,1,2.064054646969362,1,1.3910522890513155,1,1.3910522890513155,860.429809406274,1.52468147153286
5043,5042,3.15619045,3.6007397731735953,0.4445493231735953,1.050068804597155,1,1.52468147153286,1,2.064054646969362,1,1.380612816172353,1,1.380612816172353,837.7756630954692,1.52468147153286
5057,5057,3.212591565,3.424681770365319,0.2120902053653193,1.050068804597155,1,1.52468147153286,1,2.064054646969362,1,1.7746642911833757,1,1.7746642911833757,564.4837951587923,1.52468147153286
5058,5058,4.06066919,4.01789504697551,0.0427741430244896,1.050068804597155,1,1.52468147153286,1,2.064054646969362,1,1.3834143289291232,1,1.3834143289291232,1072.9663637648357,1.52468147153286
5065,5065,4.233058622,3.5946906030236585,0.6383680189763412,1.050068804597155,0,1.52468147153286,1,2.064054646969362,1,1.4589678116174616,1,1.4589678116174616,1002.9536671290739,1.52468147153286
5071,2694,3.621597236,3.48349646048217,0.13810077551783,1.050068804597155,1,1.52468147153286,1,2.064054646969362,1,1.322437479614095,1,1.322437479614095,801.2506702110957,1.52468147153286
5072,2694,3.163626772,3.5807106349709454,0.4170838629709452,1.050068804597155,1,1.52468147153286,1,2.064054646969362,1,1.3048305606716362,1,1.3048305606716362,787.8575229872043,1.52468147153286
5075,5075,4.100033122,3.664596791746792,0.435436330253208,1.050068804597155,1,1.52468147153286,1,2.064054646969362,1,1.6309639547093955,1,1.6309639547093955,709.1101989919092,1.52468147153286
5079,5079,4.475014464,3.8252456849332943,0.6497687790667053,1.050068804597155,0,1.52468147153286,1,2.064054646969362,1,1.7124406432167314,1,1.7124406432167314,655.4611198097477,1.52468147153286
5087,811,4.087039219,3.833260442199384,0.2537787768006163,1.050068804597155,1,1.52468147153286,1,2.064054646969362,1,1.1846887263249224,1,1.1846887263249224,493.00654784714754,1.52468147153286
5088,811,4.1342345,3.95028488161678,0.1839496183832198,1.050068804597155,1,1.52468147153286,1,2.064054646969362,1,1.1597138134038474,1,1.1597138134038474,454.8235146257916,1.52468147153286
5090,5090,3.825651359,4.130326294313772,0.3046749353137716,1.050068804597155,1,1.52468147153286,1,2.064054646969362,1,1.3789645652359779,1,1.3789645652359779,497.28204697871683,1.52468147153286
5093,5093,2.848195403,2.9423189428363026,0.0941235398363025,1.050068804597155,1,1.52468147153286,1,2.064054646969362,1,1.4975989965576506,1,1.4975989965576506,408.29752329227335,1.52468147153286
5094,5094,1.956580105,2.8229668253918425,0.8663867203918425,1.050068804597155,0,1.52468147153286,0,2.064054646969362,1,1.784658526383998,1,1.784658526383998,391.8113549715545,3.6056011640411096
5110,5110,3.845801905,3.8464258527634434,0.0006239477634433,1.050068804597155,1,1.52468147153286,1,2.064054646969362,1,1.2693643667630692,1,1.2693643667630692,578.1192094579484,1.52468147153286
5117,12,3.404555284,3.5996599273232306,0.1951046433232304,1.050068804597155,1,1.52468147153286,1,2.064054646969362,1,1.3848119796835512,1,1.3848119796835512,1016.805355575622,1.52468147153286
5122,5122,3.92958278,3.734835077123475,0.1947477028765245,1.050068804597155,1,1.52468147153286,1,2.064054646969362,1,1.123091525034881,1,1.123091525034881,572.1474200990169,1.52468147153286
5124,5110,3.669698563,3.715629008050954,0.0459304450509541,1.050068804597155,1,1.52468147153286,1,2.064054646969362,1,1.2693643667630692,1,1.2693643667630692,719.0678742013789,1.52468147153286
5126,5126,3.070941736,3.0130436910041194,0.0578980449958805,1.050068804597155,1,1.52468147153286,1,2.064054646969362,1,1.4820917832292722,1,1.4820917832292722,1005.3549962072908,1.52468147153286
5130,12,3.56202294,3.569500082033369,0.0074771420333692,1.050068804597155,1,1.52468147153286,1,2.064054646969362,1,1.3945897224156516,1,1.3945897224156516,1018.5985961309403,1.52468147153286
5131,23,3.735590916,4.698020573338236,0.962429657338236,1.050068804597155,0,1.52468147153286,0,2.064054646969362,1,1.52468147153286,0,5.5264599029689805,1.0031139778575382,5.5264599029689805
5143,5143,3.490875467,2.963020716022573,0.527854750977427,1.050068804597155,0,1.52468147153286,1,2.064054646969362,1,1.7124406432167314,1,1.7124406432167314,662.1942490148962,1.52468147153286
5154,3975,3.245936885,2.4193463719699273,0.8265905130300726,1.050068804597155,0,1.52468147153286,0,2.064054646969362,1,1.5990498197049652,0,2.140361883256765,733.6908006415481,2.8096770168057112
5156,5156,2.212604302,3.367627790404512,1.155023488404512,1.050068804597155,0,1.52468147153286,0,2.064054646969362,0,1.8406047363401272,0,6.535027141029097,331.73163151547095,9.3783365242945
5165,5165,3.933416145,4.1657713256869755,0.2323551806869757,1.050068804597155,1,1.52468147153286,1,2.064054646969362,1,1.1846887263249224,1,1.1846887263249224,565.6326991774434,1.52468147153286
5169,659,4.445552313,3.753388002707534,0.6921643102924664,1.050068804597155,0,1.52468147153286,1,2.064054646969362,1,1.6893437225412633,1,1.6893437225412633,197.93962409056667,1.52468147153286
5170,659,3.729604263,3.680913864574862,0.0486903984251387,1.050068804597155,1,1.52468147153286,1,2.064054646969362,1,1.751109723736751,1,1.751109723736751,161.54139031872697,1.52468147153286
5171,659,4.097098118,3.71548531471104,0.3816128032889603,1.050068804597155,1,1.52468147153286,1,2.064054646969362,1,1.6893437225412633,1,1.6893437225412633,211.08825780401963,1.52468147153286
5177,5177,3.674755538,3.677637206521483,0.0028816685214829,1.050068804597155,1,1.52468147153286,1,2.064054646969362,1,1.7322532286447205,1,1.7322532286447205,186.32644512311003,1.52468147153286
5179,5179,3.58442068,3.7205328454731106,0.1361121654731105,1.050068804597155,1,1.52468147153286,1,2.064054646969362,1,1.3700025136338576,1,1.3700025136338576,1010.2759641112538,1.52468147153286
5180,5179,3.504126905,3.936131949564098,0.4320050445640979,1.050068804597155,1,1.52468147153286,1,2.064054646969362,1,1.3504731496125624,1,1.3504731496125624,1113.9141087203689,1.52468147153286
5201,5201,3.132684737,3.347808501985152,0.2151237649851523,1.050068804597155,1,1.52468147153286,1,2.064054646969362,1,1.6334237079661191,1,1.6334237079661191,645.6977752574945,1.52468147153286
5209,5209,3.836705117,3.864576959352646,0.0278718423526456,1.050068804597155,1,1.52468147153286,1,2.064054646969362,1,1.6309639547093955,1,1.6309639547093955,669.4078752588757,1.52468147153286
5211,5179,3.616585095,3.855963007787436,0.239377912787436,1.050068804597155,1,1.52468147153286,1,2.064054646969362,1,1.3536511082942848,1,1.3536511082942848,1123.690603907383,1.52468147153286
5230,5230,3.609157837,3.7091857943495694,0.1000279573495692,1.050068804597155,1,1.52468147153286,1,2.064054646969362,1,1.3504731496125624,1,1.3504731496125624,1017.0575027562751,1.52468147153286
5234,5230,3.670338641,3.853713720587196,0.1833750795871962,1.050068804597155,1,1.52468147153286,1,2.064054646969362,1,1.3504731496125624,1,1.3504731496125624,1055.9466917311838,1.52468147153286
5254,5254,3.397775814,2.8560486023241793,0.5417272116758207,1.050068804597155,0,1.52468147153286,1,2.064054646969362,1,1.5116059835850626,1,1.5116059835850626,468.09206796720656,1.52468147153286
5256,12,3.368202914,3.593845241191211,0.2256423271912111,1.050068804597155,1,1.52468147153286,1,2.064054646969362,1,1.380612816172353,1,1.380612816172353,1041.3883786406518,1.52468147153286
5265,5265,2.993283007,2.9710300306067365,0.0222529763932635,1.050068804597155,1,1.52468147153286,1,2.064054646969362,1,1.7124406432167314,1,1.7124406432167314,635.4090189887045,1.52468147153286
5268,2330,3.5505108,3.3434267197460503,0.2070840802539497,1.050068804597155,1,1.52468147153286,1,2.064054646969362,1,1.6377856258303867,1,1.6377856258303867,670.8677253827811,1.52468147153286
5269,5269,3.101304002,3.3798336386791856,0.2785296366791856,1.050068804597155,1,1.52468147153286,1,2.064054646969362,1,1.784658526383998,1,1.784658526383998,457.35582965830986,1.52468147153286
5272,3945,3.760134932,3.5696877183579088,0.1904472136420913,1.050068804597155,1,1.52468147153286,1,2.064054646969362,1,1.3048305606716362,1,1.3048305606716362,446.07732534902595,1.52468147153286
5273,3945,3.076431789,3.5212421890317382,0.4448104000317383,1.050068804597155,1,1.52468147153286,1,2.064054646969362,1,1.2082608433516313,1,1.2082608433516313,605.4690319893522,1.52468147153286
5274,3945,4.277466395,3.550779049128581,0.7266873458714191,1.050068804597155,0,1.52468147153286,1,2.064054646969362,1,1.0480104629911553,0,5.101652750507985,344.3061000145854,1.52468147153286
5275,3945,4.269339459,3.84191982015042,0.4274196388495799,1.050068804597155,1,1.52468147153286,1,2.064054646969362,1,1.1306601012915225,1,1.1306601012915225,544.8771531786558,1.52468147153286
5279,3203,4.021882697,3.806923213720951,0.2149594832790486,1.050068804597155,1,1.52468147153286,1,2.064054646969362,1,1.380612816172353,1,1.380612816172353,1110.918150107473,1.52468147153286
5288,5288,2.871862879,3.387173512899511,0.515310633899511,1.050068804597155,1,1.52468147153286,1,2.064054646969362,1,1.4975989965576506,1,1.4975989965576506,305.0683387274841,1.52468147153286
5292,5292,3.160298422,3.546022637782757,0.3857242157827572,1.050068804597155,1,1.52468147153286,1,2.064054646969362,1,1.2807129586479924,1,1.2807129586479924,349.4555702097201,1.52468147153286
5293,5293,3.438299311,3.4439043029523706,0.0056049919523704,1.050068804597155,1,1.52468147153286,1,2.064054646969362,1,1.6334237079661191,1,1.6334237079661191,736.1358934560283,1.52468147153286
5303,5303,3.635049091,3.2480004836317455,0.3870486073682544,1.050068804597155,1,1.52468147153286,1,2.064054646969362,1,1.528315866071181,1,1.528315866071181,634.3711970658687,1.52468147153286
5304,3203,3.988447471,3.7368408635993657,0.2516066074006344,1.050068804597155,1,1.52468147153286,1,2.064054646969362,1,1.3687780642358547,1,1.3687780642358547,1056.6594572532886,1.52468147153286
5307,5307,3.747886141,3.8337398628575614,0.0858537218575614,1.050068804597155,1,1.52468147153286,1,2.064054646969362,1,1.2817654905240419,1,1.2817654905240419,854.2636283192755,1.52468147153286
5308,5307,3.573088903,3.7300395004488487,0.1569505974488487,1.050068804597155,1,1.52468147153286,1,2.064054646969362,1,1.2934848125288436,1,1.2934848125288436,829.5431208775813,1.52468147153286
5319,5319,3.439280049,3.4757792264989007,0.0364991774989005,1.050068804597155,1,1.52468147153286,1,2.064054646969362,1,1.3321448556530964,1,1.3321448556530964,672.4344552020328,1.52468147153286
5323,5323,3.150166067,3.873209947841048,0.7230438808410478,1.050068804597155,0,1.52468147153286,1,2.064054646969362,1,1.4375515506991992,0,1.5229136605281628,544.4660204052964,1.52468147153286
5357,5357,3.760217783,3.77769037530356,0.0174725923035605,1.050068804597155,1,1.52468147153286,1,2.064054646969362,1,1.2698910922360431,1,1.2698910922360431,804.9825370165624,1.52468147153286
5371,5371,4.059404046,3.6144172995924664,0.4449867464075336,1.050068804597155,1,1.52468147153286,1,2.064054646969362,1,1.3687780642358547,1,1.3687780642358547,766.7914862830337,1.52468147153286
5388,5388,3.220064482,3.3874398509532067,0.1673753689532064,1.050068804597155,1,1.52468147153286,1,2.064054646969362,1,1.4937082731960718,1,1.4937082731960718,720.3301254316427,1.52468147153286
5401,4000,3.511912142,3.5133551789770623,0.0014430369770623,1.050068804597155,1,1.52468147153286,1,2.064054646969362,1,1.3910522890513155,1,1.3910522890513155,869.7283851748323,1.52468147153286
5411,5411,3.756464182,3.702207365147281,0.0542568168527193,1.050068804597155,1,1.52468147153286,1,2.064054646969362,1,1.486606312382654,1,1.486606312382654,951.1394381479574,1.52468147153286
5418,5418,3.781307775,3.70240477832613,0.0789029966738708,1.050068804597155,1,1.52468147153286,1,2.064054646969362,1,1.396974315685524,1,1.396974315685524,938.1380765677254,1.52468147153286
5449,2156,4.21181443,3.978816006793911,0.2329984232060895,1.050068804597155,1,1.52468147153286,1,2.064054646969362,1,1.7124406432167314,1,1.7124406432167314,660.8738622832223,1.52468147153286
5450,5450,3.093695951,3.5620559599158534,0.4683600089158535,1.050068804597155,1,1.52468147153286,1,2.064054646969362,1,1.5116059835850626,1,1.5116059835850626,1004.2672035255084,1.52468147153286
5452,5452,3.422636732,2.886426095836904,0.536210636163096,1.050068804597155,0,1.52468147153286,1,2.064054646969362,1,1.7124406432167314,1,1.7124406432167314,692.8655875729397,1.52468147153286
5453,659,4.35837273,3.709806112183527,0.6485666178164733,1.050068804597155,0,1.52468147153286,1,2.064054646969362,1,1.5095461980813774,1,1.5095461980813774,829.7708548721386,1.52468147153286
5472,5472,3.034844137,3.930085883343121,0.8952417463431206,1.050068804597155,0,1.52468147153286,0,2.064054646969362,1,1.6275620547016976,0,3.2567764345471337,378.3382112011905,4.1827016830666714
5481,5481,3.403636904,3.2953327963124432,0.1083041076875566,1.050068804597155,1,1.52468147153286,1,2.064054646969362,1,1.2726043912951397,1,1.2726043912951397,172.6981492566816,1.52468147153286
5482,5482,3.520413344,3.0964050768830336,0.4240082671169665,1.050068804597155,1,1.52468147153286,1,2.064054646969362,1,1.5737498636462122,1,1.5737498636462122,301.67611804966356,1.52468147153286
5485,5485,3.991809175,3.5600541582380107,0.4317550167619894,1.050068804597155,1,1.52468147153286,1,2.064054646969362,1,1.3463255652203783,1,1.3463255652203783,892.5365973074057,1.52468147153286
5494,799,3.05132389,3.371849158273905,0.3205252682739052,1.050068804597155,1,1.52468147153286,1,2.064054646969362,1,1.4553805109797686,1,1.4553805109797686,845.4966305094865,1.52468147153286
5496,1189,4.182707407,3.531493078577624,0.6512143284223755,1.050068804597155,0,1.52468147153286,1,2.064054646969362,1,1.2934848125288436,0,1.382923255687917,960.1514334718767,1.52468147153286
5497,2315,3.537257296,3.9198482319998647,0.3825909359998647,1.050068804597155,1,1.52468147153286,1,2.064054646969362,1,1.5008579996902878,1,1.5008579996902878,417.40073595578684,1.52468147153286
5518,5518,3.654874127,3.484825985332212,0.1700481416677877,1.050068804597155,1,1.52468147153286,1,2.064054646969362,1,1.4434985922582326,1,1.4434985922582326,886.3661924071132,1.52468147153286
5519,474,3.853374195,3.712491807887502,0.1408823871124975,1.050068804597155,1,1.52468147153286,1,2.064054646969362,1,1.2772543466825281,1,1.2772543466825281,694.7502953714929,1.52468147153286
5524,5524,3.515833647,3.5254237798277956,0.0095901328277956,1.050068804597155,1,1.52468147153286,1,2.064054646969362,1,1.6334237079661191,1,1.6334237079661191,841.7249904650961,1.52468147153286
5545,5545,5.194372098,5.2230077680208655,0.0286356700208658,1.050068804597155,1,1.52468147153286,1,2.064054646969362,1,1.302102845045579,1,1.302102845045579,404.9348945702527,1.52468147153286
5551,5551,3.199319019,3.406450712480233,0.2071316934802332,1.050068804597155,1,1.52468147153286,1,2.064054646969362,1,1.4982305036798973,1,1.4982305036798973,245.2292071031304,1.52468147153286
5552,3591,4.016157414,3.9090864853020095,0.1070709286979907,1.050068804597155,1,1.52468147153286,1,2.064054646969362,1,1.3504731496125624,1,1.3504731496125624,940.3910691706908,1.52468147153286
5562,5562,3.127187616,3.2726944214207436,0.1455068054207435,1.050068804597155,1,1.52468147153286,1,2.064054646969362,1,1.3048305606716362,1,1.3048305606716362,961.367274863632,1.52468147153286
5571,5571,3.527180769,4.465194139117798,0.9380133701177976,1.050068804597155,0,1.52468147153286,0,2.064054646969362,1,1.6780106505172885,0,3.658171547700356,746.9857667033152,5.0381341585602115
5574,5574,3.60838848,3.692490764261643,0.0841022842616432,1.050068804597155,1,1.52468147153286,1,2.064054646969362,1,1.4892488918669606,1,1.4892488918669606,989.9926858784434,1.52468147153286
5575,5575,3.370450376,4.3300974114231705,0.9596470354231704,1.050068804597155,0,1.52468147153286,0,2.064054646969362,1,1.4375515506991992,0,6.2549767521706165,505.61898964212963,5.4708074646676685
5579,5579,3.503622904,3.5373161865851626,0.0336932825851623,1.050068804597155,1,1.52468147153286,1,2.064054646969362,1,1.699289333118247,1,1.699289333118247,720.9601489570337,1.52468147153286
5585,5165,3.918338377,4.219219786685908,0.3008814096859082,1.050068804597155,1,1.52468147153286,1,2.064054646969362,1,1.1846887263249224,1,1.1846887263249224,539.6050720038302,1.52468147153286
5586,5165,3.915150993,4.317177480721448,0.4020264877214474,1.050068804597155,1,1.52468147153286,1,2.064054646969362,1,1.1597138134038474,1,1.1597138134038474,502.8941878546296,1.52468147153286
5600,5600,3.575486939,3.5314622700858043,0.0440246689141958,1.050068804597155,1,1.52468147153286,1,2.064054646969362,1,1.2683003395262684,1,1.2683003395262684,554.6561763071534,1.52468147153286
5605,5605,3.11956379,3.1575204104947527,0.0379566204947527,1.050068804597155,1,1.52468147153286,1,2.064054646969362,1,1.572992217236905,1,1.572992217236905,848.7905471775747,1.52468147153286
5606,667,3.459855187,3.0629556347042004,0.3968995522957996,1.050068804597155,1,1.52468147153286,1,2.064054646969362,1,1.380612816172353,1,1.380612816172353,864.0544980171215,1.52468147153286
5608,5608,3.789083974,3.6170791067096424,0.1720048672903575,1.050068804597155,1,1.52468147153286,1,2.064054646969362,1,1.391427373169848,1,1.391427373169848,798.298651506511,1.52468147153286
5611,5611,3.469864076,4.32933711952519,0.8594730435251905,1.050068804597155,0,1.52468147153286,0,2.064054646969362,1,1.6177557297486516,0,2.629659302765946,714.2916986809781,3.4673276267080695
5614,2302,1.761036835,2.124906182800491,0.3638693478004908,1.050068804597155,1,1.52468147153286,1,2.064054646969362,1,1.4982305036798973,1,1.4982305036798973,270.4937801468389,1.52468147153286
5622,5622,4.185860104,3.922457830725416,0.263402273274584,1.050068804597155,1,1.52468147153286,1,2.064054646969362,1,1.0874971530866526,1,1.0874971530866526,559.4752324040287,1.52468147153286
5623,5622,3.996281038,3.918908807566096,0.0773722304339035,1.050068804597155,1,1.52468147153286,1,2.064054646969362,1,1.1597138134038474,1,1.1597138134038474,472.8570853091821,1.52468147153286
5626,5622,3.420866316,3.787002844950673,0.366136528950673,1.050068804597155,1,1.52468147153286,1,2.064054646969362,1,1.1964387702367638,1,1.1964387702367638,585.7121855549071,1.52468147153286
5641,5641,3.596874076,3.587373035722669,0.009501040277331,1.050068804597155,1,1.52468147153286,1,2.064054646969362,1,1.1178084131289037,1,1.1178084131289037,676.962862133906,1.52468147153286
5656,5656,3.306302288,3.705160344463593,0.398858056463593,1.050068804597155,1,1.52468147153286,1,2.064054646969362,1,1.5116059835850626,1,1.5116059835850626,1006.2765388237524,1.52468147153286
5658,5658,4.056925364,3.752636455851125,0.3042889081488744,1.050068804597155,1,1.52468147153286,1,2.064054646969362,1,1.1574151242489146,1,1.1574151242489146,591.5165864311872,1.52468147153286
5659,5659,3.994777457,3.618587053850256,0.3761904031497445,1.050068804597155,1,1.52468147153286,1,2.064054646969362,1,1.1964387702367638,1,1.1964387702367638,731.9943942641571,1.52468147153286
5660,5658,3.593298728,3.978556155529199,0.3852574275291993,1.050068804597155,1,1.52468147153286,1,2.064054646969362,1,1.1306601012915225,1,1.1306601012915225,694.190842084298,1.52468147153286
5661,5658,3.928569041,4.0601512935547,0.1315822525547001,1.050068804597155,1,1.52468147153286,1,2.064054646969362,1,1.102710936723887,1,1.102710936723887,689.4874458273749,1.52468147153286
5662,5658,3.751646461,3.604276744143544,0.1473697168564562,1.050068804597155,1,1.52468147153286,1,2.064054646969362,1,1.4067374915636837,1,1.4067374915636837,949.8966965480836,1.52468147153286
5663,5658,3.583533778,3.5583710479494255,0.0251627300505745,1.050068804597155,1,1.52468147153286,1,2.064054646969362,1,1.2358654909256312,1,1.2358654909256312,681.6504251798905,1.52468147153286
5668,5668,2.633882353,2.515265245614645,0.1186171073853552,1.050068804597155,1,1.52468147153286,1,2.064054646969362,1,1.766601315707975,1,1.766601315707975,629.9295215132953,1.52468147153286
5671,5671,3.65367758,4.5448471704116535,0.8911695904116534,1.050068804597155,0,1.52468147153286,0,2.064054646969362,1,1.4375515506991992,0,4.8854278519402765,907.0554306364833,4.1012585644373285
5673,4535,3.263001322,3.1359111544326455,0.1270901675673545,1.050068804597155,1,1.52468147153286,1,2.064054646969362,1,1.6348515981018181,1,1.6348515981018181,822.4711937774747,1.52468147153286
5691,4034,3.130801768,3.3023578146768635,0.1715560466768635,1.050068804597155,1,1.52468147153286,1,2.064054646969362,1,1.3452449663859802,1,1.3452449663859802,643.3150682342366,1.52468147153286
5732,5732,4.220999598,3.771902204685599,0.4490973933144002,1.050068804597155,1,1.52468147153286,1,2.064054646969362,1,1.2772543466825281,1,1.2772543466825281,751.2354061656738,1.52468147153286
5735,5735,3.347353871,4.015287745807587,0.6679338748075869,1.050068804597155,0,1.52468147153286,1,2.064054646969362,1,1.3504731496125624,1,1.3504731496125624,991.3463923354911,1.52468147153286
5741,5741,3.259967077,3.2623442562870535,0.0023771792870532,1.050068804597155,1,1.52468147153286,1,2.064054646969362,1,1.4975989965576506,1,1.4975989965576506,711.9038725606082,1.52468147153286
5742,5741,3.045572354,3.1093502534373565,0.0637778994373565,1.050068804597155,1,1.52468147153286,1,2.064054646969362,1,1.52468147153286,1,1.52468147153286,692.7905336426122,1.52468147153286
5743,5743,3.544776518,3.8608829195721537,0.3161064015721533,1.050068804597155,1,1.52468147153286,1,2.064054646969362,1,1.784658526383998,1,1.784658526383998,386.47404662360145,1.52468147153286
5753,5753,3.049211487,3.433196351893716,0.3839848648937161,1.050068804597155,1,1.52468147153286,1,2.064054646969362,1,1.8406047363401272,1,1.8406047363401272,330.6850735796591,1.52468147153286
5760,5760,4.593421455,3.785637705983515,0.8077837490164841,1.050068804597155,0,1.52468147153286,0,2.064054646969362,1,1.9471039194714193,1,1.9471039194714193,408.9062987563869,2.4335417365339413
5762,5762,2.754018475,3.2843656744053646,0.5303471994053646,1.050068804597155,0,1.52468147153286,1,2.064054646969362,1,1.3048305606716362,1,1.3048305606716362,1087.5582522709458,1.52468147153286
5779,5779,3.728883697,3.7739919750782303,0.0451082780782305,1.050068804597155,1,1.52468147153286,1,2.064054646969362,1,1.1132303611922225,1,1.1132303611922225,639.5263818446833,1.52468147153286
5781,5781,3.042168458,3.495102064877807,0.4529336068778069,1.050068804597155,1,1.52468147153286,1,2.064054646969362,1,1.4067374915636837,1,1.4067374915636837,517.0917358928024,1.52468147153286
5810,3564,3.611240963,3.7249996062983017,0.1137586432983015,1.050068804597155,1,1.52468147153286,1,2.064054646969362,1,1.391427373169848,1,1.391427373169848,1037.0104821215882,1.52468147153286
5815,5815,4.469029258,4.48025488675449,0.0112256287544898,1.050068804597155,1,1.52468147153286,1,2.064054646969362,1,1.1815882753057325,1,1.1815882753057325,640.1360571124179,1.52468147153286
5819,2382,3.12548488,3.2764832057243396,0.1509983257243394,1.050068804597155,1,1.52468147153286,1,2.064054646969362,1,1.396974315685524,1,1.396974315685524,483.7100000470072,1.52468147153286
5821,1189,3.909946415,4.1374915201239215,0.2275451051239216,1.050068804597155,1,1.52468147153286,1,2.064054646969362,1,1.1574151242489146,1,1.1574151242489146,666.111127301545,1.52468147153286
5822,5822,4.005723756,4.285961742162653,0.2802379861626525,1.050068804597155,1,1.52468147153286,1,2.064054646969362,1,1.0788291633046407,1,1.0788291633046407,529.7535473194811,1.52468147153286
5829,5829,3.173552075,3.589562066133719,0.4160099911337189,1.050068804597155,1,1.52468147153286,1,2.064054646969362,1,1.4982305036798973,1,1.4982305036798973,387.3190042814939,1.52468147153286
5830,4455,2.72056239,2.63286083891712,0.0877015510828802,1.050068804597155,1,1.52468147153286,1,2.064054646969362,1,1.4928188003459582,1,1.4928188003459582,552.5773281121986,1.52468147153286
5831,4455,2.972973821,2.6836718751373154,0.2893019458626846,1.050068804597155,1,1.52468147153286,1,2.064054646969362,1,1.4975989965576506,1,1.4975989965576506,802.1903125667299,1.52468147153286
5845,5622,3.610037984,3.2910010342448692,0.3190369497551306,1.050068804597155,1,1.52468147153286,1,2.064054646969362,1,1.2817654905240419,1,1.2817654905240419,873.2010922736133,1.52468147153286
5857,5857,4.193707369,4.155293135016023,0.0384142339839774,1.050068804597155,1,1.52468147153286,1,2.064054646969362,1,1.3504731496125624,1,1.3504731496125624,1058.6596040514587,1.52468147153286
5872,5872,5.357179254,4.676232758600808,0.6809464953991924,1.050068804597155,0,1.52468147153286,1,2.064054646969362,1,1.9331765340149112,1,1.9331765340149112,316.23899412839546,1.52468147153286
5895,5895,2.918606915,3.45491414325937,0.5363072282593708,1.050068804597155,0,1.52468147153286,1,2.064054646969362,1,1.4436711702900702,1,1.4436711702900702,951.1684361049497,1.52468147153286
5901,5857,4.03646152,4.052670309433922,0.0162087894339224,1.050068804597155,1,1.52468147153286,1,2.064054646969362,1,1.3504731496125624,1,1.3504731496125624,1038.5355687702165,1.52468147153286
5913,5913,4.407714001,4.631516998406375,0.2238029974063744,1.050068804597155,1,1.52468147153286,1,2.064054646969362,1,1.2807129586479924,1,1.2807129586479924,784.5518543581055,1.52468147153286
5916,5913,4.580433879,4.545735321681904,0.0346985573180962,1.050068804597155,1,1.52468147153286,1,2.064054646969362,1,1.329605484588213,1,1.329605484588213,895.5309218938585,1.52468147153286
5924,5924,3.686961677,3.744123012347532,0.0571613353475317,1.050068804597155,1,1.52468147153286,1,2.064054646969362,1,1.4001985286173522,1,1.4001985286173522,827.7357804652028,1.52468147153286
5946,5946,3.168598958,3.1105386168729456,0.0580603411270543,1.050068804597155,1,1.52468147153286,1,2.064054646969362,1,1.4000068673287505,1,1.4000068673287505,1170.198978564913,1.52468147153286
5949,4034,2.962716506,2.8895719092207415,0.0731445967792585,1.050068804597155,1,1.52468147153286,1,2.064054646969362,1,1.471777350325528,1,1.471777350325528,951.74759923032,1.52468147153286
5951,4621,3.879930534,3.999938461020068,0.1200079270200675,1.050068804597155,1,1.52468147153286,1,2.064054646969362,1,1.5626288932031063,1,1.5626288932031063,710.5492711675718,1.52468147153286
5952,4621,4.157532317,3.8838166098433486,0.2737157071566516,1.050068804597155,1,1.52468147153286,1,2.064054646969362,1,1.6177557297486516,1,1.6177557297486516,698.776265581628,1.52468147153286
5964,5964,3.650651972,4.0134399214773415,0.3627879494773416,1.050068804597155,1,1.52468147153286,1,2.064054646969362,1,1.1815882753057325,1,1.1815882753057325,589.2819718244843,1.52468147153286
5973,5973,3.018700499,3.050750001104774,0.0320495021047739,1.050068804597155,1,1.52468147153286,1,2.064054646969362,1,1.694604078349009,1,1.694604078349009,591.7968711352174,1.52468147153286
5977,5973,3.005419987,3.241063406738218,0.2356434197382175,1.050068804597155,1,1.52468147153286,1,2.064054646969362,1,1.6521075139563504,1,1.6521075139563504,591.1170791708334,1.52468147153286
5986,5986,3.49789371,3.642089153996856,0.144195443996856,1.050068804597155,1,1.52468147153286,1,2.064054646969362,1,1.0741825317303277,1,1.0741825317303277,586.9523259468359,1.52468147153286
5990,2694,3.035274049,3.179651680562267,0.1443776315622673,1.050068804597155,1,1.52468147153286,1,2.064054646969362,1,1.391427373169848,1,1.391427373169848,940.4369825411944,1.52468147153286
5993,5993,3.611245215,3.745129755735746,0.133884540735746,1.050068804597155,1,1.52468147153286,1,2.064054646969362,1,1.6211267466279642,1,1.6211267466279642,929.2381860274288,1.52468147153286
6005,6005,4.212166289,4.055027035941727,0.1571392530582729,1.050068804597155,1,1.52468147153286,1,2.064054646969362,1,1.1815882753057325,1,1.1815882753057325,595.776874087982,1.52468147153286
6031,6031,3.534696079,3.865385321059006,0.3306892420590057,1.050068804597155,1,1.52468147153286,1,2.064054646969362,1,1.6521075139563504,1,1.6521075139563504,799.3682461393156,1.52468147153286
6032,6031,3.96682433,4.079933531723339,0.1131092017233386,1.050068804597155,1,1.52468147153286,1,2.064054646969362,1,1.6211267466279642,1,1.6211267466279642,861.9744872108358,1.52468147153286
6046,6046,1.788285217,4.223084420464202,2.434799203464202,1.050068804597155,0,1.52468147153286,0,2.064054646969362,0,1.6177557297486516,0,34.13618250154617,715.1747047607206,34.9738508254883
6053,811,3.454739681,3.482184162381262,0.0274444813812619,1.050068804597155,1,1.52468147153286,1,2.064054646969362,1,1.302102845045579,1,1.302102845045579,830.5785186267129,1.52468147153286
6054,1958,3.065534071,3.2392036975111647,0.1736696265111645,1.050068804597155,1,1.52468147153286,1,2.064054646969362,1,1.4982305036798973,1,1.4982305036798973,500.98512857815206,1.52468147153286
6059,6059,4.227612118,3.898527409784999,0.3290847082150008,1.050068804597155,1,1.52468147153286,1,2.064054646969362,1,1.3848119796835512,1,1.3848119796835512,979.0630835862978,1.52468147153286
6060,6059,4.111432652,4.072706894477455,0.0387257575225454,1.050068804597155,1,1.52468147153286,1,2.064054646969362,1,1.396974315685524,1,1.396974315685524,1137.6228914843875,1.52468147153286
6062,6062,4.577040201,3.756907091208159,0.8201331097918412,1.050068804597155,0,1.52468147153286,0,2.064054646969362,1,1.4519737566165158,0,3.334898386288181,257.1604167945995,2.680528952041083
6076,1995,2.630689977,3.76993664330439,1.1392466663043903,1.050068804597155,0,1.52468147153286,0,2.064054646969362,0,1.632526632945865,0,8.092193629575021,770.7428649879791,9.062800082292066
6082,6082,2.964537924,3.8169707246074673,0.8524328006074673,1.050068804597155,0,1.52468147153286,0,2.064054646969362,1,1.4436711702900702,0,4.055615479538714,783.4861335468945,3.3265227683536054
6095,6095,3.758978541,3.5213853798487373,0.2375931611512625,1.050068804597155,1,1.52468147153286,1,2.064054646969362,1,1.8208860709437305,1,1.8208860709437305,343.5725483209215,1.52468147153286
6097,23,5.394845686,5.915542744009233,0.5206970580092332,1.050068804597155,1,1.52468147153286,1,2.064054646969362,1,1.52468147153286,1,1.52468147153286,1.022789727900281,1.52468147153286
6098,799,2.326388003,3.773289617962475,1.4469016149624752,1.050068804597155,0,1.52468147153286,0,2.064054646969362,0,1.766601315707975,0,13.038620457877728,625.1923559874137,15.215899055453763
6099,6099,2.408833322,2.565101926677386,0.1562686046773858,1.050068804597155,1,1.52468147153286,1,2.064054646969362,1,1.5116059835850626,1,1.5116059835850626,835.4629544850704,1.52468147153286
6117,6117,3.655794165,3.4311227715935955,0.2246713934064046,1.050068804597155,1,1.52468147153286,1,2.064054646969362,1,1.396974315685524,1,1.396974315685524,643.2168047545056,1.52468147153286
6120,6120,3.235194462,3.4290515069040475,0.1938570449040475,1.050068804597155,1,1.52468147153286,1,2.064054646969362,1,1.4001985286173522,1,1.4001985286173522,520.2091080855827,1.52468147153286
6122,6122,3.006356682,3.373313345055859,0.3669566630558591,1.050068804597155,1,1.52468147153286,1,2.064054646969362,1,1.471777350325528,1,1.471777350325528,948.0731706721924,1.52468147153286
6123,6122,2.960121806,3.2013149074118656,0.2411931014118655,1.050068804597155,1,1.52468147153286,1,2.064054646969362,1,1.5116059835850626,1,1.5116059835850626,964.9914921485895,1.52468147153286
6141,6141,2.875527879,3.358536987671097,0.483009108671097,1.050068804597155,1,1.52468147153286,1,2.064054646969362,1,1.3504731496125624,1,1.3504731496125624,1023.1453610321792,1.52468147153286
6182,622,4.020456585,3.886030782342713,0.1344258026572866,1.050068804597155,1,1.52468147153286,1,2.064054646969362,1,1.5812013882021647,1,1.5812013882021647,629.3078203500254,1.52468147153286
6189,6189,3.993204692,3.337806446290285,0.6553982457097152,1.050068804597155,0,1.52468147153286,1,2.064054646969362,1,1.3146642260256325,1,1.3146642260256325,939.1091988091431,1.52468147153286
6267,6267,3.541237165,3.42793883963827,0.1132983253617299,1.050068804597155,1,1.52468147153286,1,2.064054646969362,1,1.301023391114362,1,1.301023391114362,259.42126046117096,1.52468147153286
6268,6268,4.218593851,3.3402952050714085,0.8782986459285911,1.050068804597155,0,1.52468147153286,0,2.064054646969362,1,1.4975989965576506,0,4.087581949552966,295.2829220837201,3.8438396747760812
6276,6276,3.612176252,3.70927724148347,0.09710098948347,1.050068804597155,1,1.52468147153286,1,2.064054646969362,1,1.4001985286173522,1,1.4001985286173522,978.8197272439248,1.52468147153286
6277,6277,3.384235101,3.418217212835887,0.0339821118358871,1.050068804597155,1,1.52468147153286,1,2.064054646969362,1,1.692535950084464,1,1.692535950084464,146.49088738877555,1.52468147153286
6279,6279,3.290358665,3.420116373014348,0.1297577080143481,1.050068804597155,1,1.52468147153286,1,2.064054646969362,1,1.4519737566165158,1,1.4519737566165158,188.24179408013444,1.52468147153286
6280,5659,3.968686265,3.8026916821628367,0.1659945828371634,1.050068804597155,1,1.52468147153286,1,2.064054646969362,1,1.1846887263249224,1,1.1846887263249224,858.5882034747542,1.52468147153286
6281,5659,4.023423421,3.715944238210533,0.3074791827894678,1.050068804597155,1,1.52468147153286,1,2.064054646969362,1,1.2006980094738973,1,1.2006980094738973,882.5678666514428,1.52468147153286
6282,5659,3.968451259,3.5839535360055734,0.3844977229944266,1.050068804597155,1,1.52468147153286,1,2.064054646969362,1,1.2772543466825281,1,1.2772543466825281,870.3195578666715,1.52468147153286
6283,5659,3.876585197,3.4557906839475283,0.4207945130524715,1.050068804597155,1,1.52468147153286,1,2.064054646969362,1,1.407223166139615,1,1.407223166139615,931.4738965813208,1.52468147153286
6284,5658,3.824544684,3.852962933525683,0.0284182495256826,1.050068804597155,1,1.52468147153286,1,2.064054646969362,1,1.1964387702367638,1,1.1964387702367638,657.2020333995919,1.52468147153286
6303,5659,3.73638353,3.962262845767999,0.2258793157679992,1.050068804597155,1,1.52468147153286,1,2.064054646969362,1,1.380612816172353,1,1.380612816172353,958.2475308088224,1.52468147153286
6305,6305,3.131654302,3.540826819512204,0.409172517512204,1.050068804597155,1,1.52468147153286,1,2.064054646969362,1,1.6275620547016976,1,1.6275620547016976,888.0945553913792,1.52468147153286
6312,6312,3.772664489,3.7326330356147426,0.0400314533852572,1.050068804597155,1,1.52468147153286,1,2.064054646969362,1,1.5116059835850626,1,1.5116059835850626,817.6452916741736,1.52468147153286
6313,6312,3.861208152,3.838768648068563,0.0224395039314373,1.050068804597155,1,1.52468147153286,1,2.064054646969362,1,1.396974315685524,1,1.396974315685524,1028.0675525416264,1.52468147153286
6317,6317,4.045254112,4.166621899491441,0.1213677874914402,1.050068804597155,1,1.52468147153286,1,2.064054646969362,1,1.2661449876661628,1,1.2661449876661628,503.58130459940753,1.52468147153286
6325,6325,3.96465295,3.6394449969558726,0.3252079530441274,1.050068804597155,1,1.52468147153286,1,2.064054646969362,1,1.2772543466825281,1,1.2772543466825281,767.5520339175221,1.52468147153286
6329,6329,3.295742981,3.2454695758575203,0.0502734051424798,1.050068804597155,1,1.52468147153286,1,2.064054646969362,1,1.396974315685524,1,1.396974315685524,897.5600853757245,1.52468147153286
6335,6120,3.206144034,3.3110629845201274,0.1049189505201275,1.050068804597155,1,1.52468147153286,1,2.064054646969362,1,1.4519737566165158,1,1.4519737566165158,833.1960976110169,1.52468147153286
6338,6120,3.545937416,3.6237953606667537,0.0778579446667531,1.050068804597155,1,1.52468147153286,1,2.064054646969362,1,1.3536511082942848,1,1.3536511082942848,439.09517300120564,1.52468147153286
6343,6120,4.371007488,4.1820609884825855,0.1889464995174146,1.050068804597155,1,1.52468147153286,1,2.064054646969362,1,1.4553805109797686,1,1.4553805109797686,1167.5265062918625,1.52468147153286
6353,6120,3.127892237,3.4064601911461385,0.2785679541461383,1.050068804597155,1,1.52468147153286,1,2.064054646969362,1,1.3504731496125624,1,1.3504731496125624,672.1130752807647,1.52468147153286
6370,6370,3.851378757,3.5061084941862473,0.3452702628137527,1.050068804597155,1,1.52468147153286,1,2.064054646969362,1,1.6334237079661191,1,1.6334237079661191,773.9408126126702,1.52468147153286
6379,2332,3.980660853,3.1028650864392073,0.8777957665607925,1.050068804597155,0,1.52468147153286,0,2.064054646969362,1,1.5626288932031063,0,3.4922552923878936,765.1222315925194,3.8337820874201096
6380,6380,5.538993807,4.114291038743255,1.4247027682567444,1.050068804597155,0,1.52468147153286,0,2.064054646969362,0,1.3834143289291232,0,16.043326404772777,1140.437340728387,14.771922121339147
6381,6380,5.512374838,4.178774874512111,1.333599963487889,1.050068804597155,0,1.52468147153286,0,2.064054646969362,0,1.2871845430913194,0,15.087338381935906,864.78946861278,12.94986602596204
6382,6382,3.28586259,3.2698121985117203,0.0160503914882794,1.050068804597155,1,1.52468147153286,1,2.064054646969362,1,1.3504731496125624,1,1.3504731496125624,806.1519976492066,1.52468147153286
6384,6382,4.033870593,3.892839187420446,0.1410314055795529,1.050068804597155,1,1.52468147153286,1,2.064054646969362,1,1.1846887263249224,1,1.1846887263249224,582.3524158483026,1.52468147153286
6385,1794,2.946900441,3.464430520596677,0.5175300795966771,1.050068804597155,1,1.52468147153286,1,2.064054646969362,1,1.3687780642358547,1,1.3687780642358547,566.6728026898071,1.52468147153286
6386,1794,3.12053681,3.3964071541115657,0.2758703441115657,1.050068804597155,1,1.52468147153286,1,2.064054646969362,1,1.3398275348484274,1,1.3398275348484274,505.49310210167556,1.52468147153286
6387,1794,3.504198919,3.536622163838046,0.0324232448380463,1.050068804597155,1,1.52468147153286,1,2.064054646969362,1,1.302102845045579,1,1.302102845045579,521.953594083993,1.52468147153286
6388,6382,3.2813295,3.3962847278978883,0.1149552278978882,1.050068804597155,1,1.52468147153286,1,2.064054646969362,1,1.2934848125288436,1,1.2934848125288436,535.549076303914,1.52468147153286
6389,1794,3.501260151,3.700684086582049,0.1994239355820486,1.050068804597155,1,1.52468147153286,1,2.064054646969362,1,1.2934848125288436,1,1.2934848125288436,497.9539481676574,1.52468147153286
6390,1794,3.506112654,3.499727577638839,0.0063850763611608,1.050068804597155,1,1.52468147153286,1,2.064054646969362,1,1.2871845430913194,1,1.2871845430913194,563.8470520089496,1.52468147153286
6392,1794,3.018026828,3.232373242108725,0.214346414108725,1.050068804597155,1,1.52468147153286,1,2.064054646969362,1,1.3796985342264385,1,1.3796985342264385,757.143210005421,1.52468147153286
6393,6382,3.952150106,3.4938622933350434,0.4582878126649565,1.050068804597155,1,1.52468147153286,1,2.064054646969362,1,1.2693643667630692,1,1.2693643667630692,582.3975296888527,1.52468147153286
6395,6395,3.403206342,3.528073836116409,0.1248674941164091,1.050068804597155,1,1.52468147153286,1,2.064054646969362,1,1.2693643667630692,1,1.2693643667630692,691.3916848624535,1.52468147153286
6397,1794,3.261028235,3.307149080528259,0.0461208455282591,1.050068804597155,1,1.52468147153286,1,2.064054646969362,1,1.2698910922360431,1,1.2698910922360431,601.5266036925065,1.52468147153286
6398,1794,2.564315711,3.0591056099220344,0.4947898989220345,1.050068804597155,1,1.52468147153286,1,2.064054646969362,1,1.3146642260256325,1,1.3146642260256325,939.0115487263251,1.52468147153286
6399,6382,4.052830545,3.745408083663479,0.3074224613365204,1.050068804597155,1,1.52468147153286,1,2.064054646969362,1,1.2693643667630692,1,1.2693643667630692,609.1621083957899,1.52468147153286
6400,6382,3.362394018,3.3990773990309253,0.0366833810309255,1.050068804597155,1,1.52468147153286,1,2.064054646969362,1,1.2772543466825281,1,1.2772543466825281,594.8281067748,1.52468147153286
6401,6382,4.172805862,3.869292748380232,0.3035131136197679,1.050068804597155,1,1.52468147153286,1,2.064054646969362,1,1.2661449876661628,1,1.2661449876661628,449.49723037358024,1.52468147153286
6402,6382,3.68915374,3.7422706579412113,0.0531169179412112,1.050068804597155,1,1.52468147153286,1,2.064054646969362,1,1.2358654909256312,1,1.2358654909256312,609.8070639909695,1.52468147153286
6403,6382,3.80602207,3.8505378099573626,0.0445157399573625,1.050068804597155,1,1.52468147153286,1,2.064054646969362,1,1.2661449876661628,1,1.2661449876661628,592.7351296491028,1.52468147153286
6405,6382,4.02993813,3.971486276871805,0.0584518531281945,1.050068804597155,1,1.52468147153286,1,2.064054646969362,1,1.1772912017137287,1,1.1772912017137287,621.5612598103627,1.52468147153286
6407,6382,3.757735031,3.537513922420297,0.220221108579703,1.050068804597155,1,1.52468147153286,1,2.064054646969362,1,1.2772543466825281,1,1.2772543466825281,717.1993316518718,1.52468147153286
6411,6382,3.854299968,4.788247545614023,0.9339475776140236,1.050068804597155,0,1.52468147153286,0,2.064054646969362,1,1.302102845045579,0,6.960025946870261,915.0863456561166,4.956818308484731
6413,6382,3.642589304,3.6219522053663353,0.0206370986336645,1.050068804597155,1,1.52468147153286,1,2.064054646969362,1,1.2817654905240419,1,1.2817654905240419,779.0016571179943,1.52468147153286
6414,6382,3.86241436,3.94602704139509,0.0836126813950901,1.050068804597155,1,1.52468147153286,1,2.064054646969362,1,1.2661449876661628,1,1.2661449876661628,609.5418690840279,1.52468147153286
6415,6395,3.749127883,3.651755493972333,0.0973723890276669,1.050068804597155,1,1.52468147153286,1,2.064054646969362,1,1.2203379168254198,1,1.2203379168254198,705.0064997495996,1.52468147153286
6417,6382,4.191018893,3.7924705432796584,0.3985483497203415,1.050068804597155,1,1.52468147153286,1,2.064054646969362,1,1.2661449876661628,1,1.2661449876661628,571.7439830558837,1.52468147153286
6418,6382,3.793078885,3.751144112077593,0.0419347729224073,1.050068804597155,1,1.52468147153286,1,2.064054646969362,1,1.2661449876661628,1,1.2661449876661628,652.6901616270275,1.52468147153286
6430,6430,4.772155499,3.3754804044617246,1.3966750945382755,1.050068804597155,0,1.52468147153286,0,2.064054646969362,0,1.7976301145222076,0,11.754830860065642,140.80008859059754,14.21136864696977
6431,6431,3.792260826,3.6291217098118143,0.1631391161881854,1.050068804597155,1,1.52468147153286,1,2.064054646969362,1,1.2807129586479924,1,1.2807129586479924,411.8592251000055,1.52468147153286
6434,1794,2.916411119,3.2344312211300754,0.3180201021300752,1.050068804597155,1,1.52468147153286,1,2.064054646969362,1,1.2772543466825281,1,1.2772543466825281,446.68631419495256,1.52468147153286
6437,6437,2.415792571,2.7546671670314793,0.3388745960314794,1.050068804597155,1,1.52468147153286,1,2.064054646969362,1,1.52468147153286,1,1.52468147153286,241.75560543726817,1.52468147153286
6441,6382,3.805081945,3.940080903675058,0.1349989586750579,1.050068804597155,1,1.52468147153286,1,2.064054646969362,1,1.2772543466825281,1,1.2772543466825281,638.5292252760607,1.52468147153286
6476,3817,3.210682583,3.2544598520677503,0.0437772690677502,1.050068804597155,1,1.52468147153286,1,2.064054646969362,1,1.2942752761884568,1,1.2942752761884568,107.25576316996833,1.52468147153286
6484,6484,3.00804692,3.568090965827689,0.5600440458276892,1.050068804597155,0,1.52468147153286,1,2.064054646969362,1,1.6211267466279642,1,1.6211267466279642,770.1901847929752,1.52468147153286
6492,6492,3.501832148,3.749688269850122,0.247856121850122,1.050068804597155,1,1.52468147153286,1,2.064054646969362,1,1.2772543466825281,1,1.2772543466825281,784.870207196293,1.52468147153286
6493,6493,3.35661281,3.643114894838416,0.2865020848384163,1.050068804597155,1,1.52468147153286,1,2.064054646969362,1,1.4820917832292722,1,1.4820917832292722,673.7950387752014,1.52468147153286
6510,3963,3.079751888,3.468263174056427,0.3885112860564268,1.050068804597155,1,1.52468147153286,1,2.064054646969362,1,1.3796985342264385,1,1.3796985342264385,997.1092486521703,1.52468147153286
6513,6312,4.752532436,3.8894921303833394,0.8630403056166607,1.050068804597155,0,1.52468147153286,0,2.064054646969362,1,1.391427373169848,0,4.737959753804581,1000.1398879453715,3.538672868537473
6514,6312,4.171495353,3.951160641633969,0.2203347113660312,1.050068804597155,1,1.52468147153286,1,2.064054646969362,1,1.3796985342264385,1,1.3796985342264385,928.228321990401,1.52468147153286
6515,6312,4.170358121,4.016571734338477,0.1537863866615225,1.050068804597155,1,1.52468147153286,1,2.064054646969362,1,1.3796985342264385,1,1.3796985342264385,910.1458270851667,1.52468147153286
6517,6517,1.911664611,2.823512698931172,0.911848087931172,1.050068804597155,0,1.52468147153286,0,2.064054646969362,1,1.5157978181117926,0,4.594781395617307,814.9618472961656,4.5148285148277
6521,3833,3.74089536,3.226557487405935,0.5143378725940653,1.050068804597155,1,1.52468147153286,1,2.064054646969362,1,1.3848119796835512,1,1.3848119796835512,1116.9472755059066,1.52468147153286
6522,6522,3.398080697,3.415849306437259,0.0177686094372586,1.050068804597155,1,1.52468147153286,1,2.064054646969362,1,1.5008579996902878,1,1.5008579996902878,1027.328167856967,1.52468147153286
6528,669,3.766153673,3.6616908091395817,0.1044628638604181,1.050068804597155,1,1.52468147153286,1,2.064054646969362,1,1.391427373169848,1,1.391427373169848,999.1885776649917,1.52468147153286
6542,6542,3.518163637,3.5234765932090597,0.0053129562090599,1.050068804597155,1,1.52468147153286,1,2.064054646969362,1,1.5008579996902878,1,1.5008579996902878,966.8832100206786,1.52468147153286
6544,6544,3.151506046,3.7354577056452847,0.5839516596452845,1.050068804597155,0,1.52468147153286,1,2.064054646969362,1,1.4436711702900702,1,1.4436711702900702,844.1620234509537,1.52468147153286
6563,6563,3.948509372,3.6790794352305776,0.2694299367694226,1.050068804597155,1,1.52468147153286,1,2.064054646969362,1,1.2893225853921555,1,1.2893225853921555,943.6617601335982,1.52468147153286
6571,6571,3.166477478,3.56603363803803,0.3995561600380299,1.050068804597155,1,1.52468147153286,1,2.064054646969362,1,1.3146642260256325,1,1.3146642260256325,958.3269941535066,1.52468147153286
6577,1995,3.980132784,3.627047666418053,0.3530851175819474,1.050068804597155,1,1.52468147153286,1,2.064054646969362,1,1.6348515981018181,1,1.6348515981018181,778.2111121821113,1.52468147153286
6588,6588,2.839924625,3.0406132577736553,0.2006886327736552,1.050068804597155,1,1.52468147153286,1,2.064054646969362,1,1.3469016477462619,1,1.3469016477462619,942.7490193657779,1.52468147153286
6589,6588,2.939483753,3.1798807618299763,0.240397008829976,1.050068804597155,1,1.52468147153286,1,2.064054646969362,1,1.1846887263249224,1,1.1846887263249224,592.6252640217069,1.52468147153286
6605,5857,4.180143284,4.179450406554549,0.0006928774454504,1.050068804597155,1,1.52468147153286,1,2.064054646969362,1,1.2934848125288436,1,1.2934848125288436,900.8119143875016,1.52468147153286
6609,659,4.038592803,3.533414536288068,0.5051782667119324,1.050068804597155,1,1.52468147153286,1,2.064054646969362,1,1.5008579996902878,1,1.5008579996902878,218.7611019666882,1.52468147153286
6610,6610,3.203811365,3.385638101760388,0.1818267367603878,1.050068804597155,1,1.52468147153286,1,2.064054646969362,1,1.4519737566165158,1,1.4519737566165158,926.1078135647799,1.52468147153286
6613,6613,3.51334192,3.44016035001195,0.0731815699880491,1.050068804597155,1,1.52468147153286,1,2.064054646969362,1,1.3048305606716362,1,1.3048305606716362,596.0328768074426,1.52468147153286
6618,6618,2.492098532,2.59209559086148,0.0999970588614802,1.050068804597155,1,1.52468147153286,1,2.064054646969362,1,1.52468147153286,1,1.52468147153286,219.02950606757562,1.52468147153286
6621,6621,3.884477482,3.886583299087919,0.0021058170879193,1.050068804597155,1,1.52468147153286,1,2.064054646969362,1,1.1964387702367638,1,1.1964387702367638,626.9628924014789,1.52468147153286
6627,6059,4.298049701,3.892477322989501,0.4055723780104991,1.050068804597155,1,1.52468147153286,1,2.064054646969362,1,1.3910522890513155,1,1.3910522890513155,1006.3559214175891,1.52468147153286
6629,6059,4.231119771,3.7551600266523457,0.4759597443476546,1.050068804597155,1,1.52468147153286,1,2.064054646969362,1,1.3789645652359779,1,1.3789645652359779,600.5103771019716,1.52468147153286
6643,659,3.93543422,3.3376879024840305,0.5977463175159694,1.050068804597155,0,1.52468147153286,1,2.064054646969362,1,1.4982305036798973,1,1.4982305036798973,239.9035868630974,1.52468147153286
6646,6646,2.767609967,3.495904587413512,0.7282946204135121,1.050068804597155,0,1.52468147153286,1,2.064054646969362,1,1.6334237079661191,1,1.6334237079661191,638.9729080275642,1.52468147153286
6648,4026,3.036053713,3.764965535330649,0.728911822330649,1.050068804597155,0,1.52468147153286,1,2.064054646969362,1,1.2358654909256312,0,3.4554470282822987,628.9429523046666,1.52468147153286
6649,4026,3.190927471,3.969949956058661,0.7790224850586607,1.050068804597155,0,1.52468147153286,0,2.064054646969362,1,1.08854620336811,0,5.783533870860224,473.5439784739726,1.858316457377473
6667,2268,4.255925868,4.228930854810308,0.0269950131896923,1.050068804597155,1,1.52468147153286,1,2.064054646969362,1,1.528315866071181,1,1.528315866071181,855.3133749441107,1.52468147153286
6668,2268,4.348949078,4.094645357554318,0.2543037204456828,1.050068804597155,1,1.52468147153286,1,2.064054646969362,1,1.5369991640953309,1,1.5369991640953309,865.0118640344559,1.52468147153286
6697,6697,3.202975739,3.5834877717863045,0.3805120327863043,1.050068804597155,1,1.52468147153286,1,2.064054646969362,1,1.3398275348484274,1,1.3398275348484274,885.2249184627847,1.52468147153286
6702,6702,2.970904498,3.2415462984169574,0.2706418004169575,1.050068804597155,1,1.52468147153286,1,2.064054646969362,1,1.6573110137528522,1,1.6573110137528522,600.6212042112627,1.52468147153286
6704,6704,3.314701276,3.543557663818595,0.2288563878185949,1.050068804597155,1,1.52468147153286,1,2.064054646969362,1,1.2934848125288436,1,1.2934848125288436,884.7985251968394,1.52468147153286
6706,6704,3.649084045,3.3458269327827086,0.3032571122172913,1.050068804597155,1,1.52468147153286,1,2.064054646969362,1,1.2693643667630692,1,1.2693643667630692,613.5614754467309,1.52468147153286
6710,6704,3.598284264,3.6166117632260097,0.0183274992260096,1.050068804597155,1,1.52468147153286,1,2.064054646969362,1,1.2871845430913194,1,1.2871845430913194,958.3310931837046,1.52468147153286
6718,2316,2.114425486,2.8835785545215207,0.7691530685215207,1.050068804597155,0,1.52468147153286,0,2.064054646969362,1,1.4928188003459582,0,1.9476921673167897,784.1043598488496,1.6609281266346727
6726,6726,2.723111822,3.178055929737048,0.4549441077370479,1.050068804597155,1,1.52468147153286,1,2.064054646969362,1,1.5020973847507406,1,1.5020973847507406,902.2832259418365,1.52468147153286
6729,6729,3.746567482,3.7638411319704943,0.0172736499704946,1.050068804597155,1,1.52468147153286,1,2.064054646969362,1,1.5257273445853006,1,1.5257273445853006,958.2612527762492,1.52468147153286
6730,6730,3.092478595,3.0026531581771265,0.0898254368228737,1.050068804597155,1,1.52468147153286,1,2.064054646969362,1,1.5626288932031063,1,1.5626288932031063,813.1076046978742,1.52468147153286
6731,6730,2.91206586,2.974844302434174,0.0627784424341748,1.050068804597155,1,1.52468147153286,1,2.064054646969362,1,1.6275620547016976,1,1.6275620547016976,874.5516204999172,1.52468147153286
6732,6730,3.189201897,3.1649953752151023,0.0242065217848974,1.050068804597155,1,1.52468147153286,1,2.064054646969362,1,1.5626288932031063,1,1.5626288932031063,838.9324832680688,1.52468147153286
6737,6737,3.160194989,3.481323773273522,0.321128784273522,1.050068804597155,1,1.52468147153286,1,2.064054646969362,1,1.6348515981018181,1,1.6348515981018181,660.7582996814066,1.52468147153286
6742,6742,3.648536275,4.080304796955218,0.4317685219552181,1.050068804597155,1,1.52468147153286,1,2.064054646969362,1,1.102710936723887,1,1.102710936723887,444.75450615360995,1.52468147153286
6743,6742,3.839097739,4.062101064208331,0.2230033252083312,1.050068804597155,1,1.52468147153286,1,2.064054646969362,1,1.123091525034881,1,1.123091525034881,449.41094169442965,1.52468147153286
6749,3027,3.831024898,3.904754277802139,0.0737293798021392,1.050068804597155,1,1.52468147153286,1,2.064054646969362,1,1.2203379168254198,1,1.2203379168254198,572.9302729250303,1.52468147153286
6761,6761,4.117365059,4.275343057297077,0.1579779982970768,1.050068804597155,1,1.52468147153286,1,2.064054646969362,1,1.2006980094738973,1,1.2006980094738973,558.3534822232422,1.52468147153286
6763,6763,4.345207039,3.953255924975328,0.3919511140246721,1.050068804597155,1,1.52468147153286,1,2.064054646969362,1,1.1846887263249224,1,1.1846887263249224,579.828440243947,1.52468147153286
6765,6765,4.10774798,3.9652508896014593,0.1424970903985407,1.050068804597155,1,1.52468147153286,1,2.064054646969362,1,1.1574151242489146,1,1.1574151242489146,532.7233555687073,1.52468147153286
6766,6761,4.456770484,4.392165568017643,0.0646049159823567,1.050068804597155,1,1.52468147153286,1,2.064054646969362,1,1.2661449876661628,1,1.2661449876661628,448.2340862745925,1.52468147153286
6774,6774,3.863348887,3.382570057408254,0.4807788295917459,1.050068804597155,1,1.52468147153286,1,2.064054646969362,1,1.7753279157393127,1,1.7753279157393127,404.7933906220981,1.52468147153286
6776,6763,4.232037065,4.229576843946367,0.0024602210536333,1.050068804597155,1,1.52468147153286,1,2.064054646969362,1,1.1597138134038474,1,1.1597138134038474,498.06628984661603,1.52468147153286
6778,6763,3.930525265,4.052919602535735,0.1223943375357352,1.050068804597155,1,1.52468147153286,1,2.064054646969362,1,1.1815882753057325,1,1.1815882753057325,555.9641822936969,1.52468147153286
6779,6765,4.236513077,3.999509164144105,0.2370039128558945,1.050068804597155,1,1.52468147153286,1,2.064054646969362,1,1.1574151242489146,1,1.1574151242489146,489.23137429775437,1.52468147153286
6780,6780,3.429315684,3.367474529131477,0.0618411548685231,1.050068804597155,1,1.52468147153286,1,2.064054646969362,1,1.6275620547016976,1,1.6275620547016976,656.5924973086694,1.52468147153286
6782,6782,3.885020737,4.007446537435246,0.1224258004352463,1.050068804597155,1,1.52468147153286,1,2.064054646969362,1,1.1846887263249224,1,1.1846887263249224,436.1852036778107,1.52468147153286
6783,3027,3.797671813,3.89780899556088,0.1001371825608803,1.050068804597155,1,1.52468147153286,1,2.064054646969362,1,1.2006980094738973,1,1.2006980094738973,556.4091404096633,1.52468147153286
6784,3027,4.105036247,4.118189940126332,0.0131536931263323,1.050068804597155,1,1.52468147153286,1,2.064054646969362,1,1.1964387702367638,1,1.1964387702367638,572.7916347123306,1.52468147153286
6786,6786,3.669615696,3.498938174879475,0.1706775211205253,1.050068804597155,1,1.52468147153286,1,2.064054646969362,1,1.6275620547016976,1,1.6275620547016976,902.2864740015095,1.52468147153286
6789,6761,4.384386572,4.298786177653425,0.0856003943465752,1.050068804597155,1,1.52468147153286,1,2.064054646969362,1,1.1846887263249224,1,1.1846887263249224,514.6607877426279,1.52468147153286
6822,6822,3.011267981,3.404097174746369,0.392829193746369,1.050068804597155,1,1.52468147153286,1,2.064054646969362,1,1.4928188003459582,1,1.4928188003459582,390.94149018089723,1.52468147153286
6848,6848,3.613327973,3.507434353914547,0.1058936190854531,1.050068804597155,1,1.52468147153286,1,2.064054646969362,1,1.486606312382654,1,1.486606312382654,1112.5767836457057,1.52468147153286
6852,6852,3.204665223,3.623425359522728,0.4187601365227276,1.050068804597155,1,1.52468147153286,1,2.064054646969362,1,1.7199910763967488,1,1.7199910763967488,668.6640337585181,1.52468147153286
6859,6859,3.095981232,3.257168296690313,0.1611870646903126,1.050068804597155,1,1.52468147153286,1,2.064054646969362,1,1.5072520957078765,1,1.5072520957078765,1045.3125468661726,1.52468147153286
6887,6887,4.179990396,3.707088023977318,0.4729023720226819,1.050068804597155,1,1.52468147153286,1,2.064054646969362,1,1.6334237079661191,1,1.6334237079661191,567.5465826722493,1.52468147153286
6888,6887,4.01144224,3.803426955239301,0.2080152847606995,1.050068804597155,1,1.52468147153286,1,2.064054646969362,1,1.6348515981018181,1,1.6348515981018181,498.0643775213086,1.52468147153286
6889,6889,3.836878839,3.8095547145430744,0.0273241244569257,1.050068804597155,1,1.52468147153286,1,2.064054646969362,1,1.6451508977236662,1,1.6451508977236662,455.48378024908965,1.52468147153286
6899,6899,3.877542308,3.633625270692307,0.2439170373076931,1.050068804597155,1,1.52468147153286,1,2.064054646969362,1,1.3687780642358547,1,1.3687780642358547,712.7492051621582,1.52468147153286
6904,6904,3.401028711,3.675544089466314,0.2745153784663139,1.050068804597155,1,1.52468147153286,1,2.064054646969362,1,1.1574151242489146,1,1.1574151242489146,501.24396645866426,1.52468147153286
6915,6915,3.980903687,3.8330710809228954,0.1478326060771047,1.050068804597155,1,1.52468147153286,1,2.064054646969362,1,1.102710936723887,1,1.102710936723887,608.4664762568464,1.52468147153286
6941,6941,3.669792172,4.104232770420683,0.4344405984206831,1.050068804597155,1,1.52468147153286,1,2.064054646969362,1,1.784658526383998,1,1.784658526383998,443.9791799118448,1.52468147153286
6951,6951,3.969030992,3.603817169272194,0.3652138227278061,1.050068804597155,1,1.52468147153286,1,2.064054646969362,1,1.4982305036798973,1,1.4982305036798973,390.5399195520431,1.52468147153286
6956,774,4.02875923,3.962504984876446,0.0662542451235541,1.050068804597155,1,1.52468147153286,1,2.064054646969362,1,1.3897758008728918,1,1.3897758008728918,850.7218298944725,1.52468147153286
6963,6963,4.163338669,4.092862343728775,0.0704763252712243,1.050068804597155,1,1.52468147153286,1,2.064054646969362,1,1.3146642260256325,1,1.3146642260256325,939.0562447177208,1.52468147153286
6966,5857,4.362853922,4.209362372242975,0.1534915497570255,1.050068804597155,1,1.52468147153286,1,2.064054646969362,1,1.3354862399578504,1,1.3354862399578504,929.2998808069691,1.52468147153286
6967,6967,2.778609431,2.6548126148700275,0.1237968161299725,1.050068804597155,1,1.52468147153286,1,2.064054646969362,1,1.6573110137528522,1,1.6573110137528522,281.35828126498717,1.52468147153286
6968,6968,3.380779589,3.2419728061749424,0.1388067828250574,1.050068804597155,1,1.52468147153286,1,2.064054646969362,1,1.632526632945865,1,1.632526632945865,801.8914406634386,1.52468147153286
6973,4980,2.784397594,2.9506117710645077,0.1662141770645075,1.050068804597155,1,1.52468147153286,1,2.064054646969362,1,1.572992217236905,1,1.572992217236905,765.2615046554431,1.52468147153286
6983,6904,3.40769336,3.710210065552999,0.3025167055529989,1.050068804597155,1,1.52468147153286,1,2.064054646969362,1,1.1690470098093586,1,1.1690470098093586,558.8910001525468,1.52468147153286
6984,6904,3.337153768,3.527609046154483,0.190455278154483,1.050068804597155,1,1.52468147153286,1,2.064054646969362,1,1.1964387702367638,1,1.1964387702367638,613.7538212945971,1.52468147153286
6985,6904,3.430220226,3.5401523328582805,0.1099321068582805,1.050068804597155,1,1.52468147153286,1,2.064054646969362,1,1.1597138134038474,1,1.1597138134038474,536.1834578303406,1.52468147153286
6992,6992,3.527099775,3.304421968727541,0.222677806272459,1.050068804597155,1,1.52468147153286,1,2.064054646969362,1,1.471777350325528,1,1.471777350325528,854.4473114136902,1.52468147153286
6994,6994,3.125531867,3.3084072508665017,0.1828753838665018,1.050068804597155,1,1.52468147153286,1,2.064054646969362,1,1.5990498197049652,1,1.5990498197049652,911.4483571265881,1.52468147153286
7000,7000,3.870331278,3.8525200158078894,0.0178112621921107,1.050068804597155,1,1.52468147153286,1,2.064054646969362,1,1.2661449876661628,1,1.2661449876661628,447.1560249005642,1.52468147153286
7003,7003,3.186466607,2.9927014478176654,0.1937651591823344,1.050068804597155,1,1.52468147153286,1,2.064054646969362,1,1.5939435130736062,1,1.5939435130736062,859.3437904642002,1.52468147153286
7033,7033,2.637448033,3.285450030450315,0.6480019974503151,1.050068804597155,0,1.52468147153286,1,2.064054646969362,1,1.4519737566165158,1,1.4519737566165158,856.1502811368177,1.52468147153286
7047,7047,2.186481794,2.5182856928021184,0.3318038988021183,1.050068804597155,1,1.52468147153286,1,2.064054646969362,1,1.4928188003459582,1,1.4928188003459582,789.2931456773443,1.52468147153286
7054,7054,1.391117992,2.232068489012397,0.8409504970123971,1.050068804597155,0,1.52468147153286,0,2.064054646969362,1,1.6573110137528522,0,1.9032108164722725,669.9148731051819,3.0968766964522016
7057,7057,1.900703748,2.335131142503438,0.434427394503438,1.050068804597155,1,1.52468147153286,1,2.064054646969362,1,1.5737498636462122,1,1.5737498636462122,332.6311372732957,1.52468147153286
7061,3975,2.747476546,2.6323422464650013,0.1151342995349988,1.050068804597155,1,1.52468147153286,1,2.064054646969362,1,1.7753279157393127,1,1.7753279157393127,429.3578773597207,1.52468147153286
7069,7069,1.822018555,2.4820777111474515,0.6600591561474514,1.050068804597155,0,1.52468147153286,1,2.064054646969362,1,1.572992217236905,1,1.572992217236905,806.5090948931618,1.52468147153286
7074,7074,3.524317287,3.631271672975646,0.1069543859756452,1.050068804597155,1,1.52468147153286,1,2.064054646969362,1,1.3796985342264385,1,1.3796985342264385,924.4432796294271,1.52468147153286
7077,7077,4.586275714,3.997745959239146,0.5885297547608541,1.050068804597155,0,1.52468147153286,1,2.064054646969362,1,1.6521075139563504,1,1.6521075139563504,529.4601588988053,1.52468147153286
7083,6544,3.068369357,3.5945694350773154,0.5262000780773155,1.050068804597155,0,1.52468147153286,1,2.064054646969362,1,1.4375515506991992,1,1.4375515506991992,819.6321261827298,1.52468147153286
7091,3963,3.356513555,3.5013404565344475,0.1448269015344476,1.050068804597155,1,1.52468147153286,1,2.064054646969362,1,1.391427373169848,1,1.391427373169848,1044.9104255442978,1.52468147153286
7092,7092,3.287542255,3.4081749160547097,0.1206326610547097,1.050068804597155,1,1.52468147153286,1,2.064054646969362,1,1.3504731496125624,1,1.3504731496125624,1018.9777578406613,1.52468147153286
7098,7098,2.5467978,3.330482556593505,0.7836847565935048,1.050068804597155,0,1.52468147153286,0,2.064054646969362,1,1.4067374915636837,0,3.0130577077969427,1075.704282235413,1.9515618880743553
7099,7099,3.958953391,3.8146541649532706,0.1442992260467295,1.050068804597155,1,1.52468147153286,1,2.064054646969362,1,1.329605484588213,1,1.329605484588213,954.5584328922397,1.52468147153286
7102,7102,4.346511622,3.865249988351512,0.4812616336484887,1.050068804597155,1,1.52468147153286,1,2.064054646969362,1,1.71832435210937,1,1.71832435210937,591.0585013032514,1.52468147153286
7105,7105,3.904212147,3.820041535799186,0.0841706112008138,1.050068804597155,1,1.52468147153286,1,2.064054646969362,1,1.1846887263249224,1,1.1846887263249224,626.7721157326478,1.52468147153286
7106,7105,4.170810106,3.7067937494566303,0.4640163565433699,1.050068804597155,1,1.52468147153286,1,2.064054646969362,1,1.269079211218962,1,1.269079211218962,809.7372694104388,1.52468147153286
7118,3140,4.309957566,3.966316338671072,0.3436412273289275,1.050068804597155,1,1.52468147153286,1,2.064054646969362,1,1.0874971530866526,1,1.0874971530866526,439.50189196902846,1.52468147153286
7119,7119,2.924178743,3.1720402821306166,0.2478615391306164,1.050068804597155,1,1.52468147153286,1,2.064054646969362,1,1.4928188003459582,1,1.4928188003459582,785.1882178717261,1.52468147153286
7122,4449,3.420589389,3.941327972018644,0.5207385830186442,1.050068804597155,1,1.52468147153286,1,2.064054646969362,1,1.08854620336811,1,1.08854620336811,627.6512730947052,1.52468147153286
7141,7141,3.186103664,3.4895946637502764,0.3034909997502764,1.050068804597155,1,1.52468147153286,1,2.064054646969362,1,1.528315866071181,1,1.528315866071181,837.283249491353,1.52468147153286
7143,171,1.384691993,2.260299221508608,0.8756072285086083,1.050068804597155,0,1.52468147153286,0,2.064054646969362,1,1.720364193938941,0,2.0288668247216974,126.23894871559858,3.7900113263764252
7154,7154,3.633789252,3.2973769591035804,0.3364122928964197,1.050068804597155,1,1.52468147153286,1,2.064054646969362,1,1.3897758008728918,1,1.3897758008728918,1026.2961988803686,1.52468147153286
7165,12,3.638518519,3.730166622404961,0.0916481034049612,1.050068804597155,1,1.52468147153286,1,2.064054646969362,1,1.2683003395262684,1,1.2683003395262684,893.3333930385505,1.52468147153286
7168,7168,2.943341651,3.270306514053433,0.326964863053433,1.050068804597155,1,1.52468147153286,1,2.064054646969362,1,1.489315580367471,1,1.489315580367471,772.0041703125218,1.52468147153286
7174,7174,3.217647284,3.1306029518031773,0.0870443321968226,1.050068804597155,1,1.52468147153286,1,2.064054646969362,1,1.4421221644499145,1,1.4421221644499145,1095.7583999583958,1.52468147153286
7181,5857,4.492515942,4.1994411002513905,0.2930748417486093,1.050068804597155,1,1.52468147153286,1,2.064054646969362,1,1.3687780642358547,1,1.3687780642358547,869.561047076876,1.52468147153286
7203,5857,4.326332934,4.241883237291825,0.0844496967081749,1.050068804597155,1,1.52468147153286,1,2.064054646969362,1,1.3834143289291232,1,1.3834143289291232,999.2248349513344,1.52468147153286
7210,659,3.313858787,3.611728228878247,0.2978694418782468,1.050068804597155,1,1.52468147153286,1,2.064054646969362,1,1.6893437225412633,1,1.6893437225412633,231.51979111088377,1.52468147153286
7231,4621,3.758288142,3.8288977420300423,0.0706096000300426,1.050068804597155,1,1.52468147153286,1,2.064054646969362,1,1.5257273445853006,1,1.5257273445853006,741.2448087518926,1.52468147153286
7233,7233,4.715263578,3.945465198331438,0.7697983796685621,1.050068804597155,0,1.52468147153286,0,2.064054646969362,1,1.2203379168254198,0,4.412926341942464,749.6032220568125,1.6738343495755021
7240,7240,3.323878455,3.2913795653305424,0.0324988896694575,1.050068804597155,1,1.52468147153286,1,2.064054646969362,1,1.3018451822076136,1,1.3018451822076136,990.0976933920617,1.52468147153286
7245,7245,3.618998001,3.576101666196991,0.0428963348030091,1.050068804597155,1,1.52468147153286,1,2.064054646969362,1,1.3687780642358547,1,1.3687780642358547,862.3349816899603,1.52468147153286
7271,7271,3.247341477,3.45728213755966,0.2099406605596598,1.050068804597155,1,1.52468147153286,1,2.064054646969362,1,1.5257273445853006,1,1.5257273445853006,978.5619326967353,1.52468147153286
7276,7276,4.493411575,3.349798371846343,1.1436132031536568,1.050068804597155,0,1.52468147153286,0,2.064054646969362,0,1.5157978181117926,0,9.230083700067002,973.2059063100245,9.150130819277395
7279,5857,3.598918423,3.861529424472939,0.2626110014729392,1.050068804597155,1,1.52468147153286,1,2.064054646969362,1,1.3504731496125624,1,1.3504731496125624,988.2159544649696,1.52468147153286
7281,5857,4.130788106,4.140277453726772,0.0094893477267721,1.050068804597155,1,1.52468147153286,1,2.064054646969362,1,1.2817654905240419,1,1.2817654905240419,834.0617819427633,1.52468147153286
7282,5857,4.170296648,4.297278672166705,0.126982024166705,1.050068804597155,1,1.52468147153286,1,2.064054646969362,1,1.1846887263249224,1,1.1846887263249224,578.4722647695022,1.52468147153286
7284,5857,4.305306832,4.042548026001113,0.262758805998887,1.050068804597155,1,1.52468147153286,1,2.064054646969362,1,1.3398275348484274,1,1.3398275348484274,933.0442243616403,1.52468147153286
7285,6963,4.184253479,4.1124728377360755,0.0717806412639241,1.050068804597155,1,1.52468147153286,1,2.064054646969362,1,1.3048305606716362,1,1.3048305606716362,926.1377398168939,1.52468147153286
7297,5857,4.067610941,4.032704418713599,0.0349065222864011,1.050068804597155,1,1.52468147153286,1,2.064054646969362,1,1.391427373169848,1,1.391427373169848,989.5784274375212,1.52468147153286
7306,7306,3.408682517,3.5118559560545113,0.1031734390545113,1.050068804597155,1,1.52468147153286,1,2.064054646969362,1,1.4937082731960718,1,1.4937082731960718,476.7994602189305,1.52468147153286
7333,7333,2.979201752,3.376741225369591,0.3975394733695916,1.050068804597155,1,1.52468147153286,1,2.064054646969362,1,1.5116059835850626,1,1.5116059835850626,933.1047141756812,1.52468147153286
7335,474,3.049758831,3.1804361322434818,0.1306773012434816,1.050068804597155,1,1.52468147153286,1,2.064054646969362,1,1.302102845045579,1,1.302102845045579,913.798612299325,1.52468147153286
7337,474,3.200128744,3.167304211845859,0.0328245321541409,1.050068804597155,1,1.52468147153286,1,2.064054646969362,1,1.3186075973526146,1,1.3186075973526146,1053.6551216248315,1.52468147153286
7338,474,3.480254873,3.4661598607463215,0.0140950122536782,1.050068804597155,1,1.52468147153286,1,2.064054646969362,1,1.302102845045579,1,1.302102845045579,943.8530315430936,1.52468147153286
7342,7342,2.051751849,2.6809835892102045,0.6292317402102046,1.050068804597155,0,1.52468147153286,1,2.064054646969362,1,1.5020973847507406,1,1.5020973847507406,361.1757387657941,1.52468147153286
7349,474,3.083878014,3.2124277791374305,0.1285497651374303,1.050068804597155,1,1.52468147153286,1,2.064054646969362,1,1.302102845045579,1,1.302102845045579,872.5436553542992,1.52468147153286
7355,7355,4.068742293,3.9208591543468785,0.1478831386531212,1.050068804597155,1,1.52468147153286,1,2.064054646969362,1,1.2934848125288436,1,1.2934848125288436,909.7360579335332,1.52468147153286
7357,4921,3.094531974,3.230846360410103,0.136314386410103,1.050068804597155,1,1.52468147153286,1,2.064054646969362,1,1.4375515506991992,1,1.4375515506991992,640.1653185314436,1.52468147153286
7374,7374,3.211378655,3.821423498161847,0.6100448431618473,1.050068804597155,0,1.52468147153286,1,2.064054646969362,1,1.29460112607409,1,1.29460112607409,1091.8280772642809,1.52468147153286
7380,7380,3.325146859,3.9799297612698714,0.6547829022698712,1.050068804597155,0,1.52468147153286,1,2.064054646969362,1,1.2456150609268466,0,1.8851224970558054,82.0496849973462,1.52468147153286
7381,7380,3.51733341,4.195740792256394,0.6784073822563936,1.050068804597155,0,1.52468147153286,1,2.064054646969362,1,1.261916561623683,0,2.2108985905147263,87.97856054281557,1.52468147153286
7385,7385,2.395941385,2.2427189637836698,0.1532224212163302,1.050068804597155,1,1.52468147153286,1,2.064054646969362,1,1.6348515981018181,1,1.6348515981018181,431.8243508696922,1.52468147153286
7386,7385,2.060566862,2.256533006128457,0.195966144128457,1.050068804597155,1,1.52468147153286,1,2.064054646969362,1,1.5887891635532467,1,1.5887891635532467,399.7609719644308,1.52468147153286
7387,7385,2.248638232,2.218293525683288,0.0303447063167117,1.050068804597155,1,1.52468147153286,1,2.064054646969362,1,1.4982305036798973,1,1.4982305036798973,297.1096756219484,1.52468147153286
7389,7389,2.248638232,2.2526374164846645,0.0039991844846647,1.050068804597155,1,1.52468147153286,1,2.064054646969362,1,1.6348515981018181,1,1.6348515981018181,398.5010185825234,1.52468147153286
7393,7389,2.188806849,2.199323026202024,0.0105161772020241,1.050068804597155,1,1.52468147153286,1,2.064054646969362,1,1.6451508977236662,1,1.6451508977236662,393.9470141824068,1.52468147153286
7402,7402,3.876708455,3.5930078493363253,0.2837006056636748,1.050068804597155,1,1.52468147153286,1,2.064054646969362,1,1.3398275348484274,1,1.3398275348484274,868.7929659427003,1.52468147153286
7416,7416,3.495422912,3.474981258647109,0.0204416533528908,1.050068804597155,1,1.52468147153286,1,2.064054646969362,1,1.4000068673287505,1,1.4000068673287505,787.4039013377318,1.52468147153286
7430,7430,4.01630194,3.717782259028491,0.2985196809715091,1.050068804597155,1,1.52468147153286,1,2.064054646969362,1,1.4928188003459582,1,1.4928188003459582,1007.0455418614378,1.52468147153286
7432,1740,3.879468628,3.783068798248032,0.0963998297519683,1.050068804597155,1,1.52468147153286,1,2.064054646969362,1,1.4000068673287505,1,1.4000068673287505,1169.1621740626547,1.52468147153286
7440,7440,3.284262749,3.4472132578172987,0.1629505088172989,1.050068804597155,1,1.52468147153286,1,2.064054646969362,1,1.7976301145222076,1,1.7976301145222076,101.17048675740483,1.52468147153286
7442,7442,2.95955587,3.5381889255190586,0.5786330555190586,1.050068804597155,0,1.52468147153286,1,2.064054646969362,1,1.784658526383998,1,1.784658526383998,393.869250042197,1.52468147153286
7445,7445,3.68909921,3.758207130791478,0.0691079207914779,1.050068804597155,1,1.52468147153286,1,2.064054646969362,1,1.2934848125288436,1,1.2934848125288436,845.7344152098852,1.52468147153286
7452,228,3.808216344,4.022804605717159,0.214588261717159,1.050068804597155,1,1.52468147153286,1,2.064054646969362,1,1.4553805109797686,1,1.4553805109797686,1033.2268325836528,1.52468147153286
7457,7457,3.323294737,2.9235936268909883,0.3997011101090115,1.050068804597155,1,1.52468147153286,1,2.064054646969362,1,1.3789645652359779,1,1.3789645652359779,884.107161641713,1.52468147153286
7459,7457,3.191808587,2.96499831170265,0.2268102752973502,1.050068804597155,1,1.52468147153286,1,2.064054646969362,1,1.6211267466279642,1,1.6211267466279642,868.2590070035803,1.52468147153286
7463,7457,3.164878054,2.9153940963354783,0.2494839576645215,1.050068804597155,1,1.52468147153286,1,2.064054646969362,1,1.6211267466279642,1,1.6211267466279642,882.8909879513476,1.52468147153286
7478,7478,3.000489512,3.020075032902637,0.0195855209026367,1.050068804597155,1,1.52468147153286,1,2.064054646969362,1,1.4519737566165158,1,1.4519737566165158,181.39012085324697,1.52468147153286
7484,7484,3.102398798,4.008160426281933,0.9057616282819329,1.050068804597155,0,1.52468147153286,0,2.064054646969362,1,1.572992217236905,0,3.9583026105065113,250.15977658080365,4.393099321842916
7501,7501,2.69166816,3.520295073077867,0.828626913077867,1.050068804597155,0,1.52468147153286,0,2.064054646969362,1,1.3687780642358547,0,4.253535683434647,1046.4464158270812,2.8504050177615987
7510,7510,4.173955561,3.945297484324217,0.2286580766757828,1.050068804597155,1,1.52468147153286,1,2.064054646969362,1,1.4589678116174616,1,1.4589678116174616,806.4461110247987,1.52468147153286
7513,7510,3.499923406,3.942581024931251,0.4426576189312508,1.050068804597155,1,1.52468147153286,1,2.064054646969362,1,1.407223166139615,1,1.407223166139615,726.8742338793286,1.52468147153286
7517,7517,3.411816609,3.759205368430349,0.3473887594303488,1.050068804597155,1,1.52468147153286,1,2.064054646969362,1,1.5157978181117926,1,1.5157978181117926,981.6439107212415,1.52468147153286
7519,7519,3.593572548,3.598943784890875,0.0053712368908751,1.050068804597155,1,1.52468147153286,1,2.064054646969362,1,1.396974315685524,1,1.396974315685524,843.9545157380911,1.52468147153286
7524,7524,2.906655226,2.9787502426006935,0.0720950166006937,1.050068804597155,1,1.52468147153286,1,2.064054646969362,1,1.6573110137528522,1,1.6573110137528522,663.9161382074525,1.52468147153286
7528,6610,3.377540581,3.4454174243252487,0.0678768433252487,1.050068804597155,1,1.52468147153286,1,2.064054646969362,1,1.3687780642358547,1,1.3687780642358547,1014.6055499620255,1.52468147153286
7530,7530,7.745644736,3.33171967839269,4.41392505760731,1.050068804597155,0,1.52468147153286,0,2.064054646969362,0,1.5737498636462122,0,74.1147523793303,649.2154572709035,74.55636790835045
7535,1995,3.885279531,3.656569526590681,0.2287100044093191,1.050068804597155,1,1.52468147153286,1,2.064054646969362,1,1.5072520957078765,1,1.5072520957078765,730.5227409827561,1.52468147153286
7537,1740,3.769743756,3.673847549548904,0.0958962064510964,1.050068804597155,1,1.52468147153286,1,2.064054646969362,1,1.2807129586479924,1,1.2807129586479924,636.7299785581904,1.52468147153286
7540,7540,3.658019819,3.773105644255069,0.1150858252550688,1.050068804597155,1,1.52468147153286,1,2.064054646969362,1,1.3687780642358547,1,1.3687780642358547,629.5932383873038,1.52468147153286
7559,4602,3.256685539,3.428904561877705,0.1722190228777051,1.050068804597155,1,1.52468147153286,1,2.064054646969362,1,1.2934848125288436,1,1.2934848125288436,803.3006452326513,1.52468147153286
7572,7572,3.503929547,3.4190165989566506,0.0849129480433492,1.050068804597155,1,1.52468147153286,1,2.064054646969362,1,1.302102845045579,1,1.302102845045579,980.7518056620347,1.52468147153286
7573,7572,3.477273954,3.4922003233546435,0.0149263693546433,1.050068804597155,1,1.52468147153286,1,2.064054646969362,1,1.2860939569318397,1,1.2860939569318397,936.1982140815086,1.52468147153286
7574,7574,3.379015287,3.334320462556028,0.0446948244439719,1.050068804597155,1,1.52468147153286,1,2.064054646969362,1,1.3789645652359779,1,1.3789645652359779,1146.6957762573377,1.52468147153286
7592,6312,4.140205264,3.820558687186208,0.3196465768137924,1.050068804597155,1,1.52468147153286,1,2.064054646969362,1,1.2871845430913194,1,1.2871845430913194,832.4951679696919,1.52468147153286
7593,6312,4.119356452,3.8568814854850406,0.2624749665149593,1.050068804597155,1,1.52468147153286,1,2.064054646969362,1,1.2772543466825281,1,1.2772543466825281,752.4531593133054,1.52468147153286
7594,6312,4.065132867,3.890617317921433,0.174515549078567,1.050068804597155,1,1.52468147153286,1,2.064054646969362,1,1.2772543466825281,1,1.2772543466825281,741.6756399846793,1.52468147153286
7596,7596,4.003717887,3.5451495085158604,0.4585683784841392,1.050068804597155,1,1.52468147153286,1,2.064054646969362,1,1.396974315685524,1,1.396974315685524,910.5989733021743,1.52468147153286
7598,7598,3.300843307,3.3194450489157203,0.0186017419157202,1.050068804597155,1,1.52468147153286,1,2.064054646969362,1,1.2698910922360431,1,1.2698910922360431,1011.3230229859382,1.52468147153286
7611,7611,3.661045446,4.1256699348584736,0.4646244888584734,1.050068804597155,1,1.52468147153286,1,2.064054646969362,1,1.2817654905240419,1,1.2817654905240419,782.9483067395261,1.52468147153286
7620,1958,3.116452769,3.488208354613418,0.371755585613418,1.050068804597155,1,1.52468147153286,1,2.064054646969362,1,1.6334237079661191,1,1.6334237079661191,644.8819323049354,1.52468147153286
7624,7624,3.877029697,3.879107514931831,0.0020778179318305,1.050068804597155,1,1.52468147153286,1,2.064054646969362,1,1.3398275348484274,1,1.3398275348484274,1028.0243354333509,1.52468147153286
7627,7627,3.631403904,3.355296870569968,0.2761070334300317,1.050068804597155,1,1.52468147153286,1,2.064054646969362,1,1.5157978181117926,1,1.5157978181117926,689.0102433087279,1.52468147153286
7663,7663,3.985144975,3.672862127034392,0.3122828479656077,1.050068804597155,1,1.52468147153286,1,2.064054646969362,1,1.5812013882021647,1,1.5812013882021647,863.1431102413706,1.52468147153286
7686,7686,2.898852021,2.8976153857810565,0.0012366352189436,1.050068804597155,1,1.52468147153286,1,2.064054646969362,1,1.4067374915636837,1,1.4067374915636837,1125.7021200696017,1.52468147153286
7690,7690,3.822382931,4.267472669952871,0.4450897389528707,1.050068804597155,1,1.52468147153286,1,2.064054646969362,1,1.2006980094738973,1,1.2006980094738973,648.0237221142938,1.52468147153286
7695,3140,4.29559764,4.038987164014637,0.2566104759853633,1.050068804597155,1,1.52468147153286,1,2.064054646969362,1,1.0741825317303277,1,1.0741825317303277,372.1285639639115,1.52468147153286
7710,7710,3.964209329,2.058362363457311,1.9058469655426888,1.050068804597155,0,1.52468147153286,0,2.064054646969362,0,1.766601315707975,0,22.217527469482,511.53537480843204,24.394806067058035
7714,7714,3.34008966,3.057179760202445,0.2829098997975547,1.050068804597155,1,1.52468147153286,1,2.064054646969362,1,1.4519737566165158,1,1.4519737566165158,161.88567425280795,1.52468147153286
7731,392,3.123462591,3.491044292912918,0.3675817019129179,1.050068804597155,1,1.52468147153286,1,2.064054646969362,1,1.4375515506991992,1,1.4375515506991992,414.0676335375413,1.52468147153286
7742,7742,3.012422409,3.130527137498807,0.1181047284988068,1.050068804597155,1,1.52468147153286,1,2.064054646969362,1,1.6521075139563504,1,1.6521075139563504,700.7659637232803,1.52468147153286
7743,7742,3.123307071,3.1918408249346615,0.0685337539346613,1.050068804597155,1,1.52468147153286,1,2.064054646969362,1,1.6334237079661191,1,1.6334237079661191,854.0754399309656,1.52468147153286
7744,2801,3.657018863,4.066501692563773,0.4094828295637733,1.050068804597155,1,1.52468147153286,1,2.064054646969362,1,1.471777350325528,1,1.471777350325528,945.1131660127116,1.52468147153286
7745,7745,3.509707699,3.7475135987183306,0.2378058997183307,1.050068804597155,1,1.52468147153286,1,2.064054646969362,1,1.6521075139563504,1,1.6521075139563504,480.0947339550215,1.52468147153286
7759,7759,2.94825145,3.148912339129647,0.2006608891296473,1.050068804597155,1,1.52468147153286,1,2.064054646969362,1,1.396974315685524,1,1.396974315685524,933.533147636768,1.52468147153286
7761,7761,3.488041794,3.1199143053507,0.3681274886493,1.050068804597155,1,1.52468147153286,1,2.064054646969362,1,1.6910857157185362,1,1.6910857157185362,665.5556731442933,1.52468147153286
7772,1875,3.725756111,3.8407066929725793,0.1149505819725793,1.050068804597155,1,1.52468147153286,1,2.064054646969362,1,1.5072520957078765,1,1.5072520957078765,734.0719631627121,1.52468147153286
7777,7777,3.322259645,3.6361705382443272,0.3139108932443273,1.050068804597155,1,1.52468147153286,1,2.064054646969362,1,1.1416188265230973,1,1.1416188265230973,774.0489846353386,1.52468147153286
7778,7777,3.78191646,3.6198567987777306,0.1620596612222695,1.050068804597155,1,1.52468147153286,1,2.064054646969362,1,1.1178084131289037,1,1.1178084131289037,740.8873110093741,1.52468147153286
7807,7807,2.003292469,2.8066384128075508,0.803345943807551,1.050068804597155,0,1.52468147153286,0,2.064054646969362,1,1.4519737566165158,0,2.999155066602377,139.1618216765807,2.344785632355279
7817,774,3.780030462,3.80818510346856,0.0281546414685602,1.050068804597155,1,1.52468147153286,1,2.064054646969362,1,1.3504731496125624,1,1.3504731496125624,703.8520976812383,1.52468147153286
7836,7836,4.144077894,3.732806995291491,0.4112708987085085,1.050068804597155,1,1.52468147153286,1,2.064054646969362,1,1.4421221644499145,1,1.4421221644499145,970.14583086667,1.52468147153286
7842,7842,3.500400667,3.512246790362217,0.0118461233622171,1.050068804597155,1,1.52468147153286,1,2.064054646969362,1,1.5626288932031063,1,1.5626288932031063,802.2063824109003,1.52468147153286
7846,5093,3.126385862,3.2356323904908577,0.1092465284908579,1.050068804597155,1,1.52468147153286,1,2.064054646969362,1,1.423361558271015,1,1.423361558271015,1071.3681658084,1.52468147153286
7855,7855,4.25586172,3.9131952849817937,0.3426664350182067,1.050068804597155,1,1.52468147153286,1,2.064054646969362,1,1.380612816172353,1,1.380612816172353,859.5871790088211,1.52468147153286
7864,7864,4.097635162,3.5643543251772005,0.5332808368227999,1.050068804597155,0,1.52468147153286,1,2.064054646969362,1,1.6451508977236662,1,1.6451508977236662,528.4670211413423,1.52468147153286
7865,7865,3.049349411,3.4165103925609532,0.3671609815609531,1.050068804597155,1,1.52468147153286,1,2.064054646969362,1,1.4589678116174616,1,1.4589678116174616,940.322892270691,1.52468147153286
7882,1661,4.337181053,3.709989893511829,0.627191159488171,1.050068804597155,0,1.52468147153286,1,2.064054646969362,1,1.5116059835850626,1,1.5116059835850626,720.9986502459726,1.52468147153286
7886,7886,2.85267988,3.1685479583323675,0.3158680783323673,1.050068804597155,1,1.52468147153286,1,2.064054646969362,1,1.5626288932031063,1,1.5626288932031063,861.9632967998933,1.52468147153286
7890,7890,3.626838545,4.565807967665308,0.9389694226653084,1.050068804597155,0,1.52468147153286,0,2.064054646969362,1,1.52468147153286,0,5.057255209510426,1.848126701759143,5.057255209510426
7903,7903,3.425155025,3.746410798181637,0.3212557731816368,1.050068804597155,1,1.52468147153286,1,2.064054646969362,1,1.5812013882021647,1,1.5812013882021647,731.4967673408968,1.52468147153286
7921,7921,2.981355403,3.7041243639402497,0.7227689609402494,1.050068804597155,0,1.52468147153286,1,2.064054646969362,1,1.2817654905240419,0,2.919489804088612,731.6077922018783,1.52468147153286
7927,7927,3.091919106,3.1931813379383622,0.101262231938362,1.050068804597155,1,1.52468147153286,1,2.064054646969362,1,1.6910857157185362,1,1.6910857157185362,465.5382425790212,1.52468147153286
7955,7955,1.43138584,3.0761561028050752,1.644770262805075,1.050068804597155,0,1.52468147153286,0,2.064054646969362,0,1.8406047363401272,0,16.329962629040356,499.12184278439634,19.17327201230576
7961,7961,3.831659028,3.7513175466954456,0.0803414813045542,1.050068804597155,1,1.52468147153286,1,2.064054646969362,1,1.2358654909256312,1,1.2358654909256312,848.1915614205537,1.52468147153286
7964,7961,3.724608756,3.905220692725483,0.1806119367254837,1.050068804597155,1,1.52468147153286,1,2.064054646969362,1,1.1846887263249224,1,1.1846887263249224,606.9693401262024,1.52468147153286
7968,7968,3.955480657,3.8805032829602855,0.0749773740397143,1.050068804597155,1,1.52468147153286,1,2.064054646969362,1,1.407223166139615,1,1.407223166139615,1075.5957348006507,1.52468147153286
7980,601,3.652036526,3.718607137662429,0.0665706116624291,1.050068804597155,1,1.52468147153286,1,2.064054646969362,1,1.3687780642358547,1,1.3687780642358547,902.8342127787485,1.52468147153286
7989,7989,4.166557763,4.283304309190908,0.1167465461909076,1.050068804597155,1,1.52468147153286,1,2.064054646969362,1,1.123091525034881,1,1.123091525034881,638.9409036711403,1.52468147153286
7990,7989,4.213296664,4.157376233524442,0.0559204304755578,1.050068804597155,1,1.52468147153286,1,2.064054646969362,1,1.2358654909256312,1,1.2358654909256312,538.9592481391851,1.52468147153286
7991,7989,4.55596369,4.140910287160276,0.4150534028397237,1.050068804597155,1,1.52468147153286,1,2.064054646969362,1,1.2693643667630692,1,1.2693643667630692,676.8290155975112,1.52468147153286
7992,7989,4.260596996,4.255971035108106,0.0046259608918939,1.050068804597155,1,1.52468147153286,1,2.064054646969362,1,1.1306601012915225,1,1.1306601012915225,618.4225239146617,1.52468147153286
7994,7989,4.171398363,4.192163915111905,0.0207655521119054,1.050068804597155,1,1.52468147153286,1,2.064054646969362,1,1.2040185997754147,1,1.2040185997754147,761.0139761958252,1.52468147153286
7995,7989,4.66290181,4.32199247173209,0.3409093382679105,1.050068804597155,1,1.52468147153286,1,2.064054646969362,1,1.1574151242489146,1,1.1574151242489146,650.0388172069441,1.52468147153286
7999,7989,4.66723071,4.368817578770043,0.2984131312299567,1.050068804597155,1,1.52468147153286,1,2.064054646969362,1,1.2807129586479924,1,1.2807129586479924,775.5443472510368,1.52468147153286
8000,7989,4.741864329,4.313252367735921,0.4286119612640791,1.050068804597155,1,1.52468147153286,1,2.064054646969362,1,1.1846887263249224,1,1.1846887263249224,652.5625433681156,1.52468147153286
8001,7989,4.483586313,4.282910540823531,0.2006757721764689,1.050068804597155,1,1.52468147153286,1,2.064054646969362,1,1.1597138134038474,1,1.1597138134038474,628.3786691393725,1.52468147153286
8002,7989,4.456292949,4.101865765148669,0.3544271838513309,1.050068804597155,1,1.52468147153286,1,2.064054646969362,1,1.396974315685524,1,1.396974315685524,1044.8896329210193,1.52468147153286
8003,7989,3.854232957,4.043109875681886,0.1888769186818866,1.050068804597155,1,1.52468147153286,1,2.064054646969362,1,1.2284225834212013,1,1.2284225834212013,864.817689531314,1.52468147153286
8004,7989,3.706170422,4.01519144224125,0.3090210202412495,1.050068804597155,1,1.52468147153286,1,2.064054646969362,1,1.1671901850510507,1,1.1671901850510507,634.4450538719962,1.52468147153286
8005,7989,4.783475741,4.361109231861992,0.4223665091380084,1.050068804597155,1,1.52468147153286,1,2.064054646969362,1,1.2817654905240419,1,1.2817654905240419,818.1285103548382,1.52468147153286
8006,7989,4.755447017,4.3055440208278695,0.4499029961721303,1.050068804597155,1,1.52468147153286,1,2.064054646969362,1,1.1846887263249224,1,1.1846887263249224,682.6389940496819,1.52468147153286
8007,7989,4.858794385,4.39719185760734,0.4616025273926603,1.050068804597155,1,1.52468147153286,1,2.064054646969362,1,1.2817654905240419,1,1.2817654905240419,819.6640982940427,1.52468147153286
8008,7989,4.796646478,4.341120754023333,0.4555257239766677,1.050068804597155,1,1.52468147153286,1,2.064054646969362,1,1.1846887263249224,1,1.1846887263249224,688.5043631205922,1.52468147153286
8009,7989,4.630315057,4.357569204927552,0.2727458520724477,1.050068804597155,1,1.52468147153286,1,2.064054646969362,1,1.1597138134038474,1,1.1597138134038474,655.5359574021074,1.52468147153286
8028,640,1.971840167,1.9754827928550447,0.0036426258550446,1.050068804597155,1,1.52468147153286,1,2.064054646969362,1,1.366353248407834,1,1.366353248407834,123.31455771951947,1.52468147153286
8044,8044,4.152609359,3.927912317784571,0.2246970412154292,1.050068804597155,1,1.52468147153286,1,2.064054646969362,1,1.4421221644499145,1,1.4421221644499145,937.6128308950124,1.52468147153286
8045,8044,3.86381382,3.8647269972970726,0.0009131772970727,1.050068804597155,1,1.52468147153286,1,2.064054646969362,1,1.380612816172353,1,1.380612816172353,881.9884155480604,1.52468147153286
8046,8044,4.754108184,3.921193338452899,0.8329148455471005,1.050068804597155,0,1.52468147153286,0,2.064054646969362,1,1.329605484588213,0,4.6918475496480925,707.2214225260975,2.9361636671462694
8051,8051,3.375265908,3.437170434746201,0.061904526746201,1.050068804597155,1,1.52468147153286,1,2.064054646969362,1,1.1574151242489146,1,1.1574151242489146,553.2362113880209,1.52468147153286
8058,8058,4.611694486,4.476935905612532,0.1347585803874684,1.050068804597155,1,1.52468147153286,1,2.064054646969362,1,1.5072520957078765,1,1.5072520957078765,303.7022457227794,1.52468147153286
8069,8069,3.881375526,3.894939382173436,0.0135638561734361,1.050068804597155,1,1.52468147153286,1,2.064054646969362,1,1.4375515506991992,1,1.4375515506991992,930.6530084549996,1.52468147153286
8075,8075,3.581940561,3.580922594570907,0.0010179664290932,1.050068804597155,1,1.52468147153286,1,2.064054646969362,1,1.1306601012915225,1,1.1306601012915225,547.0832269515182,1.52468147153286
8076,8076,3.658452361,3.925354502211177,0.2669021412111769,1.050068804597155,1,1.52468147153286,1,2.064054646969362,1,1.1815882753057325,1,1.1815882753057325,627.0790304938556,1.52468147153286
8077,8076,3.525680874,3.920900066541655,0.395219192541655,1.050068804597155,1,1.52468147153286,1,2.064054646969362,1,1.1574151242489146,1,1.1574151242489146,564.9630004849015,1.52468147153286
8079,8079,3.573433267,3.4157295744933105,0.1577036925066894,1.050068804597155,1,1.52468147153286,1,2.064054646969362,1,1.5812013882021647,1,1.5812013882021647,706.1480051441697,1.52468147153286
8080,8080,3.229972899,3.3657705246450975,0.1357976256450976,1.050068804597155,1,1.52468147153286,1,2.064054646969362,1,1.2683003395262684,1,1.2683003395262684,672.9246186750964,1.52468147153286
8094,6312,4.453946135,3.883203457206393,0.5707426777936067,1.050068804597155,0,1.52468147153286,1,2.064054646969362,1,1.4067374915636837,1,1.4067374915636837,935.3888991720339,1.52468147153286
8096,8096,3.82000109,3.68547378781224,0.13452730218776,1.050068804597155,1,1.52468147153286,1,2.064054646969362,1,1.2772543466825281,1,1.2772543466825281,907.503754516686,1.52468147153286
8206,8206,2.946637821,3.391368823868528,0.444731002868528,1.050068804597155,1,1.52468147153286,1,2.064054646969362,1,1.5072520957078765,1,1.5072520957078765,737.7844627303049,1.52468147153286
8208,8208,3.897231866,3.954730630159861,0.0574987641598609,1.050068804597155,1,1.52468147153286,1,2.064054646969362,1,1.429650291237051,1,1.429650291237051,995.8192723267478,1.52468147153286
8215,3576,4.040647165,3.969026346035146,0.0716208189648544,1.050068804597155,1,1.52468147153286,1,2.064054646969362,1,1.0788291633046407,1,1.0788291633046407,425.8483757380508,1.52468147153286
8216,8216,3.311811481,3.345200190346638,0.0333887093466382,1.050068804597155,1,1.52468147153286,1,2.064054646969362,1,1.7976301145222076,1,1.7976301145222076,130.4111656610961,1.52468147153286
8223,8223,2.53315283,2.7619669196585805,0.2288140896585804,1.050068804597155,1,1.52468147153286,1,2.064054646969362,1,1.4975989965576506,1,1.4975989965576506,144.59235983414018,1.52468147153286
8237,5815,4.500992752,4.358117638443052,0.1428751135569479,1.050068804597155,1,1.52468147153286,1,2.064054646969362,1,1.2934848125288436,1,1.2934848125288436,969.349327501034,1.52468147153286
8285,8285,2.988338434,3.4425306533936992,0.4541922193936991,1.050068804597155,1,1.52468147153286,1,2.064054646969362,1,1.6348515981018181,1,1.6348515981018181,804.4422862123954,1.52468147153286
8293,6730,2.797997986,3.1739549354178913,0.3759569494178914,1.050068804597155,1,1.52468147153286,1,2.064054646969362,1,1.6211267466279642,1,1.6211267466279642,726.6619455328587,1.52468147153286
8351,8351,3.017281503,3.468021988522506,0.4507404855225059,1.050068804597155,1,1.52468147153286,1,2.064054646969362,1,1.6573110137528522,1,1.6573110137528522,721.9733317553082,1.52468147153286
8353,8353,2.907724785,2.9718031037363253,0.0640783187363251,1.050068804597155,1,1.52468147153286,1,2.064054646969362,1,1.6910857157185362,1,1.6910857157185362,655.4381282755227,1.52468147153286
8370,8370,4.234308438,4.413385117871787,0.1790766798717866,1.050068804597155,1,1.52468147153286,1,2.064054646969362,1,1.3910522890513155,1,1.3910522890513155,865.5107527670909,1.52468147153286
8375,8375,3.8477433,3.721412938414786,0.126330361585214,1.050068804597155,1,1.52468147153286,1,2.064054646969362,1,1.380612816172353,1,1.380612816172353,915.5197500592119,1.52468147153286
8377,8375,3.596060218,3.643344608853852,0.0472843908538522,1.050068804597155,1,1.52468147153286,1,2.064054646969362,1,1.3796985342264385,1,1.3796985342264385,946.042060453575,1.52468147153286
8379,8379,3.497973131,3.3108780571913616,0.1870950738086385,1.050068804597155,1,1.52468147153286,1,2.064054646969362,1,1.3687780642358547,1,1.3687780642358547,1062.7903872736495,1.52468147153286
8391,8391,3.44449448,3.7222834057138727,0.2777889257138728,1.050068804597155,1,1.52468147153286,1,2.064054646969362,1,1.6893437225412633,1,1.6893437225412633,236.345012478823,1.52468147153286
8394,8394,3.774081791,3.859684673913022,0.0856028829130219,1.050068804597155,1,1.52468147153286,1,2.064054646969362,1,1.6573110137528522,1,1.6573110137528522,729.9302913454186,1.52468147153286
8403,8403,3.364166245,3.412747915628975,0.048581670628975,1.050068804597155,1,1.52468147153286,1,2.064054646969362,1,1.4001985286173522,1,1.4001985286173522,600.162383070263,1.52468147153286
8410,2330,3.406603759,3.48111813105146,0.07451437205146,1.050068804597155,1,1.52468147153286,1,2.064054646969362,1,1.5939435130736062,1,1.5939435130736062,818.2586495296839,1.52468147153286
8411,8411,3.081385318,3.794167206767995,0.7127818887679953,1.050068804597155,0,1.52468147153286,1,2.064054646969362,1,1.4375515506991992,1,1.4375515506991992,970.0920503526734,1.52468147153286
8413,8413,2.976033429,3.2603521815409797,0.2843187525409796,1.050068804597155,1,1.52468147153286,1,2.064054646969362,1,1.4436711702900702,1,1.4436711702900702,898.9156755397281,1.52468147153286
8414,8413,3.295276655,3.5329585046718983,0.2376818496718984,1.050068804597155,1,1.52468147153286,1,2.064054646969362,1,1.3848119796835512,1,1.3848119796835512,910.0978639951782,1.52468147153286
8415,8413,3.717723605,3.852708324246116,0.1349847192461157,1.050068804597155,1,1.52468147153286,1,2.064054646969362,1,1.2946071463174835,1,1.2946071463174835,722.1341578748671,1.52468147153286
8437,8437,2.890587259,3.349998419196232,0.4594111601962316,1.050068804597155,1,1.52468147153286,1,2.064054646969362,1,1.3452449663859802,1,1.3452449663859802,122.94293121549103,1.52468147153286
8440,8440,4.708554737,3.615912484622804,1.0926422523771957,1.050068804597155,0,1.52468147153286,0,2.064054646969362,0,1.6451508977236662,0,7.046486968030918,739.0442074847113,8.130711803748174
8448,774,4.141364985,4.026035554337059,0.1153294306629408,1.050068804597155,1,1.52468147153286,1,2.064054646969362,1,1.396974315685524,1,1.396974315685524,828.016884163684,1.52468147153286
8449,774,4.362762615,3.839137240662013,0.5236253743379873,1.050068804597155,1,1.52468147153286,1,2.064054646969362,1,1.5257273445853006,1,1.5257273445853006,903.2690307537372,1.52468147153286
8471,8471,3.921621085,3.8352439185587306,0.0863771664412693,1.050068804597155,1,1.52468147153286,1,2.064054646969362,1,1.3789645652359779,1,1.3789645652359779,999.4200995520479,1.52468147153286
8477,8477,3.702977082,3.801222400614813,0.0982453186148126,1.050068804597155,1,1.52468147153286,1,2.064054646969362,1,1.1132303611922225,1,1.1132303611922225,532.2435698798781,1.52468147153286
8481,8481,3.349468331,3.359767712168587,0.0102993811685867,1.050068804597155,1,1.52468147153286,1,2.064054646969362,1,1.6334237079661191,1,1.6334237079661191,835.1399136116369,1.52468147153286
8486,8486,3.079740643,3.2828818534599136,0.2031412104599135,1.050068804597155,1,1.52468147153286,1,2.064054646969362,1,1.4421221644499145,1,1.4421221644499145,888.4506342393516,1.52468147153286
8498,8498,3.259438575,3.787219188953532,0.5277806139535319,1.050068804597155,0,1.52468147153286,1,2.064054646969362,1,1.6521075139563504,1,1.6521075139563504,446.2099232593752,1.52468147153286
8499,799,3.446405766,3.374342837121737,0.0720629288782626,1.050068804597155,1,1.52468147153286,1,2.064054646969362,1,1.4928188003459582,1,1.4928188003459582,507.36984069717005,1.52468147153286
8524,8524,2.329545466,2.448404482085592,0.118859016085592,1.050068804597155,1,1.52468147153286,1,2.064054646969362,1,1.4982305036798973,1,1.4982305036798973,347.5868171456263,1.52468147153286
8539,8539,3.323681025,3.2674214713593748,0.0562595536406251,1.050068804597155,1,1.52468147153286,1,2.064054646969362,1,1.2934848125288436,1,1.2934848125288436,729.4102559449555,1.52468147153286
8542,8542,3.456856789,3.344746512043966,0.112110276956034,1.050068804597155,1,1.52468147153286,1,2.064054646969362,1,1.4001985286173522,1,1.4001985286173522,664.4116687066742,1.52468147153286
8545,8545,3.775514332,4.365066670136855,0.5895523381368548,1.050068804597155,0,1.52468147153286,1,2.064054646969362,1,0.8928255436562827,0,3.7556168698305514,172.148894663266,1.52468147153286
8557,12,3.964374672,3.662871288950861,0.3015033830491394,1.050068804597155,1,1.52468147153286,1,2.064054646969362,1,1.2772543466825281,1,1.2772543466825281,715.4820332004758,1.52468147153286
8567,8567,3.421717092,3.828247712927421,0.4065306209274206,1.050068804597155,1,1.52468147153286,1,2.064054646969362,1,1.4375515506991992,1,1.4375515506991992,909.9482299416205,1.52468147153286
8571,8571,4.166574164,3.8508012532258697,0.3157729107741307,1.050068804597155,1,1.52468147153286,1,2.064054646969362,1,1.1964387702367638,1,1.1964387702367638,472.3981652835271,1.52468147153286
8573,8573,3.778000997,3.9011438907409377,0.1231428937409373,1.050068804597155,1,1.52468147153286,1,2.064054646969362,1,1.396974315685524,1,1.396974315685524,811.6332105814577,1.52468147153286
8575,8573,3.732825829,3.8787616577061934,0.1459358287061936,1.050068804597155,1,1.52468147153286,1,2.064054646969362,1,1.3796985342264385,1,1.3796985342264385,668.4252998917569,1.52468147153286
8578,8573,3.706277472,3.779776036464245,0.0734985644642449,1.050068804597155,1,1.52468147153286,1,2.064054646969362,1,1.4436711702900702,1,1.4436711702900702,957.12682102396,1.52468147153286
8579,8573,3.660960292,3.507716054093618,0.153244237906382,1.050068804597155,1,1.52468147153286,1,2.064054646969362,1,1.4067374915636837,1,1.4067374915636837,845.9175882362093,1.52468147153286
8626,8626,3.123538844,3.447217657147871,0.3236788131478714,1.050068804597155,1,1.52468147153286,1,2.064054646969362,1,1.396974315685524,1,1.396974315685524,914.2294103956023,1.52468147153286
8672,8672,4.698713009,3.8374675456212866,0.8612454633787139,1.050068804597155,0,1.52468147153286,0,2.064054646969362,1,1.2772543466825281,0,5.7296201474315245,422.3043963231232,3.5027760237785373
8697,8697,5.204582531,3.612294098536677,1.5922884324633233,1.050068804597155,0,1.52468147153286,0,2.064054646969362,0,1.5737498636462122,0,17.682019876450557,239.9513988507185,18.123635405470722
8706,8542,3.409907775,3.2801838093075943,0.1297239656924058,1.050068804597155,1,1.52468147153286,1,2.064054646969362,1,1.4519737566165158,1,1.4519737566165158,667.47624547075,1.52468147153286
8724,2605,4.068787421,4.030970315091713,0.037817105908287,1.050068804597155,1,1.52468147153286,1,2.064054646969362,1,1.4892488918669606,1,1.4892488918669606,1003.0118447255637,1.52468147153286
8733,8733,2.799838324,3.27820937430321,0.4783710503032101,1.050068804597155,1,1.52468147153286,1,2.064054646969362,1,1.2934848125288436,1,1.2934848125288436,881.3648414875488,1.52468147153286
8749,8749,4.126157393,3.803489811543066,0.3226675814569337,1.050068804597155,1,1.52468147153286,1,2.064054646969362,1,1.0995381788529448,1,1.0995381788529448,687.1025378791471,1.52468147153286
8751,8749,4.005847749,3.878527432159555,0.1273203168404451,1.050068804597155,1,1.52468147153286,1,2.064054646969362,1,1.2284225834212013,1,1.2284225834212013,848.333708600493,1.52468147153286
8753,8749,4.194117946,3.8064858763863825,0.3876320696136179,1.050068804597155,1,1.52468147153286,1,2.064054646969362,1,1.1574151242489146,1,1.1574151242489146,690.772198312543,1.52468147153286
8766,8766,3.85275352,3.914299946243436,0.0615464262434364,1.050068804597155,1,1.52468147153286,1,2.064054646969362,1,1.2203379168254198,1,1.2203379168254198,935.1454219988714,1.52468147153286
8780,8780,2.502979503,2.6602086486254786,0.1572291456254784,1.050068804597155,1,1.52468147153286,1,2.064054646969362,1,1.7753279157393127,1,1.7753279157393127,442.5983660053402,1.52468147153286
8789,8789,4.142792128,4.8934400792411346,0.7506479512411346,1.050068804597155,0,1.52468147153286,1,2.064054646969362,1,1.5812013882021647,1,1.5812013882021647,420.8640770225312,1.52468147153286
8792,8542,3.397187444,3.606904907801696,0.2097174638016956,1.050068804597155,1,1.52468147153286,1,2.064054646969362,1,1.4001985286173522,1,1.4001985286173522,799.8756299444564,1.52468147153286
8801,8801,3.741886624,3.472019431989462,0.2698671920105382,1.050068804597155,1,1.52468147153286,1,2.064054646969362,1,1.4525690956558748,1,1.4525690956558748,1017.9089186731708,1.52468147153286
8813,8813,3.793998139,3.5785125286117965,0.2154856103882036,1.050068804597155,1,1.52468147153286,1,2.064054646969362,1,1.4937082731960718,1,1.4937082731960718,1020.6398305382055,1.52468147153286
8821,8821,3.766856293,3.7964062841865114,0.0295499911865113,1.050068804597155,1,1.52468147153286,1,2.064054646969362,1,1.3796985342264385,1,1.3796985342264385,787.6680431648895,1.52468147153286
8822,8821,3.816104844,3.813406278742397,0.002698565257603,1.050068804597155,1,1.52468147153286,1,2.064054646969362,1,1.3796985342264385,1,1.3796985342264385,756.4859024304039,1.52468147153286
8856,8856,2.656760965,3.4123816958727664,0.7556207308727663,1.050068804597155,0,1.52468147153286,1,2.064054646969362,1,1.766601315707975,1,1.766601315707975,492.13511639225993,1.52468147153286
8861,669,3.799737828,3.4397700931029505,0.3599677348970496,1.050068804597155,1,1.52468147153286,1,2.064054646969362,1,1.2871845430913194,1,1.2871845430913194,731.3063943594692,1.52468147153286
8868,8868,3.490542169,4.051310601588479,0.5607684325884796,1.050068804597155,0,1.52468147153286,1,2.064054646969362,1,1.140124566750619,1,1.140124566750619,725.2143393390361,1.52468147153286
8869,8868,4.183672971,3.778015126194683,0.4056578448053169,1.050068804597155,1,1.52468147153286,1,2.064054646969362,1,1.2772543466825281,1,1.2772543466825281,893.2450096334965,1.52468147153286
8870,8868,4.285193262,3.921700824041721,0.3634924379582789,1.050068804597155,1,1.52468147153286,1,2.064054646969362,1,1.1574151242489146,1,1.1574151242489146,625.2366176089358,1.52468147153286
8871,8868,3.795249328,3.7386736818102984,0.0565756461897017,1.050068804597155,1,1.52468147153286,1,2.064054646969362,1,1.3048305606716362,1,1.3048305606716362,991.2592775657196,1.52468147153286
8872,8868,3.523021994,3.642919880869663,0.1198978868696629,1.050068804597155,1,1.52468147153286,1,2.064054646969362,1,1.1574151242489146,1,1.1574151242489146,620.2665517429788,1.52468147153286
8890,8890,3.243454771,3.4283229371276325,0.1848681661276323,1.050068804597155,1,1.52468147153286,1,2.064054646969362,1,1.6893437225412633,1,1.6893437225412633,259.73182239428223,1.52468147153286
8895,6276,3.584759168,3.632414700900396,0.047655532900396,1.050068804597155,1,1.52468147153286,1,2.064054646969362,1,1.396974315685524,1,1.396974315685524,960.9238951137777,1.52468147153286
8907,8907,1.40519866,2.5462785213316605,1.1410798613316606,1.050068804597155,0,1.52468147153286,0,2.064054646969362,0,1.7632702484448357,0,6.952164990629691,80.73416885723557,9.099463982837472
8908,8908,4.002164518,3.7787319864703246,0.2234325315296752,1.050068804597155,1,1.52468147153286,1,2.064054646969362,1,1.1964387702367638,1,1.1964387702367638,902.3119901061249,1.52468147153286
8919,4619,4.779433282,3.9404707421910175,0.8389625398089828,1.050068804597155,0,1.52468147153286,0,2.064054646969362,1,1.4820917832292722,0,3.4404247471162073,697.929031351088,3.0571175523839162
8939,8939,2.621685085,3.1253943571690703,0.5037092721690701,1.050068804597155,1,1.52468147153286,1,2.064054646969362,1,1.429650291237051,1,1.429650291237051,971.9242934021287,1.52468147153286
8948,8948,3.638038811,3.776288645648468,0.1382498346484677,1.050068804597155,1,1.52468147153286,1,2.064054646969362,1,1.2772543466825281,1,1.2772543466825281,766.0047520921144,1.52468147153286
8949,8948,4.06577172,4.009019326470294,0.056752393529706,1.050068804597155,1,1.52468147153286,1,2.064054646969362,1,1.2860939569318397,1,1.2860939569318397,789.5772434450372,1.52468147153286
8954,3203,3.741001324,3.443233243325273,0.2977680806747269,1.050068804597155,1,1.52468147153286,1,2.064054646969362,1,1.4519737566165158,1,1.4519737566165158,523.8655057436412,1.52468147153286
8970,616,2.515644417,3.341412343971701,0.8257679269717011,1.050068804597155,0,1.52468147153286,0,2.064054646969362,1,1.7753279157393127,1,1.7753279157393127,398.2224506520803,2.7932252956382815
8991,8991,2.169883336,3.227103445125827,1.057220109125827,1.050068804597155,0,1.52468147153286,0,2.064054646969362,0,1.979837274846932,0,3.3258667088941545,270.16598281665193,7.422268938720801
8992,8992,3.542233936,3.2541196297201815,0.2881143062798186,1.050068804597155,1,1.52468147153286,1,2.064054646969362,1,1.6348515981018181,1,1.6348515981018181,597.5629100821646,1.52468147153286
8993,8993,3.649901214,3.5761348182971404,0.0737663957028593,1.050068804597155,1,1.52468147153286,1,2.064054646969362,1,1.3687780642358547,1,1.3687780642358547,964.6816223069609,1.52468147153286
8994,8994,3.873137842,3.7659402381072145,0.1071976038927857,1.050068804597155,1,1.52468147153286,1,2.064054646969362,1,1.2934848125288436,1,1.2934848125288436,773.6588052110753,1.52468147153286
9015,6312,4.139826632,3.730346254977841,0.4094803770221591,1.050068804597155,1,1.52468147153286,1,2.064054646969362,1,1.329605484588213,1,1.329605484588213,932.6732957529306,1.52468147153286
9032,9032,4.301789347,4.093840497274769,0.2079488497252306,1.050068804597155,1,1.52468147153286,1,2.064054646969362,1,1.7746642911833757,1,1.7746642911833757,611.3726616044984,1.52468147153286
9042,1958,3.035409724,3.1932308154028384,0.1578210914028384,1.050068804597155,1,1.52468147153286,1,2.064054646969362,1,1.6521075139563504,1,1.6521075139563504,681.6750781525717,1.52468147153286
9045,6312,4.278438755,3.953555943314881,0.3248828116851188,1.050068804597155,1,1.52468147153286,1,2.064054646969362,1,1.102710936723887,1,1.102710936723887,485.8922318551236,1.52468147153286
9046,6312,4.501460662,3.895135005720431,0.6063256562795694,1.050068804597155,0,1.52468147153286,1,2.064054646969362,1,1.102710936723887,0,2.2021146950764043,451.4095307194974,1.52468147153286
9048,9048,3.619190366,3.910629344113495,0.2914389781134949,1.050068804597155,1,1.52468147153286,1,2.064054646969362,1,1.329605484588213,1,1.329605484588213,1010.1286927550381,1.52468147153286
9057,9057,3.745697667,3.974323748467129,0.2286260814671292,1.050068804597155,1,1.52468147153286,1,2.064054646969362,1,1.1964387702367638,1,1.1964387702367638,683.9975322016187,1.52468147153286
9059,9057,4.068075975,4.004612236905031,0.0634637380949687,1.050068804597155,1,1.52468147153286,1,2.064054646969362,1,1.1815882753057325,1,1.1815882753057325,736.2385429653798,1.52468147153286
9086,9086,3.110440291,3.2478613885674736,0.1374210975674734,1.050068804597155,1,1.52468147153286,1,2.064054646969362,1,1.6521075139563504,1,1.6521075139563504,619.7487432473977,1.52468147153286
9088,9088,4.214913198,3.6972266724100513,0.5176865255899483,1.050068804597155,1,1.52468147153286,1,2.064054646969362,1,1.3834143289291232,1,1.3834143289291232,1088.0088115667809,1.52468147153286
9097,9097,3.04963144,3.514317186226184,0.4646857462261837,1.050068804597155,1,1.52468147153286,1,2.064054646969362,1,1.423361558271015,1,1.423361558271015,1137.9634804712794,1.52468147153286
9098,9098,3.322717414,3.746149714648485,0.4234323006484848,1.050068804597155,1,1.52468147153286,1,2.064054646969362,1,1.4589678116174616,1,1.4589678116174616,1042.4532262250923,1.52468147153286
9162,9162,3.683916622,3.6762876300662777,0.0076289919337222,1.050068804597155,1,1.52468147153286,1,2.064054646969362,1,1.6309639547093955,1,1.6309639547093955,438.77424993406197,1.52468147153286
9168,9168,3.498430026,3.690874092589582,0.1924440665895828,1.050068804597155,1,1.52468147153286,1,2.064054646969362,1,1.4067374915636837,1,1.4067374915636837,897.0563992217494,1.52468147153286
9172,9172,3.607923604,3.8780946823699622,0.2701710783699629,1.050068804597155,1,1.52468147153286,1,2.064054646969362,1,1.3796985342264385,1,1.3796985342264385,1040.658522657018,1.52468147153286
9178,734,3.607842932,3.2453066065885814,0.3625363254114186,1.050068804597155,1,1.52468147153286,1,2.064054646969362,1,1.4982305036798973,1,1.4982305036798973,547.0877542485989,1.52468147153286
9211,9211,1.983258333,3.2952942479999416,1.3120359149999417,1.050068804597155,0,1.52468147153286,0,2.064054646969362,0,1.4975989965576506,0,12.762327330979977,226.23011349094082,12.518585056203092
9212,9212,4.693742578,3.672355904569956,1.0213866734300443,1.050068804597155,0,1.52468147153286,0,2.064054646969362,1,1.423361558271015,0,7.61747944416175,847.980574424085,6.705600224805146
9282,9282,3.807908336,3.843519250369772,0.0356109143697715,1.050068804597155,1,1.52468147153286,1,2.064054646969362,1,1.140124566750619,1,1.140124566750619,628.9702092842364,1.52468147153286
9284,9284,2.944057492,2.7319018591907787,0.2121556328092215,1.050068804597155,1,1.52468147153286,1,2.064054646969362,1,1.5369991640953309,1,1.5369991640953309,892.6529339175605,1.52468147153286
9290,9290,3.34324065,3.343503795810073,0.0002631458100732,1.050068804597155,1,1.52468147153286,1,2.064054646969362,1,1.2726043912951397,1,1.2726043912951397,149.58939410436085,1.52468147153286
9314,640,1.906632087,2.238217515018416,0.331585428018416,1.050068804597155,1,1.52468147153286,1,2.064054646969362,1,1.4370024809237814,1,1.4370024809237814,136.48420370358906,1.52468147153286
9315,1023,3.517200612,3.459406052844567,0.0577945591554329,1.050068804597155,1,1.52468147153286,1,2.064054646969362,1,1.4421221644499145,1,1.4421221644499145,714.3727637784078,1.52468147153286
9320,9320,3.28800668,4.062225498833608,0.7742188188336079,1.050068804597155,0,1.52468147153286,0,2.064054646969362,1,1.4375515506991992,0,2.546412420379365,796.7631699091986,1.7622431328764172
9336,9336,4.144509544,3.5617832824633444,0.5827262615366555,1.050068804597155,0,1.52468147153286,1,2.064054646969362,1,1.4553805109797686,1,1.4553805109797686,1006.5321696982949,1.52468147153286
9340,7624,3.845470133,4.048065708110819,0.202595575110819,1.050068804597155,1,1.52468147153286,1,2.064054646969362,1,1.4067374915636837,1,1.4067374915636837,1123.5692645546633,1.52468147153286
9349,9349,3.806007209,4.096137248050404,0.2901300390504038,1.050068804597155,1,1.52468147153286,1,2.064054646969362,1,1.2661449876661628,1,1.2661449876661628,460.40782055512614,1.52468147153286
9350,9350,3.646311809,3.2559254074409107,0.3903864015590894,1.050068804597155,1,1.52468147153286,1,2.064054646969362,1,1.3687780642358547,1,1.3687780642358547,671.9906443220038,1.52468147153286
9351,9350,4.132394452,3.45848979878067,0.6739046532193291,1.050068804597155,0,1.52468147153286,1,2.064054646969362,1,1.2693643667630692,0,2.05381376351896,470.7514329444425,1.52468147153286
9352,9352,3.89460525,3.5097632871131954,0.3848419628868047,1.050068804597155,1,1.52468147153286,1,2.064054646969362,1,1.5116059835850626,1,1.5116059835850626,984.8232652357588,1.52468147153286
9357,9357,3.85749649,4.1801876801437805,0.3226911901437805,1.050068804597155,1,1.52468147153286,1,2.064054646969362,1,1.380612816172353,1,1.380612816172353,523.9807693781642,1.52468147153286
9359,9359,4.264940246,4.11314613917806,0.1517941068219404,1.050068804597155,1,1.52468147153286,1,2.064054646969362,1,1.3910522890513155,1,1.3910522890513155,933.2209804770334,1.52468147153286
9371,7624,4.063630325,3.9485299216470304,0.1151004033529696,1.050068804597155,1,1.52468147153286,1,2.064054646969362,1,1.3910522890513155,1,1.3910522890513155,1089.2256919641206,1.52468147153286
9372,7624,4.044972156,4.01141913257788,0.0335530234221197,1.050068804597155,1,1.52468147153286,1,2.064054646969362,1,1.3910522890513155,1,1.3910522890513155,1098.0332862902515,1.52468147153286
9385,7624,3.853832647,3.864540587116971,0.0107079401169709,1.050068804597155,1,1.52468147153286,1,2.064054646969362,1,1.4553805109797686,1,1.4553805109797686,1029.9056008461632,1.52468147153286
9388,9388,3.733018837,3.7815051631651366,0.0484863261651367,1.050068804597155,1,1.52468147153286,1,2.064054646969362,1,1.4589678116174616,1,1.4589678116174616,1016.7410656131423,1.52468147153286
9407,1770,4.403496996,3.3300027583134786,1.0734942376865215,1.050068804597155,0,1.52468147153286,0,2.064054646969362,0,1.2693643667630692,0,10.045605452862807,660.8875797753373,7.74775150993469
9408,7624,4.06047839,3.924610082807704,0.1358683071922963,1.050068804597155,1,1.52468147153286,1,2.064054646969362,1,1.3687780642358547,1,1.3687780642358547,1093.0364618057247,1.52468147153286
9410,9410,3.754573562,3.4743169206918214,0.2802566413081786,1.050068804597155,1,1.52468147153286,1,2.064054646969362,1,1.692535950084464,1,1.692535950084464,124.46365622514361,1.52468147153286
9424,6904,4.014831238,3.711157566660498,0.303673671339502,1.050068804597155,1,1.52468147153286,1,2.064054646969362,1,1.1597138134038474,1,1.1597138134038474,576.0321721796653,1.52468147153286
9442,9442,3.42202633,3.0566904060596953,0.3653359239403047,1.050068804597155,1,1.52468147153286,1,2.064054646969362,1,1.5116059835850626,1,1.5116059835850626,983.6613262746295,1.52468147153286
9469,4879,6.175493258,3.855630792623722,2.3198624653762785,1.050068804597155,0,1.52468147153286,0,2.064054646969362,0,1.9279260795578497,0,29.045914591504925,164.73083181159612,32.67511606372983
9471,4879,6.518426195,3.942493060621547,2.5759331343784524,1.050068804597155,0,1.52468147153286,0,2.064054646969362,0,1.9279260795578497,0,34.1673279715484,161.16984930232894,37.79652944377331
9497,3056,4.22868774,4.625018840018363,0.3963311000183633,1.050068804597155,1,1.52468147153286,1,2.064054646969362,1,1.4421221644499145,1,1.4421221644499145,939.3959721942732,1.52468147153286
9518,3056,3.500184096,4.167113708377627,0.6669296123776274,1.050068804597155,0,1.52468147153286,1,2.064054646969362,1,1.5116059835850626,1,1.5116059835850626,855.1360350524659,1.52468147153286
9526,4855,4.030163274,3.9096305351158263,0.1205327388841737,1.050068804597155,1,1.52468147153286,1,2.064054646969362,1,1.1392329390311247,1,1.1392329390311247,796.1750597635909,1.52468147153286
9549,9549,3.685075337,3.5044950886446133,0.1805802483553864,1.050068804597155,1,1.52468147153286,1,2.064054646969362,1,1.329605484588213,1,1.329605484588213,1042.3141154670325,1.52468147153286
9556,9556,3.811089904,3.8478253483005154,0.0367354443005152,1.050068804597155,1,1.52468147153286,1,2.064054646969362,1,1.1574151242489146,1,1.1574151242489146,627.7627482340819,1.52468147153286
9559,9559,3.874951377,3.881387463670034,0.0064360866700341,1.050068804597155,1,1.52468147153286,1,2.064054646969362,1,1.1597138134038474,1,1.1597138134038474,563.9221538190145,1.52468147153286
9560,9560,4.042053494,3.9904704409656264,0.0515830530343737,1.050068804597155,1,1.52468147153286,1,2.064054646969362,1,1.1597138134038474,1,1.1597138134038474,555.299475155466,1.52468147153286
9569,9569,3.969676783,4.087942359897578,0.1182655768975782,1.050068804597155,1,1.52468147153286,1,2.064054646969362,1,1.4937082731960718,1,1.4937082731960718,335.89521532100775,1.52468147153286
9570,9569,4.276690253,3.8584461890112385,0.4182440639887614,1.050068804597155,1,1.52468147153286,1,2.064054646969362,1,1.4067374915636837,1,1.4067374915636837,419.8028136811226,1.52468147153286
9598,811,3.746749016,4.026324740104742,0.2795757241047418,1.050068804597155,1,1.52468147153286,1,2.064054646969362,1,1.0874971530866526,1,1.0874971530866526,429.51902694411393,1.52468147153286
9603,811,3.887954704,3.7435096831625905,0.1444450208374097,1.050068804597155,1,1.52468147153286,1,2.064054646969362,1,1.2284225834212013,1,1.2284225834212013,589.6521810099669,1.52468147153286
9604,811,3.972866497,3.8238914811637215,0.1489750158362786,1.050068804597155,1,1.52468147153286,1,2.064054646969362,1,1.1846887263249224,1,1.1846887263249224,586.7488499148018,1.52468147153286
9608,6120,3.747327045,3.922891072715536,0.1755640277155361,1.050068804597155,1,1.52468147153286,1,2.064054646969362,1,1.2698910922360431,1,1.2698910922360431,987.2529158016443,1.52468147153286
9609,3056,4.173653992,4.415729516340658,0.2420755243406578,1.050068804597155,1,1.52468147153286,1,2.064054646969362,1,1.4820917832292722,1,1.4820917832292722,891.6256303820192,1.52468147153286
9614,9614,3.490682538,3.1264678077805197,0.3642147302194805,1.050068804597155,1,1.52468147153286,1,2.064054646969362,1,1.4001985286173522,1,1.4001985286173522,727.897090248106,1.52468147153286
9640,9640,4.463534178,4.169379010603973,0.2941551673960267,1.050068804597155,1,1.52468147153286,1,2.064054646969362,1,1.5369991640953309,1,1.5369991640953309,804.2392874949246,1.52468147153286
9644,9644,3.820000606,4.239196356767655,0.4191957507676553,1.050068804597155,1,1.52468147153286,1,2.064054646969362,1,1.5939435130736062,1,1.5939435130736062,750.8840730634254,1.52468147153286
9682,746,3.0027962,3.4542716698065656,0.4514754698065655,1.050068804597155,1,1.52468147153286,1,2.064054646969362,1,1.181803694468055,1,1.181803694468055,728.964116000902,1.52468147153286
9683,746,2.995801713,3.4137225338175496,0.4179208208175495,1.050068804597155,1,1.52468147153286,1,2.064054646969362,1,1.1416188265230973,1,1.1416188265230973,647.1081807696762,1.52468147153286
9713,9713,3.663793345,3.8079168236402614,0.1441234786402612,1.050068804597155,1,1.52468147153286,1,2.064054646969362,1,1.5072520957078765,1,1.5072520957078765,1017.7535613079407,1.52468147153286
9726,9726,4.391167072,3.9633550536868296,0.4278120183131704,1.050068804597155,1,1.52468147153286,1,2.064054646969362,1,1.6211267466279642,1,1.6211267466279642,886.7401531775685,1.52468147153286
9739,2912,3.937980564,4.131646465180045,0.1936659011800445,1.050068804597155,1,1.52468147153286,1,2.064054646969362,1,1.2807129586479924,1,1.2807129586479924,599.0689876836847,1.52468147153286
9742,9742,3.704971617,3.6331539594232543,0.0718176575767453,1.050068804597155,1,1.52468147153286,1,2.064054646969362,1,1.5157978181117926,1,1.5157978181117926,1010.5679251958147,1.52468147153286
9744,9744,3.708333069,3.6434055003860015,0.0649275686139985,1.050068804597155,1,1.52468147153286,1,2.064054646969362,1,1.6275620547016976,1,1.6275620547016976,897.9733859122861,1.52468147153286
9745,9745,2.586474779,3.0059622751545936,0.4194874961545936,1.050068804597155,1,1.52468147153286,1,2.064054646969362,1,1.572992217236905,1,1.572992217236905,202.6160029863417,1.52468147153286
9746,9745,2.907472784,3.227254644394979,0.3197818603949796,1.050068804597155,1,1.52468147153286,1,2.064054646969362,1,1.52468147153286,1,1.52468147153286,201.39146820927365,1.52468147153286
9747,1961,2.863269122,3.175376794579438,0.3121076725794376,1.050068804597155,1,1.52468147153286,1,2.064054646969362,1,1.52468147153286,1,1.52468147153286,202.60552404251706,1.52468147153286
9748,9745,2.682532958,3.1421472087310516,0.4596142507310516,1.050068804597155,1,1.52468147153286,1,2.064054646969362,1,1.52468147153286,1,1.52468147153286,210.535082076483,1.52468147153286
9751,9751,4.12371619,4.040673998191593,0.0830421918084063,1.050068804597155,1,1.52468147153286,1,2.064054646969362,1,1.5816531760856094,1,1.5816531760856094,754.158417333161,1.52468147153286
9752,8394,3.552237022,3.551682714577474,0.0005543074225258,1.050068804597155,1,1.52468147153286,1,2.064054646969362,1,1.6573110137528522,1,1.6573110137528522,747.3688785164408,1.52468147153286
9755,4855,4.184678815,3.834424578405201,0.3502542365947989,1.050068804597155,1,1.52468147153286,1,2.064054646969362,1,1.2726043912951397,1,1.2726043912951397,663.0817855708935,1.52468147153286
9767,9767,4.349754784,4.229612322073943,0.1201424619260569,1.050068804597155,1,1.52468147153286,1,2.064054646969362,1,1.5939435130736062,1,1.5939435130736062,805.5300803155615,1.52468147153286
9768,999,4.751099394,3.981999280321028,0.7691001136789719,1.050068804597155,0,1.52468147153286,0,2.064054646969362,1,1.5369991640953309,0,1.5490097967214602,871.0017933043248,1.6598690297836978
9775,3056,4.19520429,4.3421796996541016,0.1469754096541011,1.050068804597155,1,1.52468147153286,1,2.064054646969362,1,1.407223166139615,1,1.407223166139615,927.2288685386984,1.52468147153286
9781,9751,3.802967184,4.035559521668845,0.2325923376688452,1.050068804597155,1,1.52468147153286,1,2.064054646969362,1,1.6377856258303867,1,1.6377856258303867,759.6685392217798,1.52468147153286
9810,9810,3.812343867,4.0010886513855635,0.1887447843855634,1.050068804597155,1,1.52468147153286,1,2.064054646969362,1,1.5072520957078765,1,1.5072520957078765,636.8003929198259,1.52468147153286
9819,4621,4.052302683,3.8874416034840977,0.1648610795159024,1.050068804597155,1,1.52468147153286,1,2.064054646969362,1,1.528315866071181,1,1.528315866071181,740.9605811851378,1.52468147153286
9838,9838,3.586886563,3.6611785146884546,0.0742919516884543,1.050068804597155,1,1.52468147153286,1,2.064054646969362,1,1.3796985342264385,1,1.3796985342264385,1112.976026057116,1.52468147153286
9850,9850,3.476810106,3.545190362106118,0.0683802561061179,1.050068804597155,1,1.52468147153286,1,2.064054646969362,1,1.3262869340924492,1,1.3262869340924492,829.1833433966866,1.52468147153286
9862,9862,2.899347773,3.0748248984378357,0.1754771254378355,1.050068804597155,1,1.52468147153286,1,2.064054646969362,1,1.6275620547016976,1,1.6275620547016976,889.6545783217542,1.52468147153286
9883,9883,4.145538236,4.2245048851434435,0.0789666491434433,1.050068804597155,1,1.52468147153286,1,2.064054646969362,1,1.2772543466825281,1,1.2772543466825281,988.410136187391,1.52468147153286
9884,9883,3.528114185,3.920021072710224,0.3919068877102236,1.050068804597155,1,1.52468147153286,1,2.064054646969362,1,1.366053020600332,1,1.366053020600332,957.9271861151174,1.52468147153286
9885,9883,3.693572478,4.089928113426434,0.3963556354264339,1.050068804597155,1,1.52468147153286,1,2.064054646969362,1,1.3945897224156516,1,1.3945897224156516,1079.8116451655096,1.52468147153286
9886,9883,4.101334573,4.367206923140844,0.2658723501408442,1.050068804597155,1,1.52468147153286,1,2.064054646969362,1,1.2860939569318397,1,1.2860939569318397,1018.7337763212065,1.52468147153286
9887,9883,4.461857468,4.382701922397669,0.0791555456023305,1.050068804597155,1,1.52468147153286,1,2.064054646969362,1,1.2817654905240419,1,1.2817654905240419,1020.335046692633,1.52468147153286
9888,9883,3.964307337,4.470229523375058,0.5059221863750576,1.050068804597155,1,1.52468147153286,1,2.064054646969362,1,1.173756085937451,1,1.173756085937451,692.0012865838087,1.52468147153286
9889,9883,3.432422971,3.9507936534660137,0.5183706824660135,1.050068804597155,1,1.52468147153286,1,2.064054646969362,1,1.3048305606716362,1,1.3048305606716362,1058.9298939218081,1.52468147153286
9890,9883,4.194756258,4.412348735499062,0.2175924774990623,1.050068804597155,1,1.52468147153286,1,2.064054646969362,1,1.2860939569318397,1,1.2860939569318397,943.7987042398315,1.52468147153286
9891,9883,3.683596719,3.709018425801048,0.025421706801048,1.050068804597155,1,1.52468147153286,1,2.064054646969362,1,1.429650291237051,1,1.429650291237051,865.4724621130135,1.52468147153286
9892,9883,4.614972662,4.397155225241038,0.2178174367589616,1.050068804597155,1,1.52468147153286,1,2.064054646969362,1,1.4375515506991992,1,1.4375515506991992,1086.8274526561422,1.52468147153286
9893,9883,4.057196823,4.188269195480083,0.1310723724800828,1.050068804597155,1,1.52468147153286,1,2.064054646969362,1,1.3048305606716362,1,1.3048305606716362,1119.4322831150437,1.52468147153286
9894,9883,4.2693795,4.243853730673697,0.0255257693263031,1.050068804597155,1,1.52468147153286,1,2.064054646969362,1,1.2871845430913194,1,1.2871845430913194,1086.7454644319807,1.52468147153286
9895,9883,3.855609385,3.935319532718424,0.0797101477184236,1.050068804597155,1,1.52468147153286,1,2.064054646969362,1,1.5020973847507406,1,1.5020973847507406,841.711203376411,1.52468147153286
9897,9883,3.87787907,4.261827089866823,0.3839480198668226,1.050068804597155,1,1.52468147153286,1,2.064054646969362,1,1.2871845430913194,1,1.2871845430913194,1041.7736659543461,1.52468147153286
9899,9883,3.843216002,4.081527337979644,0.2383113359796436,1.050068804597155,1,1.52468147153286,1,2.064054646969362,1,1.3037611841998897,1,1.3037611841998897,1116.8897694627208,1.52468147153286
9900,9883,3.275819079,3.739718360757516,0.463899281757516,1.050068804597155,1,1.52468147153286,1,2.064054646969362,1,1.3354862399578504,1,1.3354862399578504,1023.033143326195,1.52468147153286
9907,8351,2.696937644,3.2648244068963597,0.5678867628963595,1.050068804597155,0,1.52468147153286,1,2.064054646969362,1,1.6573110137528522,1,1.6573110137528522,710.1708482897109,1.52468147153286
9911,9911,1.595776108,2.620909199694765,1.025133091694765,1.050068804597155,0,1.52468147153286,0,2.064054646969362,1,1.7753279157393127,0,4.524710592241485,441.4791344327177,6.780528590099559
9917,9917,4.359616223,4.067113247834086,0.292502975165914,1.050068804597155,1,1.52468147153286,1,2.064054646969362,1,1.181803694468055,1,1.181803694468055,494.7375768809429,1.52468147153286
9931,9931,4.646667862,5.498548599449951,0.8518807374499504,1.050068804597155,0,1.52468147153286,0,2.064054646969362,1,1.2871845430913194,0,5.452953861177134,790.562012813377,3.315481505203268
9933,9933,4.53112282,4.465942556273731,0.065180263726269,1.050068804597155,1,1.52468147153286,1,2.064054646969362,1,1.2358654909256312,1,1.2358654909256312,556.1375870769826,1.52468147153286
9934,9934,4.599190705,4.3800603433650815,0.2191303616349182,1.050068804597155,1,1.52468147153286,1,2.064054646969362,1,1.1574151242489146,1,1.1574151242489146,631.6041139010152,1.52468147153286
9936,9934,4.53190789,4.361590676024639,0.1703172139753617,1.050068804597155,1,1.52468147153286,1,2.064054646969362,1,1.1597138134038474,1,1.1597138134038474,694.0576841692443,1.52468147153286
9945,9945,2.957563828,3.4883077139602334,0.5307438859602334,1.050068804597155,0,1.52468147153286,1,2.064054646969362,1,1.6334237079661191,1,1.6334237079661191,582.2309265170402,1.52468147153286
9947,9767,4.089146735,4.010407706675734,0.0787390283242661,1.050068804597155,1,1.52468147153286,1,2.064054646969362,1,1.5157978181117926,1,1.5157978181117926,938.0168388861501,1.52468147153286
9948,9948,5.384675364,5.503388206562822,0.1187128425628225,1.050068804597155,1,1.52468147153286,1,2.064054646969362,1,1.5116059835850626,1,1.5116059835850626,827.4518183828437,1.52468147153286
9950,9767,4.311443196,4.095963646918099,0.215479549081901,1.050068804597155,1,1.52468147153286,1,2.064054646969362,1,1.5095461980813774,1,1.5095461980813774,916.7555497062233,1.52468147153286
9955,9955,3.950570141,3.9823118821019015,0.0317417411019014,1.050068804597155,1,1.52468147153286,1,2.064054646969362,1,1.0788291633046407,1,1.0788291633046407,627.4352219829257,1.52468147153286
9963,9963,4.800227451,4.239547959565543,0.5606794914344562,1.050068804597155,0,1.52468147153286,1,2.064054646969362,1,1.5157978181117926,1,1.5157978181117926,971.8726320948582,1.52468147153286
9966,9966,4.017612807,4.1151515077438665,0.0975387007438666,1.050068804597155,1,1.52468147153286,1,2.064054646969362,1,1.5812013882021647,1,1.5812013882021647,851.41338541817,1.52468147153286
9970,9970,5.310969304,5.6832562896759296,0.3722869856759292,1.050068804597155,1,1.52468147153286,1,2.064054646969362,1,1.4928188003459582,1,1.4928188003459582,645.105604361813,1.52468147153286
9979,9767,4.199556681,4.2819665046179045,0.0824098236179047,1.050068804597155,1,1.52468147153286,1,2.064054646969362,1,1.5157978181117926,1,1.5157978181117926,913.809094701024,1.52468147153286
9981,9981,4.123786329,4.362558664897489,0.2387723358974893,1.050068804597155,1,1.52468147153286,1,2.064054646969362,1,1.5626288932031063,1,1.5626288932031063,770.5292482465367,1.52468147153286
9998,2302,1.898562869,2.58613145140561,0.6875685824056101,1.050068804597155,0,1.52468147153286,1,2.064054646969362,1,1.4982305036798973,1,1.4982305036798973,291.6217526874845,1.52468147153286
10000,4855,4.086733448,4.149440060319508,0.0627066123195074,1.050068804597155,1,1.52468147153286,1,2.064054646969362,1,1.2693643667630692,1,1.2693643667630692,470.2771180062825,1.52468147153286
10005,4855,4.014369007,4.002125650980769,0.0122433560192307,1.050068804597155,1,1.52468147153286,1,2.064054646969362,1,1.0211578452186538,1,1.0211578452186538,315.56314059520173,1.52468147153286
10014,10014,4.001837035,4.0664119922218855,0.0645749572218852,1.050068804597155,1,1.52468147153286,1,2.064054646969362,1,1.1574151242489146,1,1.1574151242489146,655.8348054691484,1.52468147153286
10022,4855,4.09169561,4.10751603227495,0.0158204222749498,1.050068804597155,1,1.52468147153286,1,2.064054646969362,1,1.1597138134038474,1,1.1597138134038474,567.1732694113546,1.52468147153286
10024,10024,3.547710725,3.7752025530677824,0.2274918280677824,1.050068804597155,1,1.52468147153286,1,2.064054646969362,1,1.7291046775834538,1,1.7291046775834538,474.0273319055041,1.52468147153286
10034,10034,3.633288174,4.065364714196887,0.4320765401968871,1.050068804597155,1,1.52468147153286,1,2.064054646969362,1,1.4375515506991992,1,1.4375515506991992,1052.2337655546262,1.52468147153286
10041,5671,3.473509909,4.235303566499453,0.7617936574994526,1.050068804597155,0,1.52468147153286,1,2.064054646969362,1,1.630021760176727,1,1.630021760176727,894.9674260082755,1.52468147153286
10042,9970,3.732616951,4.654606730914073,0.9219897799140728,1.050068804597155,0,1.52468147153286,0,2.064054646969362,1,1.5257273445853006,0,4.708249497013751,631.8091803963974,4.717662354485716
10057,5292,3.275986186,3.274104350046086,0.0018818359539141,1.050068804597155,1,1.52468147153286,1,2.064054646969362,1,1.3354862399578504,1,1.3354862399578504,753.8052177067971,1.52468147153286
10058,5292,4.339550811,3.261330538609464,1.0782202723905354,1.050068804597155,0,1.52468147153286,0,2.064054646969362,0,1.3146642260256325,0,9.732427413580016,527.5693048159909,7.842272204014968
10059,5292,4.515057808,3.0757084795375573,1.4393493284624426,1.050068804597155,0,1.52468147153286,0,2.064054646969362,0,1.3398275348484274,0,16.728538755613005,1099.3592906250824,15.064853325453111
10060,5292,4.557790901,3.340600026706634,1.2171908742933657,1.050068804597155,0,1.52468147153286,0,2.064054646969362,0,1.2860939569318397,0,12.768971873480757,601.4765261382696,10.621684242071574
10061,5292,3.560711484,3.342455840578357,0.2182556434216431,1.050068804597155,1,1.52468147153286,1,2.064054646969362,1,1.3321448556530964,1,1.3321448556530964,588.9018473715025,1.52468147153286
10063,5292,3.461531213,3.4851841072791925,0.0236528942791922,1.050068804597155,1,1.52468147153286,1,2.064054646969362,1,1.6309639547093955,1,1.6309639547093955,599.7323781757779,1.52468147153286
10085,9057,3.682414473,3.9704408193846903,0.2880263463846901,1.050068804597155,1,1.52468147153286,1,2.064054646969362,1,1.1574151242489146,1,1.1574151242489146,579.2892430303218,1.52468147153286
10086,9057,3.822563307,3.890316890798904,0.067753583798904,1.050068804597155,1,1.52468147153286,1,2.064054646969362,1,1.2284225834212013,1,1.2284225834212013,743.1611723573121,1.52468147153286
10087,9057,3.717827957,4.029282301914343,0.3114543449143427,1.050068804597155,1,1.52468147153286,1,2.064054646969362,1,1.1964387702367638,1,1.1964387702367638,662.6922683752729,1.52468147153286
10091,9057,3.564870287,3.875116457836338,0.3102461708363377,1.050068804597155,1,1.52468147153286,1,2.064054646969362,1,1.1574151242489146,1,1.1574151242489146,587.9596995275418,1.52468147153286
10094,9057,3.687864733,3.967073064804063,0.279208331804063,1.050068804597155,1,1.52468147153286,1,2.064054646969362,1,1.1964387702367638,1,1.1964387702367638,710.6860128227188,1.52468147153286
10112,10112,4.853567183,4.9454524338731805,0.0918852508731804,1.050068804597155,1,1.52468147153286,1,2.064054646969362,1,1.423361558271015,1,1.423361558271015,1010.0342116759235,1.52468147153286
10114,10114,3.846453549,3.599605409250598,0.2468481397494022,1.050068804597155,1,1.52468147153286,1,2.064054646969362,1,1.1690470098093586,1,1.1690470098093586,613.685316647327,1.52468147153286
10119,10119,2.939013667,2.9151565589914497,0.0238571080085505,1.050068804597155,1,1.52468147153286,1,2.064054646969362,1,1.4001985286173522,1,1.4001985286173522,595.1142091949118,1.52468147153286
10136,4980,4.632310478,4.0138681305116855,0.6184423474883145,1.050068804597155,0,1.52468147153286,1,2.064054646969362,1,1.4982305036798973,1,1.4982305036798973,663.1136171749066,1.52468147153286
10138,4980,3.428610296,3.7022973344140935,0.2736870384140935,1.050068804597155,1,1.52468147153286,1,2.064054646969362,1,1.6348515981018181,1,1.6348515981018181,691.7416204868883,1.52468147153286
10139,10139,3.295089663,3.1836782799851147,0.1114113830148855,1.050068804597155,1,1.52468147153286,1,2.064054646969362,1,1.6348515981018181,1,1.6348515981018181,500.6543544651882,1.52468147153286
10140,10140,3.839792184,3.459709617228542,0.380082566771458,1.050068804597155,1,1.52468147153286,1,2.064054646969362,1,1.5020973847507406,1,1.5020973847507406,630.1136462668553,1.52468147153286
10141,10141,2.789267255,3.0506043814226027,0.2613371264226027,1.050068804597155,1,1.52468147153286,1,2.064054646969362,1,1.4975989965576506,1,1.4975989965576506,305.8372835859449,1.52468147153286
10150,10150,3.73223288,3.749075475631751,0.0168425956317506,1.050068804597155,1,1.52468147153286,1,2.064054646969362,1,1.4553805109797686,1,1.4553805109797686,1000.8900746858772,1.52468147153286
10168,10168,3.09752924,3.589680356025774,0.4921511160257741,1.050068804597155,1,1.52468147153286,1,2.064054646969362,1,1.4421221644499145,1,1.4421221644499145,862.6865440986695,1.52468147153286
10169,5371,2.764754772,3.4154023164523517,0.6506475444523518,1.050068804597155,0,1.52468147153286,1,2.064054646969362,1,1.4525690956558748,1,1.4525690956558748,1031.2701143647669,1.52468147153286
10174,5371,3.871920319,3.6847044312881536,0.1872158877118463,1.050068804597155,1,1.52468147153286,1,2.064054646969362,1,1.4589678116174616,1,1.4589678116174616,623.2146867307686,1.52468147153286
10176,5371,3.882904832,3.707110556694598,0.1757942753054018,1.050068804597155,1,1.52468147153286,1,2.064054646969362,1,1.380612816172353,1,1.380612816172353,797.1873928280503,1.52468147153286
10177,5371,3.795195507,3.7576917032768216,0.0375038037231783,1.050068804597155,1,1.52468147153286,1,2.064054646969362,1,1.3796985342264385,1,1.3796985342264385,775.1829549325191,1.52468147153286
10178,5371,4.148784258,3.724869885937723,0.4239143720622764,1.050068804597155,1,1.52468147153286,1,2.064054646969362,1,1.1574151242489146,1,1.1574151242489146,489.4120188599743,1.52468147153286
10179,5371,3.590044147,4.066954328651635,0.4769101816516348,1.050068804597155,1,1.52468147153286,1,2.064054646969362,1,1.1597138134038474,1,1.1597138134038474,508.5695637201901,1.52468147153286
10180,5371,3.581501657,3.557899830244003,0.0236018267559972,1.050068804597155,1,1.52468147153286,1,2.064054646969362,1,1.302102845045579,1,1.302102845045579,657.010540793983,1.52468147153286
10204,10204,3.091133286,2.7535884352025364,0.3375448507974634,1.050068804597155,1,1.52468147153286,1,2.064054646969362,1,1.5008579996902878,1,1.5008579996902878,708.9565911367414,1.52468147153286
10208,4201,3.972061902,3.806138221732368,0.1659236802676318,1.050068804597155,1,1.52468147153286,1,2.064054646969362,1,1.1964387702367638,1,1.1964387702367638,714.1104809482052,1.52468147153286
10209,4201,4.096951189,3.969096263227783,0.1278549257722172,1.050068804597155,1,1.52468147153286,1,2.064054646969362,1,1.1597138134038474,1,1.1597138134038474,601.6764287391031,1.52468147153286
10210,4201,4.083600223,3.894348346060089,0.1892518769399118,1.050068804597155,1,1.52468147153286,1,2.064054646969362,1,1.1574151242489146,1,1.1574151242489146,526.851124327033,1.52468147153286
10212,4201,3.880266809,3.819221424529781,0.0610453844702196,1.050068804597155,1,1.52468147153286,1,2.064054646969362,1,1.1597138134038474,1,1.1597138134038474,576.2688213647725,1.52468147153286
10227,10227,4.649901214,4.6753545439505775,0.0254533299505776,1.050068804597155,1,1.52468147153286,1,2.064054646969362,1,1.2661449876661628,1,1.2661449876661628,733.1831407914862,1.52468147153286
10236,3203,3.53121881,3.50368399951533,0.0275348104846697,1.050068804597155,1,1.52468147153286,1,2.064054646969362,1,1.4519737566165158,1,1.4519737566165158,587.7743452848605,1.52468147153286
10264,10264,3.008827638,3.619852322462504,0.6110246844625036,1.050068804597155,0,1.52468147153286,1,2.064054646969362,1,1.6451508977236662,1,1.6451508977236662,544.6432909765283,1.52468147153286
10282,5110,3.692917387,3.7654289148343976,0.0725115278343975,1.050068804597155,1,1.52468147153286,1,2.064054646969362,1,1.2203379168254198,1,1.2203379168254198,837.6174813843851,1.52468147153286
10283,5110,3.617163334,3.729261953329411,0.1120986193294113,1.050068804597155,1,1.52468147153286,1,2.064054646969362,1,1.2284225834212013,1,1.2284225834212013,821.549647417549,1.52468147153286
10284,5110,3.317471345,3.533276661646134,0.2158053166461342,1.050068804597155,1,1.52468147153286,1,2.064054646969362,1,1.2807129586479924,1,1.2807129586479924,731.4060883092804,1.52468147153286
10286,5110,3.708243803,3.78928861039376,0.0810448073937606,1.050068804597155,1,1.52468147153286,1,2.064054646969362,1,1.2203379168254198,1,1.2203379168254198,862.2031520806484,1.52468147153286
10321,10321,3.985717553,4.242177546278702,0.2564599932787019,1.050068804597155,1,1.52468147153286,1,2.064054646969362,1,1.52468147153286,1,1.52468147153286,28.40657220009049,1.52468147153286
10339,10339,1.528572396,3.5932297155557915,2.0646573195557916,1.050068804597155,0,1.52468147153286,0,2.064054646969362,0,1.784658526383998,0,25.23121965365985,373.5922822003805,27.571013147320087
10342,10342,3.529175464,3.9198439928561815,0.3906685288561813,1.050068804597155,1,1.52468147153286,1,2.064054646969362,1,1.2772543466825281,1,1.2772543466825281,694.6371086238477,1.52468147153286
10343,10343,4.822424068,4.136673738306825,0.6857503296931755,1.050068804597155,0,1.52468147153286,1,2.064054646969362,1,1.52468147153286,1,1.52468147153286,1.0,1.52468147153286
10347,9970,4.136186617,5.054638857077959,0.9184522400779588,1.050068804597155,0,1.52468147153286,0,2.064054646969362,1,1.5257273445853006,0,4.63749870029147,634.2073215417197,4.646911557763435
10380,10380,3.454023492,3.228495448421426,0.2255280435785742,1.050068804597155,1,1.52468147153286,1,2.064054646969362,1,1.71832435210937,1,1.71832435210937,657.1415486552817,1.52468147153286
10383,10383,2.902919878,3.604874734787552,0.7019548567875522,1.050068804597155,0,1.52468147153286,1,2.064054646969362,1,1.3452449663859802,0,1.931892438277222,657.6055303870049,1.52468147153286
10399,659,4.355688883,3.754162770312199,0.6015261126878011,1.050068804597155,0,1.52468147153286,1,2.064054646969362,1,1.692535950084464,1,1.692535950084464,202.17396755309656,1.52468147153286
10407,10407,6.340075105,4.14643533624362,2.1936397687563804,1.050068804597155,0,1.52468147153286,0,2.064054646969362,0,1.4820917832292722,0,30.53396932606416,768.7418415304442,30.15066213133187
10447,10447,3.558678577,3.4731263671046944,0.0855522098953054,1.050068804597155,1,1.52468147153286,1,2.064054646969362,1,1.6309639547093955,1,1.6309639547093955,806.7226695247654,1.52468147153286
10449,10449,3.467160397,4.041664959399394,0.5745045623993938,1.050068804597155,0,1.52468147153286,1,2.064054646969362,1,1.3504731496125624,1,1.3504731496125624,1096.1710514488923,1.52468147153286
10452,10452,4.003478997,3.393072670177609,0.6104063268223912,1.050068804597155,0,1.52468147153286,1,2.064054646969362,1,1.8208860709437305,1,1.8208860709437305,350.6784007803858,1.52468147153286
10462,10462,3.38759353,3.1362102450060307,0.2513832849939694,1.050068804597155,1,1.52468147153286,1,2.064054646969362,1,1.5816531760856094,1,1.5816531760856094,828.2451439574495,1.52468147153286
10464,10464,3.81182961,3.665357215237162,0.1464723947628381,1.050068804597155,1,1.52468147153286,1,2.064054646969362,1,1.1979244190672187,1,1.1979244190672187,824.1377205746317,1.52468147153286
10478,10478,3.033771705,3.556183862345987,0.522412157345987,1.050068804597155,1,1.52468147153286,1,2.064054646969362,1,1.2817654905240419,1,1.2817654905240419,117.5352535037466,1.52468147153286
10479,10478,2.968428241,3.3539252315861163,0.3854969905861165,1.050068804597155,1,1.52468147153286,1,2.064054646969362,1,1.3351003421169372,1,1.3351003421169372,175.267198045757,1.52468147153286
10484,5110,3.511806146,3.684038577760811,0.1722324317608108,1.050068804597155,1,1.52468147153286,1,2.064054646969362,1,1.269079211218962,1,1.269079211218962,832.8016914597181,1.52468147153286
10485,5110,3.511806146,3.618154004279381,0.1063478582793804,1.050068804597155,1,1.52468147153286,1,2.064054646969362,1,1.2284225834212013,1,1.2284225834212013,858.3626460951001,1.52468147153286
10486,9970,2.940557433,4.089603076698536,1.149045643698536,1.050068804597155,0,1.52468147153286,0,2.064054646969362,0,1.5257273445853006,0,9.249366772703013,648.3036745381326,9.258779630174978
10487,5110,3.641297014,3.850868363810157,0.2095713498101568,1.050068804597155,1,1.52468147153286,1,2.064054646969362,1,1.2358654909256312,1,1.2358654909256312,725.9025223703948,1.52468147153286
10488,5110,3.926047147,3.8259094279933423,0.100137719006657,1.050068804597155,1,1.52468147153286,1,2.064054646969362,1,1.2203379168254198,1,1.2203379168254198,779.0035698808109,1.52468147153286
10489,5110,3.80686074,3.8574590695759863,0.0505983295759864,1.050068804597155,1,1.52468147153286,1,2.064054646969362,1,1.2203379168254198,1,1.2203379168254198,754.9810487656425,1.52468147153286
10494,9970,4.711428755,5.472763358093067,0.7613346030930668,1.050068804597155,0,1.52468147153286,1,2.064054646969362,1,1.5626288932031063,1,1.5626288932031063,635.6522806682774,1.52468147153286
10495,10495,3.387918134,3.824950218998218,0.4370320849982181,1.050068804597155,1,1.52468147153286,1,2.064054646969362,1,1.4067374915636837,1,1.4067374915636837,886.5296541179188,1.52468147153286
10506,10506,3.885273246,3.869001576458909,0.0162716695410911,1.050068804597155,1,1.52468147153286,1,2.064054646969362,1,1.1846887263249224,1,1.1846887263249224,460.0503418106385,1.52468147153286
10509,8051,2.703252454,2.990198193160001,0.286945739160001,1.050068804597155,1,1.52468147153286,1,2.064054646969362,1,1.1105473710937313,1,1.1105473710937313,601.6579891917975,1.52468147153286
10511,10511,3.586924708,3.71841016813115,0.1314854601311497,1.050068804597155,1,1.52468147153286,1,2.064054646969362,1,1.3354862399578504,1,1.3354862399578504,779.1664002076359,1.52468147153286
10514,10514,3.638959123,4.056141381190205,0.4171822581902051,1.050068804597155,1,1.52468147153286,1,2.064054646969362,1,1.396974315685524,1,1.396974315685524,895.3032835100562,1.52468147153286
10515,10514,3.044598551,3.550207285546561,0.505608734546561,1.050068804597155,1,1.52468147153286,1,2.064054646969362,1,1.3910522890513155,1,1.3910522890513155,485.2298102740703,1.52468147153286
10530,10530,2.840201224,2.88317892499489,0.0429777009948901,1.050068804597155,1,1.52468147153286,1,2.064054646969362,1,1.396974315685524,1,1.396974315685524,864.1596552459495,1.52468147153286
10534,4201,3.840175821,3.8841814855213337,0.0440056645213338,1.050068804597155,1,1.52468147153286,1,2.064054646969362,1,1.1846887263249224,1,1.1846887263249224,594.1895843915435,1.52468147153286
10545,10545,2.217873319,3.453505549711445,1.235632230711445,1.050068804597155,0,1.52468147153286,0,2.064054646969362,0,1.632526632945865,0,10.019904917716113,531.6572979648524,10.990511370433158
10550,10550,3.439894544,4.018471086813694,0.578576542813694,1.050068804597155,0,1.52468147153286,1,2.064054646969362,1,1.329605484588213,1,1.329605484588213,874.7338842698871,1.52468147153286
10551,10551,4.459198563,3.818456863140016,0.640741699859984,1.050068804597155,0,1.52468147153286,1,2.064054646969362,1,1.7143122850797967,1,1.7143122850797967,683.7400090933054,1.52468147153286
10552,10551,5.167851749,3.8430396557127695,1.324812093287231,1.050068804597155,0,1.52468147153286,0,2.064054646969362,0,1.766601315707975,0,10.596830024372844,648.3329008561486,12.774108621948878
10565,10565,3.89137615,3.726941726062626,0.164434423937374,1.050068804597155,1,1.52468147153286,1,2.064054646969362,1,1.3018451822076136,1,1.3018451822076136,585.1247135446187,1.52468147153286
10566,10566,3.820640038,3.7630943332545983,0.0575457047454017,1.050068804597155,1,1.52468147153286,1,2.064054646969362,1,1.4001985286173522,1,1.4001985286173522,1148.921323303504,1.52468147153286
10568,10565,3.452843855,3.670517316353868,0.217673461353868,1.050068804597155,1,1.52468147153286,1,2.064054646969362,1,1.1967980335046144,1,1.1967980335046144,490.72469896140433,1.52468147153286
10579,10579,3.665993515,3.633422088318441,0.0325714266815593,1.050068804597155,1,1.52468147153286,1,2.064054646969362,1,1.784658526383998,1,1.784658526383998,439.346420419535,1.52468147153286
10581,10581,2.91997486,3.409383897717203,0.4894090377172029,1.050068804597155,1,1.52468147153286,1,2.064054646969362,1,1.699289333118247,1,1.699289333118247,689.2048422691706,1.52468147153286
10584,2552,2.843684284,3.080851176728736,0.237166892728736,1.050068804597155,1,1.52468147153286,1,2.064054646969362,1,1.3910522890513155,1,1.3910522890513155,736.4235576820631,1.52468147153286
10586,4034,3.537823591,3.199739518837913,0.3380840721620868,1.050068804597155,1,1.52468147153286,1,2.064054646969362,1,1.4421221644499145,1,1.4421221644499145,968.3899743410354,1.52468147153286
10587,4034,3.600646236,3.3099695727075633,0.2906766632924364,1.050068804597155,1,1.52468147153286,1,2.064054646969362,1,1.4434985922582326,1,1.4434985922582326,601.3087084766381,1.52468147153286
10592,10592,4.136176037,3.4784903281989954,0.6576857088010049,1.050068804597155,0,1.52468147153286,1,2.064054646969362,1,1.7753279157393127,1,1.7753279157393127,486.9252695827436,1.52468147153286
10593,2854,3.89691012,3.548338777101217,0.3485713428987829,1.050068804597155,1,1.52468147153286,1,2.064054646969362,1,1.4067374915636837,1,1.4067374915636837,967.9189125646072,1.52468147153286
10597,10597,4.264990877,3.1629910763929296,1.10199980060707,1.050068804597155,0,1.52468147153286,0,2.064054646969362,0,1.366353248407834,0,9.742816776470892,525.4319156239299,8.317862768345659
10598,10598,3.754457551,3.5025726587394264,0.2518848922605734,1.050068804597155,1,1.52468147153286,1,2.064054646969362,1,1.6275620547016976,1,1.6275620547016976,836.6592168339464,1.52468147153286
10599,10598,3.951703441,3.7898092851996505,0.1618941558003492,1.050068804597155,1,1.52468147153286,1,2.064054646969362,1,1.6910857157185362,1,1.6910857157185362,717.0870987780442,1.52468147153286
10600,10600,3.875528396,3.817237435957636,0.0582909600423642,1.050068804597155,1,1.52468147153286,1,2.064054646969362,1,1.7976301145222076,1,1.7976301145222076,115.51616814997482,1.52468147153286
10603,10603,3.856638277,3.866276873609499,0.0096385966094993,1.050068804597155,1,1.52468147153286,1,2.064054646969362,1,1.4067374915636837,1,1.4067374915636837,921.260030620852,1.52468147153286
10608,10608,3.118841344,3.297555889810267,0.178714545810267,1.050068804597155,1,1.52468147153286,1,2.064054646969362,1,1.471777350325528,1,1.471777350325528,808.5860352951507,1.52468147153286
10611,1241,5.752532436,5.037069659090949,0.7154627769090514,1.050068804597155,0,1.52468147153286,1,2.064054646969362,1,1.2698910922360431,0,2.880235708056639,402.12311223820154,1.52468147153286
10613,10613,3.482860828,3.827925165930847,0.3450643379308467,1.050068804597155,1,1.52468147153286,1,2.064054646969362,1,1.699289333118247,1,1.699289333118247,655.8670787054482,1.52468147153286
10620,10620,3.636548788,3.509735518987223,0.1268132690127767,1.050068804597155,1,1.52468147153286,1,2.064054646969362,1,1.4553805109797686,1,1.4553805109797686,979.9895814589811,1.52468147153286
10621,10621,3.42097744,4.212659562004863,0.7916821220048624,1.050068804597155,0,1.52468147153286,0,2.064054646969362,1,1.766601315707975,1,1.766601315707975,400.4384114617166,2.1115091963015082
10629,10629,3.440056854,3.630572535383124,0.1905156813831241,1.050068804597155,1,1.52468147153286,1,2.064054646969362,1,1.694604078349009,1,1.694604078349009,745.3606932394455,1.52468147153286
10640,10640,2.877324544,3.651702002088247,0.7743774580882472,1.050068804597155,0,1.52468147153286,0,2.064054646969362,1,1.3834143289291232,0,3.0368202014028354,1048.303380022684,1.7654159179692037
10648,2268,4.50296088,4.240695600230879,0.2622652797691209,1.050068804597155,1,1.52468147153286,1,2.064054646969362,1,1.5257273445853006,1,1.5257273445853006,845.3890543006873,1.52468147153286
10649,10649,3.370733029,4.775831377559809,1.4050983485598092,1.050068804597155,0,1.52468147153286,0,2.064054646969362,0,1.6309639547093955,0,13.423291378811625,331.7735966429974,14.379833727400444
10651,10651,6.513829976,4.415468327484203,2.098361648515797,1.050068804597155,0,1.52468147153286,0,2.064054646969362,0,1.3018451822076136,0,30.250626330447425,541.5949809229028,28.245099726520202
10656,10656,4.195770544,4.554283389241675,0.358512845241675,1.050068804597155,1,1.52468147153286,1,2.064054646969362,1,1.4525690956558748,1,1.4525690956558748,654.2034256922973,1.52468147153286
10657,9212,4.705709496,4.2874776006853335,0.4182318953146664,1.050068804597155,1,1.52468147153286,1,2.064054646969362,1,1.3910522890513155,1,1.3910522890513155,911.3981968454641,1.52468147153286
10666,10666,4.050041238,3.4398732029358947,0.6101680350641057,1.050068804597155,0,1.52468147153286,1,2.064054646969362,1,1.6910857157185362,1,1.6910857157185362,703.8959767047658,1.52468147153286
10668,10668,3.823266325,3.3219325062937166,0.5013338187062835,1.050068804597155,1,1.52468147153286,1,2.064054646969362,1,1.9460129417932583,1,1.9460129417932583,420.9711178441256,1.52468147153286
10685,4231,3.934532611,4.0134485153714605,0.0789159043714606,1.050068804597155,1,1.52468147153286,1,2.064054646969362,1,1.2006980094738973,1,1.2006980094738973,582.8037705244573,1.52468147153286
10686,4231,4.068519806,4.16153616471755,0.0930163587175494,1.050068804597155,1,1.52468147153286,1,2.064054646969362,1,1.1846887263249224,1,1.1846887263249224,640.6241130769947,1.52468147153286
10689,4231,4.006371899,4.206289629550624,0.1999177305506236,1.050068804597155,1,1.52468147153286,1,2.064054646969362,1,1.08854620336811,1,1.08854620336811,550.364472654925,1.52468147153286
10692,4231,3.612706061,3.821116627431334,0.208410566431334,1.050068804597155,1,1.52468147153286,1,2.064054646969362,1,1.181803694468055,1,1.181803694468055,743.4859898060761,1.52468147153286
10693,4231,3.353629508,3.478734064301081,0.125104556301081,1.050068804597155,1,1.52468147153286,1,2.064054646969362,1,1.1964387702367638,1,1.1964387702367638,726.0235330629063,1.52468147153286
10694,10694,3.099371746,3.324869371135199,0.225497625135199,1.050068804597155,1,1.52468147153286,1,2.064054646969362,1,1.269079211218962,1,1.269079211218962,313.5759369096664,1.52468147153286
10695,4231,3.769408755,3.9319591225094985,0.1625503675094983,1.050068804597155,1,1.52468147153286,1,2.064054646969362,1,1.1574151242489146,1,1.1574151242489146,693.1230558878613,1.52468147153286
10696,10696,3.286859239,3.5794579934381803,0.2925987544381803,1.050068804597155,1,1.52468147153286,1,2.064054646969362,1,1.4975989965576506,1,1.4975989965576506,274.07942186589054,1.52468147153286
10701,10701,3.95492826,4.079856715642445,0.1249284556424452,1.050068804597155,1,1.52468147153286,1,2.064054646969362,1,1.5116059835850626,1,1.5116059835850626,942.2433871598532,1.52468147153286
10707,10656,3.405622936,4.311250652036311,0.9056277160363116,1.050068804597155,0,1.52468147153286,0,2.064054646969362,1,1.6377856258303867,0,3.372483688252753,743.4037681518263,4.390421076930492
10740,10740,4.058029132,3.880640380837062,0.1773887511629377,1.050068804597155,1,1.52468147153286,1,2.064054646969362,1,1.7753279157393127,1,1.7753279157393127,432.4432185309438,1.52468147153286
10756,4231,4.112293616,4.098857745993604,0.0134358700063952,1.050068804597155,1,1.52468147153286,1,2.064054646969362,1,1.1690470098093586,1,1.1690470098093586,714.4174828580141,1.52468147153286
10761,10761,2.947137985,3.626899652083124,0.6797616670831239,1.050068804597155,0,1.52468147153286,1,2.064054646969362,1,1.5008579996902878,1,1.5008579996902878,286.908751618379,1.52468147153286
10769,10769,4.347322696,4.0017140795970345,0.3456086164029655,1.050068804597155,1,1.52468147153286,1,2.064054646969362,1,1.52468147153286,1,1.52468147153286,79.0256414305224,1.52468147153286
10777,10777,3.154035679,3.2915683355628675,0.1375326565628674,1.050068804597155,1,1.52468147153286,1,2.064054646969362,1,1.7291046775834538,1,1.7291046775834538,625.1701158027979,1.52468147153286
10796,10796,3.139447025,3.6414169966749768,0.5019699716749768,1.050068804597155,1,1.52468147153286,1,2.064054646969362,1,1.3910522890513155,1,1.3910522890513155,841.0872044705477,1.52468147153286
10803,10803,3.935338093,3.660502600350691,0.2748354926493084,1.050068804597155,1,1.52468147153286,1,2.064054646969362,1,1.5737498636462122,1,1.5737498636462122,456.77851029410135,1.52468147153286
10806,10806,3.428301314,3.7724008922444607,0.3440995782444607,1.050068804597155,1,1.52468147153286,1,2.064054646969362,1,1.52468147153286,1,1.52468147153286,176.30769652628115,1.52468147153286
10808,10808,3.204716727,3.366651789531336,0.1619350625313358,1.050068804597155,1,1.52468147153286,1,2.064054646969362,1,1.5095461980813774,1,1.5095461980813774,1010.4994658599171,1.52468147153286
10812,10812,3.053826045,3.6392461089994663,0.5854200639994662,1.050068804597155,0,1.52468147153286,1,2.064054646969362,1,1.5157978181117926,1,1.5157978181117926,780.542443130589,1.52468147153286
10814,10814,3.693255726,3.4428710546382875,0.2503846713617124,1.050068804597155,1,1.52468147153286,1,2.064054646969362,1,1.3789645652359779,1,1.3789645652359779,947.9565823576554,1.52468147153286
10824,10824,3.121170547,3.5523415528802964,0.4311710058802962,1.050068804597155,1,1.52468147153286,1,2.064054646969362,1,1.4421221644499145,1,1.4421221644499145,1071.661205715497,1.52468147153286
10825,10825,3.902314351,3.610040210653388,0.292274140346612,1.050068804597155,1,1.52468147153286,1,2.064054646969362,1,1.4001985286173522,1,1.4001985286173522,864.5329549716481,1.52468147153286
10826,10825,3.688542173,3.484679275009842,0.2038628979901582,1.050068804597155,1,1.52468147153286,1,2.064054646969362,1,1.4975989965576506,1,1.4975989965576506,253.8915570188358,1.52468147153286
10831,10831,3.391469702,3.534553713993391,0.1430840119933907,1.050068804597155,1,1.52468147153286,1,2.064054646969362,1,1.4982305036798973,1,1.4982305036798973,316.4607962836063,1.52468147153286
10833,10833,3.737863962,3.9732337810422447,0.2353698190422446,1.050068804597155,1,1.52468147153286,1,2.064054646969362,1,1.5095461980813774,1,1.5095461980813774,902.2607216354745,1.52468147153286
10838,10838,2.829780029,3.175732507107596,0.3459524781075958,1.050068804597155,1,1.52468147153286,1,2.064054646969362,1,1.6211267466279642,1,1.6211267466279642,470.9909773474688,1.52468147153286
10848,10848,3.920937238,3.693069019055285,0.2278682189447156,1.050068804597155,1,1.52468147153286,1,2.064054646969362,1,1.784658526383998,1,1.784658526383998,361.8445601413459,1.52468147153286
10858,10858,2.837807345,3.2363144146680507,0.3985070696680508,1.050068804597155,1,1.52468147153286,1,2.064054646969362,1,1.396974315685524,1,1.396974315685524,1011.9845774176765,1.52468147153286
10862,10862,2.880108244,2.788168412258995,0.0919398317410049,1.050068804597155,1,1.52468147153286,1,2.064054646969362,1,1.7124406432167314,1,1.7124406432167314,705.0958443579316,1.52468147153286
10868,10868,3.582858462,3.581470622713115,0.0013878392868851,1.050068804597155,1,1.52468147153286,1,2.064054646969362,1,1.3398275348484274,1,1.3398275348484274,1071.1449377643794,1.52468147153286
10869,10869,2.729334403,2.901189375521968,0.1718549725219675,1.050068804597155,1,1.52468147153286,1,2.064054646969362,1,1.632526632945865,1,1.632526632945865,616.8636587085729,1.52468147153286
10879,10848,3.9337954,3.7244551774017993,0.2093402225982008,1.050068804597155,1,1.52468147153286,1,2.064054646969362,1,1.8208860709437305,1,1.8208860709437305,343.342704899373,1.52468147153286
10881,10881,3.534527414,3.7193586761494646,0.1848312621494647,1.050068804597155,1,1.52468147153286,1,2.064054646969362,1,1.4589678116174616,1,1.4589678116174616,939.236132010285,1.52468147153286
10907,10907,6.083230205,3.795105114843027,2.2881250901569725,1.050068804597155,0,1.52468147153286,0,2.064054646969362,0,1.6377856258303867,0,31.02243117066597,644.8451224387582,32.04036855934371
10912,10912,4.25192063,3.725505676232145,0.5264149537678553,1.050068804597155,0,1.52468147153286,1,2.064054646969362,1,1.2006980094738973,1,1.2006980094738973,425.53215780676317,1.52468147153286
10915,10915,4.529497085,3.986684698473492,0.5428123865265078,1.050068804597155,0,1.52468147153286,1,2.064054646969362,1,1.2284225834212013,1,1.2284225834212013,420.6892397152113,1.52468147153286
10917,10907,6.333005702,3.935525307308387,2.3974803946916134,1.050068804597155,0,1.52468147153286,0,2.064054646969362,0,1.7199910763967488,0,32.46968820626153,506.1264827831867,34.22747465003653
10922,10922,3.717925965,4.0307410637712096,0.3128150987712095,1.050068804597155,1,1.52468147153286,1,2.064054646969362,1,1.2698910922360431,1,1.2698910922360431,678.3374521861269,1.52468147153286
10923,10922,3.231184895,4.298294892860741,1.067109997860741,1.050068804597155,0,1.52468147153286,0,2.064054646969362,0,1.2661449876661628,0,9.946895068219355,647.547667504677,7.62006671341908
10924,10922,3.189498112,3.9516653478740618,0.7621672358740619,1.050068804597155,0,1.52468147153286,1,2.064054646969362,1,1.2006980094738973,0,4.437062632216162,555.0257784622872,1.52468147153286
10980,10980,3.383174818,3.802966378723111,0.4197915607231111,1.050068804597155,1,1.52468147153286,1,2.064054646969362,1,1.784658526383998,1,1.784658526383998,391.6772435112694,1.52468147153286
10984,1847,3.709266932,3.6491979810018607,0.0600689509981391,1.050068804597155,1,1.52468147153286,1,2.064054646969362,1,1.784658526383998,1,1.784658526383998,458.0559943509909,1.52468147153286
10985,1847,3.425371166,3.5362048953300524,0.1108337293300523,1.050068804597155,1,1.52468147153286,1,2.064054646969362,1,1.6910857157185362,1,1.6910857157185362,653.1511382925871,1.52468147153286
10987,10987,3.116399253,3.89407669203918,0.7776774390391803,1.050068804597155,0,1.52468147153286,0,2.064054646969362,1,1.6211267466279642,1,1.6211267466279642,560.7264786178304,1.8314155369878655
10998,811,3.408370938,3.5365638079671333,0.1281928699671333,1.050068804597155,1,1.52468147153286,1,2.064054646969362,1,1.3146642260256325,1,1.3146642260256325,926.4787220630982,1.52468147153286
11005,11005,2.870853624,3.05272840601201,0.1818747820120099,1.050068804597155,1,1.52468147153286,1,2.064054646969362,1,1.6348515981018181,1,1.6348515981018181,799.4955746320223,1.52468147153286
11006,11005,3.081723261,2.883389214661232,0.1983340463387679,1.050068804597155,1,1.52468147153286,1,2.064054646969362,1,1.6521075139563504,1,1.6521075139563504,740.06245095932,1.52468147153286
11007,11005,2.884586518,3.3074526551148957,0.4228661371148958,1.050068804597155,1,1.52468147153286,1,2.064054646969362,1,1.5737498636462122,1,1.5737498636462122,907.3092494425806,1.52468147153286
11011,11011,3.028422125,3.713306562083997,0.6848844370839968,1.050068804597155,0,1.52468147153286,1,2.064054646969362,1,1.6521075139563504,1,1.6521075139563504,599.5395610462114,1.52468147153286
11012,5608,3.725841843,3.5912718346476,0.1345700083524001,1.050068804597155,1,1.52468147153286,1,2.064054646969362,1,1.218530640550755,1,1.218530640550755,944.2248188688591,1.52468147153286
11013,12,4.08910715,3.3794524199465767,0.7096547300534235,1.050068804597155,0,1.52468147153286,1,2.064054646969362,1,1.471777350325528,1,1.471777350325528,777.6845698860033,1.52468147153286
11014,5608,3.578230609,3.460472670645429,0.1177579383545706,1.050068804597155,1,1.52468147153286,1,2.064054646969362,1,1.2946071463174835,1,1.2946071463174835,1036.472254277207,1.52468147153286
11022,8545,4.048137869,4.187569264944013,0.1394313959440136,1.050068804597155,1,1.52468147153286,1,2.064054646969362,1,1.3354862399578504,1,1.3354862399578504,1129.1029578050993,1.52468147153286
11028,6276,3.44291228,3.281909789737501,0.1610024902624989,1.050068804597155,1,1.52468147153286,1,2.064054646969362,1,1.4370024809237814,1,1.4370024809237814,172.93646441675287,1.52468147153286
11036,11036,2.803002354,3.498687674329794,0.6956853203297939,1.050068804597155,0,1.52468147153286,1,2.064054646969362,1,1.6334237079661191,1,1.6334237079661191,801.9759107777303,1.52468147153286
11038,11038,3.10129827,3.329578748464938,0.2282804784649381,1.050068804597155,1,1.52468147153286,1,2.064054646969362,1,1.4000068673287505,1,1.4000068673287505,879.8820560712048,1.52468147153286
11042,11042,3.189321841,3.2038485369744736,0.0145266959744736,1.050068804597155,1,1.52468147153286,1,2.064054646969362,1,1.4375515506991992,1,1.4375515506991992,465.8296931529211,1.52468147153286
11062,11062,3.169705449,3.7124744586135785,0.5427690096135787,1.050068804597155,0,1.52468147153286,1,2.064054646969362,1,1.4975989965576506,1,1.4975989965576506,952.5563768502317,1.52468147153286
11075,11075,3.378712756,3.668162287722261,0.2894495317222603,1.050068804597155,1,1.52468147153286,1,2.064054646969362,1,1.5990498197049652,1,1.5990498197049652,778.681549807912,1.52468147153286
11081,1844,3.31201036,3.838486912785398,0.5264765527853981,1.050068804597155,0,1.52468147153286,1,2.064054646969362,1,1.396974315685524,1,1.396974315685524,598.0057945797495,1.52468147153286
11087,11087,3.685624994,3.3639191170298375,0.3217058769701624,1.050068804597155,1,1.52468147153286,1,2.064054646969362,1,1.784658526383998,1,1.784658526383998,393.8491480560666,1.52468147153286
11088,11042,3.20920959,3.2911606287692763,0.0819510387692763,1.050068804597155,1,1.52468147153286,1,2.064054646969362,1,1.2934848125288436,1,1.2934848125288436,1053.8805207829625,1.52468147153286
11092,11092,2.889711287,3.7031879977633135,0.8134767107633136,1.050068804597155,0,1.52468147153286,0,2.064054646969362,1,1.4519737566165158,0,3.20177040571763,343.33015073603315,2.547400971470532
11100,11100,3.566305475,3.6035790407659234,0.0372735657659233,1.050068804597155,1,1.52468147153286,1,2.064054646969362,1,1.3834143289291232,1,1.3834143289291232,780.9930093670126,1.52468147153286
11105,11105,3.566479581,3.843370261231333,0.2768906802313333,1.050068804597155,1,1.52468147153286,1,2.064054646969362,1,1.6334237079661191,1,1.6334237079661191,490.7702211069075,1.52468147153286
11108,11105,3.535910937,3.721255700574361,0.1853447635743603,1.050068804597155,1,1.52468147153286,1,2.064054646969362,1,1.6334237079661191,1,1.6334237079661191,517.2544680236189,1.52468147153286
11113,11113,3.852344909,3.6744758128608543,0.1778690961391458,1.050068804597155,1,1.52468147153286,1,2.064054646969362,1,1.52468147153286,1,1.52468147153286,60.642597352681015,1.52468147153286
11114,1958,2.785532251,3.1222114522606725,0.3366792012606727,1.050068804597155,1,1.52468147153286,1,2.064054646969362,1,1.6348515981018181,1,1.6348515981018181,730.1393363728075,1.52468147153286
11121,11121,2.945667037,3.8123431347081342,0.866676097708134,1.050068804597155,0,1.52468147153286,0,2.064054646969362,1,1.5072520957078765,0,3.7682530927917917,971.9869136480078,3.61138871036694
11138,11138,4.828844572,3.971042886328363,0.8578016856716375,1.050068804597155,0,1.52468147153286,0,2.064054646969362,1,1.396974315685524,0,4.583264872263033,637.4336823479654,3.4339004696370097
11140,11140,3.549027798,3.85851081709606,0.30948301909606,1.050068804597155,1,1.52468147153286,1,2.064054646969362,1,1.4892488918669606,1,1.4892488918669606,718.3557788123674,1.52468147153286
11148,11148,3.461959203,3.3007449645730897,0.1612142384269104,1.050068804597155,1,1.52468147153286,1,2.064054646969362,1,1.4375515506991992,1,1.4375515506991992,1005.9700304347948,1.52468147153286
11150,11150,3.054938462,3.511552540344434,0.4566140783444341,1.050068804597155,1,1.52468147153286,1,2.064054646969362,1,1.3945897224156516,1,1.3945897224156516,1015.554456210669,1.52468147153286
11156,11156,3.531134356,2.9464572962714004,0.5846770597285995,1.050068804597155,0,1.52468147153286,1,2.064054646969362,1,1.5257273445853006,1,1.5257273445853006,708.8279842702614,1.52468147153286
11168,11168,3.653980467,4.029720732573404,0.3757402655734041,1.050068804597155,1,1.52468147153286,1,2.064054646969362,1,1.423361558271015,1,1.423361558271015,1092.3268535827965,1.52468147153286
11174,11174,3.58786306,4.633179119785117,1.045316059785117,1.050068804597155,0,1.52468147153286,0,2.064054646969362,0,1.429650291237051,0,8.03946857456888,1032.8151385709261,7.184187951906599
11175,11175,3.777285798,3.555241481131346,0.2220443168686539,1.050068804597155,1,1.52468147153286,1,2.064054646969362,1,1.1132303611922225,1,1.1132303611922225,603.4862351371918,1.52468147153286
11176,11175,4.040952286,3.869545822157281,0.1714064638427186,1.050068804597155,1,1.52468147153286,1,2.064054646969362,1,1.0874971530866526,1,1.0874971530866526,495.0685935240063,1.52468147153286
11209,11209,4.095442516,3.832092045249915,0.2633504707500855,1.050068804597155,1,1.52468147153286,1,2.064054646969362,1,1.7753279157393127,1,1.7753279157393127,415.4462601882539,1.52468147153286
11239,11239,3.334980215,3.2722453581570905,0.0627348568429093,1.050068804597155,1,1.52468147153286,1,2.064054646969362,1,1.4928188003459582,1,1.4928188003459582,892.9491150175786,1.52468147153286
11244,11244,3.265108829,3.2374125446986985,0.0276962843013013,1.050068804597155,1,1.52468147153286,1,2.064054646969362,1,1.4928188003459582,1,1.4928188003459582,423.7676652102715,1.52468147153286
11245,11245,3.335836865,3.3588962443568064,0.0230593793568063,1.050068804597155,1,1.52468147153286,1,2.064054646969362,1,1.52468147153286,1,1.52468147153286,957.9251011138605,1.52468147153286
11251,11251,3.07921065,3.828015217016454,0.748804567016454,1.050068804597155,0,1.52468147153286,1,2.064054646969362,1,1.6348515981018181,1,1.6348515981018181,781.7201010359681,1.52468147153286
11281,11281,4.197608262,3.225341256216417,0.9722670057835828,1.050068804597155,0,1.52468147153286,0,2.064054646969362,1,1.4589678116174616,0,6.314629811114503,804.8291637778301,5.723206871875917
11285,11285,3.147955819,3.3781260250213045,0.2301702060213046,1.050068804597155,1,1.52468147153286,1,2.064054646969362,1,1.6573110137528522,1,1.6573110137528522,575.5421007157211,1.52468147153286
11306,11306,3.628857221,3.4501073853400896,0.1787498356599104,1.050068804597155,1,1.52468147153286,1,2.064054646969362,1,1.3146642260256325,1,1.3146642260256325,823.1678078006263,1.52468147153286
11310,11310,3.369696285,2.9909997202376792,0.3786965647623206,1.050068804597155,1,1.52468147153286,1,2.064054646969362,1,1.4001985286173522,1,1.4001985286173522,980.9766325377457,1.52468147153286
11311,11311,3.059555004,3.405846388110677,0.3462913841106769,1.050068804597155,1,1.52468147153286,1,2.064054646969362,1,1.8406047363401272,1,1.8406047363401272,439.29003799703327,1.52468147153286
11318,11318,3.099619263,3.7591594539260544,0.6595401909260543,1.050068804597155,0,1.52468147153286,1,2.064054646969362,1,1.2817654905240419,0,1.6549144038047094,497.0505937934814,1.52468147153286
11330,11330,3.18677903,3.4415594917969448,0.2547804617969449,1.050068804597155,1,1.52468147153286,1,2.064054646969362,1,1.4553805109797686,1,1.4553805109797686,941.1093926889589,1.52468147153286
11334,1842,3.770713972,3.68311740882804,0.0875965631719597,1.050068804597155,1,1.52468147153286,1,2.064054646969362,1,1.3910522890513155,1,1.3910522890513155,887.2504715025023,1.52468147153286
11335,5946,3.536909271,3.4135574252461893,0.1233518457538105,1.050068804597155,1,1.52468147153286,1,2.064054646969362,1,1.3796985342264385,1,1.3796985342264385,1053.669991983592,1.52468147153286
11337,11337,3.652175519,3.3658910729112015,0.2862844460887985,1.050068804597155,1,1.52468147153286,1,2.064054646969362,1,1.7124406432167314,1,1.7124406432167314,577.9432877096067,1.52468147153286
11340,1842,3.200856575,3.578582507322474,0.3777259323224746,1.050068804597155,1,1.52468147153286,1,2.064054646969362,1,1.3398275348484274,1,1.3398275348484274,738.2737723289722,1.52468147153286
11341,8545,3.674563727,3.638981827530144,0.035581899469856,1.050068804597155,1,1.52468147153286,1,2.064054646969362,1,1.0478538025305237,1,1.0478538025305237,272.8292263018315,1.52468147153286
11373,11373,3.606379445,3.608406412678876,0.002026967678876,1.050068804597155,1,1.52468147153286,1,2.064054646969362,1,1.391427373169848,1,1.391427373169848,880.5360761489374,1.52468147153286
11378,11378,3.318751814,3.611348943483147,0.2925971294831471,1.050068804597155,1,1.52468147153286,1,2.064054646969362,1,1.6521075139563504,1,1.6521075139563504,706.2339525080225,1.52468147153286
11379,11379,3.322934258,3.3939069730852376,0.0709727150852375,1.050068804597155,1,1.52468147153286,1,2.064054646969362,1,1.5384695297565694,1,1.5384695297565694,645.0875825817584,1.52468147153286
11381,11381,2.897376582,2.6315711299532065,0.2658054520467936,1.050068804597155,1,1.52468147153286,1,2.064054646969362,1,1.6211267466279642,1,1.6211267466279642,673.8780835364045,1.52468147153286
11394,11394,3.735125343,3.657880482694277,0.0772448603057229,1.050068804597155,1,1.52468147153286,1,2.064054646969362,1,1.6910857157185362,1,1.6910857157185362,522.0872244175773,1.52468147153286
11395,11395,3.539728306,3.680222527703168,0.1404942217031681,1.050068804597155,1,1.52468147153286,1,2.064054646969362,1,1.5917260582261177,1,1.5917260582261177,300.2438428213393,1.52468147153286
11409,4788,3.885742757,3.52631572476017,0.3594270322398301,1.050068804597155,1,1.52468147153286,1,2.064054646969362,1,1.4519737566165158,1,1.4519737566165158,867.8799957475677,1.52468147153286
11410,11410,3.412908646,3.955563925991201,0.5426552799912012,1.050068804597155,0,1.52468147153286,1,2.064054646969362,1,1.29460112607409,1,1.29460112607409,790.2052601641952,1.52468147153286
11412,11412,3.707223332,3.5547737134937276,0.1524496185062722,1.050068804597155,1,1.52468147153286,1,2.064054646969362,1,1.4820917832292722,1,1.4820917832292722,611.2888016908651,1.52468147153286
11413,11410,4.189499087,3.6447109999489857,0.544788087051014,1.050068804597155,0,1.52468147153286,1,2.064054646969362,1,1.2284225834212013,1,1.2284225834212013,768.2271981592156,1.52468147153286
11423,10848,4.035046452,4.00163356210237,0.0334128898976295,1.050068804597155,1,1.52468147153286,1,2.064054646969362,1,1.8406047363401272,1,1.8406047363401272,344.7927859679162,1.52468147153286
11424,10848,3.99292889,3.818147229657958,0.1747816603420418,1.050068804597155,1,1.52468147153286,1,2.064054646969362,1,1.7753279157393127,1,1.7753279157393127,385.2370131125484,1.52468147153286
11427,5230,3.383308992,3.581533870381796,0.1982248783817959,1.050068804597155,1,1.52468147153286,1,2.064054646969362,1,1.396974315685524,1,1.396974315685524,584.4283002119531,1.52468147153286
11431,11431,3.343025449,3.889507191112235,0.5464817421122348,1.050068804597155,0,1.52468147153286,1,2.064054646969362,1,1.7753279157393127,1,1.7753279157393127,460.91955719008166,1.52468147153286
11432,11432,3.076454341,3.3211730833415927,0.2447187423415928,1.050068804597155,1,1.52468147153286,1,2.064054646969362,1,1.751109723736751,1,1.751109723736751,172.69704927654882,1.52468147153286
11433,11433,2.972515251,3.319275044364192,0.3467597933641921,1.050068804597155,1,1.52468147153286,1,2.064054646969362,1,1.4928188003459582,1,1.4928188003459582,541.8557581131814,1.52468147153286
11439,11439,3.145094496,3.7523660027860184,0.6072715067860184,1.050068804597155,0,1.52468147153286,1,2.064054646969362,1,1.699289333118247,1,1.699289333118247,638.6673431737097,1.52468147153286
11443,11443,3.3433692,3.9026972419710257,0.5593280419710251,1.050068804597155,0,1.52468147153286,1,2.064054646969362,1,1.5626288932031063,1,1.5626288932031063,845.0275987777641,1.52468147153286
11452,11452,3.670663243,3.828627460967528,0.1579642179675278,1.050068804597155,1,1.52468147153286,1,2.064054646969362,1,1.6309639547093955,1,1.6309639547093955,598.4412765337806,1.52468147153286
11454,10848,3.946283792,3.70612095843734,0.24016283356266,1.050068804597155,1,1.52468147153286,1,2.064054646969362,1,1.6910857157185362,1,1.6910857157185362,430.6359699758973,1.52468147153286
11462,3043,3.773423337,3.697967395306182,0.0754559416938183,1.050068804597155,1,1.52468147153286,1,2.064054646969362,1,1.4421221644499145,1,1.4421221644499145,662.8877883888734,1.52468147153286
11470,10848,3.894019204,3.66403535883314,0.2299838451668598,1.050068804597155,1,1.52468147153286,1,2.064054646969362,1,1.5887891635532467,1,1.5887891635532467,441.28478402022023,1.52468147153286
11476,11476,3.084361759,2.6311192777797467,0.4532424812202533,1.050068804597155,1,1.52468147153286,1,2.064054646969362,1,1.4982305036798973,1,1.4982305036798973,372.27065712739926,1.52468147153286
11481,11481,3.127964613,3.354207524111853,0.2262429111118531,1.050068804597155,1,1.52468147153286,1,2.064054646969362,1,1.407223166139615,1,1.407223166139615,769.0440423911728,1.52468147153286
11494,11494,3.039621191,3.2685454420957507,0.2289242510957505,1.050068804597155,1,1.52468147153286,1,2.064054646969362,1,1.6451508977236662,1,1.6451508977236662,565.2893102105874,1.52468147153286
11499,7374,2.967310992,3.560599845721439,0.5932888537214391,1.050068804597155,0,1.52468147153286,1,2.064054646969362,1,1.4000068673287505,1,1.4000068673287505,618.6461547496457,1.52468147153286
11500,11500,3.272585973,3.78654562160506,0.5139596486050597,1.050068804597155,1,1.52468147153286,1,2.064054646969362,1,1.2203379168254198,1,1.2203379168254198,852.1306152120402,1.52468147153286
11504,10922,4.283735024,3.902517300675144,0.3812177233248559,1.050068804597155,1,1.52468147153286,1,2.064054646969362,1,1.2772543466825281,1,1.2772543466825281,629.9855387769604,1.52468147153286
11513,11513,3.428028548,3.3371881093441513,0.0908404386558485,1.050068804597155,1,1.52468147153286,1,2.064054646969362,1,1.3398275348484274,1,1.3398275348484274,397.8797573745112,1.52468147153286
11515,11515,3.184903382,3.4571825892786077,0.2722792072786077,1.050068804597155,1,1.52468147153286,1,2.064054646969362,1,1.4967396485608706,1,1.4967396485608706,383.84896847633837,1.52468147153286
11523,11523,3.61034832,3.8265097252183855,0.2161614052183855,1.050068804597155,1,1.52468147153286,1,2.064054646969362,1,1.471777350325528,1,1.471777350325528,914.5308112224384,1.52468147153286
11524,11524,3.179891549,3.8950474837260423,0.7151559347260426,1.050068804597155,0,1.52468147153286,1,2.064054646969362,1,1.471777350325528,1,1.471777350325528,907.9576129898951,1.52468147153286
11538,11538,4.349184678,4.11114880478062,0.2380358732193803,1.050068804597155,1,1.52468147153286,1,2.064054646969362,1,1.784658526383998,1,1.784658526383998,426.10913509483805,1.52468147153286
11540,11540,3.832102712,3.941935849914662,0.1098331379146619,1.050068804597155,1,1.52468147153286,1,2.064054646969362,1,1.123091525034881,1,1.123091525034881,505.58736112537804,1.52468147153286
11544,11544,3.625141508,3.34074983563449,0.2843916723655102,1.050068804597155,1,1.52468147153286,1,2.064054646969362,1,1.626293848871482,1,1.626293848871482,283.8365628468307,1.52468147153286
11548,1844,3.233717923,3.6983424625975183,0.4646245395975183,1.050068804597155,1,1.52468147153286,1,2.064054646969362,1,1.3398275348484274,1,1.3398275348484274,604.6966912563787,1.52468147153286
11549,1844,3.488990428,3.669341679058819,0.1803512510588194,1.050068804597155,1,1.52468147153286,1,2.064054646969362,1,1.3398275348484274,1,1.3398275348484274,613.5888679727269,1.52468147153286
11562,11562,3.052738818,2.9719723173585972,0.0807665006414026,1.050068804597155,1,1.52468147153286,1,2.064054646969362,1,1.632526632945865,1,1.632526632945865,620.4901757499492,1.52468147153286
11567,811,3.460051472,3.690645702004798,0.2305942300047974,1.050068804597155,1,1.52468147153286,1,2.064054646969362,1,1.2934848125288436,1,1.2934848125288436,824.1630902451044,1.52468147153286
11568,11568,4.095485122,3.316422283416352,0.7790628385836484,1.050068804597155,0,1.52468147153286,0,2.064054646969362,1,1.2021846796047146,0,4.761594655230537,687.0184688997462,1.8591235278772285
11579,4455,3.014688512,2.385974573533161,0.6287139384668397,1.050068804597155,0,1.52468147153286,1,2.064054646969362,1,1.784658526383998,1,1.784658526383998,388.2165300672494,1.52468147153286
11582,11582,3.171713455,2.8598239652407993,0.3118894897592006,1.050068804597155,1,1.52468147153286,1,2.064054646969362,1,1.4982305036798973,1,1.4982305036798973,223.98199605200745,1.52468147153286
11586,11586,3.132530061,2.815985547396572,0.3165445136034281,1.050068804597155,1,1.52468147153286,1,2.064054646969362,1,1.4982305036798973,1,1.4982305036798973,179.2337514187099,1.52468147153286
11603,2332,3.087607918,3.4000017923709964,0.3123938743709966,1.050068804597155,1,1.52468147153286,1,2.064054646969362,1,1.486606312382654,1,1.486606312382654,748.9908875801003,1.52468147153286
11608,2332,3.693255726,3.62865062010774,0.0646051058922596,1.050068804597155,1,1.52468147153286,1,2.064054646969362,1,1.3834143289291232,1,1.3834143289291232,997.3705094402986,1.52468147153286
11614,11614,2.841680067,2.7878851792696264,0.0537948877303735,1.050068804597155,1,1.52468147153286,1,2.064054646969362,1,1.4589678116174616,1,1.4589678116174616,630.7691210866724,1.52468147153286
11637,11637,3.693150417,3.7080919381121102,0.0149415211121106,1.050068804597155,1,1.52468147153286,1,2.064054646969362,1,1.4519737566165158,1,1.4519737566165158,226.09898525332122,1.52468147153286
11638,11638,3.137960392,3.2916046455196435,0.1536442535196434,1.050068804597155,1,1.52468147153286,1,2.064054646969362,1,1.4928188003459582,1,1.4928188003459582,888.7473212829309,1.52468147153286
11649,11649,2.46996042,2.696318519187267,0.2263580991872671,1.050068804597155,1,1.52468147153286,1,2.064054646969362,1,1.3261883391976994,1,1.3261883391976994,567.6979616934221,1.52468147153286
11714,6312,3.895888007,3.5204377896988466,0.3754502173011533,1.050068804597155,1,1.52468147153286,1,2.064054646969362,1,1.396974315685524,1,1.396974315685524,1094.6351297159208,1.52468147153286
11730,5079,4.799879836,4.130647400603945,0.6692324353960544,1.050068804597155,0,1.52468147153286,1,2.064054646969362,1,1.7199910763967488,1,1.7199910763967488,560.7676266801343,1.52468147153286
11731,5079,4.872123465,3.9828349839000183,0.8892884810999813,1.050068804597155,0,1.52468147153286,0,2.064054646969362,1,1.71832435210937,0,2.3208504530152947,622.183977473836,4.063636378203885
11735,11735,3.136318844,3.345305445032398,0.2089866010323979,1.050068804597155,1,1.52468147153286,1,2.064054646969362,1,1.5095461980813774,1,1.5095461980813774,833.2516996894119,1.52468147153286
11736,11735,3.411470286,3.3655733608856844,0.0458969251143157,1.050068804597155,1,1.52468147153286,1,2.064054646969362,1,1.6211267466279642,1,1.6211267466279642,595.653919312182,1.52468147153286
11755,11755,3.454265979,3.52487456949873,0.0706085904987299,1.050068804597155,1,1.52468147153286,1,2.064054646969362,1,1.3398275348484274,1,1.3398275348484274,953.6962322999443,1.52468147153286
11775,11775,2.907377998,3.8036282517394113,0.8962502537394115,1.050068804597155,0,1.52468147153286,0,2.064054646969362,1,1.2934848125288436,0,6.283641762028637,1052.5053425198334,4.202871830992489
11793,688,1.999654933,2.0868914361860833,0.0872365031860833,1.050068804597155,1,1.52468147153286,1,2.064054646969362,1,1.5737498636462122,1,1.5737498636462122,109.52780530374474,1.52468147153286
11806,11806,3.519610042,3.5719567481720484,0.0523467061720483,1.050068804597155,1,1.52468147153286,1,2.064054646969362,1,1.4553805109797686,1,1.4553805109797686,1083.071553465582,1.52468147153286
11809,11809,4.550875839,4.420427600950013,0.1304482380499863,1.050068804597155,1,1.52468147153286,1,2.064054646969362,1,1.2006980094738973,1,1.2006980094738973,716.7779686764126,1.52468147153286
11813,11813,2.115517303,2.6255383680092477,0.5100210650092478,1.050068804597155,1,1.52468147153286,1,2.064054646969362,1,1.5020973847507406,1,1.5020973847507406,323.33839941298584,1.52468147153286
11815,11813,2.320661316,2.464597472382951,0.1439361563829511,1.050068804597155,1,1.52468147153286,1,2.064054646969362,1,1.4982305036798973,1,1.4982305036798973,294.1181266156201,1.52468147153286
11816,11816,2.346242117,2.1466177410333325,0.1996243759666676,1.050068804597155,1,1.52468147153286,1,2.064054646969362,1,1.4982305036798973,1,1.4982305036798973,264.3298596997483,1.52468147153286
11817,11817,3.598739714,3.5314172060334736,0.0673225079665265,1.050068804597155,1,1.52468147153286,1,2.064054646969362,1,1.784658526383998,1,1.784658526383998,463.9167559768543,1.52468147153286
11821,9883,3.260545989,3.7079437558777513,0.4473977668777511,1.050068804597155,1,1.52468147153286,1,2.064054646969362,1,1.4001985286173522,1,1.4001985286173522,707.4589708180634,1.52468147153286
11822,9883,3.879319068,4.130700347088098,0.2513812790880978,1.050068804597155,1,1.52468147153286,1,2.064054646969362,1,1.3048305606716362,1,1.3048305606716362,1022.5968201173484,1.52468147153286
11823,9883,4.277083868,4.362082525291896,0.0849986572918961,1.050068804597155,1,1.52468147153286,1,2.064054646969362,1,1.3469016477462619,1,1.3469016477462619,923.8652201099616,1.52468147153286
11824,9883,3.699504192,4.39518169747417,0.69567750547417,1.050068804597155,0,1.52468147153286,1,2.064054646969362,1,1.2683003395262684,0,2.4988470537469833,826.6120620878074,1.52468147153286
11825,9883,4.78892051,4.263780909239417,0.5251396007605829,1.050068804597155,0,1.52468147153286,1,2.064054646969362,1,1.1846887263249224,1,1.1846887263249224,733.1633770348342,1.52468147153286
11826,9883,4.401888561,4.304109983852895,0.0977785771471051,1.050068804597155,1,1.52468147153286,1,2.064054646969362,1,1.2284225834212013,1,1.2284225834212013,818.9407171455028,1.52468147153286
11827,9883,4.479843194,4.347210696588432,0.132632497411568,1.050068804597155,1,1.52468147153286,1,2.064054646969362,1,1.218530640550755,1,1.218530640550755,724.8521407522127,1.52468147153286
11828,9883,4.609038113,4.4232648513209005,0.1857732616790999,1.050068804597155,1,1.52468147153286,1,2.064054646969362,1,1.2284225834212013,1,1.2284225834212013,789.7930073042251,1.52468147153286
11829,9883,3.958341663,4.209930159883362,0.2515884968833615,1.050068804597155,1,1.52468147153286,1,2.064054646969362,1,1.2284225834212013,1,1.2284225834212013,886.239749919344,1.52468147153286
11831,9883,3.775476591,4.449488264727972,0.6740116737279718,1.050068804597155,0,1.52468147153286,1,2.064054646969362,1,1.2006980094738973,0,2.67395138929436,705.3507151950774,1.52468147153286
11832,9883,3.579112207,4.001877165448076,0.4227649584480759,1.050068804597155,1,1.52468147153286,1,2.064054646969362,1,1.429650291237051,1,1.429650291237051,535.3770652851131,1.52468147153286
11833,9883,4.340813775,4.437348516723272,0.0965347417232722,1.050068804597155,1,1.52468147153286,1,2.064054646969362,1,1.218530640550755,1,1.218530640550755,864.9189113644758,1.52468147153286
11834,9883,4.210045495,4.329648673996694,0.1196031789966936,1.050068804597155,1,1.52468147153286,1,2.064054646969362,1,1.2817654905240419,1,1.2817654905240419,1013.7032815750146,1.52468147153286
11835,9883,4.28033206,4.5327386722771115,0.2524066122771113,1.050068804597155,1,1.52468147153286,1,2.064054646969362,1,1.2284225834212013,1,1.2284225834212013,615.850923879909,1.52468147153286
11836,9883,4.5620569,4.321151094134571,0.2409058058654292,1.050068804597155,1,1.52468147153286,1,2.064054646969362,1,1.2772543466825281,1,1.2772543466825281,1001.0701556922666,1.52468147153286
11837,9883,4.688728228,4.319245171003156,0.3694830569968443,1.050068804597155,1,1.52468147153286,1,2.064054646969362,1,1.1846887263249224,1,1.1846887263249224,692.2436916909124,1.52468147153286
11838,9883,4.025406706,4.230036946109263,0.204630240109263,1.050068804597155,1,1.52468147153286,1,2.064054646969362,1,1.3834143289291232,1,1.3834143289291232,1103.9277746674816,1.52468147153286
11839,9883,4.364505748,4.15900251967384,0.2055032283261599,1.050068804597155,1,1.52468147153286,1,2.064054646969362,1,1.3848119796835512,1,1.3848119796835512,1191.8500238267943,1.52468147153286
11840,9883,3.773152332,4.139079176470118,0.3659268444701182,1.050068804597155,1,1.52468147153286,1,2.064054646969362,1,1.2817654905240419,1,1.2817654905240419,996.7704750240389,1.52468147153286
11842,11842,3.675517068,4.208097596463614,0.532580528463614,1.050068804597155,0,1.52468147153286,1,2.064054646969362,1,1.254372639992373,1,1.254372639992373,1000.4452487146565,1.52468147153286
11843,9883,4.592696267,4.376889332224575,0.2158069347754247,1.050068804597155,1,1.52468147153286,1,2.064054646969362,1,1.2946071463174835,1,1.2946071463174835,928.5794541086194,1.52468147153286
11844,9883,4.566592818,4.343894510133559,0.222698307866441,1.050068804597155,1,1.52468147153286,1,2.064054646969362,1,1.322437479614095,1,1.322437479614095,1031.8915552457195,1.52468147153286
11845,9883,3.275819079,4.169546179699075,0.8937271006990746,1.050068804597155,0,1.52468147153286,0,2.064054646969362,1,1.2871845430913194,0,6.289881126159617,1059.93281034568,4.152408770185751
11846,9883,3.397837053,3.988200585574816,0.5903635325748158,1.050068804597155,0,1.52468147153286,1,2.064054646969362,1,1.2817654905240419,1,1.2817654905240419,996.4639825006553,1.52468147153286
11847,9883,3.878923734,4.220326509573701,0.3414027755737008,1.050068804597155,1,1.52468147153286,1,2.064054646969362,1,1.302102845045579,1,1.302102845045579,833.4495384922725,1.52468147153286
11848,9883,3.540848566,4.136210368448003,0.5953618024480027,1.050068804597155,0,1.52468147153286,1,2.064054646969362,1,1.2772543466825281,1,1.2772543466825281,1037.7641129240633,1.52468147153286
11879,8437,3.322293045,3.5612127103735913,0.2389196653735914,1.050068804597155,1,1.52468147153286,1,2.064054646969362,1,1.4928188003459582,1,1.4928188003459582,256.3339452836311,1.52468147153286
11882,11882,4.223584934,3.8890906976681694,0.3344942363318304,1.050068804597155,1,1.52468147153286,1,2.064054646969362,1,1.5008579996902878,1,1.5008579996902878,159.135793883464,1.52468147153286
11889,11889,4.179371208,3.6995349645072992,0.4798362434927008,1.050068804597155,1,1.52468147153286,1,2.064054646969362,1,1.2871845430913194,1,1.2871845430913194,870.0583930951375,1.52468147153286
11890,11889,4.130136108,3.690844025215643,0.4392920827843567,1.050068804597155,1,1.52468147153286,1,2.064054646969362,1,1.3354862399578504,1,1.3354862399578504,896.7655822746672,1.52468147153286
11919,11919,3.154952313,3.773647540470846,0.6186952274708459,1.050068804597155,0,1.52468147153286,1,2.064054646969362,1,1.6275620547016976,1,1.6275620547016976,550.3091496493212,1.52468147153286
11931,11931,3.68115075,3.4368895660542544,0.2442611839457455,1.050068804597155,1,1.52468147153286,1,2.064054646969362,1,1.269079211218962,1,1.269079211218962,558.2093736492053,1.52468147153286
11935,11935,3.482732401,3.408023700981266,0.0747087000187338,1.050068804597155,1,1.52468147153286,1,2.064054646969362,1,1.3910522890513155,1,1.3910522890513155,1056.7048334704289,1.52468147153286
11942,2801,3.998265231,4.159097497827316,0.1608322668273163,1.050068804597155,1,1.52468147153286,1,2.064054646969362,1,1.3398275348484274,1,1.3398275348484274,917.6881569195612,1.52468147153286
11943,11943,3.712269231,3.749611373125292,0.0373421421252917,1.050068804597155,1,1.52468147153286,1,2.064054646969362,1,1.4067374915636837,1,1.4067374915636837,980.0776669463695,1.52468147153286
11955,5371,3.627511757,3.717822185230891,0.0903104282308908,1.050068804597155,1,1.52468147153286,1,2.064054646969362,1,1.2772543466825281,1,1.2772543466825281,628.8352095078637,1.52468147153286
11962,11962,3.030271302,3.9773302734336737,0.9470589714336736,1.050068804597155,0,1.52468147153286,0,2.064054646969362,1,1.6334237079661191,0,4.240366056978399,559.4664316912111,5.219046184877731
11963,11962,3.217041528,4.018795235248289,0.801753707248289,1.050068804597155,0,1.52468147153286,0,2.064054646969362,1,1.6348515981018181,1,1.6348515981018181,703.9110197611394,2.3129409011700393
11967,2102,5.971303687,5.020659964324637,0.9506437226753626,1.050068804597155,0,1.52468147153286,0,2.064054646969362,1,1.9731728910194324,1,1.9731728910194324,80.42660628327698,5.290741209711511
11968,2102,5.830428264,5.099595060964359,0.7308332030356413,1.050068804597155,0,1.52468147153286,1,2.064054646969362,1,1.8429548474961448,1,1.8429548474961448,131.4395109539918,1.52468147153286
11969,2102,2.998057191,4.984347315657417,1.9862901246574172,1.050068804597155,0,1.52468147153286,0,2.064054646969362,0,1.712210063863508,0,24.31591191837677,192.01544146790766,26.003669249352605
11970,2102,6.403245114,5.037008611635568,1.3662365023644316,1.050068804597155,0,1.52468147153286,0,2.064054646969362,0,1.8429548474961448,0,10.738136419823329,165.7559080420151,13.602596803492892
11971,2102,5.971303687,4.984347315657417,0.9869563713425826,1.050068804597155,0,1.52468147153286,0,2.064054646969362,1,1.74173289219104,0,4.063531397132293,181.88597123882732,6.016994183055912
11972,2102,6.182933272,4.984347315657417,1.1985859563425825,1.050068804597155,0,1.52468147153286,0,2.064054646969362,0,1.8429548474961448,0,7.385125499386346,170.3793704130638,10.249585883055909
11973,2102,6.738139984,5.0213483015933615,1.7167916824066385,1.050068804597155,0,1.52468147153286,0,2.064054646969362,0,1.8429548474961448,0,17.749240020667465,150.73424577516028,20.61370040433703
11976,4231,3.745321204,3.6876869397396,0.0576342642603999,1.050068804597155,1,1.52468147153286,1,2.064054646969362,1,1.1041317914883866,1,1.1041317914883866,219.44441386923697,1.52468147153286
11980,4231,3.64921542,3.494995705156033,0.154219714843967,1.050068804597155,1,1.52468147153286,1,2.064054646969362,1,1.1428425274703127,1,1.1428425274703127,256.43556064346035,1.52468147153286
11983,4231,3.626401965,3.7318228151094814,0.1054208501094815,1.050068804597155,1,1.52468147153286,1,2.064054646969362,1,1.2817654905240419,1,1.2817654905240419,600.8122209599417,1.52468147153286
11985,4231,4.009238371,4.184338897859507,0.1751005268595067,1.050068804597155,1,1.52468147153286,1,2.064054646969362,1,1.1846887263249224,1,1.1846887263249224,527.3463774120492,1.52468147153286
11986,4231,4.058579204,3.849428581921715,0.209150622078285,1.050068804597155,1,1.52468147153286,1,2.064054646969362,1,1.0040226170953979,1,1.0040226170953979,195.80004455953437,1.52468147153286
11987,4231,3.261826194,3.503239725578613,0.2414135315786127,1.050068804597155,1,1.52468147153286,1,2.064054646969362,1,1.0797179092952138,1,1.0797179092952138,260.3911682126172,1.52468147153286
11999,11999,3.124898906,3.271271556662625,0.146372650662625,1.050068804597155,1,1.52468147153286,1,2.064054646969362,1,1.380612816172353,1,1.380612816172353,698.7488164943031,1.52468147153286
12000,10506,3.838343768,3.758984269590409,0.0793594984095911,1.050068804597155,1,1.52468147153286,1,2.064054646969362,1,1.4967396485608706,1,1.4967396485608706,484.22033655205234,1.52468147153286
12001,12001,3.244148658,3.643340105920689,0.399191447920689,1.050068804597155,1,1.52468147153286,1,2.064054646969362,1,1.2772543466825281,1,1.2772543466825281,852.2421014389273,1.52468147153286
12012,4855,4.055519594,3.900223768743022,0.1552958252569776,1.050068804597155,1,1.52468147153286,1,2.064054646969362,1,1.0397243281917792,1,1.0397243281917792,412.5200924688671,1.52468147153286
12022,12022,1.992826199,2.9720325246956367,0.9792063256956368,1.050068804597155,0,1.52468147153286,0,2.064054646969362,1,1.6177557297486516,0,5.024324946174872,774.0330444568875,5.8619932701169954
12051,12051,4.83280331,3.892500726998163,0.940302583001837,1.050068804597155,0,1.52468147153286,0,2.064054646969362,1,1.066681487300274,0,9.205918274334275,590.0857099551948,5.083918416241
12062,12062,3.410267409,3.2928640953985253,0.1174033136014744,1.050068804597155,1,1.52468147153286,1,2.064054646969362,1,1.3910522890513155,1,1.3910522890513155,1045.9841416966433,1.52468147153286
12088,12088,3.247715558,3.52167441978734,0.2739588617873401,1.050068804597155,1,1.52468147153286,1,2.064054646969362,1,1.6334237079661191,1,1.6334237079661191,680.4777610635754,1.52468147153286
12093,12088,3.295292583,3.6514112589902177,0.3561186759902175,1.050068804597155,1,1.52468147153286,1,2.064054646969362,1,1.5812013882021647,1,1.5812013882021647,764.9948519514388,1.52468147153286
12094,12088,3.141315365,3.521720435608063,0.380405070608063,1.050068804597155,1,1.52468147153286,1,2.064054646969362,1,1.6377856258303867,1,1.6377856258303867,648.162530845493,1.52468147153286
12137,734,3.447813115,3.37982582886995,0.0679872861300503,1.050068804597155,1,1.52468147153286,1,2.064054646969362,1,1.4982305036798973,1,1.4982305036798973,338.39378877186556,1.52468147153286
12152,746,3.02078215,3.651719498805696,0.6309373488056962,1.050068804597155,0,1.52468147153286,1,2.064054646969362,1,0.857151865443721,0,4.904380187120434,94.42511224757806,1.52468147153286
12154,12154,3.775936501,3.813438821840278,0.0375023208402782,1.050068804597155,1,1.52468147153286,1,2.064054646969362,1,1.08854620336811,1,1.08854620336811,479.7658247886462,1.52468147153286
12157,12154,3.89279142,3.982373457290567,0.0895820372905671,1.050068804597155,1,1.52468147153286,1,2.064054646969362,1,1.08854620336811,1,1.08854620336811,464.6159640524503,1.52468147153286
12158,12154,3.720655357,3.7811071410370376,0.0604517840370375,1.050068804597155,1,1.52468147153286,1,2.064054646969362,1,1.1178084131289037,1,1.1178084131289037,511.88437494344834,1.52468147153286
12159,12154,3.802301051,3.848122572293973,0.0458215212939729,1.050068804597155,1,1.52468147153286,1,2.064054646969362,1,1.1132303611922225,1,1.1132303611922225,494.7613196700807,1.52468147153286
12168,12168,2.520207856,3.177771638874385,0.657563782874385,1.050068804597155,0,1.52468147153286,1,2.064054646969362,1,1.6521075139563504,1,1.6521075139563504,470.10426588022875,1.52468147153286
12173,12173,2.900277603,3.0997043518413956,0.1994267488413954,1.050068804597155,1,1.52468147153286,1,2.064054646969362,1,1.6780106505172885,1,1.6780106505172885,298.18764361808945,1.52468147153286
12178,12178,3.144842341,3.764356302903048,0.6195139619030479,1.050068804597155,0,1.52468147153286,1,2.064054646969362,1,1.489315580367471,1,1.489315580367471,315.3449689677013,1.52468147153286
12182,12182,3.885796427,3.604577697236978,0.281218729763022,1.050068804597155,1,1.52468147153286,1,2.064054646969362,1,1.366353248407834,1,1.366353248407834,169.1034428009343,1.52468147153286
12183,12182,3.584766432,3.647152216831806,0.0623857848318061,1.050068804597155,1,1.52468147153286,1,2.064054646969362,1,1.3452449663859802,1,1.3452449663859802,189.90183049240667,1.52468147153286
12184,12182,3.739668392,3.5152798394656335,0.2243885525343665,1.050068804597155,1,1.52468147153286,1,2.064054646969362,1,1.366353248407834,1,1.366353248407834,176.8619225727284,1.52468147153286
12185,12182,3.554825805,3.574690206834679,0.0198644018346789,1.050068804597155,1,1.52468147153286,1,2.064054646969362,1,1.3351003421169372,1,1.3351003421169372,155.0864672620607,1.52468147153286
12186,12182,3.8558558,3.5843207042110024,0.2715350957889977,1.050068804597155,1,1.52468147153286,1,2.064054646969362,1,1.3452449663859802,1,1.3452449663859802,179.29559779783617,1.52468147153286
12187,12182,3.594638912,3.654535412896465,0.0598965008964649,1.050068804597155,1,1.52468147153286,1,2.064054646969362,1,1.3351003421169372,1,1.3351003421169372,160.8126513220646,1.52468147153286
12188,12182,3.280333612,3.4315487704013408,0.1512151584013406,1.050068804597155,1,1.52468147153286,1,2.064054646969362,1,1.3452449663859802,1,1.3452449663859802,150.03981614824116,1.52468147153286
12200,12182,3.447592109,3.160166176967853,0.2874259320321468,1.050068804597155,1,1.52468147153286,1,2.064054646969362,1,1.3452449663859802,1,1.3452449663859802,148.127659461004,1.52468147153286
12201,12182,3.790051413,3.3287062246505728,0.4613451883494273,1.050068804597155,1,1.52468147153286,1,2.064054646969362,1,1.3452449663859802,1,1.3452449663859802,185.11964434147862,1.52468147153286
12202,12182,3.848049874,3.734288157519646,0.1137617164803539,1.050068804597155,1,1.52468147153286,1,2.064054646969362,1,1.429650291237051,1,1.429650291237051,322.11941697148507,1.52468147153286
12203,12182,3.491790173,3.214441154602314,0.2773490183976861,1.050068804597155,1,1.52468147153286,1,2.064054646969362,1,1.366353248407834,1,1.366353248407834,200.65214803304067,1.52468147153286
12204,12182,3.830409012,3.4858777846354374,0.3445312273645626,1.050068804597155,1,1.52468147153286,1,2.064054646969362,1,1.366353248407834,1,1.366353248407834,220.25707101233854,1.52468147153286
12210,12210,2.717159713,3.590941410815966,0.873781697815966,1.050068804597155,0,1.52468147153286,0,2.064054646969362,1,1.699289333118247,0,2.1820299582550975,567.0904746349535,3.7535007125235804
12214,12214,4.933450349,3.946110235961432,0.987340113038568,1.050068804597155,0,1.52468147153286,0,2.064054646969362,1,1.1964387702367638,0,8.978853328640485,568.6444274981701,6.0246690169756185
12215,12215,3.971713721,3.714993264016832,0.2567204569831678,1.050068804597155,1,1.52468147153286,1,2.064054646969362,1,1.102710936723887,1,1.102710936723887,631.8882346077792,1.52468147153286
12230,12230,3.009614615,3.5780982453137824,0.5684836303137826,1.050068804597155,0,1.52468147153286,1,2.064054646969362,1,1.6211267466279642,1,1.6211267466279642,564.8699108164063,1.52468147153286
12240,12240,2.429194928,2.7180025530284744,0.2888076250284745,1.050068804597155,1,1.52468147153286,1,2.064054646969362,1,1.4928188003459582,1,1.4928188003459582,348.94512639545013,1.52468147153286
12243,12240,2.386736707,2.58108652105763,0.19434981405763,1.050068804597155,1,1.52468147153286,1,2.064054646969362,1,1.489315580367471,1,1.489315580367471,333.7747088839305,1.52468147153286
12245,12240,2.315807717,3.039247823369867,0.7234401063698668,1.050068804597155,0,1.52468147153286,1,2.064054646969362,1,1.489315580367471,1,1.489315580367471,317.69523944413817,1.52468147153286
12246,12240,2.339673335,2.912633897753027,0.572960562753027,1.050068804597155,0,1.52468147153286,1,2.064054646969362,1,1.4519737566165158,1,1.4519737566165158,282.20007211401133,1.52468147153286
12252,12154,3.578940094,3.760996111034795,0.1820560170347951,1.050068804597155,1,1.52468147153286,1,2.064054646969362,1,1.08854620336811,1,1.08854620336811,451.02614113850404,1.52468147153286
12253,12154,3.6225221,3.675515197005114,0.052993097005114,1.050068804597155,1,1.52468147153286,1,2.064054646969362,1,1.102710936723887,1,1.102710936723887,474.6407789583562,1.52468147153286
12281,12281,4.301548668,3.768946504063974,0.5326021639360259,1.050068804597155,0,1.52468147153286,1,2.064054646969362,1,1.0874971530866526,1,1.0874971530866526,439.3549191954448,1.52468147153286
12283,12283,3.348545453,3.9183313887157056,0.5697859357157058,1.050068804597155,0,1.52468147153286,1,2.064054646969362,1,1.3796985342264385,1,1.3796985342264385,929.8938280557873,1.52468147153286
12284,12283,3.525022414,4.11003598373064,0.58501356973064,1.050068804597155,0,1.52468147153286,1,2.064054646969362,1,1.2358654909256312,1,1.2358654909256312,699.0349297513836,1.52468147153286
12285,12283,3.510834699,4.051334429414747,0.540499730414747,1.050068804597155,0,1.52468147153286,1,2.064054646969362,1,1.3146642260256325,1,1.3146642260256325,867.8965898904027,1.52468147153286
12286,12283,3.701984688,4.0993156524621135,0.3973309644621134,1.050068804597155,1,1.52468147153286,1,2.064054646969362,1,1.1846887263249224,1,1.1846887263249224,690.0833258250887,1.52468147153286
12287,12283,3.434568904,3.877272915689313,0.442704011689313,1.050068804597155,1,1.52468147153286,1,2.064054646969362,1,1.302102845045579,1,1.302102845045579,972.1759803583664,1.52468147153286
12298,12298,3.951552292,4.055346598656347,0.1037943066563467,1.050068804597155,1,1.52468147153286,1,2.064054646969362,1,1.0994139363072462,1,1.0994139363072462,591.174467586251,1.52468147153286
12301,12301,3.825920828,3.929528084804775,0.103607256804775,1.050068804597155,1,1.52468147153286,1,2.064054646969362,1,1.4892488918669606,1,1.4892488918669606,865.4386766394132,1.52468147153286
12375,12375,4.079826418,3.8235787612059737,0.2562476567940259,1.050068804597155,1,1.52468147153286,1,2.064054646969362,1,1.181803694468055,1,1.181803694468055,590.936238277422,1.52468147153286
12380,12380,3.661121807,3.746812142902744,0.0856903359027443,1.050068804597155,1,1.52468147153286,1,2.064054646969362,1,1.123091525034881,1,1.123091525034881,582.2533614110577,1.52468147153286
12382,12382,3.681886409,3.837928529210107,0.1560421202101074,1.050068804597155,1,1.52468147153286,1,2.064054646969362,1,1.123091525034881,1,1.123091525034881,600.5267632933768,1.52468147153286
12383,12382,3.657113245,3.80337736029012,0.1462641152901196,1.050068804597155,1,1.52468147153286,1,2.064054646969362,1,1.1574151242489146,1,1.1574151242489146,648.5148107815228,1.52468147153286
12385,12382,3.758098531,3.9407845702984847,0.1826860392984848,1.050068804597155,1,1.52468147153286,1,2.064054646969362,1,1.102710936723887,1,1.102710936723887,516.5370933942424,1.52468147153286
12393,12393,1.98620022,3.1037382609010065,1.1175380409010065,1.050068804597155,0,1.52468147153286,0,2.064054646969362,0,1.6275620547016976,0,7.702702325704852,898.3403261524804,8.628627574224389
12395,12395,3.410959346,3.474752895264412,0.0637935492644121,1.050068804597155,1,1.52468147153286,1,2.064054646969362,1,1.1597138134038474,1,1.1597138134038474,651.2829274611856,1.52468147153286
12420,9883,3.650629686,4.1848330911988185,0.5342034051988187,1.050068804597155,0,1.52468147153286,1,2.064054646969362,1,1.2934848125288436,1,1.2934848125288436,1065.8983946319652,1.52468147153286
12448,12448,3.56921624,3.87089716413524,0.30168092413524,1.050068804597155,1,1.52468147153286,1,2.064054646969362,1,1.4436711702900702,1,1.4436711702900702,731.7685276061965,1.52468147153286
12453,11175,3.15585955,2.9668343512881066,0.1890251987118936,1.050068804597155,1,1.52468147153286,1,2.064054646969362,1,1.3398275348484274,1,1.3398275348484274,881.5348822409787,1.52468147153286
12459,6312,4.06882199,3.6316997979419097,0.4371221920580903,1.050068804597155,1,1.52468147153286,1,2.064054646969362,1,1.380612816172353,1,1.380612816172353,1084.2715646931172,1.52468147153286
12480,3027,3.644059278,3.6138995847312385,0.0301596932687613,1.050068804597155,1,1.52468147153286,1,2.064054646969362,1,1.2772543466825281,1,1.2772543466825281,725.1104763509996,1.52468147153286
12481,12481,3.199177653,3.18731704873302,0.0118606042669799,1.050068804597155,1,1.52468147153286,1,2.064054646969362,1,1.4421221644499145,1,1.4421221644499145,990.7914884731908,1.52468147153286
12498,12498,3.640437767,3.7199934746759658,0.0795557076759658,1.050068804597155,1,1.52468147153286,1,2.064054646969362,1,1.2817654905240419,1,1.2817654905240419,923.6710261862684,1.52468147153286
12524,2265,3.529733068,3.6848582165390065,0.1551251485390063,1.050068804597155,1,1.52468147153286,1,2.064054646969362,1,1.6334237079661191,1,1.6334237079661191,579.7718051858526,1.52468147153286
12526,12526,3.805089234,3.8156059522330352,0.0105167182330352,1.050068804597155,1,1.52468147153286,1,2.064054646969362,1,1.0874971530866526,1,1.0874971530866526,449.26482201129716,1.52468147153286
12550,11175,3.335974366,2.987420127076555,0.348554238923445,1.050068804597155,1,1.52468147153286,1,2.064054646969362,1,1.3321448556530964,1,1.3321448556530964,826.7311859087729,1.52468147153286
12558,12558,5.362706858,4.25559629416202,1.1071105638379803,1.050068804597155,0,1.52468147153286,0,2.064054646969362,0,1.6275620547016976,0,7.494152784444329,765.1792185004505,8.420078032963866
12561,8051,3.686961677,3.334844658476011,0.3521170185239892,1.050068804597155,1,1.52468147153286,1,2.064054646969362,1,1.1967980335046144,1,1.1967980335046144,809.9309688496186,1.52468147153286
12562,12562,3.665339724,3.528314186065434,0.1370255379345657,1.050068804597155,1,1.52468147153286,1,2.064054646969362,1,1.2284225834212013,1,1.2284225834212013,776.3636043701309,1.52468147153286
12563,12562,3.709981287,3.676696476645507,0.0332848103544933,1.050068804597155,1,1.52468147153286,1,2.064054646969362,1,1.2698910922360431,1,1.2698910922360431,740.7398788547314,1.52468147153286
12564,12562,3.688233847,3.471800640949763,0.2164332060502367,1.050068804597155,1,1.52468147153286,1,2.064054646969362,1,1.3469016477462619,1,1.3469016477462619,934.730677473858,1.52468147153286
12568,12562,3.593842981,3.737748203309246,0.1439052223092463,1.050068804597155,1,1.52468147153286,1,2.064054646969362,1,1.123091525034881,1,1.123091525034881,511.59487255832744,1.52468147153286
12570,12562,3.48055019,3.381019138895548,0.099531051104452,1.050068804597155,1,1.52468147153286,1,2.064054646969362,1,1.1846887263249224,1,1.1846887263249224,553.6471322631097,1.52468147153286
12576,12576,3.328854417,3.3153306209880222,0.0135237960119778,1.050068804597155,1,1.52468147153286,1,2.064054646969362,1,1.626293848871482,1,1.626293848871482,761.6463135103454,1.52468147153286
12582,12582,3.193817247,3.396684516785539,0.2028672697855387,1.050068804597155,1,1.52468147153286,1,2.064054646969362,1,1.766601315707975,1,1.766601315707975,657.0833085222148,1.52468147153286
12585,12585,4.473749657,4.720400200678677,0.246650543678677,1.050068804597155,1,1.52468147153286,1,2.064054646969362,1,1.1964387702367638,1,1.1964387702367638,580.405490004602,1.52468147153286
12589,12589,3.074548275,3.4702721136158483,0.3957238386158481,1.050068804597155,1,1.52468147153286,1,2.064054646969362,1,1.2934848125288436,1,1.2934848125288436,1014.2898633834338,1.52468147153286
12590,12590,3.158217219,3.3019429020870996,0.1437256830870996,1.050068804597155,1,1.52468147153286,1,2.064054646969362,1,1.4982305036798973,1,1.4982305036798973,424.7762383031456,1.52468147153286
12595,12595,3.778769938,4.0598387430894896,0.2810688050894896,1.050068804597155,1,1.52468147153286,1,2.064054646969362,1,1.0550513589636452,1,1.0550513589636452,496.7705263034937,1.52468147153286
12608,12608,3.97100462,3.564681517728661,0.4063231022713389,1.050068804597155,1,1.52468147153286,1,2.064054646969362,1,1.4000068673287505,1,1.4000068673287505,1017.8543882645693,1.52468147153286
12609,12608,4.747855532,3.570246505736852,1.177609026263148,1.050068804597155,0,1.52468147153286,0,2.064054646969362,0,1.3897758008728918,0,11.044198317406934,1004.7178567419887,9.83004728146722
12611,4621,5.126264927,3.9864204205835754,1.1398445064164249,1.050068804597155,0,1.52468147153286,0,2.064054646969362,0,1.5257273445853006,0,9.065344027060792,730.8962301736868,9.074756884532757
12617,12617,3.727212914,3.672839081698592,0.0543738323014078,1.050068804597155,1,1.52468147153286,1,2.064054646969362,1,1.2817654905240419,1,1.2817654905240419,733.7888899939097,1.52468147153286
12625,12625,4.094484716,3.6797358727224134,0.4147488432775867,1.050068804597155,1,1.52468147153286,1,2.064054646969362,1,1.4589678116174616,1,1.4589678116174616,864.1122622645834,1.52468147153286
12671,4621,3.636892486,3.877846458651165,0.2409539726511647,1.050068804597155,1,1.52468147153286,1,2.064054646969362,1,1.5626288932031063,1,1.5626288932031063,722.337005731827,1.52468147153286
12675,12675,4.022471199,3.967191841310993,0.0552793576890069,1.050068804597155,1,1.52468147153286,1,2.064054646969362,1,1.0874971530866526,1,1.0874971530866526,571.5850820000728,1.52468147153286
12682,12682,3.68899949,3.697862529491643,0.0088630394916431,1.050068804597155,1,1.52468147153286,1,2.064054646969362,1,1.4820917832292722,1,1.4820917832292722,723.8898535320125,1.52468147153286
12686,12686,4.107042176,3.7968955633167063,0.3101466126832934,1.050068804597155,1,1.52468147153286,1,2.064054646969362,1,1.3504731496125624,1,1.3504731496125624,898.2970707664805,1.52468147153286
12696,12696,3.73556611,3.7786744051490864,0.0431082951490862,1.050068804597155,1,1.52468147153286,1,2.064054646969362,1,1.396974315685524,1,1.396974315685524,892.8876414865279,1.52468147153286
12700,7517,4.715745255,4.036199930363809,0.6795453246361909,1.050068804597155,0,1.52468147153286,1,2.064054646969362,1,1.6521075139563504,1,1.6521075139563504,709.4406566817896,1.52468147153286
12709,5622,4.016293574,3.865388180151742,0.1509053938482578,1.050068804597155,1,1.52468147153286,1,2.064054646969362,1,1.140124566750619,1,1.140124566750619,490.4896567499571,1.52468147153286
12726,12726,4.056716571,4.168985950049888,0.1122693790498878,1.050068804597155,1,1.52468147153286,1,2.064054646969362,1,1.6309639547093955,1,1.6309639547093955,631.9417024510689,1.52468147153286
12727,12727,4.419390124,3.814983762191861,0.6044063618081399,1.050068804597155,0,1.52468147153286,1,2.064054646969362,1,1.2772543466825281,1,1.2772543466825281,625.4138484606915,1.52468147153286
12748,12748,3.899511144,3.5936516400637175,0.3058595039362823,1.050068804597155,1,1.52468147153286,1,2.064054646969362,1,1.471777350325528,1,1.471777350325528,1026.2394879786864,1.52468147153286
12749,7864,3.847757688,3.649578852118458,0.1981788358815421,1.050068804597155,1,1.52468147153286,1,2.064054646969362,1,1.6309639547093955,1,1.6309639547093955,573.0290583807154,1.52468147153286
12756,3061,4.48724961,4.649921696100359,0.1626720861003585,1.050068804597155,1,1.52468147153286,1,2.064054646969362,1,1.380612816172353,1,1.380612816172353,819.058099889796,1.52468147153286
12763,12763,3.733481006,3.314569895951937,0.4189111100480627,1.050068804597155,1,1.52468147153286,1,2.064054646969362,1,1.4820917832292722,1,1.4820917832292722,828.675630818911,1.52468147153286
12797,12797,3.572565653,3.751368208512292,0.1788025555122923,1.050068804597155,1,1.52468147153286,1,2.064054646969362,1,1.4525690956558748,1,1.4525690956558748,930.5369674247341,1.52468147153286
12805,12805,3.663971686,3.6475349809106783,0.0164367050893217,1.050068804597155,1,1.52468147153286,1,2.064054646969362,1,1.3834143289291232,1,1.3834143289291232,827.5185793797198,1.52468147153286
12808,12808,3.438373028,3.7729542142828216,0.3345811862828216,1.050068804597155,1,1.52468147153286,1,2.064054646969362,1,1.4001985286173522,1,1.4001985286173522,896.4760049976634,1.52468147153286
12811,12805,3.686936163,3.6751176918587993,0.0118184711412006,1.050068804597155,1,1.52468147153286,1,2.064054646969362,1,1.3834143289291232,1,1.3834143289291232,763.4109354484899,1.52468147153286
12812,12805,4.388069215,3.825724833045917,0.5623443819540834,1.050068804597155,0,1.52468147153286,1,2.064054646969362,1,1.396974315685524,1,1.396974315685524,943.8272742725626,1.52468147153286
12818,12818,4.083821018,3.825170690000928,0.2586503279990721,1.050068804597155,1,1.52468147153286,1,2.064054646969362,1,1.632526632945865,1,1.632526632945865,834.998916195278,1.52468147153286
12828,12828,3.749217148,3.3338789524988344,0.4153381955011657,1.050068804597155,1,1.52468147153286,1,2.064054646969362,1,1.3398275348484274,1,1.3398275348484274,814.1428170398444,1.52468147153286
12837,5622,4.247420846,4.049872147713248,0.1975486982867513,1.050068804597155,1,1.52468147153286,1,2.064054646969362,1,1.1597138134038474,1,1.1597138134038474,449.5983178557636,1.52468147153286
12840,12840,3.573012087,3.5877325740125103,0.0147204870125103,1.050068804597155,1,1.52468147153286,1,2.064054646969362,1,1.4001985286173522,1,1.4001985286173522,906.3829461879665,1.52468147153286
12846,12846,3.801659203,3.8929407188231857,0.0912815158231854,1.050068804597155,1,1.52468147153286,1,2.064054646969362,1,1.08854620336811,1,1.08854620336811,532.5514623795191,1.52468147153286
12847,12847,3.792101448,4.026395399799821,0.2342939517998208,1.050068804597155,1,1.52468147153286,1,2.064054646969362,1,1.0741825317303277,1,1.0741825317303277,427.1349756296969,1.52468147153286
12853,5622,3.621094541,3.916771628808287,0.2956770878082868,1.050068804597155,1,1.52468147153286,1,2.064054646969362,1,1.1690470098093586,1,1.1690470098093586,533.3812704113786,1.52468147153286
12858,12858,4.114496606,4.302286678144296,0.1877900721442955,1.050068804597155,1,1.52468147153286,1,2.064054646969362,1,1.0788291633046407,1,1.0788291633046407,426.72560597160816,1.52468147153286
12862,12862,3.516207381,3.8662387824800706,0.3500314014800705,1.050068804597155,1,1.52468147153286,1,2.064054646969362,1,1.407223166139615,1,1.407223166139615,1012.4322184871558,1.52468147153286
12865,12865,3.610336146,3.599919965307779,0.0104161806922209,1.050068804597155,1,1.52468147153286,1,2.064054646969362,1,1.1964387702367638,1,1.1964387702367638,592.5785624587365,1.52468147153286
12869,2157,2.678123055,3.332145794354759,0.6540227393547595,1.050068804597155,0,1.52468147153286,1,2.064054646969362,1,1.692535950084464,1,1.692535950084464,174.95426017641262,1.52468147153286
12871,4619,4.709333574,3.8981999206195055,0.8111336533804949,1.050068804597155,0,1.52468147153286,0,2.064054646969362,1,1.407223166139615,0,3.557664572353363,666.0343004332846,2.500539823814158
12878,12301,3.771783867,3.844497942000322,0.0727140750003219,1.050068804597155,1,1.52468147153286,1,2.064054646969362,1,1.4926896882219651,1,1.4926896882219651,1090.0344500635074,1.52468147153286
12889,12889,3.562116476,3.726014951461485,0.1638984754614849,1.050068804597155,1,1.52468147153286,1,2.064054646969362,1,1.5116059835850626,1,1.5116059835850626,883.0850698371179,1.52468147153286
12903,12903,3.586918685,3.2842447535913144,0.3026739314086857,1.050068804597155,1,1.52468147153286,1,2.064054646969362,1,1.699289333118247,1,1.699289333118247,640.027295786801,1.52468147153286
12914,12914,4.044141082,3.5628545847693176,0.4812864972306827,1.050068804597155,1,1.52468147153286,1,2.064054646969362,1,1.4820917832292722,1,1.4820917832292722,783.275011352095,1.52468147153286
12918,12918,3.449947153,3.7763959347322023,0.3264487817322021,1.050068804597155,1,1.52468147153286,1,2.064054646969362,1,1.5626288932031063,1,1.5626288932031063,752.7237717258544,1.52468147153286
12919,12919,4.130965984,3.804001967024268,0.3269640169757322,1.050068804597155,1,1.52468147153286,1,2.064054646969362,1,1.4436711702900702,1,1.4436711702900702,739.5813163937344,1.52468147153286
12925,12925,3.876465947,4.085690234323931,0.2092242873239316,1.050068804597155,1,1.52468147153286,1,2.064054646969362,1,1.1964387702367638,1,1.1964387702367638,762.5945635831607,1.52468147153286
12930,12930,3.844090905,3.81440516368686,0.0296857413131399,1.050068804597155,1,1.52468147153286,1,2.064054646969362,1,1.2772543466825281,1,1.2772543466825281,785.4020015191073,1.52468147153286
12931,12930,3.648551672,3.498009766743271,0.1505419052567291,1.050068804597155,1,1.52468147153286,1,2.064054646969362,1,1.2693643667630692,1,1.2693643667630692,698.4149231343154,1.52468147153286
12932,12930,4.238019604,3.64144786617183,0.5965717378281696,1.050068804597155,0,1.52468147153286,1,2.064054646969362,1,1.1597138134038474,0,1.4940104359287663,608.8625180680893,1.52468147153286
12933,12933,3.623402522,3.841821231313851,0.2184187093138514,1.050068804597155,1,1.52468147153286,1,2.064054646969362,1,1.3398275348484274,1,1.3398275348484274,1037.126782252238,1.52468147153286
12937,12805,4.362397643,3.755188442108583,0.607209200891417,1.050068804597155,0,1.52468147153286,1,2.064054646969362,1,1.396974315685524,1,1.396974315685524,958.0445243295916,1.52468147153286
12939,12865,3.753979896,4.130937674337723,0.3769577783377227,1.050068804597155,1,1.52468147153286,1,2.064054646969362,1,1.1597138134038474,1,1.1597138134038474,495.33082191300895,1.52468147153286
12940,12865,3.412541488,3.701698655368875,0.2891571673688755,1.050068804597155,1,1.52468147153286,1,2.064054646969362,1,1.1227493765899847,1,1.1227493765899847,638.6221705891638,1.52468147153286
12953,3027,3.444291208,3.6092031559947304,0.1649119479947303,1.050068804597155,1,1.52468147153286,1,2.064054646969362,1,1.269079211218962,1,1.269079211218962,701.7626833661241,1.52468147153286
12957,3027,3.517720125,3.613952725461519,0.0962326004615192,1.050068804597155,1,1.52468147153286,1,2.064054646969362,1,1.302102845045579,1,1.302102845045579,792.8530202458917,1.52468147153286
12966,3027,3.666335673,3.6875368319764954,0.0212011589764955,1.050068804597155,1,1.52468147153286,1,2.064054646969362,1,1.2693643667630692,1,1.2693643667630692,693.3153522855564,1.52468147153286
12967,3027,3.967541736,3.8018888081303257,0.1656529278696741,1.050068804597155,1,1.52468147153286,1,2.064054646969362,1,1.2006980094738973,1,1.2006980094738973,586.1100680403347,1.52468147153286
12968,3027,3.377878251,3.3923551757644317,0.0144769247644318,1.050068804597155,1,1.52468147153286,1,2.064054646969362,1,1.2683003395262684,1,1.2683003395262684,885.8802001745362,1.52468147153286
12970,12933,3.986767537,4.046210683082929,0.0594431460829292,1.050068804597155,1,1.52468147153286,1,2.064054646969362,1,1.29460112607409,1,1.29460112607409,876.7269694098547,1.52468147153286
12974,12974,3.708613601,3.677709664512755,0.0309039364872449,1.050068804597155,1,1.52468147153286,1,2.064054646969362,1,1.2817654905240419,1,1.2817654905240419,565.4181611097972,1.52468147153286
12976,12976,3.765586072,3.742656357113444,0.0229297148865561,1.050068804597155,1,1.52468147153286,1,2.064054646969362,1,1.4519737566165158,1,1.4519737566165158,368.5978932944418,1.52468147153286
12982,12982,3.560058285,3.280987076753386,0.2790712082466142,1.050068804597155,1,1.52468147153286,1,2.064054646969362,1,1.4975989965576506,1,1.4975989965576506,845.5415513949333,1.52468147153286
12985,669,3.51385963,3.401183599784065,0.1126760302159346,1.050068804597155,1,1.52468147153286,1,2.064054646969362,1,1.302102845045579,1,1.302102845045579,505.75785789136626,1.52468147153286
12993,12993,4.272157922,3.7239257866873,0.5482321353126998,1.050068804597155,0,1.52468147153286,1,2.064054646969362,1,1.4553805109797686,1,1.4553805109797686,1048.7272925760253,1.52468147153286
12995,12995,3.781312907,4.04490648944179,0.2635935824417905,1.050068804597155,1,1.52468147153286,1,2.064054646969362,1,1.4436711702900702,1,1.4436711702900702,990.1073675755545,1.52468147153286
13030,13030,3.660569051,3.642216130933874,0.0183529200661261,1.050068804597155,1,1.52468147153286,1,2.064054646969362,1,1.3897758008728918,1,1.3897758008728918,775.5543353158488,1.52468147153286
13040,13040,4.074831395,4.064171386700682,0.0106600082993182,1.050068804597155,1,1.52468147153286,1,2.064054646969362,1,1.3834143289291232,1,1.3834143289291232,1125.0560710022062,1.52468147153286
13044,13044,3.811190693,3.746819161656154,0.0643715313438457,1.050068804597155,1,1.52468147153286,1,2.064054646969362,1,1.1597138134038474,1,1.1597138134038474,456.2548710695111,1.52468147153286
13046,13046,3.866230358,4.185240103247863,0.3190097452478628,1.050068804597155,1,1.52468147153286,1,2.064054646969362,1,1.0788291633046407,1,1.0788291633046407,449.51040731922654,1.52468147153286
13047,13046,3.78514545,3.8277577996207737,0.0426123496207737,1.050068804597155,1,1.52468147153286,1,2.064054646969362,1,1.102710936723887,1,1.102710936723887,532.4696594121847,1.52468147153286
13059,12805,3.664045654,3.604578357444132,0.0594672965558684,1.050068804597155,1,1.52468147153286,1,2.064054646969362,1,1.3945897224156516,1,1.3945897224156516,909.7138922523111,1.52468147153286
13083,13083,3.812787504,4.047610999170597,0.2348234951705965,1.050068804597155,1,1.52468147153286,1,2.064054646969362,1,1.1846887263249224,1,1.1846887263249224,592.7771736203513,1.52468147153286
13087,13087,3.5301919,3.994044254747344,0.4638523547473436,1.050068804597155,1,1.52468147153286,1,2.064054646969362,1,1.1815882753057325,1,1.1815882753057325,632.4995477054513,1.52468147153286
13092,13092,3.457484646,3.5812031730022023,0.1237185270022021,1.050068804597155,1,1.52468147153286,1,2.064054646969362,1,1.3469016477462619,1,1.3469016477462619,909.5734385365889,1.52468147153286
13095,13095,3.633616321,3.661120481118958,0.027504160118958,1.050068804597155,1,1.52468147153286,1,2.064054646969362,1,1.7291046775834538,1,1.7291046775834538,629.6495828028532,1.52468147153286
13104,13095,4.154576117,3.755778876713081,0.3987972402869193,1.050068804597155,1,1.52468147153286,1,2.064054646969362,1,1.8208860709437305,1,1.8208860709437305,565.8461597661432,1.52468147153286
13108,13108,3.985892805,3.885227938369838,0.1006648666301628,1.050068804597155,1,1.52468147153286,1,2.064054646969362,1,1.4421221644499145,1,1.4421221644499145,1013.3147026707996,1.52468147153286
13114,13114,3.618070521,4.132452051627811,0.5143815306278112,1.050068804597155,1,1.52468147153286,1,2.064054646969362,1,1.6780106505172885,1,1.6780106505172885,706.2841215530692,1.52468147153286
13134,13134,3.730935048,3.8676977926000498,0.1367627446000492,1.050068804597155,1,1.52468147153286,1,2.064054646969362,1,1.4000068673287505,1,1.4000068673287505,626.2117807778753,1.52468147153286
13162,13162,4.526500815,3.7425108441189128,0.7839899708810876,1.050068804597155,0,1.52468147153286,0,2.064054646969362,1,1.5257273445853006,0,1.9482533163540463,903.8709725099787,1.957666173826011
13165,10551,4.36855959,3.8446328528245584,0.5239267371754419,1.050068804597155,1,1.52468147153286,1,2.064054646969362,1,1.7124406432167314,1,1.7124406432167314,680.688865576266,1.52468147153286
13167,13167,3.650251816,3.8427150746964767,0.1924632586964767,1.050068804597155,1,1.52468147153286,1,2.064054646969362,1,1.5116059835850626,1,1.5116059835850626,935.0078294441894,1.52468147153286
13168,13168,2.839758818,3.732358490700971,0.8925996727009715,1.050068804597155,0,1.52468147153286,0,2.064054646969362,1,1.6275620547016976,0,3.203934961704152,832.466632773031,4.12986021022369
13173,13173,3.59381458,3.8508220712635337,0.2570074912635336,1.050068804597155,1,1.52468147153286,1,2.064054646969362,1,1.5095461980813774,1,1.5095461980813774,911.8447652896389,1.52468147153286
13198,5622,3.585280206,3.701639813883428,0.1163596078834281,1.050068804597155,1,1.52468147153286,1,2.064054646969362,1,1.0967658926903692,1,1.0967658926903692,599.4836994699698,1.52468147153286
13214,2919,5.153299192,3.8729433711073846,1.2803558208926158,1.050068804597155,0,1.52468147153286,0,2.064054646969362,0,1.08854620336811,0,15.810200587539327,579.9369357809888,11.884983174056575
13215,2919,5.126092426,3.892630864671546,1.2334615613284536,1.050068804597155,0,1.52468147153286,0,2.064054646969362,0,1.0874971530866526,0,14.881756848789198,554.2008961698172,10.947097982773332
13218,2919,4.999079615,3.910785023539835,1.0882945914601647,1.050068804597155,0,1.52468147153286,0,2.064054646969362,0,1.0874971530866526,0,11.978417451423422,538.6740572919105,8.043758585407554
13221,3591,3.379570961,3.839401170180641,0.459830209180641,1.050068804597155,1,1.52468147153286,1,2.064054646969362,1,1.2807129586479924,1,1.2807129586479924,921.8949020219713,1.52468147153286
13224,13224,3.730722305,3.4060942222717667,0.3246280827282333,1.050068804597155,1,1.52468147153286,1,2.064054646969362,1,1.4067374915636837,1,1.4067374915636837,1021.1226353710589,1.52468147153286
13229,2919,6.436696835,4.080272525322629,2.3564243096773714,1.050068804597155,0,1.52468147153286,0,2.064054646969362,0,1.3526418093239734,0,34.95470990963166,638.5913597959097,33.406352949751685
13230,2919,3.685501691,3.8743108541273954,0.1888091631273956,1.050068804597155,1,1.52468147153286,1,2.064054646969362,1,1.2203379168254198,1,1.2203379168254198,752.9491018738449,1.52468147153286
13231,2919,4.092771668,3.819037191572489,0.2737344764275109,1.050068804597155,1,1.52468147153286,1,2.064054646969362,1,1.1846887263249224,1,1.1846887263249224,631.248164970445,1.52468147153286
13232,2919,5.808123326,4.113214088476753,1.6949092375232464,1.050068804597155,0,1.52468147153286,0,2.064054646969362,0,1.3526418093239734,0,21.724408466549168,548.2288003130354,20.17605150666919
13240,3591,4.408702391,3.848925479888696,0.559776911111304,1.050068804597155,0,1.52468147153286,1,2.064054646969362,1,1.302102845045579,1,1.302102845045579,908.0642935553284,1.52468147153286
13245,3591,4.160637665,3.901525429230114,0.2591122357698863,1.050068804597155,1,1.52468147153286,1,2.064054646969362,1,1.0874971530866526,1,1.0874971530866526,430.8126501030147,1.52468147153286
13246,10506,3.701794571,3.8404149503528417,0.1386203793528415,1.050068804597155,1,1.52468147153286,1,2.064054646969362,1,1.2726043912951397,1,1.2726043912951397,352.0350065922458,1.52468147153286
13248,10506,3.691832676,3.933267159689533,0.2414344836895328,1.050068804597155,1,1.52468147153286,1,2.064054646969362,1,1.301023391114362,1,1.301023391114362,785.4794422936263,1.52468147153286
13249,10506,3.627188401,3.5758107671809563,0.0513776338190439,1.050068804597155,1,1.52468147153286,1,2.064054646969362,1,1.5072520957078765,1,1.5072520957078765,552.7890523522823,1.52468147153286
13250,10506,3.694930954,3.849379216933344,0.1544482629333439,1.050068804597155,1,1.52468147153286,1,2.064054646969362,1,1.302102845045579,1,1.302102845045579,753.531482270535,1.52468147153286
13251,10506,3.694930954,3.7430312043547342,0.048100250354734,1.050068804597155,1,1.52468147153286,1,2.064054646969362,1,1.3789645652359779,1,1.3789645652359779,730.5055690042266,1.52468147153286
13252,9162,3.584930631,3.477468651144376,0.1074619798556244,1.050068804597155,1,1.52468147153286,1,2.064054646969362,1,1.6211267466279642,1,1.6211267466279642,804.6663158493745,1.52468147153286
13253,9162,3.612337227,3.752559958753837,0.1402227317538371,1.050068804597155,1,1.52468147153286,1,2.064054646969362,1,1.4928188003459582,1,1.4928188003459582,490.6161622330489,1.52468147153286
13283,3591,4.007537832,3.837271802334561,0.1702660296654388,1.050068804597155,1,1.52468147153286,1,2.064054646969362,1,1.3398275348484274,1,1.3398275348484274,944.5311457107848,1.52468147153286
13285,13285,3.405376178,3.5432665746003007,0.1378903966003006,1.050068804597155,1,1.52468147153286,1,2.064054646969362,1,1.5257273445853006,1,1.5257273445853006,737.3887450372494,1.52468147153286
13286,12,3.615558695,3.561884415430927,0.0536742795690727,1.050068804597155,1,1.52468147153286,1,2.064054646969362,1,1.4067374915636837,1,1.4067374915636837,1035.4236898444487,1.52468147153286
13290,3564,3.67259479,4.020465059443488,0.3478702694434878,1.050068804597155,1,1.52468147153286,1,2.064054646969362,1,1.29460112607409,1,1.29460112607409,837.6710696628182,1.52468147153286
13294,3564,3.594907289,3.7458728189721,0.1509655299721002,1.050068804597155,1,1.52468147153286,1,2.064054646969362,1,1.4001985286173522,1,1.4001985286173522,1008.1249935330136,1.52468147153286
13295,12,4.100916517,3.678989519753413,0.4219269972465875,1.050068804597155,1,1.52468147153286,1,2.064054646969362,1,1.3354862399578504,1,1.3354862399578504,903.8574399438738,1.52468147153286
13297,13297,3.917065478,3.684015949549996,0.233049528450004,1.050068804597155,1,1.52468147153286,1,2.064054646969362,1,1.1597138134038474,1,1.1597138134038474,728.5477314975136,1.52468147153286
13303,13303,4.153709876,4.161491948995251,0.0077820729952513,1.050068804597155,1,1.52468147153286,1,2.064054646969362,1,1.6429877854676231,1,1.6429877854676231,711.4735752079081,1.52468147153286
13309,13309,3.748991891,3.736766557579615,0.012225333420385,1.050068804597155,1,1.52468147153286,1,2.064054646969362,1,1.4001985286173522,1,1.4001985286173522,775.9340161208102,1.52468147153286
13313,13313,3.837840862,4.107421492932876,0.2695806309328761,1.050068804597155,1,1.52468147153286,1,2.064054646969362,1,1.1955186547543812,1,1.1955186547543812,759.6763565146936,1.52468147153286
13314,13313,3.821743903,3.778256889956785,0.0434870130432156,1.050068804597155,1,1.52468147153286,1,2.064054646969362,1,1.3262869340924492,1,1.3262869340924492,153.01121955134332,1.52468147153286
13338,12982,4.055070257,3.0460969273367757,1.008973329663224,1.050068804597155,0,1.52468147153286,0,2.064054646969362,1,1.5020973847507406,0,6.6605901305078135,410.08046036835844,6.457333349468739
13339,13339,4.7970061,3.989555222678747,0.8074508773212528,1.050068804597155,0,1.52468147153286,0,2.064054646969362,1,1.4820917832292722,0,2.810191497361606,909.0680354234875,2.4268843026293148
13342,13342,4.372671684,3.8613764703094393,0.5112952136905609,1.050068804597155,1,1.52468147153286,1,2.064054646969362,1,1.6334237079661191,1,1.6334237079661191,796.8112368568325,1.52468147153286
13350,13350,3.933278442,3.837531158990482,0.0957472830095182,1.050068804597155,1,1.52468147153286,1,2.064054646969362,1,1.4928188003459582,1,1.4928188003459582,967.564674776651,1.52468147153286
13352,13352,3.831026805,3.735672250380566,0.0953545546194338,1.050068804597155,1,1.52468147153286,1,2.064054646969362,1,1.6309639547093955,1,1.6309639547093955,874.6178180888644,1.52468147153286
13355,13355,4.169402548,4.2296770971635125,0.0602745491635126,1.050068804597155,1,1.52468147153286,1,2.064054646969362,1,1.2006980094738973,1,1.2006980094738973,531.9399895646302,1.52468147153286
13361,13361,4.826440419,3.893194555353459,0.9332458636465408,1.050068804597155,0,1.52468147153286,0,2.064054646969362,1,1.1846887263249224,0,8.002718736006514,602.8801503209419,4.942784029135076
13364,13364,3.319610368,3.6371960599291513,0.3175856919291511,1.050068804597155,1,1.52468147153286,1,2.064054646969362,1,1.08854620336811,1,1.08854620336811,489.02724080986036,1.52468147153286
13365,13365,3.923565647,3.8502134062059983,0.0733522407940019,1.050068804597155,1,1.52468147153286,1,2.064054646969362,1,1.3834143289291232,1,1.3834143289291232,1085.644459958555,1.52468147153286
13367,13365,3.584847934,3.72795559007773,0.14310765607773,1.050068804597155,1,1.52468147153286,1,2.064054646969362,1,1.3834143289291232,1,1.3834143289291232,1008.5877414336529,1.52468147153286
13370,13365,4.077763456,4.033725433186765,0.0440380228132344,1.050068804597155,1,1.52468147153286,1,2.064054646969362,1,1.3504731496125624,1,1.3504731496125624,1094.056407439162,1.52468147153286
13374,13374,4.149872287,3.698758838992069,0.4511134480079315,1.050068804597155,1,1.52468147153286,1,2.064054646969362,1,1.3504731496125624,1,1.3504731496125624,753.8311767108943,1.52468147153286
13375,1844,3.256299388,3.6403765197961553,0.3840771317961553,1.050068804597155,1,1.52468147153286,1,2.064054646969362,1,1.3354862399578504,1,1.3354862399578504,697.617782990615,1.52468147153286
13384,13384,3.686420792,3.838581898354189,0.152161106354189,1.050068804597155,1,1.52468147153286,1,2.064054646969362,1,1.6348515981018181,1,1.6348515981018181,822.1752743324457,1.52468147153286
13387,13387,3.384794117,3.5777715973677955,0.1929774803677952,1.050068804597155,1,1.52468147153286,1,2.064054646969362,1,1.6451508977236662,1,1.6451508977236662,775.3670924770231,1.52468147153286
13388,13388,3.477407795,3.6479707740491367,0.1705629790491367,1.050068804597155,1,1.52468147153286,1,2.064054646969362,1,1.391427373169848,1,1.391427373169848,1013.2648403010493,1.52468147153286
13389,13388,3.49860412,3.902743911192374,0.4041397911923741,1.050068804597155,1,1.52468147153286,1,2.064054646969362,1,1.6521075139563504,1,1.6521075139563504,706.9558723190963,1.52468147153286
13393,13384,3.378606821,3.621445650220094,0.2428388292200938,1.050068804597155,1,1.52468147153286,1,2.064054646969362,1,1.6910857157185362,1,1.6910857157185362,713.9406137459176,1.52468147153286
13399,12797,3.146319696,3.617987179345344,0.4716674833453438,1.050068804597155,1,1.52468147153286,1,2.064054646969362,1,1.4926896882219651,1,1.4926896882219651,1047.0816143438187,1.52468147153286
13406,13406,4.477931182,3.6651702691962544,0.8127609128037454,1.050068804597155,0,1.52468147153286,0,2.064054646969362,1,1.4967396485608706,0,2.7845614190270727,453.82588675756926,2.5330850122791677
13416,13416,3.433044071,3.467626887319831,0.0345828163198311,1.050068804597155,1,1.52468147153286,1,2.064054646969362,1,1.4375515506991992,1,1.4375515506991992,798.2118381158359,1.52468147153286
13436,13436,3.69707826,3.8556450024126367,0.1585667424126366,1.050068804597155,1,1.52468147153286,1,2.064054646969362,1,1.471777350325528,1,1.471777350325528,725.8010064682991,1.52468147153286
13482,13482,4.200364517,3.894452868370431,0.3059116486295687,1.050068804597155,1,1.52468147153286,1,2.064054646969362,1,1.0964376677495107,1,1.0964376677495107,441.93887045423014,1.52468147153286
13511,13511,3.568455268,3.624641447395806,0.0561861793958065,1.050068804597155,1,1.52468147153286,1,2.064054646969362,1,1.391427373169848,1,1.391427373169848,794.6968463747507,1.52468147153286
13534,7624,3.611229185,3.807612468679736,0.1963832836797361,1.050068804597155,1,1.52468147153286,1,2.064054646969362,1,1.3834143289291232,1,1.3834143289291232,1109.4844276032925,1.52468147153286
13557,13557,3.480284195,3.3763656823836325,0.1039185126163673,1.050068804597155,1,1.52468147153286,1,2.064054646969362,1,1.5008579996902878,1,1.5008579996902878,890.7354337468071,1.52468147153286
13563,13563,4.278603731,4.231986587720174,0.0466171432798256,1.050068804597155,1,1.52468147153286,1,2.064054646969362,1,1.0788291633046407,1,1.0788291633046407,432.6759602897901,1.52468147153286
13564,13564,3.372135091,3.7975355895515026,0.4254004985515025,1.050068804597155,1,1.52468147153286,1,2.064054646969362,1,1.329605484588213,1,1.329605484588213,974.8525128309354,1.52468147153286
13572,13572,3.616060827,3.719950611180761,0.1038897841807608,1.050068804597155,1,1.52468147153286,1,2.064054646969362,1,1.1964387702367638,1,1.1964387702367638,726.9168906948404,1.52468147153286
13583,2011,4.074597045,3.6412182613480577,0.4333787836519422,1.050068804597155,1,1.52468147153286,1,2.064054646969362,1,1.2934848125288436,1,1.2934848125288436,944.5343277264835,1.52468147153286
13585,12865,3.631174063,3.7037956983240914,0.0726216353240913,1.050068804597155,1,1.52468147153286,1,2.064054646969362,1,1.1597138134038474,1,1.1597138134038474,513.3963663662423,1.52468147153286
13589,13589,4.344547945,3.685823524245829,0.6587244207541714,1.050068804597155,0,1.52468147153286,1,2.064054646969362,1,1.2693643667630692,0,1.7502091142158047,794.3019560850265,1.52468147153286
13597,10506,3.818083258,3.979013752779779,0.1609304947797789,1.050068804597155,1,1.52468147153286,1,2.064054646969362,1,1.4937082731960718,1,1.4937082731960718,784.904175906999,1.52468147153286
13598,10506,3.818083258,3.881327089229694,0.0632438312296939,1.050068804597155,1,1.52468147153286,1,2.064054646969362,1,1.4937082731960718,1,1.4937082731960718,364.3381333492899,1.52468147153286
13612,12727,3.841298378,3.824751464228872,0.016546913771128,1.050068804597155,1,1.52468147153286,1,2.064054646969362,1,1.407223166139615,1,1.407223166139615,881.5544987319379,1.52468147153286
13616,13616,4.139392768,3.6330235364960752,0.5063692315039243,1.050068804597155,1,1.52468147153286,1,2.064054646969362,1,1.5008579996902878,1,1.5008579996902878,980.9497192471441,1.52468147153286
13617,13617,3.954475966,4.057673526919499,0.1031975609194986,1.050068804597155,1,1.52468147153286,1,2.064054646969362,1,1.2817654905240419,1,1.2817654905240419,1018.9867054858084,1.52468147153286
13645,13645,4.717962723,4.06228062783993,0.6556820951600706,1.050068804597155,0,1.52468147153286,1,2.064054646969362,1,1.2772543466825281,0,1.6183527830586586,943.4077364692942,1.52468147153286
13660,13660,3.842000978,3.7129695068677377,0.1290314711322628,1.050068804597155,1,1.52468147153286,1,2.064054646969362,1,1.1690470098093586,1,1.1690470098093586,759.7703645505776,1.52468147153286
13663,13660,3.750290807,3.617479348221228,0.1328114587787716,1.050068804597155,1,1.52468147153286,1,2.064054646969362,1,1.2934848125288436,1,1.2934848125288436,914.6779230741575,1.52468147153286
13678,13167,3.583061169,3.71776546852061,0.1347042995206098,1.050068804597155,1,1.52468147153286,1,2.064054646969362,1,1.4421221644499145,1,1.4421221644499145,1050.6214243453671,1.52468147153286
13697,13697,3.902131932,3.698665582428911,0.2034663495710891,1.050068804597155,1,1.52468147153286,1,2.064054646969362,1,1.3398275348484274,1,1.3398275348484274,1006.6859144564163,1.52468147153286
13712,13712,4.69180114,3.7564643774116138,0.9353367625883866,1.050068804597155,0,1.52468147153286,0,2.064054646969362,1,1.5020973847507406,0,5.187858789011067,486.01073736115654,4.984602007971992
13713,13713,4.294997196,3.3985870560155726,0.8964101399844271,1.050068804597155,0,1.52468147153286,0,2.064054646969362,1,1.4375515506991992,0,4.990238843395749,778.946223797653,4.206069555892801
13721,13721,4.340888978,3.8609614658684177,0.4799275121315824,1.050068804597155,1,1.52468147153286,1,2.064054646969362,1,1.1846887263249224,1,1.1846887263249224,571.409715034341,1.52468147153286
13727,5815,4.542715692,4.511745235843011,0.0309704561569885,1.050068804597155,1,1.52468147153286,1,2.064054646969362,1,1.2817654905240419,1,1.2817654905240419,892.0289239022281,1.52468147153286
13761,7416,3.45930631,3.5442055524486658,0.0848992424486656,1.050068804597155,1,1.52468147153286,1,2.064054646969362,1,1.407223166139615,1,1.407223166139615,1055.9509943102573,1.52468147153286
13773,13436,3.739065391,3.709155856488274,0.0299095345117259,1.050068804597155,1,1.52468147153286,1,2.064054646969362,1,1.4001985286173522,1,1.4001985286173522,911.9038813448099,1.52468147153286
13779,5924,4.13271851,3.846994741314547,0.285723768685453,1.050068804597155,1,1.52468147153286,1,2.064054646969362,1,1.3834143289291232,1,1.3834143289291232,908.9617852398588,1.52468147153286
13780,13780,4.04197574,3.302141916814726,0.7398338231852737,1.050068804597155,0,1.52468147153286,1,2.064054646969362,1,1.3321448556530964,0,2.8073727628276064,703.3458945681058,1.52468147153286
13782,13134,4.062571241,3.963821499239862,0.0987497417601375,1.050068804597155,1,1.52468147153286,1,2.064054646969362,1,1.3452449663859802,1,1.3452449663859802,758.1936601932443,1.52468147153286
13787,13787,4.063293736,3.684331980644112,0.3789617553558884,1.050068804597155,1,1.52468147153286,1,2.064054646969362,1,1.391427373169848,1,1.391427373169848,948.7532956355707,1.52468147153286
13814,13814,3.29076895,4.38057255026538,1.08980360026538,1.050068804597155,0,1.52468147153286,0,2.064054646969362,0,1.6211267466279642,0,7.205931285655921,916.5113409366163,8.073938761511858
13818,10506,3.887172384,3.814932388671981,0.0722399953280188,1.050068804597155,1,1.52468147153286,1,2.064054646969362,1,1.4525690956558748,1,1.4525690956558748,351.4431476629053,1.52468147153286
13819,10506,3.806123018,3.87328302007546,0.0671600020754596,1.050068804597155,1,1.52468147153286,1,2.064054646969362,1,1.4000068673287505,1,1.4000068673287505,402.0696246534164,1.52468147153286
13820,10506,3.878517692,3.994299656097174,0.1157819640971742,1.050068804597155,1,1.52468147153286,1,2.064054646969362,1,1.4375515506991992,1,1.4375515506991992,646.8730493938854,1.52468147153286
13859,13859,4.311142594,4.076226872024133,0.2349157219758666,1.050068804597155,1,1.52468147153286,1,2.064054646969362,1,1.2693643667630692,1,1.2693643667630692,719.0403729548532,1.52468147153286
13877,13877,4.357427662,3.9654832767508714,0.3919443852491286,1.050068804597155,1,1.52468147153286,1,2.064054646969362,1,1.0874971530866526,1,1.0874971530866526,433.93339332109656,1.52468147153286
13879,13879,4.000575576,4.214571923635689,0.2139963476356889,1.050068804597155,1,1.52468147153286,1,2.064054646969362,1,1.0874971530866526,1,1.0874971530866526,438.5219990943599,1.52468147153286
13887,13887,3.739501708,3.99344081881599,0.2539391108159896,1.050068804597155,1,1.52468147153286,1,2.064054646969362,1,1.1964387702367638,1,1.1964387702367638,776.56143632689,1.52468147153286
13890,13890,3.574176984,3.7005804919774374,0.1264035079774372,1.050068804597155,1,1.52468147153286,1,2.064054646969362,1,1.08854620336811,1,1.08854620336811,517.3250373951902,1.52468147153286
13891,13891,3.289305797,3.636138809150328,0.3468330121503284,1.050068804597155,1,1.52468147153286,1,2.064054646969362,1,1.3526418093239734,1,1.3526418093239734,1035.7283082807128,1.52468147153286
13892,13892,3.601258005,3.587077180302642,0.014180824697358,1.050068804597155,1,1.52468147153286,1,2.064054646969362,1,1.2772543466825281,1,1.2772543466825281,796.4625477746087,1.52468147153286
13894,13894,3.818967784,4.177400898781562,0.3584331147815618,1.050068804597155,1,1.52468147153286,1,2.064054646969362,1,1.3687780642358547,1,1.3687780642358547,1027.876323121467,1.52468147153286
13898,13355,3.471078748,4.09265287162563,0.6215741236256296,1.050068804597155,0,1.52468147153286,1,2.064054646969362,1,1.0788291633046407,0,2.722020002770825,434.8313638793852,1.52468147153286
13899,5622,4.170122975,4.025751147810279,0.1443718271897207,1.050068804597155,1,1.52468147153286,1,2.064054646969362,1,1.1597138134038474,1,1.1597138134038474,457.4478753169673,1.52468147153286
13904,13904,3.801100721,3.216936053834165,0.5841646671658349,1.050068804597155,0,1.52468147153286,1,2.064054646969362,1,1.3452449663859802,1,1.3452449663859802,507.8971310604529,1.52468147153286
13916,13916,3.698348977,4.278323144179252,0.5799741671792518,1.050068804597155,0,1.52468147153286,1,2.064054646969362,1,1.423361558271015,1,1.423361558271015,1158.7264523131462,1.52468147153286
13917,9883,3.902352788,3.9164317368446313,0.0140789488446313,1.050068804597155,1,1.52468147153286,1,2.064054646969362,1,1.471777350325528,1,1.471777350325528,472.8108877240494,1.52468147153286
13924,4621,4.012705441,3.934764959350908,0.0779404816490916,1.050068804597155,1,1.52468147153286,1,2.064054646969362,1,1.5626288932031063,1,1.5626288932031063,704.2203314948744,1.52468147153286
13925,4621,3.517855419,3.9712884504518264,0.4534330314518264,1.050068804597155,1,1.52468147153286,1,2.064054646969362,1,1.5257273445853006,1,1.5257273445853006,722.7958629890228,1.52468147153286
13928,4619,5.242784291,3.9358515451109457,1.3069327458890547,1.050068804597155,0,1.52468147153286,0,2.064054646969362,0,1.4375515506991992,0,13.200690961488302,754.5512696741423,12.416521673985354
13929,13929,3.412804822,3.913526265302529,0.5007214433025284,1.050068804597155,1,1.52468147153286,1,2.064054646969362,1,1.5990498197049652,1,1.5990498197049652,710.0494047977191,1.52468147153286
13938,13938,3.625767775,3.946043726478141,0.3202759514781412,1.050068804597155,1,1.52468147153286,1,2.064054646969362,1,1.391427373169848,1,1.391427373169848,809.9324017532027,1.52468147153286
13942,13942,3.331734939,3.404197699417022,0.072462760417022,1.050068804597155,1,1.52468147153286,1,2.064054646969362,1,1.5157978181117926,1,1.5157978181117926,985.9524283282916,1.52468147153286
13944,13944,3.406132945,3.851394054012972,0.4452611090129723,1.050068804597155,1,1.52468147153286,1,2.064054646969362,1,1.5257273445853006,1,1.5257273445853006,678.192287485725,1.52468147153286
13951,13951,4.186841801,4.088554235255516,0.0982875657444841,1.050068804597155,1,1.52468147153286,1,2.064054646969362,1,1.4436711702900702,1,1.4436711702900702,643.3806206412955,1.52468147153286
13953,13944,3.657944918,3.743654217090531,0.0857092990905314,1.050068804597155,1,1.52468147153286,1,2.064054646969362,1,1.5157978181117926,1,1.5157978181117926,732.6413774766884,1.52468147153286
13955,13955,4.147410068,3.9795995168109233,0.1678105511890768,1.050068804597155,1,1.52468147153286,1,2.064054646969362,1,1.4820917832292722,1,1.4820917832292722,722.2861296905998,1.52468147153286
13957,13957,4.28873922,4.03045787579096,0.2582813442090401,1.050068804597155,1,1.52468147153286,1,2.064054646969362,1,1.471777350325528,1,1.471777350325528,710.6436159049351,1.52468147153286
13958,13957,3.920990266,4.175031570193839,0.2540413041938394,1.050068804597155,1,1.52468147153286,1,2.064054646969362,1,1.4436711702900702,1,1.4436711702900702,738.6474833380437,1.52468147153286
13959,4621,4.406132945,3.9964387705394024,0.4096941744605979,1.050068804597155,1,1.52468147153286,1,2.064054646969362,1,1.5116059835850626,1,1.5116059835850626,724.9811842874568,1.52468147153286
13964,13957,4.920990266,4.013281613406866,0.9077086525931336,1.050068804597155,0,1.52468147153286,0,2.064054646969362,1,1.391427373169848,0,5.63132669333404,875.0362590971439,4.432039808066932
13977,13957,4.875397539,3.809218192151225,1.0661793468487746,1.050068804597155,0,1.52468147153286,0,2.064054646969362,0,1.5095461980813774,0,7.737671154243095,662.0738713209515,7.601453693179751
13979,13957,3.74206129,4.093904927034061,0.3518436370340612,1.050068804597155,1,1.52468147153286,1,2.064054646969362,1,1.4421221644499145,1,1.4421221644499145,731.8445134914679,1.52468147153286
13986,13986,3.774554763,4.322899829209164,0.5483450662091642,1.050068804597155,0,1.52468147153286,1,2.064054646969362,1,1.4436711702900702,1,1.4436711702900702,640.352210800576,1.52468147153286
13990,13990,4.771919347,4.465649442413051,0.3062699045869488,1.050068804597155,1,1.52468147153286,1,2.064054646969362,1,1.407223166139615,1,1.407223166139615,633.8116696851774,1.52468147153286
14003,13957,3.744883658,4.100080585794212,0.3551969277942124,1.050068804597155,1,1.52468147153286,1,2.064054646969362,1,1.4436711702900702,1,1.4436711702900702,789.9317233986511,1.52468147153286
14037,14037,3.317777282,3.29601876414303,0.0217585178569703,1.050068804597155,1,1.52468147153286,1,2.064054646969362,1,1.3146642260256325,1,1.3146642260256325,1066.7150456503477,1.52468147153286
14069,13355,3.610142533,4.212011712712212,0.6018691797122124,1.050068804597155,0,1.52468147153286,1,2.064054646969362,1,1.0874971530866526,0,2.249909216464375,453.8027333631686,1.52468147153286
14070,13355,4.507009018,4.187969052509781,0.3190399654902185,1.050068804597155,1,1.52468147153286,1,2.064054646969362,1,1.1306601012915225,1,1.1306601012915225,488.72504739217277,1.52468147153286
14071,13355,4.04620102,3.924968389320956,0.1212326306790441,1.050068804597155,1,1.52468147153286,1,2.064054646969362,1,1.1846887263249224,1,1.1846887263249224,588.3292195992755,1.52468147153286
14073,13355,4.174350597,4.13850799722726,0.0358425997727405,1.050068804597155,1,1.52468147153286,1,2.064054646969362,1,1.102710936723887,1,1.102710936723887,495.65439317362404,1.52468147153286
14074,13355,3.935089453,4.168305571963554,0.2332161189635542,1.050068804597155,1,1.52468147153286,1,2.064054646969362,1,1.0874971530866526,1,1.0874971530866526,450.3996117466589,1.52468147153286
14079,12995,4.335282899,4.442410535379947,0.1071276363799471,1.050068804597155,1,1.52468147153286,1,2.064054646969362,1,1.2203379168254198,1,1.2203379168254198,869.6580220013354,1.52468147153286
14082,14082,5.10613231,4.35797013811536,0.7481621718846396,1.050068804597155,0,1.52468147153286,1,2.064054646969362,1,1.1597138134038474,0,4.525819117058166,473.68636547154597,1.52468147153286
14083,14083,3.652125418,3.701325412101977,0.0491999941019773,1.050068804597155,1,1.52468147153286,1,2.064054646969362,1,1.4982305036798973,1,1.4982305036798973,1034.8503333368426,1.52468147153286
14101,14101,3.953621645,3.5574487327453084,0.3961729122546917,1.050068804597155,1,1.52468147153286,1,2.064054646969362,1,1.1979244190672187,1,1.1979244190672187,662.152201877776,1.52468147153286
14107,12993,4.243665461,4.143170638219102,0.1004948227808979,1.050068804597155,1,1.52468147153286,1,2.064054646969362,1,1.2284225834212013,1,1.2284225834212013,878.8058109863376,1.52468147153286
14116,14116,3.358389856,4.274609079084506,0.916219223084506,1.050068804597155,0,1.52468147153286,0,2.064054646969362,1,1.6573110137528522,0,3.40858533791445,760.7538221162225,4.602251217894379
14121,14121,4.198498479,4.062744616938404,0.1357538620615965,1.050068804597155,1,1.52468147153286,1,2.064054646969362,1,1.4820917832292722,1,1.4820917832292722,961.7540285187056,1.52468147153286
14132,14132,3.532628433,3.7406747457768152,0.208046312776815,1.050068804597155,1,1.52468147153286,1,2.064054646969362,1,1.1090997814356074,1,1.1090997814356074,324.862375551013,1.52468147153286
14143,14143,3.443598816,3.669999245612967,0.2264004296129669,1.050068804597155,1,1.52468147153286,1,2.064054646969362,1,1.4553805109797686,1,1.4553805109797686,1077.6349161223234,1.52468147153286
14145,5924,3.833903757,3.771304460919153,0.062599296080847,1.050068804597155,1,1.52468147153286,1,2.064054646969362,1,1.396974315685524,1,1.396974315685524,875.4380105980662,1.52468147153286
14147,14147,3.570328158,3.439685196227808,0.130642961772192,1.050068804597155,1,1.52468147153286,1,2.064054646969362,1,1.4804585416623715,1,1.4804585416623715,798.8981285270273,1.52468147153286
14149,14149,4.791595431,4.7322517984283206,0.0593436325716796,1.050068804597155,1,1.52468147153286,1,2.064054646969362,1,1.3687780642358547,1,1.3687780642358547,680.330234655564,1.52468147153286
14154,10141,3.399676158,3.1511499290355114,0.2485262289644887,1.050068804597155,1,1.52468147153286,1,2.064054646969362,1,1.5737498636462122,1,1.5737498636462122,529.4277203322713,1.52468147153286
14155,10141,3.91129271,3.2221125491129308,0.6891801608870693,1.050068804597155,0,1.52468147153286,1,2.064054646969362,1,1.4434985922582326,1,1.4434985922582326,263.3536156090855,1.52468147153286
14156,10141,3.456479304,3.2099392321866422,0.2465400718133579,1.050068804597155,1,1.52468147153286,1,2.064054646969362,1,1.4982305036798973,1,1.4982305036798973,177.2610605384471,1.52468147153286
14157,14157,3.770652169,3.813572848158386,0.042920679158386,1.050068804597155,1,1.52468147153286,1,2.064054646969362,1,1.4589678116174616,1,1.4589678116174616,763.6448612863175,1.52468147153286
14158,13712,3.841262612,3.737240268283489,0.1040223437165108,1.050068804597155,1,1.52468147153286,1,2.064054646969362,1,1.4975989965576506,1,1.4975989965576506,471.88323910224904,1.52468147153286
14187,14187,3.494408786,3.5212240497680587,0.0268152637680585,1.050068804597155,1,1.52468147153286,1,2.064054646969362,1,1.6573110137528522,1,1.6573110137528522,681.8553915020424,1.52468147153286
14193,7864,3.677039601,3.7959192654271185,0.1188796644271183,1.050068804597155,1,1.52468147153286,1,2.064054646969362,1,1.7753279157393127,1,1.7753279157393127,406.56165803546685,1.52468147153286
14196,14196,3.258887855,3.0229689529583226,0.2359189020416772,1.050068804597155,1,1.52468147153286,1,2.064054646969362,1,1.5737498636462122,1,1.5737498636462122,557.9868534513217,1.52468147153286
14197,14196,3.078520089,2.9463712912556534,0.1321487977443465,1.050068804597155,1,1.52468147153286,1,2.064054646969362,1,1.4982305036798973,1,1.4982305036798973,322.0556942951053,1.52468147153286
14205,2912,5.072347949,4.374618667440276,0.6977292815597238,1.050068804597155,0,1.52468147153286,1,2.064054646969362,1,1.4067374915636837,1,1.4067374915636837,772.3423161026564,1.52468147153286
14210,2912,4.568456816,4.027676868655351,0.5407799473446495,1.050068804597155,0,1.52468147153286,1,2.064054646969362,1,1.5095461980813774,1,1.5095461980813774,877.9696206671907,1.52468147153286
14211,2912,5.697995038,4.505939263205155,1.192055774794845,1.050068804597155,0,1.52468147153286,0,2.064054646969362,0,1.1964387702367638,0,13.073166563766026,452.7857966394958,10.11898225210116
14224,12727,4.262476139,3.9395438687188538,0.3229322702811465,1.050068804597155,1,1.52468147153286,1,2.064054646969362,1,1.2284225834212013,1,1.2284225834212013,638.2909212903853,1.52468147153286
14225,14225,3.75714287,3.4884117485857975,0.2687311214142025,1.050068804597155,1,1.52468147153286,1,2.064054646969362,1,1.5626288932031063,1,1.5626288932031063,692.5321693605699,1.52468147153286
14227,14227,3.942583112,3.878748173275663,0.0638349387243368,1.050068804597155,1,1.52468147153286,1,2.064054646969362,1,1.2284225834212013,1,1.2284225834212013,808.1471003236738,1.52468147153286
14234,2912,5.609957324,4.555698719719173,1.054258604280827,1.050068804597155,0,1.52468147153286,0,2.064054646969362,0,1.2006980094738973,0,10.278890000351467,455.56033460261585,7.363038841820801
14235,14235,3.512197276,3.8056611515140473,0.293463875514047,1.050068804597155,1,1.52468147153286,1,2.064054646969362,1,1.4421221644499145,1,1.4421221644499145,907.9295275113664,1.52468147153286
14245,12982,3.667524662,3.3732826218470504,0.2942420401529495,1.050068804597155,1,1.52468147153286,1,2.064054646969362,1,1.6334237079661191,1,1.6334237079661191,477.8639841038045,1.52468147153286
14246,14246,3.728143542,3.8811613380958985,0.1530177960958982,1.050068804597155,1,1.52468147153286,1,2.064054646969362,1,1.4982305036798973,1,1.4982305036798973,521.5794872187333,1.52468147153286
14249,14246,3.733441848,3.837685927107715,0.104244079107715,1.050068804597155,1,1.52468147153286,1,2.064054646969362,1,1.4975989965576506,1,1.4975989965576506,649.4544663934234,1.52468147153286
14252,14252,3.723770753,3.683793812231172,0.0399769407688279,1.050068804597155,1,1.52468147153286,1,2.064054646969362,1,1.4375515506991992,1,1.4375515506991992,1164.4990279198564,1.52468147153286
14253,14252,3.7438484,3.773070496712545,0.0292220967125449,1.050068804597155,1,1.52468147153286,1,2.064054646969362,1,1.3469016477462619,1,1.3469016477462619,930.9125686418284,1.52468147153286
14272,14272,3.610224662,3.44409710660455,0.1661275553954504,1.050068804597155,1,1.52468147153286,1,2.064054646969362,1,1.5008579996902878,1,1.5008579996902878,202.4535595041351,1.52468147153286
14299,14299,2.872062317,3.2060486846703062,0.3339863676703061,1.050068804597155,1,1.52468147153286,1,2.064054646969362,1,1.4820917832292722,1,1.4820917832292722,934.6713562137918,1.52468147153286
14312,11175,4.091515636,3.7554686649795808,0.3360469710204188,1.050068804597155,1,1.52468147153286,1,2.064054646969362,1,1.1574151242489146,1,1.1574151242489146,508.7846705838195,1.52468147153286
14313,14313,2.848269612,2.938546833910702,0.0902772219107017,1.050068804597155,1,1.52468147153286,1,2.064054646969362,1,1.626293848871482,1,1.626293848871482,807.0085531083524,1.52468147153286
14319,14299,2.850673061,3.2664846503300016,0.4158115893300014,1.050068804597155,1,1.52468147153286,1,2.064054646969362,1,1.471777350325528,1,1.471777350325528,927.8703119242882,1.52468147153286
14325,14325,4.130745438,3.79493481941394,0.3358106185860596,1.050068804597155,1,1.52468147153286,1,2.064054646969362,1,1.4519737566165158,1,1.4519737566165158,630.8657302144943,1.52468147153286
14327,14327,3.174325016,3.2309638499320625,0.0566388339320624,1.050068804597155,1,1.52468147153286,1,2.064054646969362,1,1.2817654905240419,1,1.2817654905240419,691.2100216513998,1.52468147153286
14333,1721,3.227909318,3.4888419158571393,0.2609325978571393,1.050068804597155,1,1.52468147153286,1,2.064054646969362,1,1.4067374915636837,1,1.4067374915636837,962.8373558667727,1.52468147153286
14367,14367,1.741648664,2.363170778638057,0.621522114638057,1.050068804597155,0,1.52468147153286,1,2.064054646969362,1,1.4975989965576506,1,1.4975989965576506,258.366666236042,1.52468147153286
14376,14376,6.017742664,5.357945742558527,0.6597969214414734,1.050068804597155,0,1.52468147153286,1,2.064054646969362,1,1.2358654909256312,0,2.0731490104987866,417.29600082510433,1.52468147153286
14378,14299,2.919025973,3.556051906023024,0.6370259330230237,1.050068804597155,0,1.52468147153286,1,2.064054646969362,1,1.4553805109797686,1,1.4553805109797686,920.6956779237196,1.52468147153286
14379,14299,2.986261235,3.3831838805228074,0.3969226455228072,1.050068804597155,1,1.52468147153286,1,2.064054646969362,1,1.4436711702900702,1,1.4436711702900702,941.51965645705,1.52468147153286
14403,14403,3.832671186,3.9448938903462,0.1122227043462,1.050068804597155,1,1.52468147153286,1,2.064054646969362,1,1.08854620336811,1,1.08854620336811,442.8480123225816,1.52468147153286
14409,14299,3.576149963,3.4170399438487338,0.1591100191512664,1.050068804597155,1,1.52468147153286,1,2.064054646969362,1,1.3945897224156516,1,1.3945897224156516,886.9323564763731,1.52468147153286
14410,14299,3.014563515,3.6193639694950552,0.6048004544950554,1.050068804597155,0,1.52468147153286,1,2.064054646969362,1,1.3945897224156516,1,1.3945897224156516,893.5252694955595,1.52468147153286
14414,3113,5.726321997,4.023992109148801,1.7023298878511994,1.050068804597155,0,1.52468147153286,0,2.064054646969362,0,1.6275620547016976,0,19.39853926470871,721.9336174194863,20.32446451322825
14418,14418,3.133808662,3.690649362115473,0.5568407001154729,1.050068804597155,0,1.52468147153286,1,2.064054646969362,1,1.766601315707975,1,1.766601315707975,556.5876283674216,1.52468147153286
14424,14424,3.623692665,3.608333300361536,0.0153593646384644,1.050068804597155,1,1.52468147153286,1,2.064054646969362,1,1.391427373169848,1,1.391427373169848,977.3076676619141,1.52468147153286
14426,14299,3.547497341,3.561544793625949,0.0140474526259484,1.050068804597155,1,1.52468147153286,1,2.064054646969362,1,1.380612816172353,1,1.380612816172353,827.5209187461455,1.52468147153286
14427,14299,3.588242309,3.7423901213683375,0.1541478123683375,1.050068804597155,1,1.52468147153286,1,2.064054646969362,1,1.380612816172353,1,1.380612816172353,831.3473826069278,1.52468147153286
14431,5079,3.649768658,3.7771002205095225,0.1273315625095223,1.050068804597155,1,1.52468147153286,1,2.064054646969362,1,1.6573110137528522,1,1.6573110137528522,758.1097101463419,1.52468147153286
14434,11943,3.739343205,3.722006020855426,0.0173371841445737,1.050068804597155,1,1.52468147153286,1,2.064054646969362,1,1.3796985342264385,1,1.3796985342264385,953.2019755278286,1.52468147153286
14453,9644,4.220096128,4.280554742941544,0.0604586149415444,1.050068804597155,1,1.52468147153286,1,2.064054646969362,1,1.6573110137528522,1,1.6573110137528522,734.0769405499673,1.52468147153286
14455,9644,3.874958675,4.10446186562249,0.22950319062249,1.050068804597155,1,1.52468147153286,1,2.064054646969362,1,1.632526632945865,1,1.632526632945865,799.3404912660633,1.52468147153286
14472,14472,4.309304905,4.424729222655581,0.1154243176555809,1.050068804597155,1,1.52468147153286,1,2.064054646969362,1,1.423361558271015,1,1.423361558271015,1085.330947609982,1.52468147153286
14475,669,3.808104244,3.7296637187756376,0.0784405252243622,1.050068804597155,1,1.52468147153286,1,2.064054646969362,1,1.2021846796047146,1,1.2021846796047146,646.8401159221063,1.52468147153286
14476,14476,3.686510094,3.4144187924603875,0.2720913015396125,1.050068804597155,1,1.52468147153286,1,2.064054646969362,1,1.471777350325528,1,1.471777350325528,449.5303382200671,1.52468147153286
14495,14495,5.243257683,4.080556938370003,1.1627007446299975,1.050068804597155,0,1.52468147153286,0,2.064054646969362,0,1.3848119796835512,0,10.79070707544799,947.7212795517155,9.53188164880421
14496,14495,5.099168592,4.077624848958018,1.021543743041982,1.050068804597155,0,1.52468147153286,0,2.064054646969362,1,1.3354862399578504,0,8.411498701218987,897.4642346990678,6.7087416170439
14504,12298,4.124394442,3.8318669800075766,0.2925274619924232,1.050068804597155,1,1.52468147153286,1,2.064054646969362,1,1.1597138134038474,1,1.1597138134038474,541.1617625410888,1.52468147153286
14505,14505,4.458497389,3.957698102286747,0.5007992867132529,1.050068804597155,1,1.52468147153286,1,2.064054646969362,1,1.2203379168254198,1,1.2203379168254198,574.5196142150957,1.52468147153286
14506,14505,3.976859111,3.8512738388261583,0.1255852721738417,1.050068804597155,1,1.52468147153286,1,2.064054646969362,1,1.29460112607409,1,1.29460112607409,704.2254332233146,1.52468147153286
14507,14505,3.607826057,3.9438919824056335,0.3360659254056335,1.050068804597155,1,1.52468147153286,1,2.064054646969362,1,1.2683003395262684,1,1.2683003395262684,642.4632864471973,1.52468147153286
14508,14505,3.656205648,4.071895940491659,0.4156902924916594,1.050068804597155,1,1.52468147153286,1,2.064054646969362,1,1.2693643667630692,1,1.2693643667630692,631.1093073844004,1.52468147153286
14547,14547,3.586007483,3.522981943896603,0.0630255391033971,1.050068804597155,1,1.52468147153286,1,2.064054646969362,1,1.301023391114362,1,1.301023391114362,210.17849442740518,1.52468147153286
14550,14424,3.613234865,3.527204071657498,0.0860307933425019,1.050068804597155,1,1.52468147153286,1,2.064054646969362,1,1.52468147153286,1,1.52468147153286,523.7137242665551,1.52468147153286
14551,14424,3.627829607,3.5102250729011972,0.1176045340988025,1.050068804597155,1,1.52468147153286,1,2.064054646969362,1,1.6211267466279642,1,1.6211267466279642,710.9567584896824,1.52468147153286
14557,14557,3.538841269,3.471065930028804,0.0677753389711961,1.050068804597155,1,1.52468147153286,1,2.064054646969362,1,1.102710936723887,1,1.102710936723887,478.15965651041864,1.52468147153286
14558,14557,3.463841076,3.797444171267921,0.3336030952679212,1.050068804597155,1,1.52468147153286,1,2.064054646969362,1,1.1597138134038474,1,1.1597138134038474,500.7159962023357,1.52468147153286
14559,14557,3.554502139,3.7819014110702778,0.2273992720702775,1.050068804597155,1,1.52468147153286,1,2.064054646969362,1,1.1132303611922225,1,1.1132303611922225,485.03845256787287,1.52468147153286
14560,14557,3.298242699,3.6567778366664943,0.358535137666494,1.050068804597155,1,1.52468147153286,1,2.064054646969362,1,1.1132303611922225,1,1.1132303611922225,480.84298581807474,1.52468147153286
14562,14557,3.5871686,3.861663022712938,0.2744944227129378,1.050068804597155,1,1.52468147153286,1,2.064054646969362,1,1.102710936723887,1,1.102710936723887,470.7976615701728,1.52468147153286
14563,14557,3.577674359,3.727392880063928,0.1497185210639284,1.050068804597155,1,1.52468147153286,1,2.064054646969362,1,1.0788291633046407,1,1.0788291633046407,425.8930295565566,1.52468147153286
14577,14577,4.656106005,3.983196285135624,0.6729097198643754,1.050068804597155,0,1.52468147153286,1,2.064054646969362,1,1.0874971530866526,0,3.670720019507635,430.74023275891005,1.52468147153286
14579,14579,4.278263519,4.019441829766071,0.2588216892339297,1.050068804597155,1,1.52468147153286,1,2.064054646969362,1,1.0741825317303277,1,1.0741825317303277,434.929211510728,1.52468147153286
14586,14586,3.594803602,3.8747930200511567,0.2799894180511568,1.050068804597155,1,1.52468147153286,1,2.064054646969362,1,1.2698910922360431,1,1.2698910922360431,520.7471289923885,1.52468147153286
14593,14593,3.9995043,3.3170792324739975,0.6824250675260024,1.050068804597155,0,1.52468147153286,1,2.064054646969362,1,1.407223166139615,1,1.407223166139615,607.9050650266907,1.52468147153286
14594,14594,3.889313885,3.813164063955225,0.0761498210447748,1.050068804597155,1,1.52468147153286,1,2.064054646969362,1,1.4937082731960718,1,1.4937082731960718,879.2610799509708,1.52468147153286
14595,14594,3.455457773,3.813694204119037,0.3582364311190371,1.050068804597155,1,1.52468147153286,1,2.064054646969362,1,1.471777350325528,1,1.471777350325528,873.5092985170937,1.52468147153286
14596,14596,4.617060417,3.67052655150804,0.94653386549196,1.050068804597155,0,1.52468147153286,0,2.064054646969362,1,1.4375515506991992,0,5.9927133535464066,612.5663033879921,5.2085440660434585
14608,14608,3.741288723,3.1730380057189973,0.5682507172810025,1.050068804597155,0,1.52468147153286,1,2.064054646969362,1,1.52468147153286,1,1.52468147153286,2.8109745707055587,1.52468147153286
14632,14608,3.845505259,3.136016653592544,0.7094886054074556,1.050068804597155,0,1.52468147153286,1,2.064054646969362,1,1.52468147153286,1,1.52468147153286,2.6231563954656796,1.52468147153286
14635,14635,4.095815793,3.6994470570834697,0.3963687359165302,1.050068804597155,1,1.52468147153286,1,2.064054646969362,1,1.2772543466825281,1,1.2772543466825281,741.0723081131416,1.52468147153286
14642,14594,3.72763613,3.8049367051299208,0.0773005751299207,1.050068804597155,1,1.52468147153286,1,2.064054646969362,1,1.5072520957078765,1,1.5072520957078765,783.9386277198632,1.52468147153286
14643,14594,3.170891572,3.811925749427001,0.641034177427001,1.050068804597155,0,1.52468147153286,1,2.064054646969362,1,1.4967396485608706,1,1.4967396485608706,854.8495324327132,1.52468147153286
14673,14673,3.713842412,3.914654822013856,0.2008124100138557,1.050068804597155,1,1.52468147153286,1,2.064054646969362,1,1.2807129586479924,1,1.2807129586479924,987.797659673677,1.52468147153286
14694,14694,3.98472169,3.7779060271049327,0.2068156628950674,1.050068804597155,1,1.52468147153286,1,2.064054646969362,1,1.6309639547093955,1,1.6309639547093955,843.0019361271061,1.52468147153286
14695,14694,4.077757116,3.945758446253622,0.1319986697463777,1.050068804597155,1,1.52468147153286,1,2.064054646969362,1,1.6334237079661191,1,1.6334237079661191,821.972355906757,1.52468147153286
14703,274,3.339570197,3.6421546971914966,0.3025845001914966,1.050068804597155,1,1.52468147153286,1,2.064054646969362,1,1.0040226170953979,1,1.0040226170953979,341.3468102044551,1.52468147153286
14705,274,3.604216859,4.011745793628624,0.4075289346286235,1.050068804597155,1,1.52468147153286,1,2.064054646969362,1,1.0673621349850748,1,1.0673621349850748,555.3886270441769,1.52468147153286
14706,274,4.01683302,3.181235684953378,0.8355973350466219,1.050068804597155,0,1.52468147153286,0,2.064054646969362,1,0.984105150344015,0,7.855000347836303,195.80265318111157,2.989813457136698
14707,274,3.646948279,3.194982372948799,0.4519659060512011,1.050068804597155,1,1.52468147153286,1,2.064054646969362,1,0.9380533746830916,1,0.9380533746830916,135.90400411077087,1.52468147153286
14708,274,3.750398337,4.034014325844967,0.2836159888449669,1.050068804597155,1,1.52468147153286,1,2.064054646969362,1,1.0453319761069624,1,1.0453319761069624,464.76059455742325,1.52468147153286
14709,274,3.64660081,3.59943128933506,0.0471695206649398,1.050068804597155,1,1.52468147153286,1,2.064054646969362,1,0.9618872377679856,1,0.9618872377679856,288.7504205912219,1.52468147153286
14710,274,3.594565065,3.617958638122416,0.0233935731224157,1.050068804597155,1,1.52468147153286,1,2.064054646969362,1,0.9566557597900543,1,0.9566557597900543,245.57777055364005,1.52468147153286
14711,274,3.54989617,3.80199752339764,0.2521013533976401,1.050068804597155,1,1.52468147153286,1,2.064054646969362,1,0.9699868572449074,1,0.9699868572449074,254.0953634739072,1.52468147153286
14712,274,3.537922486,4.017294999183039,0.4793725131830393,1.050068804597155,1,1.52468147153286,1,2.064054646969362,1,0.9511830656476858,0,1.0268026728316135,186.74769235584725,1.52468147153286
14715,274,3.659038526,3.582903363485851,0.0761351625141486,1.050068804597155,1,1.52468147153286,1,2.064054646969362,1,0.885139276226634,1,0.885139276226634,182.42524594579274,1.52468147153286
14716,274,3.574605771,3.584721601821662,0.010115830821662,1.050068804597155,1,1.52468147153286,1,2.064054646969362,1,0.8755522326939786,1,0.8755522326939786,165.19638707963645,1.52468147153286
14717,274,3.601785627,3.6249013096341782,0.0231156826341787,1.050068804597155,1,1.52468147153286,1,2.064054646969362,1,1.3469016477462619,1,1.3469016477462619,314.91053340395064,1.52468147153286
14718,274,3.619872923,3.539667419078306,0.080205503921694,1.050068804597155,1,1.52468147153286,1,2.064054646969362,1,1.52468147153286,1,1.52468147153286,68.87034972163916,1.52468147153286
14726,14547,3.509758816,3.269709609108217,0.2400492068917832,1.050068804597155,1,1.52468147153286,1,2.064054646969362,1,1.5008579996902878,1,1.5008579996902878,323.9421605277395,1.52468147153286
14727,14547,3.490502061,2.984706570974049,0.5057954900259514,1.050068804597155,1,1.52468147153286,1,2.064054646969362,1,1.4519737566165158,1,1.4519737566165158,311.3125206355252,1.52468147153286
14744,14744,3.053324346,2.4024131213282596,0.6509112246717406,1.050068804597155,0,1.52468147153286,1,2.064054646969362,1,1.6573110137528522,1,1.6573110137528522,717.1852073316708,1.52468147153286
14745,14745,3.053324346,2.4877149830836167,0.5656093629163834,1.050068804597155,0,1.52468147153286,1,2.064054646969362,1,1.6910857157185362,1,1.6910857157185362,644.614228560573,1.52468147153286
14764,14764,3.7537901,3.170777042187388,0.5830130578126118,1.050068804597155,0,1.52468147153286,1,2.064054646969362,1,1.3789645652359779,1,1.3789645652359779,880.7197475974879,1.52468147153286
14765,14764,3.727504158,3.4952179556052214,0.2322862023947784,1.050068804597155,1,1.52468147153286,1,2.064054646969362,1,1.3504731496125624,1,1.3504731496125624,918.8510012671296,1.52468147153286
14767,14764,3.556238789,3.063583835099166,0.4926549539008338,1.050068804597155,1,1.52468147153286,1,2.064054646969362,1,1.4001985286173522,1,1.4001985286173522,860.8027466530766,1.52468147153286
14768,14764,3.534464194,3.478577994112301,0.0558861998876989,1.050068804597155,1,1.52468147153286,1,2.064054646969362,1,1.391427373169848,1,1.391427373169848,862.9452048825708,1.52468147153286
14770,14764,3.834044213,3.339472214747751,0.4945719982522489,1.050068804597155,1,1.52468147153286,1,2.064054646969362,1,1.3910522890513155,1,1.3910522890513155,896.6342023439278,1.52468147153286
14782,14782,4.206351177,3.811609559338385,0.394741617661615,1.050068804597155,1,1.52468147153286,1,2.064054646969362,1,1.3504731496125624,1,1.3504731496125624,1023.3380894401597,1.52468147153286
14783,14782,3.905321182,3.746809844185618,0.1585113378143816,1.050068804597155,1,1.52468147153286,1,2.064054646969362,1,1.2772543466825281,1,1.2772543466825281,749.5294874292631,1.52468147153286
14784,14782,3.783587585,3.650355300806084,0.1332322841939155,1.050068804597155,1,1.52468147153286,1,2.064054646969362,1,1.2772543466825281,1,1.2772543466825281,738.54766742964,1.52468147153286
14785,14782,3.902270627,3.8054668752693233,0.0968037517306767,1.050068804597155,1,1.52468147153286,1,2.064054646969362,1,1.302102845045579,1,1.302102845045579,863.8351941702351,1.52468147153286
14786,14782,4.084114215,3.891475465058915,0.192638749941084,1.050068804597155,1,1.52468147153286,1,2.064054646969362,1,1.2934848125288436,1,1.2934848125288436,797.6785464735661,1.52468147153286
14790,14782,3.6840465,3.95375530660174,0.2697088066017397,1.050068804597155,1,1.52468147153286,1,2.064054646969362,1,1.3848119796835512,1,1.3848119796835512,1065.3021853787695,1.52468147153286
14793,14608,4.002453209,3.224464674825436,0.7779885341745638,1.050068804597155,0,1.52468147153286,0,2.064054646969362,1,1.52468147153286,0,1.837637439695536,3.0600446468142284,1.837637439695536
14799,14799,3.641017762,3.546874506908878,0.0941432550911223,1.050068804597155,1,1.52468147153286,1,2.064054646969362,1,1.6309639547093955,1,1.6309639547093955,595.3817508830263,1.52468147153286
14812,14812,3.430262504,3.5476138437272153,0.1173513397272154,1.050068804597155,1,1.52468147153286,1,2.064054646969362,1,1.3910522890513155,1,1.3910522890513155,1172.9918883522434,1.52468147153286
14817,14817,2.08449904,2.4833318379050073,0.3988327979050075,1.050068804597155,1,1.52468147153286,1,2.064054646969362,1,1.4982305036798973,1,1.4982305036798973,189.74225055964143,1.52468147153286
14822,14822,3.801987763,3.8975678040212274,0.0955800410212273,1.050068804597155,1,1.52468147153286,1,2.064054646969362,1,1.1132303611922225,1,1.1132303611922225,557.5771004760716,1.52468147153286
14828,14608,3.161774152,2.9899478039606224,0.1718263480393775,1.050068804597155,1,1.52468147153286,1,2.064054646969362,1,1.52468147153286,1,1.52468147153286,2.5541351880994974,1.52468147153286
14830,14505,3.47000792,3.690944515357923,0.2209365953579229,1.050068804597155,1,1.52468147153286,1,2.064054646969362,1,1.4001985286173522,1,1.4001985286173522,1103.6344741720495,1.52468147153286
14836,14836,4.004666952,3.3011191077545043,0.7035478442454957,1.050068804597155,0,1.52468147153286,1,2.064054646969362,1,1.3321448556530964,0,2.081653184032046,798.5096654277879,1.52468147153286
14843,14608,3.461797558,3.1030959166931753,0.3587016413068249,1.050068804597155,1,1.52468147153286,1,2.064054646969362,1,1.52468147153286,1,1.52468147153286,2.733094156868453,1.52468147153286
14869,14608,3.365257049,3.3154898352442603,0.0497672137557394,1.050068804597155,1,1.52468147153286,1,2.064054646969362,1,1.52468147153286,1,1.52468147153286,55.931136602246966,1.52468147153286
14872,14872,2.110179209,3.280472810718801,1.170293601718801,1.050068804597155,0,1.52468147153286,0,2.064054646969362,0,1.4375515506991992,0,10.467908078083228,874.9258724275463,9.68373879058028
14882,14882,3.453870251,4.116474091893133,0.6626038408931332,1.050068804597155,0,1.52468147153286,1,2.064054646969362,1,1.4937082731960718,1,1.4937082731960718,340.2070080980677,1.52468147153286
14883,14882,3.292292716,3.8221650457654577,0.5298723297654573,1.050068804597155,0,1.52468147153286,1,2.064054646969362,1,1.4937082731960718,1,1.4937082731960718,530.7240190239892,1.52468147153286
14884,14884,3.456592101,2.9367529489026394,0.5198391520973606,1.050068804597155,1,1.52468147153286,1,2.064054646969362,1,1.4820917832292722,1,1.4820917832292722,662.7258733076814,1.52468147153286
14885,14884,3.398234791,3.0623049744781627,0.3359298165218374,1.050068804597155,1,1.52468147153286,1,2.064054646969362,1,1.4820917832292722,1,1.4820917832292722,681.6031735252468,1.52468147153286
14888,14884,3.348717354,2.86654569230948,0.4821716616905203,1.050068804597155,1,1.52468147153286,1,2.064054646969362,1,1.4001985286173522,1,1.4001985286173522,742.7280520789798,1.52468147153286
14889,14884,2.764001435,2.8188382584034217,0.0548368234034217,1.050068804597155,1,1.52468147153286,1,2.064054646969362,1,1.4820917832292722,1,1.4820917832292722,639.4124970866048,1.52468147153286
14890,14884,3.397135495,3.178883506169164,0.2182519888308363,1.050068804597155,1,1.52468147153286,1,2.064054646969362,1,1.4421221644499145,1,1.4421221644499145,827.6811987664182,1.52468147153286
14891,14884,3.251693636,3.0021828862452624,0.2495107497547377,1.050068804597155,1,1.52468147153286,1,2.064054646969362,1,1.3536511082942848,1,1.3536511082942848,959.2848676544481,1.52468147153286
14892,14884,3.129860564,3.077394130026955,0.0524664339730449,1.050068804597155,1,1.52468147153286,1,2.064054646969362,1,1.4067374915636837,1,1.4067374915636837,933.349167773214,1.52468147153286
14893,14884,3.340055824,3.5073246567185863,0.1672688327185865,1.050068804597155,1,1.52468147153286,1,2.064054646969362,1,1.396974315685524,1,1.396974315685524,745.8652536730959,1.52468147153286
14911,14911,3.909501096,3.808888756162932,0.1006123398370677,1.050068804597155,1,1.52468147153286,1,2.064054646969362,1,1.254372639992373,1,1.254372639992373,701.7343831023622,1.52468147153286
14912,14911,3.791671514,3.623874975574376,0.1677965384256241,1.050068804597155,1,1.52468147153286,1,2.064054646969362,1,1.29460112607409,1,1.29460112607409,898.4864033617159,1.52468147153286
14913,14911,4.024740681,3.777053475854927,0.2476872051450724,1.050068804597155,1,1.52468147153286,1,2.064054646969362,1,1.08854620336811,1,1.08854620336811,462.2146260010593,1.52468147153286
14914,14911,3.798491812,3.654940455170692,0.1435513568293083,1.050068804597155,1,1.52468147153286,1,2.064054646969362,1,1.3504731496125624,1,1.3504731496125624,1053.64495780952,1.52468147153286
14915,14911,4.212773374,3.953780793840812,0.2589925801591883,1.050068804597155,1,1.52468147153286,1,2.064054646969362,1,1.1964387702367638,1,1.1964387702367638,681.8697695186055,1.52468147153286
14916,14911,4.113050607,3.847804577929656,0.2652460290703442,1.050068804597155,1,1.52468147153286,1,2.064054646969362,1,1.1964387702367638,1,1.1964387702367638,670.6091829640618,1.52468147153286
14917,14911,3.983636898,3.755975438877732,0.2276614591222681,1.050068804597155,1,1.52468147153286,1,2.064054646969362,1,1.1846887263249224,1,1.1846887263249224,629.0274678632093,1.52468147153286
14918,14911,3.323893497,3.984564713822556,0.6606712168225561,1.050068804597155,0,1.52468147153286,1,2.064054646969362,1,1.1574151242489146,0,2.7966882182108916,576.4251216051528,1.52468147153286
14925,14911,3.775693865,3.874823390405203,0.0991295254052029,1.050068804597155,1,1.52468147153286,1,2.064054646969362,1,1.2772543466825281,1,1.2772543466825281,758.8254942213633,1.52468147153286
14964,14964,3.99415818,3.7006278001123514,0.2935303798876485,1.050068804597155,1,1.52468147153286,1,2.064054646969362,1,1.302102845045579,1,1.302102845045579,688.6252601496858,1.52468147153286
14987,14987,3.634790827,3.918743822506443,0.2839529955064437,1.050068804597155,1,1.52468147153286,1,2.064054646969362,1,1.4000068673287505,1,1.4000068673287505,1147.339774750383,1.52468147153286
14989,14989,3.347276592,3.862480898197804,0.5152043061978038,1.050068804597155,1,1.52468147153286,1,2.064054646969362,1,1.4937082731960718,1,1.4937082731960718,1039.311436903317,1.52468147153286
15009,10545,3.794204931,3.680182336712597,0.1140225942874026,1.050068804597155,1,1.52468147153286,1,2.064054646969362,1,1.6348515981018181,1,1.6348515981018181,592.9709746279495,1.52468147153286
15012,11175,3.913639074,3.9140708231709063,0.0004317491709064,1.050068804597155,1,1.52468147153286,1,2.064054646969362,1,1.1574151242489146,1,1.1574151242489146,554.4563667090603,1.52468147153286
15013,11175,4.207600626,3.7728070908047657,0.4347935351952339,1.050068804597155,1,1.52468147153286,1,2.064054646969362,1,1.08854620336811,1,1.08854620336811,496.41828671884116,1.52468147153286
15014,11175,3.739927963,3.292357081944679,0.4475708810553209,1.050068804597155,1,1.52468147153286,1,2.064054646969362,1,1.1132303611922225,1,1.1132303611922225,725.4068929101995,1.52468147153286
15016,15016,3.647908773,3.486950247100296,0.1609585258997041,1.050068804597155,1,1.52468147153286,1,2.064054646969362,1,1.302102845045579,1,1.302102845045579,953.9509464000524,1.52468147153286
15017,15016,3.706362961,3.811525420357069,0.1051624593570692,1.050068804597155,1,1.52468147153286,1,2.064054646969362,1,1.2893225853921555,1,1.2893225853921555,801.6703269013404,1.52468147153286
15031,15031,3.649151798,3.1587479587986644,0.4904038392013357,1.050068804597155,1,1.52468147153286,1,2.064054646969362,1,1.6309639547093955,1,1.6309639547093955,858.6701106594388,1.52468147153286
15032,15032,3.535140344,3.427430619477844,0.1077097245221563,1.050068804597155,1,1.52468147153286,1,2.064054646969362,1,1.71832435210937,1,1.71832435210937,659.4389634757897,1.52468147153286
15034,1217,3.720833856,3.29831295056121,0.4225209054387902,1.050068804597155,1,1.52468147153286,1,2.064054646969362,1,1.7753279157393127,1,1.7753279157393127,420.8709594866801,1.52468147153286
15046,5600,2.803093663,3.3401576301038003,0.5370639671038004,1.050068804597155,0,1.52468147153286,1,2.064054646969362,1,1.4067374915636837,1,1.4067374915636837,952.6300733251077,1.52468147153286
15050,15050,3.568710841,3.437399471309349,0.1313113696906511,1.050068804597155,1,1.52468147153286,1,2.064054646969362,1,1.626293848871482,1,1.626293848871482,729.4267092880916,1.52468147153286
15055,5600,2.023487312,3.225706788385283,1.2022194763852831,1.050068804597155,0,1.52468147153286,0,2.064054646969362,0,1.3910522890513155,0,11.524918926243824,809.0024931858678,10.322256283909923
15061,4000,3.104035435,3.6499429945400026,0.5459075595400025,1.050068804597155,0,1.52468147153286,1,2.064054646969362,1,1.407223166139615,1,1.407223166139615,838.5839199615427,1.52468147153286
15062,4000,3.067517202,3.5978673592968207,0.5303501572968208,1.050068804597155,0,1.52468147153286,1,2.064054646969362,1,1.3504731496125624,1,1.3504731496125624,924.3767191396054,1.52468147153286
15065,5600,2.590363862,3.282957117461642,0.6925932554616421,1.050068804597155,0,1.52468147153286,1,2.064054646969362,1,1.2871845430913194,0,2.2672042214109673,612.5628927067511,1.52468147153286
15067,1958,3.362286395,3.287841967032864,0.0744444279671361,1.050068804597155,1,1.52468147153286,1,2.064054646969362,1,1.5939435130736062,1,1.5939435130736062,842.38754590759,1.52468147153286
15087,5600,2.191880578,3.57284948345243,1.3809689054524292,1.050068804597155,0,1.52468147153286,0,2.064054646969362,0,1.1574151242489146,0,17.202641990808353,567.8107933414695,13.897244865252844
15092,1387,3.82834229,4.192109597947195,0.363767307947195,1.050068804597155,1,1.52468147153286,1,2.064054646969362,1,1.5887891635532467,1,1.5887891635532467,768.6472754719526,1.52468147153286
15105,15105,3.903832658,4.209314089081844,0.3054814310818443,1.050068804597155,1,1.52468147153286,1,2.064054646969362,1,1.1846887263249224,1,1.1846887263249224,463.7147819144852,1.52468147153286
15124,1286,3.475087229,3.53581436998684,0.0607271409868399,1.050068804597155,1,1.52468147153286,1,2.064054646969362,1,1.4001985286173522,1,1.4001985286173522,797.9425528109325,1.52468147153286
15128,1770,4.403496996,3.490644907952195,0.9128520880478056,1.050068804597155,0,1.52468147153286,0,2.064054646969362,1,1.3789645652359779,0,5.846360673832311,513.4133672089228,4.534908517160371
15134,15134,4.169343739,3.943735417135186,0.2256083218648141,1.050068804597155,1,1.52468147153286,1,2.064054646969362,1,1.4375515506991992,1,1.4375515506991992,1056.2848852888874,1.52468147153286
15138,15138,3.827870926,3.463274894854854,0.3645960311451461,1.050068804597155,1,1.52468147153286,1,2.064054646969362,1,1.3796985342264385,1,1.3796985342264385,360.93540865791755,1.52468147153286
15140,524,4.984245526,4.178076077942887,0.8061694480571129,1.050068804597155,0,1.52468147153286,0,2.064054646969362,1,1.4421221644499145,0,3.1442894810930273,916.0697316346025,2.401255717346517
15147,8051,3.546555749,3.4790883068375877,0.0674674421624121,1.050068804597155,1,1.52468147153286,1,2.064054646969362,1,1.102710936723887,1,1.102710936723887,578.9729167465622,1.52468147153286
15153,475,2.801220714,3.4815715044876896,0.6803507904876898,1.050068804597155,0,1.52468147153286,1,2.064054646969362,1,1.766601315707975,1,1.766601315707975,459.7148092001421,1.52468147153286
15159,15159,3.286038782,3.1232415928848662,0.1627971891151336,1.050068804597155,1,1.52468147153286,1,2.064054646969362,1,1.5157978181117926,1,1.5157978181117926,919.0685557855887,1.52468147153286
15166,15166,3.616044682,4.028560301001141,0.412515619001141,1.050068804597155,1,1.52468147153286,1,2.064054646969362,1,1.1979244190672187,1,1.1979244190672187,682.3230803302152,1.52468147153286
15176,15176,2.963714062,3.9665335498663143,1.002819487866314,1.050068804597155,0,1.52468147153286,0,2.064054646969362,1,1.3262869340924492,0,8.119807350494234,962.927877223424,6.334256513530538
15180,15180,3.236045253,3.4601636417288435,0.2241183887288436,1.050068804597155,1,1.52468147153286,1,2.064054646969362,1,1.2934848125288436,1,1.2934848125288436,1048.5779169955317,1.52468147153286
15181,15181,3.239338415,3.5345501053217103,0.2952116903217101,1.050068804597155,1,1.52468147153286,1,2.064054646969362,1,1.3321448556530964,1,1.3321448556530964,542.966794388717,1.52468147153286
15188,15188,3.456279252,2.95794127828163,0.4983379737183697,1.050068804597155,1,1.52468147153286,1,2.064054646969362,1,1.4001985286173522,1,1.4001985286173522,919.6468194282985,1.52468147153286
15194,3253,4.02383296,3.3336101718803297,0.6902227881196703,1.050068804597155,0,1.52468147153286,1,2.064054646969362,1,1.784658526383998,1,1.784658526383998,532.9227145497748,1.52468147153286
15207,1995,3.597559382,3.757875720964573,0.1603163389645727,1.050068804597155,1,1.52468147153286,1,2.064054646969362,1,1.4421221644499145,1,1.4421221644499145,890.7137387417503,1.52468147153286
15212,15212,3.303776889,3.4475921918602044,0.1438153028602045,1.050068804597155,1,1.52468147153286,1,2.064054646969362,1,1.2284225834212013,1,1.2284225834212013,649.0969506230437,1.52468147153286
15213,15212,3.612259588,3.832062826844982,0.2198032388449817,1.050068804597155,1,1.52468147153286,1,2.064054646969362,1,1.1846887263249224,1,1.1846887263249224,529.8397879465012,1.52468147153286
15223,15223,3.550326648,3.718882024453386,0.1685553764533858,1.050068804597155,1,1.52468147153286,1,2.064054646969362,1,1.8370283935439569,1,1.8370283935439569,373.9961329190239,1.52468147153286
15227,1189,3.922212632,3.8151115496609624,0.1071010823390374,1.050068804597155,1,1.52468147153286,1,2.064054646969362,1,1.2860939569318397,1,1.2860939569318397,969.1249836674859,1.52468147153286
15228,1189,3.917392964,3.735840460413848,0.1815525035861518,1.050068804597155,1,1.52468147153286,1,2.064054646969362,1,1.302102845045579,1,1.302102845045579,977.9163568218801,1.52468147153286
15231,15231,4.283482955,3.752120004076875,0.5313629509231252,1.050068804597155,0,1.52468147153286,1,2.064054646969362,1,2.0017081139378297,1,2.0017081139378297,277.74957566042343,1.52468147153286
15232,15232,3.692583106,3.8501248051004096,0.1575416991004097,1.050068804597155,1,1.52468147153286,1,2.064054646969362,1,1.5737498636462122,1,1.5737498636462122,568.5176513747823,1.52468147153286
15250,15250,2.821541854,3.482773446275102,0.6612315922751022,1.050068804597155,0,1.52468147153286,1,2.064054646969362,1,1.396974315685524,1,1.396974315685524,830.2643022646907,1.52468147153286
15256,2266,4.776460004,4.664212186172852,0.1122478178271473,1.050068804597155,1,1.52468147153286,1,2.064054646969362,1,1.423361558271015,1,1.423361558271015,1030.824169543342,1.52468147153286
15257,2266,4.298566154,4.72768103452796,0.4291148805279592,1.050068804597155,1,1.52468147153286,1,2.064054646969362,1,1.423361558271015,1,1.423361558271015,1032.9273592107522,1.52468147153286
15267,11931,3.028521549,3.280525657213262,0.2520041082132618,1.050068804597155,1,1.52468147153286,1,2.064054646969362,1,1.3910522890513155,1,1.3910522890513155,1204.0350107502863,1.52468147153286
15268,11931,3.038392735,3.315510110215315,0.2771173752153149,1.050068804597155,1,1.52468147153286,1,2.064054646969362,1,1.3261883391976994,1,1.3261883391976994,1001.6733198261354,1.52468147153286
15269,11931,3.038392735,3.425725228008504,0.387332493008504,1.050068804597155,1,1.52468147153286,1,2.064054646969362,1,1.322437479614095,1,1.322437479614095,979.1924506991536,1.52468147153286
15278,2316,4.138058563,3.424426991177752,0.7136315718222486,1.050068804597155,0,1.52468147153286,1,2.064054646969362,1,1.2077591235797804,0,3.4027993242269474,386.05752486729085,1.52468147153286
15280,15280,3.769476234,3.3253890297752364,0.4440872042247634,1.050068804597155,1,1.52468147153286,1,2.064054646969362,1,1.329605484588213,1,1.329605484588213,734.1307773547675,1.52468147153286
15287,15287,3.540153218,3.30625453834002,0.2338986796599798,1.050068804597155,1,1.52468147153286,1,2.064054646969362,1,1.5384695297565694,1,1.5384695297565694,387.9573574396738,1.52468147153286
15301,7968,4.268586041,4.087280521900685,0.1813055190993147,1.050068804597155,1,1.52468147153286,1,2.064054646969362,1,1.391427373169848,1,1.391427373169848,1017.4160367598633,1.52468147153286
15302,15302,4.332785757,3.4778695780046407,0.8549161789953592,1.050068804597155,0,1.52468147153286,0,2.064054646969362,1,1.7753279157393127,1,1.7753279157393127,408.8007875134795,3.376190336111444
15318,15318,3.924423288,4.089883627327575,0.1654603393275753,1.050068804597155,1,1.52468147153286,1,2.064054646969362,1,1.3504731496125624,1,1.3504731496125624,807.7050825936158,1.52468147153286
15326,15326,3.751372597,3.575144064138773,0.1762285328612272,1.050068804597155,1,1.52468147153286,1,2.064054646969362,1,1.784658526383998,1,1.784658526383998,424.038135609876,1.52468147153286
15329,15329,2.602638665,2.79411726595927,0.1914786009592699,1.050068804597155,1,1.52468147153286,1,2.064054646969362,1,1.5917260582261177,1,1.5917260582261177,908.0110340195617,1.52468147153286
15331,15331,4.523485248,4.335071823083195,0.1884134249168054,1.050068804597155,1,1.52468147153286,1,2.064054646969362,1,1.5257273445853006,1,1.5257273445853006,936.9377586860004,1.52468147153286
15335,2265,3.800777202,4.009108881045057,0.2083316790450569,1.050068804597155,1,1.52468147153286,1,2.064054646969362,1,1.6309639547093955,1,1.6309639547093955,668.8862869665381,1.52468147153286
15344,15344,3.480281628,3.510331184275073,0.0300495562750726,1.050068804597155,1,1.52468147153286,1,2.064054646969362,1,1.4375515506991992,1,1.4375515506991992,817.905860683891,1.52468147153286
15348,3027,3.206711737,2.967123261953014,0.2395884750469861,1.050068804597155,1,1.52468147153286,1,2.064054646969362,1,1.4928188003459582,1,1.4928188003459582,393.33035708818056,1.52468147153286
15352,1995,3.927259123,3.627713891986312,0.2995452310136874,1.050068804597155,1,1.52468147153286,1,2.064054646969362,1,1.4553805109797686,1,1.4553805109797686,842.8995271258798,1.52468147153286
15354,4921,3.621547188,3.224093048795822,0.3974541392041781,1.050068804597155,1,1.52468147153286,1,2.064054646969362,1,1.3945897224156516,1,1.3945897224156516,710.17747750568,1.52468147153286
15355,15355,1.868819577,2.4119358172164467,0.5431162402164467,1.050068804597155,0,1.52468147153286,1,2.064054646969362,1,1.4975989965576506,1,1.4975989965576506,275.4270338175434,1.52468147153286
15365,15365,3.765648601,3.821286998389018,0.0556383973890177,1.050068804597155,1,1.52468147153286,1,2.064054646969362,1,1.2772543466825281,1,1.2772543466825281,713.526575980105,1.52468147153286
15366,15365,3.783918885,3.8897773089314778,0.1058584239314774,1.050068804597155,1,1.52468147153286,1,2.064054646969362,1,1.2807129586479924,1,1.2807129586479924,695.880533263843,1.52468147153286
15376,15376,2.929827481,3.104760445161121,0.1749329641611212,1.050068804597155,1,1.52468147153286,1,2.064054646969362,1,1.6451508977236662,1,1.6451508977236662,634.7575247449697,1.52468147153286
15403,15403,4.482724349,3.79663196606992,0.68609238293008,1.050068804597155,0,1.52468147153286,1,2.064054646969362,1,1.9279260795578497,1,1.9279260795578497,116.6872455145358,1.52468147153286
15404,15403,3.351005434,3.302757768591777,0.0482476654082231,1.050068804597155,1,1.52468147153286,1,2.064054646969362,1,1.784658526383998,1,1.784658526383998,406.87753828909615,1.52468147153286
15405,15403,3.527123143,3.639869932520161,0.1127467895201612,1.050068804597155,1,1.52468147153286,1,2.064054646969362,1,1.7746642911833757,1,1.7746642911833757,435.98504854244214,1.52468147153286
15406,15403,3.890097513,3.648919734210453,0.241177778789547,1.050068804597155,1,1.52468147153286,1,2.064054646969362,1,1.8208860709437305,1,1.8208860709437305,295.3711504015353,1.52468147153286
15407,6887,4.222556073,3.7932688134350623,0.4292872595649375,1.050068804597155,1,1.52468147153286,1,2.064054646969362,1,1.6334237079661191,1,1.6334237079661191,545.5925859707754,1.52468147153286
15408,6887,3.360367225,3.846401161948081,0.4860339369480804,1.050068804597155,1,1.52468147153286,1,2.064054646969362,1,1.8208860709437305,1,1.8208860709437305,297.7866053669778,1.52468147153286
15417,15417,2.963269197,3.9916371186955657,1.028367921695566,1.050068804597155,0,1.52468147153286,0,2.064054646969362,1,1.572992217236905,0,6.410428478779172,420.45881139724224,6.845225190115578
15421,15403,3.760449411,3.6244934910517266,0.1359559199482736,1.050068804597155,1,1.52468147153286,1,2.064054646969362,1,1.6910857157185362,1,1.6910857157185362,470.1954357351921,1.52468147153286
15424,15424,1.282520877,3.0733349503816965,1.7908140733816964,1.050068804597155,0,1.52468147153286,0,2.064054646969362,0,1.720364193938941,0,20.33300372218346,109.63738208094514,22.09414822383819
15431,15431,3.907724785,3.947359804244121,0.039635019244121,1.050068804597155,1,1.52468147153286,1,2.064054646969362,1,1.699289333118247,1,1.699289333118247,624.525647232841,1.52468147153286
15435,15435,3.413527751,3.3072574406884567,0.1062703103115434,1.050068804597155,1,1.52468147153286,1,2.064054646969362,1,1.5257273445853006,1,1.5257273445853006,736.7099140212933,1.52468147153286
15448,15448,3.246227678,3.857801213970355,0.6115735359703556,1.050068804597155,0,1.52468147153286,1,2.064054646969362,1,1.471777350325528,1,1.471777350325528,625.7359869663685,1.52468147153286
15451,15448,3.616380978,3.88890145717766,0.2725204791776603,1.050068804597155,1,1.52468147153286,1,2.064054646969362,1,1.396974315685524,1,1.396974315685524,792.0851616700746,1.52468147153286
15456,5656,4.180804229,3.583377901771054,0.5974263272289457,1.050068804597155,0,1.52468147153286,1,2.064054646969362,1,1.5072520957078765,1,1.5072520957078765,999.9138966327541,1.52468147153286
15464,12576,3.448300428,3.0708787546976413,0.3774216733023587,1.050068804597155,1,1.52468147153286,1,2.064054646969362,1,1.5369991640953309,1,1.5369991640953309,879.1213525278816,1.52468147153286
15465,12576,3.233605219,3.2866859622962687,0.0530807432962685,1.050068804597155,1,1.52468147153286,1,2.064054646969362,1,1.4820917832292722,1,1.4820917832292722,983.3049424213937,1.52468147153286
15490,15490,3.761323109,3.7043392151385137,0.0569838938614863,1.050068804597155,1,1.52468147153286,1,2.064054646969362,1,1.3048305606716362,1,1.3048305606716362,350.0452327952025,1.52468147153286
15491,15490,3.802179445,3.695703478026034,0.1064759669739663,1.050068804597155,1,1.52468147153286,1,2.064054646969362,1,1.301023391114362,1,1.301023391114362,720.5657786383423,1.52468147153286
15492,15490,3.738877234,3.7769328298879463,0.0380555958879464,1.050068804597155,1,1.52468147153286,1,2.064054646969362,1,1.5384695297565694,1,1.5384695297565694,95.90534225631127,1.52468147153286
15498,15498,3.005455271,2.465834664361539,0.539620606638461,1.050068804597155,0,1.52468147153286,1,2.064054646969362,1,1.5095461980813774,1,1.5095461980813774,325.4081040606723,1.52468147153286
15505,15505,3.293995669,3.4168407064023936,0.1228450374023935,1.050068804597155,1,1.52468147153286,1,2.064054646969362,1,1.6429877854676231,1,1.6429877854676231,317.9795133376633,1.52468147153286
15539,15539,3.750506159,3.4577286232167217,0.2927775357832782,1.050068804597155,1,1.52468147153286,1,2.064054646969362,1,1.5626288932031063,1,1.5626288932031063,813.0391564428525,1.52468147153286
15541,5872,5.142903557,4.600634158420695,0.5422693985793057,1.050068804597155,0,1.52468147153286,1,2.064054646969362,1,1.630021760176727,1,1.630021760176727,789.4040829377695,1.52468147153286
15561,15561,3.920971786,4.2868907222117905,0.3659189362117905,1.050068804597155,1,1.52468147153286,1,2.064054646969362,1,1.4937082731960718,1,1.4937082731960718,1063.877444861722,1.52468147153286
15570,2437,3.267104059,3.4088101637036416,0.1417061047036418,1.050068804597155,1,1.52468147153286,1,2.064054646969362,1,1.302102845045579,1,1.302102845045579,705.6963734758706,1.52468147153286
15573,2437,3.459601436,3.5605510495285806,0.1009496135285807,1.050068804597155,1,1.52468147153286,1,2.064054646969362,1,1.2934848125288436,1,1.2934848125288436,658.1380790989318,1.52468147153286
15576,2437,3.503669063,3.535157338209332,0.0314882752093321,1.050068804597155,1,1.52468147153286,1,2.064054646969362,1,1.2807129586479924,1,1.2807129586479924,683.2636108788232,1.52468147153286
15579,2437,3.881454402,3.6749524898404937,0.2065019121595064,1.050068804597155,1,1.52468147153286,1,2.064054646969362,1,1.2817654905240419,1,1.2817654905240419,589.3475868211583,1.52468147153286
15580,2437,3.30888531,2.9381092071586146,0.3707761028413854,1.050068804597155,1,1.52468147153286,1,2.064054646969362,1,1.396974315685524,1,1.396974315685524,1204.870107726601,1.52468147153286
15581,2437,3.462741691,3.397785307829887,0.0649563831701129,1.050068804597155,1,1.52468147153286,1,2.064054646969362,1,1.3048305606716362,1,1.3048305606716362,795.9265650307469,1.52468147153286
15582,2437,3.333284528,3.4571568180301604,0.1238722900301603,1.050068804597155,1,1.52468147153286,1,2.064054646969362,1,1.3687780642358547,1,1.3687780642358547,906.8750262328252,1.52468147153286
15587,5110,3.987316804,3.8160709041293814,0.1712458998706187,1.050068804597155,1,1.52468147153286,1,2.064054646969362,1,1.1227493765899847,1,1.1227493765899847,635.3118839717418,1.52468147153286
15589,5110,3.823637222,3.7834639234844087,0.0401732985155911,1.050068804597155,1,1.52468147153286,1,2.064054646969362,1,1.1597138134038474,1,1.1597138134038474,609.1421966924656,1.52468147153286
15590,5110,3.825463768,3.9310321267677426,0.1055683587677425,1.050068804597155,1,1.52468147153286,1,2.064054646969362,1,1.1846887263249224,1,1.1846887263249224,595.5289113622827,1.52468147153286
15591,5110,3.640495634,3.608249363670948,0.0322462703290518,1.050068804597155,1,1.52468147153286,1,2.064054646969362,1,1.1967980335046144,1,1.1967980335046144,436.84965455150626,1.52468147153286
15592,5110,3.74240275,3.860819750148958,0.1184170001489577,1.050068804597155,1,1.52468147153286,1,2.064054646969362,1,1.1846887263249224,1,1.1846887263249224,572.6366591739768,1.52468147153286
15594,5110,3.7898274,3.892366491281077,0.102539091281077,1.050068804597155,1,1.52468147153286,1,2.064054646969362,1,1.1597138134038474,1,1.1597138134038474,631.9180721238986,1.52468147153286
15595,5110,3.463171726,3.437754998942026,0.0254167270579741,1.050068804597155,1,1.52468147153286,1,2.064054646969362,1,1.1979244190672187,1,1.1979244190672187,437.5683170603743,1.52468147153286
15596,5110,3.842942377,3.846317031368535,0.0033746543685349,1.050068804597155,1,1.52468147153286,1,2.064054646969362,1,1.1846887263249224,1,1.1846887263249224,603.8490290825405,1.52468147153286
15597,5110,3.650653267,3.6014212095672353,0.0492320574327647,1.050068804597155,1,1.52468147153286,1,2.064054646969362,1,1.1846887263249224,1,1.1846887263249224,594.4968440526836,1.52468147153286
15598,5110,3.871221259,3.9192273525774297,0.0480060935774298,1.050068804597155,1,1.52468147153286,1,2.064054646969362,1,1.1416188265230973,1,1.1416188265230973,629.0504283188849,1.52468147153286
15599,5110,3.553858506,3.552928730608745,0.0009297753912549,1.050068804597155,1,1.52468147153286,1,2.064054646969362,1,1.2040185997754147,1,1.2040185997754147,370.7584238864614,1.52468147153286
15600,5110,3.80686074,3.8454218557622104,0.0385611157622105,1.050068804597155,1,1.52468147153286,1,2.064054646969362,1,1.1597138134038474,1,1.1597138134038474,611.7497320023768,1.52468147153286
15601,5110,3.623934167,3.5484158626416895,0.0755183043583103,1.050068804597155,1,1.52468147153286,1,2.064054646969362,1,1.2860939569318397,1,1.2860939569318397,918.6261480199513,1.52468147153286
15602,5110,4.306949828,3.88805281253514,0.4188970154648599,1.050068804597155,1,1.52468147153286,1,2.064054646969362,1,1.2006980094738973,1,1.2006980094738973,803.2327360714148,1.52468147153286
15603,5110,3.879514731,3.9814098494174863,0.1018951184174867,1.050068804597155,1,1.52468147153286,1,2.064054646969362,1,1.1597138134038474,1,1.1597138134038474,614.5371692740684,1.52468147153286
15604,5110,3.523533416,3.627250628376844,0.1037172123768441,1.050068804597155,1,1.52468147153286,1,2.064054646969362,1,1.1671901850510507,1,1.1671901850510507,389.227361950745,1.52468147153286
15605,5110,3.825463768,3.982404765568889,0.1569409975688889,1.050068804597155,1,1.52468147153286,1,2.064054646969362,1,1.1690470098093586,1,1.1690470098093586,592.7012409335849,1.52468147153286
15609,15609,2.803725768,3.2447733989165504,0.4410476309165503,1.050068804597155,1,1.52468147153286,1,2.064054646969362,1,1.5157978181117926,1,1.5157978181117926,978.8892971386744,1.52468147153286
15611,15611,2.55026394,3.4872564695689614,0.9369925295689616,1.050068804597155,0,1.52468147153286,0,2.064054646969362,1,1.4820917832292722,0,5.401024542315783,1027.7036097260593,5.017717347583492
15612,15612,3.366767634,3.8874283569721255,0.5206607229721256,1.050068804597155,1,1.52468147153286,1,2.064054646969362,1,1.692535950084464,1,1.692535950084464,700.4984581114246,1.52468147153286
15618,15618,3.746833594,3.7643416078978102,0.0175080138978107,1.050068804597155,1,1.52468147153286,1,2.064054646969362,1,1.5020973847507406,1,1.5020973847507406,1059.497522993103,1.52468147153286
15648,15648,2.873743515,3.1574208306697233,0.2836773156697232,1.050068804597155,1,1.52468147153286,1,2.064054646969362,1,1.71832435210937,1,1.71832435210937,571.9171049202769,1.52468147153286
15649,15649,4.084769255,4.033617342500516,0.0511519124994839,1.050068804597155,1,1.52468147153286,1,2.064054646969362,1,1.6348515981018181,1,1.6348515981018181,814.4058409333601,1.52468147153286
15650,15650,2.848883296,2.4020347244896847,0.4468485715103152,1.050068804597155,1,1.52468147153286,1,2.064054646969362,1,1.6573110137528522,1,1.6573110137528522,764.4178774162465,1.52468147153286
15652,15652,3.976935732,3.9762693226148658,0.0006664093851345,1.050068804597155,1,1.52468147153286,1,2.064054646969362,1,1.1964387702367638,1,1.1964387702367638,729.3643091759493,1.52468147153286
15653,15652,4.100000177,3.92332634075102,0.1766738362489803,1.050068804597155,1,1.52468147153286,1,2.064054646969362,1,1.1846887263249224,1,1.1846887263249224,666.3995028804364,1.52468147153286
15672,5079,4.175289194,3.214737071613249,0.9605521223867513,1.050068804597155,0,1.52468147153286,0,2.064054646969362,1,1.7124406432167314,0,3.7990766587844425,586.0522068307125,5.488909203939285
15697,15697,2.754018475,3.479779968147522,0.7257614931475218,1.050068804597155,0,1.52468147153286,1,2.064054646969362,1,1.4436711702900702,0,1.5221893303398044,1115.8180606003853,1.52468147153286
15700,8413,3.881116393,3.605163365166528,0.2759530278334723,1.050068804597155,1,1.52468147153286,1,2.064054646969362,1,1.3796985342264385,1,1.3796985342264385,878.799872020357,1.52468147153286
15704,15704,2.956699992,3.3918295208370703,0.4351295288370704,1.050068804597155,1,1.52468147153286,1,2.064054646969362,1,1.5020973847507406,1,1.5020973847507406,1075.3305570641055,1.52468147153286
15712,15712,4.023633366,3.986513779300897,0.0371195866991032,1.050068804597155,1,1.52468147153286,1,2.064054646969362,1,1.1178084131289037,1,1.1178084131289037,698.5947683143172,1.52468147153286
15713,15712,4.04203857,3.911751865697099,0.1302867043029008,1.050068804597155,1,1.52468147153286,1,2.064054646969362,1,1.1955186547543812,1,1.1955186547543812,709.6384586758451,1.52468147153286
15715,15715,3.833274639,3.669069920345526,0.1642047186544739,1.050068804597155,1,1.52468147153286,1,2.064054646969362,1,1.5990498197049652,1,1.5990498197049652,909.6841944860723,1.52468147153286
15718,15718,3.643138828,3.358100943314428,0.2850378846855719,1.050068804597155,1,1.52468147153286,1,2.064054646969362,1,1.692535950084464,1,1.692535950084464,185.65407390988116,1.52468147153286
15724,15724,6.156551105,3.797727829397743,2.358823275602257,1.050068804597155,0,1.52468147153286,0,2.064054646969362,0,1.3261883391976994,0,35.240770459265846,781.2064925399225,33.4543322682494
15728,14196,3.199640976,2.9111920754013383,0.2884489005986617,1.050068804597155,1,1.52468147153286,1,2.064054646969362,1,1.52468147153286,1,1.52468147153286,457.59896625338826,1.52468147153286
15730,15652,4.12323362,3.9539835109798993,0.1692501090201004,1.050068804597155,1,1.52468147153286,1,2.064054646969362,1,1.1964387702367638,1,1.1964387702367638,738.750911577585,1.52468147153286
15746,15746,4.042951727,4.150906115309956,0.107954388309956,1.050068804597155,1,1.52468147153286,1,2.064054646969362,1,1.1178084131289037,1,1.1178084131289037,671.2380407197131,1.52468147153286
15766,15766,3.429980041,3.3857875873268095,0.0441924536731903,1.050068804597155,1,1.52468147153286,1,2.064054646969362,1,1.4975989965576506,1,1.4975989965576506,246.63538532282917,1.52468147153286
15768,15768,3.435412509,3.6209282150504496,0.1855157060504497,1.050068804597155,1,1.52468147153286,1,2.064054646969362,1,1.3910522890513155,1,1.3910522890513155,852.0211430934282,1.52468147153286
15772,15772,3.523444696,3.5256767372317723,0.0022320412317724,1.050068804597155,1,1.52468147153286,1,2.064054646969362,1,1.391427373169848,1,1.391427373169848,846.6486846697483,1.52468147153286
15777,15777,3.219314645,3.4777367916933972,0.2584221466933973,1.050068804597155,1,1.52468147153286,1,2.064054646969362,1,1.5812013882021647,1,1.5812013882021647,600.6259137529834,1.52468147153286
15779,15777,3.339281452,3.536801415454067,0.1975199634540669,1.050068804597155,1,1.52468147153286,1,2.064054646969362,1,1.471777350325528,1,1.471777350325528,920.5854165134251,1.52468147153286
15795,15795,3.792664289,3.974499706055635,0.1818354170556348,1.050068804597155,1,1.52468147153286,1,2.064054646969362,1,1.4553805109797686,1,1.4553805109797686,934.8811802257065,1.52468147153286
15840,3056,3.836377828,4.140126198464653,0.3037483704646533,1.050068804597155,1,1.52468147153286,1,2.064054646969362,1,1.5369991640953309,1,1.5369991640953309,866.8251238531016,1.52468147153286
15841,3056,3.22331194,4.030957173886124,0.8076452338861242,1.050068804597155,0,1.52468147153286,0,2.064054646969362,1,1.5939435130736062,0,1.8074130600600284,804.843246074671,2.4307714339267434
15845,3056,5.191129506,4.470548660583246,0.7205808454167544,1.050068804597155,0,1.52468147153286,1,2.064054646969362,1,1.4589678116174616,1,1.4589678116174616,932.7958292922126,1.52468147153286
15846,3056,5.052596481,4.613742914855176,0.4388535661448243,1.050068804597155,1,1.52468147153286,1,2.064054646969362,1,1.423361558271015,1,1.423361558271015,924.0777202175925,1.52468147153286
15853,3056,4.773117672,4.438425131572277,0.3346925404277225,1.050068804597155,1,1.52468147153286,1,2.064054646969362,1,1.4589678116174616,1,1.4589678116174616,913.8538439484787,1.52468147153286
15855,3056,4.304915013,4.460570380354863,0.1556553673548633,1.050068804597155,1,1.52468147153286,1,2.064054646969362,1,1.4820917832292722,1,1.4820917832292722,896.5630031956587,1.52468147153286
15871,746,3.322747127,3.368156413699156,0.0454092866991562,1.050068804597155,1,1.52468147153286,1,2.064054646969362,1,1.1964387702367638,1,1.1964387702367638,822.9416476122672,1.52468147153286
15884,8394,3.973271272,4.051040720873275,0.0777694488732754,1.050068804597155,1,1.52468147153286,1,2.064054646969362,1,1.6429877854676231,1,1.6429877854676231,732.7056414650636,1.52468147153286
15885,8394,3.40626371,3.8614813100582217,0.4552176000582211,1.050068804597155,1,1.52468147153286,1,2.064054646969362,1,1.6429877854676231,1,1.6429877854676231,743.9845430581988,1.52468147153286
15896,15896,2.780353802,2.9597389697764065,0.1793851677764064,1.050068804597155,1,1.52468147153286,1,2.064054646969362,1,1.572992217236905,1,1.572992217236905,580.1373362552105,1.52468147153286
15898,15898,4.122548764,3.796616175926479,0.3259325880735213,1.050068804597155,1,1.52468147153286,1,2.064054646969362,1,1.2807129586479924,1,1.2807129586479924,655.8088225929898,1.52468147153286
15907,2102,4.699801605,4.433619134684147,0.2661824703158535,1.050068804597155,1,1.52468147153286,1,2.064054646969362,1,1.391427373169848,1,1.391427373169848,356.36400844108755,1.52468147153286
15914,9751,3.906548518,4.127313752848272,0.2207652348482716,1.050068804597155,1,1.52468147153286,1,2.064054646969362,1,1.6377856258303867,1,1.6377856258303867,759.2527655157315,1.52468147153286
15917,1687,2.517728389,3.365567793159738,0.8478394041597377,1.050068804597155,0,1.52468147153286,0,2.064054646969362,1,1.6573110137528522,0,2.040988959419084,697.1399085114339,3.2346548393990133
15930,1995,2.271643381,3.5407554464325677,1.2691120654325676,1.050068804597155,0,1.52468147153286,0,2.064054646969362,0,1.6348515981018181,0,10.668576925734989,767.0572821347051,11.660108064855612
15931,1995,2.6113097,3.4727112451363733,0.8614015451363732,1.050068804597155,0,1.52468147153286,0,2.064054646969362,1,1.6348515981018181,0,2.5143665198111016,778.1170888003519,3.5058976589317243
15933,15933,2.990621349,3.543742785328472,0.553121436328472,1.050068804597155,0,1.52468147153286,1,2.064054646969362,1,1.391427373169848,1,1.391427373169848,955.600015536005,1.52468147153286
15943,15943,3.880496804,3.59692915111157,0.2835676528884292,1.050068804597155,1,1.52468147153286,1,2.064054646969362,1,1.4421221644499145,1,1.4421221644499145,852.2431110867259,1.52468147153286
15969,811,3.973095867,3.755778255824832,0.2173176111751678,1.050068804597155,1,1.52468147153286,1,2.064054646969362,1,1.2693643667630692,1,1.2693643667630692,738.1517371651126,1.52468147153286
15979,15979,4.297536343,3.518135441136434,0.7794009018635659,1.050068804597155,0,1.52468147153286,0,2.064054646969362,1,1.632526632945865,1,1.632526632945865,766.7662733454401,1.865884793475578
15982,389,2.742739293,3.755578420326311,1.0128391273263109,1.050068804597155,0,1.52468147153286,0,2.064054646969362,1,1.1976564901560849,0,9.477874135121453,342.55506508450327,6.534649302730477
16023,16023,4.204745427,3.7781298165224624,0.4266156104775374,1.050068804597155,1,1.52468147153286,1,2.064054646969362,1,1.29460112607409,1,1.29460112607409,956.2866071521838,1.52468147153286
16024,10495,3.512422315,3.542418206335494,0.0299958913354942,1.050068804597155,1,1.52468147153286,1,2.064054646969362,1,1.5157978181117926,1,1.5157978181117926,953.1787168860485,1.52468147153286
16033,14635,4.306669042,3.5464039334246085,0.7602651085753918,1.050068804597155,0,1.52468147153286,1,2.064054646969362,1,1.2683003395262684,0,3.7905991157714194,635.1687990360873,1.52468147153286
16034,16034,3.253954058,3.3533248239823674,0.0993707659823672,1.050068804597155,1,1.52468147153286,1,2.064054646969362,1,1.3504731496125624,1,1.3504731496125624,946.5333746049009,1.52468147153286
16035,16034,3.199784098,3.5474750767669865,0.3476909787669866,1.050068804597155,1,1.52468147153286,1,2.064054646969362,1,1.2661449876661628,1,1.2661449876661628,647.3260886549074,1.52468147153286
16036,16034,2.821175664,2.9834999631954973,0.1623242991954971,1.050068804597155,1,1.52468147153286,1,2.064054646969362,1,1.396974315685524,1,1.396974315685524,783.7613758859821,1.52468147153286
16037,16034,3.225556898,3.4085334504952463,0.1829765524952464,1.050068804597155,1,1.52468147153286,1,2.064054646969362,1,1.2693643667630692,1,1.2693643667630692,675.9439795992731,1.52468147153286
16039,16034,2.892251617,3.1638889763882965,0.2716373593882966,1.050068804597155,1,1.52468147153286,1,2.064054646969362,1,1.396974315685524,1,1.396974315685524,832.1921667947604,1.52468147153286
16040,16034,3.191982844,3.5349819956390536,0.3429991516390536,1.050068804597155,1,1.52468147153286,1,2.064054646969362,1,1.1979244190672187,1,1.1979244190672187,691.1699985106201,1.52468147153286
16041,16034,3.212753706,3.3153462881985645,0.1025925821985644,1.050068804597155,1,1.52468147153286,1,2.064054646969362,1,1.3398275348484274,1,1.3398275348484274,947.2631371941155,1.52468147153286
16042,16034,3.239066983,3.4721211837385493,0.2330542007385494,1.050068804597155,1,1.52468147153286,1,2.064054646969362,1,1.1979244190672187,1,1.1979244190672187,659.5100702946268,1.52468147153286
16043,16043,3.089851836,3.7697496844517646,0.6798978484517648,1.050068804597155,0,1.52468147153286,1,2.064054646969362,1,1.123091525034881,0,3.4901332437213677,452.6984746815611,1.52468147153286
16070,16070,4.470362182,3.674638054404731,0.7957241275952689,1.050068804597155,0,1.52468147153286,0,2.064054646969362,1,1.123091525034881,0,5.806658826591449,577.8789374314587,2.1923493081096375
16078,659,5.444281295,3.850632811048904,1.593648483951096,1.050068804597155,0,1.52468147153286,0,2.064054646969362,0,1.4820917832292722,0,18.53414362995847,852.3164919204105,18.150836435226182
16079,16079,3.990420259,3.690965460272292,0.2994547987277083,1.050068804597155,1,1.52468147153286,1,2.064054646969362,1,1.3469016477462619,1,1.3469016477462619,1006.9174722188839,1.52468147153286
16109,16109,3.639900664,3.5775309970607654,0.0623696669392344,1.050068804597155,1,1.52468147153286,1,2.064054646969362,1,1.979837274846932,1,1.979837274846932,278.7858688957902,1.52468147153286
16114,16114,3.226463203,3.6342207446379864,0.4077575416379866,1.050068804597155,1,1.52468147153286,1,2.064054646969362,1,1.5737498636462122,1,1.5737498636462122,486.8675697341084,1.52468147153286
16143,13944,3.465474756,3.480472241626934,0.0149974856269339,1.050068804597155,1,1.52468147153286,1,2.064054646969362,1,1.5369991640953309,1,1.5369991640953309,695.3903071726821,1.52468147153286
16145,344,5.305842146,4.211962039509364,1.0938801064906354,1.050068804597155,0,1.52468147153286,0,2.064054646969362,0,1.2006980094738973,0,11.071320044547633,656.3861032419582,8.155468886016967
16147,16147,3.56410995,3.1025073108153727,0.4616026391846275,1.050068804597155,1,1.52468147153286,1,2.064054646969362,1,1.5157978181117926,1,1.5157978181117926,979.7932474634939,1.52468147153286
16157,16157,2.840818456,3.244156638793745,0.4033381827937448,1.050068804597155,1,1.52468147153286,1,2.064054646969362,1,1.6573110137528522,1,1.6573110137528522,700.2231695600501,1.52468147153286
16158,16158,3.38782746,3.188990177601623,0.1988372823983768,1.050068804597155,1,1.52468147153286,1,2.064054646969362,1,1.7248594406082018,1,1.7248594406082018,528.7278465955931,1.52468147153286
16159,3963,3.614126654,3.656810235431758,0.0426835814317581,1.050068804597155,1,1.52468147153286,1,2.064054646969362,1,1.302102845045579,1,1.302102845045579,800.9496824832113,1.52468147153286
16161,1286,3.482556903,3.395488023897658,0.0870688791023419,1.050068804597155,1,1.52468147153286,1,2.064054646969362,1,1.429650291237051,1,1.429650291237051,407.0046738724432,1.52468147153286
16163,16163,3.408642406,3.400817288842564,0.0078251171574357,1.050068804597155,1,1.52468147153286,1,2.064054646969362,1,1.6211267466279642,1,1.6211267466279642,935.0467608320961,1.52468147153286
16164,16164,3.204122781,3.0282325399011834,0.1758902410988168,1.050068804597155,1,1.52468147153286,1,2.064054646969362,1,1.5369991640953309,1,1.5369991640953309,864.7588517942153,1.52468147153286
16174,16158,3.758866493,3.166785043044731,0.5920814499552693,1.050068804597155,0,1.52468147153286,1,2.064054646969362,1,1.7124406432167314,1,1.7124406432167314,520.1892475744556,1.52468147153286
16218,7742,3.007773848,3.322703186236706,0.3149293382367055,1.050068804597155,1,1.52468147153286,1,2.064054646969362,1,1.471777350325528,1,1.471777350325528,867.8601982822871,1.52468147153286
16229,1286,3.250271528,3.5808166912130406,0.3305451632130407,1.050068804597155,1,1.52468147153286,1,2.064054646969362,1,1.3452449663859802,1,1.3452449663859802,205.45673243121882,1.52468147153286
16232,16232,3.440856628,3.454287895575982,0.013431267575982,1.050068804597155,1,1.52468147153286,1,2.064054646969362,1,1.2693643667630692,1,1.2693643667630692,677.1793640657372,1.52468147153286
16239,16239,3.563282513,3.5424193917843403,0.0208631212156595,1.050068804597155,1,1.52468147153286,1,2.064054646969362,1,1.3796985342264385,1,1.3796985342264385,965.483079843417,1.52468147153286
16245,12498,3.002941274,3.526965506138104,0.5240242321381041,1.050068804597155,1,1.52468147153286,1,2.064054646969362,1,1.396974315685524,1,1.396974315685524,948.6782005189854,1.52468147153286
16246,12498,2.95002193,3.625649118230556,0.6756271882305556,1.050068804597155,0,1.52468147153286,1,2.064054646969362,1,1.3452449663859802,0,1.4053390671372892,373.5025764672894,1.52468147153286
16247,4231,3.762021396,3.7905575037777264,0.0285361077777261,1.050068804597155,1,1.52468147153286,1,2.064054646969362,1,1.1132303611922225,1,1.1132303611922225,427.3309008683632,1.52468147153286
16249,12498,3.880754764,3.7060262979927368,0.1747284660072634,1.050068804597155,1,1.52468147153286,1,2.064054646969362,1,1.2726043912951397,1,1.2726043912951397,646.7401507095693,1.52468147153286
16250,12498,3.776389825,3.9121671452255073,0.1357773202255074,1.050068804597155,1,1.52468147153286,1,2.064054646969362,1,1.1392329390311247,1,1.1392329390311247,426.86767373076896,1.52468147153286
16253,12498,3.293317345,3.431976587757307,0.1386592427573068,1.050068804597155,1,1.52468147153286,1,2.064054646969362,1,1.2981225007041424,1,1.2981225007041424,958.1566093016226,1.52468147153286
16258,13645,4.657043098,3.88379059199304,0.7732525060069602,1.050068804597155,0,1.52468147153286,0,2.064054646969362,1,1.4001985286173522,0,2.8632633625830337,961.4611075397016,1.7429168763434628
16265,4231,4.162616349,4.0174927147904125,0.1451236342095878,1.050068804597155,1,1.52468147153286,1,2.064054646969362,1,1.2807129586479924,1,1.2807129586479924,498.5007448414884,1.52468147153286
16268,16268,4.052545177,3.925141809082118,0.1274033679178812,1.050068804597155,1,1.52468147153286,1,2.064054646969362,1,1.6780106505172885,1,1.6780106505172885,681.7214925245114,1.52468147153286
16283,13814,3.420070224,3.94927679912651,0.5292065751265103,1.050068804597155,0,1.52468147153286,1,2.064054646969362,1,1.6211267466279642,1,1.6211267466279642,919.3222322907353,1.52468147153286
16286,16286,2.035682572,3.1974422986199316,1.1617597266199318,1.050068804597155,0,1.52468147153286,0,2.064054646969362,0,1.6521075139563504,0,8.366226906791482,721.435914245798,9.513061288602895
16287,4231,4.161384775,4.20920627762682,0.04782150262682,1.050068804597155,1,1.52468147153286,1,2.064054646969362,1,1.1955186547543812,1,1.1955186547543812,265.3580427187384,1.52468147153286
16298,664,2.230985072,2.6488587665205716,0.4178736945205714,1.050068804597155,1,1.52468147153286,1,2.064054646969362,1,1.6910857157185362,1,1.6910857157185362,561.3718164649677,1.52468147153286
16301,16301,4.226357326,3.989335864918546,0.2370214610814529,1.050068804597155,1,1.52468147153286,1,2.064054646969362,1,1.123091525034881,1,1.123091525034881,473.7334983454195,1.52468147153286
16302,16302,6.921266715,3.807269967924566,3.1139967470754337,1.050068804597155,0,1.52468147153286,0,2.064054646969362,0,1.5116059835850626,0,48.675481089243114,769.8292667041925,48.55780169771293
16303,4201,4.054760417,3.869426763606584,0.1853336533934153,1.050068804597155,1,1.52468147153286,1,2.064054646969362,1,1.229908713671672,1,1.229908713671672,746.5961850190544,1.52468147153286
16321,562,3.822134988,3.7519188546618407,0.0702161333381594,1.050068804597155,1,1.52468147153286,1,2.064054646969362,1,1.1815882753057325,1,1.1815882753057325,601.219808141623,1.52468147153286
16333,16333,4.961164334,3.644979149407607,1.3161851845923933,1.050068804597155,0,1.52468147153286,0,2.064054646969362,0,1.720364193938941,0,10.8404259463974,127.34140224827323,12.601570448052126
16339,16339,3.459954596,2.8074069194487627,0.6525476765512375,1.050068804597155,0,1.52468147153286,1,2.064054646969362,1,1.4001985286173522,1,1.4001985286173522,1070.9614895942318,1.52468147153286
16340,16339,3.480581787,2.932831722141104,0.5477500648588962,1.050068804597155,0,1.52468147153286,1,2.064054646969362,1,1.5257273445853006,1,1.5257273445853006,1000.4068241459831,1.52468147153286
16342,16339,3.544618629,3.269464456164997,0.2751541728350029,1.050068804597155,1,1.52468147153286,1,2.064054646969362,1,1.3398275348484274,1,1.3398275348484274,850.1579667306544,1.52468147153286
16343,16339,3.459954596,3.0413436660566684,0.4186109299433318,1.050068804597155,1,1.52468147153286,1,2.064054646969362,1,1.4519737566165158,1,1.4519737566165158,577.5567492414971,1.52468147153286
16345,16339,3.207927747,3.1737885608812877,0.0341391861187121,1.050068804597155,1,1.52468147153286,1,2.064054646969362,1,1.4421221644499145,1,1.4421221644499145,1158.7031262862972,1.52468147153286
16346,16346,3.545148712,3.3896472890467537,0.1555014229532463,1.050068804597155,1,1.52468147153286,1,2.064054646969362,1,1.5020973847507406,1,1.5020973847507406,1098.2153664849923,1.52468147153286
16347,16339,3.459954596,3.1270086409194566,0.3329459550805436,1.050068804597155,1,1.52468147153286,1,2.064054646969362,1,1.4375515506991992,1,1.4375515506991992,1083.9021871492864,1.52468147153286
16348,16339,3.482027028,3.3313386578496393,0.1506883701503607,1.050068804597155,1,1.52468147153286,1,2.064054646969362,1,1.528315866071181,1,1.528315866071181,901.6545657127855,1.52468147153286
16387,16387,2.714312837,2.91545002041469,0.2011371834146893,1.050068804597155,1,1.52468147153286,1,2.064054646969362,1,1.3398275348484274,1,1.3398275348484274,870.7196169588742,1.52468147153286
16388,16387,2.547490473,2.9591609287247227,0.4116704557247228,1.050068804597155,1,1.52468147153286,1,2.064054646969362,1,1.3398275348484274,1,1.3398275348484274,918.3428086443583,1.52468147153286
16402,734,1.788905379,2.7044695913622054,0.9155642123622054,1.050068804597155,0,1.52468147153286,0,2.064054646969362,1,1.6377856258303867,0,3.5712136147706284,744.2233427716079,4.589151003448368
16404,16404,3.575210099,3.5279574848086845,0.0472526141913154,1.050068804597155,1,1.52468147153286,1,2.064054646969362,1,1.1964387702367638,1,1.1964387702367638,610.2660446801469,1.52468147153286
16405,16405,3.502795217,2.9637854944299034,0.5390097225700967,1.050068804597155,0,1.52468147153286,1,2.064054646969362,1,1.4519737566165158,1,1.4519737566165158,661.5616872266909,1.52468147153286
16414,16414,4.509793728,4.50084091512594,0.0089528128740603,1.050068804597155,1,1.52468147153286,1,2.064054646969362,1,1.2772543466825281,1,1.2772543466825281,837.3445473947797,1.52468147153286
16415,4034,2.61592902,3.163676012375097,0.5477469923750973,1.050068804597155,0,1.52468147153286,1,2.064054646969362,1,1.4375515506991992,1,1.4375515506991992,1092.8758811339462,1.52468147153286
16419,1189,3.747472662,4.0795025608099875,0.3320298988099877,1.050068804597155,1,1.52468147153286,1,2.064054646969362,1,1.1416188265230973,1,1.1416188265230973,774.1038160909825,1.52468147153286
16422,16422,3.345720216,2.821282946324107,0.524437269675893,1.050068804597155,1,1.52468147153286,1,2.064054646969362,1,1.5626288932031063,1,1.5626288932031063,928.2194920934909,1.52468147153286
16425,16425,5.515582067,4.1553681990874844,1.360213867912516,1.050068804597155,0,1.52468147153286,0,2.064054646969362,0,1.9279260795578497,0,9.852942642229673,204.59064096386265,13.482144114454579
16427,2157,2.868360562,3.2696846075597508,0.4013240455597509,1.050068804597155,1,1.52468147153286,1,2.064054646969362,1,1.7976301145222076,1,1.7976301145222076,153.41388401147051,1.52468147153286
16431,16431,3.646988041,4.074081017668651,0.4270929766686508,1.050068804597155,1,1.52468147153286,1,2.064054646969362,1,1.4820917832292722,1,1.4820917832292722,879.1406769471903,1.52468147153286
16437,16437,4.39713507,3.8489718770534704,0.5481631929465296,1.050068804597155,0,1.52468147153286,1,2.064054646969362,1,1.3146642260256325,1,1.3146642260256325,1040.4458111756787,1.52468147153286
16438,4788,3.81000196,3.4953102097498157,0.3146917502501845,1.050068804597155,1,1.52468147153286,1,2.064054646969362,1,1.6309639547093955,1,1.6309639547093955,677.1615654323102,1.52468147153286
16439,4621,3.704477361,3.6388670987635017,0.0656102622364982,1.050068804597155,1,1.52468147153286,1,2.064054646969362,1,1.5257273445853006,1,1.5257273445853006,768.6864558219944,1.52468147153286
16443,16443,4.046256797,3.9195034719828654,0.1267533250171344,1.050068804597155,1,1.52468147153286,1,2.064054646969362,1,1.380612816172353,1,1.380612816172353,976.1112309959016,1.52468147153286
16446,5658,3.900887223,4.099731249452363,0.1988440264523632,1.050068804597155,1,1.52468147153286,1,2.064054646969362,1,1.08854620336811,1,1.08854620336811,662.258912324549,1.52468147153286
16447,5659,3.924368319,3.8605642780339378,0.0638040409660627,1.050068804597155,1,1.52468147153286,1,2.064054646969362,1,1.140124566750619,1,1.140124566750619,807.9171665381211,1.52468147153286
16456,6899,3.257482286,3.5218767120493903,0.2643944260493902,1.050068804597155,1,1.52468147153286,1,2.064054646969362,1,1.5095461980813774,1,1.5095461980813774,911.7621599241799,1.52468147153286
16459,16459,3.320170961,3.645071454258828,0.3249004932588279,1.050068804597155,1,1.52468147153286,1,2.064054646969362,1,1.391427373169848,1,1.391427373169848,313.9936044173482,1.52468147153286
16465,16405,3.809317671,3.205968554666454,0.603349116333546,1.050068804597155,0,1.52468147153286,1,2.064054646969362,1,1.4519737566165158,1,1.4519737566165158,437.0970825503961,1.52468147153286
16473,16473,3.206810761,3.983742380445034,0.7769316194450342,1.050068804597155,0,1.52468147153286,0,2.064054646969362,1,1.6275620547016976,1,1.6275620547016976,632.6288442696901,1.8164991451049435
16475,15212,3.584847934,3.691831238711704,0.1069833047117043,1.050068804597155,1,1.52468147153286,1,2.064054646969362,1,1.1964387702367638,1,1.1964387702367638,566.8462485971462,1.52468147153286
16476,9883,5.229934617,4.336141368113135,0.8937932488868645,1.050068804597155,0,1.52468147153286,0,2.064054646969362,1,1.1132303611922225,0,7.856791727007288,582.5033722566096,4.15373173394155
16489,3140,4.048328359,3.964517363001307,0.083810995998693,1.050068804597155,1,1.52468147153286,1,2.064054646969362,1,1.0788291633046407,1,1.0788291633046407,426.5216601307343,1.52468147153286
16492,746,2.624558393,3.036385650674986,0.4118272576749859,1.050068804597155,1,1.52468147153286,1,2.064054646969362,1,1.2698910922360431,1,1.2698910922360431,865.9686881914142,1.52468147153286
