ligand_id,y,prediction,abs_residual
12,3.110744921,3.459151693654229,0.3484067726542288
16,5.882834638,3.72781747873196,2.1550171592680405
22,3.630437437,4.209113784541336,0.5786763475413363
24,6.693247772,4.478232295565439,2.2150154764345613
26,4.655556032,3.9196439335445463,0.7359120984554535
33,4.252549071,3.69700493715456,0.5555441338454399
42,3.368453189,3.577454101063794,0.20900091206379434
45,3.747985393,3.4332290651679167,0.3147563278320833
46,3.719836565,3.713541748698699,0.006294816301301243
50,1.380598315,3.6404644151141605,2.2598661001141602
53,3.523375068,3.7401830273935404,0.21680795939354036
58,5.666722454,3.8620436199996617,1.8046788340003386
68,3.107799938,3.286292765173866,0.17849282717386616
72,4.086160395,3.364335402316679,0.7218249926833211
92,3.677306776,3.573826923989304,0.10347985201069587
94,4.626843591,4.628673210252458,0.001829619252458059
98,2.089339808,3.1254945676606054,1.0361547596606053
108,4.254464761,3.8936774633704787,0.36078729762952166
113,2.067950462,2.409803617618345,0.34185315561834484
114,2.33209914,2.8861882416630933,0.5540891016630933
130,4.158646853,4.214223374038196,0.05557652103819599
135,4.548691085,4.119673767611704,0.42901731738829607
141,3.801412286,3.8219581270672998,0.02054584106729962
148,3.961875081,4.0780834788864775,0.11620839788647741
150,3.836468192,3.9634107859900722,0.12694259399007235
153,6.097804249,3.351696576015677,2.7461076729843232
164,6.757180187,4.152186631923221,2.6049935550767795
166,3.938579984,3.4003613165577784,0.5382186674422216
170,2.908968372,3.317752637471911,0.40878426547191093
179,2.021277922,3.4335998007285293,1.4123218787285294
180,3.745837538,3.455258324846413,0.2905792131535869
184,1.106268299,2.567374282940665,1.4611059839406653
189,4.173206141,3.882190852744138,0.29101528825586165
207,2.485202106,3.967844081739097,1.4826419757390972
228,4.209269202,4.153582795327546,0.055686406672453614
231,4.120409989,3.93124810109572,0.1891618879042798
249,3.643398096,3.7723831556342713,0.12898505963427143
257,3.623053652,3.7760825125015653,0.1530288605015655
269,3.310765602,3.4186081520617027,0.10784255006170262
272,4.015587791,3.8399287337818495,0.17565905721815023
274,3.502990947,3.592806302903979,0.08981535590397938
283,3.132837831,3.0245307244178727,0.10830710658212706
288,3.723110042,3.707130574825904,0.01597946717409604
292,4.111224269,3.8448676734221063,0.2663565955778937
301,4.251042759,3.7648431251823844,0.48619963381761533
317,2.470528947,2.993141628755189,0.5226126817551888
318,2.515526212,2.5912067528025826,0.07568054080258246
326,3.742984616,3.6231008098409805,0.11988380615901972
337,3.472079152,3.365675321502739,0.10640383049726099
339,2.575718838,3.4646098894079143,0.8888910514079145
346,3.740965259,3.91582414603901,0.17485888703900976
352,4.29413211,3.1516363442606727,1.1424957657393269
382,4.181635406,3.580647326509965,0.6009880794900346
389,3.692363906,3.5173515660477173,0.17501233995228294
397,3.030947823,2.8866449663262905,0.14430285667370946
404,2.320184193,3.005745070921697,0.6855608779216973
406,4.461095467,4.100005111459057,0.3610903555409424
416,3.336594958,3.9640806047249275,0.6274856467249275
418,3.771102211,3.712580522361592,0.0585216886384079
421,4.220304261,4.290039748346921,0.0697354873469207
423,2.091380654,2.1751527666421664,0.08377211264216644
438,3.167546421,3.3815196515107377,0.2139732305107378
446,3.361613779,3.0258834268393215,0.33573035216067826
448,2.124330081,3.558013672286084,1.433683591286084
452,4.360036509,3.425749673620655,0.9342868353793454
462,3.643496682,2.9400004790300307,0.7034962029699692
463,4.231604131,3.7029952144728138,0.5286089165271863
466,3.019652686,3.159907666026845,0.14025498002684467
472,3.837017009,3.6183649597272436,0.2186520492727566
475,3.301572525,3.4143220426287177,0.11274951762871765
478,2.073815094,2.1742423380606324,0.10042724406063241
482,3.363868864,3.577522249277395,0.21365338527739475
483,2.578241089,3.6161395230452715,1.0378984340452715
492,2.936257627,2.8625695135108793,0.07368811348912052
502,2.484257413,2.5826105302097995,0.09835311720979956
509,2.985879015,2.749346116195523,0.23653289880447703
528,1.572695179,2.6594131876586102,1.0867180086586101
537,1.47018419,2.3761832091194592,0.9059990191194593
542,4.114975058,3.4980781598424153,0.6168968981575844
554,2.723734902,3.204542480830404,0.48080757883040404
556,2.350666601,3.1501483135072417,0.7994817125072418
564,4.027748474,3.330947276416466,0.6968011975835342
569,2.953316496,2.3208738452944324,0.6324426507055674
573,3.325503254,3.336659958486896,0.011156704486896096
586,3.556282938,3.3056176403222333,0.2506652976777666
589,4.576815005,4.166994450708058,0.409820554291942
602,2.93956283,4.168702134789051,1.2291393047890509
614,3.392074831,3.0863016096058815,0.30577322139411844
622,3.798607835,3.876618551484456,0.07801071648445612
626,1.874298552,3.4408740624786818,1.5665755104786818
640,2.104468553,1.8441980917296412,0.2602704612703586
641,1.823090139,1.8834922217471504,0.06040208274715031
642,2.494267513,3.1631047925601887,0.6688372795601887
646,2.151436946,3.0005068382429396,0.8490698922429396
658,3.93981481,3.9778373223628334,0.03802251236283327
668,3.300737261,3.7007224235579352,0.39998516255793515
678,3.588359309,3.1461311307828184,0.4422281782171815
697,3.856522112,3.30632281590264,0.5501992960973601
700,1.981347699,2.673748863002009,0.6924011640020091
704,3.319281339,3.467838612319643,0.14855727331964275
705,2.778653277,4.086679164647582,1.3080258876475819
707,2.576458589,3.111856845099423,0.5353982560994228
710,1.957926387,2.5707442119115074,0.6128178249115073
712,3.806239608,3.739314867526946,0.06692474047305375
721,1.94254135,3.2953432790948614,1.3528019290948614
747,3.999167037,3.8519251355449664,0.14724190145503346
756,3.147909358,3.2044105857060705,0.056501227706070356
761,3.336834803,3.9011489122522627,0.5643141092522628
763,3.616002626,4.245039034274101,0.6290364082741009
781,2.939417843,3.5274478715380413,0.5880300285380411
797,3.01755561,2.757504496953397,0.260051113046603
806,1.87169365,2.7265788504221726,0.8548852004221725
816,2.336537702,2.5294013940038753,0.1928636920038751
818,4.213951732,4.068373518857025,0.1455782131429748
831,4.000506382,3.309322620204393,0.6911837617956071
833,3.260243989,3.262842323337174,0.0025983343371738243
834,5.348949078,4.387833235932601,0.9611158420673993
843,3.326761752,3.3433576704366472,0.016595918436647317
846,3.595886126,3.309720939163179,0.2861651868368207
854,3.874148286,3.845600783640931,0.02854750235906911
863,2.159892482,2.4852636355941327,0.3253711535941326
867,3.622729592,4.326248946634816,0.7035193546348162
868,3.189992224,3.6686516233552937,0.47865939935529367
877,6.033769445,3.5588743007141472,2.4748951442858527
888,2.715599485,2.7704161558016636,0.05481667080166375
889,1.260202121,2.3922210824309342,1.1320189614309342
890,3.845760907,2.9850721366268615,0.8606887703731383
897,3.587005004,3.5789746286754793,0.008030375324520556
902,3.263515086,3.5048554594323664,0.24134037343236647
903,2.875448337,3.7608241039192722,0.8853757669192723
912,3.850551061,3.2427348606946627,0.6078162003053373
920,3.502802527,3.4075525503697968,0.09524997663020329
930,3.196134716,3.2709871657228904,0.0748524497228904
936,2.85704023,2.9879979910437244,0.13095776104372447
940,3.336495757,2.7877960972497324,0.5486996597502674
941,3.437627266,3.368059372557433,0.06956789344256675
944,2.957500868,3.076299496664317,0.11879862866431701
945,2.710233754,3.0889051837545938,0.3786714297545939
951,3.108893739,3.3457254412687627,0.2368317022687627
954,3.216432763,3.6692588618358295,0.4528260988358297
966,2.998051068,3.5905875021909632,0.5925364341909631
967,3.236101237,3.2777545874300555,0.04165335043005536
973,3.328860527,3.1211569823889516,0.20770354461104823
982,3.600318091,4.194218330199783,0.5939002391997832
986,2.872551201,3.2940297777507768,0.42147857675077693
990,6.716420734,3.371831361068865,3.344589372931135
1025,2.806089487,2.300935331913248,0.505154155086752
1028,3.190740116,3.1748135465066203,0.015926569493379894
1034,2.671465013,2.724495200961356,0.053030187961355946
1038,3.373577656,3.119469967802048,0.25410768819795226
1045,3.246045339,3.416343072995468,0.17029773399546766
1051,3.086953909,3.073941935606289,0.013011973393711074
1060,2.733308865,3.252347484180558,0.519038619180558
1062,4.010519028,3.564874215847964,0.445644812152036
1070,3.106968628,2.807333114910532,0.2996355130894681
1073,2.853987286,2.8036549241880784,0.0503323618119218
1104,3.630627613,3.668809463022537,0.038181850022537045
1106,3.196888214,3.2499870225316676,0.05309880853166771
1117,3.415360699,3.8810624434449963,0.46570174444499646
1120,3.258086794,3.0539182513100727,0.20416854268992735
1123,4.124433603,4.617787046310938,0.4933534433109381
1129,3.489550698,3.2696245698202797,0.21992612817972024
1147,4.333006751,4.317548758078113,0.015457992921887431
1148,3.879106206,3.713189839353119,0.16591636664688103
1154,6.28242006,4.722808542334954,1.5596115176650454
1161,3.547237025,3.874282076943606,0.32704505194360634
1170,4.024402495,3.8038267779229282,0.22057571707707213
1172,3.401441089,3.222648483145985,0.17879260585401502
1173,2.023324805,2.999723716932628,0.9763989119326277
1188,3.55122556,3.510492787420805,0.04073277257919461
1193,3.476287318,3.816061324733403,0.3397740067334034
1195,3.061914318,3.6228028592493375,0.5608885412493376
1200,3.079802084,3.4783441514680677,0.39854206746806753
1228,3.683568033,3.396471285612658,0.2870967473873418
1229,3.545675574,3.5139432988248736,0.031732275175126556
1235,3.518487018,3.487159453011461,0.03132756498853917
1250,3.395582226,3.5368267585477753,0.14124453254777514
1251,2.98610959,3.3255290559097563,0.33941946590975647
1252,3.305901414,3.319725262173845,0.013823848173844855
1286,3.980652094,3.6857642518666376,0.2948878421333623
1287,3.64758522,3.2864092648368057,0.3611759551631941
1296,3.965741528,2.721902412297539,1.2438391157024613
1299,5.959677256,5.0398357306735715,0.9198415253264285
1307,4.472313029,4.15751990128353,0.31479312771647017
1309,4.369364351,3.5647046590901543,0.8046596919098454
1312,4.719384108,3.879940348594356,0.8394437594056439
1315,5.27586337,4.144271509411392,1.1315918605886077
1318,4.108194489,3.4552519355135582,0.6529425534864415
1329,3.987595515,3.930507414159447,0.05708810084055305
1336,2.988145075,3.400760005553489,0.41261493055348897
1337,4.515770113,4.160349619584921,0.3554204934150791
1347,4.146278978,3.735994520659038,0.41028445734096186
1352,2.73834446,3.31934043393231,0.5809959739323101
1360,3.912995943,3.5378122131758145,0.37518372982418535
1364,3.093180343,3.3475515536826923,0.2543712106826921
1366,4.123662934,3.5555374931990418,0.5681254408009586
1369,2.173423929,3.04097013626425,0.8675462072642497
1380,2.845561867,3.2837135006007463,0.4381516336007465
1387,3.72242354,3.5555620732708273,0.16686146672917257
1388,3.935420233,3.740644145225885,0.1947760877741147
1391,2.5461222,3.2779860807975343,0.7318638807975342
1392,2.732194911,3.0378878718525137,0.30569296085251363
1395,2.244447418,2.3596853236651723,0.11523790566517222
1396,3.190690193,2.6050504027823864,0.5856397902176136
1401,3.507537838,3.730551011126123,0.22301317312612268
1408,4.571180289,4.377455896489719,0.19372439251028073
1413,2.831114708,3.6048949964477766,0.7737802884477767
1419,5.563178937,5.101196351057876,0.46198258594212405
1422,3.616267821,4.294570635248862,0.6783028142488616
1447,4.023448833,3.4990468934837446,0.5244019395162551
1451,5.041269431,3.3984536990115792,1.6428157319884207
1457,3.967788286,3.2933155166931867,0.6744727693068135
1460,3.345720216,2.971660463281067,0.3740597527189333
1466,3.530917438,3.2679705338564826,0.2629469041435173
1475,2.704750904,2.854587030261261,0.14983612626126108
1482,1.963129734,2.7200701056720398,0.7569403716720398
1484,3.013148764,3.0469806689409302,0.03383190494093036
1488,2.631510245,3.100331761403325,0.46882151640332514
1491,4.952467932,3.265764873091836,1.6867030589081642
1497,4.136836456,4.529821962766006,0.3929855067660055
1498,4.42415185,3.683894693543346,0.7402571564566545
1499,3.564248707,4.27307474159838,0.7088260345983803
1502,3.492295396,3.1332893086689984,0.3590060873310015
1504,4.155328749,3.635044777578532,0.5202839714214678
1506,3.821255615,3.8338552098193874,0.012599594819387328
1511,3.300754131,3.475717155748037,0.17496302474803693
1532,3.087513252,3.304997004910536,0.21748375291053623
1547,3.338765882,3.0542472274197667,0.2845186545802334
1549,3.15028045,3.395203405843497,0.2449229558434971
1581,4.116217434,3.6313864572803993,0.48483097671960085
1599,3.899209654,3.6496474696803,0.2495621843197
1613,4.556695035,4.3889477700173885,0.16774726498261128
1615,3.781791558,3.484381646431484,0.29740991156851626
1619,3.817188788,3.714086691246769,0.10310209675323101
1627,3.704761618,3.6288354455909086,0.07592617240909139
1629,3.734782545,3.7223499529345863,0.012432592065413584
1639,3.860237213,4.05064514779947,0.19040793479946982
1643,4.572935464,3.983096763468774,0.5898387005312262
1651,3.183863922,3.142872228090432,0.04099169390956803
1665,2.921414776,3.553978177044025,0.6325634010440249
1669,2.037936196,2.6611930223905365,0.6232568263905365
1671,6.01252172,4.381885543713177,1.6306361762868224
1681,2.955321542,3.4127099204258338,0.4573883784258337
1685,2.51292839,3.1648344093586553,0.6519060193586554
1690,4.162466004,5.149961454326785,0.9874954503267857
1692,3.404132939,2.831004798501806,0.573128140498194
1693,3.144568961,3.323630711061258,0.1790617500612579
1705,3.980889247,3.3854062638063573,0.5954829831936426
1708,4.014889061,3.5189263505460713,0.4959627104539286
1710,3.418486352,3.4118911100311715,0.006595241968828436
1716,2.738031984,3.473940929264314,0.7359089452643142
1721,2.89128341,3.1228790639339454,0.2315956539339452
1736,3.556699083,3.346142093054341,0.21055698994565875
1744,2.625382279,3.176623537481449,0.5512412584814488
1748,3.340493689,3.3568419467326094,0.016348257732609284
1762,5.459172939,3.292836076829081,2.166336862170919
1763,4.957644784,3.417291094214151,1.5403536897858494
1789,4.389322465,4.182447464715432,0.20687500028456807
1791,3.207543664,3.4532025249608855,0.2456588609608854
1808,2.873649928,3.084552503831207,0.21090257583120708
1825,2.710360688,3.309339391610837,0.5989787036108369
1836,3.609058413,3.535184564457911,0.0738738485420889
1847,3.730010389,3.6346122000221035,0.09539818897789631
1848,3.213762341,3.638035824867122,0.42427348386712227
1849,3.539474622,3.4162814532870276,0.12319316871297259
1850,3.492515942,3.552448370606964,0.05993242860696402
1851,3.728530858,3.5155434497765135,0.2129874082234866
1857,3.968628714,4.1371350229517825,0.16850630895178265
1860,3.783710373,4.131600260690257,0.34788988769025675
1861,4.155530951,4.103287383854751,0.05224356714524969
1877,2.924262052,3.3874435236843086,0.46318147168430857
1879,3.553126338,3.618336814025131,0.06521047602513086
1890,3.632497061,3.2487910672562177,0.38370599374378234
1896,3.349063728,3.414467758690789,0.06540403069078904
1917,3.318524528,3.2163786660736253,0.10214586192637487
1922,4.0022031,3.8203440812937806,0.18185901870621946
1931,4.238984685,3.857501252315703,0.3814834326842971
1948,5.346751873,3.559115868010198,1.7876360049898015
1949,3.065343147,3.3309030275611273,0.2655598805611272
1956,2.911727671,2.8840879496640173,0.027639721335982692
1958,3.030903177,3.1611649024574553,0.1302617254574554
1959,3.36305394,3.337223523778964,0.02583041622103588
1965,2.855269228,3.3085895730991997,0.4533203450991996
1966,4.559571503,4.355571876621477,0.20399962637852287
1972,4.266516532,3.813383992658994,0.4531325393410057
1976,3.764158011,3.681517760490833,0.08264025050916723
1978,3.88455024,4.328320620617742,0.443770380617742
1979,4.018669298,3.8239802776489973,0.19468902035100255
1983,3.61412854,3.0155386155909225,0.5985899244090773
1991,2.712289218,3.3847513354685,0.6724621174685002
1994,2.680179652,3.17597140019047,0.4957917481904701
1997,3.240002332,3.4677822485053205,0.22777991650532048
2023,3.879599517,3.845738797047909,0.033860719952091056
2025,3.589419342,3.949855700738081,0.360436358738081
2028,3.791383652,3.9651805757591965,0.17379692375919653
2034,3.899710504,4.016588606449668,0.11687810244966768
2037,4.013411687,3.80567060259214,0.20774108440785977
2042,3.529515904,3.7146285958289544,0.1851126918289543
2043,3.526124192,3.832746588316768,0.3066223963167678
2049,3.800413743,3.732397238546897,0.06801650445310292
2060,3.385597484,3.086908874985844,0.29868860901415584
2062,2.891497192,3.129717419398109,0.23822022739810889
2063,2.905435056,3.0827354363253834,0.17730038032538342
2066,3.612291336,3.421102693260566,0.19118864273943403
2081,3.389743578,3.420060232419443,0.03031665441944309
2082,3.097434324,3.3969801557471775,0.2995458317471775
2085,3.211703361,3.3047757990095894,0.09307243800958931
2092,5.078634641,3.9458148002425752,1.1328198407574246
2094,4.827166835,4.110628140131134,0.7165386948688655
2096,3.905589667,4.143479405378388,0.23788973837838778
2102,4.111420471,4.067903782264081,0.04351668873591841
2115,3.103096419,3.407812629203534,0.3047162102035341
2117,2.518500845,2.9624728079588465,0.44397196295884633
2134,4.040950269,4.071162723414215,0.030212454414215273
2138,2.802205614,2.472718059237807,0.32948755476219294
2141,3.277641953,3.431908985021488,0.15426703202148806
2155,3.487812332,3.763444067207439,0.2756317352074391
2160,3.150701301,3.0029640805732396,0.14773722042676019
2175,4.020066496,3.9256925209090676,0.09437397509093248
2178,3.637947132,3.9985922838122447,0.3606451518122449
2210,3.289198626,3.627438019589538,0.33823939358953803
2232,4.060050637,4.131704682075604,0.07165404507560424
2238,3.057631638,3.5522696457372738,0.4946380077372736
2240,2.638772039,4.598419309312476,1.9596472703124759
2245,2.68524896,3.297381892574427,0.6121329325744269
2250,4.172029895,3.907526970987137,0.26450292401286246
2253,4.015897689,3.13725432921451,0.8786433597854901
2254,3.661851129,3.2718505369899575,0.39000059201004245
2256,3.427443321,3.5431010542204997,0.11565773322049955
2257,4.071250963,4.256092858982139,0.18484189598213963
2258,4.025637349,4.205959289838476,0.18032194083847575
2262,4.034002429,2.665411554399016,1.3685908746009843
2265,3.779871231,4.037465406426641,0.25759417542664087
2270,3.488799594,4.089723946518769,0.6009243525187693
2273,3.655499323,3.3509444596134923,0.3045548633865076
2277,4.283816647,4.241232384335088,0.042584262664911776
2282,3.204447088,3.9119245954280686,0.7074775074280684
2285,4.088034553,3.8378417177109863,0.2501928352890137
2297,3.33724114,3.1222389378121074,0.2150022021878928
2298,3.616629279,3.1866952340775416,0.42993404492245846
2302,1.899970893,2.102302971072489,0.20233207807248887
2304,2.612098803,2.7302487587384765,0.11814995573847664
2305,4.587561312,4.413027088300114,0.1745342236998857
2317,2.87187564,3.4479357974076197,0.5760601574076198
2326,2.630715761,2.7459037513514857,0.11518799035148586
2331,2.853346802,2.7394552793853193,0.11389152261468061
2337,3.980781448,4.534096702413438,0.5533152544134383
2341,2.965295796,2.612181831582554,0.3531139644174459
2343,3.403412242,3.357205510851063,0.04620673114893714
2347,4.076338872,4.07448961456923,0.0018492574307700238
2349,3.410695908,3.223966184996839,0.18672972300316104
2350,3.542195305,3.562974728225623,0.020779423225623095
2357,3.78550101,3.534015458154037,0.2514855518459629
2386,3.733909185,4.131160593110009,0.3972514081100087
2396,3.963006204,3.756305995325974,0.20670020867402616
2402,3.087116739,3.6864995953670445,0.5993828563670447
2426,3.042290068,3.659463885408432,0.6171738174084322
2436,4.314040282,4.22848977977396,0.08555050222603988
2437,3.132557444,3.0798694180508766,0.052688025949123585
2447,3.56202294,3.439606482877383,0.12241645712261695
2452,3.855476116,4.0124915953272025,0.15701547932720228
2458,2.903469829,2.8475880514602583,0.05588177753974177
2474,3.873652875,3.7920941388321294,0.08155873616787046
2485,3.53121881,3.5877311579264233,0.056512347926423345
2490,3.825908832,3.671070196738881,0.15483863526111907
2497,2.637723671,3.1064815713398857,0.46875790033988585
2504,3.15523171,3.6788678683372567,0.5236361583372569
2529,5.649888796,4.194144543346325,1.455744252653675
2536,2.409614393,3.697302542958078,1.2876881499580781
2539,3.059108818,3.6002620478126466,0.5411532298126467
2564,5.847973456,4.8141168261544465,1.0338566298455536
2567,4.300524835,4.14623244407919,0.15429239092081026
2573,3.513744828,4.0162179496075305,0.5024731216075304
2581,3.170098661,3.7320075224359623,0.5619088614359624
2585,4.245425265,4.356349477637544,0.1109242126375447
2586,3.456574778,4.044890402027249,0.5883156240272496
2587,3.493019651,4.4203022610315825,0.9272826100315825
2588,3.136653639,2.9400761286003174,0.19657751039968252
2596,2.52328679,2.938166216570613,0.41487942657061305
2598,3.50759086,3.5506893402720103,0.04309848027201024
2605,3.601172934,4.154474069486477,0.5533011354864765
2607,3.740820431,3.3130310296456886,0.4277894013543113
2609,3.774179253,3.843513489997206,0.06933423699720631
2624,2.944126097,2.973897403074237,0.02977130607423728
2635,2.411872129,2.9583810365884142,0.5465089075884144
2637,2.64804369,2.940824569832772,0.292780879832772
2661,3.207433527,3.3101008646336116,0.10266733763361158
2665,3.003039054,3.150224895241215,0.14718584124121525
2666,5.927019089,4.382215483070074,1.5448036059299257
2667,4.011220808,3.796866617505737,0.21435419049426319
2668,6.857730261,4.438213952955973,2.4195163080440274
2671,4.05395327,3.8342074182079093,0.21974585179209072
2692,3.299221743,3.643405500732043,0.344183757732043
2695,2.720686341,3.0596063264413296,0.3389199854413296
2700,3.338621813,3.4649549694269672,0.12633315642696719
2707,3.210607577,3.4671234188357616,0.25651584183576137
2726,3.70201155,3.790287812264498,0.08827626226449814
2741,3.931268398,4.15521147647885,0.22394307847884987
2742,2.984294727,3.206027623421816,0.22173289642181615
2745,3.927563438,4.233170655446537,0.3056072174465374
2753,3.08472686,4.492807909383784,1.4080810493837843
2754,1.977807408,2.864556941054044,0.8867495330540438
2759,2.615368951,3.240155020609756,0.6247860696097556
2766,3.676900911,3.623911629472159,0.052989281527841214
2770,3.526641535,4.565822587390257,1.0391810523902572
2776,3.435062527,3.7711392936637873,0.3360767666637874
2777,3.561935763,3.5840831534880624,0.022147390488062246
2778,4.388969784,3.2916290459176407,1.0973407380823597
2782,3.977481901,4.117109712308051,0.1396278113080509
2784,3.467206285,3.2200453138811382,0.24716097111886182
2790,2.849252161,3.837991927851574,0.988739766851574
2801,3.764304255,4.467981254814839,0.7036769998148396
2803,2.934671476,3.209699879329489,0.27502840332948875
2804,3.565956303,4.0702273041246055,0.5042710011246054
2805,3.322087217,3.7907485934483254,0.4686613764483254
2825,3.931268398,4.223784503860809,0.29251610586080945
2832,5.022993956,3.985241199251612,1.0377527567483877
2849,2.94897601,3.8218526626882547,0.8728766526882548
2854,3.209083953,3.0600311049064404,0.14905284809355956
2863,3.971645387,3.5123587748561764,0.4592866121438237
2866,2.838790987,3.0985394720740995,0.25974848507409964
2873,3.57311829,3.611494511780628,0.03837622178062805
2888,3.559666081,3.8712697605198514,0.31160367951985135
2909,3.031498091,3.6831338331806576,0.6516357421806576
2929,3.626972758,4.354698898399475,0.7277261403994748
2941,3.509843119,3.0891105393544973,0.4207325796455028
2962,3.575171634,3.8027662944123644,0.2275946604123642
2971,3.212773374,3.403831224043664,0.1910578500436637
2987,3.492757895,3.1545007153107907,0.3382571796892093
2990,3.999277704,4.055231204010061,0.0559535000100615
2992,3.70603211,3.7096307884347794,0.0035986784347792344
2995,1.847826769,2.8473828707438855,0.9995561017438854
2997,4.136964818,3.668941721058015,0.4680230969419852
3019,2.5898858,3.166023270267326,0.5761374702673261
3020,2.223142755,3.335716738188967,1.112573983188967
3028,2.903463802,3.047561983437587,0.1440981814375868
3029,2.67042331,2.5715373905257835,0.09888591947421643
3032,3.567001145,3.6567540824025566,0.08975293740255674
3035,3.705643823,3.6533763552510345,0.0522674677489654
3036,3.840373486,3.575477143812604,0.264896342187396
3039,3.226810343,3.337980794779842,0.11117045177984197
3041,3.67910069,3.86470896920333,0.18560827920333
3043,3.564069747,3.3684699726227283,0.19559977437727172
3046,3.512570053,3.5745240113571555,0.061953958357155337
3050,3.598739714,3.3530727048896534,0.24566700911034678
3052,3.701224212,3.4863280539278025,0.21489615807219753
3059,3.134005101,3.4548501898337665,0.3208450888337664
3062,3.57113405,3.67381489348571,0.10268084348571005
3067,3.981668005,4.0454862372378555,0.06381823223785554
3100,5.420286204,4.312233295016806,1.1080529089831943
3111,4.13861196,3.7617645866525615,0.3768473733474389
3115,4.248371329,3.7093055833346047,0.5390657456653956
3117,3.87567897,3.6815739504263885,0.1941050195736116
3118,4.126938827,3.8096852388631426,0.31725358813685745
3119,4.093515072,3.9036258496585168,0.18988922234148298
3120,3.968576335,3.5955483204904732,0.3730280145095266
3122,4.202659541,3.7441560458905836,0.45850349510941646
3128,3.158956225,3.281543483586649,0.1225872585866492
3129,3.882841036,3.7377697563336705,0.14507127966632938
3149,4.801657244,3.9654341742257992,0.836223069774201
3150,3.377734757,3.7754627774066556,0.3977280204066558
3151,3.970218586,4.042310365556086,0.07209177955608626
3152,4.194585491,4.363213921355751,0.16862843035575104
3153,4.574396174,4.420350116095618,0.15404605790438275
3154,3.901629546,3.8413854343501637,0.06024411164983645
3169,5.526898346,4.1793992614769735,1.3474990845230268
3170,4.467670042,4.223123647966529,0.24454639403347134
3171,5.56345951,4.179636732252477,1.3838227777475236
3174,3.156962856,3.193184655259155,0.03622179925915514
3177,3.151717065,3.2938993771190077,0.14218231211900756
3184,3.269300248,3.1277240092399112,0.14157623876008874
3197,3.27322769,3.3034300913339045,0.030202401333904394
3213,3.515052144,3.6929336851685606,0.17788154116856036
3225,2.772109725,2.6663714713929303,0.10573825360706968
3233,4.06802622,3.864622636521352,0.2034035834786483
3235,3.563923715,3.3686540154999673,0.1952696995000327
3236,3.653819436,3.7269969353819152,0.0731774993819152
3237,3.699588631,3.8041109601769163,0.10452232917691617
3239,3.575174769,3.9574726138391423,0.3822978448391421
3241,3.622034954,4.078745269448287,0.4567103154482872
3247,4.096995126,4.414723818234255,0.3177286922342546
3252,2.619063968,3.0191066620496683,0.4000426940496684
3262,4.202286956,3.561654871788596,0.6406320842114042
3263,3.448198205,3.3677115280572605,0.0804866769427397
3267,3.522078441,3.067955446594965,0.4541229944050351
3269,3.079394753,3.287373678693954,0.20797892569395415
3274,3.146591381,3.3665293703585863,0.21993798935858644
3279,4.087804309,3.761364891985017,0.32643941701498314
3288,3.212839888,3.5781412318456938,0.3653013438456938
3290,6.127068249,4.6025587624716255,1.5245094865283741
3307,3.736993744,3.484003237342492,0.252990506657508
3343,4.369689582,4.773274852605507,0.40358527060550653
3348,2.876443839,4.031499412298748,1.1550555732987484
3360,3.611228303,3.531794187961226,0.07943411503877407
3375,3.598739714,3.298969198258297,0.2997705157417032
3383,3.454749428,3.8251268703225545,0.37037744232255454
3393,4.380760398,5.252786746747943,0.8720263487479434
3396,3.929303623,3.806597532522173,0.12270609047782699
3397,3.573813744,3.8841303263983287,0.3103165823983285
3401,3.637604078,3.513119829789896,0.12448424821010384
3402,2.913902963,2.7913710237646057,0.1225319392353943
3404,3.643209375,3.3842019299879214,0.25900744501207873
3430,3.632076485,3.8434431317810045,0.2113666467810047
3437,4.644534485,3.818498835890489,0.8260356491095111
3441,5.639000625,3.6174434634930317,2.0215571615069687
3459,2.58530207,2.9857307605155694,0.4004286905155694
3461,3.43016539,3.4596616442997563,0.02949625429975633
3467,4.383764516,3.7855502192234365,0.5982142967765638
3470,3.057086827,3.2348418467286404,0.17775501972864038
3475,2.840367513,3.0940085624422515,0.25364104944225163
3506,3.118183865,3.1376127080510057,0.01942884305100545
3508,3.18751132,3.817950941148184,0.630439621148184
3514,3.214820014,3.164962283146028,0.04985773085397183
3521,4.312473558,4.005869126232388,0.306604431767612
3529,3.400247787,3.5908251812881913,0.1905773942881912
3549,3.898982048,3.3770351127367846,0.5219469352632156
3556,2.006290314,2.9341972782304766,0.9279069642304765
3558,3.129034305,3.3527663116986828,0.22373200669868298
3561,4.756208068,3.9450211251679783,0.811186942832022
3563,4.894542264,4.44032135690311,0.45422090709689034
3567,4.03603796,4.132043303460133,0.09600534346013312
3577,3.467355857,3.6669755045769468,0.19961964757694695
3584,3.481379743,4.191777790477267,0.7103980474772666
3586,3.5535623,3.626801837240221,0.07323953724022125
3590,2.919707126,2.4899716943380916,0.4297354316619084
3596,3.727000899,3.2928185198541344,0.43418237914586566
3603,3.766078073,3.950766153737146,0.18468808073714582
3608,2.572934068,2.8343146222576343,0.2613805542576344
3614,3.578564875,3.417364928923577,0.1611999460764233
3629,3.395288783,3.3668608696229443,0.028427913377055525
3641,3.949444222,3.3029488195796204,0.6464954024203795
3649,3.612216196,3.4683012331133845,0.14391496288661543
3657,3.555724639,3.7560463657527388,0.20032172675273863
3663,1.740815327,2.2519407663769626,0.5111254393769626
3668,3.29219909,3.0481219210543857,0.24407716894561426
3682,4.058245146,3.888771921452454,0.16947322454754588
3699,2.773120464,3.6721824195199346,0.8990619555199348
3715,3.179482324,3.4371803529764233,0.25769802897642347
3723,5.464516373,3.6656122760257355,1.798904096974265
3725,4.421997296,3.848956911901223,0.573040384098777
3727,3.833162417,3.8143685795397917,0.01879383746020835
3741,4.421997296,4.456403771548565,0.034406475548565574
3742,3.650328049,3.730931576930514,0.08060352793051395
3748,2.872337596,2.634605972983032,0.23773162301696793
3754,6.622127639,5.278932313046667,1.3431953259533334
3756,2.560839751,2.8378303817612283,0.2769906307612282
3758,3.802058812,2.893737444917323,0.9083213670826766
3763,4.103132573,3.3136493388331587,0.7894832341668412
3787,3.035409724,3.1161177799996365,0.08070805599963649
3788,2.946828752,3.263840064251318,0.31701131225131807
3789,3.231465975,3.3581606986821066,0.12669472368210677
3792,2.410663977,2.90744972705028,0.49678575005028014
3795,3.559823296,3.115274953022969,0.44454834297703094
3804,3.689537175,3.4593365357547374,0.23020063924526246
3807,3.191466984,2.8272777212012117,0.36418926279878816
3808,3.608478277,3.328972889220423,0.27950538777957723
3809,3.40375862,3.497306718489791,0.09354809848979073
3810,3.252044885,3.381737384140968,0.12969249914096803
3813,3.574902601,3.88677208464143,0.3118694836414302
3819,3.551216842,3.27812106511285,0.27309577688715025
3833,3.065382584,3.0269276706480572,0.03845491335194273
3834,1.903557959,2.8992729002282225,0.9957149412282225
3835,2.123721006,3.260344371376228,1.136623365376228
3837,2.113338419,3.341606321143631,1.2282679021436307
3838,2.646725721,3.1442722769257716,0.49754655592577146
3840,2.309566296,2.961564215493722,0.6519979194937222
3847,3.504355307,3.6341256425023,0.12977033550229988
3848,3.504355307,3.3994324452081237,0.10492286179187627
3880,1.881307607,2.9960091834372204,1.1147015764372203
3882,5.506738051,4.631130549313193,0.8756075016868072
3884,3.37105822,4.643020214860563,1.271961994860563
3894,4.025915323,4.076021331419507,0.05010600841950641
3905,3.605928672,3.2039848186345163,0.40194385336548377
3913,3.574621062,3.614049875305482,0.03942881330548209
3924,4.112744606,3.8599903913606175,0.2527542146393822
3929,2.847136501,2.757465281665111,0.08967121933488897
3938,3.588874606,3.8303932270839733,0.24151862108397326
3941,3.204716727,3.2099450229884923,0.005228295988492171
3947,3.373258575,3.174404876769762,0.1988536982302378
3956,1.866815852,2.9065057087037633,1.0396898567037633
3961,4.843590041,4.3929074410242075,0.4506825999757922
3966,6.090378516,4.1639046913928155,1.9264738246071849
3984,3.110668258,3.500207894432532,0.3895396364325321
4001,4.390995632,2.7313768218414527,1.6596188101585474
4004,3.848328027,3.884549095279401,0.03622106827940108
4012,3.545565548,3.580347213668985,0.034781665668984996
4015,5.059257373,4.168559247859382,0.8906981251406183
4019,4.463010416,4.084056543086353,0.37895387291364724
4020,4.323943853,4.215042143286036,0.1089017097139644
4022,4.134369978,4.2246097140958705,0.09023973609587088
4023,4.581545767,4.044981135210244,0.5365646317897559
4025,3.369764874,2.854984355749397,0.5147805182506029
4035,2.815778995,3.6926429316414393,0.8768639366414392
4043,5.337553542,4.231365137845553,1.1061884041544472
4053,3.869234583,3.9191621222216626,0.04992753922166271
4066,4.475067986,3.0884461128517406,1.3866218731482594
4094,4.837148523,4.071938796720741,0.7652097262792585
4105,2.915484845,3.0938595089333587,0.17837466393335877
4113,2.916993192,3.4247070974518072,0.5077139054518072
4117,4.783554486,4.1154946265930885,0.6680598594069114
4121,3.345748202,2.890458718276297,0.4552894837237029
4122,3.831313873,3.7188690602615337,0.1124448127384663
4125,3.222424532,3.7883161323086108,0.565891600308611
4128,3.058769663,3.286049353984251,0.22727969098425094
4141,3.073604315,3.4747589337330136,0.4011546187330137
4160,6.105684889,3.874717743559199,2.230967145440801
4168,3.602679969,3.592603518665807,0.010076450334192799
4173,2.759679464,3.1432598707440533,0.38358040674405336
4204,5.629425505,4.5656382898044034,1.063787215195597
4208,3.127894884,2.874755651088842,0.2531392329111579
4214,3.667316172,3.3296763544964567,0.3376398175035433
4222,4.630745691,3.9161959146030645,0.714549776396936
4230,3.363545919,3.118434414915041,0.24511150408495874
4231,4.123835967,4.195028463463735,0.07119249646373493
4232,4.176744622,4.223044838398179,0.04630021639817894
4233,4.096410577,4.303797779096812,0.20738720209681194
4234,3.978343176,4.032629396599153,0.05428622059915256
4235,4.202026259,4.186353558028513,0.01567270097148743
4237,3.804995684,3.934945114369706,0.12994943036970596
4242,3.017918657,3.207958892027823,0.19004023502782275
4261,3.684397762,3.7885882804169926,0.10419051841699245
4262,2.813366207,3.3860223999584043,0.5726561929584042
4263,3.67345209,3.2839819311755902,0.38947015882440983
4267,2.141267451,2.5651782732605737,0.42391082226057364
4268,1.817826989,2.4615492183888037,0.6437222293888036
4269,2.445224613,2.455306566319407,0.010081953319406978
4270,4.279361188,4.001695631090757,0.277665556909243
4273,2.151751516,3.044434596852057,0.8926830808520569
4281,3.512422315,3.715242160005927,0.2028198450059273
4285,5.377098883,3.9224403820950346,1.4546585009049657
4286,4.347120318,3.962738627424798,0.3843816905752018
4291,4.038617891,3.9978336498337663,0.040784241166234025
4308,3.80935346,3.7609557056667446,0.04839775433325544
4343,2.415391851,3.5906247293005653,1.1752328783005654
4344,2.920535154,3.8612715794882266,0.9407364254882267
4353,2.243465928,2.9194166501646066,0.6759507221646066
4363,3.294562333,3.843543380689011,0.5489810476890109
4374,2.301553828,3.6368360739726535,1.3352822459726537
4400,3.64921542,3.35392013864099,0.2952952813590102
4403,2.978209419,3.082165722362358,0.10395630336235806
4406,4.042019547,3.6288973123618673,0.41312223463813247
4412,4.485203086,3.464864824616914,1.0203382613830865
4424,2.782577929,2.3559859859344505,0.4265919430655494
4425,3.565775529,3.506745169403469,0.059030359596531135
4434,2.931502366,3.0879980713361124,0.15649570533611223
4435,2.969326159,3.271799914207776,0.30247375520777586
4455,3.012387237,2.937535261745447,0.0748519752545529
4460,3.990888652,3.6298421384303796,0.3610465135696206
4476,3.178074826,3.42103359653458,0.24295877053457993
4477,5.365913715,4.515469355747837,0.8504443592521627
4491,3.815090055,4.015936032534527,0.20084597753452682
4496,3.568262504,3.6088511201345006,0.04058861613450082
4510,3.807325271,3.718177556127823,0.08914771487217665
4514,4.150555955,4.256236879604277,0.10568092460427714
4515,3.461894952,3.1939163402271737,0.26797861177282645
4516,3.497913993,3.2723827001217107,0.22553129287828932
4517,4.039023429,4.161917590655404,0.12289416165540334
4530,2.954874725,3.0297991288634543,0.07492440386345445
4550,3.310157813,3.5942772224954154,0.28411940949541536
4552,4.343808237,3.8821618098545856,0.4616464271454146
4553,3.544467687,3.669673384871065,0.12520569787106517
4555,4.081075502,3.6888990734125917,0.3921764285874083
4556,3.675310156,3.624070726258492,0.05123942974150797
4558,3.535683843,3.5110139152567066,0.024669927743293574
4559,3.437397302,3.5334246364013637,0.0960273344013638
4561,3.416756408,3.594121999215839,0.17736559121583895
4572,3.046271825,3.4384506988349286,0.3921788738349288
4592,2.002064746,2.352777872706487,0.35071312670648735
4601,3.510817263,3.65738773759606,0.14657047459606032
4608,3.752979453,4.291060017912147,0.5380805649121472
4613,3.063335444,3.101301688360063,0.03796624436006324
4622,3.611038257,3.7875303260207813,0.17649206902078118
4639,3.075508437,3.3702287416829133,0.29472030468291344
4642,3.369745808,2.995564719681406,0.37418108831859387
4644,3.842774954,3.5351847964822047,0.30759015751779506
4645,3.901063626,3.1919869263804848,0.7090766996195152
4647,3.099294967,3.512711735999187,0.4134167689991868
4686,4.13271851,3.6802812742800857,0.45243723571991445
4692,4.216561735,3.86696420767022,0.34959752732978
4714,3.073677627,3.434243555308294,0.36056592830829404
4724,3.623852747,3.6177748516295933,0.006077895370406594
4734,3.915749294,3.8674034326035565,0.04834586139644337
4741,3.040439152,3.7621338614103625,0.7216947094103627
4772,2.682391495,2.3397337921713506,0.3426577028286495
4781,3.902783546,4.038959012368133,0.13617546636813316
4791,3.500452117,3.424547181587386,0.075904935412614
4794,3.225335132,2.97921717082543,0.24611796117457008
4796,4.538375139,3.810560561944532,0.7278145770554683
4798,3.505302633,3.2813849350982394,0.22391769790176053
4799,4.125065966,3.8098602061220106,0.3152057598779896
4800,4.265157311,3.856856354936963,0.4083009560630373
4813,3.518450765,3.3926183269427224,0.1258324380572775
4816,4.069469771,3.770087035260097,0.2993827357399028
4822,3.186134786,2.969356090535216,0.21677869546478412
4831,5.199235303,4.018360513460996,1.1808747895390042
4832,5.258404108,4.160216477049974,1.0981876309500258
4833,5.475310337,4.6219701774804545,0.8533401595195453
4837,3.834397994,4.563391816068496,0.7289938220684955
4843,3.095477376,3.599852006607816,0.5043746306078161
4847,4.752470486,4.237011137527082,0.515459348472918
4856,4.018809683,3.316321322664742,0.7024883603352579
4859,3.400464502,3.4264796154115267,0.026015113411526514
4878,3.799944006,3.8338710355933094,0.0339270295933094
4884,3.088583447,2.9906504712851385,0.09793297571486148
4887,4.153425264,3.387190409023894,0.7662348549761062
4893,4.026403174,3.852441487097704,0.1739616869022962
4905,3.953155414,3.7414835615554662,0.21167185244453357
4919,4.399814591,4.22058427667664,0.17923031432335979
4924,2.491166045,3.514213689232478,1.023047644232478
4933,3.30799353,3.28820410765379,0.019789422346210284
4941,3.09570347,3.47983032353832,0.38412685353831977
4945,3.392794624,4.483707614397936,1.090912990397936
4947,3.872966848,4.013761416932085,0.14079456893208508
4963,4.092099549,3.807284528573087,0.2848150204269131
4972,4.01760256,3.6345005987409897,0.3831019612590105
4977,3.10387797,3.407858116711376,0.3039801467113761
4980,6.14251669,3.937661295736847,2.204855394263153
5006,4.241504538,3.5051085381914233,0.7363959998085767
5024,3.707118311,3.039438789500106,0.6676795214998941
5025,2.986047306,3.2698860445633873,0.28383873856338715
5030,6.359956366,4.703619531746561,1.6563368342534384
5031,4.325371969,4.198001127860637,0.1273708411393626
5035,3.476964963,3.220935995079727,0.25602896792027297
5063,3.434160674,3.255753184375445,0.1784074896245551
5066,3.005349753,3.0677444468710373,0.062394693871037354
5070,2.720686341,3.096774544071918,0.37608820307191815
5073,3.884926284,3.7059163455198494,0.17900993848015068
5078,3.177677555,3.5892967384494487,0.4116191834494489
5079,4.475014464,3.691426931340657,0.7835875326593431
5085,3.703123935,3.564497318873208,0.13862661612679172
5093,2.848195403,3.0805532223593395,0.2323578193593394
5097,3.674475666,4.127020824765441,0.45254515876544055
5116,3.544172174,3.5397908653036927,0.004381308696307151
5117,3.404555284,3.4537052597390385,0.04914997573903834
5121,3.82872747,3.7906893657746425,0.03803810422535747
5130,3.56202294,3.434962726844695,0.1270602131553047
5156,2.212604302,3.1486891482182826,0.9360848462182827
5178,3.689527664,3.583222308473249,0.10630535552675102
5182,2.931686654,3.5553370580474564,0.6236504040474564
5184,2.813601836,3.6264157764856755,0.8128139404856753
5190,3.401685126,3.5883636267146515,0.18667850071465164
5200,3.533671986,3.5524013152985536,0.018729329298553754
5224,4.050659795,3.178824271862264,0.8718355231377357
5244,4.456561877,3.635139205767603,0.8214226712323973
5248,3.883718202,3.8047498502486747,0.0789683517513251
5249,3.613973886,3.7538721390217824,0.13989825302178227
5256,3.368202914,3.451661700255364,0.08345878625536418
5259,3.693752736,3.842730855457158,0.148978119457158
5267,4.454946437,4.322164040810733,0.1327823961892669
5294,3.93805971,3.894047980096058,0.044011729903941976
5295,3.759875158,3.7898510948868456,0.029975936886845744
5296,3.90125484,4.132591227162093,0.23133638716209326
5297,4.473246596,4.102272610327593,0.370973985672407
5298,3.992372616,3.9644858748062006,0.027886741193799303
5299,4.000562902,3.8677969151669593,0.13276598683304108
5300,4.212044673,3.9920729661005265,0.21997170689947376
5301,4.074734495,3.9779037995181437,0.09683069548185674
5318,4.402472419,4.451938044741446,0.04946562574144586
5364,3.078852007,3.8086645188406267,0.7298125118406267
5372,3.92319219,3.786886572825788,0.13630561717421186
5390,3.919450434,3.8898877528922067,0.029562681107793143
5398,4.30560929,4.1455781859590655,0.16003110404093412
5403,2.957500868,3.1133792915175227,0.1558784235175228
5404,3.631170074,3.5703708013962143,0.06079927260378559
5428,3.921900477,3.567772986105598,0.3541274908944021
5437,3.577235827,3.8335012416049197,0.2562654146049197
5440,3.840477262,3.7974468486905004,0.043030413309499416
5441,3.626097884,3.6010492454347567,0.02504863856524331
5442,3.895233367,3.9523384107378914,0.05710504373789149
5443,3.870514066,3.929440882645135,0.05892681664513466
5447,3.584759168,3.310819309119672,0.2739398588803281
5450,3.093695951,3.48740272808409,0.39370677708408985
5466,3.934794522,3.76763529599121,0.16715922600878974
5473,2.854552405,2.8735077184748095,0.018955313474809277
5476,3.875681499,3.8567116812712277,0.018969817728772487
5487,3.971213676,3.815462455952365,0.1557512200476352
5495,3.312443947,3.61697329909634,0.3045293520963397
5503,3.975176761,3.9491889570496923,0.025987803950307864
5505,2.629333596,3.4171777190349686,0.7878441230349686
5513,6.103605679,4.040736370653861,2.062869308346139
5518,3.654874127,3.1096667732920453,0.5452073537079545
5542,5.020932783,4.6112119583087265,0.4097208246912736
5543,5.431966532,4.9384933865573055,0.49347314544269416
5544,5.011976664,4.520983003134104,0.4909936608658958
5546,4.614178419,4.527510366814468,0.08666805218553186
5551,3.199319019,3.571854900768627,0.37253588176862706
5580,3.171060826,3.4629743366823544,0.29191351068235427
5584,1.993597676,2.761971862852276,0.7683741868522758
5595,3.174886122,3.596869065997351,0.4219829439973508
5613,3.471823982,3.3720674580381074,0.09975652396189272
5614,1.761036835,2.190555318479279,0.4295184834792791
5615,1.797919532,1.9888681113944655,0.1909485793944654
5622,4.185860104,3.9832772544430743,0.2025828495569253
5623,3.996281038,3.8945089138426416,0.10177212415735815
5626,3.420866316,3.6330041488767906,0.21213783287679044
5636,3.013283939,3.1854358723072,0.1721519333071999
5642,3.037797914,2.6888513279286097,0.3489465860713903
5643,3.491952493,3.5730054261900213,0.08105293319002138
5647,3.648378242,3.752260898497606,0.10388265649760564
5665,3.959729276,4.030192789488037,0.07046351348803714
5667,3.354768987,3.458118903233019,0.10334991623301892
5671,3.65367758,4.559100919977616,0.9054233399776157
5718,3.335745062,3.7455307116734247,0.4097856496734247
5721,3.994777457,4.009991628584632,0.015214171584631675
5722,4.318699,3.984034296157,0.3346647038429995
5726,3.798253454,3.562684535693878,0.23556891830612203
5734,3.860207147,3.790983130777287,0.06922401622271313
5745,4.442639455,3.2504732873132385,1.1921661676867616
5758,3.472574581,3.9170327872685493,0.44445820626854937
5766,3.141467194,3.2289658807559505,0.0874986867559504
5771,3.856609957,3.4344919767033186,0.42211798029668124
5780,3.597982975,4.137515851484217,0.5395328764842171
5794,2.907085383,3.466173146809703,0.5590877638097029
5818,3.686316655,3.6948435749519204,0.008526919951920231
5822,4.005723756,4.033858046062677,0.028134290062676648
5828,3.92853809,3.628435214593544,0.3001028754064561
5830,2.72056239,3.0528059852923164,0.3322435952923164
5831,2.972973821,2.984145907163105,0.011172086163104833
5832,2.975096798,3.4732554328304257,0.49815863483042566
5845,3.610037984,3.309024479099227,0.30101350490077294
5859,3.879215194,3.60265283709125,0.27656235690874986
5861,4.491158041,4.346544142576421,0.14461389842357963
5862,3.845779967,3.3967807037421593,0.44899926325784056
5865,4.464119778,4.345886348182303,0.11823342981769702
5867,3.901153559,4.170386149530332,0.2692325905303319
5873,3.501407106,2.6787174812289956,0.8226896247710043
5874,4.02672425,3.8756070166041043,0.15111723339589567
5884,3.769119346,4.081366441780657,0.31224709578065735
5886,4.910538269,5.0652654022099055,0.1547271332099056
5891,3.449354959,4.141103163455772,0.6917482044557719
5893,3.933907595,3.7108276686430886,0.22307992635691143
5894,5.090962493,3.8817306772629503,1.2092318157370499
5895,2.918606915,3.5027247795504795,0.5841178645504796
5910,4.109014951,4.5786763281109835,0.46966137711098366
5915,5.072521936,4.681825514079527,0.39069642192047294
5921,3.872149277,4.312239610985857,0.4400903339858573
5922,5.078148167,4.401917976573613,0.676230190426387
5942,3.789244227,3.9186074315784856,0.12936320457848538
5943,4.510437764,3.9956376478158067,0.5148001161841931
5946,3.168598958,3.129916599216953,0.03868235878304693
5963,3.73637658,3.3927743331826394,0.3436022468173605
5964,3.650651972,3.9267360021510673,0.2760840301510674
5967,3.146797574,2.9708923904871565,0.17590518351284334
5971,2.696740705,2.7135149513990418,0.016774246399041903
5972,2.959934421,2.6910685816164843,0.2688658393835155
5975,3.003333248,3.085322276774075,0.08198902877407477
5976,2.735755877,2.947304787574069,0.2115489105740691
5979,3.105671429,2.910934090771102,0.19473733822889816
5982,3.183777727,2.979226847347283,0.20455087965271668
5989,3.034654963,2.8393799465169547,0.19527501648304524
6004,3.0102178,3.0872176897044614,0.07699988970446148
6006,2.58935525,3.4713176407562765,0.8819623907562764
6013,3.611832513,3.5132693975476346,0.0985631154523654
6014,3.497518451,3.568130464234445,0.07061201323444521
6020,4.121175604,3.6060221743432344,0.5151534296567659
6022,4.536506293,4.0244551713953935,0.5120511216046069
6044,3.158225228,3.314092436353166,0.15586720835316603
6051,3.776995214,3.699651074298517,0.0773441397014829
6054,3.065534071,3.3232471782014894,0.2577131072014893
6074,3.700823397,3.3706120125823893,0.3302113844176109
6075,3.367421153,3.3023682609143563,0.06505289208564369
6077,3.269516836,3.812425486634959,0.542908650634959
6093,3.356404914,3.367755620963945,0.011350706963944912
6095,3.758978541,3.155386063981708,0.6035924770182919
6099,2.408833322,2.841499051807917,0.43266572980791684
6107,3.346718645,3.3601812706670136,0.013462625667013395
6108,2.457701909,2.1479373173487772,0.3097645916512226
6113,3.736443427,4.372880882009108,0.6364374550091076
6116,2.938478028,3.00868275409413,0.07020472609413009
6122,3.006356682,3.2431462839598577,0.23678960195985788
6123,2.960121806,2.9532988933843747,0.006822912615625398
6141,2.875527879,3.381865220587053,0.5063373415870531
6143,3.415562488,3.5095967560081505,0.09403426800815051
6164,3.92448155,3.352376125496851,0.5721054245031487
6165,3.942456433,3.604229361269667,0.3382270717303326
6182,4.020456585,3.8119771621469476,0.2084794228530522
6189,3.993204692,3.534318204129009,0.45888648787099084
6196,3.524310331,3.3745958645442484,0.1497144664557517
6199,2.934264948,3.382265214559666,0.44800026655966585
6213,3.309028795,3.9301924210645756,0.6211636260645754
6214,4.033697114,3.784617884428905,0.24907922957109463
6218,3.277210951,3.287440681405885,0.010229730405885373
6226,3.158034924,3.1535907305884234,0.004444193411576425
6234,3.149261,3.334968002341688,0.18570700234168802
6235,4.768892352,3.9271566371929474,0.8417357148070526
6236,4.022732575,3.5989953648126383,0.42373721018736177
6238,4.420868513,3.949353991273446,0.4715145217265544
6244,3.576426046,3.6479730163467403,0.0715469703467404
6255,3.400305205,2.970945069216963,0.4293601357830368
6287,4.086475838,3.644978546558574,0.44149729144142613
6288,4.047891861,3.8427711019696313,0.20512075903036875
6290,4.102081625,4.206199684059989,0.10411805905998861
6291,4.104581942,3.5488255614579436,0.5557563805420567
6292,4.102081625,4.165854282329535,0.06377265732953497
6305,3.131654302,3.6240048264910363,0.49235052449103645
6308,3.204980704,3.2489117405365087,0.04393103653650865
6317,4.045254112,4.032727963504109,0.012526148495891398
6345,3.471195517,3.419863835628424,0.051331681371575844
6346,3.602630404,3.542059350590169,0.060571053409831155
6347,4.070608081,3.950534662136418,0.1200734188635817
6357,2.955840023,2.7577070296398523,0.19813299336014767
6377,2.933077413,3.2045016914022946,0.27142427840229466
6438,2.594916575,3.220112455133404,0.6251958801334041
6449,2.917816339,3.278450846383583,0.36063450738358327
6451,3.015817257,3.1304463623594447,0.1146291053594446
6452,3.077218544,3.2430828743554123,0.16586433035541237
6453,3.543454299,3.071211369457729,0.47224292954227076
6454,3.415784273,3.195487151915851,0.2202971210841489
6455,3.534912241,3.2727302474260034,0.2621819935739964
6458,3.428815519,3.326354993551363,0.10246052544863682
6460,3.483557503,3.1172077315827345,0.36634977141726566
6463,3.073761106,3.1895833281291175,0.11582222212911741
6474,3.292962333,3.233267431203175,0.05969490179682513
6480,4.028720329,3.8024527453850383,0.22626758361496213
6485,3.728028954,3.9714483127541063,0.24341935875410625
6487,3.870903466,4.025436458980105,0.15453299298010448
6498,2.715075301,3.3007667514349417,0.5856914504349415
6517,1.911664611,2.1693381403168264,0.2576735293168264
6521,3.74089536,3.4846468320610757,0.2562485279389244
6522,3.398080697,3.4129632659202134,0.014882568920213224
6525,2.845783408,3.0497326453834566,0.2039492373834566
6526,3.593504636,3.982968498843527,0.38946386284352696
6539,2.668662505,2.4691174906234514,0.19954501437654848
6545,4.590148728,4.3863671109986795,0.20378161700132047
6552,3.922264999,3.606562133090583,0.315702865909417
6554,3.555383004,3.78020136930453,0.22481836530453014
6578,3.428730679,3.884727147291773,0.45599646829177276
6613,3.51334192,3.455754655912136,0.057587264087863854
6616,4.528559441,4.512869529000412,0.015689911999587913
6617,4.571767044,4.586418327011417,0.014651283011417604
6620,3.590865709,3.4161104698272036,0.17475523917279645
6622,3.000697954,3.8305663352406314,0.8298683812406313
6636,3.568270887,3.436424695848578,0.13184619115142215
6637,3.065299555,3.3056824718607247,0.24038291686072455
6642,2.451321968,2.4179633258466557,0.033358642153344054
6647,3.663270051,3.7231447358259904,0.05987468482599034
6650,4.034963289,4.696721305190687,0.6617580161906869
6651,4.318939392,4.727046791252425,0.4081073992524251
6652,4.865861699,4.6847963521377975,0.18106534686220233
6653,4.166937038,4.551875881692504,0.3849388436925034
6654,4.485152213,4.80631644428499,0.32116423128498983
6655,4.18730231,4.601590926873026,0.4142886168730264
6656,4.225492994,4.4546353274228645,0.22914233342286483
6657,4.347911706,4.265862514211069,0.082049191788931
6658,4.464476134,4.642762507789447,0.17828637378944734
6659,4.383494212,4.950208945483496,0.5667147334834963
6660,4.299058429,4.43190125460231,0.1328428256023102
6661,3.872921755,4.571341049265828,0.698419294265828
6669,4.037544874,4.194366381876888,0.15682150787688798
6671,2.978238865,3.5540373458612327,0.5757984808612329
6672,3.720757041,3.3437883809885784,0.3769686600114217
6675,4.350006538,4.690951148746039,0.340944610746039
6676,4.081108502,4.444133156351535,0.36302465435153497
6724,4.251740936,3.834885598251706,0.4168553377482942
6725,3.682048326,3.2258184622363326,0.45622986376366725
6730,3.092478595,3.049620434070958,0.04285816092904238
6731,2.91206586,3.1642746938721014,0.2522088338721016
6732,3.189201897,3.355446124647749,0.16624422764774938
6736,4.046057918,4.500781854438636,0.4547239364386364
6737,3.160194989,3.4595591121118505,0.2993641231118507
6742,3.648536275,4.050782785653989,0.40224651065398875
6743,3.839097739,4.035714349271021,0.1966166102710205
6763,4.345207039,4.028686401008452,0.31652063799154817
6774,3.863348887,3.6073197884991557,0.2560290985008442
6776,4.232037065,4.2443316351713145,0.012294570171314412
6778,3.930525265,4.041698259679132,0.11117299467913178
6794,3.375753207,3.5438784361220717,0.16812522912207184
6825,2.883259598,3.3364462419254624,0.4531866439254624
6828,2.625900717,3.71859964157574,1.09269892457574
6845,4.028081345,3.8178809954745114,0.21020034952548894
6860,2.628007178,2.8953782832850825,0.2673711052850827
6863,3.58479543,3.260443039206691,0.3243523907933086
6879,3.060512754,4.35823762722406,1.2977248732240603
6881,3.847164715,3.2185725687034,0.6285921462966
6902,3.878122949,4.814926482142783,0.9368035331427831
6912,3.73808656,3.5235447682758596,0.21454179172414056
6954,4.259444918,4.312056914964894,0.05261199696489438
6968,3.380779589,3.2378997736003288,0.1428798153996711
6973,2.784397594,3.350581485657622,0.5661838916576221
7041,1.73194534,2.615927458640626,0.883982118640626
7046,2.06209741,2.23394389395371,0.17184648395371038
7052,2.236476612,3.120587305203966,0.884110693203966
7060,3.73389339,4.088597590914356,0.3547042009143557
7087,4.247737653,3.7121523041242788,0.535585348875721
7092,3.287542255,3.287557484900846,1.5229900846236433e-05
7100,3.965047283,3.541053753848384,0.42399352915161614
7107,4.642987159,4.561349734485573,0.0816374245144269
7109,3.221220329,3.5771411975602407,0.35592086856024086
7119,2.924178743,3.325969201236987,0.40179045823698667
7121,3.946779664,3.736249377970361,0.21053028602963897
7127,4.576158276,4.747632923563954,0.17147464756395348
7144,1.97475691,2.4893658386043267,0.5146089286043267
7157,3.747106114,3.855453115569733,0.10834700156973298
7165,3.638518519,3.8008715745840185,0.1623530555840187
7167,4.406116238,4.8207107250157915,0.4145944870157914
7170,3.877395855,3.9310193164249654,0.053623461424965324
7172,3.518921722,3.6171768424985298,0.0982551204985298
7174,3.217647284,3.2038494275964893,0.013797856403510611
7204,4.362277774,3.4655714992419537,0.8967062747580461
7232,3.181387784,3.5905246766547334,0.4091368926547334
7245,3.618998001,3.5340895246898913,0.08490847631010867
7269,3.192379559,3.4199723209043316,0.22759276190433164
7272,3.161620851,3.5549110749832136,0.39329022398321367
7273,2.54525471,3.1297998994736163,0.5845451894736162
7278,3.220654537,3.2270855819405724,0.006431044940572228
7307,2.822689978,3.266190542955388,0.44350056495538803
7312,2.922048778,3.4462361037218705,0.5241873257218703
7321,2.990770369,3.61100507435235,0.6202347053523503
7322,3.268646301,3.338756090574613,0.07010978957461322
7380,3.325146859,3.8661124756523986,0.5409656166523984
7381,3.51733341,4.1560255340144545,0.6386921240144545
7439,3.249756073,3.1733538477805925,0.07640222521940743
7452,3.808216344,3.720638688822017,0.087577655177983
7456,2.924075304,2.9643293038727285,0.040253999872728485
7458,3.244389289,3.0498839870099608,0.19450530199003913
7460,3.220615341,2.701958535389178,0.5186568056108216
7461,3.195464218,2.5707566578237437,0.6247075601762564
7462,3.317174349,2.9201179965742767,0.39705635242572335
7464,3.228246326,2.6243481061159653,0.6038982198840346
7465,3.424272663,4.599370154101112,1.1750974911011118
7480,4.909133237,4.672225680657693,0.23690755634230687
7485,2.07565176,2.661807809680542,0.5861560496805422
7496,4.357134093,4.111513190211167,0.24562090278883275
7497,4.076221601,3.947794587591497,0.1284270134085035
7516,4.247449507,3.707651491663538,0.5397980153364617
7518,4.739084718,3.7995432951814316,0.9395414228185683
7531,4.653763649,2.9430929582724006,1.7106706907275995
7560,4.077133012,3.5845612714995325,0.4925717405004675
7596,4.003717887,3.524575605375729,0.4791422816242705
7608,3.488297664,3.261965586303333,0.22633207769666708
7610,3.39447556,3.1905611397159563,0.20391442028404372
7615,3.727515833,3.7424632058460507,0.014947372846050744
7620,3.116452769,3.7312119530029104,0.6147591840029105
7623,3.47484066,3.7515241254445275,0.2766834654445276
7624,3.877029697,4.351988821923589,0.47495912492358894
7639,3.066857017,3.4277989085447933,0.3609418915447935
7677,3.331342702,3.3414434992338866,0.01010079723388646
7679,3.688944141,3.840959168177142,0.15201502717714188
7682,3.598495433,3.6068732109470836,0.008377777947083498
7693,3.58880774,3.892794197858041,0.3039864578580409
7712,3.559730648,3.8619136529815092,0.3021830049815093
7721,3.673810709,3.899587767255194,0.2257770582551939
7744,3.657018863,3.8638900665723055,0.2068712035723057
7751,3.465851102,3.406493199627644,0.05935790237235583
7752,3.342919861,3.2190687476327646,0.12385111336723531
7753,3.398422676,3.344297357888228,0.054125318111772014
7762,3.714914573,3.484905965292436,0.23000860770756404
7783,3.438765412,3.248337481286204,0.19042793071379593
7818,4.170020374,3.133405083701527,1.036615290298473
7846,3.126385862,3.1001047559025716,0.026281106097428175
7857,4.010203342,3.365873801349465,0.6443295406505345
7862,2.639386677,3.029602375152553,0.3902156981525531
7869,4.716664561,4.2716224033294985,0.4450421576705015
7870,5.268457263,4.1294507979466575,1.1390064650533427
7881,2.894597486,3.26457058853295,0.36997310253295
7938,3.533194693,3.611309190939333,0.07811449793933312
7943,3.56410995,3.1546455099928696,0.40946444000713056
7944,4.470654664,3.3471272557627345,1.123527408237265
7947,4.058139372,3.6713880635690326,0.3867513084309677
8022,3.412147945,3.4199316799360684,0.0077837349360683206
8026,4.242773272,3.5867282522824984,0.6560450197175016
8028,1.971840167,1.6033871243443198,0.36845304265568024
8047,3.061119791,3.4798979020034486,0.41877811100344875
8051,3.375265908,3.2861058812816957,0.08916002671830414
8068,4.061284685,4.193237156876374,0.1319524718763736
8079,3.573433267,3.2567719232541354,0.3166613437458645
8095,3.915052924,3.5297328847974145,0.3853200392025853
8134,3.903767268,3.575625474291772,0.32814179370822805
8150,3.238934869,3.2740075381853773,0.035072669185377325
8176,5.792280955,3.3599501491628394,2.4323308058371604
8180,3.69883523,3.1967088069474863,0.5021264230525135
8183,2.560600709,2.5408725311090476,0.01972817789095238
8194,2.132891135,2.1518065236268047,0.018915388626804752
8195,2.146756068,2.2075110192086784,0.06075495120867824
8196,2.715947838,3.035216503975512,0.3192686659755122
8214,3.83939382,3.8949645870892793,0.055570767089279105
8220,3.621940841,3.612161577778264,0.009779263221735945
8221,3.634410673,3.566727064752515,0.06768360824748498
8235,2.692466855,3.0575428400865095,0.3650759850865093
8253,3.79105968,3.2576995733121423,0.5333601066878577
8261,3.841719621,3.718865013812019,0.12285460718798102
8264,3.136545346,3.6064897718583238,0.46994442585832363
8272,3.862482748,4.672292027023448,0.8098092790234479
8285,2.988338434,3.536458440007277,0.5481200060072768
8286,3.077763456,3.5032431364621677,0.42547968046216766
8293,2.797997986,3.3561819945993583,0.5581840085993584
8294,3.816365749,3.859213988661158,0.042848239661157805
8320,3.161943352,3.085949693548542,0.07599365845145822
8351,3.017281503,3.2158143189700468,0.1985328159700468
8378,4.592455641,4.39206816839036,0.20038747260963952
8379,3.497973131,3.278850066830825,0.21912306416917504
8385,3.155900557,3.130447778597686,0.025452778402313747
8388,2.715295777,3.207514174512487,0.49221839751248675
8403,3.364166245,3.604888357887576,0.24072211288757606
8406,3.182710993,3.419344752937838,0.23663375993783786
8407,3.11266271,3.2672332444789602,0.1545705344789603
8411,3.081385318,3.532861131834308,0.4514758138343078
8416,3.477667611,3.9210202147158997,0.44335260371589946
8427,5.523228108,3.911715432781244,1.6115126752187559
8475,2.617369502,3.1567751399049886,0.5394056379049887
8492,4.512338893,3.915410128026164,0.596928764973836
8520,3.821612659,3.8050948144655825,0.016517844534417403
8536,4.349966799,3.9145933409819977,0.435373458018002
8537,4.254574788,4.197405614425779,0.0571691735742208
8557,3.964374672,3.6343774003803975,0.32999727161960246
8570,3.742106889,3.832638686883373,0.09053179788337307
8574,3.946270566,4.037707641587542,0.09143707558754244
8576,3.942270481,4.170788309204572,0.22851782820457212
8577,3.643337919,3.9701934227858118,0.32685550378581185
8580,3.847204422,4.25470587263762,0.40750145063762044
8581,3.661567845,4.082517635714066,0.4209497907140656
8586,3.007747778,2.984124685145184,0.023623092854816008
8589,4.263524173,4.197818414370331,0.06570575862966965
8590,3.867003007,3.7505053742762797,0.11649763272372038
8591,3.624452617,3.671668164872618,0.04721554787261795
8592,3.692308829,3.957233930191418,0.2649251011914182
8593,3.798587873,3.9252478631690852,0.12665999016908547
8594,3.408795065,3.387189114492565,0.02160595050743508
8595,3.473216503,3.8628133857183724,0.38959688271837223
8599,3.696526523,3.262276372166811,0.4342501508331891
8611,3.481369119,3.6690737732053136,0.18770465420531357
8612,3.520171203,3.6323285065146873,0.11215730351468745
8614,3.906383309,3.9823798076944836,0.07599649869448344
8615,3.956363904,3.847782011413827,0.10858189258617301
8637,3.664826756,3.3405327174314716,0.32429403856852845
8651,2.776406047,3.206630658216318,0.43022461121631794
8662,3.918908401,3.3507710559060047,0.5681373450939953
8663,3.601985569,3.991446971165133,0.38946140216513303
8665,3.633501309,3.377602690195155,0.2558986188048453
8666,3.552826744,3.6105049159470277,0.057678171947027845
8667,3.681547485,3.4156216675719464,0.26592581742805343
8670,4.307508006,4.012120900671171,0.29538710532882906
8671,4.477587337,4.190609009249524,0.28697832775047605
8674,3.669555949,3.430649992989247,0.2389059560107527
8678,3.99484192,3.9058240374664597,0.08901788253354015
8679,4.014857819,3.688644895862319,0.32621292313768135
8695,3.491120664,3.581940571757389,0.09081990775738902
8704,4.076334318,3.8207108950962163,0.2556234229037835
8709,3.999608959,4.906174309736802,0.9065653507368014
8710,3.178912517,2.0786153938191414,1.1002971231808587
8724,4.068787421,4.458386276177722,0.38959885517772275
8731,4.118020718,4.128696841709177,0.010676123709176366
8733,2.799838324,3.127497919462887,0.32765959546288714
8734,3.565032414,3.797888324729093,0.23285591072909284
8735,3.842809153,3.6393795428171765,0.20342961018282368
8736,3.876813432,4.1086650367758395,0.23185160477583944
8750,4.148606284,3.675023120213404,0.4735831637865964
8759,4.048328359,3.879962058923523,0.16836630007647724
8765,3.627880102,3.5473256249013274,0.0805544770986728
8775,3.780489796,3.946355499588362,0.16586570358836195
8776,3.023547378,3.5133693380562647,0.48982196005626477
8778,2.559498963,2.9223790364365887,0.3628800734365889
8781,4.067046473,3.9744761851618207,0.09257028783817978
8785,6.725142848,3.796044890085052,2.929097957914948
8798,3.897095351,3.7906071263834376,0.10648822461656238
8799,3.286170575,3.4399466495076934,0.15377607450769348
8800,3.836336777,3.835832618503209,0.000504158496791085
8804,3.659036267,3.712080512749336,0.053044245749336305
8813,3.793998139,3.5889608447347525,0.20503729426524764
8815,4.150869428,3.8992745681265712,0.2515948598734288
8829,3.512423708,4.036821266982757,0.5243975589827565
8830,3.7971858,4.322499235987231,0.5253134359872313
8831,3.813511094,3.9027880321551507,0.08927693815515081
8834,3.541409843,3.941269619163669,0.3998597761636691
8868,3.490542169,3.5611341369462335,0.07059196794623368
8869,4.183672971,3.78085611519298,0.40281685580702
8870,4.285193262,3.8082209138314598,0.4769723481685402
8871,3.795249328,3.9232601580726616,0.12801083007266145
8872,3.523021994,3.6597702577847944,0.13674826378479432
8885,4.045214196,4.10969357550788,0.06447937950787974
8897,3.949026094,3.9344502682715135,0.014575825728486702
8914,4.144932996,3.878413731130591,0.2665192648694088
8915,4.224227369,3.9695840673209877,0.2546433016790126
8916,4.113016071,3.9769518453719863,0.13606422562801335
8921,4.620795848,3.9177408059155483,0.7030550420844519
8925,3.236587641,3.718411711994803,0.48182407099480296
8927,4.227286673,4.037468240805119,0.18981843219488148
8937,4.292829209,4.112545977594333,0.18028323140566638
8962,3.653905345,4.1010083170557845,0.4471029720557844
8973,3.47236723,3.8461111956606957,0.37374396566069557
8974,3.679696797,4.0289929818706085,0.34929618487060843
8982,3.833975371,3.7504816622066177,0.08349370879338247
8983,3.596948282,3.969882555342453,0.372934273342453
8984,3.708730393,4.067362836915966,0.3586324439159658
8985,3.631584611,4.015154621630545,0.3835700106305451
8986,3.72136263,3.8877137557045267,0.16635112570452693
8987,3.527157556,3.9707704062472544,0.4436128502472543
8988,3.660610635,3.903917275087762,0.24330664008776237
8993,3.649901214,3.7276811266840015,0.07777991268400175
8999,3.721573213,3.9225495392433136,0.20097632624331352
9000,3.859962454,3.6212638393760344,0.2386986146239658
9001,3.966308845,3.7612398732548518,0.20506897174514815
9002,3.818565672,3.8222259763937605,0.0036603043937604163
9003,3.625318332,3.5255973729495933,0.09972095905040668
9004,3.86541492,3.8729671824277387,0.007552262427738654
9005,3.825055933,3.8189822292203965,0.006073703779603257
9007,3.396696147,3.5324575137282865,0.13576136672828643
9028,3.303588729,3.5103446929639137,0.20675596396391382
9029,3.736653986,3.7808636754157137,0.04420968941571379
9042,3.035409724,3.213010474145819,0.17760075014581922
9043,4.153220963,3.995234051858681,0.15798691114131902
9080,2.962716506,2.7828345647118913,0.17988194128810875
9088,4.214913198,3.6003114477889477,0.6146017502110519
9089,2.915992075,3.82234464860437,0.9063525736043698
9098,3.322717414,3.8931775242276143,0.5704601102276143
9114,3.88523868,4.488268421062946,0.6030297410629459
9116,3.990093662,4.3783477733652285,0.38825411136522847
9117,3.910912416,4.3293602608638775,0.41844784486387754
9118,4.62700516,4.28796262364087,0.3390425363591305
9119,4.179847129,4.207461408174153,0.027614279174152934
9120,4.244250918,4.605397656474668,0.3611467384746687
9124,4.053531718,4.036042587422872,0.017489130577128087
9125,4.16934815,4.108948037375594,0.060400112624406255
9126,4.39701206,4.1649597354531345,0.2320523245468653
9137,3.958544282,4.0096312197364545,0.05108693773645445
9138,3.32107631,3.9922982202777133,0.6712219102777133
9139,3.23664501,3.7591986346592146,0.5225536246592144
9146,3.998161513,3.947215263480111,0.05094624951988891
9156,6.235061076,4.528852837658042,1.706208238341958
9166,2.666642193,2.8743123848766343,0.20767019187663438
9170,3.765630629,3.502166450913926,0.2634641780860738
9171,3.623343963,3.6779037873631277,0.054559824363127785
9174,3.694496308,3.6933840601352377,0.0011122478647624945
9182,3.263561862,3.1933779978176466,0.07018386418235334
9212,4.693742578,3.8533971128393776,0.8403454651606226
9213,3.766715612,3.9100215414459485,0.14330592944594844
9214,4.127689082,3.9875425825391626,0.14014649946083724
9215,3.846893543,3.8494156158216035,0.0025220728216033272
9216,3.928254706,3.7981355124420926,0.13011919355790758
9217,3.887499147,3.7295585016229453,0.15794064537705488
9218,3.96080006,3.7892415515741895,0.17155850842581044
9219,3.794077462,3.766645608501854,0.027431853498146364
9226,3.182179465,2.1908200896563104,0.9913593753436896
9227,3.183301738,2.120459839258844,1.0628418987411559
9240,3.61598595,3.605761468435987,0.010224481564012677
9242,1.540364934,1.8658106495002904,0.32544571550029033
9268,3.940094499,3.5417781799141945,0.39831631908580567
9284,2.944057492,2.996580319192778,0.052522827192777566
9285,2.482202055,3.0515911840251095,0.5693891290251094
9290,3.34324065,3.854969396222636,0.5117287462226363
9299,3.261769448,3.57956346920666,0.3177940212066601
9314,1.906632087,2.345536496503623,0.4389044095036232
9330,3.476964963,3.4686246651558235,0.008340297844176447
9340,3.845470133,4.175758997058276,0.33028886405827595
9347,4.531098267,3.3954193371960573,1.1356789298039427
9354,3.623571247,4.006594523104639,0.38302327610463927
9355,4.113174305,4.327186432215919,0.214012127215919
9357,3.85749649,4.257078516763762,0.3995820267637624
9364,5.07984023,4.790729082964494,0.28911114703550655
9365,5.095480397,4.199624515716031,0.8958558812839694
9366,4.019517844,4.488619328841714,0.46910148484171366
9371,4.063630325,3.870600589091059,0.193029735908941
9372,4.044972156,3.98320727222892,0.061764883771080026
9385,3.853832647,3.9132463193884015,0.05941367238840156
9408,4.06047839,3.926666855051438,0.13381153494856202
9411,2.390738904,3.1730840055354443,0.7823451015354443
9417,4.17372807,3.8317749065871634,0.34195316341283677
9426,4.197442297,4.218352624747708,0.020910327747707846
9430,3.580428844,3.9923322481379104,0.4119034041379104
9491,3.694877807,3.724684941517574,0.029807134517573886
9501,3.214876347,4.218157379441051,1.0032810324410506
9503,3.146593102,4.2158055757076145,1.0692124737076143
9506,4.289300423,4.207745572842471,0.08155485015752895
9507,5.219889635,4.467208034689103,0.7526816003108969
9508,4.856749427,4.571046348839677,0.2857030781603225
9511,4.398607641,4.142364368672064,0.25624327232793576
9541,3.848303131,3.6521995628295842,0.19610356817041596
9560,4.042053494,4.230814684024493,0.18876119002449254
9561,4.07105975,4.003568783823507,0.06749096617649286
9562,3.968714433,3.804770840815953,0.1639435921840473
9563,3.873825386,3.7792430100223635,0.09458237597763652
9565,3.926153731,3.933295381796229,0.007141650796229193
9567,4.572691577,3.9995216785840486,0.573169898415951
9571,4.069076868,4.192997182080143,0.12392031408014326
9572,3.735045415,3.9004747322168125,0.16542931721681242
9573,4.182203446,4.1343962863185695,0.047807159681430456
9575,4.438021151,4.213582873196815,0.22443827780318504
9580,3.918826861,4.058134677841056,0.1393078168410562
9618,3.787312503,4.23919447896026,0.45188197596026036
9619,5.398686354,4.685217335719139,0.7134690182808603
9620,4.953438554,4.876565649589022,0.07687290441097794
9621,5.191906146,4.753054133266225,0.4388520127337747
9622,4.072622988,4.4053787282126535,0.33275574021265353
9624,3.818489822,3.984223783342384,0.16573396134238383
9626,3.764267317,4.1515798335263225,0.3873125165263227
9644,3.820000606,3.954285247157909,0.13428464115790906
9652,4.077067276,4.485649419545176,0.40858214354517575
9653,3.763805278,4.346162829436909,0.582357551436909
9667,4.041693078,4.239223195371502,0.19753011737150228
9709,3.68485583,4.654514157979479,0.969658327979479
9712,3.609917964,3.9535666934375033,0.34364872943750324
9714,3.642664066,3.710402439103275,0.0677383731032748
9720,3.891196451,3.973777962673168,0.08258151167316807
9721,4.2661796,4.41364616530878,0.14746656530877988
9751,4.12371619,3.945200624116138,0.17851556588386153
9767,4.349754784,4.1193892875976905,0.2303654964023094
9770,4.208763733,3.9608364003133487,0.2479273326866509
9771,4.000786446,3.9044621928338215,0.09632425316617876
9772,4.003817374,3.8482214080147985,0.1555959659852011
9773,4.19266036,4.426134708564419,0.2334743485644193
9774,4.360775809,4.211653052665768,0.1491227563342319
9776,4.104592941,3.9027749382613015,0.20181800273869843
9778,3.350901876,3.6851137277234365,0.3342118517234365
9781,3.802967184,4.014389295056711,0.21142211105671116
9782,4.39387181,4.613112507360463,0.2192406973604628
9784,3.43545728,3.6267799094699518,0.1913226294699517
9793,3.90343869,4.403345445668712,0.49990675566871223
9831,1.806490655,2.9206412825812667,1.1141506275812667
9854,3.969076695,3.360360469693182,0.6087162253068179
9863,2.722339487,2.709262768480113,0.01307671851988701
9864,2.227770245,2.815697576754447,0.5879273317544471
9882,3.622086169,3.557665003702752,0.06442116529724817
9901,3.368463408,3.444468689628311,0.07600528162831077
9907,2.696937644,3.7561716652491257,1.0592340212491256
9910,5.814400694,4.095332438174749,1.7190682558252508
9917,4.359616223,3.98451351754673,0.3751027054532696
9926,3.939792334,3.868896473640489,0.0708958603595109
9947,4.089146735,3.9341838090490335,0.1549629259509664
9950,4.311443196,3.942300150610952,0.36914304538904785
9963,4.800227451,4.343559674709968,0.45666777629003175
9968,5.80524856,4.970422275307323,0.8348262846926771
9979,4.199556681,4.299424917349384,0.09986823634938435
9988,4.756474454,4.23449386832242,0.5219805856775803
9990,2.721144495,2.471299179673836,0.24984531532616394
9992,3.144933325,2.3759344743349398,0.76899885066506
9993,2.024509502,2.143548670803657,0.11903916880365717
9998,1.898562869,2.6042770761047427,0.7057142071047426
10039,4.763026332,3.9801012385197216,0.7829250934802783
10041,3.473509909,3.7938799061152086,0.3203699971152085
10079,3.168670957,3.564407879066872,0.39573692206687205
10104,4.435961096,4.700132616632577,0.2641715206325772
10105,4.585723416,4.583690102708706,0.002033313291294192
10114,3.846453549,3.5992388318869426,0.24721471711305743
10134,5.626136609,4.761241198104468,0.8648954108955316
10136,4.632310478,3.71985647588724,0.9124540021127601
10138,3.428610296,3.366863888312398,0.0617464076876022
10144,4.408393513,4.664977098660861,0.25658358566086115
10145,4.310776735,4.858679004816697,0.5479022698166967
10146,3.212304293,3.451662141784731,0.239357848784731
10148,4.527145254,3.9520065726353346,0.5751386813646651
10159,5.715583561,4.130933617581055,1.5846499434189445
10160,5.765906867,3.8482239702726586,1.9176828967273414
10161,5.365248217,3.6247008752862313,1.7405473417137691
10166,3.103136006,3.98746751176725,0.8843315057672498
10173,3.590939815,3.4573306866708653,0.13360912832913474
10191,3.524423662,4.497173247359228,0.9727495853592285
10193,2.244054924,2.7175728482186816,0.4735179242186818
10194,3.458042269,3.362495632069675,0.09554663693032506
10195,2.313333369,2.495900789593914,0.18256742059391406
10203,3.178051952,3.958412297199411,0.7803603451994108
10206,3.502244988,3.9637748540726068,0.4615298660726066
10271,2.588408214,3.510905748664159,0.9224975346641586
10273,3.61790537,3.880435845746362,0.26253047574636224
10274,3.606769004,3.9250138507503034,0.3182448467503036
10276,3.90229782,4.042966352529904,0.14066853252990397
10277,3.689689728,3.9012894613077598,0.21159973330775994
10279,3.57581727,3.4343688712823566,0.14144839871764336
10292,3.842348221,4.047740115050267,0.20539189405026725
10305,3.640815079,3.423844568093298,0.21697051090670172
10323,4.631081222,3.6860366266580082,0.9450445953419915
10324,4.701308885,4.663759290158483,0.03754959484151765
10325,5.023748219,3.6502079709904254,1.3735402480095744
10327,5.15736458,4.70497121163539,0.45239336836461064
10328,4.947002154,3.9887506358307703,0.9582515181692295
10329,5.878392522,4.567758871734127,1.3106336502658733
10330,5.074309834,4.555099599370857,0.519210234629143
10331,5.65536257,4.099962300054129,1.5554002699458715
10332,4.667492385,3.9610973588705587,0.7063950261294414
10334,4.714440834,3.9557733106445974,0.758667523355403
10343,4.822424068,5.146823922268661,0.3243998542686608
10373,3.143710988,3.231006075404251,0.08729508740425107
10384,3.266334938,3.4668044672123646,0.2004695292123646
10413,3.244345562,4.08046462631292,0.8361190643129199
10415,7.120424535,4.620866918034648,2.499557616965352
10417,4.13624586,4.206720697715557,0.07047483771555729
10449,3.467160397,3.9526090762787374,0.4854486792787376
10495,3.387918134,3.772729094165639,0.38481096016563887
10499,3.787693618,4.066124048142396,0.2784304301423961
10500,3.838430256,3.868590472528039,0.03016021652803902
10503,3.809495071,3.891115819096391,0.08162074809639064
10509,2.703252454,2.957071740805073,0.25381928680507304
10511,3.586924708,3.6907354536134305,0.10381074561343029
10516,3.618972212,3.110358176850571,0.5086140351494293
10518,3.606145188,3.6001293892389326,0.0060157987610676145
10519,3.505410477,3.6385366704092825,0.13312619340928267
10520,1.939118925,2.4478201027434836,0.5087011777434836
10524,4.403832977,3.9358600781793562,0.4679728988206442
10533,4.784471846,4.599676310782107,0.1847955352178925
10540,3.554147405,3.2204795597404887,0.33366784525951143
10567,3.364181891,3.7612287821104653,0.3970468911104654
10570,3.831895358,3.798716889543078,0.03317846845692207
10593,3.89691012,3.49490948428373,0.40200063571627
10604,3.881643428,4.221204761181719,0.3395613331817189
10608,3.118841344,3.4504556245286233,0.3316142805286235
10644,3.684434972,4.3542612554262,0.6698262834262003
10652,4.503203512,4.788584902045712,0.2853813900457123
10657,4.705709496,4.4756273654421515,0.23008213055784843
10674,3.252879988,3.4659875986550173,0.21310761065501715
10685,3.934532611,4.008439255939445,0.07390664493944499
10686,4.068519806,3.9666230431378717,0.10189676286212856
10689,4.006371899,4.0303751174644376,0.024003218464437204
10692,3.612706061,3.7108197079169045,0.0981136469169046
10693,3.353629508,3.5589790935032144,0.20534958550321436
10695,3.769408755,3.8041532287141213,0.03474447371412115
10701,3.95492826,3.9775319313610664,0.022603671361066446
10702,6.23296527,4.8909497622415685,1.3420155077584317
10703,6.385142779,5.238252786488298,1.146889992511702
10704,5.661043237,4.174563191373223,1.4864800456267773
10712,5.296164805,4.722287383011074,0.573877421988926
10713,4.235228152,4.32438634152845,0.08915818952844923
10723,3.414896319,3.9186944196424047,0.5037981006424048
10724,3.776291181,3.784056259674716,0.007765078674716097
10742,2.499078337,2.4819718062697076,0.017106530730292224
10743,2.227140594,2.9019017805833265,0.6747611865833263
10751,3.315816462,3.8718681282133582,0.5560516662133583
10755,3.755817708,3.366298392601669,0.38951931539833096
10756,4.112293616,3.9103908810839614,0.20190273491603827
10765,3.228099374,3.6622916272731385,0.4341922532731384
10783,4.173004245,4.070924771806899,0.10207947319310051
10797,3.39471953,3.689502839602771,0.29478330960277077
10808,3.204716727,3.652901527471679,0.4481848004716791
10834,3.058298662,3.2585541795027186,0.20025551750271875
10866,4.028315755,3.774451230779495,0.2538645242205053
10873,3.872994489,3.6626260218545807,0.21036846714541912
10881,3.534527414,3.7079713845151976,0.17344397051519778
10884,2.718304426,3.1686045972638928,0.45030017126389277
10886,3.726456491,3.49864836792843,0.22780812307156983
10897,3.685120163,3.6358167463828344,0.04930341661716575
10908,3.486290336,4.182998560358744,0.6967082243587437
10909,4.602522734,4.192374347583033,0.41014838641696727
10910,3.918700443,4.451334806981491,0.5326343639814906
10914,4.378928583,4.177663138428175,0.20126544457182582
10984,3.709266932,3.5062147479748056,0.2030521840251942
10985,3.425371166,3.4180433087990325,0.007327857200967625
10987,3.116399253,3.691943522202808,0.5755442692028079
11013,4.08910715,3.6643924236480103,0.4247147263519899
11015,3.602819342,3.758332772860719,0.15551343086071912
11018,3.598899887,3.791806220071211,0.19290633307121086
11023,3.330488602,4.146932798779479,0.8164441967794787
11037,2.956476087,3.66967242925177,0.71319634225177
11038,3.10129827,3.352332155846877,0.2510338858468768
11074,3.378712756,4.339605899447869,0.9608931434478687
11084,3.701272599,3.7758776748294935,0.07460507582949338
11114,2.785532251,2.950604064302815,0.16507181330281506
11117,3.276798692,3.219370152755383,0.05742853924461677
11121,2.945667037,3.628402248799625,0.6827352117996246
11125,3.342419156,3.111132027018776,0.23128712898122394
11131,3.219695925,3.4191360109585034,0.1994400859585035
11132,3.458634635,3.7822236490986643,0.32358901409866414
11133,3.333837238,3.8133966873122054,0.4795594493122053
11148,3.461959203,3.3642000938119487,0.09775910918805142
11157,2.939453729,3.4735552702711217,0.5341015412711219
11183,3.184609421,3.61116239481604,0.42655297381603985
11204,5.099546366,3.9969502354104036,1.1025961305895966
11208,3.956465312,3.7826431673738394,0.17382214462616075
11209,4.095442516,3.600296774546206,0.4951457414537943
11211,3.467317351,3.177004599946814,0.290312751053186
11222,4.142471948,4.055128679981195,0.0873432680188051
11234,2.891628042,3.4948525324106114,0.6032244904106117
11242,3.250494547,4.103413529383406,0.852918982383406
11247,3.376576957,3.242212553051649,0.13436440394835136
11252,3.790807308,3.8414206779904756,0.05061336999047539
11253,3.083349308,3.1522312531077143,0.0688819451077145
11257,2.93568077,2.8879287129602162,0.04775205703978358
11285,3.147955819,3.39007358373585,0.24211776473585012
11286,3.781667071,3.7905106143942806,0.008843543394280395
11287,3.148808238,3.739285925404496,0.5904776874044959
11288,3.085399604,3.4182667560868976,0.33286715208689754
11302,3.786404071,3.727293175340169,0.059110895659831186
11315,3.067436646,3.1093692071089016,0.041932561108901645
11317,3.019700325,3.5240991919837734,0.5043988669837733
11318,3.099619263,3.59181451599967,0.4921952529996698
11319,3.312100923,3.522142704774911,0.21004178177491095
11330,3.18677903,3.874619138974362,0.687840108974362
11331,3.820090377,3.7415958211822233,0.07849455581777676
11332,3.688181378,3.719898655715397,0.0317172777153969
11335,3.536909271,3.5066475905692975,0.03026168043070232
11353,3.13779353,2.7159353866641984,0.42185814333580174
11365,3.839962621,3.975342371852149,0.13537975085214882
11367,3.203233105,3.6630060459576623,0.4597729409576625
11378,3.318751814,3.9585828162503693,0.6398310022503693
11394,3.735125343,3.7197932357761543,0.015332107223845703
11405,3.691490386,3.5566572045193703,0.13483318148062962
11407,3.320655089,3.908068466625876,0.5874133776258756
11408,3.590943953,3.385815299760243,0.20512865323975715
11426,3.581543328,3.4483809282888074,0.1331623997111926
11431,3.343025449,3.5396644015994436,0.19663895259944342
11444,3.471268235,3.554803932594098,0.08353569759409796
11452,3.670663243,3.875624775825474,0.2049615328254739
11457,3.407921762,3.5938548009989226,0.18593303899892266
11462,3.773423337,3.423380702883441,0.350042634116559
11468,4.310032833,3.5871235808661464,0.7229092521338538
11472,2.995781397,3.3671654925670342,0.3713840955670342
11481,3.127964613,3.2676571012060873,0.13969248820608726
11486,3.645718693,3.443014242879707,0.20270445012029326
11487,4.195182921,3.5182642474698054,0.6769186735301944
11488,3.187772555,3.5083160569206053,0.3205435019206053
11491,3.520048365,3.826984263707786,0.30693589870778615
11492,3.720552059,3.3425942645401374,0.37795779445986266
11493,2.834840334,3.1883064060921655,0.35346607209216563
11497,3.513828646,3.6418178499434113,0.1279892039434114
11500,3.272585973,3.557147959261797,0.2845619862617972
11507,4.116032537,3.6762261949467496,0.4398063420532501
11527,6.755304402,3.6562921735745655,3.0990122284254347
11528,3.502749459,3.3578902470574334,0.14485921194256646
11531,3.292780158,3.6046656733728515,0.3118855153728517
11532,3.680528138,3.330240712753866,0.3502874252461341
11546,2.904930138,3.008587850794636,0.10365771279463587
11553,4.436437339,3.899863346612428,0.5365739923875723
11555,4.221603231,3.6845931597324237,0.5370100712675758
11578,3.050637498,2.7313809414548254,0.3192565565451746
11579,3.014688512,2.593825913792223,0.42086259820777716
11606,3.723587594,3.6558890581960966,0.0676985358039035
11639,2.829456305,3.9545334768290825,1.1250771718290826
11646,4.436768328,3.7026569038613513,0.734111424138649
11708,2.713440824,3.44509067581074,0.7316498518107397
11730,4.799879836,3.682759173494585,1.1171206625054149
11731,4.872123465,3.64803343971991,1.2240900252800895
11734,4.051721558,4.000193641083892,0.051527916916107586
11751,3.138469014,3.374279850514631,0.2358108365146312
11755,3.454265979,3.5261467615875213,0.07188078258752117
11756,4.031836488,3.131473470454109,0.9003630175458905
11776,2.27541502,2.703074065392933,0.42765904539293276
11796,5.277063425,3.3314784144314666,1.945585010568533
11819,3.582357823,3.6995101128846914,0.11715228988469129
11820,4.515012922,4.139415617173534,0.37559730482646625
11830,3.506750184,3.5328220790067277,0.026071895006727797
11881,4.139175673,3.4725195550106873,0.6666561179893131
11925,1.651390451,3.280080438537747,1.628689987537747
11927,6.235391446,4.5999747359375105,1.63541671006249
11931,3.68115075,3.4125558684585444,0.2685948815414556
11941,3.638050893,3.513548685904597,0.12450220709540316
11942,3.998265231,3.794974970873852,0.20329026012614815
11951,4.054938462,3.749462238857672,0.3054762231423278
11952,4.054938462,3.6743938812989354,0.38054458070106456
11953,3.010925398,3.621571032492574,0.6106456344925739
11962,3.030271302,3.65617915085773,0.6259078488577301
11963,3.217041528,3.8573193501323377,0.6402778221323375
11966,5.674122784,4.910543734316521,0.7635790496834787
11967,5.971303687,4.242315316511942,1.7289883704880582
11968,5.830428264,4.400872159599624,1.4295561044003762
11969,2.998057191,4.337527535616789,1.3394703446167888
11970,6.403245114,4.425446227052635,1.9777988869473644
11971,5.971303687,4.409024832313928,1.5622788546860722
11972,6.182933272,4.391321968266038,1.791611303733962
11973,6.738139984,4.4825400780843605,2.2555999059156395
11976,3.745321204,3.532596861593788,0.21272434240621196
11977,3.547575469,3.269791085379069,0.27778438362093105
11978,3.610063296,3.3601930155574693,0.24987028044253057
11979,3.277215264,3.2903000896413475,0.013084825641347386
11980,3.64921542,3.470962212620507,0.1782532073794929
11983,3.626401965,3.454269009741778,0.1721329552582218
11985,4.009238371,4.018880624707136,0.009642253707135673
11986,4.058579204,3.7130604054398435,0.34551879856015644
11987,3.261826194,3.5140175018442377,0.2521913078442375
12023,3.552957452,3.8442081468202542,0.29125069482025445
12025,3.44360867,3.4212058522001882,0.022402817799811903
12042,2.192970592,3.340220481254305,1.1472498892543048
12050,3.739373257,3.55211348461884,0.18725977238115998
12056,3.838171315,3.445421858166712,0.3927494568332879
12057,3.668054944,3.814111146804608,0.14605620280460796
12060,3.502307875,3.788823629013523,0.2865157540135228
12061,3.674964423,3.7819369464794566,0.10697252347945652
12062,3.410267409,3.4986791990039037,0.08841179000390387
12083,2.682953871,2.8851787483678555,0.20222487736785544
12084,3.13681113,3.1659967751497806,0.029185645149780726
12085,3.21368374,3.2877443937435693,0.0740606537435693
12086,3.322843403,3.4523490214552783,0.12950561845527853
12089,3.25777646,3.257385490349564,0.0003909696504362792
12090,3.279404555,3.4180675006087986,0.13866294560879844
12091,3.442469018,3.4843549911969216,0.041885973196921444
12096,3.28688292,3.516441502082255,0.22955858208225477
12097,3.560623875,3.7407710571244093,0.18014718212440917
12102,3.185706574,3.1891114823026254,0.003404908302625298
12111,3.523497174,3.768272747979708,0.24477557397970795
12130,4.089481203,3.3207431429210907,0.7687380600789093
12182,3.885796427,3.49788855202886,0.38790787497113977
12183,3.584766432,3.9337258938796893,0.3489594618796894
12184,3.739668392,3.6081120476394832,0.13155634436051677
12185,3.554825805,3.4047425795800814,0.1500832254199187
12186,3.8558558,3.523292812961492,0.33256298703850806
12187,3.594638912,3.599641775593309,0.005002863593308593
12188,3.280333612,3.366187460118396,0.08585384811839569
12189,2.978077754,3.3471172689033697,0.3690395149033696
12190,3.064817257,3.288477405155179,0.22366014815517898
12191,3.037842663,3.56380115801553,0.52595849501553
12192,3.391399166,3.5588974245001133,0.16749825850011346
12193,3.086799242,3.4455868038573425,0.3587875618573424
12194,3.713110684,3.2090905403647287,0.5040201436352714
12195,3.114354067,3.209403721047493,0.09504965404749299
12196,3.135592156,3.477020576114471,0.34142842011447083
12200,3.447592109,3.2057949220080566,0.2417971869919433
12201,3.790051413,3.433576752746021,0.356474660253979
12202,3.848049874,3.4195603112549513,0.4284895627450487
12203,3.491790173,3.2010439378542146,0.29074623514578546
12204,3.830409012,3.3683920852438907,0.4620169267561094
12210,2.717159713,3.643869543577554,0.9267098305775541
12219,2.6628768,4.798928096150385,2.136051296150385
12220,4.515132827,4.754631626895664,0.2394987998956637
12223,2.096050913,2.0615146932358606,0.03453621976413945
12229,4.235155854,3.6932811264646266,0.5418747275353737
12230,3.009614615,4.035111516788184,1.0254969017881845
12239,2.613281421,3.449860838791816,0.8365794177918162
12262,4.133441254,4.32604004232537,0.1925987883253697
12278,4.168419127,3.7661117583862054,0.40230736861379457
12279,3.109036377,3.7143211917146073,0.6052848147146075
12280,3.514708013,3.748869533160367,0.23416152016036706
12281,4.301548668,3.6478355816130392,0.6537130863869605
12283,3.348545453,3.6877775015241663,0.33923204852416644
12284,3.525022414,4.050826232726061,0.5258038187260614
12285,3.510834699,3.922720491276277,0.41188579227627686
12286,3.701984688,3.754180375041705,0.052195687041705074
12287,3.434568904,3.695613588105,0.26104468410500026
12312,3.158891466,3.7300798598673706,0.5711883938673705
12318,5.000650954,4.444473930447943,0.5561770235520571
12319,4.550923102,4.510021521210246,0.04090158078975392
12340,3.657359807,3.73332262714055,0.07596282014054978
12341,2.395805118,2.326434282371081,0.0693708356289191
12370,3.976812918,3.698007399745072,0.2788055182549276
12371,3.930774435,3.721803039892369,0.20897139510763107
12376,4.017669004,3.8082577028650437,0.20941130113495632
12379,3.570584633,3.9377162236188465,0.36713159061884637
12384,3.642586383,3.9563269614100847,0.31374057841008485
12387,3.930774435,3.715935360806962,0.21483907419303794
12429,3.767041524,3.1638856252233563,0.6031558987766439
12433,3.505737236,3.5637225006581996,0.05798526465819975
12438,3.816452362,4.072090586554594,0.2556382245545943
12439,4.043566604,4.389465289258076,0.3458986852580761
12444,1.780026893,2.4929200221743213,0.7128931291743212
12448,3.56921624,4.204589253589019,0.6353730135890188
12504,5.541484049,4.12879430016312,1.41268974883688
12512,4.837061566,4.3125386465462485,0.5245229194537515
12514,3.058861619,3.320389964022411,0.26152834502241085
12524,3.529733068,3.911700291645854,0.3819672236458538
12533,3.966749711,4.0745686769791405,0.10781896597914065
12547,3.694067482,3.504395023086432,0.18967245891356788
12560,4.228636436,4.363511026434402,0.13487459043440175
12561,3.686961677,3.1136627826536234,0.5732988943463768
12562,3.665339724,3.5132951633023883,0.15204456069761152
12563,3.709981287,3.5279705803600003,0.18201070663999985
12564,3.688233847,3.298349401649381,0.38988444535061895
12566,3.621582408,3.2084190281186213,0.41316337988137875
12568,3.593842981,3.6117559104302224,0.01791292943022249
12570,3.48055019,3.344510943101403,0.13603924689859737
12582,3.193817247,3.55580013406552,0.36198288706551995
12595,3.778769938,3.912514833386524,0.13374489538652412
12614,4.019857428,3.986113825686692,0.033743602313307974
12615,3.015921505,3.2245977406813067,0.20867623568130655
12627,5.068497098,4.342069725318921,0.726427372681079
12628,5.835853534,4.366980463962738,1.4688730700372616
12629,4.960345924,3.913610298600117,1.0467356253998834
12631,4.673634012,4.300956073455196,0.372677938544804
12632,4.010464678,3.7518126927621056,0.25865198523789434
12633,4.939535517,4.2693797151496415,0.6701558018503588
12634,5.648777072,4.234429419251095,1.414347652748905
12636,4.530998817,4.246392659608989,0.28460615739101147
12637,4.807430095,4.273319039638879,0.5341110553611212
12639,4.800555287,4.459883408527669,0.3406718784723308
12641,3.874776905,3.9153761784501104,0.040599273450110385
12644,3.62823038,3.7696873664726267,0.1414569864726265
12651,4.967714325,4.2408631082489565,0.7268512167510437
12656,4.493190535,4.176322570620106,0.3168679643798944
12657,4.671204521,4.250216947510311,0.42098757348968885
12660,4.945454847,4.324307619150849,0.6211472278491508
12667,4.697260402,4.589476887925319,0.10778351407468101
12679,3.443082903,3.7662555558601762,0.32317265286017616
12681,3.679831516,3.747479671481173,0.06764815548117298
12685,4.613012054,3.9223708009314056,0.6906412530685948
12699,3.691112154,3.3212971239551745,0.3698150300448253
12709,4.016293574,3.669014597366461,0.3472789766335387
12728,3.843094786,4.440589689250346,0.5974949032503458
12742,3.795400788,3.7233651702216983,0.07203561777830148
12743,3.713585456,4.036703790582466,0.3231183345824662
12747,4.403832977,3.7534323456215875,0.650400631378413
12752,3.833739625,3.7402895108980374,0.0934501141019628
12754,4.299395848,4.047099613172976,0.2522962348270239
12755,4.997488198,4.19483834600211,0.8026498519978897
12757,5.741086023,4.3330474089665,1.4080386140335
12759,4.167900434,4.17547751041829,0.007577076418289863
12760,4.34016923,4.12997577236918,0.21019345763081976
12761,5.225924097,4.4771584006993566,0.7487656963006435
12762,5.404596576,4.421488691784626,0.9831078842153742
12794,3.739501708,3.733997176363084,0.005504531636915999
12799,4.177722998,4.119290862945207,0.058432135054792944
12806,4.040178349,3.848880339475024,0.19129800952497567
12808,3.438373028,3.814768209289911,0.3763951812899111
12816,3.662314207,3.765926750221455,0.10361254322145497
12825,3.430842298,3.9162530204565273,0.4854107224565274
12837,4.247420846,4.02269192869094,0.22472891730905964
12845,3.716572564,3.371474548491437,0.345098015508563
12853,3.621094541,3.730309963649314,0.10921542264931405
12854,3.669132509,3.6103983864200733,0.05873412257992694
12856,3.649823409,3.66172965491084,0.011906245910839885
12863,2.749497465,3.340047199174274,0.590549734174274
12864,2.305136319,2.679738048814713,0.3746017298147133
12875,3.919069953,3.8706755006010996,0.04839445239890061
12877,3.808192061,3.8045107292278058,0.0036813317721944294
12881,3.466661117,3.318171043826674,0.1484900731733263
12887,3.769267842,3.8252100876528283,0.05594224565282824
12890,4.033799328,3.773379370697718,0.2604199573022816
12903,3.586918685,3.1217301986858925,0.4651884863141076
12904,3.605335835,3.4584959504969364,0.14683988450306362
12906,3.424352324,3.7132330088981527,0.28888068489815266
12930,3.844090905,3.8087536450030033,0.03533725999699655
12931,3.648551672,3.434449702794711,0.2141019692052888
12932,4.238019604,3.4940249009951687,0.7439947030048311
12941,3.890626659,3.772837920032254,0.11778873896774611
12952,3.723666728,3.1749978342767746,0.5486688937232254
12983,5.02569108,3.9196447156998864,1.1060463643001133
12989,4.184678815,3.8782780669363843,0.3064007480636155
13018,3.698745044,3.7018368356212195,0.0030917916212196417
13030,3.660569051,3.597862734990822,0.06270631600917786
13036,4.927958125,3.5071797738608024,1.4207783511391976
13041,3.797670578,4.0368395586892,0.23916898068920034
13049,4.088931524,3.994404920000108,0.09452660399989243
13055,3.639964125,3.621426664117415,0.018537460882585233
13061,3.512929751,3.7874795514838944,0.2745498004838942
13069,3.735794163,3.650312570078435,0.08548159292156488
13081,3.769235095,3.5011658351847657,0.26806925981523433
13082,3.456724806,3.5941695769573823,0.13744477095738228
13084,3.726662019,3.3401263273388646,0.3865356916611353
13085,4.111350142,3.665202080450284,0.446148061549716
13086,3.799147487,3.681468751826192,0.11767873517380778
13089,4.293972373,3.583050863353876,0.7109215096461239
13117,4.316539671,4.569859521312373,0.2533198503123728
13141,3.753458574,3.948544329804781,0.1950857558047807
13146,4.403832977,3.966642614853854,0.4371903621461466
13149,3.650715639,4.078160026293906,0.4274443872939062
13173,3.59381458,3.8547942988335575,0.2609797188335574
13186,4.117170501,3.904436972762314,0.21273352823768654
13198,3.585280206,3.6793022989940165,0.09402209299401632
13209,4.839096589,3.989043327518567,0.8500532614814333
13239,3.377105817,3.783372925325131,0.40626710832513124
13243,3.758668027,3.832021037234239,0.07335301023423879
13284,3.356259818,4.0904006046609025,0.7341407866609027
13286,3.615558695,3.4235641886376036,0.19199450636239623
13295,4.100916517,3.682924811571958,0.417991705428042
13301,3.740967179,4.001696520237648,0.26072934123764835
13334,3.619185955,3.81490306008575,0.19571710508575002
13335,3.704230208,3.58741564364861,0.11681456435138982
13336,3.834539382,3.8149095269071753,0.019629855092824666
13337,3.719282444,3.9776268741247436,0.2583444301247435
13345,4.919372319,3.878380996755562,1.0409913222444378
13347,3.88750176,4.116602722458078,0.22910096245807754
13357,3.551690828,3.6378224601386955,0.08613163213869557
13366,3.68370943,4.008227636110197,0.3245182061101972
13368,3.9036071,4.0745454406157045,0.17093834061570456
13369,3.948717,3.8813251637586985,0.0673918362413013
13383,4.135463615,4.239176330694937,0.1037127156949369
13392,4.101471043,4.106223867327564,0.004752824327564298
13409,3.912695783,4.000537027917147,0.08784124491714707
13436,3.69707826,3.7829542854940086,0.08587602549400852
13438,3.653904765,4.1662994395862905,0.5123946745862904
13441,3.705678951,3.608369177056619,0.09730977394338103
13444,3.73139496,3.7110571423313132,0.020337817668686586
13445,4.000553373,3.8164718948275125,0.18408147817248732
13446,4.125492109,3.7563915452629475,0.36910056373705213
13449,3.627027347,3.5405372507105795,0.08649009628942039
13455,3.038790191,3.4514187741178093,0.41262858311780937
13457,2.981075278,3.928723518117867,0.947648240117867
13458,3.025924908,3.8047641060308917,0.7788391980308917
13460,3.14545125,3.6399903434049836,0.4945390934049838
13461,3.212362353,3.8891251077448765,0.6767627547448765
13462,3.029211649,3.948758206458012,0.9195465574580117
13463,2.950894254,3.409025785720738,0.45813153172073795
13464,2.621685085,3.5144192061288084,0.8927341211288082
13465,4.178955376,3.3750352440687434,0.8039201319312568
13467,2.897096818,3.6359115722388458,0.7388147542388457
13468,2.798431026,3.6593186319710487,0.8608876059710489
13469,3.005810041,4.080754980774612,1.0749449397746123
13470,3.060522577,3.51529573569242,0.45477315869241997
13471,2.954846241,3.863206278678892,0.9083600376788921
13472,2.739327045,3.5479545137076918,0.8086274687076918
13474,2.778605574,3.463950814749398,0.6853452407493976
13475,4.024239306,4.163948464566314,0.13970915856631372
13476,4.000560746,4.047734660695303,0.04717391469530341
13480,3.516360828,3.6140671121548174,0.09770628415481752
13496,3.541952162,3.7460819325234707,0.2041297705234708
13497,3.60828812,3.783627297734786,0.1753391777347857
13499,3.650566533,3.755364794452939,0.10479826145293902
13501,3.297745761,3.9366996874844946,0.6389539264844948
13505,3.719193556,3.7149937780591387,0.004199777940861349
13507,3.930046921,3.974002045698576,0.043955124698575876
13534,3.611229185,3.919057591864177,0.3078284068641768
13551,3.495422912,4.208843679828621,0.7134207678286208
13589,4.344547945,4.53374885776475,0.1892009127647496
13609,3.873712168,3.6933790017612593,0.18033316623874063
13617,3.954475966,3.843033023908779,0.11144294209122085
13622,4.073273095,3.8259866110454666,0.24728648395453368
13623,4.640804619,4.191189314202701,0.44961530479729905
13624,4.024530819,4.049074642552107,0.024543823552106936
13625,4.406487774,4.009922815886613,0.39656495811338743
13626,4.289982205,3.7543454381750387,0.5356367668249615
13627,4.568796737,4.447393380969041,0.12140335603095931
13628,4.248461586,4.255138294194003,0.0066767081940026785
13629,4.670642641,4.213926187122627,0.45671645387737314
13631,4.323855155,4.450205485776096,0.1263503307760958
13632,4.314715538,4.390110429688508,0.0753948916885081
13635,4.589404437,3.9649583433913325,0.6244460936086673
13636,4.370504994,4.1201698119852255,0.25033518201477456
13637,4.143118134,4.327423678716677,0.18430554471667726
13638,4.61857223,4.078816238712728,0.5397559912872723
13639,4.427649453,4.499928144000252,0.07227869100025242
13640,4.281521417,4.3557955607459835,0.07427414374598307
13641,4.862372822,4.6464429917516785,0.21592983024832169
13642,4.540821159,4.569535666269788,0.02871450726978786
13643,5.354150531,4.174961289911002,1.1791892410889986
13679,3.681582507,3.4110491439233606,0.27053336307663933
13684,3.908123914,3.85173856436222,0.05638534963777975
13686,3.65200059,3.69765631448222,0.045655724482219995
13690,3.41790107,3.4591260876539294,0.041225017653929275
13693,3.185400483,3.256860007681431,0.07145952468143113
13699,3.41570991,3.6063761549387054,0.19066624493870554
13700,3.223436231,3.404208269535386,0.18077203853538615
13709,4.411649864,4.026719322681863,0.38493054131813675
13732,3.333086388,3.440973918126817,0.10788753012681696
13733,3.383346122,3.4905226159507516,0.1071764939507518
13752,3.79236,3.652204325235259,0.140155674764741
13756,2.132402989,2.955120027709559,0.822717038709559
13757,2.132402989,2.2948136976899653,0.16241070868996532
13760,3.798697495,3.670572339719265,0.12812515528073476
13765,4.348700177,3.7832944993302915,0.5654056776697081
13766,4.348700177,4.000927721819727,0.347772455180273
13768,4.061946999,3.6793525912785667,0.38259440772143316
13772,3.639802988,3.837860209306121,0.1980572213061209
13773,3.739065391,3.8010151618789685,0.06194977087896847
13775,3.614126654,3.789174809187283,0.1750481551872829
13791,4.243620853,4.0893910220469145,0.15422983095308584
13794,3.714884849,3.5174105545650995,0.1974742944349006
13799,3.749395337,3.9014608115636142,0.15206547456361408
13804,4.064383104,3.7256238662340095,0.3387592377659905
13811,3.634522252,3.3379064230307622,0.29661582896923777
13817,3.893959109,3.676445609124818,0.21751349987518198
13827,4.389374811,3.8544741355813694,0.5349006754186303
13831,3.691447778,3.5757148054147505,0.11573297258524962
13839,3.643182921,3.5135937073776704,0.12958921362232978
13862,3.997433194,3.9435987432471675,0.05383445075283255
13864,3.484107086,3.886472992624154,0.40236590662415406
13877,4.357427662,3.8846591729078215,0.4727684890921786
13890,3.574176984,4.0464895820512545,0.47231259805125436
13891,3.289305797,3.6807820537968734,0.3914762567968735
13893,3.494627606,3.5935412265421696,0.09891362054216968
13894,3.818967784,4.0946200977292735,0.2756523137292737
13899,4.170122975,3.682633583237459,0.48748939176254114
13904,3.801100721,3.4778588403756943,0.3232418806243058
13905,3.59273969,3.0534295404846,0.5393101495154
13930,4.032593581,3.786665505137082,0.24592807586291832
13950,3.64052935,3.6381138886820055,0.0024154613179945272
13986,3.774554763,4.165636403442724,0.391081640442724
14006,3.710827305,4.1275979155577005,0.4167706105577005
14063,4.543969045,3.849277652355626,0.6946913926443741
14077,4.130921204,3.9406913193915827,0.19022988460841717
14080,4.458347254,4.055994336173223,0.40235291782677773
14081,4.502577322,4.029910905015987,0.4726664169840129
14083,3.652125418,3.3045597401172464,0.3475656778827534
14122,4.572516872,3.9280126213629223,0.6445042506370773
14131,3.68267789,3.7680125895808887,0.0853346995808888
14132,3.532628433,3.8112529354010927,0.2786245024010925
14148,3.461650199,3.963830055444223,0.502179856444223
14152,3.730580419,3.7126621725018625,0.017918246498137336
14159,3.425874788,3.7752093691580275,0.34933458115802773
14215,3.665174334,3.6513996571164236,0.013774676883576475
14223,4.426083706,4.077598074628473,0.34848563137152677
14230,3.621653641,3.9392660540106026,0.3176124130106026
14231,2.734430963,2.977962316488653,0.24353135348865296
14244,4.343063779,3.9761734028754385,0.3668903761245619
14248,5.600255009,3.5342436684075387,2.066011340592461
14250,3.645364622,3.83377778431441,0.18841316231440963
14254,3.690208741,3.4939128162465436,0.19629592475345659
14255,3.563335505,3.636422605101295,0.07308710010129493
14256,3.563335505,3.775973330165099,0.21263782516509888
14289,3.81805874,3.824177704761478,0.006118964761477663
14321,4.293439322,3.6055419624099994,0.6878973595900009
14323,2.559048291,3.149921511410385,0.5908732204103853
14324,2.318244253,2.869639805326605,0.5513955523266048
14325,4.130745438,3.8656889524708626,0.2650564855291373
14333,3.227909318,3.372238869002801,0.1443295510028011
14336,3.191653635,3.142515017154463,0.04913861784553708
14337,3.586440745,3.598176087117978,0.01173534211797822
14343,3.555760666,3.553983272999085,0.0017773930009150618
14348,3.885869861,4.673793442819135,0.7879235818191348
14351,3.885158854,4.200868468197677,0.31570961419767674
14384,2.305136319,2.989174454741704,0.6840381357417042
14405,3.314077992,3.26134744502279,0.052730546977210135
14407,3.111659205,3.4752031841334934,0.36354397913349334
14408,3.352131918,3.374854599925126,0.022722681925126054
14412,3.909011215,4.219915041234255,0.3109038262342554
14417,2.131614655,3.3107991972330697,1.1791845422330698
14429,2.813017923,3.9468252426962307,1.1338073196962308
14431,3.649768658,3.7420238297447845,0.09225517174478437
14432,3.692661886,4.107482920740849,0.4148210347408492
14453,4.220096128,3.9297538289777627,0.29034229902223707
14455,3.874958675,3.8679330657151354,0.007025609284864398
14457,3.780688345,3.590443169877676,0.1902451751223242
14459,3.366815046,3.7658544033325962,0.3990393573325961
14460,3.39223428,3.7297418358815744,0.33750755588157455
14462,3.416174347,3.6589734710232444,0.24279912402324433
14505,4.458497389,4.024658223233225,0.4338391657667744
14506,3.976859111,3.822663762603345,0.15419534839665516
14507,3.607826057,4.036724243483012,0.4288981864830119
14508,3.656205648,4.09394100618721,0.4377353581872101
14533,3.44364251,3.5832801627982804,0.13963765279828033
14536,3.22911946,3.637852508649071,0.4087330486490708
14543,4.279371661,4.347789141616403,0.06841748061640285
14548,4.047280061,3.8603885060294107,0.18689155497058962
14549,3.971520315,3.9949090168251717,0.023388701825171943
14566,4.288135158,3.7186077341281454,0.5695274238718548
14584,4.328985419,4.36242621810482,0.03344079910481934
14585,3.830088363,4.7776013389798235,0.9475129759798233
14588,4.345905809,3.519015237285188,0.8268905717148116
14598,2.286053576,2.869057876408936,0.5830043004089358
14599,2.074588998,2.919359987253876,0.8447709892538762
14601,6.553130852,5.1150846840636195,1.4380461679363803
14625,2.559439777,3.24041362061943,0.6809738436194297
14649,3.607607722,3.276293725930501,0.3313139960694991
14662,3.01457781,3.4943091463065925,0.4797313363065925
14663,3.75336854,3.4351847270126976,0.31818381298730225
14684,3.524350741,3.4834903821409875,0.040860358859012624
14685,3.122199676,3.574912628429609,0.45271295242960896
14703,3.339570197,3.597579257081457,0.2580090600814571
14705,3.604216859,3.798781873431329,0.1945650144313289
14706,4.01683302,3.035302773367928,0.9815302466320719
14707,3.646948279,3.1071113175550242,0.5398369614449758
14708,3.750398337,3.923148181884306,0.17274984488430611
14709,3.64660081,3.612113556462288,0.03448725353771165
14710,3.594565065,3.477384137229709,0.11718092777029065
14711,3.54989617,3.713601338567895,0.1637051685678954
14712,3.537922486,3.788535345093959,0.25061285909395936
14715,3.659038526,3.600293782582127,0.05874474341787295
14716,3.574605771,3.614236648051252,0.039630877051252345
14717,3.601785627,3.373654213948978,0.22813141305102214
14718,3.619872923,3.3838714532186387,0.23600146978136127
14722,4.408788812,4.201725690751773,0.20706312124822723
14723,4.354230584,3.998131679493312,0.3560989045066876
14750,3.700145242,3.960160520712364,0.26001527871236396
14752,3.977317129,3.9698999055423414,0.007417223457658384
14753,3.993613327,3.894512311162611,0.09910101583738884
14754,3.922127299,4.033775147219687,0.11164784821968743
14755,3.621507458,3.693721340691876,0.07221388269187612
14756,3.532064199,3.780722802156566,0.24865860315656585
14795,3.851751085,3.356409550306342,0.49534153469365805
14799,3.641017762,3.214866821598887,0.42615094040111323
14829,5.047864959,4.082157244318148,0.9657077146818516
14830,3.47000792,3.500173828546046,0.030165908546046172
14833,3.485342791,4.0721736255027565,0.5868308345027566
14872,2.110179209,3.117000475821982,1.0068212668219818
14880,2.72968385,2.789203232572674,0.059519382572674306
14886,3.342337228,3.2737685590656853,0.06856866893431457
14901,2.066416052,2.2231892345383715,0.15677318253837136
14919,3.418090851,3.490962408781624,0.07287155778162369
14920,3.699551569,3.647313043153874,0.052238525846126205
14990,3.431852649,3.457237664976484,0.025385015976484127
14996,4.029905429,3.4866624176494385,0.5432430113505617
14997,3.939057757,3.1922924859737125,0.7467652710262875
15002,3.868239591,3.587745748147785,0.280493842852215
15008,3.717902482,3.1927616354286514,0.5251408465713485
15010,2.827901569,3.0011602260080363,0.17325865700803655
15018,3.885191541,3.7430311915431007,0.14216034945689948
15020,3.441969628,4.080273311845535,0.6383036838455354
15028,3.342913726,3.32352465805877,0.019389067941229854
15030,3.488026669,3.038949209744006,0.44907745925599407
15031,3.649151798,3.2382951736642265,0.41085662433577363
15035,2.962290395,3.343514534854203,0.3812241398542029
15037,2.782663691,3.357125245171116,0.574461554171116
15041,2.888497748,3.293059136721132,0.40456138872113234
15044,2.81120124,2.9265675487246012,0.1153663087246013
15045,4.608965526,3.7543144562757016,0.8546510697242988
15053,3.362983251,3.2730350919523232,0.08994815904767695
15067,3.362286395,3.390508341167337,0.028221946167337197
15073,3.000289433,3.9085038972588113,0.9082144642588115
15092,3.82834229,4.088462630793275,0.26012034079327506
15093,4.019521851,3.8862389390001915,0.1332829119998089
15095,4.660125219,3.8299647313715197,0.8301604876284805
15096,3.632199068,4.525981911881544,0.8937828438815445
15101,2.626118321,1.8304834897849807,0.7956348312150192
15111,5.886533494,3.545276652428776,2.341256841571224
15113,4.310177658,3.3821456767957043,0.9280319812042954
15116,3.566194644,3.1184033635653337,0.4477912804346662
15120,3.910368234,3.970769293690478,0.06040105969047804
15124,3.475087229,3.6493983508730783,0.17431112187307818
15142,2.964752091,2.816618960925487,0.148133130074513
15147,3.546555749,3.3478494999594255,0.19870624904057443
15149,2.825543269,3.424082167100151,0.5985388981001507
15153,2.801220714,2.740503261916827,0.06071745208317303
15161,3.220863522,3.554663082709179,0.33379956070917904
15167,3.411927866,3.8593014742510547,0.44737360825105466
15176,2.963714062,3.6917652417358493,0.7280511797358491
15180,3.236045253,3.348166756278958,0.1121215032789582
15183,3.178198098,3.0813004934917383,0.0968976045082619
15196,3.622338385,3.651850165642401,0.02951178064240123
15200,3.593737972,3.810067759306896,0.21632978730689612
15201,2.779147777,4.144130460523829,1.3649826835238295
15203,3.573721745,3.8985461648011026,0.32482441980110277
15204,2.749624679,2.3171741389503513,0.4324505400496488
15212,3.303776889,3.495025138280456,0.19124824928045614
15213,3.612259588,3.712038998671644,0.09977941067164409
15221,5.06610564,4.021408993458407,1.0446966465415928
15243,3.443922519,4.132981480086101,0.6890589610861007
15251,3.428804085,3.6351934455197847,0.20638936051978485
15252,4.127417513,3.9628825685058198,0.16453494449418038
15254,4.981949679,3.5295634591316913,1.452386219868309
15263,2.54438949,2.604181075320164,0.05979158532016404
15267,3.028521549,3.2769953875316116,0.24847383853161142
15268,3.038392735,3.3569885260830397,0.3185957910830397
15269,3.038392735,3.4831733602161923,0.4447806252161923
15270,3.316366694,3.295745332584774,0.02062136141522597
15283,6.031172737,4.078742248381914,1.952430488618086
15284,3.56589453,3.8895900097678653,0.3236954797678653
15297,3.186271819,3.6072767159360315,0.4210048969360316
15299,3.67490696,3.363287817034801,0.3116191429651991
15300,3.831626655,3.6396083428314845,0.1920183121685155
15311,2.875887245,3.103925275787553,0.22803803078755314
15313,4.980621199,3.599558763161063,1.381062435838937
15318,3.924423288,4.59174193840172,0.6673186504017199
15325,3.400517198,3.473678088259968,0.07316089025996764
15330,5.999438622,4.586158623564534,1.413279998435466
15331,4.523485248,4.694536253905899,0.17105100590589917
15335,3.800777202,4.220814277636565,0.4200370756365652
15340,2.704780422,3.5804947437940133,0.8757143217940135
15344,3.480281628,3.5843515815445874,0.10406995354458726
15361,3.580393466,3.728209841061079,0.14781637506107925
15369,4.716232958,3.6325466569754603,1.0836863010245397
15371,4.449772458,3.8037526407574664,0.6460198172425335
15376,2.929827481,2.8430577784196216,0.0867697025803782
15378,5.560287519,3.2794375839910743,2.2808499350089257
15415,2.912567441,2.8236508412556645,0.08891659974433574
15423,3.751347545,3.450852428221812,0.30049511677818774
15427,2.915484845,3.051151748534137,0.1356669035341369
15437,3.119671871,3.2013304361150308,0.08165856511503078
15446,3.552203086,3.603914875977836,0.0517117899778361
15458,3.103946183,3.162357053978635,0.05841087097863484
15462,3.152458435,3.429544041668499,0.277085606668499
15506,3.069507766,3.2297944899383455,0.16028672393834542
15548,4.182495493,4.038680039834362,0.14381545316563837
15568,4.058479349,3.460166378090871,0.5983129709091286
15570,3.267104059,3.576578716102834,0.30947465710283417
15571,3.355080107,3.082283863926009,0.2727962430739912
15573,3.459601436,3.7177298551919886,0.2581284191919888
15576,3.503669063,3.608346572658855,0.10467750965885525
15579,3.881454402,3.8295435345223168,0.051910867477683365
15580,3.30888531,3.0397824304719836,0.26910287952801637
15581,3.462741691,3.476494643075997,0.013752952075996916
15582,3.333284528,3.359799919757723,0.026515391757722995
15606,3.860005228,3.6172220360060883,0.24278319199391163
15619,3.453787771,3.260279435965791,0.19350833503420883
15624,3.673840117,3.443720572934242,0.23011954406575796
15628,3.274596542,3.086253692510037,0.18834284948996283
15655,3.508505671,3.240676860499131,0.2678288105008688
15656,3.65944548,4.794716750985915,1.1352712709859154
15658,3.674271275,3.4554763821290337,0.21879489287096643
15672,4.175289194,3.25606937181119,0.9192198221888104
15675,5.342976218,3.6527817966922616,1.690194421307739
15686,3.058860102,4.0438388698127845,0.9849787678127844
15687,3.719248398,4.170754804193031,0.45150640619303095
15688,3.285682515,3.3413858961243963,0.05570338112439632
15699,3.608994547,3.2750839267096965,0.3339106202903035
15709,3.6926693,3.7673559668769276,0.07468666687692771
15710,3.216690669,3.8881736163587286,0.6714829473587285
15744,2.699398297,3.2880883208700107,0.5886900238700106
15746,4.042951727,4.002068734494997,0.04088299250500338
15755,3.356917072,3.8456442874209267,0.4887272154209268
15766,3.429980041,2.9773646437288024,0.4526153972711975
15790,3.566226986,3.562653335787404,0.0035736502125960357
15791,3.599561441,3.8164823180951606,0.2169208770951605
15829,4.048366931,3.8298044544620184,0.2185624765379819
15830,3.841937311,3.9130173538353357,0.07108004283533553
15831,3.829204678,3.8315284158450975,0.00232373784509754
15832,4.323893497,3.6342285785139903,0.68966491848601
15833,4.067745608,3.9171675841902953,0.15057802380970475
15834,3.866227065,3.717380521898247,0.14884654310175272
15835,3.757475451,3.709137094065777,0.04833835693422284
15836,3.892651034,3.8081164444455338,0.08453458955446624
15837,3.917176294,3.7395241377413595,0.1776521562586404
15838,3.846893543,3.8044987934747487,0.04239474952525146
15849,3.762396777,3.4998166507379422,0.26258012626205796
15867,5.442598648,4.623131537190956,0.8194671108090441
15874,3.39197268,3.225532937579983,0.16643974242001702
15875,2.942458537,3.4002017365065567,0.45774319950655684
15876,2.964862568,3.105451328408562,0.14058876040856205
15877,3.246467316,3.257072980465725,0.010605664465725084
15899,3.963573202,3.5459473404755224,0.41762586152447767
15900,4.556955864,4.279469048523925,0.2774868154760748
15903,4.745830244,4.764374016507296,0.018543772507295664
15904,4.723385063,4.769549354522784,0.046164291522783785
15907,4.699801605,4.056389328186586,0.6434122768134145
15914,3.906548518,4.096966329391445,0.19041781139144476
15915,4.444443844,4.604633788310068,0.1601899443100674
15921,3.782228551,3.971905466723931,0.18967691572393086
15932,2.844438515,2.882571411838901,0.03813289683890142
15936,3.125654732,3.0309404740562225,0.09471425794377764
15940,4.184800417,3.66670853280335,0.5180918841966498
15941,3.853666817,3.5483641361378475,0.3053026808621526
15953,3.151756821,3.7105876825562114,0.5588308615562112
15982,2.742739293,3.693406798742308,0.9506675057423077
16024,3.512422315,3.585323235937866,0.07290092093786615
16027,1.215447733,1.1588157854675787,0.05663194753242129
16059,4.652160476,4.001312411230133,0.6508480647698667
16084,4.051454989,4.110258086431259,0.05880309743125878
16094,3.726046891,3.587591524639175,0.13845536636082523
16097,4.677609099,4.54843659437475,0.12917250462524965
16113,3.377518731,3.133153438622302,0.24436529237769777
16115,3.556167239,3.4402338991458716,0.11593333985412846
16116,3.673552838,2.9792293267085777,0.6943235112914223
16121,3.173080722,3.217586140150817,0.0445054181508171
16131,4.089878276,3.9171480116982837,0.17273026430171656
16135,3.385908115,3.1422867484854766,0.24362136651452326
16141,3.231179154,3.7100628700444114,0.4788837160444115
16161,3.482556903,3.3557128566378402,0.12684404636215962
16175,3.389736497,3.687704116665586,0.29796761966558627
16178,4.002712722,3.7833941872301855,0.21931853476981455
16188,4.310990527,4.059583803648459,0.25140672335154157
16194,3.93505503,4.093417773604279,0.15836274360427893
16197,4.331765034,4.169309973848199,0.16245506015180133
16211,3.259547937,3.19008035117301,0.06946758582698997
16229,3.250271528,3.458331089654684,0.2080595616546841
16244,3.392086402,3.454617068433997,0.06253066643399707
16247,3.762021396,3.831563953432369,0.06954255743236892
16265,4.162616349,4.009470032907928,0.15314631609207208
16287,4.161384775,4.175464124054206,0.014079349054205714
16299,4.112760239,3.991179026028884,0.12158121297111579
16302,6.921266715,3.6579575405927156,3.263309174407284
16319,4.135844267,4.139296064501486,0.0034517975014853874
16352,3.625087355,3.915030354928748,0.28994299992874817
16362,3.072479058,3.7798635304306307,0.7073844724306309
16373,3.688818336,5.382306266560047,1.6934879305600465
16374,3.704547723,3.956426668727476,0.25187894572747593
16375,3.724673108,4.86884190082285,1.1441687928228497
16377,2.22645316,3.00988630589536,0.7834331458953598
16380,3.009732595,3.6374777861255225,0.6277451911255225
16381,2.515264204,3.3104812987950223,0.7952170947950221
16382,2.915119743,3.757998325064016,0.8428785820640159
16409,3.767343205,3.882987531376398,0.11564432637639799
16416,3.540325005,3.6591266141382013,0.11880160913820115
16421,3.1626796,3.9692959578533684,0.8066163578533683
16437,4.39713507,3.8868189862247906,0.5103160837752094
16443,4.046256797,3.966922880208793,0.07933391679120705
16468,3.623483731,3.618824358845078,0.004659372154921737
16469,3.970224958,4.1391413311789265,0.16891637317892627
16475,3.584847934,3.6021983283398975,0.0173503943398976
16477,3.723752684,3.708383017105795,0.015369666894204936
16480,3.41385276,3.232539911772562,0.1813128482274382
16494,4.156456908,3.971982205651291,0.18447470234870922
