ligand_id,role,cluster_id,row_index
4,calibration,4,3
12,calibration,12,9
28,calibration,28,24
50,calibration,50,45
60,calibration,60,55
62,calibration,62,56
67,calibration,67,61
103,calibration,103,92
125,calibration,125,107
138,calibration,138,115
142,calibration,142,119
150,calibration,150,124
152,calibration,152,126
163,calibration,163,133
166,calibration,166,136
178,calibration,178,140
180,calibration,180,142
182,calibration,182,143
189,calibration,189,145
204,calibration,204,154
218,calibration,218,164
226,calibration,182,168
243,calibration,243,180
244,calibration,244,181
257,calibration,257,190
266,calibration,266,198
273,calibration,142,204
276,calibration,276,207
288,calibration,288,212
302,calibration,302,221
327,calibration,327,235
332,calibration,332,236
333,calibration,333,237
338,calibration,338,242
356,calibration,356,252
360,calibration,360,255
365,calibration,163,258
366,calibration,366,259
394,calibration,218,278
402,calibration,402,285
403,calibration,403,286
412,calibration,412,292
414,calibration,414,293
416,calibration,166,295
421,calibration,421,299
427,calibration,427,305
440,calibration,440,314
447,calibration,447,317
449,calibration,449,319
474,calibration,474,336
489,calibration,489,348
513,calibration,513,364
515,calibration,182,366
529,calibration,529,377
530,calibration,530,378
554,calibration,554,389
562,calibration,562,392
579,calibration,579,401
585,calibration,579,404
591,calibration,562,408
594,calibration,67,411
609,calibration,447,423
612,calibration,447,424
615,calibration,615,427
619,calibration,619,431
624,calibration,624,436
631,calibration,631,442
640,calibration,640,444
649,calibration,649,450
650,calibration,650,451
653,calibration,653,453
658,calibration,658,455
659,calibration,659,456
664,calibration,664,458
696,calibration,696,478
697,calibration,166,479
698,calibration,402,480
700,calibration,700,482
701,calibration,701,483
709,calibration,709,490
718,calibration,718,494
726,calibration,726,499
744,calibration,182,508
754,calibration,754,515
756,calibration,12,517
762,calibration,762,521
782,calibration,782,536
791,calibration,791,542
797,calibration,797,547
798,calibration,798,548
800,calibration,338,550
807,calibration,807,557
814,calibration,814,563
816,calibration,816,565
831,calibration,831,576
833,calibration,12,578
836,calibration,836,581
838,calibration,838,583
846,calibration,846,590
854,calibration,854,596
855,calibration,855,597
859,calibration,859,600
865,calibration,865,606
872,calibration,142,610
893,calibration,893,628
896,calibration,896,630
903,calibration,50,636
939,calibration,939,666
958,calibration,958,682
964,calibration,62,687
982,calibration,982,704
985,calibration,985,707
991,calibration,896,713
994,calibration,994,715
1001,calibration,896,719
1002,calibration,896,720
1007,calibration,1007,723
1017,calibration,1017,733
1037,calibration,1037,751
1039,calibration,1039,753
1042,calibration,1042,756
1043,calibration,1043,757
1050,calibration,1050,763
1069,calibration,1069,780
1079,calibration,1079,790
1097,calibration,1097,807
1101,calibration,1101,811
1133,calibration,1133,841
1142,calibration,1142,848
1143,calibration,447,849
1151,calibration,1151,854
1153,calibration,893,856
1155,calibration,1155,858
1169,calibration,1169,865
1170,calibration,1170,866
1175,calibration,754,871
1194,calibration,1194,885
1203,calibration,1203,889
1209,calibration,1209,891
1220,calibration,1142,899
1234,calibration,1234,909
1255,calibration,1255,927
1256,calibration,1256,928
1258,calibration,1258,930
1259,calibration,1258,931
1266,calibration,1266,937
1267,calibration,1267,938
1271,calibration,1271,941
1277,calibration,1277,947
1279,calibration,1279,948
1289,calibration,1289,957
1305,calibration,1305,971
1312,calibration,1312,978
1315,calibration,1312,981
1318,calibration,1312,984
1319,calibration,1319,985
1320,calibration,1320,986
1328,calibration,1328,993
1332,calibration,1332,997
1337,calibration,1337,1002
1354,calibration,1354,1018
1361,calibration,1361,1023
1375,calibration,1375,1036
1377,calibration,1377,1037
1385,calibration,1361,1044
1388,calibration,1388,1047
1394,calibration,1394,1053
1398,calibration,1398,1057
1401,calibration,1401,1059
1426,calibration,1426,1081
1432,calibration,726,1087
1433,calibration,726,1088
1434,calibration,726,1089
1435,calibration,1435,1090
1436,calibration,1436,1091
1437,calibration,28,1092
1444,calibration,1444,1099
1447,calibration,1170,1102
1448,calibration,28,1103
1450,calibration,1450,1105
1456,calibration,1456,1111
1458,calibration,1458,1113
1476,calibration,1476,1129
1480,calibration,1480,1132
1482,calibration,1482,1134
1487,calibration,1487,1139
1499,calibration,1499,1150
1505,calibration,447,1155
1512,calibration,1512,1159
1517,calibration,1517,1162
1518,calibration,28,1163
1545,calibration,1545,1184
1552,calibration,440,1191
1562,calibration,1562,1200
1568,calibration,1568,1203
1570,calibration,1570,1204
1572,calibration,1572,1206
1579,calibration,1579,1211
1580,calibration,1580,1212
1592,calibration,1592,1222
1594,calibration,1594,1224
1596,calibration,1596,1226
1601,calibration,1601,1231
1602,calibration,1602,1232
1604,calibration,1604,1233
1611,calibration,1611,1237
1619,calibration,1619,1245
1630,calibration,1630,1251
1634,calibration,1634,1255
1636,calibration,1636,1256
1650,calibration,1650,1267
1653,calibration,1653,1269
1655,calibration,1655,1271
1659,calibration,218,1274
1671,calibration,1671,1286
1675,calibration,1675,1289
1682,calibration,1682,1295
1684,calibration,1684,1297
1695,calibration,1517,1308
1718,calibration,1718,1327
1719,calibration,1719,1328
1724,calibration,1724,1333
1741,calibration,1741,1348
1744,calibration,1744,1351
1788,calibration,1788,1391
1819,calibration,1819,1419
1823,calibration,1823,1423
1825,calibration,1825,1425
1828,calibration,1828,1428
1832,calibration,1832,1430
1834,calibration,1834,1432
1873,calibration,1873,1467
1881,calibration,1881,1475
1895,calibration,1895,1485
1904,calibration,1904,1492
1911,calibration,1911,1498
1916,calibration,1916,1503
1931,calibration,1931,1513
1941,calibration,1097,1522
1946,calibration,1630,1526
1954,calibration,1675,1533
1960,calibration,1133,1539
1966,calibration,1966,1545
1981,calibration,1981,1557
2017,calibration,2017,1586
2018,calibration,2018,1587
2025,calibration,2025,1594
2031,calibration,2031,1598
2048,calibration,2048,1612
2061,calibration,2061,1618
2066,calibration,2066,1622
2079,calibration,2079,1631
2088,calibration,2088,1640
2110,calibration,1741,1655
2115,calibration,2115,1659
2130,calibration,659,1669
2152,calibration,2152,1686
2159,calibration,2159,1693
2173,calibration,142,1707
2200,calibration,1042,1726
2205,calibration,2205,1729
2206,calibration,2206,1730
2207,calibration,2207,1731
2209,calibration,1097,1733
2213,calibration,2213,1737
2215,calibration,2215,1739
2220,calibration,142,1743
2226,calibration,2226,1748
2227,calibration,2227,1749
2229,calibration,2229,1750
2244,calibration,2244,1764
2246,calibration,2246,1766
2252,calibration,2252,1772
2253,calibration,2253,1773
2254,calibration,2253,1774
2263,calibration,2263,1783
2264,calibration,2264,1784
2270,calibration,2270,1789
2273,calibration,2273,1792
2275,calibration,2275,1793
2305,calibration,2305,1817
2309,calibration,2309,1821
2316,calibration,2316,1827
2331,calibration,2331,1837
2338,calibration,2338,1844
2343,calibration,2343,1848
2344,calibration,2344,1849
2350,calibration,12,1855
2358,calibration,1562,1861
2359,calibration,1562,1862
2366,calibration,2366,1868
2371,calibration,2371,1873
2373,calibration,2373,1875
2383,calibration,2383,1881
2386,calibration,2386,1882
2388,calibration,2388,1884
2395,calibration,2395,1889
2397,calibration,2395,1891
2404,calibration,2316,1895
2410,calibration,1271,1899
2416,calibration,1271,1904
2417,calibration,2417,1905
2419,calibration,2419,1907
2421,calibration,2421,1909
2426,calibration,50,1913
2439,calibration,2395,1925
2446,calibration,1042,1932
2447,calibration,12,1933
2451,calibration,2451,1937
2462,calibration,1037,1948
2474,calibration,189,1960
2507,calibration,4,1988
2509,calibration,2509,1990
2516,calibration,2516,1994
2532,calibration,2532,2006
2569,calibration,2569,2036
2576,calibration,182,2040
2577,calibration,2577,2041
2583,calibration,2583,2044
2588,calibration,2588,2048
2615,calibration,2615,2071
2617,calibration,125,2072
2620,calibration,2620,2074
2629,calibration,2629,2080
2647,calibration,754,2093
2661,calibration,12,2101
2671,calibration,854,2111
2679,calibration,447,2115
2685,calibration,2685,2120
2689,calibration,2689,2122
2692,calibration,2692,2125
2707,calibration,2707,2138
2715,calibration,2715,2144
2725,calibration,2725,2151
2726,calibration,2386,2152
2741,calibration,854,2162
2742,calibration,2742,2163
2745,calibration,854,2166
2756,calibration,2569,2175
2760,calibration,4,2179
2766,calibration,2766,2183
2767,calibration,2767,2184
2771,calibration,2771,2188
2777,calibration,2692,2194
2787,calibration,2787,2202
2790,calibration,2790,2205
2797,calibration,2797,2212
2799,calibration,2799,2213
2801,calibration,2801,2215
2806,calibration,338,2219
2807,calibration,338,2220
2825,calibration,854,2226
2848,calibration,2848,2243
2851,calibration,2851,2246
2852,calibration,2852,2247
2868,calibration,726,2261
2873,calibration,854,2265
2877,calibration,2877,2267
2883,calibration,2883,2273
2924,calibration,1916,2308
2928,calibration,2928,2312
2931,calibration,2931,2314
2935,calibration,2935,2318
2941,calibration,2941,2323
2943,calibration,2943,2325
2947,calibration,2947,2329
2950,calibration,726,2332
2961,calibration,2961,2342
2964,calibration,2964,2345
2965,calibration,2964,2346
2967,calibration,2964,2348
2968,calibration,2968,2349
2978,calibration,2968,2355
2980,calibration,2980,2357
2995,calibration,2995,2367
2998,calibration,2998,2369
3000,calibration,3000,2370
3007,calibration,1271,2376
3018,calibration,3018,2384
3027,calibration,3027,2392
3035,calibration,2115,2398
3037,calibration,3037,2400
3041,calibration,3041,2404
3044,calibration,3044,2407
3045,calibration,3044,2408
3052,calibration,2386,2414
3061,calibration,3061,2422
3064,calibration,3064,2425
3084,calibration,3084,2443
3085,calibration,3084,2444
3095,calibration,3095,2452
3101,calibration,3101,2458
3102,calibration,3102,2459
3107,calibration,3107,2464
3111,calibration,3111,2468
3121,calibration,3121,2477
3126,calibration,182,2482
3128,calibration,3128,2484
3129,calibration,12,2485
3133,calibration,2226,2488
3136,calibration,218,2490
3137,calibration,449,2491
3140,calibration,3140,2494
3141,calibration,3141,2495
3156,calibration,659,2504
3157,calibration,659,2505
3158,calibration,659,2506
3160,calibration,659,2507
3161,calibration,659,2508
3184,calibration,3184,2527
3186,calibration,659,2529
3187,calibration,659,2530
3193,calibration,659,2535
3198,calibration,3198,2539
3209,calibration,3209,2550
3214,calibration,3214,2555
3216,calibration,3216,2557
3222,calibration,3222,2560
3239,calibration,2305,2573
3240,calibration,659,2574
3244,calibration,125,2578
3245,calibration,3245,2579
3247,calibration,3247,2581
3252,calibration,3252,2585
3263,calibration,3263,2595
3266,calibration,3266,2598
3275,calibration,1602,2606
3277,calibration,142,2608
3282,calibration,3282,2612
3301,calibration,3301,2623
3305,calibration,3305,2627
3309,calibration,125,2631
3329,calibration,3329,2648
3337,calibration,3337,2656
3343,calibration,3343,2662
3351,calibration,3351,2667
3352,calibration,3352,2668
3353,calibration,3353,2669
3368,calibration,3368,2680
3379,calibration,3379,2688
3380,calibration,659,2689
3387,calibration,3387,2695
3395,calibration,3395,2701
3400,calibration,3400,2705
3403,calibration,3403,2708
3420,calibration,3420,2724
3421,calibration,152,2725
3432,calibration,3432,2733
3433,calibration,152,2734
3447,calibration,3447,2747
3448,calibration,3448,2748
3449,calibration,3449,2749
3450,calibration,3450,2750
3453,calibration,3453,2753
3469,calibration,1398,2768
3475,calibration,3475,2774
3498,calibration,3498,2794
3500,calibration,1653,2796
3503,calibration,3503,2799
3520,calibration,3520,2815
3526,calibration,3526,2819
3530,calibration,3530,2823
3531,calibration,2206,2824
3538,calibration,182,2830
3542,calibration,338,2833
3546,calibration,3546,2837
3554,calibration,3554,2843
3560,calibration,3560,2848
3566,calibration,3387,2853
3567,calibration,1170,2854
3584,calibration,3247,2869
3595,calibration,3595,2876
3605,calibration,3605,2884
3613,calibration,3613,2891
3622,calibration,3622,2897
3630,calibration,3630,2903
3632,calibration,3632,2905
3667,calibration,3667,2929
3669,calibration,3669,2931
3673,calibration,3673,2935
3676,calibration,1398,2938
3679,calibration,3679,2941
3682,calibration,150,2944
3701,calibration,3701,2957
3703,calibration,3703,2959
3706,calibration,3706,2961
3716,calibration,3716,2968
3721,calibration,3721,2973
3723,calibration,3723,2974
3736,calibration,3736,2985
3743,calibration,3743,2992
3746,calibration,3746,2995
3754,calibration,3754,3001
3757,calibration,1133,3004
3758,calibration,3758,3005
3760,calibration,709,3007
3772,calibration,3772,3016
3773,calibration,3773,3017
3780,calibration,3780,3024
3804,calibration,3804,3046
3808,calibration,3808,3049
3817,calibration,3817,3056
3819,calibration,3819,3057
3826,calibration,3826,3063
3834,calibration,3834,3070
3835,calibration,3834,3071
3836,calibration,3836,3072
3837,calibration,3837,3073
3838,calibration,3837,3074
3840,calibration,3837,3076
3846,calibration,3846,3082
3869,calibration,3846,3104
3880,calibration,3834,3113
3891,calibration,3891,3120
3900,calibration,3900,3129
3907,calibration,3907,3136
3908,calibration,3908,3137
3922,calibration,3922,3151
3931,calibration,3931,3159
3941,calibration,3941,3168
3942,calibration,1916,3169
3943,calibration,1916,3170
3945,calibration,3945,3172
3946,calibration,1916,3173
3963,calibration,3963,3190
3968,calibration,3968,3194
3971,calibration,1209,3196
3973,calibration,3973,3198
3977,calibration,3977,3201
3980,calibration,782,3204
3982,calibration,3982,3206
4006,calibration,4006,3224
4008,calibration,659,3225
4010,calibration,4010,3227
4016,calibration,4016,3232
4024,calibration,4024,3239
4028,calibration,4028,3243
4049,calibration,4049,3260
4050,calibration,218,3261
4065,calibration,4065,3275
4074,calibration,726,3281
4075,calibration,726,3282
4086,calibration,4086,3289
4087,calibration,4087,3290
4107,calibration,726,3307
4115,calibration,4115,3315
4148,calibration,4148,3345
4150,calibration,4150,3347
4156,calibration,1209,3351
4171,calibration,4171,3362
4173,calibration,4173,3364
4187,calibration,4187,3375
4189,calibration,4187,3377
4195,calibration,4195,3383
4222,calibration,4222,3408
4240,calibration,4240,3425
4254,calibration,4254,3434
4256,calibration,4256,3435
4263,calibration,4263,3442
4273,calibration,3837,3450
4278,calibration,4278,3453
4356,calibration,4356,3512
4358,calibration,4358,3513
4368,calibration,182,3518
4405,calibration,3064,3531
4409,calibration,4409,3535
4412,calibration,4412,3537
4419,calibration,4419,3542
4421,calibration,4421,3543
4440,calibration,4440,3560
4444,calibration,3266,3564
4447,calibration,3266,3567
4480,calibration,4480,3595
4483,calibration,4483,3598
4494,calibration,2532,3601
4513,calibration,4513,3616
4534,calibration,218,3634
4535,calibration,4535,3635
4545,calibration,4545,3641
4551,calibration,4551,3646
4554,calibration,4551,3649
4557,calibration,4551,3652
4560,calibration,4551,3655
4562,calibration,4551,3657
4572,calibration,4572,3665
4604,calibration,1271,3688
4621,calibration,4621,3704
4644,calibration,4644,3719
4645,calibration,4645,3720
4687,calibration,4687,3759
4692,calibration,3111,3763
4699,calibration,4699,3768
4706,calibration,1579,3775
4735,calibration,4735,3801
4736,calibration,1133,3802
4737,calibration,1133,3803
4756,calibration,4756,3820
4771,calibration,4771,3831
4781,calibration,4781,3839
4793,calibration,4793,3849
4794,calibration,4794,3850
4798,calibration,1931,3854
4799,calibration,1931,3855
4800,calibration,4800,3856
4801,calibration,4699,3857
4807,calibration,4807,3860
4816,calibration,1931,3869
4817,calibration,659,3870
4819,calibration,4819,3872
4826,calibration,659,3874
4827,calibration,659,3875
4828,calibration,659,3876
4835,calibration,4835,3881
4837,calibration,3247,3882
4839,calibration,659,3884
4850,calibration,3140,3894
4852,calibration,3140,3896
4856,calibration,4856,3900
4879,calibration,4879,3921
4881,calibration,4881,3923
4882,calibration,4882,3924
4884,calibration,4884,3926
4887,calibration,4412,3928
4896,calibration,1579,3937
4906,calibration,4906,3947
4914,calibration,4914,3954
4925,calibration,3266,3963
4926,calibration,3266,3964
4936,calibration,4936,3969
4937,calibration,4937,3970
4969,calibration,4969,3991
4975,calibration,2206,3996
4982,calibration,3266,4002
4984,calibration,3266,4003
5005,calibration,5005,4020
5007,calibration,414,4022
5008,calibration,414,4023
5009,calibration,5009,4024
5020,calibration,659,4034
5081,calibration,5081,4085
5082,calibration,5081,4086
5083,calibration,5081,4087
5084,calibration,5081,4088
5102,calibration,218,4101
5103,calibration,218,4102
5117,calibration,12,4116
5120,calibration,5120,4118
5127,calibration,218,4125
5130,calibration,12,4128
5140,calibration,5140,4138
5142,calibration,182,4140
5156,calibration,5156,4146
5169,calibration,659,4158
5170,calibration,659,4159
5171,calibration,659,4160
5176,calibration,5176,4163
5190,calibration,5190,4177
5213,calibration,5213,4199
5215,calibration,5213,4201
5217,calibration,5213,4203
5218,calibration,5213,4204
5227,calibration,5227,4213
5244,calibration,5244,4224
5249,calibration,2692,4227
5256,calibration,12,4231
5264,calibration,218,4239
5265,calibration,5265,4240
5271,calibration,5271,4246
5272,calibration,3945,4247
5273,calibration,3945,4248
5274,calibration,3945,4249
5275,calibration,3945,4250
5284,calibration,449,4257
5286,calibration,5286,4259
5289,calibration,859,4262
5294,calibration,5294,4266
5295,calibration,5294,4267
5296,calibration,5294,4268
5297,calibration,5294,4269
5298,calibration,5294,4270
5299,calibration,5294,4271
5300,calibration,5294,4272
5301,calibration,5294,4273
5318,calibration,3754,4285
5340,calibration,2848,4291
5344,calibration,5344,4295
5368,calibration,5368,4316
5374,calibration,5374,4322
5380,calibration,5380,4328
5428,calibration,2253,4370
5429,calibration,1602,4371
5433,calibration,5433,4375
5436,calibration,5436,4377
5447,calibration,5447,4387
5453,calibration,659,4393
5456,calibration,5456,4396
5481,calibration,5481,4413
5490,calibration,414,4422
5491,calibration,414,4423
5510,calibration,5510,4438
5519,calibration,474,4446
5523,calibration,5523,4448
5524,calibration,5524,4449
5553,calibration,5553,4474
5558,calibration,5558,4478
5563,calibration,5563,4482
5572,calibration,5572,4491
5589,calibration,5589,4504
5590,calibration,5589,4505
5591,calibration,5589,4506
5592,calibration,5589,4507
5593,calibration,5589,4508
5598,calibration,5227,4511
5599,calibration,5227,4512
5600,calibration,5600,4513
5601,calibration,5227,4514
5602,calibration,5227,4515
5638,calibration,5638,4547
5639,calibration,5638,4548
5640,calibration,5638,4549
5645,calibration,3379,4554
5659,calibration,5659,4564
5665,calibration,5665,4569
5666,calibration,5666,4570
5673,calibration,4535,4577
5690,calibration,5690,4593
5692,calibration,5638,4595
5693,calibration,5638,4596
5705,calibration,5705,4606
5706,calibration,5706,4607
5708,calibration,5706,4609
5709,calibration,5706,4610
5711,calibration,5706,4612
5712,calibration,5706,4613
5713,calibration,5706,4614
5714,calibration,5706,4615
5717,calibration,5706,4618
5727,calibration,5727,4628
5728,calibration,5727,4629
5744,calibration,5744,4644
5756,calibration,5589,4654
5758,calibration,5758,4655
5760,calibration,5760,4656
5771,calibration,5771,4665
5778,calibration,447,4668
5782,calibration,5782,4672
5784,calibration,5784,4673
5787,calibration,5787,4676
5793,calibration,5793,4677
5812,calibration,182,4693
5826,calibration,4187,4706
5829,calibration,5829,4709
5833,calibration,5833,4713
5835,calibration,5833,4715
5836,calibration,5833,4716
5837,calibration,5833,4717
5870,calibration,218,4746
5871,calibration,218,4747
5877,calibration,5877,4753
5878,calibration,3743,4754
5879,calibration,3743,4755
5897,calibration,5897,4770
5899,calibration,3743,4771
5909,calibration,2931,4780
5912,calibration,2931,4782
5914,calibration,2931,4784
5928,calibration,5928,4796
5929,calibration,5928,4797
5936,calibration,5936,4803
5947,calibration,5947,4807
5951,calibration,4621,4811
5952,calibration,4621,4812
5958,calibration,5958,4815
5993,calibration,5993,4832
5994,calibration,5994,4833
6014,calibration,3804,4847
6020,calibration,6020,4853
6036,calibration,6036,4869
6042,calibration,6036,4872
6058,calibration,6058,4886
6061,calibration,6036,4889
6068,calibration,6068,4893
6069,calibration,6069,4894
6070,calibration,6069,4895
6078,calibration,6078,4903
6083,calibration,6083,4908
6092,calibration,6092,4916
6095,calibration,6095,4919
6111,calibration,6111,4934
6118,calibration,6118,4940
6119,calibration,6118,4941
6122,calibration,6122,4943
6123,calibration,6122,4944
6125,calibration,6125,4946
6134,calibration,6125,4953
6136,calibration,6125,4955
6137,calibration,6125,4956
6138,calibration,6125,4957
6139,calibration,6125,4958
6140,calibration,6125,4959
6143,calibration,6143,4961
6147,calibration,5928,4965
6149,calibration,5928,4967
6150,calibration,5928,4968
6152,calibration,5928,4970
6155,calibration,5928,4973
6156,calibration,5928,4974
6157,calibration,5928,4975
6158,calibration,5928,4976
6159,calibration,5928,4977
6160,calibration,5928,4978
6161,calibration,5928,4979
6162,calibration,5928,4980
6187,calibration,3209,4995
6199,calibration,6199,5005
6213,calibration,150,5013
6219,calibration,6219,5018
6220,calibration,6219,5019
6221,calibration,6219,5020
6223,calibration,6219,5022
6225,calibration,6219,5023
6228,calibration,6219,5026
6229,calibration,6219,5027
6230,calibration,6219,5028
6232,calibration,6219,5030
6235,calibration,658,5033
6236,calibration,658,5034
6237,calibration,6237,5035
6238,calibration,658,5036
6246,calibration,6246,5044
6247,calibration,6247,5045
6262,calibration,6262,5056
6278,calibration,6278,5071
6280,calibration,5659,5073
6281,calibration,5659,5074
6282,calibration,5659,5075
6283,calibration,5659,5076
6301,calibration,6301,5087
6303,calibration,5659,5089
6304,calibration,6304,5090
6315,calibration,6315,5099
6319,calibration,6315,5102
6326,calibration,6326,5107
6332,calibration,6332,5111
6334,calibration,6118,5113
6336,calibration,6118,5115
6337,calibration,6118,5116
6339,calibration,6118,5118
6340,calibration,6118,5119
6342,calibration,6118,5120
6344,calibration,6118,5122
6351,calibration,6118,5129
6352,calibration,6118,5130
6356,calibration,6118,5134
6358,calibration,3622,5136
6360,calibration,3622,5138
6366,calibration,6366,5144
6367,calibration,6367,5145
6368,calibration,6366,5146
6369,calibration,6369,5147
6374,calibration,6374,5152
6375,calibration,6366,5153
6377,calibration,6377,5154
6404,calibration,6404,5181
6419,calibration,6404,5196
6429,calibration,6429,5206
6431,calibration,6431,5208
6436,calibration,6436,5213
6444,calibration,2089,5221
6448,calibration,6219,5225
6464,calibration,6464,5238
6474,calibration,6474,5244
6476,calibration,3817,5245
6478,calibration,6478,5247
6487,calibration,2386,5256
6498,calibration,6498,5266
6510,calibration,3963,5276
6527,calibration,6527,5290
6531,calibration,218,5293
6547,calibration,6547,5302
6552,calibration,6552,5303
6595,calibration,6595,5332
6609,calibration,659,5346
6614,calibration,1042,5351
6616,calibration,6616,5353
6617,calibration,6616,5354
6619,calibration,6619,5356
6622,calibration,6622,5359
6643,calibration,659,5376
6645,calibration,6058,5378
6647,calibration,2386,5380
6671,calibration,3263,5403
6688,calibration,6688,5419
6699,calibration,6688,5428
6702,calibration,6702,5430
6703,calibration,6688,5431
6709,calibration,6709,5436
6712,calibration,6688,5439
6714,calibration,6688,5441
6726,calibration,6726,5452
6729,calibration,6729,5455
6730,calibration,6730,5456
6731,calibration,6730,5457
6732,calibration,6730,5458
6742,calibration,6742,5467
6743,calibration,6742,5468
6745,calibration,6745,5470
6746,calibration,6745,5471
6749,calibration,3027,5474
6774,calibration,6774,5499
6783,calibration,3027,5507
6784,calibration,3027,5508
6786,calibration,6786,5510
6791,calibration,6791,5514
6795,calibration,218,5516
6796,calibration,218,5517
6797,calibration,218,5518
6798,calibration,218,5519
6799,calibration,218,5520
6800,calibration,218,5521
6805,calibration,1911,5526
6816,calibration,6816,5529
6852,calibration,6852,5560
6862,calibration,6862,5568
6864,calibration,6862,5570
6893,calibration,3560,5589
6894,calibration,3560,5590
6904,calibration,6904,5600
6909,calibration,3329,5603
6914,calibration,6914,5608
6916,calibration,182,5610
6951,calibration,6951,5636
6959,calibration,6959,5644
6962,calibration,2928,5645
6964,calibration,2928,5647
6965,calibration,2928,5648
6968,calibration,6968,5651
6970,calibration,6970,5652
6971,calibration,6970,5653
6983,calibration,6904,5663
6984,calibration,6904,5664
6985,calibration,6904,5665
6987,calibration,1911,5667
6988,calibration,6988,5668
6989,calibration,6989,5669
6996,calibration,6996,5674
7013,calibration,7013,5690
7038,calibration,7038,5715
7039,calibration,7039,5716
7046,calibration,7046,5723
7047,calibration,7047,5724
7048,calibration,7039,5725
7055,calibration,7055,5731
7059,calibration,7059,5734
7066,calibration,7066,5740
7067,calibration,7013,5741
7077,calibration,7077,5749
7084,calibration,7084,5755
7086,calibration,1916,5757
7091,calibration,3963,5759
7109,calibration,7109,5773
7112,calibration,7112,5775
7113,calibration,7113,5776
7118,calibration,3140,5781
7119,calibration,7119,5782
7138,calibration,182,5797
7139,calibration,182,5798
7165,calibration,12,5820
7168,calibration,7168,5822
7177,calibration,7177,5830
7178,calibration,7177,5831
7201,calibration,7177,5847
7210,calibration,659,5855
7216,calibration,7216,5860
7231,calibration,4621,5868
7240,calibration,7240,5873
7254,calibration,7254,5883
7257,calibration,7257,5886
7258,calibration,7258,5887
7264,calibration,7264,5892
7309,calibration,1517,5935
7310,calibration,7310,5936
7327,calibration,7327,5949
7333,calibration,7333,5954
7335,calibration,474,5955
7337,calibration,474,5957
7338,calibration,474,5958
7349,calibration,474,5968
7373,calibration,3973,5987
7376,calibration,7376,5990
7377,calibration,7377,5991
7397,calibration,7397,6009
7407,calibration,7407,6018
7409,calibration,7409,6020
7413,calibration,7413,6024
7414,calibration,7413,6025
7442,calibration,7442,6042
7447,calibration,754,6045
7448,calibration,7448,6046
7488,calibration,7488,6079
7491,calibration,7488,6082
7492,calibration,7488,6083
7494,calibration,7488,6085
7506,calibration,7506,6093
7543,calibration,7543,6125
7556,calibration,7556,6130
7561,calibration,7561,6134
7568,calibration,7568,6141
7572,calibration,7572,6144
7573,calibration,7572,6145
7577,calibration,7577,6149
7582,calibration,7577,6154
7584,calibration,7577,6156
7585,calibration,7577,6157
7586,calibration,2018,6158
7587,calibration,7587,6159
7589,calibration,7589,6161
7600,calibration,7600,6170
7604,calibration,182,6171
7610,calibration,7610,6177
7612,calibration,7612,6179
7624,calibration,7624,6189
7625,calibration,7625,6190
7665,calibration,754,6203
7666,calibration,7666,6204
7667,calibration,6315,6205
7668,calibration,6315,6206
7669,calibration,6315,6207
7677,calibration,166,6213
7682,calibration,2692,6218
7695,calibration,3140,6230
7722,calibration,7722,6245
7736,calibration,7736,6252
7744,calibration,2801,6258
7748,calibration,7748,6261
7750,calibration,7750,6263
7754,calibration,7754,6267
7756,calibration,7756,6269
7760,calibration,7760,6273
7764,calibration,7612,6277
7774,calibration,7774,6284
7779,calibration,7376,6289
7780,calibration,7376,6290
7816,calibration,7816,6295
7847,calibration,3448,6306
7885,calibration,5787,6328
7887,calibration,7887,6330
7888,calibration,7887,6331
7890,calibration,7890,6332
7922,calibration,266,6345
7923,calibration,266,6346
7940,calibration,7940,6358
7944,calibration,7944,6362
7947,calibration,7947,6365
7955,calibration,7955,6373
7968,calibration,7968,6380
7970,calibration,7970,6382
8019,calibration,8019,6422
8020,calibration,8020,6423
8021,calibration,8020,6424
8049,calibration,8049,6440
8062,calibration,8062,6448
8079,calibration,8079,6461
8091,calibration,8091,6467
8121,calibration,8121,6483
8122,calibration,5589,6484
8133,calibration,8133,6491
8167,calibration,8167,6504
8173,calibration,8173,6507
8177,calibration,8177,6509
8200,calibration,7625,6526
8207,calibration,8207,6530
8220,calibration,166,6537
8221,calibration,166,6538
8223,calibration,8223,6539
8227,calibration,8227,6542
8253,calibration,166,6561
8270,calibration,8270,6571
8276,calibration,8276,6574
8291,calibration,1517,6582
8292,calibration,8292,6583
8293,calibration,6730,6584
8304,calibration,8304,6594
8309,calibration,182,6597
8317,calibration,8317,6599
8318,calibration,8317,6600
8319,calibration,8317,6601
8320,calibration,8320,6602
8325,calibration,8317,6607
8354,calibration,8354,6632
8375,calibration,8375,6646
8377,calibration,8375,6648
8388,calibration,8388,6655
8389,calibration,8389,6656
8436,calibration,1133,6690
8540,calibration,2532,6754
8542,calibration,8542,6755
8557,calibration,12,6759
8558,calibration,8558,6760
8570,calibration,8570,6766
8572,calibration,8572,6768
8600,calibration,8600,6795
8601,calibration,182,6796
8617,calibration,7722,6810
8618,calibration,7722,6811
8619,calibration,7722,6812
8620,calibration,7722,6813
8621,calibration,7722,6814
8622,calibration,7722,6815
8623,calibration,7722,6816
8626,calibration,8626,6819
8638,calibration,8638,6827
8639,calibration,182,6828
8640,calibration,182,6829
8651,calibration,8651,6838
8660,calibration,513,6846
8661,calibration,513,6847
8668,calibration,8600,6854
8669,calibration,8669,6855
8702,calibration,7625,6869
8705,calibration,8227,6872
8706,calibration,8542,6873
8709,calibration,3247,6875
8734,calibration,2386,6892
8735,calibration,2386,6893
8736,calibration,2386,6894
8747,calibration,8747,6897
8749,calibration,8749,6899
8751,calibration,8749,6901
8753,calibration,8749,6903
8775,calibration,8775,6916
8781,calibration,8781,6921
8792,calibration,8542,6931
8798,calibration,8798,6933
8799,calibration,5190,6934
8800,calibration,8798,6935
8816,calibration,8816,6946
8817,calibration,8816,6947
8818,calibration,8816,6948
8820,calibration,8816,6950
8830,calibration,7610,6960
8831,calibration,7610,6961
8834,calibration,7610,6962
8836,calibration,8816,6964
8889,calibration,8889,6990
8890,calibration,8890,6991
8926,calibration,8926,7015
8927,calibration,8781,7016
8939,calibration,8939,7023
8963,calibration,8963,7039
8972,calibration,8972,7047
8999,calibration,2386,7070
9000,calibration,2386,7071
9001,calibration,2386,7072
9002,calibration,2386,7073
9003,calibration,2386,7074
9004,calibration,2386,7075
9007,calibration,2386,7077
9013,calibration,7376,7082
9039,calibration,9039,7096
9048,calibration,9048,7104
9053,calibration,9053,7106
9076,calibration,9076,7127
9096,calibration,9096,7141
9099,calibration,9096,7144
9104,calibration,9104,7149
9110,calibration,9110,7154
9137,calibration,9137,7177
9146,calibration,8781,7183
9154,calibration,9154,7189
9162,calibration,9162,7195
9163,calibration,9163,7196
9165,calibration,9165,7197
9173,calibration,9173,7202
9182,calibration,9182,7207
9183,calibration,9183,7208
9199,calibration,8177,7223
9200,calibration,9200,7224
9224,calibration,3064,7239
9306,calibration,125,7273
9335,calibration,9335,7290
9340,calibration,7624,7293
9371,calibration,7624,7321
9372,calibration,7624,7322
9385,calibration,7624,7333
9398,calibration,4819,7346
9404,calibration,1604,7352
9405,calibration,3605,7353
9408,calibration,7624,7355
9410,calibration,9410,7356
9414,calibration,152,7360
9415,calibration,9415,7361
9424,calibration,6904,7367
9429,calibration,2968,7372
9435,calibration,9435,7377
9442,calibration,9442,7383
9469,calibration,4879,7405
9471,calibration,4879,7407
9494,calibration,449,7425
9517,calibration,9517,7441
9521,calibration,9435,7445
9522,calibration,6118,7446
9523,calibration,9435,7447
9527,calibration,9435,7450
9528,calibration,9435,7451
9529,calibration,9435,7452
9530,calibration,9435,7453
9531,calibration,9435,7454
9532,calibration,9435,7455
9533,calibration,9435,7456
9534,calibration,9435,7457
9535,calibration,9435,7458
9536,calibration,9435,7459
9537,calibration,9435,7460
9538,calibration,9435,7461
9539,calibration,9435,7462
9546,calibration,9435,7465
9551,calibration,9435,7470
9554,calibration,1630,7472
9557,calibration,9557,7475
9560,calibration,9560,7478
9564,calibration,9564,7482
9566,calibration,9435,7484
9585,calibration,9585,7493
9596,calibration,9435,7494
9612,calibration,9612,7507
9626,calibration,9626,7520
9627,calibration,449,7521
9630,calibration,7488,7524
9634,calibration,152,7528
9645,calibration,9645,7537
9646,calibration,9645,7538
9651,calibration,9651,7543
9657,calibration,9657,7549
9659,calibration,9659,7551
9667,calibration,9667,7557
9670,calibration,9435,7559
9706,calibration,449,7578
9726,calibration,9726,7591
9727,calibration,449,7592
9728,calibration,449,7593
9729,calibration,449,7594
9731,calibration,449,7596
9733,calibration,449,7598
9736,calibration,449,7601
9737,calibration,9737,7602
9738,calibration,9737,7603
9756,calibration,9435,7618
9757,calibration,9435,7619
9758,calibration,9435,7620
9759,calibration,9435,7621
9760,calibration,9435,7622
9761,calibration,9435,7623
9762,calibration,9435,7624
9763,calibration,9435,7625
9764,calibration,9435,7626
9767,calibration,9767,7627
9818,calibration,9818,7667
9819,calibration,4621,7668
9822,calibration,1545,7670
9840,calibration,9840,7678
9849,calibration,9849,7682
9852,calibration,9849,7684
9853,calibration,9853,7685
9859,calibration,9859,7687
9877,calibration,182,7698
9901,calibration,9901,7717
9908,calibration,9908,7720
9909,calibration,9908,7721
9925,calibration,9925,7729
9926,calibration,854,7730
9947,calibration,9767,7745
9949,calibration,9949,7747
9950,calibration,9767,7748
9979,calibration,9767,7777
9982,calibration,3395,7780
9983,calibration,1101,7781
9984,calibration,7940,7782
10080,calibration,10080,7839
10093,calibration,10093,7850
10099,calibration,10099,7856
10106,calibration,10106,7859
10118,calibration,10118,7865
10125,calibration,10125,7870
10127,calibration,10127,7872
10131,calibration,5081,7874
10132,calibration,5081,7875
10134,calibration,1671,7877
10137,calibration,10137,7880
10143,calibration,10143,7886
10173,calibration,5190,7906
10181,calibration,10181,7913
10193,calibration,10193,7921
10198,calibration,10198,7923
10200,calibration,10198,7924
10206,calibration,10206,7927
10228,calibration,10228,7933
10233,calibration,10233,7937
10242,calibration,9840,7944
10249,calibration,10249,7946
10263,calibration,10263,7958
10275,calibration,6374,7966
10305,calibration,166,7988
10312,calibration,10312,7990
10313,calibration,10312,7991
10318,calibration,10312,7994
10319,calibration,10312,7995
10324,calibration,1671,8000
10325,calibration,1671,8001
10326,calibration,10326,8002
10327,calibration,1671,8003
10328,calibration,1671,8004
10329,calibration,1671,8005
10330,calibration,1671,8006
10331,calibration,1671,8007
10332,calibration,1671,8008
10334,calibration,1671,8009
10343,calibration,10343,8012
10365,calibration,10365,8018
10382,calibration,2017,8031
10392,calibration,10312,8038
10393,calibration,10312,8039
10399,calibration,659,8045
10410,calibration,10410,8051
10411,calibration,10411,8052
10412,calibration,631,8053
10413,calibration,3247,8054
10417,calibration,10417,8058
10418,calibration,163,8059
10425,calibration,5510,8061
10427,calibration,3420,8062
10442,calibration,10442,8069
10466,calibration,10466,8078
10468,calibration,10466,8080
10469,calibration,10466,8081
10470,calibration,10466,8082
10472,calibration,10466,8084
10478,calibration,10478,8090
10479,calibration,10478,8091
10480,calibration,10466,8092
10493,calibration,10466,8102
10498,calibration,10498,8106
10514,calibration,10514,8118
10515,calibration,10514,8119
10535,calibration,10535,8136
10559,calibration,10559,8147
10565,calibration,10565,8153
10567,calibration,10567,8155
10568,calibration,10565,8156
10582,calibration,10582,8170
10605,calibration,10605,8193
10607,calibration,10607,8195
10615,calibration,10615,8202
10628,calibration,10628,8211
10629,calibration,10629,8212
10634,calibration,10634,8217
10635,calibration,10634,8218
10639,calibration,10639,8220
10641,calibration,10641,8222
10646,calibration,10646,8227
10658,calibration,10658,8237
10668,calibration,10668,8247
10680,calibration,10680,8258
10687,calibration,152,8263
10688,calibration,152,8264
10696,calibration,10696,8272
10699,calibration,10699,8273
10705,calibration,10705,8279
10708,calibration,10646,8282
10715,calibration,10715,8289
10752,calibration,10752,8316
10773,calibration,10773,8332
10779,calibration,10779,8337
10790,calibration,10790,8348
10791,calibration,10790,8349
10795,calibration,10795,8353
10800,calibration,10800,8358
10810,calibration,10810,8366
10832,calibration,10832,8386
10871,calibration,10871,8417
10930,calibration,10930,8460
10955,calibration,3673,8472
10956,calibration,3673,8473
10983,calibration,414,8478
10999,calibration,10999,8489
11005,calibration,11005,8494
11006,calibration,11005,8495
11007,calibration,11005,8496
11011,calibration,11011,8499
11013,calibration,12,8501
11016,calibration,9564,8504
11017,calibration,11017,8505
11027,calibration,11027,8513
11038,calibration,11038,8520
11042,calibration,11042,8524
11046,calibration,3420,8528
11082,calibration,11082,8540
11086,calibration,11086,8543
11088,calibration,11042,8545
11105,calibration,11105,8557
11108,calibration,11105,8558
11110,calibration,11110,8560
11111,calibration,11110,8561
11112,calibration,11110,8562
11130,calibration,11130,8580
11148,calibration,11148,8591
11159,calibration,11159,8600
11175,calibration,11175,8611
11176,calibration,11175,8612
11183,calibration,11183,8614
11208,calibration,11208,8630
11256,calibration,11256,8663
11265,calibration,11265,8670
11306,calibration,11306,8683
11308,calibration,11308,8685
11322,calibration,11322,8699
11346,calibration,11346,8721
11351,calibration,11346,8726
11363,calibration,11363,8731
11378,calibration,11378,8742
11382,calibration,11382,8745
11405,calibration,11405,8756
11410,calibration,11410,8761
11413,calibration,11410,8764
11433,calibration,11433,8778
11443,calibration,11443,8786
11445,calibration,11445,8788
11468,calibration,11468,8802
11469,calibration,11469,8803
11476,calibration,11476,8806
11483,calibration,2771,8812
11501,calibration,11501,8825
11503,calibration,11503,8826
11508,calibration,11508,8829
11518,calibration,4148,8838
11519,calibration,4148,8839
11527,calibration,2115,8844
11531,calibration,2115,8846
11544,calibration,11544,8855
11564,calibration,11564,8873
11568,calibration,11568,8877
11581,calibration,11581,8882
11582,calibration,11582,8883
11588,calibration,11588,8889
11604,calibration,11604,8895
11609,calibration,2018,8899
11638,calibration,11638,8915
11646,calibration,1671,8919
11702,calibration,11702,8939
11708,calibration,11708,8942
11756,calibration,11756,8965
11763,calibration,11763,8970
11764,calibration,11763,8971
11765,calibration,11763,8972
11766,calibration,11763,8973
11767,calibration,11763,8974
11768,calibration,11763,8975
11806,calibration,11806,8987
11816,calibration,11816,8992
11819,calibration,9901,8995
11820,calibration,9901,8996
11830,calibration,9901,9006
11842,calibration,11842,9017
11889,calibration,11889,9034
11890,calibration,11889,9035
11909,calibration,11909,9041
11928,calibration,11928,9051
11935,calibration,11935,9056
11942,calibration,2801,9061
11944,calibration,8972,9063
11951,calibration,11951,9069
11977,calibration,11977,9091
11978,calibration,11977,9092
11979,calibration,11977,9093
11990,calibration,11990,9103
11995,calibration,2419,9108
12053,calibration,754,9128
12083,calibration,2995,9139
12101,calibration,12101,9155
12105,calibration,12105,9159
12107,calibration,12107,9161
12168,calibration,12168,9192
12170,calibration,7059,9193
12174,calibration,12174,9196
12213,calibration,12213,9226
12231,calibration,12231,9238
12260,calibration,12260,9257
12294,calibration,12294,9274
12295,calibration,12294,9275
12296,calibration,12294,9276
12301,calibration,12301,9279
12304,calibration,649,9280
12309,calibration,12309,9285
12310,calibration,12310,9286
12313,calibration,12313,9289
12339,calibration,12339,9297
12370,calibration,8798,9304
12371,calibration,8798,9305
12376,calibration,8798,9307
12387,calibration,8798,9317
12395,calibration,12395,9320
12423,calibration,726,9325
12450,calibration,12450,9340
12453,calibration,11175,9343
12465,calibration,12465,9354
12468,calibration,2018,9357
12480,calibration,3027,9369
12481,calibration,12481,9370
12497,calibration,12497,9379
12533,calibration,12533,9403
12537,calibration,12537,9407
12538,calibration,12537,9408
12540,calibration,12537,9410
12544,calibration,12544,9412
12550,calibration,11175,9414
12558,calibration,12558,9418
12559,calibration,12559,9419
12567,calibration,12567,9427
12572,calibration,6367,9432
12573,calibration,6367,9433
12577,calibration,6367,9437
12582,calibration,12582,9442
12588,calibration,12588,9447
12589,calibration,12589,9448
12606,calibration,9183,9461
12607,calibration,9183,9462
12611,calibration,4621,9466
12612,calibration,12612,9467
12617,calibration,12617,9469
12625,calibration,12625,9474
12645,calibration,12645,9491
12664,calibration,12664,9502
12667,calibration,12667,9504
12671,calibration,4621,9507
12678,calibration,7488,9513
12690,calibration,12690,9524
12720,calibration,12720,9542
12740,calibration,12740,9554
12756,calibration,3061,9568
12769,calibration,5589,9578
12778,calibration,5589,9587
12785,calibration,12785,9593
12797,calibration,12797,9600
12821,calibration,3826,9619
12822,calibration,3826,9620
12823,calibration,3826,9621
12824,calibration,3826,9622
12878,calibration,12301,9660
12889,calibration,12889,9670
12911,calibration,12911,9692
12912,calibration,12912,9693
12926,calibration,12926,9707
12927,calibration,12926,9708
12935,calibration,12935,9716
12942,calibration,7327,9723
12948,calibration,12948,9725
12953,calibration,3027,9730
12954,calibration,5589,9731
12957,calibration,3027,9734
12966,calibration,3027,9742
12967,calibration,3027,9743
12968,calibration,3027,9744
12986,calibration,2205,9757
12995,calibration,12995,9761
13043,calibration,13043,9791
13049,calibration,2386,9796
13050,calibration,13050,9797
13060,calibration,7216,9805
13086,calibration,13081,9816
13093,calibration,13093,9818
13111,calibration,13111,9833
13142,calibration,3064,9848
13144,calibration,3064,9850
13147,calibration,3064,9853
13148,calibration,3064,9854
13150,calibration,3064,9856
13152,calibration,3064,9858
13153,calibration,3064,9859
13154,calibration,3064,9860
13155,calibration,3064,9861
13164,calibration,13164,9870
13169,calibration,13169,9875
13180,calibration,13180,9882
13184,calibration,3064,9883
13185,calibration,3064,9884
13191,calibration,13191,9886
13196,calibration,13196,9890
13200,calibration,13200,9893
13201,calibration,13200,9894
13220,calibration,13220,9910
13223,calibration,1916,9913
13235,calibration,3387,9924
13252,calibration,9162,9940
13253,calibration,9162,9941
13284,calibration,13284,9946
13286,calibration,12,9948
13293,calibration,1832,9953
13295,calibration,12,9955
13299,calibration,2964,9959
13306,calibration,13306,9964
13309,calibration,13309,9967
13311,calibration,13306,9969
13313,calibration,13313,9971
13314,calibration,13313,9972
13324,calibration,13324,9975
13343,calibration,13343,9992
13362,calibration,7488,10009
13372,calibration,13372,10018
13384,calibration,13384,10026
13393,calibration,13384,10032
13396,calibration,13396,10033
13399,calibration,12797,10035
13403,calibration,13403,10036
13404,calibration,13404,10037
13440,calibration,7970,10045
13451,calibration,13451,10054
13485,calibration,5936,10084
13496,calibration,3041,10089
13497,calibration,3041,10090
13505,calibration,3041,10095
13507,calibration,3041,10096
13516,calibration,13516,10101
13522,calibration,13522,10102
13534,calibration,7624,10106
13546,calibration,13546,10111
13550,calibration,13522,10113
13559,calibration,13559,10119
13561,calibration,13559,10121
13578,calibration,13559,10137
13580,calibration,13580,10138
13609,calibration,13609,10153
13613,calibration,13613,10156
13619,calibration,13619,10160
13630,calibration,13630,10171
13633,calibration,13630,10174
13634,calibration,13630,10175
13670,calibration,10181,10194
13680,calibration,13680,10204
13694,calibration,13694,10217
13696,calibration,13696,10218
13708,calibration,13708,10228
13712,calibration,13712,10230
13720,calibration,13200,10237
13751,calibration,13751,10253
13758,calibration,13758,10260
13771,calibration,13771,10271
13772,calibration,13772,10272
13775,calibration,13772,10275
13783,calibration,7376,10281
13801,calibration,13801,10290
13809,calibration,13809,10297
13821,calibration,13821,10307
13835,calibration,13835,10319
13845,calibration,13694,10325
13875,calibration,13875,10341
13911,calibration,13911,10371
13912,calibration,13912,10372
13913,calibration,13912,10373
13919,calibration,13919,10379
13923,calibration,13923,10382
13924,calibration,4621,10383
13925,calibration,4621,10384
13945,calibration,13945,10401
13955,calibration,13955,10411
13959,calibration,4621,10414
13960,calibration,13960,10415
13966,calibration,12588,10419
13976,calibration,13976,10428
13989,calibration,13976,10440
14000,calibration,14000,10451
14017,calibration,14017,10464
14035,calibration,14035,10469
14038,calibration,14038,10472
14079,calibration,12995,10501
14083,calibration,14083,10505
14084,calibration,14084,10506
14085,calibration,14085,10507
14086,calibration,14084,10508
14093,calibration,14093,10515
14094,calibration,14094,10516
14115,calibration,14115,10535
14126,calibration,3064,10544
14133,calibration,14133,10549
14153,calibration,14153,10567
14158,calibration,13712,10572
14159,calibration,14159,10573
14160,calibration,14160,10574
14171,calibration,182,10582
14180,calibration,14180,10588
14188,calibration,14188,10593
14189,calibration,13093,10594
14195,calibration,13522,10600
14219,calibration,14219,10611
14227,calibration,14227,10618
14260,calibration,14260,10643
14261,calibration,14260,10644
14269,calibration,14269,10652
14270,calibration,14270,10653
14290,calibration,14290,10668
14312,calibration,11175,10682
14313,calibration,14313,10683
14327,calibration,14327,10695
14335,calibration,14335,10700
14336,calibration,14336,10701
14338,calibration,14338,10703
14340,calibration,14338,10705
14341,calibration,14338,10706
14342,calibration,14338,10707
14344,calibration,14344,10709
14405,calibration,14336,10753
14408,calibration,14336,10756
14432,calibration,14432,10776
14442,calibration,12559,10781
14447,calibration,3000,10783
14468,calibration,3000,10801
14471,calibration,1517,10804
14473,calibration,3000,10806
14524,calibration,14524,10823
14525,calibration,1517,10824
14528,calibration,3000,10827
14529,calibration,14524,10828
14555,calibration,14555,10846
14557,calibration,14557,10847
14558,calibration,14557,10848
14559,calibration,14557,10849
14560,calibration,14557,10850
14562,calibration,14557,10852
14563,calibration,14557,10853
14564,calibration,14564,10854
14566,calibration,14566,10855
14567,calibration,14567,10856
14576,calibration,14576,10865
14585,calibration,14585,10870
14591,calibration,14591,10875
14592,calibration,14591,10876
14605,calibration,14605,10886
14606,calibration,14605,10887
14625,calibration,6498,10896
14635,calibration,14635,10903
14641,calibration,14641,10906
14649,calibration,14649,10913
14698,calibration,14698,10946
14763,calibration,14763,10983
14811,calibration,9183,11010
14836,calibration,14836,11025
14894,calibration,14894,11053
14927,calibration,14927,11073
14959,calibration,14959,11104
14961,calibration,14961,11106
14977,calibration,14977,11120
15003,calibration,15003,11129
15004,calibration,14977,11130
15012,calibration,11175,11138
15013,calibration,11175,11139
15014,calibration,11175,11140
15025,calibration,15025,11151
15032,calibration,15032,11157
15040,calibration,15040,11164
15046,calibration,5600,11169
15053,calibration,15053,11173
15055,calibration,5600,11174
15058,calibration,15058,11176
15065,calibration,5600,11181
15076,calibration,15076,11190
15083,calibration,13912,11195
15087,calibration,5600,11199
15113,calibration,15113,11214
15125,calibration,447,11218
15130,calibration,4819,11221
15139,calibration,15139,11230
15145,calibration,4771,11236
15192,calibration,4819,11271
15198,calibration,15198,11277
15200,calibration,2386,11279
15209,calibration,2883,11287
15210,calibration,15210,11288
15211,calibration,15211,11289
15215,calibration,2883,11292
15221,calibration,15221,11295
15223,calibration,15223,11297
15239,calibration,15239,11308
15243,calibration,854,11312
15248,calibration,15248,11316
15250,calibration,15250,11318
15271,calibration,5936,11334
15278,calibration,2316,11338
15279,calibration,15279,11339
15283,calibration,15221,11343
15293,calibration,5523,11349
15294,calibration,5523,11350
15295,calibration,5523,11351
15296,calibration,5523,11352
15299,calibration,6552,11355
15300,calibration,6552,11356
15301,calibration,7968,11357
15306,calibration,5140,11362
15319,calibration,15319,11374
15327,calibration,15327,11379
15345,calibration,15345,11393
15346,calibration,15346,11394
15347,calibration,15347,11395
15348,calibration,3027,11396
15357,calibration,142,11402
15362,calibration,14524,11405
15367,calibration,15367,11410
15369,calibration,15369,11412
15372,calibration,2532,11415
15376,calibration,15376,11417
15400,calibration,218,11438
15401,calibration,15401,11439
15439,calibration,15439,11472
15440,calibration,15439,11473
15441,calibration,15439,11474
15449,calibration,15449,11480
15453,calibration,6970,11484
15455,calibration,15455,11486
15459,calibration,15459,11490
15460,calibration,15459,11491
15477,calibration,6315,11502
15478,calibration,6315,11503
15489,calibration,1916,11510
15494,calibration,15494,11515
15495,calibration,15495,11516
15496,calibration,6595,11517
15497,calibration,182,11518
15507,calibration,15507,11527
15510,calibration,2275,11530
15537,calibration,15537,11554
15546,calibration,15546,11560
15549,calibration,14133,11563
15550,calibration,14133,11564
15559,calibration,14133,11573
15560,calibration,14133,11574
15561,calibration,15561,11575
15568,calibration,166,11582
15572,calibration,15572,11586
15574,calibration,15572,11588
15578,calibration,15572,11592
15584,calibration,15584,11598
15618,calibration,15618,11632
15621,calibration,7816,11635
15622,calibration,7816,11636
15624,calibration,15624,11637
15650,calibration,15650,11656
15652,calibration,15652,11657
15653,calibration,15652,11658
15685,calibration,15685,11673
15688,calibration,166,11676
15695,calibration,2532,11681
15696,calibration,2532,11682
15698,calibration,2532,11684
15712,calibration,15712,11698
15713,calibration,15712,11699
15730,calibration,15652,11711
15749,calibration,15749,11718
15761,calibration,15761,11723
15764,calibration,15764,11724
15769,calibration,15769,11729
15770,calibration,15769,11730
15771,calibration,15769,11731
15773,calibration,15773,11733
15774,calibration,15773,11734
15775,calibration,15773,11735
15776,calibration,15773,11736
15847,calibration,15546,11773
15848,calibration,15546,11774
15849,calibration,15849,11775
15851,calibration,9517,11777
15852,calibration,15852,11778
15859,calibration,15859,11784
15862,calibration,9435,11785
15872,calibration,9435,11794
15897,calibration,9435,11810
15900,calibration,15900,11813
15905,calibration,3395,11818
15910,calibration,3395,11823
15919,calibration,12260,11830
15920,calibration,12260,11831
15922,calibration,15922,11833
15937,calibration,12260,11848
15947,calibration,10249,11856
15951,calibration,13546,11857
15952,calibration,13546,11858
15968,calibration,13546,11862
15988,calibration,7940,11871
16015,calibration,3064,11874
16027,calibration,16027,11881
16028,calibration,16028,11882
16029,calibration,16028,11883
16033,calibration,14635,11885
16043,calibration,16043,11895
16048,calibration,4148,11898
16049,calibration,12450,11899
16050,calibration,16050,11900
16059,calibration,16059,11901
16070,calibration,16070,11902
16073,calibration,13200,11903
16078,calibration,659,11908
16083,calibration,16083,11911
16084,calibration,2386,11912
16085,calibration,16085,11913
16121,calibration,16121,11934
16130,calibration,7589,11943
16135,calibration,16121,11946
16138,calibration,182,11949
16141,calibration,16141,11951
16152,calibration,16152,11959
16154,calibration,16152,11961
16159,calibration,3963,11964
16178,calibration,16178,11978
16185,calibration,3064,11983
16191,calibration,3064,11987
16196,calibration,16196,11990
16198,calibration,3064,11992
16204,calibration,3064,11993
16205,calibration,3064,11994
16211,calibration,6143,11997
16217,calibration,13696,12002
16251,calibration,16251,12026
16266,calibration,16266,12035
16280,calibration,13403,12046
16286,calibration,16286,12050
16298,calibration,664,12056
16318,calibration,16318,12067
16319,calibration,16319,12068
16321,calibration,562,12070
16323,calibration,10181,12071
16324,calibration,10181,12072
16332,calibration,2018,12077
16333,calibration,16333,12078
16346,calibration,16346,12088
16373,calibration,16373,12093
16374,calibration,16373,12094
16375,calibration,16373,12095
16397,calibration,16397,12106
16400,calibration,142,12108
16405,calibration,16405,12112
16408,calibration,16408,12115
16411,calibration,1037,12118
16421,calibration,2025,12128
16424,calibration,16424,12131
16428,calibration,5727,12134
16430,calibration,125,12135
16431,calibration,16431,12136
16439,calibration,4621,12142
16447,calibration,5659,12150
16452,calibration,6367,12154
16453,calibration,6404,12155
16465,calibration,16405,12166
16473,calibration,16473,12172
16482,calibration,16482,12180
16489,calibration,3140,12184
16493,calibration,9435,12188
3,test,3,2
8,test,8,5
9,test,9,6
21,test,21,17
22,test,22,18
24,test,22,20
41,test,41,36
42,test,42,37
44,test,44,39
48,test,48,43
57,test,57,52
58,test,58,53
75,test,75,69
78,test,78,71
81,test,81,74
83,test,83,76
91,test,91,82
97,test,97,88
101,test,101,91
105,test,105,94
108,test,108,95
116,test,116,100
119,test,119,102
123,test,123,105
127,test,127,108
129,test,129,110
134,test,134,113
139,test,139,116
149,test,149,123
151,test,151,125
153,test,153,127
165,test,78,135
173,test,173,139
184,test,184,144
201,test,201,151
203,test,203,153
213,test,213,160
215,test,215,161
222,test,222,166
233,test,233,174
236,test,236,176
237,test,151,177
240,test,240,178
248,test,248,183
250,test,248,185
260,test,260,192
262,test,262,194
264,test,264,196
271,test,271,202
294,test,139,216
306,test,306,223
310,test,310,225
323,test,323,231
324,test,324,232
334,test,334,238
344,test,344,245
374,test,374,263
378,test,378,266
381,test,381,269
391,test,391,275
395,test,395,279
401,test,401,284
424,test,134,302
425,test,134,303
428,test,428,306
431,test,306,307
438,test,438,313
448,test,448,318
451,test,451,321
461,test,461,326
480,test,480,341
481,test,480,342
482,test,482,343
488,test,488,347
493,test,493,350
496,test,496,352
497,test,493,353
501,test,501,357
509,test,509,361
527,test,395,375
531,test,531,379
567,test,567,396
601,test,601,417
607,test,607,421
608,test,608,422
620,test,620,432
622,test,622,434
625,test,625,437
645,test,645,447
655,test,655,454
668,test,668,460
674,test,674,465
677,test,677,467
683,test,683,473
699,test,699,481
704,test,704,485
706,test,608,487
727,test,727,500
738,test,738,505
740,test,740,506
743,test,743,507
761,test,761,520
790,test,790,541
802,test,802,552
805,test,738,555
810,test,810,559
812,test,812,561
820,test,790,568
827,test,827,572
835,test,835,580
843,test,843,587
871,test,871,609
877,test,877,614
879,test,879,615
899,test,899,633
901,test,901,634
906,test,906,639
911,test,911,643
921,test,921,650
941,test,941,668
946,test,946,671
950,test,950,675
956,test,956,680
957,test,957,681
959,test,957,683
961,test,961,685
968,test,968,691
969,test,969,692
972,test,3,695
988,test,988,710
993,test,993,714
997,test,997,716
1009,test,1009,725
1012,test,1012,728
1023,test,1023,737
1025,test,1025,739
1026,test,1026,740
1028,test,1028,742
1029,test,1029,743
1030,test,1030,744
1032,test,1032,746
1038,test,1038,752
1051,test,1051,764
1061,test,1061,772
1067,test,1067,778
1071,test,1071,782
1088,test,1088,799
1092,test,1092,803
1102,test,1102,812
1109,test,1109,818
1110,test,1110,819
1120,test,1120,828
1126,test,1126,834
1128,test,1128,836
1130,test,3,838
1131,test,1131,839
1134,test,1134,842
1147,test,1147,851
1154,test,22,857
1161,test,1161,862
1174,test,1174,870
1176,test,1176,872
1187,test,1187,879
1192,test,1192,883
1193,test,1193,884
1214,test,1214,894
1219,test,1088,898
1221,test,139,900
1222,test,1222,901
1224,test,1224,902
1229,test,1229,906
1243,test,1243,915
1247,test,1032,919
1248,test,1248,920
1253,test,1253,925
1257,test,1257,929
1260,test,1260,932
1262,test,1262,934
1263,test,1263,935
1274,test,738,944
1275,test,1275,945
1286,test,1286,955
1287,test,1287,956
1293,test,1293,960
1297,test,1297,963
1298,test,1297,964
1303,test,1303,969
1304,test,1304,970
1307,test,1307,973
1310,test,1310,976
1311,test,1311,977
1316,test,1316,982
1317,test,1316,983
1324,test,1324,990
1340,test,1340,1005
1342,test,1342,1007
1344,test,1344,1009
1349,test,1349,1014
1366,test,1366,1028
1371,test,1297,1033
1378,test,1378,1038
1381,test,1381,1041
1382,test,1382,1042
1387,test,1387,1046
1396,test,1396,1055
1403,test,1403,1061
1408,test,22,1066
1415,test,134,1071
1417,test,790,1073
1418,test,1418,1074
1423,test,1423,1078
1428,test,810,1083
1441,test,1441,1096
1462,test,1462,1117
1464,test,1464,1119
1466,test,1466,1120
1468,test,1468,1122
1469,test,1469,1123
1472,test,1472,1126
1490,test,1490,1142
1496,test,1297,1147
1502,test,1502,1153
1506,test,1506,1156
1513,test,1513,1160
1514,test,1514,1161
1526,test,1526,1168
1530,test,1530,1172
1532,test,1466,1174
1542,test,1109,1181
1543,test,1109,1182
1544,test,1109,1183
1551,test,620,1190
1553,test,1553,1192
1555,test,480,1194
1590,test,738,1220
1617,test,957,1243
1631,test,1631,1252
1638,test,1638,1257
1639,test,108,1258
1645,test,1645,1263
1654,test,1654,1270
1658,test,1658,1273
1678,test,1678,1292
1680,test,1680,1293
1691,test,1691,1304
1692,test,1692,1305
1706,test,1706,1316
1716,test,1716,1325
1725,test,105,1334
1731,test,1731,1340
1740,test,1740,1347
1742,test,1742,1349
1752,test,1752,1358
1753,test,1134,1359
1754,test,1754,1360
1755,test,1755,1361
1774,test,1774,1378
1775,test,1775,1379
1778,test,1778,1381
1784,test,1784,1387
1786,test,1786,1389
1787,test,1786,1390
1791,test,1791,1394
1795,test,1795,1398
1801,test,105,1404
1809,test,1809,1410
1811,test,1811,1412
1815,test,1815,1416
1833,test,1833,1431
1836,test,1836,1434
1837,test,1837,1435
1840,test,1840,1438
1841,test,1841,1439
1848,test,1791,1445
1849,test,1849,1446
1850,test,1849,1447
1851,test,1849,1448
1854,test,1854,1451
1865,test,1786,1459
1871,test,1871,1465
1874,test,1874,1468
1878,test,1878,1472
1886,test,1886,1478
1890,test,1890,1481
1894,test,1894,1484
1896,test,1849,1486
1897,test,1897,1487
1912,test,1912,1499
1913,test,1913,1500
1917,test,1917,1504
1939,test,1939,1520
1956,test,482,1535
1961,test,1961,1540
1968,test,323,1547
1975,test,1975,1552
1993,test,1993,1566
1998,test,1998,1571
2002,test,2002,1574
2006,test,2006,1575
2008,test,2008,1577
2012,test,2012,1581
2014,test,2014,1583
2020,test,2020,1589
2027,test,2027,1595
2028,test,2028,1596
2029,test,2029,1597
2033,test,2027,1600
2034,test,2028,1601
2035,test,2029,1602
2036,test,2027,1603
2037,test,2028,1604
2038,test,2029,1605
2075,test,2075,1628
2082,test,2082,1634
2085,test,2085,1637
2092,test,2092,1642
2094,test,2092,1644
2096,test,2092,1646
2099,test,2099,1647
2107,test,2107,1653
2113,test,2113,1657
2114,test,2114,1658
2122,test,2122,1663
2125,test,2125,1664
2128,test,2125,1667
2135,test,2125,1671
2142,test,738,1677
2143,test,738,1678
2144,test,1088,1679
2146,test,2146,1681
2148,test,2148,1683
2157,test,2157,1691
2158,test,2158,1692
2160,test,2082,1694
2161,test,2161,1695
2165,test,2161,1699
2170,test,2170,1704
2185,test,2185,1714
2187,test,395,1715
2188,test,2188,1716
2189,test,2189,1717
2190,test,2161,1718
2195,test,2195,1721
2197,test,2197,1723
2199,test,2199,1725
2201,test,2201,1727
2204,test,2204,1728
2210,test,2210,1734
2223,test,2223,1746
2239,test,2239,1759
2247,test,1378,1767
2248,test,2248,1768
2251,test,2251,1771
2257,test,1387,1777
2258,test,1387,1778
2259,test,2259,1779
2265,test,2265,1785
2266,test,2266,1786
2271,test,2271,1790
2277,test,1387,1795
2280,test,2280,1798
2283,test,2283,1801
2287,test,2287,1802
2288,test,2288,1803
2293,test,2293,1807
2297,test,2297,1811
2301,test,2301,1814
2302,test,2302,1815
2303,test,2303,1816
2315,test,2315,1826
2317,test,2317,1828
2328,test,2328,1834
2332,test,2332,1838
2333,test,2332,1839
2334,test,2334,1840
2345,test,2345,1850
2346,test,2259,1851
2347,test,2092,1852
2348,test,151,1853
2349,test,2349,1854
2360,test,2360,1863
2380,test,2380,1879
2390,test,2390,1885
2396,test,2396,1890
2403,test,2403,1894
2409,test,2409,1898
2424,test,790,1911
2428,test,151,1915
2429,test,151,1916
2435,test,2435,1922
2436,test,2396,1923
2437,test,2437,1924
2441,test,2441,1927
2444,test,2334,1930
2445,test,2334,1931
2454,test,2454,1940
2455,test,151,1941
2457,test,2457,1943
2464,test,2464,1950
2471,test,2471,1957
2473,test,2473,1959
2476,test,151,1961
2483,test,790,1965
2486,test,738,1968
2488,test,2488,1970
2496,test,2496,1978
2506,test,2506,1987
2515,test,2515,1993
2518,test,2518,1995
2520,test,2435,1997
2527,test,2527,2002
2536,test,2536,2009
2541,test,2541,2013
2543,test,2543,2014
2563,test,2563,2031
2567,test,2092,2035
2570,test,2570,2037
2581,test,2581,2043
2592,test,1340,2052
2595,test,2595,2055
2607,test,2082,2065
2614,test,2614,2070
2623,test,2623,2077
2630,test,2630,2081
2663,test,790,2103
2664,test,790,2104
2668,test,22,2108
2694,test,2694,2127
2695,test,2695,2128
2696,test,2696,2129
2697,test,2697,2130
2702,test,2702,2134
2703,test,2703,2135
2713,test,2713,2142
2717,test,2717,2146
2719,test,2719,2147
2732,test,2732,2158
2740,test,790,2161
2743,test,790,2164
2744,test,790,2165
2746,test,790,2167
2747,test,790,2168
2748,test,790,2169
2751,test,790,2170
2752,test,790,2171
2754,test,2754,2173
2762,test,2762,2181
2769,test,2769,2186
2776,test,2776,2193
2780,test,2780,2197
2786,test,2786,2201
2792,test,2792,2207
2795,test,2795,2210
2796,test,2795,2211
2804,test,2804,2217
2805,test,2804,2218
2822,test,790,2223
2823,test,790,2224
2824,test,790,2225
2826,test,790,2227
2827,test,2827,2228
2828,test,2828,2229
2833,test,2833,2233
2857,test,2857,2251
2863,test,2863,2257
2869,test,2869,2262
2871,test,2871,2264
2879,test,323,2269
2880,test,2880,2270
2881,test,323,2271
2882,test,2882,2272
2900,test,2900,2286
2915,test,790,2299
2934,test,2934,2317
2952,test,2161,2334
2953,test,2161,2335
2954,test,2954,2336
2963,test,2963,2344
2966,test,2963,2347
2981,test,957,2358
2983,test,2983,2359
2987,test,2987,2360
2988,test,2075,2361
2994,test,2994,2366
3005,test,3005,2374
3008,test,3008,2377
3010,test,3010,2379
3012,test,1303,2380
3022,test,3022,2388
3025,test,3025,2390
3026,test,3022,2391
3028,test,3028,2393
3050,test,1366,2413
3053,test,2266,2415
3054,test,2266,2416
3056,test,3056,2418
3060,test,3060,2421
3062,test,1286,2423
3067,test,2092,2428
3093,test,738,2451
3096,test,3096,2453
3097,test,3097,2454
3109,test,3109,2466
3125,test,3125,2481
3130,test,3130,2486
3138,test,3138,2492
3139,test,3139,2493
3151,test,3151,2500
3152,test,3151,2501
3153,test,3151,2502
3176,test,3176,2519
3177,test,3177,2520
3191,test,3191,2533
3194,test,134,2536
3199,test,3199,2540
3218,test,3218,2559
3224,test,3224,2561
3229,test,3229,2564
3234,test,3234,2569
3235,test,1466,2570
3236,test,108,2571
3237,test,108,2572
3251,test,2157,2584
3255,test,3255,2588
3257,test,3257,2589
3259,test,3259,2591
3264,test,3264,2596
3268,test,3268,2600
3271,test,2027,2602
3281,test,1134,2611
3284,test,3284,2613
3290,test,22,2616
3294,test,1109,2617
3319,test,3319,2639
3321,test,3321,2640
3325,test,3325,2644
3326,test,3325,2645
3335,test,3335,2654
3336,test,3335,2655
3346,test,3325,2665
3358,test,3325,2672
3361,test,3361,2675
3362,test,3362,2676
3369,test,3369,2681
3375,test,1366,2684
3377,test,3377,2686
3382,test,3382,2690
3384,test,3384,2692
3386,test,3386,2694
3388,test,3384,2696
3389,test,3389,2697
3393,test,3393,2700
3414,test,3414,2718
3417,test,3417,2721
3434,test,3434,2735
3435,test,3435,2736
3446,test,3446,2746
3454,test,3454,2754
3462,test,3462,2761
3464,test,3464,2763
3465,test,3464,2764
3477,test,3477,2776
3482,test,674,2781
3497,test,3497,2793
3499,test,2332,2795
3502,test,2332,2798
3512,test,3512,2807
3513,test,3513,2808
3515,test,2332,2810
3517,test,2332,2812
3519,test,3519,2814
3522,test,3522,2817
3527,test,3527,2820
3529,test,1366,2822
3537,test,3389,2829
3541,test,3384,2832
3555,test,2694,2844
3580,test,3580,2866
3586,test,3586,2870
3590,test,3590,2871
3591,test,3591,2872
3593,test,3593,2874
3597,test,149,2878
3599,test,2454,2880
3603,test,108,2882
3607,test,3607,2886
3612,test,3612,2890
3618,test,3618,2894
3629,test,3629,2902
3641,test,3641,2910
3642,test,3642,2911
3644,test,3644,2913
3663,test,3663,2925
3664,test,3664,2926
3668,test,3668,2930
3671,test,248,2933
3672,test,1126,2934
3677,test,3677,2939
3678,test,3678,2940
3696,test,3696,2953
3698,test,3698,2955
3709,test,3709,2962
3711,test,3711,2964
3713,test,3713,2966
3724,test,3724,2975
3725,test,3725,2976
3727,test,3727,2978
3732,test,3732,2982
3737,test,3737,2986
3738,test,3738,2987
3739,test,3739,2988
3741,test,3725,2990
3744,test,3744,2993
3763,test,3763,3010
3777,test,3777,3021
3782,test,3782,3026
3787,test,3787,3030
3789,test,3789,3032
3791,test,1174,3034
3793,test,3793,3036
3805,test,3805,3047
3820,test,2527,3058
3822,test,3822,3060
3830,test,3830,3067
3831,test,3831,3068
3842,test,3325,3078
3844,test,3325,3080
3845,test,3325,3081
3847,test,3847,3083
3848,test,3847,3084
3849,test,3849,3085
3850,test,3325,3086
3851,test,3325,3087
3852,test,2332,3088
3856,test,608,3091
3857,test,3857,3092
3862,test,3325,3097
3863,test,3325,3098
3864,test,3325,3099
3865,test,3325,3100
3866,test,3325,3101
3867,test,3325,3102
3868,test,3325,3103
3873,test,3325,3107
3878,test,3325,3111
3885,test,3325,3116
3886,test,3325,3117
3892,test,3892,3121
3895,test,3325,3124
3896,test,3896,3125
3901,test,3901,3130
3905,test,2437,3134
3909,test,3909,3138
3912,test,3912,3141
3926,test,3926,3154
3938,test,1161,3165
3949,test,3949,3176
3956,test,3956,3183
3959,test,3959,3186
3966,test,22,3192
3979,test,3979,3203
3981,test,3981,3205
3984,test,3984,3208
3987,test,3987,3210
3997,test,3997,3218
4002,test,1174,3220
4005,test,4005,3223
4017,test,4017,3233
4019,test,2092,3235
4020,test,2092,3236
4023,test,2092,3238
4036,test,2435,3251
4045,test,4045,3257
4053,test,2265,3263
4054,test,4054,3264
4059,test,1961,3269
4060,test,4060,3270
4061,test,4061,3271
4072,test,4072,3279
4076,test,4076,3283
4080,test,738,3285
4081,test,3711,3286
4084,test,4084,3287
4111,test,4111,3311
4112,test,4112,3312
4113,test,704,3313
4125,test,4125,3323
4128,test,4128,3326
4133,test,4133,3330
4139,test,4139,3336
4140,test,4140,3337
4152,test,4152,3349
4161,test,4161,3356
4163,test,4163,3357
4172,test,4172,3363
4175,test,4175,3366
4176,test,3224,3367
4177,test,3224,3368
4178,test,3224,3369
4179,test,3224,3370
4180,test,3224,3371
4181,test,3224,3372
4186,test,4186,3374
4188,test,4186,3376
4190,test,4186,3378
4191,test,4191,3379
4192,test,4191,3380
4193,test,4191,3381
4194,test,4186,3382
4196,test,310,3384
4203,test,4186,3390
4206,test,4206,3393
4208,test,4208,3395
4218,test,4218,3404
4219,test,4218,3405
4220,test,4220,3406
4226,test,4226,3412
4230,test,2437,3415
4238,test,4238,3423
4241,test,4241,3426
4242,test,4242,3427
4259,test,4259,3438
4265,test,4265,3444
4266,test,4265,3445
4267,test,3590,3446
4268,test,3590,3447
4269,test,3590,3448
4291,test,4291,3462
4295,test,4295,3466
4296,test,4296,3467
4297,test,4297,3468
4300,test,4300,3471
4301,test,4005,3472
4303,test,4005,3474
4304,test,4005,3475
4305,test,4005,3476
4307,test,4005,3478
4310,test,4005,3481
4315,test,4315,3486
4316,test,4315,3487
4332,test,4332,3497
4336,test,4336,3501
4337,test,4336,3502
4343,test,1161,3504
4367,test,4367,3517
4404,test,4404,3530
4410,test,4336,3536
4413,test,4413,3538
4414,test,4414,3539
4422,test,4422,3544
4423,test,4422,3545
4424,test,3590,3546
4429,test,4429,3551
4431,test,4404,3553
4432,test,4404,3554
4441,test,4441,3561
4446,test,3056,3566
4459,test,4459,3576
4461,test,4461,3578
4463,test,4413,3579
4465,test,4465,3581
4466,test,4466,3582
4473,test,4413,3589
4477,test,4477,3592
4481,test,4481,3596
4499,test,4499,3605
4501,test,4501,3606
4508,test,4508,3612
4518,test,738,3621
4523,test,4523,3625
4530,test,4530,3630
4531,test,4531,3631
4533,test,4533,3633
4537,test,4537,3636
4563,test,4563,3658
4564,test,4005,3659
4570,test,323,3663
4573,test,645,3666
4575,test,4072,3667
4586,test,4586,3677
4592,test,3590,3680
4593,test,4593,3681
4608,test,4608,3692
4610,test,4610,3693
4619,test,4619,3702
4622,test,4622,3705
4623,test,4623,3706
4626,test,4626,3709
4634,test,4634,3711
4635,test,4315,3712
4637,test,4637,3713
4641,test,3793,3716
4664,test,4664,3739
4688,test,4688,3760
4697,test,4697,3766
4723,test,4112,3790
4724,test,4724,3791
4725,test,4112,3792
4726,test,4112,3793
4728,test,1174,3795
4731,test,4731,3798
4734,test,4724,3800
4738,test,4738,3804
4744,test,4744,3810
4747,test,4112,3813
4765,test,4765,3827
4784,test,4784,3841
4843,test,4843,3888
4844,test,4844,3889
4849,test,4849,3893
4851,test,4849,3895
4853,test,395,3897
4862,test,4218,3904
4864,test,4218,3906
4865,test,4226,3907
4866,test,4226,3908
4867,test,4218,3909
4868,test,4218,3910
4869,test,4218,3911
4878,test,4724,3920
4880,test,4880,3922
4889,test,4889,3930
4890,test,4889,3931
4891,test,4336,3932
4892,test,4336,3933
4893,test,4893,3934
4897,test,4897,3938
4903,test,4903,3944
4904,test,4904,3945
4911,test,4911,3951
4919,test,1147,3959
4934,test,3025,3968
4946,test,2075,3976
4955,test,4955,3982
4959,test,2075,3983
4962,test,4962,3985
4964,test,4964,3987
4966,test,1126,3989
4973,test,1418,3994
4978,test,4978,3999
4995,test,4995,4011
5003,test,5003,4018
5017,test,5017,4032
5041,test,5041,4051
5045,test,5045,4054
5048,test,5048,4057
5051,test,5051,4059
5060,test,5060,4068
5066,test,2695,4072
5070,test,2695,4076
5071,test,2694,4077
5072,test,2694,4078
5075,test,5075,4080
5085,test,5085,4089
5095,test,3097,4096
5099,test,139,4098
5101,test,248,4100
5137,test,5137,4135
5138,test,5138,4136
5139,test,5138,4137
5141,test,5141,4139
5157,test,5157,4147
5159,test,5159,4149
5162,test,461,4152
5183,test,5183,4170
5184,test,5184,4171
5189,test,5189,4176
5193,test,5189,4180
5194,test,5189,4181
5201,test,5201,4188
5209,test,5209,4196
5230,test,5230,4216
5234,test,5230,4218
5236,test,5189,4220
5266,test,5266,4241
5270,test,5270,4245
5276,test,5276,4251
5278,test,3386,4253
5302,test,5302,4274
5306,test,5306,4278
5309,test,5309,4281
5315,test,139,4282
5316,test,5316,4283
5325,test,139,4289
5342,test,5342,4293
5343,test,5342,4294
5358,test,5358,4309
5360,test,5358,4311
5361,test,5358,4312
5385,test,5385,4333
5415,test,5415,4357
5416,test,5415,4358
5419,test,5419,4361
5420,test,5420,4362
5430,test,5430,4372
5458,test,5458,4397
5460,test,5458,4398
5461,test,5458,4399
5462,test,5458,4400
5464,test,5464,4402
5467,test,139,4404
5468,test,1706,4405
5475,test,5342,4410
5482,test,5482,4414
5488,test,5488,4420
5489,test,5488,4421
5497,test,2315,4429
5512,test,5512,4440
5527,test,738,4451
5530,test,5530,4454
5531,test,5531,4455
5537,test,5537,4459
5538,test,5537,4460
5540,test,738,4462
5551,test,5551,4472
5552,test,3591,4473
5555,test,5555,4476
5562,test,5562,4481
5569,test,5569,4488
5573,test,5573,4492
5575,test,5575,4494
5578,test,5578,4497
5584,test,5584,4500
5588,test,5588,4503
5605,test,5605,4517
5608,test,5608,4520
5612,test,1530,4523
5614,test,2302,4525
5615,test,3590,4526
5616,test,4265,4527
5619,test,5619,4530
5621,test,5619,4531
5622,test,5622,4532
5623,test,5622,4533
5624,test,5624,4534
5625,test,5624,4535
5626,test,5622,4536
5628,test,5624,4538
5629,test,5624,4539
5630,test,2697,4540
5635,test,5619,4544
5636,test,5636,4545
5658,test,5658,4563
5660,test,5658,4565
5661,test,5658,4566
5662,test,5658,4567
5663,test,5658,4568
5674,test,5674,4578
5678,test,5678,4581
5679,test,5678,4582
5683,test,5678,4586
5684,test,5678,4587
5688,test,5678,4591
5694,test,5678,4597
5707,test,5707,4608
5718,test,5718,4619
5719,test,5719,4620
5720,test,5719,4621
5732,test,5732,4633
5734,test,5734,4634
5743,test,5743,4643
5747,test,5747,4647
5752,test,5752,4650
5764,test,5764,4660
5773,test,5773,4667
5813,test,2328,4694
5814,test,1462,4695
5816,test,5816,4697
5824,test,5824,4704
5828,test,5828,4708
5843,test,5843,4722
5844,test,5843,4723
5845,test,5622,4724
5846,test,5270,4725
5860,test,5860,4737
5863,test,5860,4740
5867,test,5867,4743
5915,test,5915,4785
5918,test,5918,4787
5919,test,5918,4788
5925,test,5925,4793
5927,test,2570,4795
5933,test,5933,4800
5934,test,5933,4801
5935,test,5933,4802
5955,test,2014,4814
5960,test,3005,4817
5962,test,5962,4818
5965,test,5965,4821
5986,test,5986,4827
5990,test,2694,4829
6004,test,482,4839
6011,test,6011,4844
6016,test,5747,4849
6017,test,5747,4850
6048,test,323,4877
6052,test,6052,4880
6056,test,6056,4884
6057,test,4413,4885
6062,test,6062,4890
6072,test,6072,4897
6073,test,6073,4898
6085,test,6085,4909
6086,test,6085,4910
6087,test,6085,4911
6088,test,6085,4912
6091,test,6085,4915
6093,test,6093,4917
6094,test,6085,4918
6113,test,6113,4936
6128,test,6128,4947
6129,test,6128,4948
6132,test,6132,4951
6141,test,6141,4960
6145,test,6145,4963
6151,test,6151,4969
6173,test,2527,4986
6174,test,2527,4987
6175,test,2527,4988
6176,test,2527,4989
6177,test,2527,4990
6182,test,622,4994
6204,test,6204,5006
6239,test,6239,5037
6241,test,6239,5039
6242,test,6239,5040
6254,test,6239,5050
6261,test,4297,5055
6264,test,6264,5058
6266,test,6266,5060
6267,test,6267,5061
6269,test,6266,5063
6271,test,6271,5064
6272,test,6271,5065
6273,test,6271,5066
6275,test,6275,5068
6277,test,6277,5070
6284,test,5658,5077
6302,test,1530,5088
6312,test,6312,5096
6313,test,6312,5097
6320,test,6320,5103
6329,test,6329,5110
6357,test,6357,5135
6379,test,2332,5156
6394,test,6394,5171
6395,test,6395,5172
6415,test,6395,5192
6439,test,6439,5216
6440,test,6394,5217
6465,test,1303,5239
6467,test,6467,5241
6477,test,5415,5246
6479,test,5415,5248
6486,test,6486,5255
6488,test,6488,5257
6490,test,6490,5258
6494,test,4413,5262
6500,test,6500,5268
6504,test,2185,5272
6509,test,134,5275
6512,test,6512,5278
6513,test,6312,5279
6514,test,6312,5280
6515,test,6312,5281
6541,test,3711,5297
6544,test,6544,5300
6554,test,1161,5305
6578,test,6578,5318
6582,test,4265,5321
6593,test,4265,5331
6596,test,3005,5333
6599,test,6599,5336
6600,test,6599,5337
6607,test,3234,5344
6631,test,5051,5365
6640,test,6275,5373
6642,test,6642,5375
6650,test,1307,5383
6651,test,1307,5384
6652,test,1307,5385
6653,test,1307,5386
6654,test,1307,5387
6655,test,1307,5388
6656,test,1307,5389
6657,test,1307,5390
6658,test,1307,5391
6659,test,1307,5392
6660,test,1307,5393
6661,test,1307,5394
6662,test,6662,5395
6663,test,6663,5396
6664,test,6664,5397
6665,test,6665,5398
6675,test,1307,5407
6676,test,1307,5408
6687,test,2696,5418
6697,test,6697,5426
6698,test,2696,5427
6701,test,2696,5429
6705,test,2696,5433
6708,test,2696,5435
6713,test,2696,5440
6717,test,6717,5444
6724,test,6724,5450
6725,test,6724,5451
6733,test,6733,5459
6736,test,6736,5461
6740,test,6740,5465
6761,test,6761,5486
6766,test,6761,5491
6789,test,6761,5512
6790,test,6790,5513
6806,test,134,5527
6817,test,6817,5530
6819,test,6817,5531
6820,test,6817,5532
6859,test,6859,5566
6872,test,6872,5573
6882,test,1462,5580
6886,test,6886,5582
6897,test,6897,5593
6900,test,248,5596
6902,test,1307,5598
6911,test,6911,5605
6915,test,6915,5609
6920,test,6920,5614
6922,test,4241,5616
6923,test,6923,5617
6939,test,4005,5625
6941,test,6941,5626
6955,test,6955,5640
6963,test,6963,5646
6967,test,6967,5650
6974,test,5569,5656
6975,test,5569,5657
6976,test,5569,5658
6977,test,5569,5659
6993,test,6993,5671
6994,test,6994,5672
6999,test,6999,5676
7006,test,6920,5683
7018,test,7018,5695
7019,test,7018,5696
7020,test,7018,5697
7021,test,7018,5698
7022,test,7022,5699
7026,test,7022,5703
7031,test,7031,5708
7033,test,7033,5710
7037,test,7031,5714
7042,test,7031,5719
7043,test,7031,5720
7044,test,7044,5721
7045,test,7031,5722
7060,test,108,5735
7078,test,7018,5750
7081,test,7081,5752
7083,test,6544,5754
7085,test,7085,5756
7094,test,7085,5761
7099,test,7099,5764
7105,test,7105,5769
7106,test,7105,5770
7107,test,7107,5771
7108,test,7108,5772
7110,test,139,5774
7115,test,7018,5778
7116,test,7018,5779
7117,test,7117,5780
7123,test,7123,5785
7126,test,7126,5787
7127,test,1307,5788
7130,test,7130,5791
7134,test,4955,5795
7135,test,4955,5796
7144,test,6642,5801
7146,test,7146,5803
7150,test,7150,5806
7151,test,7150,5807
7155,test,7155,5811
7157,test,7157,5813
7158,test,7158,5814
7160,test,7150,5816
7167,test,1307,5821
7174,test,7174,5827
7205,test,7155,5851
7211,test,7211,5856
7222,test,7222,5863
7225,test,3,5865
7245,test,7245,5875
7253,test,7253,5882
7259,test,7259,5888
7266,test,7266,5894
7269,test,7269,5897
7275,test,7275,5903
7285,test,6963,5912
7300,test,6271,5926
7301,test,7301,5927
7303,test,6271,5929
7305,test,7305,5931
7306,test,7306,5932
7307,test,7307,5933
7312,test,7312,5938
7322,test,7307,5946
7347,test,1187,5967
7352,test,248,5971
7355,test,7355,5973
7360,test,7360,5976
7369,test,7369,5984
7375,test,7375,5989
7382,test,7018,5996
7383,test,6920,5997
7403,test,7403,6014
7404,test,7403,6015
7405,test,7403,6016
7432,test,1740,6035
7433,test,7433,6036
7441,test,7441,6041
7445,test,7445,6043
7449,test,7449,6047
7453,test,7453,6050
7458,test,7458,6055
7460,test,7458,6057
7461,test,7458,6058
7462,test,7458,6059
7464,test,7458,6061
7474,test,7474,6070
7489,test,7489,6080
7490,test,7489,6081
7505,test,7505,6092
7507,test,7507,6094
7509,test,7505,6096
7516,test,7516,6103
7523,test,5458,6107
7530,test,7530,6112
7532,test,7532,6114
7533,test,7532,6115
7534,test,7532,6116
7536,test,7505,6118
7537,test,1740,6119
7540,test,7540,6122
7542,test,7275,6124
7560,test,7560,6133
7562,test,7562,6135
7563,test,7562,6136
7564,test,7562,6137
7567,test,7567,6140
7571,test,7571,6143
7575,test,7575,6147
7578,test,7567,6150
7579,test,7575,6151
7580,test,7575,6152
7583,test,7575,6155
7592,test,6312,6163
7593,test,6312,6164
7594,test,6312,6165
7598,test,7598,6169
7606,test,7606,6173
7615,test,7307,6182
7619,test,7619,6185
7626,test,7626,6191
7659,test,738,6200
7660,test,7660,6201
7681,test,7681,6217
7687,test,7687,6223
7692,test,7692,6227
7697,test,2185,6232
7698,test,2185,6233
7699,test,2185,6234
7702,test,7702,6236
7704,test,7704,6238
7728,test,7728,6246
7735,test,7735,6251
7738,test,7738,6254
7746,test,134,6260
7749,test,7749,6262
7759,test,7759,6272
7768,test,7768,6279
7771,test,7768,6281
7773,test,7773,6283
7777,test,7777,6287
7778,test,7777,6288
7783,test,7783,6291
7807,test,7807,6293
7819,test,3005,6298
7836,test,7836,6300
7844,test,7844,6304
7848,test,2161,6307
7859,test,3005,6315
7862,test,7862,6318
7865,test,7865,6320
7883,test,738,6326
7884,test,738,6327
7893,test,5458,6333
7896,test,7896,6334
7899,test,7899,6336
7901,test,7899,6338
7902,test,7899,6339
7908,test,7908,6343
7921,test,7921,6344
7935,test,7935,6354
7938,test,2082,6356
7956,test,7956,6374
7974,test,6271,6385
7975,test,6271,6386
7980,test,601,6389
8025,test,738,6428
8036,test,8036,6434
8064,test,8064,6449
8073,test,8073,6456
8076,test,8076,6458
8077,test,8076,6459
8081,test,8081,6463
8094,test,6312,6468
8095,test,8095,6469
8096,test,8096,6470
8101,test,8101,6473
8123,test,323,6485
8139,test,8139,6493
8150,test,8150,6501
8183,test,6642,6514
8185,test,4265,6516
8186,test,4265,6517
8187,test,4265,6518
8188,test,4265,6519
8189,test,8189,6520
8194,test,6642,6522
8195,test,6642,6523
8197,test,4265,6524
8201,test,8201,6527
8217,test,8217,6535
8218,test,8218,6536
8272,test,8272,6572
8285,test,8285,6577
8308,test,8308,6596
8322,test,8322,6604
8323,test,8323,6605
8324,test,8323,6606
8335,test,8335,6616
8336,test,8335,6617
8338,test,8335,6618
8340,test,8335,6619
8346,test,8335,6625
8347,test,8335,6626
8360,test,8335,6637
8361,test,8335,6638
8370,test,8370,6643
8373,test,8373,6645
8379,test,8379,6650
8400,test,8400,6663
8412,test,8412,6672
8429,test,8429,6683
8430,test,8429,6684
8431,test,8429,6685
8432,test,8429,6686
8433,test,8429,6687
8434,test,8429,6688
8435,test,8429,6689
8437,test,8437,6691
8440,test,8440,6693
8447,test,8447,6698
8452,test,8452,6702
8471,test,8471,6718
8472,test,8472,6719
8491,test,4161,6731
8500,test,8500,6737
8532,test,8532,6749
8569,test,8569,6765
8571,test,8571,6767
8573,test,8573,6769
8575,test,8573,6771
8578,test,8573,6774
8579,test,8573,6775
8586,test,8586,6782
8587,test,8587,6783
8590,test,8095,6785
8591,test,8095,6786
8592,test,8095,6787
8593,test,8095,6788
8594,test,8095,6789
8595,test,8095,6790
8596,test,8596,6791
8598,test,8596,6793
8599,test,8095,6794
8602,test,3793,6797
8603,test,3793,6798
8604,test,3793,6799
8605,test,3793,6800
8606,test,3793,6801
8616,test,8616,6809
8629,test,8629,6821
8652,test,8652,6839
8657,test,8657,6844
8662,test,8095,6848
8663,test,8095,6849
8665,test,8095,6851
8666,test,8095,6852
8667,test,8095,6853
8671,test,8671,6857
8686,test,8686,6862
8704,test,8704,6871
8707,test,1126,6874
8711,test,2518,6877
8726,test,5624,6885
8759,test,8759,6909
8766,test,8766,6914
8777,test,8777,6918
8778,test,8778,6919
8783,test,3793,6923
8789,test,8789,6928
8804,test,8804,6939
8813,test,8813,6943
8815,test,8815,6945
8838,test,8838,6965
8843,test,8843,6970
8848,test,8848,6972
8855,test,1418,6974
8859,test,8859,6977
8860,test,8429,6978
8897,test,7157,6995
8914,test,8914,7006
8915,test,8914,7007
8919,test,4619,7010
8928,test,8928,7017
8929,test,8928,7018
8930,test,8928,7019
8931,test,8928,7020
8937,test,8937,7022
8943,test,8943,7026
8951,test,8951,7030
8958,test,1418,7036
8968,test,8968,7044
8976,test,8976,7050
8981,test,8981,7054
8982,test,8095,7055
8983,test,8095,7056
8984,test,8095,7057
8985,test,8095,7058
8986,test,8095,7059
8987,test,8095,7060
8988,test,8095,7061
8994,test,8994,7065
9011,test,9011,7080
9015,test,6312,7084
9018,test,9018,7085
9019,test,9018,7086
9020,test,9018,7087
9021,test,9018,7088
9023,test,9023,7090
9032,test,9032,7093
9045,test,6312,7101
9046,test,6312,7102
9047,test,956,7103
9054,test,9054,7107
9058,test,9058,7110
9061,test,9058,7112
9062,test,9062,7113
9064,test,9064,7115
9065,test,9064,7116
9097,test,9097,7142
9107,test,9107,7151
9114,test,9114,7156
9115,test,9115,7157
9116,test,9114,7158
9117,test,9114,7159
9118,test,9114,7160
9119,test,9114,7161
9120,test,9114,7162
9121,test,9115,7163
9122,test,9122,7164
9123,test,9122,7165
9124,test,9114,7166
9147,test,2301,7184
9153,test,9153,7188
9155,test,9155,7190
9158,test,9158,7192
9170,test,8095,7199
9172,test,9172,7201
9180,test,9180,7206
9186,test,956,7211
9188,test,1418,7212
9189,test,1418,7213
9190,test,1418,7214
9191,test,1418,7215
9192,test,1418,7216
9193,test,1418,7217
9194,test,1418,7218
9195,test,1418,7219
9196,test,1418,7220
9197,test,1418,7221
9201,test,9201,7225
9240,test,9240,7243
9284,test,9284,7262
9288,test,9288,7264
9289,test,134,7265
9298,test,9298,7270
9305,test,4413,7272
9307,test,9307,7274
9315,test,1023,7278
9328,test,9328,7283
9329,test,9329,7284
9341,test,134,7294
9342,test,134,7295
9348,test,9348,7301
9352,test,9352,7305
9359,test,9359,7312
9370,test,134,7320
9375,test,134,7325
9376,test,134,7326
9378,test,134,7327
9381,test,134,7329
9382,test,134,7330
9383,test,134,7331
9384,test,134,7332
9386,test,134,7334
9387,test,134,7335
9388,test,9388,7336
9390,test,134,7338
9391,test,134,7339
9392,test,134,7340
9393,test,134,7341
9394,test,134,7342
9395,test,134,7343
9396,test,134,7344
9397,test,134,7345
9399,test,134,7347
9401,test,9401,7349
9402,test,134,7350
9403,test,134,7351
9445,test,134,7385
9446,test,134,7386
9448,test,134,7388
9449,test,134,7389
9451,test,134,7390
9454,test,134,7393
9455,test,134,7394
9456,test,134,7395
9458,test,134,7397
9459,test,134,7398
9460,test,134,7399
9461,test,134,7400
9462,test,134,7401
9479,test,395,7410
9480,test,395,7411
9481,test,395,7412
9486,test,395,7417
9492,test,395,7423
9497,test,3056,7427
9518,test,3056,7442
9540,test,9540,7463
9547,test,248,7466
9548,test,248,7467
9550,test,248,7469
9553,test,5747,7471
9558,test,9558,7476
9561,test,8914,7479
9562,test,8914,7480
9563,test,8914,7481
9609,test,3056,7506
9618,test,6736,7512
9619,test,6736,7513
9620,test,6736,7514
9621,test,6736,7515
9622,test,6736,7516
9623,test,9623,7517
9636,test,9623,7529
9638,test,9638,7530
9647,test,2328,7539
9649,test,9649,7541
9656,test,9656,7548
9658,test,9658,7550
9662,test,4133,7554
9681,test,9681,7569
9694,test,9694,7576
9724,test,395,7590
9747,test,1961,7610
9753,test,9753,7616
9770,test,9770,7630
9771,test,9771,7631
9772,test,9771,7632
9773,test,9771,7633
9774,test,9771,7634
9775,test,3056,7635
9776,test,9771,7636
9793,test,9793,7651
9797,test,9797,7654
9803,test,9803,7659
9810,test,9810,7662
9814,test,9814,7663
9838,test,9838,7677
9847,test,9064,7681
9861,test,9861,7688
9862,test,9862,7689
9878,test,9878,7699
9910,test,9910,7722
9916,test,9916,7724
9934,test,9934,7734
9936,test,9934,7736
9937,test,9623,7737
9946,test,9681,7744
9952,test,9681,7750
9961,test,9961,7759
9962,test,9961,7760
9964,test,9964,7762
9965,test,9965,7763
9968,test,9968,7766
9969,test,9969,7767
9986,test,9986,7784
9990,test,3590,7787
9991,test,4265,7788
9992,test,3590,7789
9993,test,3590,7790
9998,test,2302,7791
10012,test,4265,7795
10013,test,4265,7796
10032,test,4265,7800
10039,test,9968,7806
10046,test,10046,7811
10047,test,10047,7812
10068,test,10068,7829
10069,test,10068,7830
10070,test,10068,7831
10071,test,10068,7832
10072,test,10068,7833
10088,test,9058,7845
10092,test,9058,7849
10098,test,9058,7855
10104,test,9968,7857
10105,test,9968,7858
10114,test,10114,7863
10121,test,5925,7867
10122,test,5925,7868
10139,test,10139,7882
10165,test,10165,7900
10231,test,4413,7936
10267,test,10267,7961
10273,test,108,7964
10274,test,108,7965
10276,test,108,7967
10277,test,108,7968
10281,test,1774,7971
10285,test,1774,7975
10288,test,1774,7978
10314,test,10314,7992
10322,test,10322,7998
10342,test,10342,8011
10366,test,10366,8019
10384,test,10384,8033
10385,test,10314,8034
10387,test,10314,8036
10388,test,10314,8037
10400,test,10400,8046
10408,test,10408,8049
10415,test,22,8056
10420,test,10420,8060
10464,test,10464,8077
10467,test,10467,8079
10471,test,10467,8083
10495,test,10495,8104
10499,test,10499,8107
10503,test,10499,8109
10508,test,3793,8113
10524,test,10524,8127
10530,test,10530,8132
10532,test,10532,8134
10536,test,4112,8137
10540,test,509,8138
10541,test,608,8139
10545,test,10545,8140
10551,test,10551,8142
10552,test,10551,8143
10557,test,10557,8145
10558,test,10558,8146
10578,test,10578,8166
10588,test,10588,8176
10589,test,10589,8177
10596,test,10596,8184
10600,test,10600,8188
10603,test,10603,8191
10606,test,10606,8194
10608,test,10608,8196
10609,test,10609,8197
10631,test,10631,8214
10632,test,10632,8215
10633,test,10633,8216
10643,test,5051,8224
10645,test,10645,8226
10656,test,10656,8235
10661,test,10661,8240
10664,test,10664,8243
10681,test,10681,8259
10682,test,10682,8260
10707,test,10656,8281
10720,test,9011,8293
10721,test,9011,8294
10729,test,10729,8302
10733,test,4465,8306
10745,test,10745,8310
10755,test,1890,8318
10762,test,3464,8323
10764,test,10764,8325
10772,test,10772,8331
10787,test,10787,8345
10788,test,10788,8346
10808,test,10808,8364
10814,test,10814,8369
10821,test,10821,8376
10829,test,10829,8383
10830,test,10830,8384
10839,test,10839,8393
10860,test,10860,8407
10863,test,10863,8410
10866,test,10866,8413
10880,test,10880,8422
10897,test,10897,8434
10912,test,10912,8446
10916,test,2328,8450
10920,test,6663,8453
10934,test,6085,8463
10935,test,10935,8464
10990,test,10990,8483
11009,test,6085,8497
11010,test,6085,8498
11012,test,5608,8500
11014,test,5608,8502
11035,test,8429,8517
11045,test,11045,8527
11061,test,11061,8531
11062,test,11062,8532
11087,test,11087,8544
11095,test,11095,8551
11116,test,6717,8566
11131,test,482,8581
11132,test,482,8582
11133,test,482,8583
11135,test,11135,8584
11137,test,11137,8585
11146,test,11146,8589
11149,test,11149,8592
11153,test,11153,8595
11164,test,11164,8605
11169,test,11169,8607
11174,test,11174,8610
11186,test,3325,8616
11188,test,4744,8617
11193,test,3325,8621
11214,test,11214,8635
11216,test,306,8637
11217,test,306,8638
11222,test,11222,8643
11240,test,11240,8650
11241,test,3446,8651
11283,test,11283,8672
11287,test,11287,8675
11288,test,11287,8676
11302,test,11302,8679
11310,test,11310,8687
11315,test,11315,8692
11337,test,11337,8712
11339,test,4623,8714
11342,test,11342,8717
11343,test,4465,8718
11368,test,11368,8734
11371,test,11371,8737
11373,test,11373,8739
11374,test,11374,8740
11381,test,11381,8744
11395,test,11395,8752
11418,test,5342,8767
11426,test,11426,8773
11427,test,5230,8774
11435,test,11435,8779
11441,test,11441,8784
11444,test,11444,8787
11456,test,11456,8797
11493,test,482,8819
11498,test,11498,8822
11510,test,2792,8831
11525,test,11525,8842
11532,test,11532,8847
11537,test,11537,8848
11541,test,11541,8852
11542,test,11542,8853
11543,test,8616,8854
11558,test,11558,8868
11559,test,7606,8869
11563,test,11563,8872
11587,test,11587,8888
11598,test,4297,8890
11603,test,2332,8894
11605,test,3325,8896
11608,test,2332,8898
11630,test,11630,8909
11656,test,5302,8921
11669,test,5302,8922
11671,test,5302,8924
11680,test,5302,8925
11681,test,5302,8926
11682,test,5302,8927
11683,test,5302,8928
11691,test,5302,8931
11699,test,11699,8936
11706,test,11706,8941
11712,test,11712,8944
11714,test,6312,8946
11721,test,3793,8948
11722,test,3793,8949
11723,test,3793,8950
11724,test,3793,8951
11725,test,3793,8952
11743,test,3319,8959
11747,test,3319,8960
11750,test,1462,8961
11753,test,11753,8963
11760,test,11760,8968
11769,test,3580,8976
11770,test,3580,8977
11771,test,3580,8978
11807,test,11807,8988
11808,test,11807,8989
11810,test,11810,8991
11860,test,11860,9025
11878,test,5302,9030
11879,test,8437,9031
11913,test,11913,9043
11921,test,11921,9045
11927,test,22,9050
11930,test,11930,9052
11948,test,6271,9066
11954,test,3793,9071
11958,test,11958,9073
11959,test,11958,9074
11960,test,11958,9075
12023,test,482,9117
12045,test,12045,9121
12048,test,12048,9124
12049,test,12048,9125
12051,test,12051,9127
12063,test,12063,9135
12066,test,12066,9136
12084,test,8150,9140
12085,test,8150,9141
12086,test,8150,9142
12089,test,8150,9145
12090,test,8150,9146
12091,test,8150,9147
12109,test,12109,9162
12136,test,12136,9181
12151,test,12151,9183
12172,test,12172,9194
12219,test,22,9231
12220,test,22,9232
12228,test,3097,9235
12258,test,9878,9256
12278,test,12278,9262
12279,test,12278,9263
12280,test,12278,9264
12281,test,12281,9265
12291,test,12291,9272
12298,test,12298,9278
12316,test,12316,9292
12369,test,12369,9303
12386,test,12386,9316
12402,test,12402,9321
12428,test,2161,9326
12430,test,2161,9328
12434,test,12434,9332
12451,test,12451,9341
12458,test,12458,9347
12459,test,6312,9348
12463,test,12463,9352
12466,test,2435,9355
12470,test,12470,9359
12474,test,2161,9363
12476,test,12476,9365
12483,test,8981,9372
12513,test,12513,9392
12516,test,12516,9395
12524,test,2265,9398
12527,test,10661,9400
12532,test,12451,9402
12534,test,12476,9404
12555,test,12555,9415
12578,test,12578,9438
12585,test,12585,9444
12600,test,12600,9457
12601,test,12600,9458
12620,test,12620,9470
12629,test,12629,9477
12630,test,248,9478
12633,test,12629,9481
12636,test,12629,9483
12637,test,12629,9484
12641,test,11222,9488
12648,test,12648,9493
12649,test,12649,9494
12651,test,12629,9495
12652,test,2239,9496
12653,test,2239,9497
12662,test,12662,9501
12669,test,12669,9505
12670,test,12670,9506
12677,test,12677,9512
12682,test,12682,9517
12683,test,8981,9518
12689,test,6271,9523
12695,test,12695,9529
12699,test,7516,9533
12709,test,5622,9536
12711,test,12711,9537
12723,test,12723,9545
12727,test,12727,9547
12737,test,8981,9551
12742,test,12742,9556
12751,test,4045,9564
12760,test,12629,9571
12762,test,12629,9573
12764,test,248,9575
12783,test,12783,9591
12790,test,7433,9594
12798,test,12798,9601
12805,test,12805,9606
12811,test,12805,9611
12812,test,12805,9612
12813,test,12711,9613
12837,test,5622,9632
12841,test,12841,9634
12844,test,12841,9636
12853,test,5622,9640
12856,test,12856,9643
12862,test,12862,9648
12868,test,6271,9654
12869,test,2157,9655
12870,test,3477,9656
12871,test,4619,9657
12877,test,108,9659
12881,test,12881,9662
12882,test,12882,9663
12883,test,12883,9664
12893,test,12893,9674
12895,test,12895,9676
12896,test,12896,9677
12901,test,12883,9682
12902,test,12893,9683
12905,test,12893,9686
12916,test,12916,9697
12920,test,12920,9701
12933,test,12933,9714
12937,test,12805,9718
12955,test,12955,9732
12956,test,12955,9733
12970,test,12933,9745
12971,test,12971,9746
12974,test,12974,9747
12975,test,12975,9748
12989,test,108,9759
13001,test,7768,9767
13021,test,13021,9771
13032,test,5925,9780
13033,test,5925,9781
13036,test,13036,9784
13037,test,13037,9785
13038,test,5925,9786
13039,test,5925,9787
13046,test,13046,9793
13047,test,13046,9794
13055,test,13055,9800
13056,test,13056,9801
13059,test,12805,9804
13067,test,13067,9811
13069,test,13069,9812
13076,test,13076,9814
13077,test,13076,9815
13100,test,13100,9824
13107,test,8657,9830
13114,test,13114,9834
13129,test,13021,9839
13134,test,13134,9843
13137,test,13021,9845
13141,test,13141,9847
13143,test,13021,9849
13160,test,13160,9866
13161,test,13161,9867
13162,test,13162,9868
13165,test,10551,9871
13168,test,13168,9874
13170,test,13170,9876
13173,test,13173,9879
13198,test,5622,9892
13206,test,13206,9897
13207,test,6271,9898
13211,test,3386,9901
13212,test,3386,9902
13221,test,3591,9911
13225,test,3384,9915
13227,test,13227,9917
13240,test,3591,9928
13244,test,13244,9932
13245,test,3591,9933
13247,test,13247,9935
13283,test,3591,9945
13297,test,13297,9957
13298,test,8657,9958
13301,test,13301,9960
13304,test,12916,9962
13310,test,13310,9968
13328,test,12711,9978
13330,test,13330,9980
13352,test,13352,10001
13355,test,13355,10003
13361,test,13361,10008
13387,test,13387,10028
13406,test,13406,10038
13415,test,13415,10041
13444,test,13444,10048
13447,test,13244,10051
13448,test,13448,10052
13449,test,13449,10053
13453,test,13206,10055
13466,test,13330,10066
13477,test,13330,10076
13478,test,13330,10077
13479,test,13330,10078
13502,test,13502,10093
13512,test,13206,10098
13513,test,13206,10099
13529,test,2014,10104
13536,test,13536,10108
13537,test,13537,10109
13549,test,5624,10112
13555,test,5624,10115
13556,test,2014,10116
13557,test,13557,10117
13558,test,13558,10118
13560,test,13560,10120
13562,test,13562,10122
13566,test,13560,10126
13568,test,13562,10128
13571,test,13562,10130
13573,test,13562,10132
13574,test,13562,10133
13575,test,2014,10134
13576,test,13562,10135
13589,test,13589,10143
13601,test,12677,10148
13611,test,13611,10154
13612,test,12727,10155
13660,test,13660,10186
13663,test,13660,10188
13671,test,1174,10195
13673,test,5624,10197
13677,test,13677,10201
13679,test,13679,10203
13682,test,13682,10206
13697,test,13697,10219
13702,test,2014,10222
13704,test,13704,10224
13707,test,13707,10227
13713,test,13713,10231
13717,test,2014,10234
13743,test,4045,10248
13752,test,13752,10254
13753,test,1174,10255
13754,test,5624,10256
13759,test,13759,10261
13765,test,13036,10265
13766,test,13036,10266
13767,test,13767,10267
13768,test,13036,10268
13770,test,13770,10270
13778,test,13778,10276
13780,test,13780,10278
13782,test,13134,10280
13786,test,13786,10284
13787,test,13787,10285
13789,test,13789,10286
13791,test,13791,10287
13804,test,12629,10292
13807,test,13807,10295
13811,test,3787,10299
13823,test,13823,10309
13826,test,13826,10312
13832,test,1174,10318
13836,test,13836,10320
13852,test,13852,10326
13864,test,13864,10334
13883,test,13883,10345
13885,test,13885,10347
13891,test,13891,10353
13893,test,13893,10355
13897,test,5458,10358
13898,test,13355,10359
13899,test,5622,10360
13901,test,608,10361
13906,test,4623,10366
13909,test,4623,10369
13914,test,4623,10374
13921,test,4623,10380
13926,test,9107,10385
13928,test,4619,10386
13930,test,4622,10388
13931,test,13931,10389
13932,test,13932,10390
13934,test,13934,10391
13937,test,9107,10393
13939,test,13931,10395
13940,test,13940,10396
13941,test,4623,10397
13948,test,6664,10404
13950,test,4622,10406
13951,test,13951,10407
13952,test,3097,10408
13961,test,13961,10416
13962,test,9107,10417
13972,test,4623,10424
13975,test,4623,10427
13985,test,13985,10436
13988,test,13985,10439
13991,test,13985,10442
13992,test,13985,10443
13994,test,13985,10445
13995,test,13985,10446
13997,test,13985,10448
13998,test,13985,10449
14002,test,4623,10453
14004,test,14004,10455
14006,test,14006,10457
14008,test,1174,10458
14009,test,1174,10459
14012,test,5624,10461
14037,test,14037,10471
14063,test,2092,10489
14067,test,14067,10491
14069,test,13355,10492
14070,test,13355,10493
14071,test,13355,10494
14073,test,13355,10496
14074,test,13355,10497
14077,test,2092,10500
14080,test,2092,10502
14081,test,2092,10503
14089,test,14089,10511
14091,test,14091,10513
14092,test,14092,10514
14096,test,14096,10518
14112,test,1174,10532
14114,test,14114,10534
14120,test,14120,10540
14121,test,14121,10541
14122,test,14122,10542
14124,test,14124,10543
14137,test,14137,10553
14138,test,2435,10554
14139,test,14139,10555
14144,test,13206,10559
14146,test,14120,10561
14157,test,14157,10571
14164,test,1174,10578
14167,test,14167,10581
14173,test,14173,10583
14177,test,4296,10585
14178,test,4296,10586
14179,test,14179,10587
14187,test,14187,10592
14203,test,14203,10602
14215,test,14215,10608
14221,test,14221,10613
14224,test,12727,10616
14225,test,14225,10617
14235,test,14235,10623
14241,test,14241,10626
14242,test,14241,10627
14258,test,12711,10641
14259,test,4623,10642
14262,test,4623,10645
14263,test,4623,10646
14264,test,4623,10647
14266,test,4623,10649
14271,test,4623,10654
14273,test,12975,10656
14274,test,4623,10657
14285,test,14285,10663
14287,test,14287,10665
14288,test,14288,10666
14291,test,14288,10669
14307,test,2983,10680
14315,test,14315,10685
14316,test,14316,10686
14322,test,2983,10691
14332,test,608,10698
14339,test,14339,10704
14345,test,2983,10710
14348,test,14348,10712
14349,test,810,10713
14350,test,810,10714
14352,test,14352,10716
14367,test,14367,10731
14385,test,14385,10742
14391,test,810,10746
14398,test,2983,10749
14413,test,810,10760
14418,test,14418,10765
14450,test,2983,10786
14457,test,14457,10791
14461,test,14461,10794
14464,test,14464,10797
14465,test,14464,10798
14466,test,14464,10799
14467,test,14467,10800
14469,test,14469,10802
14470,test,3382,10803
14497,test,14497,10816
14504,test,12298,10817
14531,test,14469,10830
14543,test,1147,10837
14547,test,14547,10840
14561,test,14561,10851
14575,test,14575,10864
14578,test,14578,10867
14584,test,1147,10869
14594,test,14594,10878
14595,test,14594,10879
14596,test,14596,10880
14604,test,14604,10885
14608,test,14608,10888
14610,test,2983,10890
14631,test,14631,10900
14632,test,14608,10901
14642,test,14594,10907
14643,test,14594,10908
14671,test,14671,10927
14676,test,14676,10930
14686,test,14686,10940
14713,test,14713,10959
14714,test,14713,10960
14726,test,14547,10969
14727,test,14547,10970
14731,test,14731,10973
14741,test,14741,10974
14751,test,14751,10976
14757,test,14757,10982
14793,test,14608,11004
14820,test,14820,11014
14824,test,14824,11017
14827,test,14827,11018
14828,test,14608,11019
14829,test,14348,11020
14842,test,14842,11027
14843,test,14608,11028
14866,test,14866,11030
14869,test,14608,11031
14873,test,14873,11034
14874,test,14873,11035
14875,test,14873,11036
14876,test,14873,11037
14886,test,14886,11045
14964,test,14964,11109
14989,test,14989,11123
15002,test,3641,11128
15006,test,15006,11132
15009,test,10545,11135
15011,test,740,11137
15016,test,15016,11142
15017,test,15016,11143
15018,test,15018,11144
15020,test,15020,11146
15023,test,15023,11149
15024,test,15023,11150
15026,test,15026,11152
15027,test,15027,11153
15030,test,15030,11155
15031,test,15031,11156
15045,test,9910,11168
15047,test,15047,11170
15050,test,15050,11171
15075,test,2161,11189
15081,test,2161,11193
15084,test,6085,11196
15085,test,3711,11197
15088,test,15088,11200
15089,test,15089,11201
15090,test,15089,11202
15092,test,1387,11204
15105,test,15105,11211
15111,test,448,11212
15124,test,1286,11217
15135,test,15135,11226
15137,test,15137,11228
15141,test,15141,11232
15166,test,15166,11251
15173,test,790,11257
15179,test,9656,11262
15181,test,15181,11264
15186,test,248,11267
15187,test,15187,11268
15188,test,15188,11269
15197,test,15197,11276
15206,test,15206,11285
15216,test,790,11293
15218,test,1462,11294
15238,test,15238,11307
15240,test,15240,11309
15241,test,15241,11310
15247,test,15247,11315
15253,test,15253,11321
15256,test,2266,11324
15257,test,2266,11325
15261,test,3909,11327
15270,test,15270,11333
15274,test,10532,11336
15289,test,15289,11346
15297,test,15297,11353
15304,test,15304,11360
15305,test,15305,11361
15310,test,15310,11365
15316,test,5458,11371
15317,test,1878,11372
15320,test,15320,11375
15326,test,15326,11378
15333,test,9656,11385
15334,test,15334,11386
15335,test,2265,11387
15344,test,15344,11392
15349,test,15349,11397
15368,test,15368,11411
15370,test,15370,11413
15371,test,13036,11414
15379,test,3325,11419
15380,test,3325,11420
15381,test,608,11421
15382,test,608,11422
15388,test,2239,11427
15389,test,2239,11428
15390,test,3325,11429
15391,test,3325,11430
15393,test,3325,11432
15394,test,3325,11433
15395,test,3325,11434
15396,test,3325,11435
15397,test,3325,11436
15398,test,3325,11437
15412,test,15412,11448
15420,test,15137,11454
15422,test,4744,11456
15429,test,12975,11463
15430,test,15430,11464
15437,test,15437,11470
15438,test,738,11471
15442,test,15442,11475
15444,test,3696,11476
15452,test,15452,11483
15454,test,15454,11485
15458,test,15458,11489
15462,test,482,11493
15484,test,5415,11508
15485,test,5415,11509
15493,test,15493,11514
15501,test,6817,11522
15505,test,15505,11525
15509,test,15509,11529
15512,test,3325,11532
15515,test,15515,11534
15517,test,4265,11535
15518,test,4265,11536
15519,test,4265,11537
15520,test,4265,11538
15521,test,4265,11539
15522,test,4265,11540
15523,test,4265,11541
15524,test,4265,11542
15525,test,4265,11543
15526,test,4265,11544
15527,test,4265,11545
15528,test,4265,11546
15529,test,4265,11547
15530,test,4265,11548
15531,test,4265,11549
15532,test,4265,11550
15533,test,4265,11551
15534,test,4265,11552
15539,test,15539,11556
15569,test,15569,11583
15570,test,2437,11584
15573,test,2437,11587
15576,test,2437,11590
15579,test,2437,11593
15580,test,2437,11594
15581,test,2437,11595
15582,test,2437,11596
15586,test,1774,11600
15588,test,1774,11602
15612,test,15612,11626
15613,test,15613,11627
15625,test,15625,11638
15628,test,15628,11640
15632,test,3335,11644
15639,test,15639,11648
15656,test,8272,11661
15661,test,15661,11663
15686,test,15686,11674
15687,test,15686,11675
15691,test,3097,11677
15697,test,15697,11683
15707,test,2161,11693
15717,test,15717,11703
15720,test,15720,11706
15746,test,15746,11716
15750,test,15750,11719
15758,test,15758,11722
15765,test,13931,11725
15767,test,15767,11727
15777,test,15777,11737
15779,test,15777,11739
15789,test,2075,11749
15792,test,10532,11752
15820,test,15820,11755
15821,test,15820,11756
15827,test,151,11757
15840,test,3056,11769
15841,test,3056,11770
15845,test,3056,11771
15846,test,3056,11772
15850,test,15850,11776
15853,test,3056,11779
15855,test,3056,11781
15856,test,134,11782
15858,test,215,11783
15874,test,2082,11795
15875,test,2082,11796
15876,test,2082,11797
15877,test,2082,11798
15889,test,15889,11804
15890,test,395,11805
15891,test,395,11806
15898,test,15898,11811
15912,test,9623,11825
15933,test,15933,11844
15944,test,15944,11854
15970,test,11563,11864
15986,test,10532,11870
16024,test,10495,11879
16077,test,16077,11907
16082,test,16082,11910
16089,test,11712,11914
16109,test,16109,11923
16114,test,16114,11927
16119,test,11930,11932
16125,test,11930,11938
16126,test,6271,11939
16129,test,16129,11942
16131,test,7157,11944
16145,test,344,11954
16146,test,16146,11955
16161,test,1286,11966
16209,test,16209,11996
16219,test,16219,12004
16227,test,12369,12010
16229,test,1286,12012
16236,test,16236,12016
16237,test,16237,12017
16244,test,843,12019
16248,test,10661,12023
16264,test,16264,12033
16267,test,16267,12036
16277,test,2251,12044
16278,test,2251,12045
16291,test,16264,12054
16299,test,16299,12057
16301,test,16301,12058
16327,test,12451,12074
16339,test,16339,12082
16340,test,16339,12083
16342,test,16339,12084
16343,test,16339,12085
16345,test,16339,12087
16347,test,16339,12089
16348,test,16339,12090
16352,test,16352,12091
16386,test,3097,12103
16395,test,16395,12105
16399,test,16399,12107
16409,test,108,12116
16416,test,16416,12123
16418,test,16418,12125
16420,test,15135,12127
16422,test,16422,12129
16425,test,16425,12132
16427,test,2157,12133
16442,test,15241,12145
16443,test,16443,12146
16446,test,5658,12149
16451,test,6271,12153
16455,test,13206,12157
16460,test,7453,12161
16468,test,16468,12168
16471,test,13206,12171
16481,test,5965,12179
16488,test,3793,12183
16498,test,16498,12192
1,train,1,0
2,train,2,1
6,train,6,4
10,train,10,7
11,train,11,8
13,train,13,10
14,train,14,11
15,train,15,12
16,train,16,13
18,train,18,14
19,train,19,15
20,train,20,16
23,train,23,19
25,train,25,21
26,train,26,22
27,train,27,23
29,train,29,25
30,train,30,26
31,train,31,27
32,train,32,28
33,train,33,29
34,train,30,30
35,train,35,31
36,train,30,32
37,train,31,33
39,train,27,34
40,train,40,35
43,train,43,38
45,train,45,40
46,train,46,41
47,train,47,42
49,train,49,44
51,train,51,46
52,train,52,47
53,train,45,48
54,train,47,49
55,train,55,50
56,train,56,51
59,train,59,54
63,train,63,57
64,train,64,58
65,train,65,59
66,train,66,60
68,train,68,62
69,train,47,63
70,train,70,64
71,train,71,65
72,train,72,66
73,train,73,67
74,train,74,68
76,train,76,70
79,train,79,72
80,train,80,73
82,train,82,75
84,train,84,77
85,train,85,78
86,train,86,79
88,train,88,80
90,train,90,81
92,train,92,83
93,train,93,84
94,train,94,85
95,train,95,86
96,train,96,87
98,train,98,89
100,train,100,90
104,train,104,93
109,train,109,96
111,train,111,97
112,train,111,98
114,train,113,99
118,train,118,101
121,train,109,103
122,train,122,104
124,train,124,106
128,train,128,109
130,train,130,111
131,train,90,112
135,train,135,114
140,train,140,117
141,train,141,118
144,train,144,120
145,train,145,121
148,train,148,122
155,train,155,128
157,train,157,129
158,train,158,130
159,train,159,131
160,train,160,132
164,train,164,134
170,train,170,137
171,train,171,138
179,train,179,141
194,train,194,146
195,train,195,147
196,train,196,148
197,train,197,149
200,train,200,150
202,train,202,152
206,train,206,155
207,train,207,156
208,train,208,157
210,train,210,158
211,train,211,159
216,train,216,162
217,train,160,163
219,train,219,165
225,train,225,167
227,train,227,169
228,train,228,170
229,train,229,171
230,train,230,172
231,train,231,173
234,train,234,175
241,train,241,179
245,train,76,182
249,train,249,184
251,train,251,186
253,train,253,187
254,train,253,188
256,train,256,189
258,train,15,191
261,train,261,193
263,train,263,195
265,train,265,197
268,train,230,199
269,train,269,200
270,train,109,201
272,train,249,203
274,train,274,205
275,train,275,206
280,train,280,208
281,train,281,209
283,train,283,210
287,train,287,211
289,train,289,213
292,train,249,214
293,train,293,215
295,train,295,217
298,train,82,218
299,train,299,219
301,train,249,220
303,train,303,222
307,train,307,224
312,train,230,226
313,train,313,227
317,train,317,228
318,train,318,229
322,train,322,230
325,train,47,233
326,train,249,234
335,train,335,239
336,train,336,240
337,train,337,241
339,train,339,243
340,train,340,244
345,train,345,246
346,train,346,247
348,train,348,248
350,train,350,249
352,train,352,250
353,train,353,251
358,train,358,253
359,train,111,254
361,train,196,256
362,train,299,257
368,train,368,260
370,train,370,261
372,train,372,262
375,train,375,264
377,train,377,265
379,train,379,267
380,train,380,268
382,train,141,270
383,train,383,271
386,train,160,272
388,train,388,273
389,train,389,274
392,train,392,276
393,train,393,277
396,train,230,280
397,train,397,281
399,train,399,282
400,train,400,283
405,train,405,287
406,train,406,288
407,train,407,289
410,train,410,290
411,train,411,291
415,train,415,294
417,train,417,296
418,train,179,297
420,train,420,298
422,train,422,300
423,train,423,301
426,train,426,304
432,train,432,308
433,train,118,309
434,train,128,310
436,train,436,311
437,train,196,312
442,train,442,315
446,train,446,316
450,train,450,320
452,train,452,322
456,train,456,323
457,train,457,324
459,train,459,325
462,train,462,327
463,train,249,328
467,train,467,329
468,train,468,330
469,train,469,331
470,train,470,332
471,train,471,333
472,train,472,334
473,train,473,335
475,train,475,337
476,train,476,338
478,train,478,339
479,train,479,340
483,train,170,344
486,train,486,345
487,train,487,346
492,train,492,349
495,train,263,351
498,train,498,354
499,train,499,355
500,train,500,356
506,train,506,358
507,train,507,359
508,train,508,360
511,train,230,362
512,train,512,363
514,train,514,365
516,train,516,367
519,train,519,368
520,train,520,369
521,train,521,370
523,train,523,371
524,train,524,372
525,train,253,373
526,train,526,374
528,train,528,376
532,train,14,380
540,train,420,381
541,train,541,382
542,train,72,383
544,train,544,384
546,train,546,385
547,train,547,386
551,train,551,387
553,train,293,388
556,train,556,390
559,train,559,391
564,train,564,393
565,train,565,394
566,train,566,395
568,train,90,397
569,train,569,398
573,train,573,399
574,train,574,400
580,train,580,402
583,train,160,403
586,train,586,405
587,train,587,406
589,train,589,407
592,train,592,409
593,train,593,410
595,train,595,412
597,train,200,413
598,train,322,414
599,train,599,415
600,train,340,416
602,train,170,418
603,train,603,419
604,train,200,420
613,train,613,425
614,train,614,426
616,train,616,428
617,train,617,429
618,train,618,430
621,train,621,433
623,train,623,435
626,train,626,438
627,train,627,439
629,train,629,440
630,train,630,441
634,train,634,443
642,train,642,445
643,train,643,446
647,train,647,448
648,train,648,449
651,train,651,452
660,train,660,457
667,train,667,459
669,train,669,461
670,train,670,462
671,train,671,463
672,train,263,464
676,train,23,466
678,train,678,468
679,train,196,469
680,train,680,470
681,train,681,471
682,train,682,472
684,train,684,474
690,train,690,475
694,train,307,476
695,train,695,477
702,train,702,484
705,train,170,486
707,train,707,488
708,train,708,489
710,train,710,491
712,train,249,492
716,train,716,493
719,train,719,495
721,train,98,496
722,train,722,497
725,train,725,498
728,train,79,501
731,train,731,502
734,train,734,503
735,train,735,504
745,train,745,509
746,train,746,510
747,train,747,511
748,train,748,512
752,train,752,513
753,train,200,514
755,train,357,516
757,train,757,518
759,train,759,519
763,train,763,522
764,train,764,523
766,train,766,524
767,train,767,525
768,train,766,526
769,train,766,527
771,train,771,528
772,train,766,529
773,train,773,530
774,train,774,531
776,train,776,532
778,train,778,533
780,train,780,534
781,train,781,535
783,train,783,537
786,train,786,538
787,train,787,539
789,train,789,540
792,train,792,543
793,train,793,544
795,train,795,545
796,train,796,546
799,train,799,549
801,train,801,551
803,train,803,553
804,train,804,554
806,train,806,556
809,train,809,558
811,train,811,560
813,train,813,562
815,train,815,564
818,train,763,566
819,train,819,567
821,train,821,569
823,train,823,570
825,train,825,571
828,train,456,573
829,train,18,574
830,train,830,575
832,train,832,577
834,train,834,579
837,train,837,582
840,train,230,584
841,train,841,585
842,train,842,586
844,train,471,588
845,train,845,589
848,train,848,591
849,train,849,592
850,train,850,593
851,train,850,594
852,train,819,595
856,train,856,598
858,train,858,599
860,train,860,601
861,train,861,602
862,train,862,603
863,train,863,604
864,train,864,605
867,train,867,607
868,train,868,608
873,train,82,611
874,train,874,612
875,train,875,613
880,train,880,616
881,train,881,617
882,train,882,618
883,train,883,619
884,train,884,620
886,train,886,621
887,train,887,622
888,train,888,623
889,train,889,624
890,train,890,625
891,train,891,626
892,train,892,627
895,train,895,629
897,train,897,631
898,train,898,632
902,train,902,635
904,train,904,637
905,train,905,638
907,train,907,640
908,train,908,641
910,train,910,642
912,train,912,644
915,train,915,645
916,train,916,646
917,train,917,647
918,train,918,648
920,train,920,649
922,train,922,651
923,train,923,652
924,train,924,653
925,train,925,654
926,train,926,655
927,train,927,656
928,train,928,657
929,train,929,658
930,train,930,659
931,train,811,660
932,train,932,661
934,train,934,662
936,train,936,663
937,train,937,664
938,train,938,665
940,train,940,667
944,train,944,669
945,train,944,670
947,train,947,672
948,train,948,673
949,train,949,674
951,train,951,676
952,train,952,677
954,train,954,678
955,train,955,679
960,train,234,684
962,train,962,686
965,train,965,688
966,train,966,689
967,train,967,690
970,train,970,693
971,train,971,694
973,train,973,696
974,train,974,697
975,train,975,698
977,train,977,699
978,train,978,700
979,train,979,701
980,train,980,702
981,train,981,703
983,train,983,705
984,train,984,706
986,train,986,708
987,train,987,709
989,train,989,711
990,train,990,712
998,train,998,717
999,train,999,718
1005,train,1005,721
1006,train,1006,722
1008,train,1008,724
1010,train,1010,726
1011,train,1011,727
1013,train,1013,729
1014,train,1014,730
1015,train,1015,731
1016,train,1016,732
1019,train,1019,734
1020,train,1020,735
1021,train,1021,736
1024,train,1024,738
1027,train,1027,741
1031,train,1031,745
1033,train,1033,747
1034,train,1034,748
1035,train,1035,749
1036,train,1036,750
1040,train,1040,754
1041,train,1041,755
1044,train,1044,758
1045,train,1045,759
1046,train,1046,760
1048,train,1048,761
1049,train,1049,762
1052,train,1052,765
1053,train,1053,766
1056,train,1056,767
1057,train,47,768
1058,train,1058,769
1059,train,1059,770
1060,train,1060,771
1062,train,1062,773
1063,train,1063,774
1064,train,1064,775
1065,train,1065,776
1066,train,1066,777
1068,train,1068,779
1070,train,1070,781
1072,train,1072,783
1073,train,1073,784
1074,train,1074,785
1075,train,1075,786
1076,train,1076,787
1077,train,1077,788
1078,train,47,789
1080,train,1080,791
1081,train,1066,792
1082,train,1074,793
1083,train,1083,794
1084,train,881,795
1085,train,1066,796
1086,train,1066,797
1087,train,1066,798
1089,train,47,800
1090,train,1090,801
1091,train,47,802
1093,train,47,804
1094,train,1074,805
1095,train,881,806
1098,train,789,808
1099,train,1099,809
1100,train,1100,810
1103,train,1103,813
1104,train,1104,814
1106,train,1106,815
1107,train,1107,816
1108,train,929,817
1111,train,1111,820
1112,train,1112,821
1113,train,1113,822
1114,train,1114,823
1116,train,1116,824
1117,train,1117,825
1118,train,1118,826
1119,train,980,827
1121,train,1121,829
1122,train,1122,830
1123,train,1123,831
1124,train,1124,832
1125,train,1010,833
1127,train,1127,835
1129,train,1129,837
1132,train,1132,840
1135,train,1135,843
1136,train,1136,844
1137,train,1075,845
1139,train,1139,846
1141,train,1141,847
1144,train,1144,850
1148,train,1148,852
1149,train,379,853
1152,train,801,855
1157,train,1157,859
1159,train,898,860
1160,train,1160,861
1162,train,1162,863
1167,train,1167,864
1171,train,1171,867
1172,train,1172,868
1173,train,317,869
1180,train,1180,873
1181,train,1181,874
1182,train,1182,875
1183,train,1183,876
1185,train,1185,877
1186,train,1186,878
1188,train,1188,880
1189,train,1189,881
1190,train,1189,882
1198,train,955,886
1199,train,801,887
1200,train,1200,888
1205,train,1205,890
1210,train,1210,892
1211,train,1211,893
1215,train,47,895
1216,train,1066,896
1218,train,47,897
1225,train,1225,903
1226,train,1226,904
1228,train,1104,905
1232,train,1232,907
1233,train,1189,908
1235,train,564,910
1239,train,1239,911
1240,train,1240,912
1241,train,1241,913
1242,train,1241,914
1244,train,1244,916
1245,train,1245,917
1246,train,1246,918
1249,train,1249,921
1250,train,1250,922
1251,train,1251,923
1252,train,1252,924
1254,train,1254,926
1261,train,383,933
1264,train,1264,936
1268,train,469,939
1270,train,787,940
1272,train,1272,942
1273,train,1273,943
1276,train,1276,946
1280,train,307,949
1281,train,1281,950
1282,train,1282,951
1283,train,1283,952
1284,train,1284,953
1285,train,1285,954
1290,train,1290,958
1292,train,1292,959
1295,train,1295,961
1296,train,1296,962
1299,train,1299,965
1300,train,1300,966
1301,train,1301,967
1302,train,1302,968
1306,train,1306,972
1308,train,1308,974
1309,train,1309,975
1313,train,1313,979
1314,train,1314,980
1321,train,1139,987
1322,train,47,988
1323,train,486,989
1326,train,1326,991
1327,train,842,992
1329,train,1329,994
1330,train,811,995
1331,train,1331,996
1333,train,1333,998
1334,train,1334,999
1335,train,1335,1000
1336,train,1336,1001
1338,train,1338,1003
1339,train,1339,1004
1341,train,1341,1006
1343,train,1343,1008
1345,train,1345,1010
1346,train,1346,1011
1347,train,1347,1012
1348,train,376,1013
1351,train,1351,1015
1352,train,1352,1016
1353,train,1353,1017
1355,train,1355,1019
1358,train,1358,1020
1359,train,1359,1021
1360,train,1360,1022
1362,train,1362,1024
1363,train,1363,1025
1364,train,1364,1026
1365,train,1136,1027
1367,train,1367,1029
1368,train,1368,1030
1369,train,1369,1031
1370,train,1370,1032
1372,train,1372,1034
1373,train,1373,1035
1379,train,128,1039
1380,train,1380,1040
1383,train,1383,1043
1386,train,1386,1045
1389,train,1362,1048
1390,train,1390,1049
1391,train,1391,1050
1392,train,1391,1051
1393,train,1393,1052
1395,train,423,1054
1397,train,1397,1056
1399,train,1399,1058
1402,train,1402,1060
1404,train,1404,1062
1405,train,627,1063
1406,train,627,1064
1407,train,1407,1065
1410,train,1410,1067
1411,train,1411,1068
1412,train,1412,1069
1413,train,1413,1070
1416,train,82,1072
1419,train,1419,1075
1420,train,20,1076
1422,train,1422,1077
1424,train,627,1079
1425,train,627,1080
1427,train,898,1082
1429,train,623,1084
1430,train,1430,1085
1431,train,623,1086
1438,train,1438,1093
1439,train,23,1094
1440,train,200,1095
1442,train,1442,1097
1443,train,1443,1098
1445,train,30,1100
1446,train,1446,1101
1449,train,1449,1104
1451,train,1451,1106
1452,train,1452,1107
1453,train,1453,1108
1454,train,1454,1109
1455,train,1455,1110
1457,train,1451,1112
1459,train,811,1114
1460,train,1460,1115
1461,train,1461,1116
1463,train,1463,1118
1467,train,1467,1121
1470,train,1470,1124
1471,train,1470,1125
1474,train,1474,1127
1475,train,1475,1128
1478,train,1478,1130
1479,train,1479,1131
1481,train,1481,1133
1483,train,1483,1135
1484,train,1484,1136
1485,train,1485,1137
1486,train,1486,1138
1488,train,1488,1140
1489,train,1489,1141
1491,train,1491,1143
1492,train,1492,1144
1493,train,47,1145
1494,train,1494,1146
1497,train,1497,1148
1498,train,763,1149
1500,train,456,1151
1501,train,456,1152
1504,train,1504,1154
1508,train,299,1157
1511,train,1511,1158
1519,train,1519,1164
1520,train,1520,1165
1522,train,1522,1166
1523,train,1523,1167
1527,train,811,1169
1528,train,1528,1170
1529,train,1446,1171
1531,train,1531,1173
1533,train,1533,1175
1534,train,1534,1176
1536,train,832,1177
1537,train,1537,1178
1538,train,1538,1179
1539,train,566,1180
1546,train,811,1185
1547,train,1460,1186
1548,train,1548,1187
1549,train,1549,1188
1550,train,293,1189
1554,train,1554,1193
1557,train,796,1195
1558,train,196,1196
1559,train,1559,1197
1560,train,1560,1198
1561,train,1561,1199
1563,train,1397,1201
1567,train,1567,1202
1571,train,1571,1205
1573,train,1573,1207
1574,train,1189,1208
1577,train,1577,1209
1578,train,801,1210
1581,train,1581,1213
1582,train,1582,1214
1583,train,210,1215
1584,train,1584,1216
1586,train,47,1217
1587,train,1587,1218
1589,train,1589,1219
1591,train,1591,1221
1593,train,1593,1223
1595,train,1595,1225
1597,train,1597,1227
1598,train,1598,1228
1599,train,1599,1229
1600,train,1066,1230
1607,train,1607,1234
1608,train,1607,1235
1610,train,1610,1236
1612,train,842,1238
1613,train,94,1239
1614,train,1614,1240
1615,train,94,1241
1616,train,947,1242
1618,train,1618,1244
1620,train,1620,1246
1626,train,1626,1247
1627,train,1627,1248
1628,train,1628,1249
1629,train,16,1250
1632,train,1632,1253
1633,train,1633,1254
1641,train,1641,1259
1642,train,1642,1260
1643,train,1643,1261
1644,train,1644,1262
1646,train,1646,1264
1648,train,1648,1265
1649,train,842,1266
1651,train,1460,1268
1656,train,1656,1272
1660,train,1660,1275
1661,train,1661,1276
1662,train,1662,1277
1663,train,1333,1278
1664,train,1664,1279
1665,train,1665,1280
1666,train,1666,1281
1667,train,1667,1282
1668,train,1668,1283
1669,train,1669,1284
1670,train,1670,1285
1672,train,1672,1287
1674,train,1674,1288
1676,train,1676,1290
1677,train,1677,1291
1681,train,1681,1294
1683,train,1683,1296
1685,train,1685,1298
1686,train,1644,1299
1687,train,1687,1300
1688,train,1644,1301
1689,train,1644,1302
1690,train,1685,1303
1693,train,1352,1306
1694,train,1694,1307
1698,train,1308,1309
1699,train,1699,1310
1700,train,1700,1311
1702,train,1702,1312
1703,train,1703,1313
1704,train,1704,1314
1705,train,1705,1315
1707,train,1707,1317
1708,train,1705,1318
1709,train,1709,1319
1710,train,1710,1320
1711,train,1711,1321
1713,train,1709,1322
1714,train,1714,1323
1715,train,1715,1324
1717,train,1717,1326
1720,train,1720,1329
1721,train,1721,1330
1722,train,1722,1331
1723,train,1723,1332
1726,train,1726,1335
1727,train,799,1336
1728,train,799,1337
1729,train,1285,1338
1730,train,1730,1339
1733,train,1733,1341
1734,train,801,1342
1736,train,1627,1343
1737,train,801,1344
1738,train,801,1345
1739,train,1739,1346
1743,train,1036,1350
1746,train,1687,1352
1747,train,1687,1353
1748,train,1748,1354
1749,train,1749,1355
1750,train,1750,1356
1751,train,1751,1357
1756,train,1066,1362
1757,train,1066,1363
1758,train,881,1364
1759,train,881,1365
1761,train,1761,1366
1762,train,1762,1367
1763,train,1762,1368
1764,train,1764,1369
1766,train,1766,1370
1767,train,1767,1371
1768,train,1186,1372
1769,train,1769,1373
1770,train,1770,1374
1771,train,1771,1375
1772,train,1772,1376
1773,train,1773,1377
1776,train,47,1380
1779,train,1522,1382
1780,train,1780,1383
1781,train,230,1384
1782,train,1782,1385
1783,train,1783,1386
1785,train,1785,1388
1789,train,834,1392
1790,train,1790,1393
1792,train,1792,1395
1793,train,1793,1396
1794,train,1794,1397
1796,train,1796,1399
1797,train,1797,1400
1798,train,1798,1401
1799,train,1799,1402
1800,train,1800,1403
1802,train,1802,1405
1803,train,1803,1406
1805,train,1805,1407
1807,train,1807,1408
1808,train,1808,1409
1810,train,1810,1411
1812,train,1492,1413
1813,train,881,1414
1814,train,1814,1415
1816,train,1816,1417
1817,train,1817,1418
1820,train,1820,1420
1821,train,1821,1421
1822,train,1822,1422
1824,train,1824,1424
1826,train,1826,1426
1827,train,1827,1427
1829,train,1829,1429
1835,train,1835,1433
1838,train,1838,1436
1839,train,1839,1437
1842,train,1842,1440
1844,train,1844,1441
1845,train,1797,1442
1846,train,1796,1443
1847,train,1847,1444
1852,train,1852,1449
1853,train,1853,1450
1855,train,1855,1452
1857,train,763,1453
1858,train,1858,1454
1859,train,1859,1455
1860,train,763,1456
1861,train,763,1457
1864,train,1864,1458
1866,train,1866,1460
1867,train,1867,1461
1868,train,1868,1462
1869,train,1869,1463
1870,train,1870,1464
1872,train,1066,1466
1875,train,1875,1469
1876,train,1876,1470
1877,train,1877,1471
1879,train,1879,1473
1880,train,1880,1474
1882,train,1882,1476
1884,train,1884,1477
1887,train,1887,1479
1889,train,1889,1480
1891,train,1796,1482
1892,train,1892,1483
1899,train,1899,1488
1900,train,1900,1489
1901,train,1901,1490
1903,train,1903,1491
1905,train,1905,1493
1906,train,1906,1494
1907,train,47,1495
1909,train,1909,1496
1910,train,1074,1497
1914,train,1914,1501
1915,train,1915,1502
1918,train,1284,1505
1919,train,1284,1506
1920,train,1797,1507
1921,train,1921,1508
1924,train,1100,1509
1925,train,1925,1510
1926,train,1926,1511
1929,train,1929,1512
1932,train,1932,1514
1933,train,1933,1515
1934,train,1932,1516
1936,train,1936,1517
1937,train,1937,1518
1938,train,1938,1519
1940,train,253,1521
1942,train,1942,1523
1943,train,1903,1524
1944,train,1944,1525
1947,train,1947,1527
1948,train,1948,1528
1949,train,1949,1529
1950,train,1950,1530
1952,train,1952,1531
1953,train,1953,1532
1955,train,1955,1534
1957,train,1957,1536
1958,train,1958,1537
1959,train,1959,1538
1962,train,1962,1541
1963,train,1963,1542
1964,train,1964,1543
1965,train,1958,1544
1967,train,1842,1546
1970,train,1970,1548
1971,train,1971,1549
1972,train,1972,1550
1974,train,1932,1551
1976,train,763,1553
1978,train,763,1554
1979,train,1979,1555
1980,train,1980,1556
1982,train,1982,1558
1983,train,1983,1559
1985,train,47,1560
1986,train,1986,1561
1988,train,1988,1562
1989,train,1989,1563
1990,train,1990,1564
1991,train,1062,1565
1994,train,1994,1567
1995,train,1995,1568
1996,train,1996,1569
1997,train,1997,1570
1999,train,383,1572
2000,train,2000,1573
2007,train,2007,1576
2009,train,1300,1578
2010,train,2010,1579
2011,train,2011,1580
2013,train,2013,1582
2015,train,196,1584
2016,train,2016,1585
2019,train,2019,1588
2021,train,2021,1590
2022,train,2021,1591
2023,train,2023,1592
2024,train,2021,1593
2032,train,2032,1599
2040,train,2040,1606
2042,train,763,1607
2043,train,763,1608
2045,train,2045,1609
2046,train,2046,1610
2047,train,2045,1611
2049,train,33,1613
2054,train,799,1614
2056,train,2056,1615
2059,train,47,1616
2060,train,2060,1617
2062,train,2062,1619
2063,train,2063,1620
2064,train,2064,1621
2067,train,2067,1623
2068,train,2068,1624
2069,train,2069,1625
2070,train,2070,1626
2071,train,2071,1627
2076,train,2076,1629
2078,train,1300,1630
2080,train,1963,1632
2081,train,2081,1633
2083,train,2083,1635
2084,train,2084,1636
2086,train,2086,1638
2087,train,2087,1639
2090,train,1932,1641
2093,train,230,1643
2095,train,1859,1645
2102,train,2102,1648
2103,train,1805,1649
2104,train,1805,1650
2105,train,2105,1651
2106,train,1805,1652
2108,train,2108,1654
2111,train,2111,1656
2116,train,2116,1660
2118,train,2118,1661
2121,train,2121,1662
2126,train,2126,1665
2127,train,789,1666
2129,train,789,1668
2134,train,763,1670
2137,train,63,1672
2138,train,2138,1673
2139,train,2139,1674
2140,train,1868,1675
2141,train,2141,1676
2145,train,1066,1680
2147,train,2147,1682
2149,train,2149,1684
2150,train,2150,1685
2153,train,2153,1687
2154,train,1826,1688
2155,train,2155,1689
2156,train,2156,1690
2162,train,2162,1696
2163,train,2163,1697
2164,train,2164,1698
2166,train,2166,1700
2167,train,2167,1701
2168,train,2168,1702
2169,train,79,1703
2171,train,2083,1705
2172,train,1797,1706
2174,train,2174,1708
2178,train,2178,1709
2180,train,2180,1710
2181,train,2181,1711
2182,train,2182,1712
2183,train,2183,1713
2192,train,253,1719
2193,train,1306,1720
2196,train,2196,1722
2198,train,2198,1724
2208,train,2208,1732
2211,train,2211,1735
2212,train,2212,1736
2214,train,2214,1738
2216,train,2216,1740
2217,train,2217,1741
2219,train,2219,1742
2221,train,2221,1744
2222,train,2222,1745
2224,train,2224,1747
2231,train,1751,1751
2232,train,2232,1752
2233,train,2233,1753
2234,train,2181,1754
2235,train,2235,1755
2236,train,2236,1756
2237,train,2237,1757
2238,train,2238,1758
2240,train,2240,1760
2241,train,2241,1761
2242,train,2242,1762
2243,train,2243,1763
2245,train,2245,1765
2249,train,2249,1769
2250,train,406,1770
2255,train,2255,1775
2256,train,2256,1776
2260,train,2255,1780
2261,train,2255,1781
2262,train,2262,1782
2267,train,2267,1787
2268,train,2268,1788
2272,train,947,1791
2276,train,2276,1794
2278,train,2278,1796
2279,train,2208,1797
2281,train,2281,1799
2282,train,2282,1800
2289,train,2289,1804
2290,train,2040,1805
2292,train,2292,1806
2294,train,2294,1808
2295,train,2295,1809
2296,train,2296,1810
2298,train,2298,1812
2299,train,2299,1813
2306,train,2306,1818
2307,train,2307,1819
2308,train,2308,1820
2310,train,2310,1822
2311,train,2311,1823
2312,train,979,1824
2314,train,2314,1825
2318,train,734,1829
2320,train,2221,1830
2321,train,2321,1831
2326,train,2326,1832
2327,train,2327,1833
2329,train,2329,1835
2330,train,2330,1836
2335,train,2335,1841
2336,train,2336,1842
2337,train,2337,1843
2339,train,2339,1845
2340,train,2340,1846
2341,train,710,1847
2351,train,2351,1856
2353,train,1211,1857
2354,train,230,1858
2355,train,1903,1859
2357,train,2357,1860
2361,train,2361,1864
2362,train,2362,1865
2364,train,2364,1866
2365,train,2365,1867
2367,train,2367,1869
2368,train,2367,1870
2369,train,2369,1871
2370,train,2370,1872
2372,train,2367,1874
2374,train,2221,1876
2377,train,2377,1877
2379,train,2377,1878
2382,train,2382,1880
2387,train,2387,1883
2392,train,2392,1886
2393,train,2393,1887
2394,train,2394,1888
2399,train,2399,1892
2402,train,2402,1893
2405,train,2405,1896
2408,train,2408,1897
2412,train,2412,1900
2413,train,2413,1901
2414,train,2414,1902
2415,train,793,1903
2418,train,2367,1906
2420,train,2420,1908
2422,train,2422,1910
2425,train,2425,1912
2427,train,2427,1914
2430,train,2306,1917
2431,train,2431,1918
2432,train,2432,1919
2433,train,2433,1920
2434,train,2394,1921
2440,train,2440,1926
2442,train,2442,1928
2443,train,2443,1929
2448,train,2448,1934
2449,train,2449,1935
2450,train,2450,1936
2452,train,2452,1938
2453,train,230,1939
2456,train,2456,1942
2458,train,2458,1944
2459,train,2459,1945
2460,train,2460,1946
2461,train,2461,1947
2463,train,2463,1949
2465,train,2465,1951
2466,train,196,1952
2467,train,122,1953
2468,train,82,1954
2469,train,1157,1955
2470,train,1036,1956
2472,train,2472,1958
2477,train,2477,1962
2480,train,2480,1963
2482,train,2482,1964
2484,train,2484,1966
2485,train,2485,1967
2487,train,2487,1969
2489,train,2489,1971
2490,train,249,1972
2491,train,307,1973
2492,train,307,1974
2493,train,2493,1975
2494,train,2330,1976
2495,train,2495,1977
2497,train,2497,1979
2498,train,2498,1980
2499,train,2499,1981
2500,train,1730,1982
2501,train,2501,1983
2502,train,2502,1984
2504,train,2504,1985
2505,train,1367,1986
2508,train,937,1989
2510,train,2510,1991
2511,train,2511,1992
2519,train,2519,1996
2521,train,623,1998
2522,train,2449,1999
2525,train,2525,2000
2526,train,2526,2001
2528,train,2528,2003
2529,train,2529,2004
2531,train,2531,2005
2534,train,2534,2007
2535,train,962,2008
2538,train,1160,2010
2539,train,920,2011
2540,train,2540,2012
2544,train,2544,2015
2545,train,2545,2016
2546,train,1345,2017
2548,train,2548,2018
2549,train,2548,2019
2550,train,2548,2020
2552,train,2552,2021
2553,train,2553,2022
2555,train,2555,2023
2556,train,1189,2024
2557,train,1189,2025
2558,train,746,2026
2559,train,2559,2027
2560,train,2559,2028
2561,train,2559,2029
2562,train,2559,2030
2564,train,1299,2032
2565,train,2565,2033
2566,train,2565,2034
2573,train,2573,2038
2574,train,2574,2039
2578,train,2578,2042
2585,train,2585,2045
2586,train,2586,2046
2587,train,2586,2047
2589,train,2589,2049
2590,train,2590,2050
2591,train,2591,2051
2593,train,2593,2053
2594,train,2593,2054
2596,train,2596,2056
2597,train,2597,2057
2598,train,2598,2058
2600,train,2600,2059
2601,train,2559,2060
2602,train,2559,2061
2603,train,2603,2062
2604,train,2604,2063
2605,train,2605,2064
2609,train,2609,2066
2611,train,2611,2067
2612,train,2612,2068
2613,train,979,2069
2618,train,2618,2073
2621,train,1672,2075
2622,train,2622,2076
2624,train,2624,2078
2628,train,2628,2079
2632,train,2632,2082
2633,train,2633,2083
2634,train,2633,2084
2637,train,2637,2085
2638,train,2638,2086
2639,train,2639,2087
2640,train,2640,2088
2641,train,2511,2089
2642,train,2548,2090
2644,train,799,2091
2646,train,2646,2092
2648,train,2648,2094
2649,train,2648,2095
2650,train,2648,2096
2651,train,1827,2097
2652,train,2652,2098
2659,train,2659,2099
2660,train,2660,2100
2662,train,2662,2102
2665,train,1958,2105
2666,train,1299,2106
2667,train,249,2107
2669,train,2669,2109
2670,train,2670,2110
2674,train,2224,2112
2675,train,2675,2113
2676,train,2676,2114
2680,train,2680,2116
2682,train,2682,2117
2683,train,2683,2118
2684,train,2684,2119
2687,train,2687,2121
2690,train,2690,2123
2691,train,2691,2124
2693,train,2693,2126
2698,train,2698,2131
2699,train,1006,2132
2700,train,2700,2133
2705,train,2705,2136
2706,train,2706,2137
2709,train,210,2139
2710,train,2710,2140
2711,train,2711,2141
2714,train,2714,2143
2716,train,2716,2145
2720,train,2720,2148
2721,train,2721,2149
2722,train,2720,2150
2727,train,2727,2153
2728,train,2720,2154
2729,train,2720,2155
2730,train,2730,2156
2731,train,253,2157
2735,train,2735,2159
2736,train,2720,2160
2753,train,2586,2172
2755,train,2755,2174
2757,train,2757,2176
2758,train,2758,2177
2759,train,2759,2178
2761,train,2761,2180
2764,train,2764,2182
2768,train,2768,2185
2770,train,2586,2187
2772,train,2772,2189
2773,train,2648,2190
2774,train,2698,2191
2775,train,2775,2192
2778,train,2778,2195
2779,train,2779,2196
2781,train,2781,2198
2782,train,2782,2199
2784,train,269,2200
2788,train,2788,2203
2789,train,1868,2204
2791,train,2791,2206
2793,train,2793,2208
2794,train,1868,2209
2800,train,2800,2214
2803,train,2803,2216
2808,train,415,2221
2809,train,1046,2222
2830,train,2830,2230
2831,train,2831,2231
2832,train,2832,2232
2834,train,2834,2234
2835,train,2835,2235
2836,train,2836,2236
2837,train,1903,2237
2838,train,1903,2238
2840,train,1189,2239
2841,train,2793,2240
2842,train,1995,2241
2847,train,1308,2242
2849,train,973,2244
2850,train,1797,2245
2853,train,1859,2248
2854,train,2854,2249
2855,train,2855,2250
2858,train,2858,2252
2859,train,2859,2253
2860,train,1792,2254
2861,train,1796,2255
2862,train,1796,2256
2864,train,279,2258
2865,train,2865,2259
2866,train,2866,2260
2870,train,1367,2263
2874,train,2874,2266
2878,train,2878,2268
2884,train,2884,2274
2887,train,1868,2275
2888,train,2888,2276
2889,train,2889,2277
2890,train,2890,2278
2891,train,2526,2279
2894,train,2894,2280
2895,train,2895,2281
2896,train,2895,2282
2897,train,2895,2283
2898,train,2895,2284
2899,train,2895,2285
2901,train,2895,2287
2902,train,2895,2288
2903,train,2895,2289
2904,train,2895,2290
2905,train,2895,2291
2906,train,2906,2292
2908,train,2908,2293
2909,train,2909,2294
2910,train,2217,2295
2911,train,2911,2296
2912,train,2912,2297
2913,train,2913,2298
2916,train,2164,2300
2917,train,2164,2301
2918,train,2164,2302
2919,train,2919,2303
2920,train,2920,2304
2921,train,2920,2305
2922,train,2920,2306
2923,train,2923,2307
2925,train,2919,2309
2926,train,2919,2310
2927,train,2919,2311
2929,train,1360,2313
2932,train,2932,2315
2933,train,987,2316
2936,train,2936,2319
2937,train,2937,2320
2939,train,2939,2321
2940,train,2940,2322
2942,train,2942,2324
2944,train,2944,2326
2945,train,2945,2327
2946,train,2946,2328
2948,train,2948,2330
2949,train,1792,2331
2951,train,2660,2333
2955,train,2878,2337
2956,train,2956,2338
2957,train,2895,2339
2958,train,2895,2340
2959,train,2895,2341
2962,train,2962,2343
2970,train,2970,2350
2971,train,2971,2351
2973,train,2973,2352
2975,train,2565,2353
2976,train,2565,2354
2979,train,2011,2356
2989,train,2989,2362
2990,train,2990,2363
2992,train,249,2364
2993,train,2993,2365
2997,train,2997,2368
3002,train,299,2371
3003,train,229,2372
3004,train,2895,2373
3006,train,789,2375
3009,train,3009,2378
3013,train,307,2381
3014,train,3014,2382
3015,train,2413,2383
3019,train,973,2385
3020,train,973,2386
3021,train,3021,2387
3023,train,420,2389
3029,train,3029,2394
3031,train,3031,2395
3032,train,3032,2396
3034,train,3034,2397
3036,train,249,2399
3038,train,3038,2401
3039,train,3039,2402
3040,train,230,2403
3042,train,3042,2405
3043,train,3043,2406
3046,train,3046,2409
3047,train,3047,2410
3048,train,3048,2411
3049,train,3049,2412
3055,train,3055,2417
3057,train,3057,2419
3059,train,3059,2420
3063,train,3063,2424
3065,train,3065,2426
3066,train,3066,2427
3068,train,3068,2429
3069,train,3069,2430
3070,train,3069,2431
3071,train,3071,2432
3073,train,2895,2433
3075,train,789,2434
3076,train,789,2435
3077,train,789,2436
3078,train,3078,2437
3079,train,3079,2438
3080,train,845,2439
3081,train,845,2440
3082,train,3082,2441
3083,train,3083,2442
3086,train,3086,2445
3087,train,3086,2446
3088,train,3088,2447
3089,train,3089,2448
3090,train,3090,2449
3092,train,3092,2450
3098,train,1868,2455
3099,train,1868,2456
3100,train,3100,2457
3103,train,3103,2460
3104,train,1826,2461
3105,train,1826,2462
3106,train,3089,2463
3108,train,3108,2465
3110,train,3086,2467
3112,train,3112,2469
3113,train,3113,2470
3114,train,3114,2471
3115,train,3115,2472
3117,train,249,2473
3118,train,249,2474
3119,train,249,2475
3120,train,249,2476
3122,train,249,2478
3123,train,1853,2479
3124,train,3108,2480
3127,train,3127,2483
3131,train,1454,2487
3134,train,3134,2489
3142,train,3142,2496
3146,train,627,2497
3149,train,2102,2498
3150,train,3150,2499
3154,train,249,2503
3162,train,3162,2509
3163,train,3163,2510
3164,train,3164,2511
3169,train,3169,2512
3170,train,3170,2513
3171,train,3169,2514
3172,train,3172,2515
3173,train,3172,2516
3174,train,1983,2517
3175,train,3175,2518
3178,train,20,2521
3179,train,3179,2522
3180,train,3180,2523
3181,train,1353,2524
3182,train,3182,2525
3183,train,1011,2526
3185,train,603,2528
3188,train,3172,2531
3189,train,3189,2532
3192,train,3192,2534
3195,train,3195,2537
3197,train,3197,2538
3200,train,3200,2541
3201,train,3201,2542
3202,train,3202,2543
3203,train,3203,2544
3204,train,3203,2545
3205,train,2306,2546
3206,train,3206,2547
3207,train,3207,2548
3208,train,3208,2549
3210,train,3210,2551
3211,train,3210,2552
3212,train,3210,2553
3213,train,3213,2554
3215,train,1730,2556
3217,train,3217,2558
3226,train,3226,2562
3227,train,3227,2563
3230,train,3230,2565
3231,train,3231,2566
3232,train,3232,2567
3233,train,3233,2568
3241,train,3241,2575
3242,train,3242,2576
3243,train,3243,2577
3246,train,3246,2580
3249,train,3249,2582
3250,train,3249,2583
3253,train,3253,2586
3254,train,3254,2587
3258,train,3258,2590
3260,train,3260,2592
3261,train,3261,2593
3262,train,249,2594
3265,train,3265,2597
3267,train,3267,2599
3269,train,3269,2601
3272,train,3272,2603
3273,train,3273,2604
3274,train,3274,2605
3276,train,1046,2607
3279,train,3279,2609
3280,train,3280,2610
3285,train,3285,2614
3288,train,3288,2615
3295,train,3295,2618
3297,train,3297,2619
3298,train,1036,2620
3299,train,3299,2621
3300,train,3300,2622
3302,train,3302,2624
3303,train,3302,2625
3304,train,3304,2626
3306,train,3306,2628
3307,train,3307,2629
3308,train,3308,2630
3310,train,3310,2632
3312,train,3312,2633
3314,train,3314,2634
3315,train,3314,2635
3316,train,3314,2636
3317,train,3314,2637
3318,train,3314,2638
3322,train,3322,2641
3323,train,3322,2642
3324,train,3322,2643
3327,train,3327,2646
3328,train,3328,2647
3330,train,1668,2649
3331,train,3331,2650
3332,train,122,2651
3333,train,3333,2652
3334,train,2295,2653
3338,train,1626,2657
3339,train,1626,2658
3340,train,1531,2659
3341,train,3341,2660
3342,train,3342,2661
3344,train,3344,2663
3345,train,122,2664
3348,train,3348,2666
3355,train,3322,2670
3357,train,2335,2671
3359,train,3359,2673
3360,train,1504,2674
3364,train,757,2677
3365,train,757,2678
3366,train,3322,2679
3370,train,3370,2682
3374,train,2989,2683
3376,train,3376,2685
3378,train,3378,2687
3383,train,973,2691
3385,train,3385,2693
3391,train,1988,2698
3392,train,3392,2699
3396,train,3150,2702
3397,train,3397,2703
3399,train,3399,2704
3401,train,3401,2706
3402,train,3402,2707
3404,train,3404,2709
3405,train,3405,2710
3406,train,3406,2711
3408,train,3408,2712
3409,train,3409,2713
3410,train,122,2714
3411,train,3411,2715
3412,train,3412,2716
3413,train,3413,2717
3415,train,3415,2719
3416,train,3415,2720
3418,train,2361,2722
3419,train,3419,2723
3422,train,3422,2726
3423,train,3423,2727
3424,train,3424,2728
3426,train,3426,2729
3428,train,3428,2730
3430,train,2962,2731
3431,train,3431,2732
3436,train,2721,2737
3437,train,2586,2738
3438,train,3202,2739
3439,train,3202,2740
3440,train,3202,2741
3441,train,3441,2742
3443,train,3443,2743
3444,train,3444,2744
3445,train,3445,2745
3451,train,3202,2751
3452,train,3202,2752
3456,train,3456,2755
3457,train,3457,2756
3458,train,3458,2757
3459,train,1669,2758
3460,train,3460,2759
3461,train,3461,2760
3463,train,3463,2762
3466,train,3466,2765
3467,train,3467,2766
3468,train,3468,2767
3470,train,3470,2769
3471,train,3471,2770
3472,train,2919,2771
3473,train,999,2772
3474,train,623,2773
3476,train,3476,2775
3478,train,3478,2777
3479,train,3479,2778
3480,train,3480,2779
3481,train,3481,2780
3483,train,3483,2782
3484,train,3484,2783
3485,train,3485,2784
3486,train,979,2785
3487,train,3487,2786
3489,train,3489,2787
3490,train,3490,2788
3493,train,3493,2789
3494,train,3494,2790
3495,train,3495,2791
3496,train,3496,2792
3501,train,3501,2797
3504,train,3504,2800
3505,train,3505,2801
3506,train,3506,2802
3508,train,3508,2803
3509,train,3509,2804
3510,train,3510,2805
3511,train,3505,2806
3514,train,3514,2809
3516,train,3516,2811
3518,train,2889,2813
3521,train,3521,2816
3524,train,3524,2818
3528,train,2361,2821
3532,train,3532,2825
3534,train,3534,2826
3535,train,1285,2827
3536,train,3536,2828
3540,train,122,2831
3543,train,51,2834
3544,train,3544,2835
3545,train,3545,2836
3548,train,3548,2838
3549,train,3549,2839
3550,train,3550,2840
3551,train,842,2841
3552,train,3552,2842
3557,train,3557,2845
3558,train,3558,2846
3559,train,3559,2847
3561,train,16,2849
3562,train,2894,2850
3563,train,3563,2851
3564,train,3564,2852
3568,train,3568,2855
3569,train,3568,2856
3570,train,3570,2857
3572,train,3568,2858
3573,train,3568,2859
3574,train,3314,2860
3575,train,3575,2861
3576,train,3576,2862
3577,train,3577,2863
3578,train,3578,2864
3579,train,3579,2865
3581,train,3579,2867
3582,train,3579,2868
3592,train,3419,2873
3594,train,3594,2875
3596,train,3596,2877
3598,train,3598,2879
3601,train,3601,2881
3604,train,3604,2883
3606,train,3606,2885
3608,train,3608,2887
3610,train,3610,2888
3611,train,3611,2889
3614,train,3614,2892
3616,train,253,2893
3619,train,3069,2895
3620,train,3069,2896
3623,train,3623,2898
3624,train,3624,2899
3627,train,3260,2900
3628,train,1186,2901
3631,train,882,2904
3634,train,2528,2906
3635,train,3635,2907
3636,train,1099,2908
3639,train,3639,2909
3643,train,3643,2912
3645,train,3645,2914
3646,train,1792,2915
3647,train,3647,2916
3648,train,3648,2917
3649,train,3649,2918
3650,train,1868,2919
3656,train,2361,2920
3657,train,1451,2921
3660,train,3660,2922
3661,train,3661,2923
3662,train,3662,2924
3665,train,3665,2927
3666,train,819,2928
3670,train,1162,2932
3674,train,3674,2936
3675,train,3675,2937
3680,train,3680,2942
3681,train,3681,2943
3683,train,3683,2945
3684,train,3135,2946
3686,train,3686,2947
3689,train,3689,2948
3690,train,3690,2949
3691,train,3691,2950
3692,train,3691,2951
3693,train,3693,2952
3697,train,3415,2954
3700,train,3700,2956
3702,train,3702,2958
3704,train,210,2960
3710,train,1826,2963
3712,train,3712,2965
3714,train,3714,2967
3717,train,3717,2969
3718,train,420,2970
3719,train,2676,2971
3720,train,3720,2972
3726,train,3726,2977
3728,train,3728,2979
3729,train,3729,2980
3731,train,3731,2981
3733,train,3733,2983
3735,train,3735,2984
3740,train,3740,2989
3742,train,3150,2991
3745,train,3745,2994
3747,train,3747,2996
3748,train,3748,2997
3751,train,1868,2998
3752,train,1785,2999
3753,train,3753,3000
3755,train,3755,3002
3756,train,3756,3003
3759,train,3759,3006
3761,train,3761,3008
3762,train,3762,3009
3764,train,3764,3011
3765,train,3765,3012
3767,train,3767,3013
3768,train,3768,3014
3771,train,1010,3015
3774,train,3774,3018
3775,train,3775,3019
3776,train,848,3020
3778,train,3778,3022
3779,train,3779,3023
3781,train,3781,3025
3783,train,3783,3027
3785,train,3785,3028
3786,train,3786,3029
3788,train,3788,3031
3790,train,3790,3033
3792,train,3792,3035
3794,train,3794,3037
3795,train,3795,3038
3796,train,3796,3039
3797,train,1100,3040
3799,train,3799,3041
3800,train,3800,3042
3801,train,3801,3043
3802,train,3802,3044
3803,train,3803,3045
3807,train,3807,3048
3809,train,3809,3050
3810,train,3810,3051
3811,train,3811,3052
3813,train,3813,3053
3814,train,3814,3054
3816,train,3816,3055
3821,train,3821,3059
3823,train,2281,3061
3824,train,3824,3062
3827,train,3827,3064
3828,train,3828,3065
3829,train,3829,3066
3833,train,3833,3069
3839,train,3839,3075
3841,train,3841,3077
3843,train,3843,3079
3853,train,3853,3089
3854,train,3853,3090
3858,train,3858,3093
3859,train,3859,3094
3860,train,3860,3095
3861,train,3861,3096
3870,train,3870,3105
3872,train,3870,3106
3874,train,3874,3108
3875,train,3731,3109
3877,train,3860,3110
3879,train,3879,3112
3883,train,3883,3114
3884,train,973,3115
3889,train,3889,3118
3890,train,970,3119
3893,train,1584,3122
3894,train,3894,3123
3897,train,2067,3126
3898,train,3898,3127
3899,train,3899,3128
3902,train,3902,3131
3903,train,1283,3132
3904,train,3904,3133
3906,train,3906,3135
3910,train,3910,3139
3911,train,3911,3140
3913,train,3913,3142
3914,train,3914,3143
3915,train,3915,3144
3916,train,3916,3145
3917,train,3917,3146
3918,train,3917,3147
3919,train,3919,3148
3920,train,3920,3149
3921,train,3921,3150
3924,train,3924,3152
3925,train,3925,3153
3927,train,3927,3155
3928,train,3928,3156
3929,train,3929,3157
3930,train,3928,3158
3932,train,1,3160
3933,train,3933,3161
3934,train,3934,3162
3936,train,3415,3163
3937,train,3937,3164
3939,train,3939,3166
3940,train,811,3167
3944,train,3944,3171
3947,train,3947,3174
3948,train,3948,3175
3950,train,2919,3177
3951,train,3951,3178
3952,train,3952,3179
3953,train,3953,3180
3954,train,3953,3181
3955,train,3955,3182
3957,train,3957,3184
3958,train,30,3185
3960,train,3960,3187
3961,train,3961,3188
3962,train,3951,3189
3964,train,3964,3191
3967,train,3967,3193
3970,train,3970,3195
3972,train,1664,3197
3975,train,3975,3199
3976,train,3976,3200
3978,train,682,3202
3983,train,2164,3207
3985,train,3985,3209
3988,train,3988,3211
3990,train,3990,3212
3991,train,3991,3213
3993,train,2648,3214
3994,train,3994,3215
3995,train,3995,3216
3996,train,3996,3217
4000,train,4000,3219
4003,train,2920,3221
4004,train,3150,3222
4009,train,4009,3226
4011,train,4011,3228
4012,train,4012,3229
4014,train,682,3230
4015,train,2102,3231
4018,train,4018,3234
4022,train,2102,3237
4025,train,4025,3240
4026,train,4026,3241
4027,train,4027,3242
4029,train,4029,3244
4030,train,4030,3245
4031,train,4031,3246
4032,train,4032,3247
4033,train,4033,3248
4034,train,4034,3249
4035,train,4035,3250
4037,train,4037,3252
4038,train,4038,3253
4039,train,4039,3254
4041,train,2526,3255
4043,train,2832,3256
4046,train,4046,3258
4047,train,4047,3259
4052,train,4052,3262
4055,train,4055,3265
4056,train,4056,3266
4057,train,4057,3267
4058,train,4058,3268
4062,train,1300,3272
4063,train,1300,3273
4064,train,1300,3274
4066,train,4066,3276
4067,train,1113,3277
4068,train,4068,3278
4073,train,4073,3280
4077,train,4077,3284
4085,train,4085,3288
4088,train,4088,3291
4089,train,3210,3292
4091,train,970,3293
4093,train,4093,3294
4094,train,3169,3295
4095,train,4095,3296
4096,train,4095,3297
4097,train,4097,3298
4098,train,4098,3299
4099,train,2781,3300
4101,train,4101,3301
4102,train,4102,3302
4103,train,4103,3303
4104,train,4104,3304
4105,train,4105,3305
4106,train,4106,3306
4108,train,4108,3308
4109,train,4109,3309
4110,train,2684,3310
4114,train,4114,3314
4116,train,4116,3316
4117,train,3169,3317
4118,train,4095,3318
4121,train,462,3319
4122,train,4122,3320
4123,train,4123,3321
4124,train,4124,3322
4126,train,4126,3324
4127,train,4127,3325
4129,train,4129,3327
4130,train,4129,3328
4132,train,4132,3329
4134,train,4132,3331
4135,train,4135,3332
4136,train,4136,3333
4137,train,4136,3334
4138,train,2791,3335
4141,train,4141,3338
4142,train,4142,3339
4143,train,4129,3340
4144,train,4144,3341
4145,train,4145,3342
4146,train,4146,3343
4147,train,4147,3344
4149,train,4149,3346
4151,train,1300,3348
4155,train,4155,3350
4157,train,4157,3352
4158,train,1454,3353
4159,train,4159,3354
4160,train,4160,3355
4166,train,4166,3358
4167,train,4167,3359
4168,train,4168,3360
4169,train,4169,3361
4174,train,4174,3365
4184,train,799,3373
4197,train,3210,3385
4198,train,3210,3386
4199,train,3210,3387
4200,train,4200,3388
4202,train,3210,3389
4204,train,4204,3391
4205,train,4205,3392
4207,train,4207,3394
4209,train,4209,3396
4210,train,4210,3397
4212,train,4212,3398
4213,train,4213,3399
4214,train,4214,3400
4215,train,881,3401
4216,train,4216,3402
4217,train,4217,3403
4221,train,4221,3407
4223,train,4223,3409
4224,train,4223,3410
4225,train,4221,3411
4227,train,4223,3413
4229,train,1664,3414
4231,train,4231,3416
4232,train,4231,3417
4233,train,4231,3418
4234,train,4231,3419
4235,train,4231,3420
4236,train,4236,3421
4237,train,4231,3422
4239,train,2944,3424
4243,train,4243,3428
4244,train,4244,3429
4250,train,4250,3430
4251,train,4251,3431
4252,train,4251,3432
4253,train,4253,3433
4257,train,3412,3436
4258,train,4095,3437
4260,train,4260,3439
4261,train,4261,3440
4262,train,4262,3441
4264,train,3794,3443
4270,train,3924,3449
4276,train,4276,3451
4277,train,4277,3452
4280,train,4280,3454
4281,train,4281,3455
4282,train,4282,3456
4285,train,3649,3457
4286,train,406,3458
4287,train,3728,3459
4288,train,4288,3460
4289,train,4289,3461
4292,train,3172,3463
4293,train,4293,3464
4294,train,4294,3465
4298,train,4298,3469
4299,train,51,3470
4302,train,4302,3473
4306,train,4306,3477
4308,train,4308,3479
4309,train,4309,3480
4311,train,4311,3482
4312,train,4312,3483
4313,train,4312,3484
4314,train,4312,3485
4317,train,4317,3488
4318,train,4317,3489
4325,train,4325,3490
4326,train,279,3491
4327,train,4306,3492
4328,train,4328,3493
4329,train,279,3494
4330,train,279,3495
4331,train,279,3496
4333,train,3134,3498
4334,train,4334,3499
4335,train,4335,3500
4338,train,4338,3503
4344,train,4344,3505
4345,train,4345,3506
4348,train,4348,3507
4349,train,4349,3508
4353,train,4353,3509
4354,train,4132,3510
4355,train,613,3511
4363,train,4363,3514
4364,train,4364,3515
4366,train,4345,3516
4381,train,4381,3519
4382,train,4382,3520
4383,train,4383,3521
4384,train,4384,3522
4385,train,4384,3523
4386,train,4384,3524
4388,train,4388,3525
4390,train,4390,3526
4393,train,1661,3527
4399,train,4399,3528
4400,train,4231,3529
4406,train,3649,3532
4407,train,4407,3533
4408,train,4408,3534
4416,train,454,3540
4417,train,4417,3541
4425,train,4425,3547
4426,train,4426,3548
4427,train,4427,3549
4428,train,4426,3550
4430,train,4430,3552
4434,train,4434,3555
4435,train,4434,3556
4436,train,4436,3557
4437,train,4437,3558
4438,train,4438,3559
4442,train,4426,3562
4443,train,4443,3563
4445,train,4445,3565
4449,train,4449,3568
4450,train,4449,3569
4451,train,1618,3570
4452,train,1618,3571
4455,train,4455,3572
4456,train,4456,3573
4457,train,4457,3574
4458,train,2330,3575
4460,train,4460,3577
4464,train,4464,3580
4467,train,4467,3583
4468,train,4467,3584
4469,train,4467,3585
4470,train,4467,3586
4471,train,4471,3587
4472,train,4472,3588
4474,train,4474,3590
4476,train,4476,3591
4478,train,4478,3593
4479,train,4479,3594
4482,train,4482,3597
4491,train,2102,3599
4492,train,4492,3600
4496,train,966,3602
4497,train,4497,3603
4498,train,792,3604
4502,train,4502,3607
4503,train,734,3608
4504,train,2208,3609
4506,train,4506,3610
4507,train,4507,3611
4509,train,4509,3613
4510,train,249,3614
4512,train,4512,3615
4514,train,4231,3617
4515,train,4515,3618
4516,train,4515,3619
4517,train,4517,3620
4519,train,4443,3622
4520,train,4443,3623
4522,train,4522,3624
4524,train,4524,3626
4525,train,82,3627
4526,train,4526,3628
4527,train,4527,3629
4532,train,4532,3632
4538,train,801,3637
4541,train,4541,3638
4542,train,4542,3639
4544,train,4542,3640
4546,train,4546,3642
4547,train,4547,3643
4548,train,4548,3644
4550,train,4550,3645
4552,train,4550,3647
4553,train,4553,3648
4555,train,4550,3650
4556,train,4553,3651
4558,train,4550,3653
4559,train,4553,3654
4561,train,4553,3656
4565,train,4302,3660
4567,train,4542,3661
4569,train,4569,3662
4571,train,4571,3664
4576,train,4034,3668
4577,train,4577,3669
4578,train,4577,3670
4579,train,4577,3671
4580,train,4577,3672
4582,train,3260,3673
4583,train,4583,3674
4584,train,4583,3675
4585,train,4583,3676
4587,train,4587,3678
4591,train,4591,3679
4594,train,4594,3682
4595,train,4595,3683
4596,train,3994,3684
4597,train,3536,3685
4601,train,4553,3686
4602,train,4602,3687
4605,train,4605,3689
4606,train,4606,3690
4607,train,4577,3691
4611,train,4611,3694
4612,train,4612,3695
4613,train,4613,3696
4614,train,1285,3697
4615,train,4615,3698
4616,train,4616,3699
4617,train,4615,3700
4618,train,4615,3701
4620,train,4620,3703
4624,train,4624,3707
4625,train,4615,3708
4629,train,4629,3710
4639,train,4639,3714
4640,train,4640,3715
4642,train,4642,3717
4643,train,4643,3718
4646,train,4646,3721
4647,train,4476,3722
4648,train,4426,3723
4649,train,4427,3724
4650,train,4426,3725
4651,train,4426,3726
4652,train,4426,3727
4653,train,4426,3728
4654,train,4426,3729
4655,train,4426,3730
4656,train,4437,3731
4657,train,4426,3732
4658,train,4437,3733
4659,train,4426,3734
4660,train,4437,3735
4661,train,4426,3736
4662,train,4437,3737
4663,train,4437,3738
4665,train,4437,3740
4666,train,4437,3741
4667,train,4426,3742
4668,train,4437,3743
4669,train,4426,3744
4670,train,4426,3745
4671,train,4426,3746
4672,train,4437,3747
4673,train,4673,3748
4674,train,3443,3749
4675,train,4427,3750
4676,train,4426,3751
4677,train,4438,3752
4678,train,4438,3753
4680,train,4680,3754
4683,train,4426,3755
4684,train,4095,3756
4685,train,4095,3757
4686,train,3115,3758
4689,train,845,3761
4691,train,4691,3762
4693,train,3108,3764
4694,train,4694,3765
4698,train,4698,3767
4700,train,4700,3769
4701,train,4437,3770
4702,train,4426,3771
4703,train,4438,3772
4704,train,4437,3773
4705,train,4705,3774
4707,train,4707,3776
4708,train,4708,3777
4709,train,4709,3778
4710,train,4710,3779
4711,train,4711,3780
4712,train,4712,3781
4713,train,4713,3782
4714,train,4714,3783
4717,train,4717,3784
4718,train,4707,3785
4719,train,4708,3786
4720,train,4708,3787
4721,train,4095,3788
4722,train,4605,3789
4727,train,4426,3794
4729,train,4729,3796
4730,train,4730,3797
4733,train,4733,3799
4739,train,4739,3805
4740,train,4740,3806
4741,train,4741,3807
4742,train,4742,3808
4743,train,4740,3809
4745,train,4077,3811
4746,train,4426,3812
4748,train,1903,3814
4749,train,4749,3815
4750,train,4750,3816
4753,train,4742,3817
4754,train,4754,3818
4755,train,4755,3819
4757,train,4757,3821
4759,train,1189,3822
4760,train,2224,3823
4761,train,4761,3824
4762,train,4762,3825
4764,train,4764,3826
4766,train,4766,3828
4767,train,4767,3829
4769,train,4769,3830
4772,train,4772,3832
4773,train,1868,3833
4774,train,4774,3834
4775,train,4775,3835
4778,train,4778,3836
4779,train,4778,3837
4780,train,4587,3838
4782,train,3564,3840
4785,train,4785,3842
4786,train,4755,3843
4787,train,4787,3844
4788,train,4788,3845
4789,train,4788,3846
4790,train,4788,3847
4791,train,4791,3848
4795,train,4526,3851
4796,train,4796,3852
4797,train,4797,3853
4805,train,4788,3858
4806,train,2600,3859
4808,train,4767,3861
4809,train,4809,3862
4810,train,4810,3863
4811,train,4810,3864
4812,train,4810,3865
4813,train,2700,3866
4814,train,4814,3867
4815,train,4815,3868
4818,train,4818,3871
4822,train,4822,3873
4829,train,979,3877
4831,train,3100,3878
4832,train,3100,3879
4833,train,3100,3880
4838,train,4838,3883
4840,train,1238,3885
4841,train,4767,3886
4842,train,79,3887
4845,train,917,3890
4847,train,94,3891
4848,train,4848,3892
4854,train,4854,3898
4855,train,4855,3899
4857,train,4854,3901
4858,train,79,3902
4859,train,4859,3903
4863,train,4223,3905
4870,train,4221,3912
4871,train,4223,3913
4872,train,4872,3914
4873,train,4873,3915
4874,train,4874,3916
4875,train,79,3917
4876,train,4876,3918
4877,train,4620,3919
4883,train,4883,3925
4886,train,4886,3927
4888,train,4888,3929
4894,train,3426,3935
4895,train,3426,3936
4898,train,4707,3939
4899,train,4707,3940
4900,train,4900,3941
4901,train,4717,3942
4902,train,4708,3943
4905,train,4905,3946
4908,train,4908,3948
4909,train,3426,3949
4910,train,3426,3950
4912,train,3426,3952
4913,train,3426,3953
4915,train,4915,3955
4916,train,4916,3956
4917,train,4707,3957
4918,train,1481,3958
4921,train,4921,3960
4922,train,4922,3961
4924,train,4924,3962
4930,train,4445,3965
4931,train,4445,3966
4933,train,4933,3967
4938,train,4938,3971
4940,train,4778,3972
4941,train,4941,3973
4944,train,4944,3974
4945,train,4945,3975
4947,train,1360,3977
4950,train,4950,3978
4951,train,4951,3979
4952,train,4952,3980
4953,train,4952,3981
4960,train,4960,3984
4963,train,4963,3986
4965,train,4965,3988
4967,train,3493,3990
4970,train,4970,3992
4972,train,4972,3993
4974,train,4974,3995
4976,train,2330,3997
4977,train,4977,3998
4979,train,4979,4000
4980,train,4980,4001
4987,train,4445,4004
4988,train,4988,4005
4989,train,229,4006
4990,train,4990,4007
4992,train,4992,4008
4993,train,4993,4009
4994,train,4994,4010
4996,train,122,4012
4997,train,122,4013
4998,train,122,4014
4999,train,122,4015
5000,train,5000,4016
5001,train,783,4017
5004,train,5004,4019
5006,train,5006,4021
5010,train,3536,4025
5011,train,3536,4026
5012,train,3536,4027
5013,train,3536,4028
5014,train,3536,4029
5015,train,3536,4030
5016,train,5016,4031
5018,train,5018,4033
5023,train,82,4035
5024,train,5024,4036
5025,train,5025,4037
5026,train,1189,4038
5027,train,1189,4039
5028,train,1189,4040
5030,train,5030,4041
5031,train,5030,4042
5032,train,5032,4043
5033,train,5033,4044
5034,train,5034,4045
5035,train,5035,4046
5036,train,5036,4047
5037,train,4810,4048
5038,train,4810,4049
5040,train,5040,4050
5042,train,5042,4052
5043,train,5042,4053
5046,train,3108,4055
5047,train,880,4056
5049,train,5049,4058
5052,train,5052,4060
5053,train,5052,4061
5054,train,5052,4062
5055,train,5052,4063
5056,train,5056,4064
5057,train,5057,4065
5058,train,5058,4066
5059,train,5059,4067
5063,train,5063,4069
5064,train,3108,4070
5065,train,5065,4071
5067,train,5067,4073
5068,train,5067,4074
5069,train,5067,4075
5073,train,5073,4079
5077,train,5077,4081
5078,train,5078,4082
5079,train,5079,4083
5080,train,5080,4084
5087,train,811,4090
5088,train,811,4091
5089,train,5089,4092
5090,train,5090,4093
5091,train,5091,4094
5093,train,5093,4095
5097,train,5097,4097
5100,train,566,4099
5104,train,5104,4103
5105,train,5105,4104
5106,train,5104,4105
5107,train,4838,4106
5108,train,4838,4107
5109,train,5104,4108
5110,train,5110,4109
5111,train,4838,4110
5112,train,5104,4111
5113,train,4838,4112
5114,train,4838,4113
5115,train,4838,4114
5116,train,5116,4115
5118,train,5118,4117
5121,train,5121,4119
5122,train,5122,4120
5123,train,4838,4121
5124,train,5110,4122
5125,train,4838,4123
5126,train,5126,4124
5128,train,5128,4126
5129,train,5129,4127
5131,train,23,4129
5132,train,5132,4130
5133,train,5133,4131
5134,train,5134,4132
5135,train,2511,4133
5136,train,5136,4134
5143,train,5143,4141
5144,train,5144,4142
5145,train,4605,4143
5154,train,3975,4144
5155,train,5155,4145
5158,train,5158,4148
5160,train,5160,4150
5161,train,2735,4151
5163,train,5163,4153
5164,train,196,4154
5165,train,5165,4155
5166,train,815,4156
5167,train,5167,4157
5174,train,5174,4161
5175,train,5175,4162
5177,train,5177,4164
5178,train,5178,4165
5179,train,5179,4166
5180,train,5179,4167
5181,train,5181,4168
5182,train,5182,4169
5185,train,5181,4172
5186,train,5186,4173
5187,train,5187,4174
5188,train,5188,4175
5191,train,5188,4178
5192,train,5188,4179
5195,train,5188,4182
5196,train,5188,4183
5197,train,5188,4184
5198,train,5188,4185
5199,train,5199,4186
5200,train,5200,4187
5202,train,5202,4189
5203,train,5202,4190
5204,train,5204,4191
5205,train,5205,4192
5206,train,2433,4193
5207,train,5207,4194
5208,train,5208,4195
5211,train,5179,4197
5212,train,5212,4198
5214,train,5214,4200
5216,train,5216,4202
5219,train,5216,4205
5220,train,5216,4206
5221,train,5216,4207
5222,train,5216,4208
5223,train,5216,4209
5224,train,5035,4210
5225,train,1932,4211
5226,train,5049,4212
5228,train,5228,4214
5229,train,1522,4215
5232,train,380,4217
5235,train,786,4219
5237,train,5237,4221
5239,train,5239,4222
5240,train,5240,4223
5245,train,5245,4225
5248,train,5248,4226
5250,train,702,4228
5251,train,5251,4229
5255,train,5255,4230
5257,train,5257,4232
5258,train,1726,4233
5259,train,5259,4234
5260,train,5260,4235
5261,train,5261,4236
5262,train,5262,4237
5263,train,5263,4238
5267,train,834,4242
5268,train,2330,4243
5269,train,5269,4244
5277,train,5277,4252
5279,train,3203,4254
5281,train,5281,4255
5282,train,5282,4256
5285,train,5285,4258
5287,train,1537,4260
5288,train,5288,4261
5291,train,5291,4263
5292,train,5292,4264
5293,train,5293,4265
5303,train,5303,4275
5304,train,3203,4276
5305,train,5305,4277
5307,train,5307,4279
5308,train,5307,4280
5317,train,5317,4284
5319,train,5319,4286
5322,train,5322,4287
5323,train,5323,4288
5327,train,5327,4290
5341,train,5341,4292
5345,train,3280,4296
5346,train,1672,4297
5347,train,5347,4298
5348,train,2511,4299
5349,train,5349,4300
5350,train,2511,4301
5351,train,5351,4302
5352,train,5352,4303
5353,train,5349,4304
5354,train,5354,4305
5355,train,5355,4306
5356,train,5356,4307
5357,train,5357,4308
5359,train,5359,4310
5362,train,5362,4313
5363,train,5188,4314
5364,train,5364,4315
5369,train,5369,4317
5370,train,5370,4318
5371,train,5371,4319
5372,train,747,4320
5373,train,5373,4321
5375,train,3314,4323
5376,train,4577,4324
5377,train,5377,4325
5378,train,3314,4326
5379,train,3314,4327
5381,train,5377,4329
5382,train,4577,4330
5383,train,5377,4331
5384,train,3314,4332
5386,train,4577,4334
5387,train,4577,4335
5388,train,5388,4336
5389,train,5377,4337
5390,train,249,4338
5391,train,4577,4339
5392,train,4577,4340
5393,train,5393,4341
5394,train,5394,4342
5395,train,5377,4343
5396,train,3314,4344
5398,train,5398,4345
5401,train,4000,4346
5403,train,5403,4347
5404,train,5404,4348
5405,train,5405,4349
5407,train,159,4350
5408,train,5408,4351
5409,train,5409,4352
5411,train,5411,4353
5412,train,5104,4354
5413,train,4838,4355
5414,train,4838,4356
5417,train,5417,4359
5418,train,5418,4360
5421,train,5421,4363
5422,train,5422,4364
5423,train,5049,4365
5424,train,5424,4366
5425,train,1932,4367
5426,train,5426,4368
5427,train,5426,4369
5431,train,5431,4373
5432,train,5432,4374
5434,train,5434,4376
5437,train,5437,4378
5438,train,5438,4379
5439,train,5438,4380
5440,train,5437,4381
5441,train,5437,4382
5442,train,5437,4383
5443,train,5437,4384
5444,train,5444,4385
5445,train,5444,4386
5448,train,5448,4388
5449,train,2156,4389
5450,train,5450,4390
5451,train,5188,4391
5452,train,5452,4392
5454,train,5454,4394
5455,train,5455,4395
5463,train,4174,4401
5466,train,5437,4403
5469,train,2937,4406
5472,train,5472,4407
5473,train,5473,4408
5474,train,5474,4409
5476,train,5476,4411
5478,train,2693,4412
5483,train,1019,4415
5484,train,5484,4416
5485,train,5485,4417
5486,train,5486,4418
5487,train,5487,4419
5492,train,5492,4424
5493,train,5492,4425
5494,train,799,4426
5495,train,4791,4427
5496,train,1189,4428
5500,train,5500,4430
5501,train,5500,4431
5502,train,5500,4432
5504,train,5214,4433
5505,train,5505,4434
5506,train,85,4435
5508,train,82,4436
5509,train,5509,4437
5511,train,4443,4439
5513,train,4160,4441
5515,train,5515,4442
5516,train,5516,4443
5517,train,5517,4444
5518,train,5518,4445
5522,train,5522,4447
5526,train,5202,4450
5528,train,2865,4452
5529,train,757,4453
5533,train,4750,4456
5535,train,5535,4457
5536,train,5536,4458
5539,train,5539,4461
5541,train,5541,4463
5542,train,5542,4464
5543,train,5542,4465
5544,train,5542,4466
5545,train,5545,4467
5546,train,5546,4468
5547,train,1368,4469
5548,train,5548,4470
5550,train,2336,4471
5554,train,5554,4475
5557,train,5557,4477
5559,train,1668,4479
5561,train,5561,4480
5564,train,2559,4483
5565,train,2559,4484
5566,train,2559,4485
5567,train,2559,4486
5568,train,2511,4487
5570,train,5570,4489
5571,train,5571,4490
5574,train,5574,4493
5576,train,5576,4495
5577,train,5577,4496
5579,train,5579,4498
5580,train,5580,4499
5585,train,5165,4501
5586,train,5165,4502
5594,train,5594,4509
5595,train,5595,4510
5604,train,4750,4516
5606,train,667,4518
5607,train,5607,4519
5609,train,5609,4521
5611,train,5611,4522
5613,train,5613,4524
5617,train,5617,4528
5618,train,5618,4529
5627,train,5627,4537
5631,train,1046,4541
5633,train,5633,4542
5634,train,5634,4543
5637,train,5637,4546
5641,train,5641,4550
5642,train,710,4551
5643,train,5643,4552
5644,train,5644,4553
5646,train,5646,4555
5647,train,5259,4556
5648,train,5648,4557
5649,train,5649,4558
5650,train,5186,4559
5651,train,5186,4560
5652,train,5186,4561
5656,train,5656,4562
5667,train,5667,4571
5668,train,5668,4572
5669,train,4577,4573
5670,train,4577,4574
5671,train,5671,4575
5672,train,4577,4576
5676,train,5676,4579
5677,train,5677,4580
5680,train,5677,4583
5681,train,5677,4584
5682,train,5682,4585
5685,train,5677,4588
5686,train,5677,4589
5687,train,5677,4590
5689,train,5689,4592
5691,train,4034,4594
5695,train,5677,4598
5697,train,5677,4599
5698,train,5677,4600
5699,train,5677,4601
5701,train,5677,4602
5702,train,5677,4603
5703,train,5703,4604
5704,train,5704,4605
5710,train,5710,4611
5715,train,5710,4616
5716,train,5716,4617
5721,train,5721,4622
5722,train,5722,4623
5723,train,5500,4624
5724,train,5724,4625
5725,train,5724,4626
5726,train,747,4627
5729,train,5729,4630
5730,train,5729,4631
5731,train,5729,4632
5735,train,5735,4635
5736,train,5736,4636
5737,train,5737,4637
5738,train,5737,4638
5739,train,5737,4639
5740,train,5740,4640
5741,train,5741,4641
5742,train,5741,4642
5745,train,5745,4645
5746,train,5746,4646
5750,train,5677,4648
5751,train,5751,4649
5753,train,5753,4651
5754,train,5167,4652
5755,train,5755,4653
5761,train,5761,4657
5762,train,5762,4658
5763,train,5763,4659
5766,train,5766,4661
5767,train,5767,4662
5768,train,5768,4663
5770,train,5770,4664
5772,train,5772,4666
5779,train,5779,4669
5780,train,5780,4670
5781,train,5781,4671
5785,train,5785,4674
5786,train,5786,4675
5794,train,5794,4678
5795,train,5795,4679
5797,train,5797,4680
5798,train,5797,4681
5799,train,5797,4682
5800,train,5797,4683
5801,train,5797,4684
5802,train,5797,4685
5803,train,5797,4686
5804,train,5677,4687
5805,train,5797,4688
5806,train,5806,4689
5807,train,2377,4690
5808,train,230,4691
5810,train,3564,4692
5815,train,5815,4696
5817,train,5817,4698
5818,train,249,4699
5819,train,2382,4700
5820,train,4097,4701
5821,train,1189,4702
5822,train,5822,4703
5825,train,5825,4705
5827,train,5825,4707
5830,train,4455,4710
5831,train,4455,4711
5832,train,5580,4712
5834,train,5834,4714
5838,train,5838,4718
5840,train,5840,4719
5841,train,5841,4720
5842,train,5842,4721
5847,train,5847,4726
5848,train,5394,4727
5849,train,5849,4728
5851,train,5393,4729
5852,train,5852,4730
5853,train,5393,4731
5855,train,5393,4732
5856,train,5852,4733
5857,train,5857,4734
5858,train,5393,4735
5859,train,5859,4736
5861,train,5546,4738
5862,train,5859,4739
5864,train,5864,4741
5865,train,5546,4742
5868,train,5868,4744
5869,train,5869,4745
5872,train,5872,4748
5873,train,5873,4749
5874,train,3150,4750
5875,train,3796,4751
5876,train,5876,4752
5880,train,3714,4756
5884,train,5542,4757
5885,train,5885,4758
5886,train,5542,4759
5887,train,5887,4760
5888,train,5888,4761
5889,train,5889,4762
5890,train,5890,4763
5891,train,5030,4764
5892,train,5889,4765
5893,train,5030,4766
5894,train,5030,4767
5895,train,5895,4768
5896,train,5896,4769
5901,train,5857,4772
5902,train,5849,4773
5903,train,5903,4774
5904,train,5903,4775
5905,train,1046,4776
5906,train,3714,4777
5907,train,5907,4778
5908,train,5908,4779
5910,train,5910,4781
5913,train,5913,4783
5916,train,5913,4786
5920,train,815,4789
5921,train,5542,4790
5922,train,5542,4791
5924,train,5924,4792
5926,train,5609,4794
5931,train,3624,4798
5932,train,5932,4799
5937,train,5937,4804
5943,train,5943,4805
5946,train,5946,4806
5948,train,5948,4808
5949,train,4034,4809
5950,train,5950,4810
5953,train,5953,4813
5959,train,82,4816
5963,train,5963,4819
5964,train,5964,4820
5973,train,5973,4822
5977,train,5973,4823
5983,train,5983,4824
5984,train,5984,4825
5985,train,5985,4826
5987,train,2181,4828
5991,train,2633,4830
5992,train,1162,4831
5995,train,5995,4834
5996,train,2181,4835
5997,train,5997,4836
5998,train,5998,4837
5999,train,5999,4838
6005,train,6005,4840
6006,train,973,4841
6008,train,6008,4842
6010,train,6010,4843
6012,train,4750,4845
6013,train,4822,4846
6015,train,6015,4848
6018,train,6015,4851
6019,train,6015,4852
6021,train,4750,4854
6022,train,6022,4855
6023,train,6023,4856
6024,train,6023,4857
6025,train,6023,4858
6026,train,4750,4859
6027,train,4750,4860
6028,train,6023,4861
6029,train,6029,4862
6030,train,6029,4863
6031,train,6031,4864
6032,train,6031,4865
6033,train,5251,4866
6034,train,1368,4867
6035,train,6035,4868
6039,train,6035,4870
6040,train,6035,4871
6044,train,6044,4873
6045,train,6045,4874
6046,train,6046,4875
6047,train,6047,4876
6049,train,6049,4878
6051,train,6051,4879
6053,train,811,4881
6054,train,1958,4882
6055,train,6035,4883
6059,train,6059,4887
6060,train,6059,4888
6063,train,1730,4891
6067,train,6067,4892
6071,train,6071,4896
6074,train,4434,4899
6075,train,4434,4900
6076,train,1995,4901
6077,train,6077,4902
6079,train,6079,4904
6080,train,2511,4905
6081,train,6081,4906
6082,train,6082,4907
6089,train,6089,4913
6090,train,6089,4914
6096,train,5369,4920
6097,train,23,4921
6098,train,799,4922
6099,train,6099,4923
6100,train,6100,4924
6101,train,3172,4925
6102,train,3172,4926
6103,train,3172,4927
6104,train,6104,4928
6105,train,2067,4929
6106,train,6106,4930
6107,train,6107,4931
6109,train,5729,4932
6110,train,6110,4933
6112,train,6112,4935
6115,train,6115,4937
6116,train,6116,4938
6117,train,6117,4939
6120,train,6120,4942
6124,train,6124,4945
6130,train,6130,4949
6131,train,6130,4950
6133,train,6133,4952
6135,train,6133,4954
6144,train,377,4962
6146,train,1771,4964
6148,train,6148,4966
6153,train,6153,4971
6154,train,6154,4972
6163,train,6163,4981
6164,train,5722,4982
6165,train,5722,4983
6170,train,6170,4984
6171,train,100,4985
6178,train,3092,4991
6180,train,6180,4992
6181,train,1372,4993
6188,train,1157,4996
6189,train,6189,4997
6190,train,5825,4998
6191,train,6191,4999
6192,train,6192,5000
6194,train,6194,5001
6196,train,6196,5002
6197,train,6197,5003
6198,train,6198,5004
6205,train,6205,5007
6206,train,6206,5008
6208,train,2181,5009
6209,train,2181,5010
6210,train,2181,5011
6211,train,6211,5012
6214,train,6214,5014
6215,train,6215,5015
6216,train,6216,5016
6218,train,4434,5017
6222,train,6222,5021
6226,train,4434,5024
6227,train,6222,5025
6231,train,6222,5029
6233,train,6222,5031
6234,train,4434,5032
6240,train,5517,5038
6243,train,5517,5041
6244,train,4434,5042
6245,train,6245,5043
6248,train,6248,5046
6251,train,6251,5047
6252,train,279,5048
6253,train,6251,5049
6255,train,4434,5051
6256,train,6256,5052
6257,train,6248,5053
6260,train,6256,5054
6263,train,6263,5057
6265,train,6265,5059
6268,train,6268,5062
6274,train,6274,5067
6276,train,6276,5069
6279,train,6279,5072
6287,train,6287,5078
6288,train,6287,5079
6290,train,6287,5080
6291,train,6287,5081
6292,train,6287,5082
6297,train,4992,5083
6298,train,4992,5084
6299,train,4992,5085
6300,train,4992,5086
6305,train,6305,5091
6306,train,6306,5092
6308,train,3059,5093
6310,train,6310,5094
6311,train,6311,5095
6314,train,6314,5098
6316,train,6316,5100
6317,train,6317,5101
6321,train,6321,5104
6324,train,4569,5105
6325,train,6325,5106
6327,train,6327,5108
6328,train,898,5109
6333,train,6333,5112
6335,train,6120,5114
6338,train,6120,5117
6343,train,6120,5121
6345,train,6345,5123
6346,train,6345,5124
6347,train,6347,5125
6348,train,6348,5126
6349,train,6348,5127
6350,train,6350,5128
6353,train,6120,5131
6354,train,6354,5132
6355,train,2944,5133
6359,train,6348,5137
6361,train,6361,5139
6362,train,3172,5140
6363,train,6363,5141
6364,train,6363,5142
6365,train,3172,5143
6370,train,6370,5148
6371,train,6371,5149
6372,train,819,5150
6373,train,819,5151
6378,train,4992,5155
6380,train,6380,5157
6381,train,6380,5158
6382,train,6382,5159
6383,train,6383,5160
6384,train,6382,5161
6385,train,1794,5162
6386,train,1794,5163
6387,train,1794,5164
6388,train,6382,5165
6389,train,1794,5166
6390,train,1794,5167
6391,train,5607,5168
6392,train,1794,5169
6393,train,6382,5170
6396,train,6396,5173
6397,train,1794,5174
6398,train,1794,5175
6399,train,6382,5176
6400,train,6382,5177
6401,train,6382,5178
6402,train,6382,5179
6403,train,6382,5180
6405,train,6382,5182
6406,train,5607,5183
6407,train,6382,5184
6408,train,6396,5185
6409,train,6383,5186
6410,train,6396,5187
6411,train,6382,5188
6412,train,6383,5189
6413,train,6382,5190
6414,train,6382,5191
6416,train,6416,5193
6417,train,6382,5194
6418,train,6382,5195
6420,train,6396,5197
6421,train,5607,5198
6422,train,5607,5199
6423,train,5607,5200
6424,train,5607,5201
6425,train,5607,5202
6426,train,5607,5203
6427,train,5607,5204
6428,train,5607,5205
6430,train,6430,5207
6432,train,6432,5209
6433,train,6432,5210
6434,train,1794,5211
6435,train,6435,5212
6437,train,6437,5214
6438,train,6438,5215
6441,train,6382,5218
6442,train,6396,5219
6443,train,6443,5220
6445,train,6445,5222
6446,train,4436,5223
6447,train,4436,5224
6449,train,4434,5226
6451,train,4434,5227
6452,train,4434,5228
6453,train,4434,5229
6454,train,4434,5230
6455,train,4434,5231
6456,train,6456,5232
6458,train,4434,5233
6459,train,6456,5234
6460,train,4434,5235
6462,train,3691,5236
6463,train,6463,5237
6466,train,6466,5240
6468,train,82,5242
6469,train,6348,5243
6480,train,6480,5249
6481,train,6481,5250
6482,train,6482,5251
6483,train,6483,5252
6484,train,6484,5253
6485,train,406,5254
6491,train,6491,5259
6492,train,6492,5260
6493,train,6493,5261
6495,train,6495,5263
6496,train,6496,5264
6497,train,6497,5265
6499,train,6497,5267
6501,train,6501,5269
6502,train,6501,5270
6503,train,6503,5271
6505,train,6505,5273
6506,train,6506,5274
6511,train,6110,5277
6516,train,6516,5282
6517,train,6517,5283
6518,train,229,5284
6520,train,229,5285
6521,train,3833,5286
6522,train,6522,5287
6525,train,6525,5288
6526,train,1329,5289
6528,train,669,5291
6529,train,6529,5292
6532,train,6532,5294
6535,train,6194,5295
6539,train,6539,5296
6542,train,6542,5298
6543,train,5424,5299
6545,train,6545,5301
6553,train,6553,5304
6555,train,6555,5306
6556,train,6556,5307
6557,train,6556,5308
6558,train,6556,5309
6559,train,6556,5310
6560,train,6556,5311
6561,train,6556,5312
6562,train,6562,5313
6563,train,6563,5314
6571,train,6571,5315
6576,train,293,5316
6577,train,1995,5317
6579,train,6579,5319
6580,train,6580,5320
6583,train,6583,5322
6584,train,6584,5323
6585,train,6584,5324
6586,train,6584,5325
6587,train,6584,5326
6588,train,6588,5327
6589,train,6588,5328
6590,train,6590,5329
6592,train,979,5330
6597,train,6584,5334
6598,train,6348,5335
6601,train,6584,5338
6602,train,6584,5339
6603,train,6584,5340
6604,train,6604,5341
6605,train,5857,5342
6606,train,6606,5343
6608,train,6608,5345
6610,train,6610,5347
6611,train,6611,5348
6612,train,6612,5349
6613,train,6613,5350
6615,train,6615,5352
6618,train,6618,5355
6620,train,6620,5357
6621,train,6621,5358
6623,train,6623,5360
6626,train,6626,5361
6627,train,6059,5362
6629,train,6059,5363
6630,train,6630,5364
6632,train,6632,5366
6633,train,6633,5367
6634,train,6634,5368
6636,train,4262,5369
6637,train,4262,5370
6638,train,629,5371
6639,train,629,5372
6641,train,6641,5374
6644,train,6644,5377
6646,train,6646,5379
6648,train,4026,5381
6649,train,4026,5382
6667,train,2268,5399
6668,train,2268,5400
6669,train,6669,5401
6670,train,6670,5402
6672,train,6672,5404
6673,train,6673,5405
6674,train,280,5406
6677,train,6677,5409
6678,train,6678,5410
6679,train,6677,5411
6680,train,6677,5412
6681,train,6677,5413
6682,train,6678,5414
6683,train,6678,5415
6684,train,4970,5416
6685,train,6685,5417
6691,train,6691,5420
6692,train,6692,5421
6693,train,6693,5422
6694,train,6693,5423
6695,train,6692,5424
6696,train,6692,5425
6704,train,6704,5432
6706,train,6704,5434
6710,train,6704,5437
6711,train,6691,5438
6715,train,6715,5442
6716,train,6678,5443
6719,train,6692,5445
6720,train,6692,5446
6721,train,6721,5447
6722,train,6692,5448
6723,train,6693,5449
6727,train,3624,5453
6728,train,6728,5454
6735,train,6735,5460
6737,train,6737,5462
6738,train,6738,5463
6739,train,6739,5464
6741,train,3456,5466
6744,train,6744,5469
6747,train,6747,5472
6748,train,6747,5473
6750,train,6750,5475
6751,train,6750,5476
6752,train,6750,5477
6753,train,6750,5478
6754,train,6750,5479
6755,train,6750,5480
6756,train,6750,5481
6757,train,6750,5482
6758,train,6750,5483
6759,train,6750,5484
6760,train,6750,5485
6762,train,6750,5487
6763,train,6763,5488
6764,train,6750,5489
6765,train,6765,5490
6767,train,6750,5492
6768,train,6750,5493
6769,train,6750,5494
6770,train,6750,5495
6771,train,6750,5496
6772,train,6772,5497
6773,train,6772,5498
6776,train,6763,5500
6777,train,6750,5501
6778,train,6763,5502
6779,train,6765,5503
6780,train,6780,5504
6781,train,6781,5505
6782,train,6782,5506
6785,train,6781,5509
6788,train,6788,5511
6794,train,6794,5515
6801,train,6801,5522
6802,train,6802,5523
6803,train,6803,5524
6804,train,6804,5525
6815,train,6815,5528
6821,train,6821,5533
6822,train,6822,5534
6823,train,6823,5535
6824,train,6824,5536
6825,train,6825,5537
6826,train,2126,5538
6827,train,2126,5539
6828,train,973,5540
6829,train,6584,5541
6830,train,789,5542
6831,train,789,5543
6832,train,789,5544
6833,train,789,5545
6834,train,6834,5546
6835,train,6823,5547
6836,train,6836,5548
6837,train,6837,5549
6838,train,6838,5550
6839,train,6838,5551
6840,train,6838,5552
6845,train,6845,5553
6846,train,6846,5554
6847,train,6846,5555
6848,train,6848,5556
6849,train,6849,5557
6850,train,819,5558
6851,train,51,5559
6853,train,6853,5561
6854,train,6854,5562
6855,train,6855,5563
6857,train,6857,5564
6858,train,6857,5565
6860,train,6860,5567
6863,train,6863,5569
6868,train,4058,5571
6871,train,6871,5572
6873,train,6873,5574
6875,train,6873,5575
6876,train,6876,5576
6879,train,6879,5577
6880,train,6880,5578
6881,train,6881,5579
6884,train,6884,5581
6887,train,6887,5583
6888,train,6887,5584
6889,train,6889,5585
6890,train,6890,5586
6891,train,6198,5587
6892,train,6884,5588
6895,train,3662,5591
6896,train,3559,5592
6898,train,3559,5594
6899,train,6899,5595
6901,train,6901,5597
6903,train,6903,5599
6907,train,6907,5601
6908,train,6908,5602
6910,train,6910,5604
6912,train,6912,5606
6913,train,6913,5607
6917,train,6917,5611
6918,train,6918,5612
6919,train,6919,5613
6921,train,6918,5615
6924,train,6823,5618
6926,train,6918,5619
6927,train,6918,5620
6928,train,5885,5621
6929,train,6929,5622
6930,train,5517,5623
6938,train,2791,5624
6942,train,6445,5627
6943,train,6445,5628
6944,train,6445,5629
6945,train,6445,5630
6946,train,6445,5631
6947,train,6445,5632
6948,train,6445,5633
6949,train,6445,5634
6950,train,6445,5635
6952,train,6952,5637
6953,train,6035,5638
6954,train,6954,5639
6956,train,774,5641
6957,train,6781,5642
6958,train,6781,5643
6966,train,5857,5649
6972,train,6972,5654
6973,train,4980,5655
6980,train,6980,5660
6981,train,6972,5661
6982,train,6982,5662
6986,train,6986,5666
6992,train,6992,5670
6995,train,6890,5673
6998,train,6972,5675
7000,train,7000,5677
7001,train,5486,5678
7002,train,7002,5679
7003,train,7003,5680
7004,train,7004,5681
7005,train,7005,5682
7007,train,7002,5684
7008,train,7002,5685
7009,train,7002,5686
7010,train,7002,5687
7011,train,7011,5688
7012,train,7011,5689
7014,train,7011,5691
7015,train,7011,5692
7016,train,7016,5693
7017,train,7017,5694
7023,train,7023,5700
7024,train,7023,5701
7025,train,7023,5702
7027,train,7027,5704
7028,train,7023,5705
7029,train,7029,5706
7030,train,7030,5707
7032,train,3928,5709
7034,train,7034,5711
7035,train,7035,5712
7036,train,7036,5713
7040,train,7040,5717
7041,train,7041,5718
7049,train,7049,5726
7050,train,7049,5727
7052,train,7052,5728
7053,train,7053,5729
7054,train,7054,5730
7056,train,7056,5732
7057,train,7057,5733
7061,train,3975,5736
7062,train,7062,5737
7064,train,7017,5738
7065,train,7017,5739
7068,train,7011,5742
7069,train,7069,5743
7070,train,7070,5744
7072,train,7023,5745
7074,train,7074,5746
7075,train,7075,5747
7076,train,7076,5748
7080,train,7080,5751
7082,train,7082,5753
7087,train,7087,5758
7092,train,7092,5760
7097,train,7097,5762
7098,train,7098,5763
7100,train,7100,5765
7101,train,7101,5766
7102,train,7102,5767
7103,train,7103,5768
7114,train,1046,5777
7121,train,4122,5783
7122,train,4449,5784
7125,train,6873,5786
7128,train,6907,5789
7129,train,3953,5790
7131,train,7131,5792
7132,train,7132,5793
7133,train,7132,5794
7141,train,7141,5799
7143,train,171,5800
7145,train,7145,5802
7147,train,7147,5804
7149,train,7149,5805
7152,train,7152,5808
7153,train,3683,5809
7154,train,7154,5810
7156,train,7156,5812
7159,train,7159,5815
7161,train,7097,5817
7162,train,7162,5818
7163,train,7162,5819
7170,train,7170,5823
7171,train,6871,5824
7172,train,7172,5825
7173,train,7173,5826
7175,train,7175,5828
7176,train,566,5829
7181,train,5857,5832
7182,train,5852,5833
7183,train,5852,5834
7184,train,5852,5835
7185,train,5852,5836
7186,train,5852,5837
7187,train,5852,5838
7188,train,5852,5839
7189,train,5852,5840
7190,train,5852,5841
7191,train,5852,5842
7194,train,5852,5843
7196,train,5852,5844
7199,train,122,5845
7200,train,122,5846
7202,train,5852,5848
7203,train,5857,5849
7204,train,7204,5850
7206,train,7206,5852
7207,train,7207,5853
7209,train,358,5854
7212,train,7212,5857
7213,train,6918,5858
7214,train,1826,5859
7219,train,7219,5861
7220,train,7220,5862
7224,train,7224,5864
7226,train,7226,5866
7230,train,3202,5867
7232,train,6044,5869
7233,train,7233,5870
7234,train,7234,5871
7239,train,7239,5872
7242,train,7239,5874
7246,train,7239,5876
7248,train,7239,5877
7249,train,7239,5878
7250,train,7239,5879
7251,train,7239,5880
7252,train,7252,5881
7255,train,7255,5884
7256,train,7256,5885
7261,train,456,5889
7262,train,7262,5890
7263,train,7263,5891
7265,train,7265,5893
7267,train,7267,5895
7268,train,7268,5896
7270,train,7270,5898
7271,train,7271,5899
7272,train,7272,5900
7273,train,2596,5901
7274,train,1407,5902
7276,train,7276,5904
7277,train,815,5905
7278,train,7278,5906
7279,train,5857,5907
7281,train,5857,5908
7282,train,5857,5909
7283,train,5852,5910
7284,train,5857,5911
7286,train,5852,5913
7287,train,5852,5914
7288,train,5852,5915
7289,train,5852,5916
7290,train,5852,5917
7291,train,5852,5918
7292,train,5852,5919
7293,train,5852,5920
7294,train,5852,5921
7295,train,5852,5922
7296,train,5852,5923
7297,train,5857,5924
7299,train,6079,5925
7302,train,5950,5928
7304,train,5852,5930
7308,train,7308,5934
7311,train,7311,5937
7314,train,7314,5939
7315,train,7315,5940
7316,train,7316,5941
7317,train,7316,5942
7318,train,7316,5943
7319,train,7319,5944
7321,train,7321,5945
7325,train,7325,5947
7326,train,7326,5948
7328,train,1036,5950
7329,train,2181,5951
7330,train,7330,5952
7331,train,7331,5953
7336,train,7336,5956
7339,train,7339,5959
7340,train,7340,5960
7341,train,7339,5961
7342,train,7342,5962
7343,train,7343,5963
7344,train,7344,5964
7345,train,159,5965
7346,train,7346,5966
7350,train,725,5969
7351,train,340,5970
7354,train,7354,5972
7356,train,6505,5974
7357,train,4921,5975
7361,train,7361,5977
7362,train,7362,5978
7363,train,7363,5979
7364,train,7364,5980
7366,train,5422,5981
7367,train,7367,5982
7368,train,7368,5983
7370,train,7239,5985
7371,train,7239,5986
7374,train,7374,5988
7378,train,4994,5992
7379,train,7379,5993
7380,train,7380,5994
7381,train,7380,5995
7384,train,4408,5998
7385,train,7385,5999
7386,train,7385,6000
7387,train,7385,6001
7388,train,7388,6002
7389,train,7389,6003
7390,train,7011,6004
7391,train,7011,6005
7392,train,7011,6006
7393,train,7389,6007
7396,train,1567,6008
7399,train,7399,6010
7400,train,7400,6011
7401,train,7401,6012
7402,train,7402,6013
7406,train,7406,6017
7408,train,7408,6019
7410,train,7410,6021
7411,train,7411,6022
7412,train,7412,6023
7415,train,7415,6026
7416,train,7416,6027
7417,train,7417,6028
7418,train,7415,6029
7419,train,7415,6030
7420,train,7420,6031
7421,train,7421,6032
7430,train,7430,6033
7431,train,7431,6034
7434,train,7421,6037
7438,train,79,6038
7439,train,7439,6039
7440,train,7440,6040
7446,train,7446,6044
7450,train,7450,6048
7452,train,228,6049
7454,train,7454,6051
7455,train,7455,6052
7456,train,7456,6053
7457,train,7457,6054
7459,train,7457,6056
7463,train,7457,6060
7465,train,7465,6062
7467,train,206,6063
7468,train,5500,6064
7469,train,5500,6065
7470,train,5500,6066
7471,train,7471,6067
7472,train,6919,6068
7473,train,6918,6069
7477,train,7477,6071
7480,train,94,6072
7481,train,7481,6073
7483,train,7483,6074
7484,train,7484,6075
7485,train,7485,6076
7486,train,7319,6077
7487,train,7316,6078
7493,train,7493,6084
7495,train,7495,6086
7496,train,7496,6087
7497,train,7496,6088
7501,train,7501,6089
7502,train,5454,6090
7503,train,7503,6091
7508,train,7508,6095
7510,train,7510,6097
7511,train,7508,6098
7512,train,7508,6099
7513,train,7510,6100
7514,train,7508,6101
7515,train,7508,6102
7517,train,7517,6104
7518,train,6107,6105
7519,train,7519,6106
7524,train,7524,6108
7527,train,7527,6109
7528,train,6610,6110
7529,train,6435,6111
7531,train,7531,6113
7535,train,1995,6117
7538,train,7538,6120
7539,train,5175,6121
7541,train,1868,6123
7544,train,2501,6126
7552,train,623,6127
7553,train,7553,6128
7554,train,7554,6129
7557,train,7557,6131
7559,train,4602,6132
7565,train,7565,6138
7566,train,7565,6139
7569,train,7569,6142
7574,train,7574,6146
7576,train,7576,6148
7581,train,7576,6153
7588,train,7588,6160
7590,train,7156,6162
7595,train,7595,6166
7596,train,7596,6167
7597,train,7597,6168
7605,train,7605,6172
7607,train,7607,6174
7608,train,7608,6175
7609,train,4136,6176
7611,train,7611,6178
7613,train,100,6180
7614,train,30,6181
7616,train,7616,6183
7618,train,2944,6184
7620,train,1958,6186
7621,train,7621,6187
7623,train,7623,6188
7627,train,7627,6192
7628,train,7628,6193
7637,train,880,6194
7638,train,7628,6195
7639,train,7639,6196
7640,train,7628,6197
7657,train,7657,6198
7658,train,7658,6199
7663,train,7663,6202
7670,train,7670,6208
7671,train,7671,6209
7673,train,6501,6210
7674,train,6501,6211
7675,train,7675,6212
7678,train,7678,6214
7679,train,7679,6215
7680,train,7680,6216
7683,train,7683,6219
7684,train,2698,6220
7685,train,2698,6221
7686,train,7686,6222
7688,train,7688,6224
7689,train,7689,6225
7691,train,122,6226
7693,train,7693,6228
7694,train,2691,6229
7696,train,1644,6231
7700,train,7700,6235
7703,train,4384,6237
7706,train,486,6239
7710,train,7710,6240
7711,train,7711,6241
7712,train,7712,6242
7714,train,7714,6243
7721,train,7721,6244
7729,train,7729,6247
7731,train,392,6248
7732,train,7732,6249
7733,train,7733,6250
7737,train,7737,6253
7739,train,7739,6255
7742,train,7742,6256
7743,train,7742,6257
7745,train,7745,6259
7751,train,7751,6264
7752,train,7751,6265
7753,train,7751,6266
7755,train,7755,6268
7757,train,7732,6270
7758,train,7758,6271
7761,train,7761,6274
7762,train,6672,6275
7763,train,7763,6276
7765,train,2600,6278
7769,train,7769,6280
7772,train,1875,6282
7775,train,7732,6285
7776,train,7776,6286
7785,train,7785,6292
7810,train,2589,6294
7817,train,774,6296
7818,train,7818,6297
7820,train,7820,6299
7841,train,7841,6301
7842,train,7842,6302
7843,train,7843,6303
7846,train,5093,6305
7851,train,3624,6308
7852,train,7852,6309
7853,train,6952,6310
7854,train,4384,6311
7855,train,7855,6312
7856,train,7856,6313
7857,train,7857,6314
7860,train,7860,6316
7861,train,1938,6317
7864,train,7864,6319
7869,train,7869,6321
7870,train,7869,6322
7880,train,4167,6323
7881,train,7881,6324
7882,train,1661,6325
7886,train,7886,6329
7897,train,980,6335
7900,train,7900,6337
7903,train,7903,6340
7904,train,5263,6341
7907,train,7907,6342
7925,train,1100,6347
7927,train,7927,6348
7928,train,5327,6349
7929,train,5327,6350
7930,train,5327,6351
7931,train,5327,6352
7932,train,5327,6353
7937,train,7937,6355
7939,train,5327,6357
7941,train,471,6359
7942,train,1522,6360
7943,train,6620,6361
7945,train,7945,6363
7946,train,7946,6364
7948,train,7948,6366
7949,train,7949,6367
7950,train,7950,6368
7951,train,7951,6369
7952,train,7952,6370
7953,train,7678,6371
7954,train,7954,6372
7960,train,7960,6375
7961,train,7961,6376
7962,train,7962,6377
7964,train,7961,6378
7966,train,7966,6379
7969,train,6361,6381
7971,train,7971,6383
7972,train,7972,6384
7977,train,7972,6387
7978,train,7962,6388
7982,train,7982,6390
7984,train,7984,6391
7985,train,7982,6392
7986,train,7982,6393
7987,train,7982,6394
7988,train,7982,6395
7989,train,7989,6396
7990,train,7989,6397
7991,train,7989,6398
7992,train,7989,6399
7993,train,7993,6400
7994,train,7989,6401
7995,train,7989,6402
7996,train,7993,6403
7997,train,7993,6404
7998,train,7993,6405
7999,train,7989,6406
8000,train,7989,6407
8001,train,7989,6408
8002,train,7989,6409
8003,train,7989,6410
8004,train,7989,6411
8005,train,7989,6412
8006,train,7989,6413
8007,train,7989,6414
8008,train,7989,6415
8009,train,7989,6416
8010,train,8010,6417
8012,train,8012,6418
8015,train,8015,6419
8016,train,8016,6420
8017,train,8017,6421
8022,train,207,6425
8023,train,2633,6426
8024,train,8024,6427
8026,train,8026,6429
8027,train,2691,6430
8029,train,8029,6431
8030,train,8030,6432
8034,train,280,6433
8041,train,8041,6435
8044,train,8044,6436
8045,train,8044,6437
8046,train,8044,6438
8047,train,8047,6439
8050,train,8050,6441
8051,train,8051,6442
8056,train,8056,6443
8057,train,8056,6444
8058,train,8058,6445
8060,train,8060,6446
8061,train,8061,6447
8065,train,8065,6450
8066,train,79,6451
8068,train,8068,6452
8069,train,8069,6453
8070,train,8070,6454
8072,train,8072,6455
8075,train,8075,6457
8078,train,8078,6460
8080,train,8080,6462
8082,train,8082,6464
8088,train,8088,6465
8090,train,293,6466
8099,train,4167,6471
8100,train,2683,6472
8102,train,200,6474
8112,train,280,6475
8113,train,280,6476
8114,train,280,6477
8115,train,280,6478
8116,train,280,6479
8117,train,280,6480
8118,train,280,6481
8119,train,280,6482
8124,train,8124,6486
8125,train,8124,6487
8127,train,280,6488
8128,train,280,6489
8131,train,340,6490
8134,train,8134,6492
8142,train,8142,6494
8143,train,8143,6495
8144,train,8143,6496
8146,train,8142,6497
8147,train,8143,6498
8148,train,8148,6499
8149,train,8124,6500
8154,train,8154,6502
8166,train,8166,6503
8171,train,8171,6505
8172,train,1702,6506
8176,train,8176,6508
8178,train,8178,6510
8180,train,8180,6511
8181,train,1520,6512
8182,train,6556,6513
8184,train,1702,6515
8190,train,8190,6521
8199,train,8199,6525
8203,train,8203,6528
8206,train,8206,6529
8208,train,8208,6531
8214,train,8214,6532
8215,train,3576,6533
8216,train,8216,6534
8224,train,1852,6540
8225,train,8225,6541
8235,train,8235,6543
8236,train,4569,6544
8237,train,5815,6545
8238,train,8238,6546
8239,train,8239,6547
8240,train,8240,6548
8241,train,8241,6549
8242,train,8240,6550
8243,train,8240,6551
8244,train,8241,6552
8245,train,8240,6553
8246,train,8240,6554
8247,train,8240,6555
8248,train,8240,6556
8249,train,8240,6557
8250,train,8240,6558
8251,train,8241,6559
8252,train,8240,6560
8255,train,8255,6562
8256,train,8255,6563
8257,train,4174,6564
8259,train,8259,6565
8261,train,8261,6566
8262,train,8262,6567
8265,train,8265,6568
8266,train,4710,6569
8267,train,8267,6570
8273,train,8273,6573
8281,train,8281,6575
8282,train,8282,6576
8286,train,8286,6578
8288,train,8288,6579
8289,train,8289,6580
8290,train,5356,6581
8294,train,8294,6585
8295,train,8295,6586
8296,train,8295,6587
8298,train,8298,6588
8299,train,8299,6589
8300,train,241,6590
8301,train,8301,6591
8302,train,8302,6592
8303,train,8303,6593
8307,train,6106,6595
8311,train,8311,6598
8321,train,8321,6603
8326,train,8326,6608
8328,train,8240,6609
8329,train,8240,6610
8330,train,8240,6611
8331,train,8240,6612
8332,train,8240,6613
8333,train,8333,6614
8334,train,8241,6615
8341,train,8240,6620
8342,train,8240,6621
8343,train,8240,6622
8344,train,8240,6623
8345,train,8240,6624
8348,train,8333,6627
8349,train,8349,6628
8350,train,8240,6629
8351,train,8351,6630
8353,train,8353,6631
8355,train,8355,6633
8357,train,8333,6634
8358,train,8358,6635
8359,train,8240,6636
8362,train,8240,6639
8366,train,8366,6640
8367,train,8367,6641
8369,train,8369,6642
8371,train,8371,6644
8376,train,8349,6647
8378,train,94,6649
8381,train,8381,6651
8384,train,8384,6652
8385,train,8385,6653
8386,train,8386,6654
8390,train,5208,6657
8391,train,8391,6658
8392,train,8392,6659
8394,train,8394,6660
8397,train,8397,6661
8399,train,2314,6662
8401,train,8401,6664
8402,train,2314,6665
8403,train,8403,6666
8405,train,8405,6667
8406,train,8406,6668
8407,train,8407,6669
8410,train,2330,6670
8411,train,8411,6671
8413,train,8413,6673
8414,train,8413,6674
8415,train,8413,6675
8416,train,8416,6676
8417,train,8417,6677
8418,train,8418,6678
8421,train,8421,6679
8426,train,8426,6680
8427,train,8427,6681
8428,train,8428,6682
8438,train,8438,6692
8441,train,776,6694
8443,train,1859,6695
8444,train,1859,6696
8446,train,8446,6697
8448,train,774,6699
8449,train,774,6700
8451,train,8446,6701
8453,train,8453,6703
8454,train,8326,6704
8455,train,8326,6705
8456,train,8326,6706
8457,train,8457,6707
8458,train,8457,6708
8459,train,8457,6709
8460,train,8457,6710
8461,train,8457,6711
8462,train,8457,6712
8463,train,8457,6713
8464,train,8457,6714
8465,train,8457,6715
8466,train,8457,6716
8467,train,8457,6717
8475,train,4933,6720
8477,train,8477,6721
8478,train,1859,6722
8479,train,2526,6723
8480,train,3994,6724
8481,train,8481,6725
8486,train,8486,6726
8487,train,1368,6727
8488,train,8488,6728
8489,train,8488,6729
8490,train,8490,6730
8492,train,8492,6732
8493,train,8488,6733
8497,train,8497,6734
8498,train,8498,6735
8499,train,799,6736
8502,train,8502,6738
8503,train,2791,6739
8505,train,8505,6740
8506,train,8505,6741
8507,train,8505,6742
8515,train,8515,6743
8516,train,8516,6744
8518,train,8446,6745
8520,train,8520,6746
8523,train,8523,6747
8531,train,8531,6748
8536,train,8536,6750
8537,train,8536,6751
8538,train,3302,6752
8539,train,8539,6753
8543,train,8543,6756
8545,train,8545,6757
8548,train,3994,6758
8559,train,8559,6761
8560,train,8559,6762
8567,train,8567,6763
8568,train,8568,6764
8574,train,8574,6770
8576,train,8576,6772
8577,train,8574,6773
8580,train,8574,6776
8581,train,8574,6777
8582,train,8582,6778
8583,train,8583,6779
8584,train,8584,6780
8585,train,8585,6781
8589,train,8574,6784
8597,train,8597,6792
8607,train,8607,6802
8610,train,6692,6803
8611,train,8611,6804
8612,train,8611,6805
8613,train,8613,6806
8614,train,8611,6807
8615,train,8611,6808
8624,train,63,6817
8625,train,8625,6818
8628,train,8628,6820
8630,train,8625,6822
8631,train,8631,6823
8632,train,8632,6824
8633,train,8633,6825
8637,train,8637,6826
8641,train,8641,6830
8642,train,8642,6831
8643,train,3443,6832
8645,train,8645,6833
8646,train,5948,6834
8647,train,5948,6835
8648,train,8648,6836
8649,train,8645,6837
8653,train,8653,6840
8654,train,3302,6841
8655,train,3302,6842
8656,train,3327,6843
8659,train,8659,6845
8664,train,8664,6850
8670,train,8670,6856
8672,train,8672,6858
8674,train,8674,6859
8678,train,8678,6860
8679,train,8679,6861
8687,train,6361,6863
8691,train,8691,6864
8692,train,8692,6865
8695,train,8695,6866
8697,train,8697,6867
8698,train,1372,6868
8703,train,5214,6870
8710,train,8710,6876
8719,train,4992,6878
8720,train,4992,6879
8721,train,4992,6880
8722,train,4992,6881
8723,train,4992,6882
8724,train,2605,6883
8725,train,8426,6884
8727,train,8727,6886
8728,train,8728,6887
8730,train,8730,6888
8731,train,406,6889
8732,train,8732,6890
8733,train,8733,6891
8739,train,8739,6895
8746,train,8746,6896
8748,train,8748,6898
8750,train,8750,6900
8752,train,8748,6902
8754,train,8754,6904
8755,train,8748,6905
8756,train,8748,6906
8757,train,8748,6907
8758,train,8758,6908
8761,train,8761,6910
8763,train,8758,6911
8764,train,6361,6912
8765,train,2888,6913
8774,train,8774,6915
8776,train,8776,6917
8779,train,8779,6920
8782,train,8782,6922
8785,train,141,6924
8786,train,293,6925
8787,train,293,6926
8788,train,293,6927
8790,train,293,6929
8791,train,8791,6930
8795,train,8795,6932
8801,train,8801,6936
8802,train,8802,6937
8803,train,8802,6938
8806,train,8806,6940
8807,train,8806,6941
8808,train,8806,6942
8814,train,8814,6944
8819,train,8819,6949
8821,train,8821,6951
8822,train,8821,6952
8823,train,8819,6953
8824,train,8824,6954
8825,train,8825,6955
8826,train,8824,6956
8827,train,8824,6957
8828,train,8824,6958
8829,train,8574,6959
8835,train,8819,6963
8839,train,8386,6966
8840,train,8386,6967
8841,train,8841,6968
8842,train,4992,6969
8847,train,8847,6971
8849,train,8849,6973
8856,train,8856,6975
8858,train,7597,6976
8861,train,669,6979
8862,train,8862,6980
8868,train,8868,6981
8869,train,8868,6982
8870,train,8868,6983
8871,train,8868,6984
8872,train,8868,6985
8873,train,8873,6986
8885,train,8885,6987
8887,train,580,6988
8888,train,8888,6989
8891,train,8891,6992
8895,train,6276,6993
8896,train,8896,6994
8898,train,8898,6996
8902,train,8902,6997
8903,train,8903,6998
8907,train,8907,6999
8908,train,8908,7000
8909,train,8559,7001
8910,train,8910,7002
8911,train,8911,7003
8912,train,307,7004
8913,train,8913,7005
8916,train,8916,7008
8917,train,3957,7009
8920,train,8920,7011
8921,train,16,7012
8922,train,8922,7013
8925,train,8925,7014
8936,train,8936,7021
8940,train,241,7024
8942,train,8942,7025
8948,train,8948,7027
8949,train,8948,7028
8950,train,8950,7029
8952,train,8952,7031
8953,train,51,7032
8954,train,3203,7033
8955,train,8955,7034
8956,train,8956,7035
8960,train,4095,7037
8962,train,33,7038
8964,train,8964,7040
8965,train,8964,7041
8966,train,8964,7042
8967,train,8964,7043
8970,train,616,7045
8971,train,8971,7046
8973,train,8973,7048
8974,train,8973,7049
8977,train,8977,7051
8978,train,8977,7052
8979,train,8977,7053
8991,train,8991,7062
8992,train,8992,7063
8993,train,8993,7064
8995,train,8995,7066
8996,train,8996,7067
8997,train,8996,7068
8998,train,8998,7069
9005,train,9005,7076
9009,train,9009,7078
9010,train,9010,7079
9012,train,9012,7081
9014,train,9014,7083
9022,train,9022,7089
9028,train,9028,7091
9029,train,9029,7092
9035,train,7597,7094
9036,train,1534,7095
9040,train,9040,7097
9042,train,1958,7098
9043,train,9043,7099
9044,train,9044,7100
9049,train,6015,7105
9055,train,230,7108
9057,train,9057,7109
9059,train,9057,7111
9063,train,9063,7114
9066,train,9063,7117
9067,train,9063,7118
9068,train,9063,7119
9069,train,9063,7120
9070,train,9063,7121
9071,train,9071,7122
9072,train,9071,7123
9073,train,9071,7124
9074,train,9063,7125
9075,train,9063,7126
9080,train,9080,7128
9081,train,9081,7129
9082,train,82,7130
9083,train,4174,7131
9085,train,9085,7132
9086,train,9086,7133
9087,train,9087,7134
9088,train,9088,7135
9089,train,9089,7136
9092,train,9092,7137
9093,train,9093,7138
9094,train,9093,7139
9095,train,9093,7140
9098,train,9098,7143
9100,train,9100,7145
9101,train,9101,7146
9102,train,9101,7147
9103,train,9103,7148
9105,train,9100,7150
9108,train,9108,7152
9109,train,9108,7153
9112,train,9112,7155
9125,train,9125,7167
9126,train,9125,7168
9128,train,2314,7169
9130,train,3419,7170
9131,train,3419,7171
9132,train,9132,7172
9133,train,293,7173
9134,train,293,7174
9135,train,293,7175
9136,train,293,7176
9138,train,8611,7178
9139,train,9139,7179
9140,train,293,7180
9141,train,9093,7181
9142,train,59,7182
9150,train,85,7185
9151,train,85,7186
9152,train,85,7187
9156,train,9156,7191
9160,train,9160,7193
9161,train,9161,7194
9168,train,9168,7198
9171,train,9171,7200
9174,train,9174,7203
9178,train,734,7204
9179,train,9179,7205
9184,train,9184,7209
9185,train,9185,7210
9198,train,9198,7222
9211,train,9211,7226
9212,train,9212,7227
9213,train,9213,7228
9214,train,9213,7229
9215,train,9213,7230
9216,train,9213,7231
9217,train,9213,7232
9218,train,9213,7233
9219,train,9213,7234
9220,train,9220,7235
9221,train,9220,7236
9222,train,4764,7237
9223,train,9223,7238
9225,train,2735,7240
9226,train,9226,7241
9227,train,9226,7242
9244,train,9244,7244
9253,train,9253,7245
9259,train,9259,7246
9260,train,4109,7247
9261,train,9261,7248
9262,train,9261,7249
9263,train,9261,7250
9264,train,9261,7251
9265,train,9261,7252
9268,train,9268,7253
9269,train,9269,7254
9276,train,9276,7255
9277,train,9276,7256
9278,train,9276,7257
9279,train,9276,7258
9280,train,9276,7259
9282,train,9282,7260
9283,train,9283,7261
9285,train,9285,7263
9290,train,9290,7266
9291,train,9291,7267
9294,train,4174,7268
9297,train,9297,7269
9299,train,9299,7271
9309,train,9309,7275
9310,train,9310,7276
9311,train,9311,7277
9317,train,9317,7279
9318,train,9318,7280
9320,train,9320,7281
9327,train,6952,7282
9330,train,9330,7285
9331,train,9331,7286
9332,train,9332,7287
9333,train,9333,7288
9334,train,9333,7289
9336,train,9336,7291
9339,train,9339,7292
9343,train,9343,7296
9344,train,7597,7297
9345,train,5202,7298
9346,train,9346,7299
9347,train,9347,7300
9349,train,9349,7302
9350,train,9350,7303
9351,train,9350,7304
9353,train,9353,7306
9354,train,4517,7307
9355,train,4517,7308
9356,train,9356,7309
9357,train,9357,7310
9358,train,9358,7311
9361,train,9358,7313
9363,train,9363,7314
9364,train,9364,7315
9365,train,9365,7316
9366,train,9364,7317
9368,train,9368,7318
9369,train,9368,7319
9373,train,9373,7323
9374,train,9373,7324
9380,train,9380,7328
9389,train,9380,7337
9400,train,9400,7348
9407,train,1770,7354
9411,train,9411,7357
9412,train,2083,7358
9413,train,2083,7359
9417,train,249,7362
9418,train,9418,7363
9419,train,9419,7364
9422,train,9419,7365
9423,train,9423,7366
9425,train,9425,7368
9426,train,9426,7369
9427,train,9427,7370
9428,train,9427,7371
9430,train,2962,7373
9431,train,9431,7374
9432,train,1048,7375
9434,train,6015,7376
9437,train,9437,7378
9438,train,9438,7379
9439,train,9439,7380
9440,train,6015,7381
9441,train,9441,7382
9443,train,9443,7384
9447,train,9380,7387
9452,train,9380,7391
9453,train,9380,7392
9457,train,9380,7396
9463,train,9463,7402
9465,train,9465,7403
9468,train,5761,7404
9470,train,5761,7406
9476,train,122,7408
9477,train,122,7409
9482,train,122,7413
9483,train,122,7414
9484,train,122,7415
9485,train,122,7416
9487,train,122,7418
9488,train,122,7419
9489,train,122,7420
9490,train,9490,7421
9491,train,9491,7422
9493,train,9493,7424
9496,train,4992,7426
9498,train,9498,7428
9499,train,9498,7429
9501,train,2888,7430
9502,train,9502,7431
9503,train,9503,7432
9505,train,9505,7433
9506,train,9365,7434
9507,train,9365,7435
9508,train,9365,7436
9509,train,9509,7437
9511,train,9365,7438
9515,train,8024,7439
9516,train,9509,7440
9519,train,9498,7443
9520,train,2217,7444
9525,train,9525,7448
9526,train,4855,7449
9541,train,2990,7464
9549,train,9549,7468
9555,train,9555,7473
9556,train,9556,7474
9559,train,9559,7477
9565,train,9565,7483
9567,train,9365,7485
9569,train,9569,7486
9570,train,9569,7487
9571,train,9571,7488
9572,train,9571,7489
9573,train,9571,7490
9575,train,9571,7491
9580,train,9571,7492
9597,train,8421,7495
9598,train,811,7496
9599,train,8421,7497
9600,train,8421,7498
9601,train,8421,7499
9602,train,8421,7500
9603,train,811,7501
9604,train,811,7502
9605,train,8421,7503
9607,train,8421,7504
9608,train,6120,7505
9614,train,9614,7508
9615,train,9615,7509
9616,train,9615,7510
9617,train,9615,7511
9624,train,9624,7518
9625,train,9625,7519
9628,train,9615,7522
9629,train,9615,7523
9631,train,2083,7525
9632,train,2083,7526
9633,train,2083,7527
9639,train,9639,7531
9640,train,9640,7532
9641,train,9641,7533
9642,train,9642,7534
9643,train,9643,7535
9644,train,9644,7536
9648,train,9648,7540
9650,train,5424,7542
9652,train,9652,7544
9653,train,9652,7545
9654,train,9654,7546
9655,train,9655,7547
9660,train,9660,7552
9661,train,9661,7553
9664,train,9664,7555
9666,train,9666,7556
9669,train,9669,7558
9672,train,9672,7560
9673,train,4992,7561
9674,train,9674,7562
9675,train,9674,7563
9676,train,9674,7564
9677,train,9674,7565
9678,train,9674,7566
9679,train,9674,7567
9680,train,9674,7568
9682,train,746,7570
9683,train,746,7571
9684,train,9684,7572
9685,train,9685,7573
9692,train,3643,7574
9693,train,3643,7575
9695,train,9695,7577
9708,train,9708,7579
9709,train,3241,7580
9710,train,9710,7581
9711,train,9710,7582
9712,train,9712,7583
9713,train,9713,7584
9714,train,3241,7585
9719,train,9719,7586
9720,train,3241,7587
9721,train,3241,7588
9723,train,122,7589
9730,train,4068,7595
9732,train,9502,7597
9734,train,9734,7599
9735,train,9735,7600
9739,train,2912,7604
9740,train,9740,7605
9742,train,9742,7606
9744,train,9744,7607
9745,train,9745,7608
9746,train,9745,7609
9748,train,9745,7611
9749,train,6348,7612
9750,train,9750,7613
9751,train,9751,7614
9752,train,8394,7615
9755,train,4855,7617
9768,train,999,7628
9769,train,9740,7629
9778,train,9778,7637
9779,train,9779,7638
9780,train,9780,7639
9781,train,9751,7640
9782,train,3241,7641
9783,train,9710,7642
9784,train,3241,7643
9785,train,9785,7644
9786,train,6348,7645
9787,train,9787,7646
9789,train,9789,7647
9790,train,9276,7648
9791,train,9276,7649
9792,train,9276,7650
9794,train,9276,7652
9795,train,9276,7653
9798,train,9798,7655
9800,train,9800,7656
9801,train,9801,7657
9802,train,7597,7658
9805,train,9805,7660
9807,train,2735,7661
9815,train,7597,7664
9816,train,1618,7665
9817,train,9817,7666
9821,train,9821,7669
9827,train,9827,7671
9828,train,4755,7672
9829,train,8746,7673
9831,train,9831,7674
9834,train,9834,7675
9835,train,521,7676
9841,train,5202,7679
9845,train,9845,7680
9850,train,9850,7683
9854,train,92,7686
9863,train,9863,7690
9864,train,9863,7691
9865,train,9865,7692
9870,train,9870,7693
9871,train,241,7694
9873,train,9873,7695
9874,train,9085,7696
9876,train,9876,7697
9882,train,9882,7700
9883,train,9883,7701
9884,train,9883,7702
9885,train,9883,7703
9886,train,9883,7704
9887,train,9883,7705
9888,train,9883,7706
9889,train,9883,7707
9890,train,9883,7708
9891,train,9883,7709
9892,train,9883,7710
9893,train,9883,7711
9894,train,9883,7712
9895,train,9883,7713
9897,train,9883,7714
9899,train,9883,7715
9900,train,9883,7716
9905,train,9905,7718
9907,train,8351,7719
9911,train,9911,7723
9917,train,9917,7725
9918,train,9918,7726
9919,train,7597,7727
9920,train,9920,7728
9931,train,9931,7731
9932,train,9932,7732
9933,train,9933,7733
9935,train,9935,7735
9938,train,9938,7738
9939,train,9938,7739
9940,train,9938,7740
9941,train,9941,7741
9942,train,9942,7742
9945,train,9945,7743
9948,train,9948,7746
9951,train,9639,7749
9953,train,9734,7751
9954,train,9954,7752
9955,train,9955,7753
9956,train,3172,7754
9957,train,9954,7755
9958,train,9954,7756
9959,train,9954,7757
9960,train,9954,7758
9963,train,9963,7761
9966,train,9966,7764
9967,train,4068,7765
9970,train,9970,7768
9971,train,4068,7769
9972,train,9938,7770
9973,train,9938,7771
9974,train,9938,7772
9975,train,9938,7773
9976,train,9938,7774
9977,train,9938,7775
9978,train,9932,7776
9980,train,9639,7778
9981,train,9981,7779
9985,train,2489,7783
9987,train,9987,7785
9988,train,9988,7786
10000,train,4855,7792
10005,train,4855,7793
10009,train,410,7794
10014,train,10014,7797
10022,train,4855,7798
10024,train,10024,7799
10034,train,10034,7801
10035,train,10035,7802
10036,train,10035,7803
10037,train,9938,7804
10038,train,9938,7805
10040,train,9938,7807
10041,train,5671,7808
10042,train,9970,7809
10045,train,9938,7810
10048,train,9938,7813
10049,train,2489,7814
10051,train,2489,7815
10052,train,10052,7816
10053,train,2489,7817
10057,train,5292,7818
10058,train,5292,7819
10059,train,5292,7820
10060,train,5292,7821
10061,train,5292,7822
10062,train,10062,7823
10063,train,5292,7824
10064,train,10064,7825
10065,train,10065,7826
10066,train,10065,7827
10067,train,10065,7828
10073,train,10073,7834
10074,train,10073,7835
10075,train,10073,7836
10076,train,10073,7837
10079,train,6480,7838
10081,train,10081,7840
10083,train,6747,7841
10085,train,9057,7842
10086,train,9057,7843
10087,train,9057,7844
10089,train,10089,7846
10090,train,10090,7847
10091,train,9057,7848
10094,train,9057,7851
10095,train,10090,7852
10096,train,10090,7853
10097,train,10097,7854
10107,train,10107,7860
10108,train,10108,7861
10112,train,10112,7862
10115,train,10115,7864
10119,train,10119,7866
10124,train,10124,7869
10126,train,10126,7871
10128,train,10128,7873
10133,train,10126,7876
10135,train,10135,7878
10136,train,4980,7879
10138,train,4980,7881
10140,train,10140,7883
10141,train,10141,7884
10142,train,10142,7885
10144,train,9503,7887
10145,train,10145,7888
10146,train,10146,7889
10148,train,9503,7890
10149,train,10149,7891
10150,train,10150,7892
10152,train,10152,7893
10154,train,10154,7894
10155,train,10154,7895
10157,train,10157,7896
10159,train,2529,7897
10160,train,2529,7898
10161,train,2529,7899
10166,train,10166,7901
10168,train,10168,7902
10169,train,5371,7903
10170,train,10170,7904
10171,train,10171,7905
10174,train,5371,7907
10176,train,5371,7908
10177,train,5371,7909
10178,train,5371,7910
10179,train,5371,7911
10180,train,5371,7912
10182,train,10182,7914
10183,train,10182,7915
10184,train,10182,7916
10185,train,10182,7917
10187,train,10182,7918
10188,train,10188,7919
10191,train,1504,7920
10194,train,10194,7922
10202,train,10202,7925
10204,train,10204,7926
10207,train,546,7928
10217,train,10217,7929
10218,train,10218,7930
10219,train,7412,7931
10227,train,10227,7932
10229,train,10229,7934
10230,train,10230,7935
10235,train,10235,7938
10236,train,3203,7939
10237,train,9261,7940
10238,train,9261,7941
10239,train,9261,7942
10240,train,9261,7943
10247,train,10247,7945
10252,train,10252,7947
10253,train,10252,7948
10254,train,10252,7949
10255,train,10252,7950
10256,train,10252,7951
10257,train,10252,7952
10258,train,10252,7953
10259,train,10252,7954
10260,train,10252,7955
10261,train,10252,7956
10262,train,10252,7957
10264,train,10264,7959
10265,train,10265,7960
10271,train,10271,7962
10272,train,10272,7963
10279,train,10279,7969
10280,train,10280,7970
10282,train,5110,7972
10283,train,5110,7973
10284,train,5110,7974
10286,train,5110,7976
10287,train,4838,7977
10289,train,5105,7979
10290,train,5104,7980
10291,train,5105,7981
10292,train,10279,7982
10293,train,5105,7983
10299,train,8849,7984
10300,train,8849,7985
10301,train,8849,7986
10302,train,8849,7987
10308,train,279,7989
10315,train,10315,7993
10320,train,10320,7996
10321,train,10321,7997
10323,train,10323,7999
10339,train,10339,8010
10344,train,10344,8013
10347,train,9970,8014
10351,train,9938,8015
10352,train,10352,8016
10360,train,410,8017
10367,train,10367,8020
10368,train,10368,8021
10369,train,10368,8022
10370,train,10368,8023
10372,train,8648,8024
10373,train,10373,8025
10374,train,1522,8026
10376,train,10376,8027
10379,train,10379,8028
10380,train,10380,8029
10381,train,10381,8030
10383,train,10383,8032
10386,train,10315,8035
10394,train,9276,8040
10395,train,9276,8041
10396,train,9276,8042
10397,train,9276,8043
10398,train,9276,8044
10406,train,227,8047
10407,train,10407,8048
10409,train,10409,8050
10414,train,9261,8055
10416,train,10416,8057
10435,train,10435,8063
10436,train,10435,8064
10438,train,10438,8065
10439,train,10439,8066
10440,train,9276,8067
10441,train,9276,8068
10443,train,340,8070
10446,train,10446,8071
10447,train,10447,8072
10449,train,10449,8073
10452,train,10452,8074
10453,train,6884,8075
10462,train,10462,8076
10473,train,10473,8085
10474,train,10473,8086
10475,train,10473,8087
10476,train,10473,8088
10477,train,10473,8089
10481,train,10473,8093
10482,train,10252,8094
10484,train,5110,8095
10485,train,5110,8096
10487,train,5110,8097
10488,train,5110,8098
10489,train,5110,8099
10490,train,9938,8100
10492,train,9179,8101
10494,train,9970,8103
10496,train,10496,8105
10500,train,10500,8108
10504,train,10504,8110
10505,train,10504,8111
10506,train,10506,8112
10509,train,8051,8114
10510,train,10510,8115
10511,train,10511,8116
10512,train,10512,8117
10516,train,10516,8120
10517,train,10517,8121
10518,train,10518,8122
10519,train,10518,8123
10520,train,113,8124
10522,train,10522,8125
10523,train,206,8126
10525,train,9276,8128
10526,train,9276,8129
10527,train,10527,8130
10529,train,10529,8131
10531,train,241,8133
10533,train,1922,8135
10550,train,10550,8141
10554,train,253,8144
10560,train,10560,8148
10561,train,10561,8149
10562,train,10562,8150
10563,train,10562,8151
10564,train,10564,8152
10566,train,10566,8154
10569,train,10569,8157
10570,train,10570,8158
10571,train,10571,8159
10572,train,10571,8160
10573,train,10573,8161
10574,train,10574,8162
10575,train,10575,8163
10576,train,10576,8164
10577,train,10577,8165
10579,train,10579,8167
10580,train,10580,8168
10581,train,10581,8169
10583,train,4577,8171
10584,train,2552,8172
10585,train,10580,8173
10586,train,4034,8174
10587,train,4034,8175
10590,train,3598,8178
10591,train,4740,8179
10592,train,10592,8180
10593,train,2854,8181
10594,train,10594,8182
10595,train,5282,8183
10597,train,10597,8185
10598,train,10598,8186
10599,train,10598,8187
10601,train,10601,8189
10602,train,10171,8190
10604,train,10604,8192
10611,train,1241,8198
10612,train,10612,8199
10613,train,10613,8200
10614,train,10614,8201
10616,train,2013,8203
10617,train,10617,8204
10618,train,10617,8205
10619,train,6837,8206
10620,train,10620,8207
10621,train,10621,8208
10623,train,10623,8209
10624,train,3902,8210
10630,train,8010,8213
10638,train,10638,8219
10640,train,10640,8221
10642,train,10642,8223
10644,train,3401,8225
10648,train,2268,8228
10649,train,10649,8229
10650,train,10650,8230
10651,train,10651,8231
10652,train,10652,8232
10654,train,10654,8233
10655,train,10655,8234
10657,train,9212,8236
10659,train,10659,8238
10660,train,10660,8239
10662,train,10662,8241
10663,train,10663,8242
10665,train,10665,8244
10666,train,10666,8245
10667,train,10667,8246
10669,train,10669,8248
10670,train,10670,8249
10671,train,10665,8250
10672,train,10672,8251
10673,train,10673,8252
10674,train,10674,8253
10676,train,10676,8254
10677,train,10677,8255
10678,train,10677,8256
10679,train,10679,8257
10685,train,4231,8261
10686,train,4231,8262
10689,train,4231,8265
10690,train,10690,8266
10691,train,10691,8267
10692,train,4231,8268
10693,train,4231,8269
10694,train,10694,8270
10695,train,4231,8271
10700,train,3280,8274
10701,train,10701,8275
10702,train,1299,8276
10703,train,1299,8277
10704,train,1299,8278
10706,train,10706,8280
10709,train,4438,8283
10710,train,4427,8284
10711,train,4438,8285
10712,train,4425,8286
10713,train,4425,8287
10714,train,10714,8288
10716,train,10716,8290
10717,train,10717,8291
10719,train,10719,8292
10722,train,10722,8295
10723,train,10723,8296
10724,train,10723,8297
10725,train,10725,8298
10726,train,10726,8299
10727,train,10727,8300
10728,train,5424,8301
10730,train,10730,8303
10731,train,10731,8304
10732,train,10732,8305
10740,train,10740,8307
10742,train,9863,8308
10743,train,9863,8309
10747,train,10747,8311
10748,train,10623,8312
10749,train,10623,8313
10750,train,10623,8314
10751,train,10751,8315
10754,train,10754,8317
10756,train,4231,8319
10758,train,6781,8320
10760,train,10760,8321
10761,train,10761,8322
10763,train,10763,8324
10765,train,10765,8326
10766,train,10766,8327
10769,train,10769,8328
10770,train,10770,8329
10771,train,10771,8330
10774,train,10774,8333
10776,train,3164,8334
10777,train,10777,8335
10778,train,10778,8336
10780,train,10780,8338
10781,train,10781,8339
10782,train,10782,8340
10783,train,94,8341
10784,train,5767,8342
10785,train,10766,8343
10786,train,10786,8344
10789,train,10789,8347
10792,train,10792,8350
10793,train,10793,8351
10794,train,10793,8352
10796,train,10796,8354
10797,train,10797,8355
10798,train,10798,8356
10799,train,10799,8357
10803,train,10803,8359
10804,train,10804,8360
10805,train,10805,8361
10806,train,10806,8362
10807,train,10807,8363
10809,train,10809,8365
10812,train,10812,8367
10813,train,10813,8368
10815,train,10813,8370
10816,train,10813,8371
10817,train,10817,8372
10818,train,10813,8373
10819,train,10813,8374
10820,train,10820,8375
10822,train,10822,8377
10823,train,10823,8378
10824,train,10824,8379
10825,train,10825,8380
10826,train,10825,8381
10828,train,10828,8382
10831,train,10831,8385
10833,train,10833,8387
10834,train,10834,8388
10835,train,10835,8389
10836,train,10835,8390
10837,train,10837,8391
10838,train,10838,8392
10840,train,10840,8394
10841,train,10841,8395
10842,train,10835,8396
10844,train,3314,8397
10848,train,10848,8398
10850,train,10850,8399
10852,train,10852,8400
10853,train,10853,8401
10854,train,10854,8402
10855,train,10855,8403
10857,train,10857,8404
10858,train,10858,8405
10859,train,10859,8406
10861,train,10861,8408
10862,train,10862,8409
10864,train,10864,8411
10865,train,3327,8412
10868,train,10868,8414
10869,train,10869,8415
10870,train,10870,8416
10872,train,10872,8418
10873,train,249,8419
10877,train,10877,8420
10879,train,10848,8421
10881,train,10881,8423
10883,train,10883,8424
10885,train,10885,8425
10886,train,10886,8426
10887,train,10887,8427
10889,train,559,8428
10890,train,559,8429
10891,train,559,8430
10892,train,10892,8431
10895,train,10895,8432
10896,train,10896,8433
10898,train,10898,8435
10899,train,4438,8436
10900,train,10900,8437
10901,train,10901,8438
10902,train,880,8439
10904,train,10904,8440
10906,train,10906,8441
10907,train,10907,8442
10908,train,2585,8443
10909,train,2585,8444
10910,train,2585,8445
10913,train,10913,8447
10914,train,10914,8448
10915,train,10915,8449
10917,train,10907,8451
10919,train,10919,8452
10922,train,10922,8454
10923,train,10922,8455
10924,train,10922,8456
10926,train,10898,8457
10927,train,10927,8458
10928,train,10928,8459
10931,train,10931,8461
10932,train,3175,8462
10936,train,10936,8465
10937,train,10937,8466
10938,train,10938,8467
10939,train,10939,8468
10947,train,10947,8469
10948,train,10900,8470
10949,train,10913,8471
10976,train,10976,8474
10977,train,10977,8475
10980,train,10980,8476
10981,train,10981,8477
10984,train,1847,8479
10985,train,1847,8480
10986,train,10986,8481
10987,train,10987,8482
10991,train,10991,8484
10992,train,10992,8485
10996,train,10981,8486
10997,train,10997,8487
10998,train,811,8488
11000,train,11000,8490
11001,train,11001,8491
11002,train,8421,8492
11003,train,8421,8493
11015,train,11015,8503
11018,train,11015,8506
11020,train,4427,8507
11021,train,11021,8508
11022,train,8545,8509
11023,train,11023,8510
11024,train,11024,8511
11025,train,11025,8512
11028,train,6276,8514
11029,train,11029,8515
11030,train,6071,8516
11036,train,11036,8518
11037,train,11037,8519
11039,train,11039,8521
11040,train,11040,8522
11041,train,11041,8523
11043,train,11043,8525
11044,train,10115,8526
11058,train,6837,8529
11060,train,11060,8530
11070,train,11070,8533
11074,train,11074,8534
11075,train,11075,8535
11077,train,11077,8536
11078,train,4694,8537
11079,train,11079,8538
11081,train,1844,8539
11083,train,11083,8541
11084,train,11084,8542
11089,train,11089,8546
11090,train,11090,8547
11091,train,11090,8548
11092,train,11092,8549
11093,train,11093,8550
11096,train,11096,8552
11097,train,11096,8553
11100,train,11100,8554
11101,train,11101,8555
11103,train,11103,8556
11109,train,11109,8559
11113,train,11113,8563
11114,train,1958,8564
11115,train,11115,8565
11117,train,6463,8567
11118,train,11118,8568
11119,train,11119,8569
11120,train,11119,8570
11121,train,11121,8571
11122,train,253,8572
11123,train,11123,8573
11124,train,11124,8574
11125,train,11125,8575
11126,train,9184,8576
11127,train,11127,8577
11128,train,2559,8578
11129,train,2559,8579
11138,train,11138,8586
11140,train,11140,8587
11145,train,11145,8588
11147,train,11147,8590
11150,train,11150,8593
11151,train,11151,8594
11154,train,11154,8596
11155,train,11155,8597
11156,train,11156,8598
11157,train,11157,8599
11160,train,11160,8601
11161,train,5896,8602
11162,train,11162,8603
11163,train,11163,8604
11168,train,11168,8606
11172,train,11172,8608
11173,train,11173,8609
11178,train,5896,8613
11185,train,11185,8615
11189,train,11189,8618
11190,train,11190,8619
11191,train,11191,8620
11199,train,11199,8622
11200,train,11200,8623
11202,train,11202,8624
11203,train,11203,8625
11204,train,11204,8626
11205,train,11205,8627
11206,train,11206,8628
11207,train,11207,8629
11209,train,11209,8631
11210,train,11210,8632
11211,train,11211,8633
11212,train,11212,8634
11215,train,11215,8636
11218,train,11218,8639
11219,train,10676,8640
11220,train,11220,8641
11221,train,11221,8642
11224,train,11224,8644
11234,train,11234,8645
11235,train,11235,8646
11236,train,11236,8647
11238,train,11238,8648
11239,train,11239,8649
11242,train,11242,8652
11243,train,11243,8653
11244,train,11244,8654
11245,train,11245,8655
11246,train,11246,8656
11247,train,11247,8657
11251,train,11251,8658
11252,train,231,8659
11253,train,11253,8660
11254,train,11254,8661
11255,train,11255,8662
11257,train,11257,8664
11258,train,11258,8665
11259,train,11259,8666
11260,train,11210,8667
11261,train,3779,8668
11263,train,11263,8669
11281,train,11281,8671
11285,train,11285,8673
11286,train,11286,8674
11292,train,11292,8677
11301,train,11301,8678
11303,train,11303,8680
11304,train,11304,8681
11305,train,1799,8682
11307,train,11307,8684
11309,train,11309,8686
11311,train,11311,8688
11312,train,11312,8689
11313,train,11313,8690
11314,train,11314,8691
11316,train,11316,8693
11317,train,11317,8694
11318,train,11318,8695
11319,train,11317,8696
11320,train,11320,8697
11321,train,11321,8698
11325,train,10938,8700
11326,train,10938,8701
11327,train,10938,8702
11328,train,10938,8703
11329,train,10938,8704
11330,train,11330,8705
11331,train,3401,8706
11332,train,3401,8707
11333,train,11333,8708
11334,train,1842,8709
11335,train,5946,8710
11336,train,11336,8711
11338,train,3314,8713
11340,train,1842,8715
11341,train,8545,8716
11344,train,11344,8719
11345,train,3314,8720
11347,train,4577,8722
11348,train,11348,8723
11349,train,5454,8724
11350,train,3314,8725
11352,train,11352,8727
11353,train,11353,8728
11354,train,11354,8729
11359,train,11359,8730
11365,train,11365,8732
11367,train,11367,8733
11369,train,11369,8735
11370,train,11370,8736
11372,train,11372,8738
11377,train,11377,8741
11379,train,11379,8743
11384,train,11384,8746
11385,train,11385,8747
11387,train,11387,8748
11389,train,11389,8749
11393,train,11393,8750
11394,train,11394,8751
11396,train,11396,8753
11397,train,11396,8754
11398,train,4611,8755
11406,train,11406,8757
11407,train,9503,8758
11408,train,11408,8759
11409,train,4788,8760
11411,train,11411,8762
11412,train,11412,8763
11416,train,1903,8765
11417,train,1903,8766
11419,train,8303,8768
11420,train,11420,8769
11423,train,10848,8770
11424,train,10848,8771
11425,train,11425,8772
11428,train,11428,8775
11431,train,11431,8776
11432,train,11432,8777
11436,train,4174,8780
11437,train,4174,8781
11438,train,11438,8782
11439,train,11439,8783
11442,train,5486,8785
11446,train,11446,8789
11447,train,11447,8790
11448,train,11448,8791
11449,train,11449,8792
11450,train,11450,8793
11451,train,5618,8794
11452,train,11452,8795
11454,train,10848,8796
11457,train,11457,8798
11462,train,3043,8799
11466,train,5795,8800
11467,train,11467,8801
11470,train,10848,8804
11472,train,11472,8805
11477,train,5136,8807
11478,train,4438,8808
11480,train,6907,8809
11481,train,11481,8810
11482,train,11482,8811
11485,train,11485,8813
11486,train,11486,8814
11487,train,11486,8815
11488,train,11488,8816
11491,train,10373,8817
11492,train,11492,8818
11494,train,11494,8820
11497,train,11286,8821
11499,train,7374,8823
11500,train,11500,8824
11504,train,10922,8827
11507,train,249,8828
11509,train,1903,8830
11511,train,6913,8832
11512,train,1903,8833
11513,train,11513,8834
11514,train,11514,8835
11515,train,11515,8836
11517,train,11517,8837
11523,train,11523,8840
11524,train,11524,8841
11526,train,880,8843
11528,train,11528,8845
11538,train,11538,8849
11539,train,11539,8850
11540,train,11540,8851
11546,train,11546,8856
11547,train,11547,8857
11548,train,1844,8858
11549,train,1844,8859
11550,train,11550,8860
11551,train,11551,8861
11552,train,11551,8862
11553,train,3521,8863
11554,train,11551,8864
11555,train,11555,8865
11556,train,11551,8866
11557,train,11551,8867
11560,train,4136,8870
11562,train,11562,8871
11565,train,11565,8874
11566,train,11566,8875
11567,train,811,8876
11569,train,11569,8878
11578,train,11578,8879
11579,train,4455,8880
11580,train,11580,8881
11583,train,11583,8884
11584,train,11584,8885
11585,train,11585,8886
11586,train,11586,8887
11600,train,10820,8891
11601,train,10820,8892
11602,train,10820,8893
11606,train,11606,8897
11610,train,11610,8900
11613,train,2069,8901
11614,train,11614,8902
11624,train,11624,8903
11625,train,11625,8904
11626,train,11626,8905
11627,train,4077,8906
11628,train,4077,8907
11629,train,4077,8908
11631,train,10938,8910
11632,train,10938,8911
11633,train,10938,8912
11634,train,10938,8913
11637,train,11637,8914
11639,train,11639,8916
11643,train,11643,8917
11644,train,11644,8918
11649,train,11649,8920
11670,train,11670,8923
11684,train,11670,8929
11685,train,11670,8930
11692,train,11692,8932
11693,train,11692,8933
11694,train,73,8934
11696,train,11696,8935
11700,train,11700,8937
11701,train,11700,8938
11704,train,5486,8940
11711,train,11711,8943
11713,train,11713,8945
11715,train,2067,8947
11728,train,11728,8953
11730,train,5079,8954
11731,train,5079,8955
11734,train,11734,8956
11735,train,11735,8957
11736,train,11735,8958
11751,train,11751,8962
11755,train,11755,8964
11758,train,11758,8966
11759,train,11759,8967
11761,train,160,8969
11773,train,5484,8979
11774,train,5484,8980
11775,train,11775,8981
11776,train,113,8982
11778,train,11778,8983
11780,train,7597,8984
11796,train,11796,8985
11804,train,11804,8986
11809,train,11809,8990
11817,train,11817,8993
11818,train,11818,8994
11821,train,9883,8997
11822,train,9883,8998
11823,train,9883,8999
11824,train,9883,9000
11825,train,9883,9001
11826,train,9883,9002
11827,train,9883,9003
11828,train,9883,9004
11829,train,9883,9005
11831,train,9883,9007
11832,train,9883,9008
11833,train,9883,9009
11834,train,9883,9010
11835,train,9883,9011
11836,train,9883,9012
11837,train,9883,9013
11838,train,9883,9014
11839,train,9883,9015
11840,train,9883,9016
11843,train,9883,9018
11844,train,9883,9019
11845,train,9883,9020
11846,train,9883,9021
11847,train,9883,9022
11848,train,9883,9023
11849,train,11849,9024
11862,train,7597,9026
11863,train,7597,9027
11864,train,7597,9028
11865,train,11865,9029
11881,train,5437,9032
11882,train,11882,9033
11891,train,11891,9036
11892,train,11891,9037
11901,train,7597,9038
11902,train,11902,9039
11903,train,9276,9040
11910,train,11910,9042
11919,train,11919,9044
11923,train,11923,9046
11924,train,9044,9047
11925,train,11925,9048
11926,train,5202,9049
11931,train,11931,9053
11932,train,8691,9054
11933,train,11933,9055
11937,train,1077,9057
11938,train,11938,9058
11939,train,7597,9059
11941,train,11941,9060
11943,train,11943,9062
11946,train,11946,9064
11947,train,7971,9065
11949,train,7971,9067
11950,train,7971,9068
11952,train,11952,9070
11955,train,5371,9072
11962,train,11962,9076
11963,train,11962,9077
11964,train,11964,9078
11965,train,5393,9079
11966,train,9624,9080
11967,train,2102,9081
11968,train,2102,9082
11969,train,2102,9083
11970,train,2102,9084
11971,train,2102,9085
11972,train,2102,9086
11973,train,2102,9087
11974,train,5729,9088
11975,train,11975,9089
11976,train,4231,9090
11980,train,4231,9094
11981,train,11981,9095
11982,train,11981,9096
11983,train,4231,9097
11985,train,4231,9098
11986,train,4231,9099
11987,train,4231,9100
11988,train,11988,9101
11989,train,11981,9102
11991,train,11991,9104
11992,train,11992,9105
11993,train,11991,9106
11994,train,11992,9107
11999,train,11999,9109
12000,train,10506,9110
12001,train,12001,9111
12002,train,12002,9112
12012,train,4855,9113
12014,train,1537,9114
12018,train,12018,9115
12019,train,12019,9116
12024,train,1463,9118
12025,train,12025,9119
12042,train,6438,9120
12046,train,12046,9122
12047,train,12046,9123
12050,train,12050,9126
12056,train,12056,9129
12057,train,12056,9130
12058,train,12058,9131
12060,train,12056,9132
12061,train,12056,9133
12062,train,12062,9134
12067,train,12067,9137
12071,train,12071,9138
12087,train,12087,9143
12088,train,12088,9144
12092,train,12087,9148
12093,train,12088,9149
12094,train,12088,9150
12095,train,12095,9151
12096,train,12096,9152
12097,train,12097,9153
12098,train,12098,9154
12102,train,12102,9156
12103,train,12103,9157
12104,train,12104,9158
12106,train,12106,9160
12111,train,12056,9163
12113,train,12113,9164
12116,train,12116,9165
12117,train,12117,9166
12118,train,12117,9167
12119,train,12117,9168
12120,train,12117,9169
12121,train,12117,9170
12122,train,12117,9171
12123,train,12117,9172
12124,train,12117,9173
12125,train,12117,9174
12126,train,12117,9175
12127,train,12117,9176
12128,train,12117,9177
12129,train,12117,9178
12130,train,12130,9179
12135,train,842,9180
12137,train,734,9182
12152,train,746,9184
12153,train,471,9185
12154,train,12154,9186
12155,train,12155,9187
12156,train,12155,9188
12157,train,12154,9189
12158,train,12154,9190
12159,train,12154,9191
12173,train,12173,9195
12177,train,12177,9197
12178,train,12178,9198
12182,train,12182,9199
12183,train,12182,9200
12184,train,12182,9201
12185,train,12182,9202
12186,train,12182,9203
12187,train,12182,9204
12188,train,12182,9205
12189,train,179,9206
12190,train,179,9207
12191,train,179,9208
12192,train,179,9209
12193,train,179,9210
12194,train,179,9211
12195,train,179,9212
12196,train,179,9213
12197,train,12197,9214
12198,train,12197,9215
12199,train,12197,9216
12200,train,12182,9217
12201,train,12182,9218
12202,train,12182,9219
12203,train,12182,9220
12204,train,12182,9221
12208,train,12208,9222
12210,train,12210,9223
12211,train,12211,9224
12212,train,6884,9225
12214,train,12214,9227
12215,train,12215,9228
12216,train,12216,9229
12218,train,12218,9230
12221,train,12221,9233
12222,train,3690,9234
12229,train,12229,9236
12230,train,12230,9237
12239,train,170,9239
12240,train,12240,9240
12241,train,12241,9241
12242,train,12242,9242
12243,train,12240,9243
12244,train,12241,9244
12245,train,12240,9245
12246,train,12240,9246
12247,train,12241,9247
12248,train,12241,9248
12249,train,12241,9249
12250,train,12241,9250
12251,train,12155,9251
12252,train,12154,9252
12253,train,12154,9253
12256,train,12256,9254
12257,train,12257,9255
12261,train,12261,9258
12262,train,12262,9259
12264,train,12264,9260
12265,train,12265,9261
12283,train,12283,9266
12284,train,12283,9267
12285,train,12283,9268
12286,train,12283,9269
12287,train,12283,9270
12290,train,12290,9271
12293,train,7954,9273
12297,train,12297,9277
12305,train,12305,9281
12306,train,12306,9282
12307,train,12306,9283
12308,train,12306,9284
12311,train,12311,9287
12312,train,12312,9288
12314,train,12314,9290
12315,train,12315,9291
12318,train,3961,9293
12319,train,3961,9294
12320,train,12320,9295
12326,train,12221,9296
12340,train,12340,9298
12350,train,1522,9299
12351,train,12351,9300
12352,train,12351,9301
12356,train,12356,9302
12375,train,12375,9306
12378,train,12378,9308
12379,train,12379,9309
12380,train,12380,9310
12381,train,12378,9311
12382,train,12382,9312
12383,train,12382,9313
12384,train,12379,9314
12385,train,12382,9315
12392,train,12306,9318
12393,train,12393,9319
12420,train,9883,9322
12421,train,12421,9323
12422,train,12422,9324
12429,train,12429,9327
12431,train,12431,9329
12432,train,12432,9330
12433,train,12433,9331
12435,train,12435,9333
12436,train,12435,9334
12437,train,12435,9335
12438,train,12433,9336
12439,train,12433,9337
12445,train,12445,9338
12448,train,12448,9339
12452,train,12452,9342
12455,train,3063,9344
12456,train,12456,9345
12457,train,12457,9346
12460,train,12460,9349
12461,train,12461,9350
12462,train,12461,9351
12464,train,12464,9353
12467,train,12467,9356
12469,train,12469,9358
12471,train,12471,9360
12472,train,1531,9361
12473,train,12473,9362
12475,train,12475,9364
12477,train,1797,9366
12478,train,12457,9367
12479,train,12457,9368
12482,train,12457,9371
12484,train,3063,9373
12485,train,12485,9374
12486,train,7732,9375
12493,train,12461,9376
12494,train,12494,9377
12496,train,12496,9378
12498,train,12498,9380
12499,train,12457,9381
12500,train,12500,9382
12501,train,12501,9383
12502,train,1531,9384
12503,train,12503,9385
12504,train,3649,9386
12507,train,12507,9387
12509,train,82,9388
12510,train,5577,9389
12511,train,9674,9390
12512,train,94,9391
12514,train,973,9393
12515,train,12515,9394
12517,train,12517,9396
12523,train,12523,9397
12526,train,12526,9399
12531,train,12457,9401
12535,train,4761,9405
12536,train,4761,9406
12539,train,12539,9409
12541,train,12457,9411
12547,train,12547,9413
12556,train,160,9416
12557,train,12557,9417
12560,train,12560,9420
12561,train,8051,9421
12562,train,12562,9422
12563,train,12562,9423
12564,train,12562,9424
12565,train,12565,9425
12566,train,12566,9426
12568,train,12562,9428
12569,train,12569,9429
12570,train,12562,9430
12571,train,12571,9431
12574,train,3172,9434
12575,train,3172,9435
12576,train,12576,9436
12579,train,3172,9439
12580,train,12580,9440
12581,train,12581,9441
12583,train,3302,9443
12586,train,12586,9445
12587,train,3610,9446
12590,train,12590,9449
12591,train,12507,9450
12592,train,12507,9451
12593,train,12507,9452
12594,train,12594,9453
12595,train,12595,9454
12596,train,12596,9455
12597,train,12597,9456
12602,train,12602,9459
12605,train,12605,9460
12608,train,12608,9463
12609,train,12608,9464
12610,train,12610,9465
12614,train,3150,9468
12622,train,12622,9471
12623,train,7972,9472
12624,train,12624,9473
12627,train,94,9475
12628,train,94,9476
12631,train,94,9479
12632,train,94,9480
12635,train,1463,9482
12638,train,12638,9485
12639,train,94,9486
12640,train,9269,9487
12643,train,4038,9489
12644,train,12644,9490
12646,train,12646,9492
12656,train,94,9498
12657,train,94,9499
12660,train,94,9500
12666,train,12666,9503
12673,train,12673,9508
12674,train,12673,9509
12675,train,12675,9510
12676,train,12673,9511
12679,train,12679,9514
12680,train,12680,9515
12681,train,12681,9516
12684,train,12684,9519
12685,train,9029,9520
12686,train,12686,9521
12688,train,12688,9522
12691,train,7420,9525
12692,train,12692,9526
12693,train,12693,9527
12694,train,12694,9528
12696,train,12696,9530
12697,train,12697,9531
12698,train,12698,9532
12700,train,7517,9534
12705,train,7508,9535
12712,train,12712,9538
12713,train,12713,9539
12714,train,12714,9540
12719,train,12719,9541
12721,train,12721,9543
12722,train,12721,9544
12726,train,12726,9546
12728,train,7100,9548
12729,train,12729,9549
12730,train,12730,9550
12738,train,12738,9552
12739,train,12739,9553
12741,train,12738,9555
12743,train,406,9557
12745,train,9283,9558
12746,train,4038,9559
12747,train,11734,9560
12748,train,12748,9561
12749,train,7864,9562
12750,train,12750,9563
12752,train,94,9565
12753,train,12753,9566
12754,train,94,9567
12757,train,94,9569
12759,train,94,9570
12761,train,94,9572
12763,train,12763,9574
12767,train,12767,9576
12768,train,12768,9577
12770,train,6198,9579
12771,train,6198,9580
12772,train,10691,9581
12773,train,10691,9582
12774,train,6198,9583
12775,train,6198,9584
12776,train,6198,9585
12777,train,12730,9586
12780,train,12780,9588
12781,train,12781,9589
12782,train,1335,9590
12784,train,7843,9592
12791,train,7415,9595
12792,train,8898,9596
12794,train,16,9597
12795,train,12795,9598
12796,train,12796,9599
12799,train,12799,9602
12800,train,4038,9603
12803,train,12803,9604
12804,train,2684,9605
12806,train,6287,9607
12807,train,12807,9608
12808,train,12808,9609
12809,train,12809,9610
12814,train,12814,9614
12815,train,12815,9615
12816,train,12816,9616
12818,train,12818,9617
12820,train,12809,9618
12825,train,12825,9623
12828,train,12828,9624
12829,train,12829,9625
12830,train,12829,9626
12831,train,12829,9627
12832,train,12829,9628
12833,train,12833,9629
12835,train,12829,9630
12836,train,12836,9631
12840,train,12840,9633
12843,train,12843,9635
12845,train,12845,9637
12846,train,12846,9638
12847,train,12847,9639
12854,train,12854,9641
12855,train,12855,9642
12858,train,12858,9644
12859,train,12859,9645
12860,train,12738,9646
12861,train,12738,9647
12863,train,113,9649
12864,train,113,9650
12865,train,12865,9651
12866,train,7415,9652
12867,train,12867,9653
12875,train,3150,9658
12880,train,12880,9661
12884,train,12884,9665
12885,train,12885,9666
12886,train,12886,9667
12887,train,12887,9668
12888,train,12888,9669
12890,train,249,9671
12891,train,6685,9672
12892,train,12892,9673
12894,train,12894,9675
12897,train,12897,9678
12898,train,12898,9679
12899,train,12899,9680
12900,train,6685,9681
12903,train,12903,9684
12904,train,12904,9685
12906,train,12906,9687
12907,train,12907,9688
12908,train,4970,9689
12909,train,12909,9690
12910,train,12910,9691
12913,train,12913,9694
12914,train,12914,9695
12915,train,12884,9696
12917,train,12917,9698
12918,train,12918,9699
12919,train,12919,9700
12921,train,12921,9702
12922,train,12922,9703
12923,train,12456,9704
12924,train,12456,9705
12925,train,12925,9706
12928,train,82,9709
12929,train,12929,9710
12930,train,12930,9711
12931,train,12930,9712
12932,train,12930,9713
12934,train,299,9715
12936,train,12936,9717
12938,train,12809,9719
12939,train,12865,9720
12940,train,12865,9721
12941,train,4035,9722
12944,train,12944,9724
12949,train,12949,9726
12950,train,12949,9727
12951,train,12951,9728
12952,train,12952,9729
12958,train,12958,9735
12959,train,12958,9736
12960,train,12958,9737
12961,train,12958,9738
12962,train,12958,9739
12963,train,12958,9740
12964,train,12958,9741
12976,train,12976,9749
12978,train,12978,9750
12979,train,12979,9751
12981,train,7399,9752
12982,train,12982,9753
12983,train,16,9754
12984,train,12984,9755
12985,train,669,9756
12988,train,12988,9758
12993,train,12993,9760
12996,train,12996,9762
12997,train,12997,9763
12998,train,12998,9764
12999,train,12998,9765
13000,train,12998,9766
13018,train,12854,9768
13019,train,13019,9769
13020,train,13020,9770
13022,train,13022,9772
13023,train,13020,9773
13024,train,13020,9774
13026,train,13026,9775
13028,train,13028,9776
13029,train,13028,9777
13030,train,13030,9778
13031,train,13031,9779
13034,train,13034,9782
13035,train,13035,9783
13040,train,13040,9788
13041,train,13041,9789
13042,train,13042,9790
13044,train,13044,9792
13048,train,2687,9795
13052,train,519,9798
13053,train,13053,9799
13057,train,12507,9802
13058,train,13058,9803
13061,train,13061,9806
13062,train,13062,9807
13063,train,12730,9808
13064,train,12730,9809
13065,train,12730,9810
13070,train,13070,9813
13092,train,13092,9817
13094,train,13094,9819
13095,train,13095,9820
13097,train,13097,9821
13098,train,13098,9822
13099,train,13099,9823
13101,train,13101,9825
13102,train,13102,9826
13103,train,11041,9827
13104,train,13095,9828
13105,train,1367,9829
13108,train,13108,9831
13109,train,13109,9832
13115,train,13115,9835
13116,train,13116,9836
13117,train,12340,9837
13121,train,13121,9838
13131,train,2735,9840
13132,train,13132,9841
13133,train,2735,9842
13135,train,2735,9844
13139,train,13139,9846
13145,train,9805,9851
13146,train,13146,9852
13149,train,2990,9855
13151,train,2735,9857
13156,train,2735,9862
13157,train,9283,9863
13158,train,9283,9864
13159,train,13159,9865
13163,train,13163,9869
13166,train,8607,9872
13167,train,13167,9873
13171,train,2691,9877
13172,train,3610,9878
13174,train,13174,9880
13175,train,13175,9881
13186,train,13146,9885
13192,train,13099,9887
13193,train,13193,9888
13194,train,13099,9889
13197,train,3456,9891
13202,train,3202,9895
13205,train,7972,9896
13209,train,16,9899
13210,train,6623,9900
13213,train,6623,9903
13214,train,2919,9904
13215,train,2919,9905
13216,train,6623,9906
13217,train,2920,9907
13218,train,2919,9908
13219,train,6623,9909
13222,train,13222,9912
13224,train,13224,9914
13226,train,13226,9916
13229,train,2919,9918
13230,train,2919,9919
13231,train,2919,9920
13232,train,2919,9921
13233,train,2920,9922
13234,train,13234,9923
13237,train,13237,9925
13238,train,13238,9926
13239,train,3577,9927
13241,train,2920,9929
13242,train,2920,9930
13243,train,13243,9931
13246,train,10506,9934
13248,train,10506,9936
13249,train,10506,9937
13250,train,10506,9938
13251,train,10506,9939
13254,train,1868,9942
13255,train,13255,9943
13282,train,13282,9944
13285,train,13285,9947
13287,train,5277,9949
13288,train,13288,9950
13289,train,5277,9951
13290,train,3564,9952
13294,train,3564,9954
13296,train,2920,9956
13303,train,13303,9961
13305,train,13305,9963
13307,train,13307,9965
13308,train,13308,9966
13312,train,13312,9970
13316,train,13316,9973
13323,train,12730,9974
13325,train,4289,9976
13327,train,1868,9977
13329,train,82,9979
13332,train,7412,9981
13333,train,13333,9982
13334,train,13334,9983
13335,train,13335,9984
13336,train,13334,9985
13337,train,13334,9986
13338,train,12982,9987
13339,train,13339,9988
13340,train,4289,9989
13341,train,13019,9990
13342,train,13342,9991
13344,train,4289,9993
13345,train,13345,9994
13346,train,13019,9995
13347,train,13345,9996
13348,train,13019,9997
13349,train,13349,9998
13350,train,13350,9999
13351,train,4289,10000
13354,train,13354,10002
13356,train,13356,10004
13357,train,13335,10005
13358,train,13358,10006
13359,train,12693,10007
13364,train,13364,10010
13365,train,13365,10011
13366,train,11952,10012
13367,train,13365,10013
13368,train,11952,10014
13369,train,11952,10015
13370,train,13365,10016
13371,train,13371,10017
13374,train,13374,10019
13375,train,1844,10020
13377,train,13377,10021
13380,train,13380,10022
13381,train,13377,10023
13382,train,4289,10024
13383,train,7100,10025
13386,train,4289,10027
13388,train,13388,10029
13389,train,13388,10030
13392,train,7100,10031
13397,train,12673,10034
13407,train,13407,10039
13409,train,4168,10040
13416,train,13416,10042
13436,train,13436,10043
13438,train,4168,10044
13441,train,11952,10046
13442,train,9876,10047
13445,train,11952,10049
13446,train,11952,10050
13454,train,13454,10056
13455,train,973,10057
13457,train,973,10058
13458,train,973,10059
13460,train,973,10060
13461,train,973,10061
13462,train,973,10062
13463,train,973,10063
13464,train,973,10064
13465,train,973,10065
13467,train,973,10067
13468,train,973,10068
13469,train,973,10069
13470,train,973,10070
13471,train,973,10071
13472,train,973,10072
13474,train,973,10073
13475,train,973,10074
13476,train,973,10075
13480,train,973,10079
13481,train,9876,10080
13482,train,13482,10081
13483,train,13483,10082
13484,train,10154,10083
13486,train,13486,10085
13487,train,13487,10086
13491,train,13491,10087
13493,train,4694,10088
13499,train,13499,10091
13501,train,249,10092
13504,train,9419,10094
13511,train,13511,10097
13515,train,13515,10100
13526,train,13526,10103
13530,train,13530,10105
13535,train,2920,10107
13540,train,13540,10110
13551,train,13551,10114
13563,train,13563,10123
13564,train,13564,10124
13565,train,7954,10125
13567,train,2217,10127
13570,train,2217,10129
13572,train,13572,10131
13577,train,2217,10136
13581,train,12693,10139
13582,train,13582,10140
13583,train,2011,10141
13585,train,12865,10142
13596,train,3063,10144
13597,train,10506,10145
13598,train,10506,10146
13600,train,3647,10147
13603,train,3647,10149
13604,train,3647,10150
13605,train,12457,10151
13608,train,12729,10152
13614,train,158,10157
13616,train,13616,10158
13617,train,13617,10159
13620,train,13620,10161
13621,train,13620,10162
13622,train,13622,10163
13623,train,13622,10164
13624,train,13622,10165
13625,train,13622,10166
13626,train,13622,10167
13627,train,13622,10168
13628,train,13622,10169
13629,train,13622,10170
13631,train,13622,10172
13632,train,13622,10173
13635,train,13622,10176
13636,train,13622,10177
13637,train,13622,10178
13638,train,13622,10179
13639,train,13622,10180
13640,train,13622,10181
13641,train,13622,10182
13642,train,13622,10183
13643,train,13622,10184
13645,train,13645,10185
13662,train,13662,10187
13664,train,13664,10189
13665,train,13664,10190
13666,train,13664,10191
13667,train,13667,10192
13669,train,2276,10193
13672,train,1100,10196
13674,train,12494,10198
13675,train,12494,10199
13676,train,13676,10200
13678,train,13167,10202
13681,train,13681,10205
13684,train,13684,10207
13685,train,13685,10208
13686,train,10373,10209
13687,train,13687,10210
13688,train,13688,10211
13689,train,13685,10212
13690,train,10373,10213
13691,train,13687,10214
13692,train,13688,10215
13693,train,10373,10216
13699,train,10373,10220
13700,train,10373,10221
13703,train,13703,10223
13705,train,13705,10225
13706,train,13705,10226
13709,train,13684,10229
13714,train,13714,10232
13716,train,13716,10233
13718,train,11865,10235
13719,train,11865,10236
13721,train,13721,10238
13726,train,13726,10239
13727,train,5815,10240
13732,train,10373,10241
13733,train,10373,10242
13738,train,4145,10243
13739,train,4145,10244
13740,train,4145,10245
13741,train,4145,10246
13742,train,13742,10247
13744,train,12638,10249
13746,train,13746,10250
13747,train,4694,10251
13750,train,13750,10252
13755,train,1531,10257
13756,train,113,10258
13757,train,113,10259
13760,train,13760,10262
13761,train,7416,10263
13764,train,13764,10264
13769,train,13035,10269
13773,train,13436,10273
13774,train,13774,10274
13779,train,5924,10277
13781,train,13781,10279
13784,train,13784,10282
13785,train,13785,10283
13794,train,13794,10288
13799,train,13799,10289
13802,train,59,10291
13805,train,4426,10293
13806,train,4437,10294
13808,train,5204,10296
13810,train,13810,10298
13812,train,5355,10300
13814,train,13814,10301
13815,train,13815,10302
13817,train,94,10303
13818,train,10506,10304
13819,train,10506,10305
13820,train,10506,10306
13822,train,13822,10308
13824,train,13824,10310
13825,train,13825,10311
13827,train,13827,10313
13828,train,13828,10314
13829,train,13828,10315
13830,train,13830,10316
13831,train,13827,10317
13837,train,13837,10321
13838,train,13838,10322
13839,train,13839,10323
13843,train,2735,10324
13855,train,13855,10327
13857,train,1859,10328
13858,train,8446,10329
13859,train,13859,10330
13861,train,1859,10331
13862,train,13862,10332
13863,train,1859,10333
13865,train,1859,10335
13866,train,1859,10336
13871,train,13871,10337
13872,train,13872,10338
13873,train,13872,10339
13874,train,13872,10340
13877,train,13877,10342
13879,train,13879,10343
13882,train,82,10344
13884,train,82,10346
13886,train,13886,10348
13887,train,13887,10349
13888,train,82,10350
13889,train,2989,10351
13890,train,13890,10352
13892,train,13892,10354
13894,train,13894,10356
13895,train,13895,10357
13902,train,9805,10362
13903,train,13903,10363
13904,train,13904,10364
13905,train,13905,10365
13907,train,13907,10367
13908,train,13908,10368
13910,train,13910,10370
13915,train,12730,10375
13916,train,13916,10376
13917,train,9883,10377
13918,train,13918,10378
13922,train,12979,10381
13929,train,13929,10387
13936,train,13936,10392
13938,train,13938,10394
13942,train,13942,10398
13943,train,4620,10399
13944,train,13944,10400
13946,train,13946,10402
13947,train,13947,10403
13949,train,13949,10405
13953,train,13944,10409
13954,train,13954,10410
13957,train,13957,10412
13958,train,13957,10413
13964,train,13957,10418
13968,train,13968,10420
13969,train,13969,10421
13970,train,13954,10422
13971,train,4104,10423
13973,train,13973,10425
13974,train,13974,10426
13977,train,13957,10429
13978,train,4620,10430
13979,train,13957,10431
13981,train,13981,10432
13982,train,4104,10433
13983,train,4104,10434
13984,train,13984,10435
13986,train,13986,10437
13987,train,13987,10438
13990,train,13990,10441
13993,train,13993,10444
13996,train,13996,10447
13999,train,13999,10450
14001,train,14001,10452
14003,train,13957,10454
14005,train,5355,10456
14010,train,14010,10460
14013,train,14013,10462
14016,train,3302,10463
14025,train,12730,10465
14026,train,12809,10466
14029,train,14029,10467
14030,train,14030,10468
14036,train,14036,10470
14040,train,158,10473
14041,train,158,10474
14042,train,158,10475
14049,train,2989,10476
14050,train,2989,10477
14051,train,14051,10478
14052,train,1859,10479
14053,train,1859,10480
14054,train,1859,10481
14055,train,1859,10482
14057,train,14057,10483
14058,train,1859,10484
14059,train,1859,10485
14060,train,8446,10486
14061,train,1859,10487
14062,train,1859,10488
14065,train,14057,10490
14072,train,1859,10495
14075,train,1859,10498
14076,train,14076,10499
14082,train,14082,10504
14087,train,2600,10509
14088,train,14088,10510
14090,train,3302,10512
14095,train,3443,10517
14097,train,14097,10519
14098,train,3957,10520
14099,train,3443,10521
14100,train,3443,10522
14101,train,14101,10523
14102,train,14102,10524
14103,train,2361,10525
14104,train,14104,10526
14105,train,2361,10527
14106,train,14106,10528
14107,train,12993,10529
14110,train,14110,10530
14111,train,14111,10531
14113,train,14113,10533
14116,train,14116,10536
14117,train,14117,10537
14118,train,1186,10538
14119,train,14119,10539
14129,train,14129,10545
14130,train,14129,10546
14131,train,2990,10547
14132,train,14132,10548
14134,train,14134,10550
14135,train,14134,10551
14136,train,14134,10552
14140,train,9654,10556
14141,train,14141,10557
14143,train,14143,10558
14145,train,5924,10560
14147,train,14147,10562
14149,train,14149,10563
14150,train,14150,10564
14151,train,14151,10565
14152,train,14152,10566
14154,train,10141,10568
14155,train,10141,10569
14156,train,10141,10570
14161,train,14161,10575
14162,train,14161,10576
14163,train,14163,10577
14165,train,4729,10579
14166,train,14166,10580
14174,train,14174,10584
14183,train,14183,10589
14185,train,14185,10590
14186,train,14186,10591
14190,train,14190,10595
14191,train,14191,10596
14192,train,12729,10597
14193,train,7864,10598
14194,train,14191,10599
14202,train,14202,10601
14204,train,14204,10603
14205,train,2912,10604
14208,train,2306,10605
14210,train,2912,10606
14211,train,2912,10607
14216,train,14216,10609
14217,train,12460,10610
14220,train,14220,10612
14222,train,12494,10614
14223,train,94,10615
14229,train,14013,10619
14231,train,14231,10620
14233,train,14233,10621
14234,train,2912,10622
14238,train,14238,10624
14239,train,6815,10625
14244,train,16,10628
14245,train,12982,10629
14246,train,14246,10630
14247,train,14247,10631
14248,train,16,10632
14249,train,14246,10633
14250,train,14250,10634
14251,train,3202,10635
14252,train,14252,10636
14253,train,14252,10637
14254,train,14254,10638
14255,train,14254,10639
14256,train,14254,10640
14265,train,14265,10648
14267,train,14267,10650
14268,train,5355,10651
14272,train,14272,10655
14277,train,14277,10658
14280,train,2276,10659
14281,train,9905,10660
14282,train,82,10661
14283,train,4038,10662
14286,train,82,10664
14289,train,14289,10667
14292,train,14292,10670
14293,train,14293,10671
14294,train,14294,10672
14295,train,4467,10673
14296,train,6197,10674
14297,train,227,10675
14298,train,9198,10676
14299,train,14299,10677
14300,train,1531,10678
14301,train,14301,10679
14309,train,14309,10681
14314,train,14314,10684
14317,train,12586,10687
14318,train,230,10688
14319,train,14299,10689
14321,train,14321,10690
14323,train,14323,10692
14324,train,14323,10693
14325,train,14325,10694
14328,train,14328,10696
14331,train,14331,10697
14333,train,1721,10699
14337,train,14337,10702
14343,train,14343,10708
14346,train,14346,10711
14351,train,3150,10715
14353,train,14353,10717
14354,train,14353,10718
14355,train,14353,10719
14356,train,14353,10720
14357,train,14353,10721
14358,train,14353,10722
14359,train,14353,10723
14360,train,14353,10724
14361,train,14353,10725
14362,train,14353,10726
14363,train,14363,10727
14364,train,14353,10728
14365,train,14353,10729
14366,train,14353,10730
14368,train,14353,10732
14369,train,14353,10733
14370,train,14353,10734
14376,train,14376,10735
14378,train,14299,10736
14379,train,14299,10737
14380,train,12586,10738
14382,train,14382,10739
14383,train,14383,10740
14384,train,113,10741
14386,train,14386,10743
14387,train,14386,10744
14388,train,14386,10745
14396,train,12467,10747
14397,train,14397,10748
14401,train,14401,10750
14402,train,14402,10751
14403,train,14403,10752
14406,train,14406,10754
14407,train,14407,10755
14409,train,14299,10757
14410,train,14299,10758
14412,train,14412,10759
14414,train,3113,10761
14415,train,12503,10762
14416,train,14416,10763
14417,train,113,10764
14422,train,14422,10766
14423,train,14423,10767
14424,train,14424,10768
14425,train,82,10769
14426,train,14299,10770
14427,train,14299,10771
14428,train,14428,10772
14429,train,5030,10773
14430,train,1664,10774
14431,train,5079,10775
14433,train,3456,10777
14434,train,11943,10778
14435,train,13042,10779
14436,train,14436,10780
14443,train,9674,10782
14448,train,14448,10784
14449,train,14449,10785
14452,train,12596,10787
14453,train,9644,10788
14455,train,9644,10789
14456,train,14456,10790
14459,train,14459,10792
14460,train,14459,10793
14462,train,14459,10795
14463,train,14463,10796
14472,train,14472,10805
14475,train,669,10807
14476,train,14476,10808
14481,train,1531,10809
14483,train,14483,10810
14489,train,14489,10811
14490,train,230,10812
14494,train,14494,10813
14495,train,14495,10814
14496,train,14495,10815
14505,train,14505,10818
14506,train,14505,10819
14507,train,14505,10820
14508,train,14505,10821
14523,train,14523,10822
14526,train,14526,10825
14527,train,1100,10826
14530,train,14523,10829
14532,train,4992,10831
14533,train,14533,10832
14534,train,14534,10833
14535,train,14535,10834
14536,train,14536,10835
14541,train,14541,10836
14544,train,14544,10838
14545,train,14544,10839
14548,train,14548,10841
14549,train,14548,10842
14550,train,14424,10843
14551,train,14424,10844
14553,train,14553,10845
14568,train,14568,10857
14569,train,14353,10858
14570,train,14353,10859
14571,train,14353,10860
14572,train,14353,10861
14573,train,14353,10862
14574,train,14353,10863
14577,train,14577,10866
14579,train,14579,10868
14586,train,14586,10871
14587,train,14397,10872
14588,train,14588,10873
14589,train,14589,10874
14593,train,14593,10877
14598,train,113,10881
14599,train,113,10882
14600,train,14600,10883
14601,train,6545,10884
14609,train,14609,10889
14611,train,12596,10891
14612,train,9276,10892
14613,train,9276,10893
14623,train,241,10894
14624,train,6497,10895
14626,train,778,10897
14627,train,241,10898
14630,train,14630,10899
14634,train,14634,10902
14637,train,14637,10904
14638,train,14638,10905
14644,train,14644,10909
14645,train,12596,10910
14646,train,14646,10911
14647,train,14647,10912
14652,train,14647,10914
14653,train,14647,10915
14654,train,14647,10916
14655,train,14647,10917
14656,train,14647,10918
14657,train,14647,10919
14658,train,14647,10920
14659,train,14647,10921
14660,train,14647,10922
14661,train,14647,10923
14662,train,14662,10924
14663,train,14663,10925
14670,train,14670,10926
14673,train,14673,10928
14674,train,14674,10929
14677,train,12306,10931
14678,train,12306,10932
14679,train,12306,10933
14680,train,14680,10934
14681,train,14680,10935
14682,train,12306,10936
14683,train,12306,10937
14684,train,14684,10938
14685,train,14684,10939
14691,train,14691,10941
14692,train,14692,10942
14694,train,14694,10943
14695,train,14694,10944
14696,train,14696,10945
14700,train,786,10947
14702,train,14702,10948
14703,train,274,10949
14704,train,14704,10950
14705,train,274,10951
14706,train,274,10952
14707,train,274,10953
14708,train,274,10954
14709,train,274,10955
14710,train,274,10956
14711,train,274,10957
14712,train,274,10958
14715,train,274,10961
14716,train,274,10962
14717,train,274,10963
14718,train,274,10964
14721,train,9276,10965
14722,train,14722,10966
14723,train,14722,10967
14724,train,6263,10968
14729,train,14729,10971
14730,train,14729,10972
14750,train,14750,10975
14752,train,14750,10977
14753,train,14750,10978
14754,train,14750,10979
14755,train,14750,10980
14756,train,14750,10981
14764,train,14764,10984
14765,train,14764,10985
14766,train,14766,10986
14767,train,14764,10987
14768,train,14764,10988
14769,train,14766,10989
14770,train,14764,10990
14771,train,14766,10991
14775,train,14775,10992
14777,train,9661,10993
14778,train,9661,10994
14782,train,14782,10995
14783,train,14782,10996
14784,train,14782,10997
14785,train,14782,10998
14786,train,14782,10999
14787,train,14787,11000
14788,train,14787,11001
14789,train,14787,11002
14790,train,14782,11003
14794,train,14794,11005
14795,train,14795,11006
14796,train,14796,11007
14798,train,14798,11008
14799,train,14799,11009
14812,train,14812,11011
14816,train,14637,11012
14819,train,82,11013
14822,train,14822,11015
14823,train,14823,11016
14830,train,14505,11021
14833,train,3169,11022
14834,train,14834,11023
14835,train,14834,11024
14838,train,786,11026
14865,train,14353,11029
14870,train,11938,11032
14872,train,14872,11033
14878,train,14878,11038
14879,train,14878,11039
14880,train,113,11040
14882,train,14882,11041
14883,train,14882,11042
14884,train,14884,11043
14885,train,14884,11044
14887,train,14887,11046
14888,train,14884,11047
14889,train,14884,11048
14890,train,14884,11049
14891,train,14884,11050
14892,train,14884,11051
14893,train,14884,11052
14895,train,14895,11054
14904,train,14904,11055
14906,train,14904,11056
14907,train,14904,11057
14908,train,14904,11058
14910,train,1306,11059
14911,train,14911,11060
14912,train,14911,11061
14913,train,14911,11062
14914,train,14911,11063
14915,train,14911,11064
14916,train,14911,11065
14917,train,14911,11066
14918,train,14911,11067
14919,train,14919,11068
14920,train,14919,11069
14921,train,14921,11070
14922,train,14921,11071
14925,train,14911,11072
14928,train,14928,11074
14929,train,14928,11075
14930,train,14928,11076
14931,train,14928,11077
14932,train,14928,11078
14933,train,14928,11079
14934,train,14928,11080
14935,train,14928,11081
14936,train,14928,11082
14937,train,14928,11083
14938,train,14928,11084
14939,train,14928,11085
14940,train,14928,11086
14941,train,14928,11087
14942,train,14942,11088
14943,train,14928,11089
14944,train,14928,11090
14945,train,14928,11091
14946,train,14928,11092
14947,train,14942,11093
14948,train,14942,11094
14949,train,14928,11095
14950,train,14928,11096
14951,train,14928,11097
14952,train,14928,11098
14953,train,14928,11099
14955,train,14928,11100
14956,train,14928,11101
14957,train,14928,11102
14958,train,14928,11103
14960,train,14928,11105
14962,train,14962,11107
14963,train,14928,11108
14965,train,14965,11110
14967,train,1792,11111
14968,train,1792,11112
14969,train,1792,11113
14970,train,1792,11114
14971,train,1792,11115
14972,train,1792,11116
14973,train,1792,11117
14974,train,1792,11118
14975,train,1792,11119
14978,train,14978,11121
14987,train,14987,11122
14990,train,14990,11124
14995,train,340,11125
14996,train,14996,11126
14997,train,14996,11127
15005,train,15005,11131
15007,train,340,11133
15008,train,15008,11134
15010,train,15010,11136
15015,train,15015,11141
15019,train,15019,11145
15021,train,15021,11147
15022,train,15022,11148
15028,train,15028,11154
15033,train,15033,11158
15035,train,15035,11159
15036,train,15036,11160
15037,train,15037,11161
15038,train,15038,11162
15039,train,15039,11163
15042,train,1132,11165
15043,train,15043,11166
15044,train,15044,11167
15051,train,15051,11172
15056,train,15056,11175
15059,train,15059,11177
15060,train,15060,11178
15061,train,4000,11179
15062,train,4000,11180
15067,train,1958,11182
15068,train,15068,11183
15069,train,15069,11184
15070,train,15070,11185
15071,train,15071,11186
15073,train,15073,11187
15074,train,15074,11188
15077,train,15077,11191
15078,train,1300,11192
15082,train,924,11194
15086,train,6496,11198
15091,train,2224,11203
15093,train,763,11205
15094,train,789,11206
15095,train,763,11207
15096,train,4945,11208
15097,train,230,11209
15102,train,15102,11210
15112,train,1534,11213
15116,train,15116,11215
15120,train,2990,11216
15128,train,1770,11219
15129,train,1938,11220
15131,train,15131,11222
15132,train,15132,11223
15133,train,10677,11224
15134,train,15134,11225
15136,train,15136,11227
15138,train,15138,11229
15140,train,524,11231
15142,train,15142,11233
15143,train,1730,11234
15144,train,15144,11235
15147,train,8051,11237
15148,train,1859,11238
15149,train,15149,11239
15150,train,15150,11240
15152,train,82,11241
15154,train,962,11242
15155,train,15155,11243
15156,train,8977,11244
15158,train,200,11245
15159,train,15159,11246
15161,train,15161,11247
15163,train,15163,11248
15164,train,10081,11249
15165,train,2361,11250
15167,train,15028,11252
15168,train,8154,11253
15169,train,15169,11254
15170,train,15170,11255
15171,train,15171,11256
15174,train,15174,11258
15175,train,15175,11259
15176,train,15176,11260
15177,train,4587,11261
15180,train,15180,11263
15182,train,15182,11265
15183,train,15183,11266
15191,train,15191,11270
15193,train,15193,11272
15194,train,3253,11273
15195,train,15195,11274
15196,train,3032,11275
15199,train,15199,11278
15201,train,2888,11280
15202,train,15202,11281
15203,train,3150,11282
15204,train,15204,11283
15205,train,15205,11284
15207,train,1995,11286
15212,train,15212,11290
15213,train,15212,11291
15222,train,15222,11296
15224,train,456,11298
15225,train,6100,11299
15227,train,1189,11300
15228,train,1189,11301
15231,train,15231,11302
15232,train,15232,11303
15234,train,2859,11304
15236,train,15236,11305
15237,train,15237,11306
15242,train,15242,11311
15244,train,1925,11313
15246,train,15246,11314
15249,train,4443,11317
15251,train,6196,11319
15252,train,94,11320
15254,train,15254,11322
15255,train,4974,11323
15259,train,229,11326
15263,train,3029,11328
15266,train,15266,11329
15267,train,11931,11330
15268,train,11931,11331
15269,train,11931,11332
15272,train,7538,11335
15277,train,15277,11337
15280,train,15280,11340
15281,train,15281,11341
15282,train,219,11342
15284,train,249,11344
15287,train,15287,11345
15291,train,82,11347
15292,train,15292,11348
15298,train,1664,11354
15302,train,15302,11358
15303,train,1859,11359
15308,train,11992,11363
15309,train,15309,11364
15311,train,15311,11366
15312,train,15312,11367
15313,train,3649,11368
15314,train,15314,11369
15315,train,15315,11370
15318,train,15318,11373
15324,train,15324,11376
15325,train,15325,11377
15328,train,11320,11380
15329,train,15329,11381
15330,train,94,11382
15331,train,15331,11383
15332,train,904,11384
15337,train,880,11388
15339,train,3415,11389
15340,train,15340,11390
15343,train,15343,11391
15350,train,6015,11398
15351,train,6015,11399
15352,train,1995,11400
15354,train,4921,11401
15358,train,15358,11403
15361,train,7439,11404
15363,train,15363,11406
15364,train,15364,11407
15365,train,15365,11408
15366,train,15365,11409
15375,train,15375,11416
15378,train,13243,11418
15383,train,15383,11423
15384,train,15384,11424
15385,train,5049,11425
15387,train,15175,11426
15392,train,2335,11431
15403,train,15403,11440
15404,train,15403,11441
15405,train,15403,11442
15406,train,15403,11443
15407,train,6887,11444
15408,train,6887,11445
15409,train,15409,11446
15410,train,2757,11447
15413,train,15413,11449
15415,train,5024,11450
15416,train,1903,11451
15417,train,15417,11452
15418,train,15418,11453
15421,train,15403,11455
15423,train,15423,11457
15424,train,15424,11458
15425,train,4095,11459
15426,train,5424,11460
15427,train,2596,11461
15428,train,15428,11462
15431,train,15431,11465
15433,train,15433,11466
15434,train,15434,11467
15435,train,15435,11468
15436,train,15436,11469
15445,train,15445,11477
15446,train,15446,11478
15448,train,15448,11479
15450,train,15450,11481
15451,train,15448,11482
15456,train,5656,11487
15457,train,15457,11488
15461,train,15461,11492
15463,train,3172,11494
15464,train,12576,11495
15465,train,12576,11496
15466,train,15466,11497
15467,train,79,11498
15469,train,15469,11499
15470,train,15470,11500
15476,train,15476,11501
15479,train,6314,11504
15480,train,15480,11505
15481,train,1035,11506
15483,train,15483,11507
15490,train,15490,11511
15491,train,15490,11512
15492,train,15490,11513
15498,train,15498,11519
15499,train,15499,11520
15500,train,15500,11521
15502,train,15502,11523
15504,train,789,11524
15506,train,6044,11526
15508,train,3559,11528
15511,train,10820,11531
15513,train,15480,11533
15536,train,3172,11553
15538,train,15538,11555
15541,train,5872,11557
15543,train,4445,11558
15545,train,15545,11559
15547,train,15547,11561
15548,train,15548,11562
15551,train,15551,11565
15552,train,15551,11566
15553,train,15551,11567
15554,train,15551,11568
15555,train,8241,11569
15556,train,15556,11570
15557,train,7162,11571
15558,train,7162,11572
15562,train,12461,11576
15563,train,7162,11577
15564,train,15556,11578
15565,train,7162,11579
15566,train,15566,11580
15567,train,3953,11581
15571,train,15571,11585
15575,train,15575,11589
15577,train,15575,11591
15583,train,15583,11597
15585,train,15585,11599
15587,train,5110,11601
15589,train,5110,11603
15590,train,5110,11604
15591,train,5110,11605
15592,train,5110,11606
15593,train,5104,11607
15594,train,5110,11608
15595,train,5110,11609
15596,train,5110,11610
15597,train,5110,11611
15598,train,5110,11612
15599,train,5110,11613
15600,train,5110,11614
15601,train,5110,11615
15602,train,5110,11616
15603,train,5110,11617
15604,train,5110,11618
15605,train,5110,11619
15606,train,10279,11620
15607,train,4838,11621
15608,train,4838,11622
15609,train,15609,11623
15610,train,15610,11624
15611,train,15611,11625
15614,train,15614,11628
15615,train,15615,11629
15616,train,15616,11630
15617,train,5852,11631
15619,train,15619,11633
15620,train,15620,11634
15626,train,15626,11639
15629,train,15629,11641
15630,train,15630,11642
15631,train,4810,11643
15633,train,12500,11645
15637,train,15637,11646
15638,train,15638,11647
15642,train,15642,11649
15643,train,15642,11650
15644,train,15642,11651
15645,train,15645,11652
15647,train,15647,11653
15648,train,15648,11654
15649,train,15649,11655
15654,train,15654,11659
15655,train,1475,11660
15658,train,15658,11662
15662,train,15662,11664
15667,train,5285,11665
15668,train,5285,11666
15672,train,5079,11667
15674,train,725,11668
15675,train,3649,11669
15676,train,4174,11670
15683,train,15683,11671
15684,train,5356,11672
15692,train,2067,11678
15693,train,1826,11679
15694,train,1826,11680
15699,train,15699,11685
15700,train,8413,11686
15701,train,15701,11687
15702,train,15702,11688
15703,train,15703,11689
15704,train,15704,11690
15705,train,15705,11691
15706,train,15706,11692
15708,train,1100,11694
15709,train,10279,11695
15710,train,15710,11696
15711,train,10280,11697
15714,train,15714,11700
15715,train,15715,11701
15716,train,15716,11702
15718,train,15718,11704
15719,train,2032,11705
15721,train,8142,11707
15722,train,8143,11708
15724,train,15724,11709
15727,train,15144,11710
15736,train,279,11712
15737,train,10126,11713
15741,train,15741,11714
15745,train,8367,11715
15748,train,15748,11717
15755,train,5030,11720
15757,train,10126,11721
15766,train,15766,11726
15768,train,15768,11728
15772,train,15772,11732
15778,train,9873,11738
15780,train,4764,11740
15781,train,9873,11741
15782,train,9873,11742
15783,train,4764,11743
15784,train,9873,11744
15785,train,9873,11745
15786,train,9873,11746
15787,train,9873,11747
15788,train,9223,11748
15790,train,4012,11750
15791,train,4012,11751
15795,train,15795,11753
15812,train,15812,11754
15829,train,9213,11758
15830,train,15830,11759
15831,train,9213,11760
15832,train,9213,11761
15833,train,9213,11762
15834,train,9213,11763
15835,train,9213,11764
15836,train,9213,11765
15837,train,9213,11766
15838,train,9213,11767
15839,train,4992,11768
15854,train,4992,11780
15863,train,15863,11786
15864,train,15864,11787
15866,train,3714,11788
15867,train,3241,11789
15868,train,3714,11790
15869,train,1887,11791
15870,train,4334,11792
15871,train,746,11793
15884,train,8394,11799
15885,train,8394,11800
15886,train,15886,11801
15887,train,15886,11802
15888,train,15886,11803
15892,train,15892,11807
15895,train,15895,11808
15896,train,15896,11809
15899,train,15899,11812
15901,train,9654,11814
15902,train,15902,11815
15903,train,15903,11816
15904,train,15903,11817
15906,train,4443,11819
15907,train,2102,11820
15908,train,15908,11821
15909,train,15909,11822
15911,train,15911,11824
15914,train,9751,11826
15915,train,15903,11827
15917,train,1687,11828
15918,train,15918,11829
15921,train,15921,11832
15923,train,7950,11834
15924,train,12435,11835
15925,train,12435,11836
15926,train,12435,11837
15927,train,12435,11838
15928,train,12435,11839
15929,train,12435,11840
15930,train,1995,11841
15931,train,1995,11842
15932,train,15932,11843
15934,train,7950,11845
15935,train,7950,11846
15936,train,15932,11847
15938,train,4587,11849
15940,train,15940,11850
15941,train,15940,11851
15942,train,15942,11852
15943,train,15943,11853
15946,train,1308,11855
15953,train,15953,11859
15961,train,15961,11860
15963,train,15963,11861
15969,train,811,11863
15977,train,1326,11865
15978,train,1326,11866
15979,train,15979,11867
15980,train,15980,11868
15982,train,389,11869
16003,train,12507,11872
16013,train,16013,11873
16016,train,9805,11875
16017,train,9805,11876
16018,train,9805,11877
16023,train,16023,11878
16026,train,11818,11880
16031,train,11818,11884
16034,train,16034,11886
16035,train,16034,11887
16036,train,16034,11888
16037,train,16034,11889
16038,train,1522,11890
16039,train,16034,11891
16040,train,16034,11892
16041,train,16034,11893
16042,train,16034,11894
16045,train,2306,11896
16047,train,9661,11897
16074,train,7954,11904
16075,train,16075,11905
16076,train,16076,11906
16079,train,16079,11909
16090,train,16090,11915
16093,train,11155,11916
16094,train,12056,11917
16095,train,546,11918
16097,train,3961,11919
16098,train,16098,11920
16099,train,16099,11921
16100,train,1522,11922
16111,train,16111,11924
16112,train,16111,11925
16113,train,16113,11926
16115,train,16113,11928
16116,train,16113,11929
16117,train,16111,11930
16118,train,16111,11931
16120,train,16111,11933
16122,train,16111,11935
16123,train,16111,11936
16124,train,16111,11937
16127,train,16127,11940
16128,train,16128,11941
16132,train,16099,11945
16136,train,16111,11947
16137,train,16137,11948
16139,train,16139,11950
16143,train,13944,11952
16144,train,16144,11953
16147,train,16147,11956
16148,train,16148,11957
16151,train,16151,11958
16153,train,16153,11960
16155,train,16155,11962
16158,train,16158,11963
16160,train,1797,11965
16163,train,16163,11967
16164,train,16164,11968
16165,train,16165,11969
16166,train,16166,11970
16168,train,16168,11971
16169,train,16169,11972
16172,train,16172,11973
16174,train,16158,11974
16175,train,16175,11975
16176,train,1797,11976
16177,train,1797,11977
16179,train,11923,11979
16182,train,16182,11980
16183,train,16182,11981
16184,train,16182,11982
16187,train,2600,11984
16188,train,13146,11985
16190,train,2735,11986
16193,train,2735,11988
16194,train,13146,11989
16197,train,13146,11991
16208,train,2735,11995
16212,train,13193,11998
16213,train,13193,11999
16215,train,16215,12000
16216,train,16215,12001
16218,train,7742,12003
16221,train,16221,12005
16222,train,16221,12006
16223,train,16221,12007
16224,train,16224,12008
16226,train,227,12009
16228,train,1797,12011
16230,train,16172,12013
16232,train,16232,12014
16233,train,160,12015
16239,train,16239,12018
16245,train,12498,12020
16246,train,12498,12021
16247,train,4231,12022
16249,train,12498,12024
16250,train,12498,12025
16252,train,13620,12027
16253,train,12498,12028
16256,train,16256,12029
16258,train,13645,12030
16260,train,4445,12031
16262,train,160,12032
16265,train,4231,12034
16268,train,16268,12037
16270,train,16270,12038
16272,train,9283,12039
16273,train,16273,12040
16274,train,16273,12041
16275,train,16273,12042
16276,train,16276,12043
16281,train,9283,12047
16282,train,16282,12048
16283,train,13814,12049
16287,train,4231,12051
16288,train,3063,12052
16290,train,82,12053
16296,train,82,12055
16302,train,16302,12059
16304,train,16304,12060
16305,train,122,12061
16306,train,3063,12062
16308,train,16308,12063
16315,train,9283,12064
16316,train,9283,12065
16317,train,16317,12066
16320,train,12457,12069
16325,train,14166,12073
16328,train,16328,12075
16329,train,16329,12076
16334,train,16334,12079
16335,train,14798,12080
16338,train,16338,12081
16344,train,16344,12086
16362,train,141,12092
16377,train,16377,12096
16378,train,16378,12097
16379,train,16378,12098
16380,train,16377,12099
16381,train,16377,12100
16382,train,16377,12101
16385,train,16385,12102
16393,train,16393,12104
16402,train,734,12109
16403,train,16403,12110
16404,train,16404,12111
16406,train,16406,12113
16407,train,16406,12114
16410,train,16410,12117
16412,train,16412,12119
16413,train,16413,12120
16414,train,16414,12121
16415,train,4034,12122
16417,train,16417,12124
16419,train,1189,12126
16423,train,3242,12130
16432,train,3870,12137
16434,train,16434,12138
16435,train,16435,12139
16437,train,16437,12140
16438,train,4788,12141
16440,train,16440,12143
16441,train,3536,12144
16444,train,82,12147
16445,train,5607,12148
16448,train,16448,12151
16449,train,16449,12152
16454,train,16406,12156
16456,train,6899,12158
16457,train,2895,12159
16459,train,16459,12160
16461,train,16461,12162
16462,train,7769,12163
16463,train,7732,12164
16464,train,16406,12165
16466,train,9063,12167
16469,train,3894,12169
16470,train,9805,12170
16474,train,16474,12173
16475,train,15212,12174
16476,train,9883,12175
16477,train,4168,12176
16478,train,3302,12177
16480,train,973,12178
16483,train,16483,12181
16486,train,14928,12182
16490,train,16490,12185
16491,train,10938,12186
16492,train,746,12187
16494,train,13146,12189
16495,train,2735,12190
16496,train,16496,12191
