ligand_id,y,prediction,abs_residual
4,3.273640662,3.3671382278090043,0.09349756580900426
12,3.110744921,3.506132519619904,0.3953875986199038
28,3.474002368,3.7607208548724826,0.2867184868724828
50,1.380598315,3.5201584889833937,2.1395601739833934
60,4.225691706,3.034662363602316,1.1910293423976843
62,3.358051236,3.521374006069093,0.1633227700690929
67,2.658368945,2.419325069213999,0.23904387578600073
103,3.355582864,3.7660837004422394,0.41050083644223934
125,3.727933707,3.774907902009809,0.04697419500980882
138,2.951590055,3.6666113406902796,0.7150212856902796
142,3.96442747,4.0646940329052175,0.10026656290521752
150,3.836468192,3.65373668156472,0.1827315104352798
152,4.160497043,4.0313433783010035,0.1291536646989968
163,4.175559056,3.862216653391819,0.313342402608181
166,3.938579984,3.5174889660157844,0.42109101798421555
178,1.391326855,1.9779813040490462,0.5866544490490462
180,3.745837538,3.775227338056067,0.02938980005606684
182,3.464841929,3.2600503359835766,0.20479159301642325
189,4.173206141,3.9769409282448684,0.1962652127551312
204,3.813946416,3.578891332059599,0.23505508394040087
218,3.124740545,3.135426034014723,0.010685489014722993
226,3.837676836,3.2506321293496017,0.5870447066503983
243,2.768208103,3.182728153938574,0.4145200509385738
244,3.530237547,3.3622866615680964,0.16795088543190362
257,3.623053652,3.5801271788195197,0.04292647318048015
266,3.325555342,3.711224180076235,0.385668838076235
273,3.822613526,4.0770573181255685,0.25444379212556845
276,3.61394801,4.156597596425116,0.542649586425116
288,3.723110042,3.8192406102624648,0.09613056826246469
302,4.160486241,4.315541301540462,0.15505506054046148
327,2.058368173,2.3901735984649273,0.3318054254649274
332,2.980059691,3.5625891221896393,0.5825294311896392
333,2.871932005,2.7995437984866984,0.07238820651330169
338,3.638505624,3.93468723188525,0.29618160788524994
356,4.208312936,3.9632130286739646,0.24509990732603493
360,3.161313542,3.1692742897155806,0.007960747715580752
365,4.112315005,3.8983444013269613,0.21397060367303888
366,2.489248544,3.120549998269828,0.6313014542698281
394,3.250409193,3.255847907623258,0.0054387146232581784
402,2.137742048,2.613048292512091,0.47530624451209125
403,1.812435335,1.8150386630334931,0.0026033280334931685
412,3.197961825,3.5601373513495633,0.3621755263495632
414,3.948851379,3.793976781675978,0.1548745973240222
416,3.336594958,3.2929173234907374,0.04367763450926265
421,4.220304261,3.869946208426117,0.35035805257388297
427,4.089574851,4.033863599707355,0.05571125129264498
440,3.844569884,2.626632972870286,1.2179369111297143
447,3.541719974,3.688352381905021,0.1466324079050212
449,6.170365184,4.917200069712974,1.2531651142870253
474,3.596778129,3.3397479440300404,0.25703018496995966
489,3.512430524,3.562299045888805,0.049868521888805084
513,3.167876338,3.1633809028888473,0.004495435111152801
515,3.809462188,3.419327684544929,0.3901345034550707
529,1.941462714,2.1843955501193375,0.24293283611933747
530,3.812987107,2.878667542347207,0.9343195646527933
554,2.723734902,3.220473294245389,0.4967383922453892
562,4.025440574,3.720614759956916,0.3048258140430842
579,3.714227634,4.432825781491603,0.7185981474916034
585,4.852234922,4.610735226792605,0.2414996952073949
591,4.020606278,3.9074821716501265,0.11312410634987335
594,2.641613474,2.8853726139300004,0.2437591399300003
609,3.262564086,3.6062179623619635,0.34365387636196365
612,3.690395292,3.6421037351170487,0.04829155688295117
615,3.37927192,3.1291689700616674,0.2501029499383325
619,3.462803649,3.2827979506946265,0.1800056983053735
624,4.120815139,4.152090754053285,0.03127561505328469
631,4.380752381,4.192513773002983,0.18823860799701642
640,2.104468553,2.238271052767125,0.13380249976712522
649,3.634507081,3.5269001046143806,0.10760697638561956
650,1.371956263,2.0770313989140217,0.7050751359140217
653,1.536143754,2.9926732586197047,1.4565295046197047
658,3.93981481,3.6571042392605073,0.2827105707394928
659,4.922117955,4.182743759618402,0.7393741953815978
664,2.734537075,2.967111593746964,0.2325745187469641
696,2.721315881,3.4542264827032105,0.7329106017032103
697,3.856522112,3.6094144722584414,0.24710763974155858
698,2.486175353,3.59031273565311,1.1041373826531098
700,1.981347699,2.8080376242141423,0.8266899252141422
701,3.929660968,3.480585239158564,0.44907572884143576
709,4.084865966,4.111433326094896,0.02656736009489613
718,1.883946864,2.906153947801165,1.0222070838011648
726,5.371005893,3.660875886711043,1.7101300062889573
744,3.599517568,3.3272199501499644,0.2722976178500356
754,4.111452361,3.741427919027424,0.3700244419725762
756,3.147909358,3.201136153965293,0.053226795965292784
762,2.152358809,3.313140465176472,1.1607816561764723
782,3.715635708,3.9566706525637425,0.2410349445637423
791,1.059842593,1.713115312230779,0.653272719230779
797,3.01755561,2.859986212637204,0.15756939736279607
798,3.3089758,3.271891453469796,0.03708434653020376
800,3.501641358,3.670260401627124,0.16861904362712377
807,3.017451444,2.4870694515874083,0.5303819924125919
814,1.225733029,2.7199945207097493,1.4942614917097494
816,2.336537702,2.536732011678282,0.2001943096782819
831,4.000506382,3.3843947971566712,0.616111584843329
833,3.260243989,3.334702321614394,0.07445833261439372
836,4.621654217,3.176650691194666,1.4450035258053338
838,3.749804805,3.2990906415911523,0.45071416340884785
846,3.595886126,3.5493793368184954,0.046506789181504526
854,3.874148286,3.7183403224803167,0.1558079635196834
855,3.22922379,4.396116020421463,1.166892230421463
859,2.181577491,2.340787784844923,0.1592102938449229
865,1.318469136,3.6149262185143534,2.2964570825143533
872,4.03134382,3.94292827297531,0.0884155470246899
893,3.077942949,3.575826318576614,0.49788336957661405
896,4.010884842,3.538323605343125,0.4725612366568752
903,2.875448337,3.515215858038812,0.6397675210388121
939,2.471678304,3.2281392862501477,0.7564609822501476
958,3.92180836,3.605082001523711,0.31672635847628916
964,3.201765221,3.488480765531924,0.28671554453192405
982,3.600318091,4.183082752321923,0.5827646613219226
985,3.46137792,3.3581617914689113,0.10321612853108864
991,3.314560273,3.361425066556284,0.046864793556284035
994,3.658939331,3.6949593525017836,0.03602002150178363
1001,2.960227585,3.3653430459831557,0.40511546098315554
1002,3.7155333,3.3924991976728727,0.3230341023271275
1007,1.886831823,2.4255437032763627,0.5387118802763626
1017,2.061081612,2.2324327065976526,0.1713510945976524
1037,3.36861106,3.4511904938390927,0.08257943383909261
1039,3.842231217,3.7554946779451055,0.08673653905489465
1042,3.230181089,3.303906767571035,0.0737256785710354
1043,3.419651919,3.143390729938779,0.2762611890612212
1050,3.243680152,3.0337571194287314,0.20992303257126865
1069,3.103553282,3.041740963121446,0.061812318878553985
1079,3.007891585,2.745649833183276,0.26224175181672393
1097,4.455404511,5.2604587769890365,0.8050542659890363
1101,3.183129011,3.3747080712664603,0.1915790602664602
1133,4.245086568,3.957288379282403,0.28779818871759666
1142,7.095543245,4.195574600626,2.899968644374
1143,3.862392573,3.6927469277124247,0.16964564528757542
1151,2.046383148,3.013752547963099,0.9673693999630992
1153,3.043427778,3.5185215764383546,0.47509379843835475
1155,3.498840417,3.727207226906553,0.22836680990655323
1169,3.948508739,3.687735372445806,0.26077336655419403
1170,4.024402495,3.727516813695643,0.29688568130435744
1175,3.744148977,3.7900753092001747,0.04592633220017461
1194,3.097590453,3.070363629343827,0.027226823656173238
1203,3.432499715,3.4954537533981083,0.0629540383981082
1209,4.379464842,4.123551997394186,0.2559128446058141
1220,7.313490593,4.460898411319853,2.852592181680147
1234,4.488891814,2.4431485073889485,2.045743306611051
1255,3.225823409,3.3561770190263727,0.13035361002637247
1256,3.719983593,3.419461779114257,0.3005218138857426
1258,2.984819745,2.9909894762055296,0.0061697312055297715
1259,2.827798098,3.147313467157059,0.3195153691570587
1266,2.260141566,2.7186877388579553,0.4585461728579552
1267,2.156319558,2.7221545596679064,0.5658350016679066
1271,4.119641577,3.7806103719412967,0.33903120505870366
1277,2.409710568,2.4870787272572734,0.07736815925727347
1279,4.196083597,3.088439524605306,1.1076440723946943
1289,3.811469934,3.9274547707976772,0.11598483679767746
1305,3.948773251,3.8128006221210713,0.1359726288789287
1312,4.719384108,3.7806952265070493,0.9386888814929506
1315,5.27586337,3.8639757544354576,1.4118876155645421
1318,4.108194489,3.517082888603412,0.5911116003965877
1319,3.597463863,3.6047289577718917,0.007265094771891523
1320,3.228103655,3.690321302778986,0.4622176477789859
1328,3.678770311,3.597143097954627,0.08162721304537301
1332,2.874356773,3.4718368051670105,0.5974800321670104
1337,4.515770113,4.064806327343854,0.45096378565614614
1354,4.299003635,2.472218183363564,1.826785451636436
1361,3.200190898,3.1798609968460965,0.020329901153903318
1375,3.646420532,3.042843816512466,0.603576715487534
1377,3.047806861,3.5265116505357774,0.4787047895357772
1385,2.891205927,2.5294203545064,0.3617855724936003
1388,3.935420233,3.646952258950477,0.28846797404952307
1394,1.359544755,2.2101593694427932,0.8506146144427933
1398,2.93265412,2.9530581926176485,0.020404072617648428
1401,3.507537838,3.547235738250756,0.039697900250756035
1426,3.615782896,3.7175411105523763,0.10175821455237655
1432,5.58592974,3.6753351041655584,1.9105946358344417
1433,3.233279357,3.3080464725295347,0.07476711552953486
1434,3.821692459,3.693605358957222,0.1280871000427779
1435,4.118288686,4.073874653778307,0.0444140322216926
1436,3.407690403,3.8723192615320263,0.4646288585320262
1437,3.738879546,3.9183052829347114,0.1794257369347112
1444,3.453842323,3.7712873998437138,0.3174450768437138
1447,4.023448833,3.6618255596060267,0.36162327339397304
1448,3.40942078,3.766959566092035,0.35753878609203493
1450,3.471838636,3.277429547710877,0.1944090882891234
1456,4.052483604,3.0907248160353897,0.9617587879646101
1458,3.085740381,3.285597141999914,0.19985676099991423
1476,2.875476058,2.6117988009970126,0.2636772570029873
1480,2.751851044,2.9077061507668343,0.15585510676683434
1482,1.963129734,2.653192916427944,0.690063182427944
1487,1.959948066,2.1510569865745186,0.19110892057451867
1499,3.564248707,4.242481570050496,0.6782328630504963
1505,3.238703759,3.6382846954149755,0.3995809364149756
1512,3.977427989,3.8208245692092215,0.15660341979077863
1517,4.614355382,4.434477052685051,0.17987832931494907
1518,3.434029693,3.7748472126482477,0.3408175196482479
1545,3.105008422,3.3326177953342833,0.22760937333428322
1552,2.709755698,2.5642024709314573,0.14555322706854268
1562,3.02383296,2.5859552896151206,0.43787767038487946
1568,3.233063166,3.3104863536418883,0.07742318764188827
1570,3.468805019,3.549601101093024,0.08079608209302425
1572,3.009178845,3.3386047705029447,0.3294259255029446
1579,3.715609063,3.497994470346897,0.21761459265310323
1580,3.071587471,3.548946556097303,0.47735908509730285
1592,5.734198055,3.589885930222581,2.1443121247774193
1594,3.203756303,3.197613674246793,0.006142628753206925
1596,4.008166435,3.2891402076169984,0.7190262273830013
1601,3.411343074,3.6988030083603216,0.2874599343603217
1602,2.988017543,2.869554513294941,0.11846302970505906
1604,3.864671736,3.8456679649692944,0.019003771030705607
1611,4.038080767,4.147021825838847,0.10894105883884642
1619,3.817188788,3.580586430358907,0.23660235764109316
1630,4.02071816,3.775879144466574,0.24483901553342635
1634,4.991660153,3.0096603746039117,1.981999778396088
1636,3.464225458,3.8045491124767983,0.34032365447679824
1650,3.519133918,3.497983809149092,0.02115010885090829
1653,3.628839414,2.989257819422753,0.6395815945772472
1655,3.091724977,3.675543326603346,0.5838183496033458
1659,2.808286951,3.1299096934755464,0.32162274247554645
1671,6.01252172,4.3253844300481905,1.6871372899518091
1675,3.724396356,3.4070160806942993,0.3173802753057009
1682,2.671644269,3.143931395996565,0.47228712699656494
1684,3.254243188,3.658236554583398,0.40399336658339813
1695,4.351371077,4.696795142367283,0.34542406536728354
1718,3.784329094,3.24583626431876,0.5384928296812399
1719,3.0054119,2.9568497194906427,0.04856218050935723
1724,3.454956413,3.3828543170318937,0.07210209596810646
1741,1.965562728,2.3575873014991098,0.3920245734991097
1744,2.625382279,3.1900350840814355,0.5646528050814354
1788,4.168804065,3.96419267318481,0.20461139181518995
1819,3.39858167,3.069935593502656,0.328646076497344
1823,3.007892329,3.3737869714444866,0.36589464244448644
1825,2.710360688,3.4301712137355174,0.7198105257355172
1828,3.474889772,3.3923585972155332,0.08253117478446681
1832,3.432578632,3.4738704406188177,0.04129180861881787
1834,3.542136018,3.436267648419169,0.1058683695808309
1873,3.305673746,3.063954417187267,0.24171932881273328
1881,3.084586207,3.6791214239389234,0.5945352169389233
1895,3.45679556,3.543884494724927,0.08708893472492685
1904,2.701419261,3.2207262317953513,0.5193069707953515
1911,2.987037304,3.113648251188991,0.12661094718899113
1916,3.655177896,3.758081349443375,0.10290345344337481
1931,4.238984685,3.8183610412724662,0.4206236437275339
1941,4.941026515,5.277633309496505,0.33660679449650477
1946,3.132381377,3.3688458092501747,0.23646443225017455
1954,3.324352284,3.183786929675208,0.14056535432479222
1960,3.01484243,3.256595577514573,0.2417531475145731
1966,4.559571503,3.9763319309982927,0.5832395720017072
1981,2.97012983,3.161586992004582,0.19145716200458196
2017,3.158397677,3.472477901116389,0.31408022411638914
2018,2.915363819,3.3390594755061986,0.42369565650619867
2025,3.589419342,3.860943410828135,0.27152406882813507
2031,3.432655633,3.7061653634416123,0.2735097304416123
2048,4.423262262,3.816051127921442,0.6072111340785575
2061,4.326633784,3.0121218521177093,1.3145119318822909
2066,3.612291336,3.8578009056038987,0.24550956960389847
2079,3.596712918,3.5262286109999526,0.0704843070000476
2088,3.22813362,3.6808473111595275,0.45271369115952753
2110,3.19193981,2.334175663421796,0.8577641465782042
2115,3.103096419,3.4762617083299587,0.37316528932995885
2130,4.302612573,4.251317994488216,0.05129457851178465
2152,2.755772829,3.0645292095171532,0.30875638051715315
2159,3.144689626,3.612992712768458,0.4683030867684579
2173,3.90224699,4.02186718501678,0.1196201950167799
2200,3.191612217,3.774194102861346,0.5825818858613463
2205,3.242208375,2.85651938035375,0.3856889946462503
2206,3.483066666,3.4041961100054654,0.07887055599453463
2207,3.768439775,3.973033602938422,0.20459382793842185
2209,4.92788341,5.3607363874938585,0.43285297749385876
2213,3.187790957,2.987428092715983,0.20036286428401695
2215,3.760158509,3.8050834242474907,0.04492491524749065
2220,3.750352545,3.9154171134376976,0.16506456843769746
2226,3.033052749,3.1853873558664216,0.15233460686642175
2227,3.260535549,3.9097294180197033,0.6491938690197032
2229,3.9297657,3.808770189118161,0.1209955108818388
2244,2.609270835,2.7529319593326003,0.14366112433260048
2246,2.152893488,2.8075403595790043,0.6546468715790041
2252,2.87743254,3.3376693014186785,0.4602367614186784
2253,4.015897689,3.2668324926909875,0.7490651963090125
2254,3.661851129,3.3719236514045887,0.28992747759541126
2263,4.68268301,3.694559274877674,0.988123735122326
2264,3.35975081,3.168091393334288,0.19165941666571218
2270,3.488799594,3.5096752623745795,0.020875668374579437
2273,3.655499323,3.124298886186507,0.531200436813493
2275,3.328746882,3.0717340499427905,0.2570128320572094
2305,4.587561312,4.315610843604837,0.271950468395163
2309,3.999014482,3.9764119882409625,0.022602493759037667
2316,3.794402837,3.7479783855424036,0.046424451457596216
2331,2.853346802,2.6362863517152153,0.2170604502847846
2338,3.782050103,3.8019395931815376,0.019889490181537628
2343,3.403412242,3.4845347509492175,0.08112250894921758
2344,3.330799191,3.67423144539763,0.34343225439763003
2350,3.542195305,3.4249814987978877,0.11721380620211219
2358,3.143106787,3.32321329332694,0.18010650632694025
2359,3.715621378,3.3501829090968567,0.36543846890314313
2366,3.015943627,3.7988813082693405,0.7829376812693405
2371,3.689323661,3.7871641373338933,0.09784047633389337
2373,3.214669277,3.1500799606466057,0.06458931635339438
2383,2.817120785,3.1597708875430266,0.3426501025430264
2386,3.733909185,4.04711869889831,0.3132095138983102
2388,3.450958053,3.2726910143143213,0.1782670386856786
2395,2.936620155,3.4955426620197123,0.5589225070197124
2397,3.314774289,3.3687951444762256,0.054020855476225815
2404,3.354546356,3.285610726661301,0.06893562933869912
2410,4.475346678,4.174642531711428,0.300704146288572
2416,4.136674916,4.153666521483937,0.016991605483937633
2417,3.376153144,3.060304444117703,0.3158486998822969
2419,3.679156732,3.7620823990059424,0.0829256670059424
2421,1.609910856,2.9811100881469814,1.3711992321469815
2426,3.042290068,3.554772032700266,0.5124819647002661
2439,2.885596776,3.157139891254804,0.27154311525480423
2446,3.421042483,3.663803701380028,0.24276121838002807
2447,3.56202294,3.3416450446711066,0.2203778953288933
2451,4.454413261,4.973273552491698,0.5188602914916975
2462,3.382820786,3.14652541972007,0.23629536627993009
2474,3.873652875,3.7999690079882296,0.07368386701177032
2507,3.434206651,3.300145611922173,0.13406103907782718
2509,4.233522786,4.007968327201951,0.22555445879804914
2516,3.73817585,3.7457314304148026,0.007555580414802421
2532,3.360446032,3.4126906015483964,0.0522445695483964
2569,4.493926848,4.141504708808825,0.3524221391911748
2576,3.333113952,3.328171164434249,0.004942787565751061
2577,3.43822147,3.500224226507321,0.062002756507321344
2583,3.664573146,3.5169552739318872,0.14761787206811272
2588,3.136653639,3.152714679394261,0.016061040394260928
2615,3.664119608,3.8537451307694046,0.1896255227694046
2617,3.49870157,3.7953679463177408,0.2966663763177406
2620,3.635378675,4.56735493947676,0.9319762644767602
2629,3.05657456,3.544043728640026,0.4874691686400259
2647,3.676763881,4.231276948768823,0.554513067768823
2661,3.207433527,3.4877359350139483,0.28030240801394823
2671,4.05395327,3.9376818442750823,0.11627142572491778
2679,3.744200133,4.001079035802726,0.25687890280272585
2685,3.786258004,3.860389985178742,0.0741319811787422
2689,3.868975948,3.083202196529022,0.7857737514709782
2692,3.299221743,3.5100345444226284,0.21081280142262848
2707,3.210607577,3.570254936849255,0.35964735984925467
2715,3.936293775,3.5763757310710043,0.35991804392899596
2725,3.640118258,3.581154068136108,0.05896418986389218
2726,3.70201155,3.910234803387721,0.20822325338772085
2741,3.931268398,4.024494693475494,0.09322629547549388
2742,2.984294727,3.1618109921373185,0.17751626513731855
2745,3.927563438,4.184328768651226,0.2567653306512261
2756,4.483814487,4.067577219244851,0.41623726775514935
2760,3.171909199,3.3419717344774043,0.17006253547740435
2766,3.676900911,3.668372892543798,0.008528018456201991
2767,4.11298648,3.762297493694258,0.35068898630574186
2771,3.071483107,3.113857915139247,0.04237480813924677
2777,3.561935763,3.548456654529394,0.013479108470606072
2787,3.528418518,3.4714360167090215,0.05698250129097859
2790,2.849252161,4.094084565950311,1.2448324049503112
2797,2.679922279,2.747309389908191,0.06738711090819116
2799,2.533452046,1.7584458838761912,0.7750061621238087
2801,3.764304255,4.109762635676512,0.34545838067651236
2806,3.634072123,4.015615599985003,0.38154347698500324
2807,3.587952796,3.859273540389104,0.2713207443891039
2825,3.931268398,4.011199902677826,0.07993150467782639
2848,3.105762173,3.1008296358415715,0.004932537158428563
2851,3.893324344,4.090039789881098,0.19671544588109846
2852,3.849551025,2.613390430066401,1.2361605949335988
2868,3.951351075,3.9115981845351286,0.03975289046487118
2873,3.57311829,3.742035745221877,0.16891745522187707
2877,4.24440908,4.002764301198674,0.24164477880132562
2883,4.886021208,4.571482390127331,0.3145388178726689
2924,3.578093421,3.4473940697748278,0.1306993512251724
2928,3.56410995,3.494680167989536,0.06942978201046435
2931,4.449106686,4.5148003123679095,0.0656936263679091
2935,3.696883187,3.397345865786658,0.2995373212133421
2941,3.509843119,2.8946071250412833,0.6152359939587169
2943,2.63256976,2.8879745914982218,0.2554048314982218
2947,3.487791448,3.857203499808048,0.36941205180804815
2950,4.009093795,3.5985755303993394,0.41051826460066065
2961,3.805057648,3.840002528639154,0.03494488063915391
2964,3.849847832,4.265165580886839,0.4153177488868387
2965,3.713263676,3.8834927085721254,0.1702290325721254
2967,3.673089732,4.090545194459368,0.41745546245936804
2968,3.773591867,4.262438572556972,0.48884670555697207
2978,3.756520103,3.688589672097075,0.06793043090292539
2980,3.960861416,3.8852270831971136,0.07563433280288656
2995,1.847826769,2.604728031543746,0.7569012625437459
2998,2.940248224,3.291501181930707,0.3512529579307073
3000,5.781185434,4.77981227921853,1.0013731547814704
3007,3.681327715,3.687946880584096,0.006619165584095921
3018,3.428487689,3.238984937984571,0.18950275101542857
3027,3.692250052,3.4345317987199593,0.2577182532800406
3035,3.705643823,3.8648853018308666,0.1592414788308667
3037,3.369759049,3.2326144301796216,0.1371446188203782
3041,3.67910069,3.928775112504534,0.2496744225045342
3044,4.978068415,3.816246002134182,1.1618224128658179
3045,4.164169191,3.816246002134182,0.34792318886581786
3052,3.701224212,3.5051701569981013,0.19605405500189876
3061,5.246098324,4.390185737395689,0.8559125866043109
3064,3.937912947,3.794372760434963,0.14354018656503698
3084,5.183921982,4.487324062569939,0.6965979194300616
3085,4.180856733,4.555526879556239,0.3746701465562392
3095,5.730946215,3.734134162361064,1.9968120526389361
3101,3.121149319,3.641932713643208,0.5207833946432077
3102,3.567815886,3.011900185711492,0.5559157002885078
3107,4.995531963,4.508114925046078,0.48741703795392244
3111,4.13861196,3.896488582766662,0.2421233772333382
3121,5.767538476,3.2266182803444767,2.5409201956555236
3126,3.411433829,3.14126077793226,0.27017305106774003
3128,3.158956225,3.3146791522154664,0.15572292721546654
3129,3.882841036,3.8661028305588783,0.01673820544112159
3133,2.924178743,3.6366569700896334,0.7124782270896333
3136,3.311847065,3.106904030757515,0.20494303424248494
3137,6.367806959,4.588448962141182,1.7793579968588178
3140,3.756271961,4.078591542727472,0.3223195817274722
3141,2.68267789,2.7505911055812966,0.0679132155812967
3156,4.376824082,4.014682272998023,0.3621418090019768
3157,4.604928902,3.88942119628685,0.7155077057131503
3158,4.335947084,4.11766401387152,0.21828307012847947
3160,4.318504087,4.197187739117464,0.12131634788253631
3161,5.543252045,4.0327900942273995,1.5104619507726005
3184,3.269300248,2.9087152192695243,0.3605850287304757
3186,4.604928902,3.921631831829111,0.6832970701708891
3187,5.249252592,4.156479660300011,1.0927729316999892
3193,4.553560488,4.150555499036639,0.40300498896336023
3198,3.404913094,3.6749419620183867,0.2700288680183869
3209,3.77128918,4.2177700034091945,0.44648082340919437
3214,3.759997028,3.715938369120976,0.04405865887902394
3216,3.730373082,3.2520170434173505,0.4783560385826493
3222,3.678660617,3.5864964058737843,0.09216421112621553
3239,3.575174769,3.6953052415601584,0.12013047256015819
3240,4.632177859,4.150150479201483,0.4820273797985166
3244,3.931726489,3.8950985297143297,0.0366279592856702
3245,3.441602496,4.039668169996661,0.5980656739966612
3247,4.096995126,4.097218442544473,0.00022331654447249605
3252,2.619063968,2.9774878800660787,0.3584239120660788
3263,3.448198205,3.434574063558987,0.013624141441013204
3266,2.808332788,3.4112224023873075,0.6028896143873075
3275,3.728062318,3.781869654825658,0.05380733682565797
3277,3.172308048,3.542424577542395,0.3701165295423947
3282,3.230894341,3.591042774566643,0.36014843356664317
3301,3.505654552,3.5607162518742164,0.05506169987421616
3305,3.450205471,3.8659631743364735,0.41575770333647366
3309,4.37962334,4.053520559372036,0.3261027806279646
3329,2.994893245,3.5252286691728902,0.5303354241728901
3337,4.187443161,3.7794798067568833,0.4079633542431167
3343,4.369689582,4.719156494443231,0.3494669124432308
3351,3.043827765,3.4077265232943645,0.36389875829436447
3352,4.050723378,3.341153940398345,0.709569437601655
3353,4.166511518,3.70348525722687,0.4630262607731299
3368,3.817523449,3.984993503685688,0.1674700546856882
3379,4.403320428,3.9962495628072148,0.407070865192785
3380,3.61534393,4.058339651576507,0.4429957215765068
3387,3.518639965,3.732322501239028,0.21368253623902778
3395,4.06153965,4.533007420276417,0.4714677702764165
3400,2.963660943,3.340869392935781,0.37720844993578106
3403,3.699667474,3.6647352097865276,0.0349322642134724
3420,3.472495251,3.6331413502571936,0.16064609925719386
3421,4.259728389,3.946937373309774,0.31279101569022627
3432,4.304872978,3.690876427230133,0.6139965507698668
3433,4.325615537,4.02984333282517,0.2957722041748303
3447,2.973189451,2.9650960798791997,0.008093371120800441
3448,3.263150618,3.552140468392077,0.28898985039207714
3449,3.298061848,3.6190655827374125,0.3210037347374124
3450,2.69479038,2.3179583448156724,0.37683203518432773
3453,4.01436014,3.956827785709474,0.057532354290525944
3469,2.924190235,2.631274398350234,0.29291583664976617
3475,2.840367513,3.0768170333341156,0.2364495203341157
3498,2.778662151,3.326489317882389,0.5478271668823891
3500,3.74229017,3.2962643193726042,0.44602585062739575
3503,4.140085345,4.168362404004021,0.028277059004020444
3520,3.032963302,3.1673269691718047,0.13436366717180448
3526,3.233716796,3.102662388579232,0.13105440742076802
3530,3.239609757,3.204929665047111,0.034680091952889125
3531,3.59307407,3.2800400445960514,0.31303402540394876
3538,3.223555272,3.511114831590413,0.287559559590413
3542,3.72265137,3.9339485395595153,0.21129716955951539
3546,2.598813602,2.515501546462408,0.08331205553759169
3554,2.802861345,3.5007738767640335,0.6979125317640333
3560,2.984532703,1.9537779457723794,1.0307547572276208
3566,3.543754767,3.43747359511529,0.10628117188470965
3567,4.03603796,3.961993655186183,0.07404430481381663
3584,3.481379743,4.163535008265173,0.6821552652651728
3595,2.4538013,3.2625279888651537,0.8087266888651539
3605,4.217641094,4.076860383226032,0.14078071077396803
3613,3.075561559,3.2919547123949733,0.21639315339497323
3622,4.380848644,3.9998683831161954,0.3809802608838049
3630,3.534527414,3.806452625510576,0.27192521151057614
3632,2.989447037,3.410923641579478,0.4214766045794778
3667,3.576773126,3.5487078142454114,0.028065311754588596
3669,3.236650607,4.057537864422112,0.8208872574221115
3673,3.228574863,3.307372377058472,0.07879751405847202
3676,2.832852364,3.169518385966871,0.3366660219668711
3679,3.049099254,3.4319544851178545,0.38285523111785436
3682,4.058245146,3.6346701883102353,0.4235749576897647
3701,4.061726842,3.9434406745318684,0.11828616746813125
3703,3.281621881,3.338883815721104,0.05726193472110408
3706,3.301553005,3.785535007385602,0.48398200238560163
3716,3.802842113,3.579215371432124,0.22362674156787588
3721,2.948909994,2.50460470713152,0.44430528686848003
3723,5.464516373,3.4638124598408027,2.0007039131591977
3736,3.777435885,4.1392738023648095,0.3618379173648094
3743,4.379243342,3.8493188960119604,0.5299244459880392
3746,2.740964363,3.2910497580168823,0.5500853950168825
3754,6.622127639,4.841199114768568,1.7809285242314328
3757,4.298815247,4.13796328936969,0.16085195763031024
3758,3.802058812,2.919622302992235,0.882436509007765
3760,3.949366372,3.855082585686951,0.09428378631304923
3772,3.176695922,3.714027175246229,0.5373312532462289
3773,3.109938594,3.36811854364196,0.2581799496419599
3780,3.84735559,3.8511513368787296,0.0037957468787297444
3804,3.689537175,3.591649926108774,0.09788724889122591
3808,3.608478277,3.674376979547102,0.06589870254710206
3817,3.235885767,3.3031164282361485,0.0672306612361484
3819,3.551216842,3.318962212306192,0.23225462969380795
3826,3.434011321,3.861888919421058,0.4278775984210581
3834,1.903557959,3.013057785242204,1.109499826242204
3835,2.123721006,3.3038592887448264,1.1801382827448266
3836,1.812668301,2.68431163391642,0.8716433329164199
3837,2.113338419,3.22343919889861,1.1101007798986098
3838,2.646725721,3.185988570494914,0.5392628494949139
3840,2.309566296,3.0697256090682967,0.7601593130682969
3846,3.236716361,3.8848011316709554,0.6480847706709554
3869,3.236716361,3.18597734217149,0.05073901882850995
3880,1.881307607,3.090107661748557,1.208800054748557
3891,3.000581836,4.267224667365375,1.2666428313653753
3900,3.598899887,3.8631347485528353,0.2642348615528354
3907,2.59222882,2.967384161449057,0.37515534144905693
3908,3.442583347,2.810114517518281,0.6324688294817187
3922,4.153633659,3.883171485350407,0.2704621736495927
3931,3.097405791,3.8013559907268064,0.7039501997268065
3941,3.204716727,3.297408101750328,0.09269137475032796
3942,3.350023581,3.7366280593925367,0.38660447839253687
3943,3.439464611,3.5402144799634803,0.10074986896348026
3945,3.974985139,3.459930825223762,0.515054313776238
3946,3.745326408,3.702575313072421,0.042751094927579114
3963,3.487376733,3.5390737274735,0.051696994473499736
3968,2.215573679,2.695137225978619,0.479563546978619
3971,4.384838256,3.828639635574545,0.5561986204254552
3973,2.44024412,3.054872325426177,0.6146282054261771
3977,3.878240856,3.164867462789124,0.7133733932108761
3980,3.846648536,4.033311202997112,0.18666266699711187
3982,3.513336529,3.1988920881448557,0.31444444085514434
4006,2.894119763,2.743475145291828,0.15064461770817195
4008,3.525454277,3.9443036628261514,0.4188493858261513
4010,3.549810898,3.21624524047252,0.33356565752748013
4016,4.201253073,4.231621583754669,0.030368510754668954
4024,3.287012696,3.64850201847708,0.3614893224770799
4028,4.348770068,3.420243650946552,0.9285264170534484
4049,3.666443096,3.6415447553927263,0.024898340607273806
4050,3.106660371,3.10768830283872,0.0010279318387200753
4065,1.101168678,4.2720478919470155,3.1708792139470154
4074,5.154046006,3.680986272998009,1.4730597330019908
4075,3.932766803,3.979821994014448,0.047055191014448106
4086,2.804544723,2.8809863988204327,0.07644167582043293
4087,4.296319425,3.8743423972871147,0.42197702771288537
4107,4.622141912,4.081041705755901,0.5411002062440993
4115,3.146964797,3.2670813169031576,0.12011651990315775
4148,3.435047641,3.6827300354151595,0.24768239441515938
4150,4.000369427,3.8052613698505042,0.19510805714949564
4156,5.518027893,3.8279867618838526,1.6900411311161476
4171,2.152318711,3.2482525839155296,1.0959338729155297
4173,2.759679464,3.3292916564563315,0.5696121924563315
4187,4.031437075,4.1107930498699465,0.07935597486994617
4189,4.221019076,4.164184952759637,0.05683412324036308
4195,3.744453273,3.860047838151965,0.11559456515196498
4222,4.630745691,3.9850075208727813,0.6457381701272191
4240,3.348834263,3.1262433902957314,0.2225908727042687
4254,3.730935048,3.7766090136663983,0.04567396566639825
4256,2.702118059,3.051737220617731,0.3496191616177309
4263,3.67345209,3.4742045240117645,0.19924756598823556
4273,2.151751516,3.179611020194818,1.0278595041948178
4278,3.039349664,3.7398594679997994,0.7005098039997995
4356,2.87122443,4.20023833548529,1.32901390548529
4358,2.887017763,3.543289469867537,0.6562717068675372
4368,3.510268473,2.946434993672379,0.563833479327621
4405,4.201563277,3.715708828526388,0.4858544484736118
4409,3.929865764,3.321414757880484,0.6084510061195161
4412,4.485203086,3.5337642590983194,0.9514388269016809
4419,4.199151571,3.586030305261702,0.6131212657382976
4421,4.130182543,3.3756846668548866,0.7544978761451135
4440,3.897063578,4.052281047548738,0.15521746954873805
4444,2.890056495,3.605378486896024,0.7153219918960239
4447,2.937079657,3.5707788708386605,0.6336992138386606
4480,3.117289713,3.3042060313976487,0.18691631839764877
4483,4.033010264,3.6294635946329317,0.40354666936706796
4494,3.605543513,3.508417477658827,0.09712603534117337
4513,3.471476601,3.7053533429678285,0.23387674196782848
4534,3.155625352,3.1583843050526594,0.0027589530526594963
4535,2.968049476,3.0869097958453744,0.11886031984537437
4545,3.942544386,3.724379787100473,0.21816459889952666
4551,3.685791483,3.488958670786389,0.19683281221361115
4554,3.826500554,3.636617070001375,0.18988348399862476
4557,3.843825867,3.6747655591300346,0.1690603078699655
4560,3.562974132,3.5108306892467156,0.05214344275328431
4562,3.493976597,3.5578738909311385,0.06389729393113841
4572,3.046271825,3.181160821477673,0.13488899647767338
4604,4.029499729,4.027172776642455,0.002326952357544876
4621,3.975253688,3.8354722425591166,0.13978144544088345
4644,3.842774954,3.759924803708367,0.082850150291633
4645,3.901063626,3.212120804414341,0.688942821585659
4687,4.13271851,3.7640527949708233,0.3686657150291768
4692,4.216561735,3.9310233128076875,0.2855384221923125
4699,3.038392735,3.2719487523049624,0.23355601730496245
4706,3.790748305,3.934459883161041,0.14371157816104096
4735,4.457611854,5.263493845761862,0.8058819917618623
4736,3.04637592,3.3913980147440888,0.34502209474408874
4737,3.460865144,3.530423436422285,0.06955829242228484
4756,3.440056854,3.298748498817814,0.14130835518218587
4771,3.612176252,3.5140158191616853,0.09816043283831455
4781,3.902783546,3.9416348819563134,0.03885133595631318
4793,4.200913004,4.28843630438414,0.0875233003841398
4794,3.225335132,3.0612847160866963,0.16405041591330383
4798,3.505302633,3.27871356777944,0.22658906522055977
4799,4.125065966,3.8580790629004778,0.26698690309952244
4800,4.265157311,3.934474159785397,0.3306831512146031
4801,3.535606027,3.210149193109272,0.325456833890728
4807,4.144422765,3.6698357955791296,0.4745869694208702
4816,4.069469771,3.7498439372952532,0.3196258337047464
4817,4.396001937,3.8741994138599267,0.5218025231400736
4819,5.726425624,4.475885298334033,1.250540325665967
4826,4.325557934,4.466582825164122,0.14102489116412187
4827,4.340886723,4.354372966485524,0.013486243485524518
4828,4.047657968,4.2521827877149665,0.20452481971496628
4835,3.335253673,3.109156975225215,0.22609669777478514
4837,3.834397994,3.821862037841455,0.01253595615854497
4839,4.658996588,3.86577802467479,0.79321856332521
4850,4.161441077,4.123960081296254,0.03748099570374652
4852,4.007169329,3.890477643181673,0.1166916858183269
4856,4.018809683,3.5072593836587234,0.5115502993412764
4879,6.787006403,4.234471780435716,2.552534622564284
4881,3.541099847,3.817111287180465,0.276011440180465
4882,4.374683129,3.495014439362535,0.879668689637465
4884,3.088583447,3.11117063268253,0.02258718568252993
4887,4.153425264,3.4665624606001795,0.6868628033998205
4896,3.797117812,3.589729148800295,0.20738866319970528
4906,3.604537224,3.4309496511299153,0.17358757287008464
4914,3.727794818,3.8795718037648315,0.15177698576483145
4925,3.08658376,3.5534692897531497,0.4668855297531498
4926,2.864486673,3.4229154617628805,0.5584287887628805
4936,3.480273929,3.5731606996484575,0.09288677064845752
4937,2.890284756,3.608582097773712,0.7182973417737122
4969,2.949324939,3.060451301593087,0.11112636259308717
4975,3.385291162,3.3306352494013662,0.05465591259863389
4982,2.864486673,3.5925503224434645,0.7280636494434645
4984,3.113753753,3.464958756442793,0.35120500344279293
5005,3.071393049,3.7398252910534366,0.6684322420534365
5007,3.924531788,3.6521597462580138,0.27237204174198615
5008,3.90370582,3.845905548304134,0.0578002716958661
5009,4.025704772,4.082304415860283,0.05659964386028271
5020,3.716493041,4.134760379017826,0.4182673380178259
5081,2.141114716,2.9504261816167583,0.8093114656167582
5082,2.43073967,2.9797394038184115,0.5489997338184116
5083,3.057945902,3.127253663841366,0.06930776184136578
5084,3.193756257,3.356045476067404,0.16228921906740412
5102,3.383400882,3.2254237372862287,0.15797714471377144
5103,3.383400882,3.2163449160819835,0.16705596591801664
5117,3.404555284,3.558443182453949,0.15388789845394868
5120,6.300211233,3.9612816536314575,2.3389295793685423
5127,3.383400882,3.3659701048670025,0.017430777132997566
5130,3.56202294,3.541756614721823,0.020266325278176733
5140,3.998928453,3.7939303920893286,0.2049980609106714
5142,3.827081048,3.212885405440522,0.6141956425594781
5156,2.212604302,3.425439736766672,1.212835434766672
5169,4.445552313,4.40669657674807,0.038855736251930395
5170,3.729604263,4.133949321014928,0.4043450580149277
5171,4.097098118,4.200314411862084,0.10321629386208375
5176,2.918642926,3.415311737182262,0.4966688111822619
5190,3.401685126,3.476071360421607,0.07438623442160708
5213,5.176711988,4.965595655028265,0.21111633297173515
5215,4.753466114,4.921739309369649,0.16827319536964858
5217,5.19936362,5.224883830591791,0.025520210591791326
5218,5.294449268,5.0066906818395065,0.28775858616049366
5227,2.495155418,4.056436943341377,1.5612815253413772
5244,4.456561877,3.779881911757035,0.6766799652429656
5249,3.613973886,3.670971328308235,0.05699744230823489
5256,3.368202914,3.474848559517117,0.10664564551711697
5264,2.808286951,3.1065615387851606,0.2982745877851607
5265,2.993283007,2.991904998898224,0.0013780081017760182
5271,3.33325846,3.79895694837915,0.46569848837914973
5272,3.760134932,3.770898671548124,0.01076373954812393
5273,3.076431789,3.640121548966436,0.5636897599664361
5274,4.277466395,3.5360663839498208,0.7414000110501795
5275,4.269339459,3.5871117869298486,0.6822276720701517
5284,4.720168246,4.162030318587105,0.5581379274128953
5286,2.846746928,2.5626202094652752,0.2841267185347247
5289,2.42212674,3.270464094807397,0.8483373548073971
5294,3.93805971,3.9982070840228805,0.060147374022880395
5295,3.759875158,3.9300646052945205,0.17018944729452068
5296,3.90125484,4.232411496270082,0.33115665627008184
5297,4.473246596,4.213982375739736,0.2592642202602642
5298,3.992372616,3.974769670907192,0.01760294509280813
5299,4.000562902,3.8837921668225235,0.11677073517747694
5300,4.212044673,4.008728819735095,0.20331585326490487
5301,4.074734495,3.926640606308485,0.1480938886915153
5318,4.402472419,4.242621291302784,0.1598511276972161
5340,3.097590453,3.022581345452063,0.07500910754793688
5344,2.930926756,3.6055665132517847,0.6746397572517848
5368,3.632003666,3.486395626870052,0.14560803912994835
5374,3.461720378,3.9183157315511483,0.45659535355114844
5380,3.166865736,3.305537863516049,0.13867212751604896
5428,3.921900477,3.813543611058134,0.10835686594186589
5429,3.10506336,3.3720295465949874,0.2669661865949875
5433,3.801548255,3.7734452390683755,0.028103015931624675
5436,3.580340394,3.7784962874938635,0.19815589349386364
5447,3.584759168,3.2862463596828877,0.29851280831711247
5453,4.35837273,4.298943885169461,0.05942884483053934
5456,3.407149037,3.593874642609406,0.1867256056094062
5481,3.403636904,3.231465632762734,0.17217127123726605
5490,3.73736294,3.79188215886984,0.054519218869840014
5491,3.611949369,3.854982573438752,0.2430332044387522
5510,4.432379147,3.5968973829464974,0.8354817640535024
5519,3.853374195,3.809797891424374,0.04357630357562581
5523,3.441044504,3.4975574948669843,0.056512990866984136
5524,3.515833647,3.554999949456366,0.03916630245636599
5553,4.738566529,3.9255899671703203,0.8129765618296796
5558,5.704326737,3.5846292788599565,2.119697458140043
5563,4.837404663,4.557186024131186,0.2802186388688144
5572,2.869081712,2.7503373813995617,0.1187443306004381
5589,3.83304889,3.9118186185042614,0.07876972850426123
5590,3.686920855,3.754423883767705,0.06750302876770498
5591,4.151614972,4.024242961285585,0.1273720107144154
5592,3.947494989,3.7292903307444405,0.21820465825555946
5593,3.77140373,3.818648836239653,0.04724510623965328
5598,0.892740714,3.8869323935758655,2.9941916795758656
5599,1.704664134,3.757231894448339,2.0525677604483388
5600,3.575486939,3.787467714925459,0.21198077592545905
5601,2.538237148,3.6111824858683237,1.0729453378683238
5602,2.868229632,3.5598492073444308,0.691619575344431
5638,4.685092457,4.649535275412168,0.03555718158783172
5639,5.834700393,4.765702732863877,1.068997660136123
5640,4.742553107,4.583910643582248,0.15864246341775168
5645,3.726513676,3.9163845257413534,0.18987084974135326
5659,3.994777457,3.6818219637050777,0.31295549329492234
5665,3.959729276,3.98899837152377,0.029269095523769995
5666,4.087062913,4.103875378165753,0.016812465165753743
5673,3.263001322,3.192632396470228,0.07036892552977214
5690,3.866440571,3.5077754808105865,0.3586650901894135
5692,4.661785088,4.711166092594516,0.04938100459451533
5693,4.583614079,4.783845143996757,0.2002310649967569
5705,3.987991672,3.3863922924673715,0.6015993795326287
5706,3.415609708,3.500353540623469,0.0847438326234693
5708,3.079786424,3.191734109697186,0.11194768569718594
5709,3.606639285,3.727491431169035,0.12085214616903484
5711,3.373572144,3.9447181467853336,0.5711460027853335
5712,3.771512153,3.781021577909356,0.00950942490935569
5713,3.771512153,3.868482839525956,0.09697068652595586
5714,3.94220838,4.007708305775231,0.06549992577523112
5717,3.63140487,3.8130300835128446,0.18162521351284466
5727,4.048323697,3.816575971627885,0.23174772537211474
5728,3.879827965,3.937731480968497,0.057903515968496855
5744,2.880890373,3.4884361004907114,0.6075457274907112
5756,3.907366823,3.8895598194037992,0.017807003596200577
5758,3.472574581,3.802286401804759,0.3297118208047589
5760,4.593421455,3.9972904041423796,0.5961310508576201
5771,3.856609957,3.5377180594740776,0.3188918975259223
5778,2.937802962,3.5416160334272346,0.6038130714272345
5782,3.50501786,3.7978216453000115,0.2928037853000114
5784,2.025509156,2.163801561813517,0.13829240581351687
5787,3.56041995,4.013067892961603,0.4526479429616028
5793,3.148133561,3.5545148765987036,0.4063813155987037
5812,2.509667493,3.61191171093699,1.10224421793699
5826,3.639857712,4.131997201858056,0.4921394898580558
5829,3.173552075,3.499071971741137,0.32551989674113724
5833,3.650271758,3.7938457818679994,0.14357402386799922
5835,3.858810658,3.830123708835731,0.02868694916426895
5836,3.514031182,3.7995246942609144,0.28549351226091435
5837,3.652364386,3.569431595039228,0.082932790960772
5870,2.758220936,3.0720424455693043,0.31382150956930444
5871,3.514758557,3.280941833182245,0.2338167238177551
5877,3.326927491,2.636938815327053,0.689988675672947
5878,5.261593521,3.8281802570247825,1.4334132639752175
5879,4.421717891,3.619114000857362,0.8026038901426382
5897,4.253841805,3.1133518831335323,1.1404899218664681
5899,3.881098076,3.7724961265623245,0.10860194943767532
5909,4.430671559,4.163819105402438,0.26685245359756227
5912,4.808401867,4.578474816129323,0.22992705087067655
5914,4.647474339,4.296861564770616,0.3506127742293845
5928,3.577465387,3.344554544994739,0.23291084200526102
5929,3.86748463,3.7816642953473543,0.0858203346526456
5936,3.705611746,3.7351859068099915,0.029574160809991312
5947,3.833903757,3.723877253401621,0.11002650359837896
5951,3.879930534,3.9411544942144126,0.061223960214412454
5952,4.157532317,3.8196000381671973,0.33793227883280297
5958,3.830614328,3.859803253002805,0.02918892500280501
5993,3.611245215,3.4665535054877625,0.1446917095122373
5994,2.755553302,3.5205551971087865,0.7650018951087865
6014,3.497518451,3.370020763933577,0.12749768706642284
6020,4.121175604,3.6463223559512135,0.4748532480487868
6036,3.768781004,3.77965827043424,0.010877266434239807
6042,3.617139003,3.6156873469232407,0.0014516560767594555
6058,3.105818528,3.364308144231483,0.25848961623148314
6061,3.511056332,3.6227462923533147,0.1116899603533148
6068,3.641080858,3.4936342144803656,0.14744664351963443
6069,3.214320921,3.5943771945929943,0.3800562735929942
6070,3.391948211,3.703928371131082,0.3119801601310823
6078,3.673598463,3.5904295795396064,0.08316888346039342
6083,3.369672978,3.678724607737337,0.3090516297373367
6092,3.608396123,3.5400203877486995,0.06837573525130036
6095,3.758978541,3.1539144462856425,0.6050640947143573
6111,3.917979048,4.220619737773687,0.30264068977368686
6118,4.664686289,4.11710437941957,0.5475819095804297
6119,4.254511824,4.055169333568867,0.19934249043113272
6122,3.006356682,3.4365994819016765,0.4302427999016767
6123,2.960121806,3.172416368001601,0.2122945620016008
6125,3.005156172,3.2974050594233093,0.29224888742330934
6134,2.975761918,3.247912952417939,0.2721510344179392
6136,2.90946604,3.350329909945078,0.440863869945078
6137,3.046161326,3.208239224253998,0.16207789825399788
6138,3.080417574,3.0055711025169467,0.07484647148305346
6139,3.088506468,3.1756862966465573,0.08717982864655749
6140,3.089603279,3.1986521997037434,0.1090489207037435
6143,3.415562488,3.684658901275788,0.26909641327578804
6147,3.626640669,3.541495817412454,0.08514485158754592
6149,4.084981583,3.821713158753472,0.2632684242465282
6150,3.731907027,4.070441389461665,0.33853436246166524
6152,3.613019994,3.5534994304483294,0.05952056355167068
6155,3.436395825,3.3915202185413302,0.044875606458669726
6156,3.690209893,3.5350348117860304,0.1551750812139696
6157,3.706062406,3.597466746658624,0.10859565934137594
6158,3.836678275,3.6282691232228808,0.20840915177711938
6159,3.924415132,3.776716841304739,0.14769829069526086
6160,3.983360243,3.9465806008272324,0.036779642172767524
6161,4.228631305,3.98030926576084,0.2483220392391603
6162,3.919987696,4.119136272590462,0.19914857659046215
6187,3.821398225,3.9026092201243423,0.08121099512434249
6199,2.934264948,3.203536933002043,0.26927198500204286
6213,3.309028795,3.768245515656114,0.45921672065611396
6219,1.821505013,2.954326666452022,1.1328216534520221
6220,3.09023496,3.1698648988938745,0.07962993889387437
6221,3.196051139,3.231983692819842,0.03593255381984184
6223,3.37110975,3.284150966436328,0.08695878356367182
6225,3.205696863,3.130142960773847,0.0755539022261531
6228,3.176745983,3.1113737390923344,0.0653722439076656
6229,3.158034924,3.1018264052023086,0.05620851879769129
6230,3.254043086,2.956817916207694,0.2972251697923056
6232,3.006994902,3.137560728638533,0.130565826638533
6235,4.768892352,3.926160987896568,0.842731364103432
6236,4.022732575,3.6163976877092514,0.4063348872907486
6237,4.530776879,3.901314397024651,0.6294624819753492
6238,4.420868513,3.7936064350308256,0.6272620779691747
6246,2.872279322,2.6043487248733577,0.26793059712664213
6247,3.586748006,3.271691793238566,0.31505621276143403
6262,3.917695833,3.9142448922344943,0.0034509407655054503
6278,3.32686134,3.7883113173520533,0.4614499773520535
6280,3.968686265,3.9818724778350307,0.01318621283503063
6281,4.023423421,3.8725330976142316,0.1508903233857688
6282,3.968451259,3.7395008833281054,0.2289503756718947
6283,3.876585197,3.3559792840336273,0.5206059129663725
6301,4.060859513,4.103323564326226,0.04246405132622666
6303,3.73638353,3.556071311685771,0.18031221831422872
6304,3.528967175,3.773052483529369,0.24408530852936883
6315,2.472125387,2.7102462748512384,0.2381208878512382
6319,2.397203675,2.429494412283243,0.032290737283243054
6326,3.682119278,3.6346328563240218,0.047486421675978274
6332,2.417664716,3.40423487366592,0.9865701576659198
6334,3.569707079,3.6423055099326227,0.07259843093262264
6336,3.879315009,3.8401938855305966,0.03912112346940333
6337,4.26007981,3.902233645198831,0.3578461648011686
6339,3.395031589,3.4778841081885083,0.08285251918850856
6340,3.671098756,3.734657381626831,0.06355862562683079
6342,3.926105681,3.7900851282267958,0.13602055277320435
6344,3.857060276,3.9838564198000856,0.12679614380008575
6351,3.858837851,3.693534182442385,0.16530366855761525
6352,3.817167102,3.790177136350165,0.026989965649835135
6356,3.847190015,3.6661389509415105,0.18105106405848925
6358,3.801172873,4.094715020575389,0.2935421475753892
6360,4.422423571,4.126801636350795,0.2956219346492057
6366,3.611975423,3.405880946289262,0.20609447671073822
6367,3.326935674,3.4427535282785127,0.11581785427851266
6368,3.644795431,3.824775762692681,0.1799803316926809
6369,4.517426844,3.547629320671805,0.9697975233281952
6374,3.754910604,3.970598972534804,0.2156883685348041
6375,3.473004964,3.0866024609957656,0.3864025030042342
6377,2.933077413,3.4172660387551157,0.4841886257551158
6404,4.247422074,3.9999517818136145,0.2474702921863856
6419,4.278939126,3.9093539739721637,0.36958515202783637
6429,2.613135077,2.977899881739271,0.36476480473927086
6431,3.792260826,3.6964823404384277,0.09577848556157242
6436,2.759083357,2.7421697942726633,0.016913562727336906
6444,2.466615567,2.7702946757529867,0.30367910875298687
6448,2.969290927,2.9517518096585045,0.01753911734149538
6464,4.681691223,3.0370244244065256,1.644666798593474
6474,3.292962333,3.2439802911069506,0.048982041893049555
6476,3.210682583,3.362588920715108,0.15190633771510775
6478,5.349563724,4.545576122775612,0.8039876012243878
6487,3.870903466,4.177887314277689,0.3069838482776892
6498,2.715075301,3.2936535136013387,0.5785782126013386
6510,3.079751888,3.5712116934503353,0.4914598054503352
6527,2.71839557,3.0342802991338718,0.31588472913387156
6531,2.756352698,3.1706790901722637,0.4143263921722635
6547,4.220516979,4.450687642083797,0.23017066308379697
6552,3.922264999,3.478972180505411,0.443292818494589
6595,4.507015359,3.397701278019313,1.1093140809806874
6609,4.038592803,3.8536940722932123,0.18489873070678797
6614,3.460457529,3.754102740250568,0.29364521125056786
6616,4.528559441,4.652906980821938,0.12434753982193847
6617,4.571767044,4.543926758059971,0.02784028594002841
6619,3.459771599,3.5239459292385114,0.06417433023851116
6622,3.000697954,2.945136127986382,0.05556182601361792
6643,3.93543422,3.4810382012034102,0.45439601879658964
6645,3.251386735,3.6740695567084183,0.4226828217084182
6647,3.663270051,3.7787172350997063,0.11544718409970622
6671,2.978238865,3.576117230628112,0.5978783656281124
6688,3.587702548,3.527334522878918,0.06036802512108208
6699,3.63351769,3.5194219900229804,0.11409569997701974
6702,2.970904498,3.2810138700518845,0.3101093720518846
6703,3.18976254,3.5334460216562213,0.34368348165622153
6709,3.563983615,3.498466239665432,0.06551737533456814
6712,3.649084045,3.5316220457070635,0.11746199929293644
6714,3.582365167,3.446910754443193,0.13545441255680668
6726,2.723111822,3.0821110820444484,0.3589992600444485
6729,3.746567482,3.757472888649782,0.010905406649782012
6730,3.092478595,2.887485464668341,0.20499313033165922
6731,2.91206586,3.06919270096076,0.15712684096076002
6732,3.189201897,3.092223329951392,0.09697856704860763
6742,3.648536275,4.0003314812037285,0.3517952062037284
6743,3.839097739,3.9439334905382246,0.10483575153822455
6745,3.902638978,3.8998801008408814,0.002758877159118711
6746,3.957322464,4.15911046018955,0.20178799618954946
6749,3.831024898,3.925213237344927,0.09418833934492721
6774,3.863348887,3.4353405718292667,0.42800831517073323
6783,3.797671813,3.794752925905919,0.0029188870940810574
6784,4.105036247,4.031972243920215,0.07306400307978489
6786,3.669615696,3.1218628396002224,0.5477528563997778
6791,3.693614139,3.729841408346443,0.036227269346442714
6795,2.808286951,3.057560522339641,0.249273571339641
6796,3.106660371,3.0903141804868044,0.016346190513195413
6797,3.155625352,3.1108408888395482,0.044784463160451704
6798,2.756352698,3.0213004755591584,0.2649477775591582
6799,3.380952232,2.9939924614701856,0.38695977052981423
6800,2.804944891,3.2341893235374894,0.42924443253748956
6805,3.097503722,2.824056681145755,0.27344704085424487
6816,2.81908584,3.796504145251318,0.9774183052513181
6852,3.204665223,3.5733177073609497,0.36865248436094955
6862,3.412087415,3.4335368543481404,0.021449439348140587
6864,3.508411198,3.6483654746495158,0.13995427664951565
6893,1.901071758,2.2398199296127994,0.33874817161279935
6894,2.380775859,2.4064781020131,0.0257022430131002
6904,3.401028711,3.852674205026499,0.4516454940264989
6909,3.233788349,3.683418408157832,0.44963005915783194
6914,3.12016556,3.7159497178599543,0.5957841578599545
6916,2.957290276,3.069348830970261,0.11205855497026063
6951,3.969030992,3.6397302440658077,0.3293007479341923
6959,3.156702253,3.450717204464231,0.29401495146423073
6962,3.946633729,3.7873488462746043,0.15928488272539587
6964,3.757841184,4.138775477017554,0.3809342930175541
6965,3.772083219,3.7689103118694773,0.003172907130522873
6968,3.380779589,3.0374540376724153,0.3433255513275846
6970,3.897021956,3.878149581969454,0.01887237403054609
6971,4.183054621,3.9583132350027768,0.22474138599722338
6983,3.40769336,3.7383796790446837,0.3306863190446836
6984,3.337153768,3.4460596847810243,0.10890591678102446
6985,3.430220226,3.6031709380706736,0.1729507120706737
6987,2.915552254,2.5399119075726624,0.3756403464273377
6988,3.046722982,2.7416027106241168,0.30512027137588316
6989,3.472516153,3.3680994146613847,0.1044167383386152
6996,3.718626783,3.998151583275561,0.27952480027556126
7013,3.521104595,3.293696800462171,0.22740779453782922
7038,2.733936167,2.7866225704550294,0.052686403455029396
7039,1.505727748,2.3601298480985395,0.8544021000985396
7046,2.06209741,2.342272368085223,0.2801749580852233
7047,2.186481794,2.791564068557019,0.6050822745570188
7048,2.518077781,2.9881840943161553,0.47010631331615516
7055,1.3696796,2.284022313486818,0.9143427134868181
7059,3.4581162,3.5494225026127983,0.09130630261279826
7066,2.563707271,2.617448519318467,0.05374124831846672
7067,2.494326071,2.7618169826188845,0.2674909116188844
7077,4.586275714,3.7862104029331403,0.8000653110668599
7084,3.302923888,3.415975850090687,0.11305196209068713
7086,3.769640371,3.6026520935153767,0.1669882774846232
7091,3.356513555,3.428584524799523,0.07207096979952299
7109,3.221220329,3.705372925999722,0.484152596999722
7112,3.428114252,3.6841942637577265,0.25608001175772666
7113,2.806089487,2.375141838806246,0.430947648193754
7118,4.309957566,4.040971262216823,0.26898630378317634
7119,2.924178743,2.935358556553822,0.011179813553821916
7138,2.986326466,3.1625871447324894,0.1762606787324894
7139,2.319335795,3.0740911637658708,0.7547553687658706
7165,3.638518519,3.7638405634017493,0.12532204440174954
7168,2.943341651,3.228185788529438,0.28484413752943816
7177,3.476244543,3.5744038624652665,0.09815931946526657
7178,3.496129478,3.7050544494198916,0.20892497141989175
7201,3.515143668,3.7006360748610425,0.18549240686104262
7210,3.313858787,3.889387538947835,0.5755287519478349
7216,3.634351296,3.186720439257285,0.4476308567427152
7231,3.758288142,3.8038111723132455,0.04552303031324545
7240,3.323878455,3.5134194017742777,0.18954094677427769
7254,3.418881069,2.958710196032977,0.4601708729670233
7257,4.09649289,3.6472098019276875,0.4492830880723129
7258,3.942586727,3.5670636917830953,0.3755230352169048
7264,3.182001546,2.9721122463773746,0.20988929962262537
7309,4.525733835,4.2970189973490776,0.22871483765092204
7310,3.500449668,4.089627377014931,0.5891777090149315
7327,4.555588862,4.101739898913158,0.4538489630868412
7333,2.979201752,3.344603665982482,0.365401913982482
7335,3.049758831,3.35847806959376,0.3087192385937598
7337,3.200128744,3.247691277923901,0.04756253392390075
7338,3.480254873,3.392661851497356,0.0875930215026437
7349,3.083878014,3.266823861065731,0.18294584706573103
7373,4.172858901,3.6711354448279994,0.5017234561720003
7376,3.965577958,3.5949009649185766,0.3706769930814233
7377,3.280757736,3.8824997208431964,0.6017419848431964
7397,3.274138302,3.1705630530129922,0.10357524898700765
7407,4.128034241,4.048622376490169,0.07941186450983118
7409,3.425848742,3.5666056045909933,0.1407568625909934
7413,3.703039451,3.5591851307458593,0.1438543202541407
7414,3.550115789,3.7765771428239794,0.22646135382397947
7442,2.95955587,3.548339328014612,0.5887834580146118
7447,4.004328745,4.051452907741517,0.04712416274151732
7448,4.934364336,3.791095847682795,1.1432684883172048
7488,4.054938462,3.7241068609684267,0.3308316010315733
7491,4.531127507,3.7186612015645735,0.8124663054354264
7492,4.178921634,3.793865330408955,0.3850563035910448
7494,4.079751888,3.853187820020362,0.22656406797963768
7506,4.098450471,4.073556755867788,0.024893715132211724
7543,3.043503745,3.399425855536692,0.35592211053669187
7556,2.718520372,3.15048506961685,0.43196469761684986
7561,2.645256605,2.8582248648747304,0.21296825987473023
7568,3.634788753,3.7529616179011485,0.11817286490114842
7572,3.503929547,3.327319589739356,0.17660995726064366
7573,3.477273954,3.4280325074033935,0.049241446596606675
7577,3.449288595,3.2283416127313775,0.22094698226862253
7582,3.470416372,3.2567221468107332,0.21369422518926662
7584,3.496722133,3.656428617928033,0.1597064849280332
7585,3.499442379,3.342822931045599,0.1566194479544012
7586,4.139679727,3.549057587500282,0.5906221394997178
7587,3.390343287,3.3980664687433633,0.007723181743363394
7589,3.93080861,3.8164137529499285,0.11439485705007169
7600,3.114253187,2.788159284818304,0.3260939021816962
7604,3.390940856,3.592480226980837,0.20153937098083707
7610,3.39447556,3.138871440844138,0.255604119155862
7612,3.530757535,3.656635248663317,0.12587771366331735
7624,3.877029697,3.9741103998955047,0.09708070289550452
7625,3.896852183,4.052511215452031,0.15565903245203128
7665,3.830897853,3.9209477478303207,0.09004989483032055
7666,2.735486179,3.36249364586518,0.6270074668651802
7667,2.946630728,3.0243732022208865,0.07774247422088632
7668,3.242006927,3.252517792724538,0.010510865724538299
7669,3.190854405,3.2412144227773085,0.050360017777308475
7677,3.331342702,3.559629828954226,0.2282871269542257
7682,3.598495433,3.657288681731209,0.05879324873120906
7695,4.29559764,4.045313651616148,0.2502839883838526
7722,3.673283617,3.9612018780906246,0.28791826109062457
7736,4.761966479,3.855661738313954,0.9063047406860458
7744,3.657018863,4.282887133016186,0.6258682700161864
7748,4.315891662,3.605625889831506,0.7102657721684942
7750,3.524194739,3.441653992788822,0.08254074621117802
7754,3.547104962,3.546301832220068,0.0008031297799320214
7756,3.121457705,3.608845319098934,0.48738761409893394
7760,2.920202799,3.195016797980816,0.2748139989808158
7764,3.808136144,3.6941792749897733,0.11395686901022684
7774,3.067517202,3.3476676579609994,0.2801504559609995
7779,3.844064367,3.6233956833085226,0.22066868369147752
7780,3.799307517,3.56883266555841,0.23047485144158975
7816,3.425040794,4.1750110958167195,0.7499703018167194
7847,3.558719282,3.3083684312213406,0.2503508507786596
7885,3.865138487,4.060918748422973,0.19578026142297356
7887,5.753211413,3.5447074843811,2.2085039286189
7888,5.549091431,3.6323743933889454,1.9167170376110545
7890,3.626838545,4.54505687629706,0.9182183312970595
7922,3.202945985,3.7726443648940666,0.5696983798940667
7923,3.551511261,3.8462019931971123,0.2946907321971124
7940,3.00878261,3.158513103155162,0.14973049315516196
7944,4.470654664,3.5483058369217657,0.9223488270782338
7947,4.058139372,3.8061492908132646,0.2519900811867357
7955,1.43138584,2.9484957721512317,1.5171099321512318
7968,3.955480657,3.83819077932519,0.1172898776748097
7970,3.73139496,3.842417862031017,0.11102290203101717
8019,3.768285018,3.740097109213649,0.028187908786351024
8020,3.975443797,3.8986187682874247,0.07682502871257535
8021,4.3545054,4.203046685046066,0.15145871495393415
8049,4.685781669,4.808802365079799,0.12302069607979949
8062,3.122124093,3.655412917979774,0.533288824979774
8079,3.573433267,3.306509754968586,0.26692351203141396
8091,3.03554091,3.5594600430305676,0.5239191330305677
8121,3.547557152,3.4432433817735353,0.10431377022646471
8122,3.741809679,3.62372773604891,0.1180819429510902
8133,3.447835313,3.7558976565004287,0.3080623435004286
8167,2.714695151,3.004894531111023,0.290199380111023
8173,3.495750803,3.4282361481214823,0.06751465487851771
8177,3.687055213,3.719308552702679,0.032253339702679185
8200,3.680655752,3.918093366744955,0.23743761474495528
8207,2.930590896,3.4881296262112893,0.5575387302112893
8220,3.621940841,3.4744657277071536,0.14747511329284624
8221,3.634410673,3.817667452513755,0.18325677951375496
8223,2.53315283,2.9283495337057337,0.39519670370573357
8227,3.96525816,3.530948710970391,0.4343094490296089
8253,3.79105968,3.531771054507498,0.259288625492502
8270,2.843221528,3.181047981303754,0.33782645330375427
8276,3.003022283,3.0371710442637747,0.03414876126377475
8291,4.638829151,4.444735051786045,0.19409409921395504
8292,4.52437126,4.768178565489161,0.2438073054891614
8293,2.797997986,3.159770453834694,0.36177246783469386
8304,3.764408943,3.0170204037301542,0.7473885392698456
8309,2.201877766,3.237627945340314,1.0357501793403139
8317,2.895874701,3.360909077316009,0.4650343763160092
8318,3.138062234,3.4668979619071267,0.3288357279071268
8319,2.913704603,3.6064416142362203,0.6927370112362206
8320,3.161943352,3.5691546522597046,0.4072113002597044
8325,3.163582076,3.543826981664358,0.380244905664358
8354,3.627073107,3.496594285424836,0.130478821575164
8375,3.8477433,3.7497699316536752,0.09797336834632464
8377,3.596060218,3.581863041934118,0.014197176065881667
8388,2.715295777,3.1894553585479044,0.4741595815479043
8389,2.601030257,3.3390983052387635,0.7380680482387634
8436,3.969498347,3.8547890731588845,0.11470927384111551
8540,3.492127413,3.659864432482954,0.16773701948295416
8542,3.456856789,3.4574711086792687,0.0006143196792685046
8557,3.964374672,3.6095584602268,0.3548162117731999
8558,5.445767381,3.934978740028444,1.5107886409715556
8570,3.742106889,3.755971068242771,0.013864179242771169
8572,3.734849815,3.909468926409592,0.17461911140959208
8600,3.742387022,3.6525880303280953,0.08979899167190464
8601,3.3574212,3.2991945656107577,0.05822663438924236
8617,3.924314218,3.8717838924644465,0.05253032553555359
8618,3.432445471,3.775195883909197,0.34275041290919717
8619,3.945621905,3.96146214005375,0.015840235053750096
8620,3.69430972,3.8555507033802012,0.1612409833802011
8621,3.900526302,3.764023376324803,0.13650292567519662
8622,3.948505879,4.065374625837337,0.11686874683733706
8623,3.946284889,3.8399348341150112,0.10635005488498894
8626,3.123538844,3.433977249417056,0.3104384054170559
8638,3.286108424,3.828688220825316,0.5425797968253159
8639,2.910263168,3.3400125493983603,0.42974938139836016
8640,3.193592048,3.3239011839442183,0.1303091359442181
8651,2.776406047,3.146888563422174,0.3704825164221739
8660,2.774646568,2.949002059487772,0.17435549148777207
8661,2.845246915,3.031257952069645,0.18601103706964484
8668,3.694054758,3.6379482119495528,0.05610654605044729
8669,3.965988425,3.62508615132271,0.34090227367729
8702,3.827402414,4.13954217090088,0.3121397569008799
8705,4.075169983,3.5481348563503654,0.5270351266496349
8706,3.409907775,3.4507672854781783,0.04085951047817815
8709,3.999608959,4.451905548919985,0.4522965899199849
8734,3.565032414,3.832411384415195,0.26737897041519476
8735,3.842809153,3.7409730260741814,0.10183612692581878
8736,3.876813432,3.979822888545869,0.1030094565458688
8747,3.69961614,3.340194348440626,0.3594217915593738
8749,4.126157393,4.091872354771492,0.034285038228508036
8751,4.005847749,3.7953014432520495,0.2105463057479504
8753,4.194117946,3.825198688354399,0.3689192576456013
8775,3.780489796,3.9213582952961987,0.14086849929619882
8781,4.067046473,4.193758348697149,0.1267118756971488
8792,3.397187444,3.5869870209066996,0.18979957690669957
8798,3.897095351,3.8263419806332513,0.07075337036674867
8799,3.286170575,3.43176206320776,0.14559148820776002
8800,3.836336777,3.8616104273627294,0.025273650362729327
8816,3.928013628,3.9295006900542946,0.0014870620542946078
8817,3.912339746,4.153573158778631,0.24123341277863108
8818,3.78116998,3.8404006949406484,0.059230714940648355
8820,4.050389885,4.198765207982469,0.14837532298246892
8830,3.7971858,4.092893476020237,0.29570767602023684
8831,3.813511094,4.101311806573143,0.28780071257314344
8834,3.541409843,4.050394666677043,0.5089848236770433
8836,3.901161453,3.9522156451836077,0.05105419218360785
8889,3.058662173,2.994735870946654,0.06392630205334626
8890,3.243454771,3.3068139154159253,0.06335914441592516
8926,4.079695374,3.222654358041815,0.8570410159581847
8927,4.227286673,4.136443959752386,0.09084271324761417
8939,2.621685085,3.1204202132332215,0.4987351282332213
8963,3.083239463,3.350785529085984,0.2675460660859841
8972,3.311778698,3.226060895530421,0.08571780246957905
8999,3.721573213,4.029548226946031,0.3079750139460309
9000,3.859962454,3.7445946361292077,0.11536781787079242
9001,3.966308845,3.8624259766164526,0.10388286838354732
9002,3.818565672,3.9042298148266585,0.08566414282665846
9003,3.625318332,3.7271130775767527,0.10179474557675272
9004,3.86541492,3.9664932734627127,0.10107835346271266
9007,3.396696147,3.903400593813136,0.5067044468131359
9013,3.701519858,3.5392445768470546,0.16227528115294554
9039,2.201315174,2.698594900347993,0.4972797263479931
9048,3.619190366,3.847993014201954,0.22880264820195384
9053,3.726173086,3.6535892925232076,0.07258379347679256
9076,2.30801346,2.511634829985355,0.20362136998535485
9096,3.415419345,3.491833332730471,0.07641398773047081
9099,3.720657422,3.5865023173261297,0.13415510467387026
9104,3.991699996,3.0063903234249483,0.9853096725750516
9110,3.640754142,4.174896808629778,0.5341426666297777
9137,3.958544282,3.821248495262978,0.13729578673702214
9146,3.998161513,4.077771624320902,0.07961011132090201
9154,3.595418321,4.025403163290962,0.429984842290962
9162,3.683916622,3.723580956822196,0.03966433482219589
9163,3.672112708,3.618097934632442,0.054014773367558
9165,3.845176216,3.984521916824233,0.13934570082423292
9173,3.805323831,3.454118611997908,0.3512052190020918
9182,3.263561862,3.2530231487936216,0.010538713206378336
9183,3.952439214,3.4243468111189763,0.5280924028810237
9199,3.497973131,3.5750896220820247,0.07711649108202456
9200,3.903582812,3.6093889637054035,0.29419384829459627
9224,3.971042465,3.735875826589304,0.23516663841069585
9306,3.340789914,3.812919689899598,0.4721297758995977
9335,3.764557005,3.909273855503952,0.144716850503952
9340,3.845470133,3.927206363549223,0.08173623054922308
9371,4.063630325,3.942824984233709,0.12080534076629101
9372,4.044972156,3.9504918019584743,0.09448035404152577
9385,3.853832647,3.883192925663397,0.029360278663396855
9398,5.210016041,3.866784979567002,1.343231061432998
9404,3.980292936,3.7407848973788895,0.23950803862111059
9405,4.270408369,4.013486781860232,0.2569215871397681
9408,4.06047839,3.886562499583591,0.1739158904164091
9410,3.754573562,3.587920427463899,0.1666531345361011
9414,4.374355497,4.012855720750017,0.36149977624998275
9415,3.89400451,4.208677832284816,0.31467332228481615
9424,4.014831238,3.638507492816201,0.3763237451837993
9429,3.741019019,3.688374885212104,0.052644133787895786
9435,4.226808912,4.286692941648885,0.05988402964888451
9442,3.42202633,3.4407750075685675,0.018748677568567462
9469,6.175493258,4.67855080230818,1.49694245569182
9471,6.518426195,4.109991817271661,2.408434377728339
9494,4.539834984,4.424920940082718,0.114914043917282
9517,4.505960131,4.225413438477089,0.2805466925229112
9521,4.084654143,4.107533593454454,0.02287945045445383
9522,3.926105681,4.0260962239254585,0.09999054292545839
9523,4.180636693,4.222886481409908,0.04224978840990801
9527,4.162675334,3.9824380225560394,0.18023731144396082
9528,4.1964117,4.037808113914471,0.15860358608552882
9529,4.168408274,4.379339671707179,0.21093139770717872
9530,3.937900114,4.046692851803323,0.1087927378033231
9531,4.187777587,4.043598392828531,0.1441791941714694
9532,4.226275927,4.205790515223246,0.020485411776753892
9533,3.906762525,4.079519193695406,0.17275666869540585
9534,4.017909396,4.237265868961863,0.2193564729618629
9535,4.029121839,4.178256175214576,0.14913433621457628
9536,4.089422747,4.243221556787149,0.15379880978714855
9537,4.019683419,4.281213581015216,0.26153016201521595
9538,3.930048122,4.3020542851261805,0.3720061631261804
9539,4.122053453,4.029708539809359,0.09234491319064109
9546,4.070282837,3.9955177978060052,0.07476503919399446
9551,3.836909529,4.30963933209713,0.47272980309712986
9554,4.616434901,3.9135075554726915,0.7029273455273084
9557,4.212674757,3.860136252241457,0.3525385047585434
9560,4.042053494,4.029907047475107,0.012146446524893051
9564,4.013654081,3.863108985224309,0.15054509577569153
9566,4.118878638,4.302416159901414,0.18353752190141392
9585,3.987976502,3.877204030837087,0.110772471162913
9596,4.078280055,4.142184806665025,0.0639047516650253
9612,4.858777737,4.335920884464928,0.5228568525350719
9626,3.764267317,4.244291142428704,0.48002382542870414
9627,4.390536902,4.478223409050405,0.08768650705040493
9630,3.875560415,3.7438012305222848,0.13175918447771506
9634,4.305990158,4.0300601023627545,0.2759300556372457
9645,4.700559853,3.4138896964117427,1.286670156588257
9646,4.25414996,3.4491214964667694,0.805028463533231
9651,4.318760152,4.430627499309725,0.11186734730972514
9657,3.285622561,3.405701348753564,0.12007878775356406
9659,3.823657166,3.787765687711247,0.03589147828875294
9667,4.041693078,4.014451316098903,0.02724176190109695
9670,3.418886035,3.541468638938884,0.1225826039388842
9706,4.780060837,4.242362270476705,0.5376985665232947
9726,4.391167072,3.963464233312509,0.42770283868749104
9727,4.317421561,4.525128211625868,0.20770665062586868
9728,4.422156911,4.496514518855778,0.07435760785577816
9729,4.499655013,4.171926162417278,0.32772885058272205
9731,4.525129531,4.138572995846235,0.3865565351537654
9733,4.32960972,4.263843381408269,0.06576633859173064
9736,4.956392566,4.432353164335918,0.5240394016640817
9737,4.056953829,4.2984519915306185,0.2414981625306183
9738,4.325049511,4.229150902099478,0.09589860890052115
9756,4.128326675,3.9644048231730546,0.16392185182694563
9757,4.034923386,4.0506132687513405,0.015689882751340534
9758,4.218666325,4.042511307187446,0.17615501781255372
9759,4.243667664,4.4016705532542275,0.15800288925422734
9760,4.160742317,4.0424323505225,0.1183099664775007
9761,4.211814998,4.3250802852094115,0.11326528720941109
9762,4.166539408,4.408486485224166,0.24194707722416542
9763,3.984158119,4.323958061645009,0.33979994264500935
9764,4.328304836,4.052792118339684,0.27551271766031604
9767,4.349754784,4.143703124378888,0.20605165962111194
9818,2.382041476,3.7455544533855405,1.3635129773855406
9819,4.052302683,3.8209628359417227,0.23133984705827704
9822,1.808361228,3.4888280380807575,1.6804668100807574
9840,3.854917066,3.9234453487295067,0.06852828272950662
9849,3.373761767,3.417212626648571,0.04345085964857098
9852,3.5733121,3.454421675005945,0.118890424994055
9853,3.231045028,4.149211963908329,0.9181669359083293
9859,3.578805715,3.934514739874217,0.35570902487421696
9877,3.318530785,3.4056811514772765,0.08715036647727636
9901,3.368463408,3.4915951530165312,0.12313174501653101
9908,3.355979938,3.5721524313359168,0.21617249333591682
9909,1.712240179,4.054108913057794,2.341868734057794
9925,3.202381799,2.953208441655602,0.24917335734439794
9926,3.939792334,3.758619601330953,0.18117273266904688
9947,4.089146735,3.9884967445709645,0.10064999042903544
9949,6.389784587,5.074409964107853,1.315374622892147
9950,4.311443196,4.027580374727682,0.28386282127231777
9979,4.199556681,4.085105592947946,0.1144510880520535
9982,4.045797562,4.292157982408006,0.24636042040800632
9983,3.391564907,3.1524589969099277,0.2391059100900721
9984,3.301669707,3.538293982985887,0.23662427598588698
10080,3.434218065,3.170977208364018,0.26324085663598185
10093,3.733274718,3.74042070685777,0.007145988857769847
10099,4.144523615,4.301167837296015,0.15664422229601538
10106,4.584968626,4.240064380796958,0.3449042452030424
10118,3.164892909,3.653301600451128,0.48840869145112764
10125,3.31114613,3.4869790030631242,0.17583287306312423
10127,5.512870341,4.957858963559131,0.5550113774408691
10131,2.820023231,3.082276745181427,0.26225351418142706
10132,1.826288397,3.386330268158468,1.560041871158468
10134,5.626136609,4.41451468472724,1.2116219242727597
10137,4.540534371,4.200312880968279,0.34022149003172064
10143,3.792585038,4.641784377619118,0.8491993396191178
10173,3.590939815,3.489382344853251,0.1015574701467492
10181,3.944172571,3.90164546265706,0.042527108342940156
10193,2.244054924,2.8885302249689437,0.6444753009689439
10198,4.139064283,4.018685838179087,0.12037844482091309
10200,4.456124691,3.90981961798216,0.5463050730178405
10206,3.502244988,3.808159688068791,0.30591470006879096
10228,5.614575593,3.8681742543642943,1.7464013386357053
10233,6.214312837,4.518246729874209,1.696066107125791
10242,4.716618437,4.846914037877497,0.13029560087749648
10249,2.574603745,2.72456667040941,0.14996292540940992
10263,3.046970462,3.4413521344040623,0.3943816724040623
10275,3.954872125,4.1014134705430365,0.14654134554303644
10305,3.640815079,3.5851969341714565,0.055618144828543326
10312,2.521468911,3.2113920385526518,0.6899231275526518
10313,3.366341001,3.823242877721079,0.45690187672107907
10318,2.918238477,3.989850102385782,1.0716116253857821
10319,3.788883852,4.373146706677724,0.5842628546777235
10324,4.701308885,4.680634553804583,0.020674331195417395
10325,5.023748219,3.3439272453243274,1.6798209736756724
10326,4.667492385,3.8705900456407023,0.7969023393592978
10327,5.15736458,4.427002598288973,0.7303619817110274
10328,4.947002154,4.257127939599327,0.6898742144006729
10329,5.878392522,4.8034047391496,1.0749877828504006
10330,5.074309834,4.501407172482677,0.5729026615173227
10331,5.65536257,4.374989038013312,1.2803735319866885
10332,4.667492385,3.8406686950006463,0.8268236899993537
10334,4.714440834,3.942896161712882,0.7715446722871184
10343,4.822424068,4.471215469172231,0.35120859882776934
10365,7.893152447,5.303485524543138,2.5896669224568623
10382,3.732172535,3.640648920138024,0.09152361486197602
10392,2.525441649,3.7054748532954913,1.1800332042954915
10393,3.04180073,3.6345895540902715,0.5927888240902717
10399,4.355688883,4.023995875062783,0.3316930079372167
10410,3.558699252,3.6330994895059825,0.07440023750598268
10411,3.756922501,3.6883870925909763,0.06853540840902372
10412,5.688954174,4.230138116106133,1.4588160578938671
10413,3.244345562,4.082444789043015,0.8380992270430148
10417,4.13624586,4.665944017458685,0.529698157458685
10418,3.880555254,3.8234357712127838,0.057119482787216125
10425,4.767037864,3.553448649547593,1.2135892144524068
10427,3.753092094,3.7794362657569485,0.026344171756948587
10442,3.447726895,3.8256664384007517,0.37793954340075153
10466,3.875056536,3.3903529335463345,0.4847036024536657
10468,3.591679113,3.5416280138134617,0.050051099186538384
10469,3.71146078,3.79271404521464,0.08125326521464027
10470,3.669657361,3.4242344813195458,0.2454228796804543
10472,3.810741391,3.6453580901826657,0.16538330081733443
10478,3.033771705,3.5203292976257377,0.4865575926257377
10479,2.968428241,3.5180590804965837,0.5496308394965839
10480,4.112571736,3.3377006968963427,0.7748710391036568
10493,3.822890256,3.599457419466117,0.2234328365338829
10498,3.921872581,3.7511798727857584,0.17069270821424176
10514,3.638959123,3.5648280918396664,0.07413103116033337
10515,3.044598551,3.3163973303026406,0.2717987793026406
10535,4.353493073,3.6017728907751896,0.7517201822248105
10559,3.044221719,3.264174343428206,0.21995262442820618
10565,3.89137615,3.748888388803187,0.14248776119681317
10567,3.364181891,3.917035509380012,0.5528536183800123
10568,3.452843855,3.775399530645621,0.32255567564562115
10582,3.061270228,3.5912299242051735,0.5299596962051734
10605,3.306302288,3.708748484641767,0.4024461966417672
10607,3.478785443,4.064287320791797,0.5855018777917969
10615,3.650172976,4.3192798918987,0.6691069158986998
10628,3.673955143,3.4113999715969925,0.26255517140300766
10629,3.440056854,3.731208271885131,0.2911514178851311
10634,4.087722278,3.369183198845743,0.7185390791542572
10635,3.283834721,3.410388982370923,0.12655426137092318
10639,3.104976214,3.3365940488494874,0.23161783484948728
10641,3.804536145,4.906738405590638,1.102202260590638
10646,3.714530332,4.268839728677442,0.554309396677442
10658,2.77741535,3.8579952282050334,1.0805798782050333
10668,3.823266325,3.2327460977725835,0.5905202272274166
10680,3.631330006,3.5516009426601647,0.07972906333983554
10687,4.048033732,3.8160793015829206,0.23195443041707975
10688,3.485283475,3.7620147621159963,0.27673128711599615
10696,3.286859239,3.7325765643003033,0.4457173253003033
10699,4.095773571,4.435331037708165,0.33955746670816556
10705,4.719143285,4.578691952102819,0.14045133289718148
10708,4.595292195,3.816087172033798,0.779205022966202
10715,3.30928028,2.7785014901068514,0.5307787898931484
10752,3.594771268,3.3567350045947113,0.23803626340528883
10773,3.694846407,3.5294091583536313,0.16543724864636866
10779,3.204718233,3.4308935633774924,0.2261753303774925
10790,3.585473138,3.767995674218606,0.18252253621860604
10791,4.109786238,3.8457609747469017,0.26402526325309816
10795,3.670625165,3.7101420262696134,0.03951686126961329
10800,3.357477454,3.5741113691675475,0.21663391516754738
10810,2.794457063,3.054328538118117,0.25987147511811726
10832,3.077668637,3.2267917562363038,0.14912311923630384
10871,3.673961715,3.4128368533081916,0.26112486169180826
10930,3.178249318,3.25145933887851,0.07321002087850959
10955,2.94121595,2.770299738846659,0.1709162111533411
10956,2.762648091,3.214972121633752,0.45232403063375193
10983,3.92688883,3.7777126306368363,0.14917619936316395
10999,3.495313849,3.192787090526299,0.30252675847370103
11005,2.870853624,3.073820371518023,0.20296674751802302
11006,3.081723261,3.0553687098843523,0.026354551115647773
11007,2.884586518,3.4143259079606905,0.5297393899606906
11011,3.028422125,3.300276973774048,0.27185484877404775
11013,4.08910715,3.5953658660696295,0.49374128393037076
11016,3.702344358,3.5377893354608423,0.16455502253915766
11017,3.165391078,3.423359176123879,0.2579680981238792
11027,3.749837039,3.622891999876278,0.12694503912372213
11038,3.10129827,3.3514160494266485,0.2501177794266485
11042,3.189321841,3.1023848417349535,0.08693699926504639
11046,3.680054922,3.7832769159005686,0.10322199390056852
11082,3.754692271,3.5339430282547624,0.22074924274523777
11086,3.296531128,3.4682532525882457,0.17172212458824587
11088,3.20920959,3.333843761519856,0.12463417151985601
11105,3.566479581,3.7358838552780176,0.16940427427801774
11108,3.535910937,3.650763825796512,0.1148528887965119
11110,3.825147813,3.472822516376667,0.352325296623333
11111,3.381731624,3.625038168663189,0.24330654466318924
11112,3.030688252,3.4339691053995716,0.40328085339957154
11130,3.556263861,3.6577280249494524,0.10146416394945224
11148,3.461959203,3.2640900316625636,0.19786917133743653
11159,3.415545905,3.5446382819827607,0.12909237698276055
11175,3.777285798,3.230831212193158,0.5464545858068419
11176,4.040952286,3.5869484947655548,0.4540037912344448
11183,3.184609421,3.6474490656823333,0.4628396446823331
11208,3.956465312,3.9317795030300067,0.024685808969993506
11256,3.859185491,3.96178289265774,0.10259740165774023
11265,3.394716224,4.313830139494025,0.9191139154940244
11306,3.628857221,3.4103603516909846,0.21849686930901546
11308,3.255202015,3.410146112473229,0.15494409747322901
11322,2.954638924,3.566519618067863,0.6118806940678629
11346,2.94098315,4.055520742943291,1.1145375929432912
11351,3.395679666,3.823103407643273,0.4274237416432731
11363,3.26627744,3.3323091432871847,0.06603170328718466
11378,3.318751814,3.534704759681558,0.2159529456815581
11382,4.937144297,3.9276531579509357,1.009491139049064
11405,3.691490386,3.5304026541693942,0.16108773183060565
11410,3.412908646,3.660261716949695,0.24735307094969494
11413,4.189499087,3.7588765743928345,0.4306225126071652
11433,2.972515251,3.5531191971185683,0.5806039461185684
11443,3.3433692,3.9551827143098843,0.6118135143098842
11445,3.580328164,3.5917635047657552,0.011435340765755253
11468,4.310032833,4.008302300166215,0.30173053283378515
11469,3.294289827,3.3308704983840585,0.036580671384058405
11476,3.084361759,2.680696496974564,0.4036652620254362
11483,3.071483107,3.2809174117633555,0.20943430476335534
11501,3.292940186,3.75507758255005,0.46213739655004993
11503,3.638161094,3.7474357426880944,0.10927464868809444
11508,4.21088306,3.628436042743009,0.5824470172569907
11518,4.476116874,4.404673157124367,0.071443716875633
11519,3.680492533,3.738428510568477,0.05793597756847735
11527,6.755304402,3.760904887049993,2.994399514950007
11531,3.292780158,3.7304832766722136,0.4377031186722138
11544,3.625141508,3.2668396340483854,0.3583018739516146
11564,3.240056791,3.9715135322893946,0.7314567412893944
11568,4.095485122,3.2993250795195976,0.7961600424804027
11581,3.723643282,3.9323823897128354,0.20873910771283555
11582,3.171713455,3.033359870079872,0.13835358492012784
11588,3.385982703,3.173932441078165,0.21205026192183496
11604,3.798845408,3.7145544708217164,0.08429093717828362
11609,3.447705208,3.4997544495315847,0.052049241531584745
11638,3.137960392,2.8253589425656616,0.31260144943433854
11646,4.436768328,3.989776003271122,0.4469923247288783
11702,3.655299824,3.666280970211289,0.010981146211288983
11708,2.713440824,3.2326418040926757,0.5192009800926756
11756,4.031836488,3.15079125278831,0.8810452352116895
11763,4.350582794,4.010565071906155,0.34001772209384473
11764,4.476152956,4.173312174146903,0.3028407818530967
11765,4.490666323,3.8577900138607144,0.6328763091392857
11766,4.597256283,4.24750243520717,0.34975384779283036
11767,3.882291965,4.078797261746111,0.19650529674611095
11768,4.351775458,4.123699064956389,0.22807639304361071
11806,3.519610042,3.610405587018602,0.09079554501860176
11816,2.346242117,2.5052036842530185,0.15896156725301847
11819,3.582357823,3.670434674489584,0.08807685148958377
11820,4.515012922,4.060175467012398,0.45483745498760264
11830,3.506750184,3.4298005384417776,0.07694964555822237
11842,3.675517068,3.978900411359642,0.3033833433596418
11889,4.179371208,3.6776417999451656,0.5017294080548345
11890,4.130136108,3.716963226355566,0.4131728816444342
11909,5.646518902,4.088860220006623,1.5576586819933773
11928,2.767199948,3.7186681684855225,0.9514682204855225
11935,3.482732401,3.477129750615175,0.00560265038482477
11942,3.998265231,4.527906054767264,0.5296408237672643
11944,3.585068963,3.0432044988367335,0.5418644641632664
11951,4.054938462,3.828634199965636,0.22630426203436382
11977,3.547575469,3.2898250004182064,0.2577504685817935
11978,3.610063296,3.4426235646124255,0.1674397313875744
11979,3.277215264,3.262650010981294,0.014565253018706148
11990,3.022128315,3.5690877110726844,0.5469593960726846
11995,3.798189524,3.642021396792703,0.15616812720729722
12053,3.659298055,3.838112580191387,0.1788145251913873
12083,2.682953871,3.194218983509375,0.511265112509375
12101,3.460880669,4.039986602569234,0.5791059335692346
12105,4.776345845,4.476803837639415,0.2995420073605848
12107,3.329033611,3.376786152247303,0.04775254124730299
12168,2.520207856,3.0316963270479316,0.5114884710479317
12170,3.273246236,3.5621943741261317,0.28894813812613185
12174,3.681173374,3.8622113994332232,0.18103802543322312
12213,3.573111843,3.9934429085120957,0.42033106551209576
12231,2.902710037,3.960195860587928,1.0574858235879283
12260,4.10079838,4.247670226188587,0.14687184618858762
12294,3.416174347,3.713072600697926,0.2968982536979259
12295,3.438932959,3.790581834424094,0.3516488754240936
12296,3.482572044,3.8196127151655945,0.33704067116559466
12301,3.825920828,3.9225956115777145,0.09667478357771442
12304,3.491325923,3.3934981612546635,0.0978277617453367
12309,3.844018614,3.762253444715786,0.08176516928421407
12310,3.209002137,3.4440275999015753,0.2350254629015751
12313,3.169525106,3.5553141860939355,0.3857890800939354
12339,4.206311463,3.717770744307738,0.4885407186922617
12370,3.976812918,3.75303992657566,0.22377299142433982
12371,3.930774435,3.839767024883663,0.09100741011633717
12376,4.017669004,4.0022785801051555,0.015390423894844574
12387,3.930774435,3.941155076293851,0.010380641293850967
12395,3.410959346,3.367627142110005,0.043332203889995036
12423,3.564355467,4.332137205585704,0.7677817385857044
12450,4.656572938,3.946133653622068,0.7104392843779319
12453,3.15585955,2.775643047277587,0.38021650272241336
12465,3.549066789,4.166626259681508,0.6175594706815084
12468,3.873357868,3.4890061471951936,0.3843517208048062
12480,3.644059278,3.5879744055840863,0.056084872415913534
12481,3.199177653,3.27332500369762,0.0741473506976198
12497,4.752361291,3.9165917139006785,0.8357695770993212
12533,3.966749711,3.7594677305063913,0.20728198049360858
12537,3.496100378,3.777312690074274,0.281212312074274
12538,3.428664915,4.059116773311069,0.6304518583110688
12540,3.849037277,4.047273571318527,0.1982362943185274
12544,3.4338543,4.102792730326639,0.668938430326639
12550,3.335974366,2.5817394898299266,0.7542348761700732
12558,5.362706858,4.52471422373413,0.8379926342658699
12559,3.363737299,3.239290131323634,0.12444716767636566
12567,3.594771268,3.3101372622468856,0.2846340057531145
12572,4.069637269,3.750073921059526,0.31956334794047425
12573,3.263046353,3.6201338732205555,0.35708752022055545
12577,3.819759795,3.5766333541297786,0.2431264408702214
12582,3.193817247,3.213249521862383,0.019432274862382748
12588,4.733210644,3.4044657963731746,1.328744847626825
12589,3.074548275,3.554692981899102,0.48014470689910205
12606,3.246074912,3.891697229206994,0.6456223172069939
12607,3.690520941,3.5556313425929824,0.13488959840701753
12611,5.126264927,3.815295941620761,1.3109689853792394
12612,3.68754807,3.6323050140500395,0.055243055949960596
12617,3.727212914,3.779374412876459,0.052161498876459156
12625,4.094484716,3.7331262323613763,0.3613584836386239
12645,3.521652305,3.4941522384868207,0.027500066513179267
12664,3.447645822,3.42236055187319,0.025285270126810033
12667,4.697260402,4.890621297395253,0.19336089539525236
12671,3.636892486,3.792143451368772,0.15525096536877214
12678,3.958842494,3.8961339747452723,0.06270851925472787
12690,3.735030113,4.053030945074259,0.31800083207425933
12720,3.415752152,3.791047574683362,0.375295422683362
12740,3.630923928,3.7170238858808022,0.08609995788080216
12756,4.48724961,4.958550062821475,0.4713004528214748
12769,3.701143923,3.662516208716283,0.03862771428371703
12778,3.713335433,3.851752556875326,0.138417123875326
12785,2.80692239,3.2209413547826538,0.41401896478265376
12797,3.572565653,3.655167849006668,0.0826021960066683
12821,3.758964348,4.002368760308709,0.2434044123087089
12822,4.10890125,3.104674731275239,1.0042265187247605
12823,3.487699625,3.778209884435501,0.29051025943550135
12824,3.714796621,3.404861524355022,0.3099350966449781
12878,3.771783867,3.7472388815901803,0.024544985409819642
12889,3.562116476,3.7585584731551784,0.19644199715517852
12911,3.500168754,3.409985231381761,0.09018352261823903
12912,3.618332649,3.967029691182255,0.34869704218225506
12926,3.754872319,3.633718533370045,0.12115378562995494
12927,3.879321717,3.7955273543716634,0.0837943626283364
12935,3.905419756,3.863077875857386,0.04234188014261431
12942,3.335024393,4.009055097336829,0.6740307043368294
12948,4.027297704,4.123808203548219,0.09651049954821822
12953,3.444291208,3.5926638563408035,0.14837264834080344
12954,3.678523345,3.7774634823936415,0.0989401373936416
12957,3.517720125,3.5530835298445624,0.035363404844562574
12966,3.666335673,3.6356175779802706,0.03071809501972922
12967,3.967541736,3.6618938229436657,0.3056479130563341
12968,3.377878251,3.3053818918978095,0.07249635910219032
12986,2.756875712,3.031276268615959,0.2744005566159591
12995,3.781312907,3.823049313477001,0.041736406477001164
13043,3.94146688,3.7587443252328114,0.18272255476718868
13049,4.088931524,4.196274290915352,0.10734276691535172
13050,3.870421673,4.015924569225369,0.14550289622536905
13060,3.634351296,3.2726029260468037,0.3617483699531965
13086,3.799147487,3.792216204166042,0.00693128283395783
13093,3.933830926,3.8800220174408557,0.05380890855914444
13111,3.800753583,3.7718610125697087,0.028892570430291364
13142,4.012626351,3.613714203154738,0.39891214784526197
13144,4.36630019,3.741239929117285,0.6250602608827145
13147,3.785140362,3.700933239733885,0.08420712226611471
13148,3.971042465,3.808870547928897,0.1621719170711029
13150,4.220432617,3.7548200098564655,0.4656126071435347
13152,3.825910561,3.6261437301086974,0.19976683089130276
13153,3.539063388,3.4981490199690977,0.04091436803090254
13154,4.24082233,3.8120416097866157,0.42878072021338465
13155,3.822995764,3.571360122529967,0.2516356414700329
13164,3.494709172,3.4754240726257377,0.01928509937426215
13169,4.075603728,3.5396110132575838,0.5359927147424162
13180,3.598952724,4.086023447357133,0.48707072335713253
13184,3.896819598,3.5779536926086615,0.3188659053913385
13185,4.048936804,3.7426253521529236,0.30631145184707664
13191,3.842882321,3.5473667761466436,0.2955155448533562
13196,3.78692557,4.097884240245117,0.3109586702451166
13200,3.413958252,3.7573317359981755,0.34337348399817547
13201,3.389814383,3.6218365888347748,0.23202220583477473
13220,3.574942101,3.7344563276334912,0.15951422663349124
13223,3.27479035,3.5681959519771724,0.29340560197717247
13235,4.085651567,3.7967892862439014,0.28886228075609877
13252,3.584930631,3.510012957977563,0.07491767302243701
13253,3.612337227,3.485141062525127,0.12719616447487292
13284,3.356259818,4.1495320057109115,0.7932721877109117
13286,3.615558695,3.4786897035565687,0.13686899144343112
13293,3.590865709,3.5112737739784423,0.0795919350215577
13295,4.100916517,3.8021467434770617,0.2987697735229382
13299,4.228224929,4.16847532499207,0.059749604007929946
13306,3.831626045,3.595808193705409,0.2358178512945912
13309,3.748991891,3.6159881958405906,0.13300369515940957
13311,3.805800123,3.626404336799066,0.1793957862009341
13313,3.837840862,4.294890876201028,0.45705001420102764
13314,3.821743903,3.9586843695417646,0.1369404665417644
13324,4.37803712,3.564294497460328,0.8137426225396722
13343,4.905996465,4.473113623720631,0.43288284127936905
13362,3.835603366,3.967273886606086,0.13167052060608597
13372,3.643216429,3.762702439505536,0.11948601050553576
13384,3.686420792,3.8936980053558514,0.2072772133558516
13393,3.378606821,3.5942743826897265,0.21566756168972656
13396,3.471605581,3.697543514158758,0.22593793315875788
13399,3.146319696,3.255289713362768,0.1089700173627679
13403,3.652869424,3.8222060620258387,0.16933663802583876
13404,3.785663437,3.6258468745663,0.15981656243370024
13440,3.533695815,3.838916224316472,0.30522040931647165
13451,3.887453525,4.352879129396021,0.46542560439602054
13485,3.766869424,3.7935254628004156,0.026656038800415782
13496,3.541952162,3.8590857152297744,0.31713355322977455
13497,3.60828812,3.880889037940884,0.2726009179408839
13505,3.719193556,3.8572489599883353,0.13805540398833527
13507,3.930046921,3.8838025070454143,0.046244413954585895
13516,3.71469192,3.5273550874647186,0.18733683253528133
13522,3.907507331,3.923688293021732,0.016180962021731915
13534,3.611229185,3.8662865035210983,0.25505731852109825
13546,3.13112251,3.6182088142270232,0.48708630422702326
13550,3.802570942,3.812528620415264,0.00995767841526396
13559,3.858602715,4.15219963885886,0.2935969238588596
13561,3.944877306,4.128947603784008,0.18407029778400785
13578,3.590056766,4.125625650247616,0.5355688842476161
13580,3.498638563,3.533530320175943,0.03489175717594284
13609,3.873712168,3.9170713123933667,0.043359144393366744
13613,3.375222696,3.2171254530576032,0.15809724294239658
13619,3.69142236,3.9400682708682346,0.24864591086823484
13630,4.77978711,4.234618957633589,0.5451681523664114
13633,4.038509126,4.142063838331245,0.10355471233124458
13634,4.122830012,4.086795067567394,0.0360349444326058
13670,4.084499283,3.9030651380070474,0.18143414499295307
13680,3.58929413,4.030490999403832,0.4411968694038322
13694,3.459915437,3.4830688076327765,0.02315337063277667
13696,4.399730569,3.5422555247783234,0.8574750442216765
13708,3.491809767,3.776965159522548,0.2851553925225483
13712,4.69180114,3.9239345371494783,0.7678666028505217
13720,4.006098626,4.0150132346040905,0.008914608604090546
13751,3.802606375,3.672865425167492,0.12974094983250772
13758,4.217993612,3.8189986387311867,0.39899497326881317
13771,3.88645371,3.862647159993505,0.02380655000649501
13772,3.639802988,3.9250604708544796,0.2852574828544796
13775,3.614126654,3.551965596728197,0.06216105727180299
13783,3.531765256,3.4999913433714367,0.03177391262856322
13801,3.746602232,3.5025313879694373,0.24407084403056256
13809,3.502172113,3.469682668299433,0.03248944470056703
13821,3.68426352,3.562706731857045,0.1215567881429549
13835,3.431028263,3.439788920650818,0.008760657650817905
13845,3.513199837,3.7599078536997204,0.2467080166997202
13875,3.435376093,3.9363479151212046,0.5009718221212047
13911,4.281967144,3.874960687282257,0.40700645671774316
13912,3.75204982,3.7610636052814455,0.009013785281445585
13913,3.77356313,3.8372633120765087,0.06370018207650885
13919,3.323890064,3.7423337003627193,0.4184436363627193
13923,3.467089899,3.7905266175235077,0.32343671852350786
13924,4.012705441,3.9443772977209677,0.06832814327903192
13925,3.517855419,4.021380740879632,0.5035253218796321
13945,4.580934095,3.487165452774922,1.0937686422250779
13955,4.147410068,3.826754268362858,0.3206557996371422
13959,4.406132945,3.9620465499630004,0.444086395037
13960,3.280109225,3.244005594831875,0.03610363016812501
13966,4.551042438,3.2841434542309553,1.2668989837690443
13976,3.853995721,4.214376295976239,0.36038057497623877
13989,3.758611847,4.11410867525972,0.35549682825971995
14000,3.47304296,3.95811315689251,0.4850701968925102
14017,4.898986745,3.654387187836958,1.2445995571630424
14035,3.486787403,3.2829106868574205,0.20387671614257963
14038,4.029689643,3.622579594323577,0.4071100486764232
14079,4.335282899,4.271967920778774,0.06331497822122589
14083,3.652125418,3.5430977932677963,0.10902762473220351
14084,3.806229653,3.687595264292266,0.11863438870773413
14085,4.306411921,3.946227529785449,0.36018439121455037
14086,3.539615494,3.883461744557142,0.34384625055714224
14093,3.723832787,4.042592603082702,0.3187598160827019
14094,3.695203274,3.728045898121265,0.032842624121265374
14115,3.759297233,3.752223223055087,0.007074009944912696
14126,3.512071002,3.6856721813216073,0.17360117932160746
14133,4.422315652,4.315245328297766,0.10707032370223413
14153,3.271241013,3.1284947261521503,0.14274628684784973
14158,3.841262612,3.938472180415156,0.09720956841515616
14159,3.425874788,3.8018054239531645,0.37593063595316467
14160,3.306429847,3.2482671879088914,0.058162659091108626
14171,2.760010275,3.26027248915091,0.5002622141509101
14180,4.145355701,4.038777548464108,0.10657815253589131
14188,3.667077536,3.6344744317521855,0.03260310424781432
14189,3.769305219,3.6585624437040014,0.11074277529599863
14195,3.782568594,3.8450598648806,0.06249127088060025
14219,3.568053021,3.5784797625629565,0.010426741562956643
14227,3.942583112,3.9088746318441134,0.033708480155886456
14260,3.928472666,4.016469375062023,0.08799670906202328
14261,3.676660693,3.6766233601195046,3.7332880495455356e-05
14269,4.362231703,3.577622863778645,0.784608839221355
14270,4.76466351,3.630067229405791,1.134596280594209
14290,3.786176763,4.143183965100245,0.35700720210024484
14312,4.091515636,3.6003120569378937,0.4912035790621059
14313,2.848269612,2.8737096898849095,0.025440077884909318
14327,3.174325016,3.5753986762487178,0.4010736602487177
14335,4.479016571,3.885064591564094,0.5939519794359058
14336,3.191653635,3.241646010391513,0.04999237539151258
14338,2.992475753,3.3458122117259768,0.35333645872597685
14340,3.143534697,3.542063681395222,0.398528984395222
14341,3.565439887,3.6392932255779034,0.07385333857790322
14342,2.975494677,3.3070770029394168,0.33158232593941683
14344,4.483001719,4.044518338315392,0.438483380684608
14405,3.314077992,3.493149371802039,0.17907137980203913
14408,3.352131918,3.4685534600124712,0.11642154201247124
14432,3.692661886,3.725421527440474,0.03275964144047405
14442,3.747824702,3.7661976122636447,0.018372910263644737
14447,4.006777669,4.006407489672844,0.000370179327155995
14468,4.76128041,4.332957929914883,0.4283224800851171
14471,4.407127358,4.2352063210733855,0.17192103692661487
14473,5.494791649,4.393296455967371,1.1014951930326289
14524,3.13675607,3.6746473983741414,0.5378913283741413
14525,4.477603974,4.629111576869123,0.15150760286912313
14528,5.29439151,4.383561128072965,0.9108303819270347
14529,3.267854325,3.7951686590530755,0.5273143340530755
14555,2.919663733,3.3551680940842816,0.4355043610842815
14557,3.538841269,3.819077841307441,0.2802365723074409
14558,3.463841076,4.009102313664299,0.5452612376642993
14559,3.554502139,3.8523247750453065,0.2978226360453067
14560,3.298242699,3.8739729491322574,0.5757302501322572
14562,3.5871686,4.071316971121987,0.4841483711219867
14563,3.577674359,4.107951557765852,0.5302771987658521
14564,3.577674359,4.0658390950404,0.4881647360404
14566,4.288135158,3.5486336269455636,0.7395015310544366
14567,5.178502703,4.070622729942616,1.1078799730573845
14576,4.078123912,4.017643716422255,0.06048019557774431
14585,3.830088363,4.230932426451769,0.40084406345176893
14591,3.352489311,3.7011600124169033,0.3486707014169035
14592,3.40513625,3.630000830395556,0.22486458039555624
14605,3.075328898,3.4779714832048705,0.4026425852048705
14606,3.144110713,3.0046473721261093,0.13946334087389056
14625,2.559439777,3.2266835446039437,0.6672437676039435
14635,4.095815793,4.152901367749287,0.057085574749287105
14641,3.797159473,3.774392210638372,0.02276726236162796
14649,3.607607722,3.463866296755812,0.1437414252441882
14698,2.008411762,2.652515582737921,0.644103820737921
14763,4.308931328,3.6336165479553486,0.6753147800446513
14811,4.032276797,3.5042450071538473,0.5280317898461524
14836,4.004666952,3.55278287745637,0.4518840745436301
14894,3.261053505,3.451094550942497,0.19004104594249682
14927,3.656185675,3.9559139344903005,0.29972825949030035
14959,4.016425319,3.466863010315208,0.5495623086847918
14961,3.719483553,3.8511604148514214,0.13167686185142147
14977,2.695705109,3.719631552666311,1.0239264436663111
15003,4.670695505,4.540756858729157,0.12993864627084317
15004,2.718603467,3.712817929204868,0.9942144622048681
15012,3.913639074,3.7782267861692214,0.13541228783077885
15013,4.207600626,3.5254221493819853,0.6821784766180143
15014,3.739927963,3.193553447681281,0.546374515318719
15025,2.2453359,2.791398501192364,0.5460626011923639
15032,3.535140344,3.3547142555257388,0.18042608847426145
15040,2.122789096,2.709602452040139,0.586813356040139
15046,2.803093663,3.522178867592785,0.7190852045927851
15053,3.362983251,3.513216409415499,0.150233158415499
15055,2.023487312,3.7804275153211013,1.7569402033211015
15058,3.598776832,3.4514016376990413,0.1473751943009587
15065,2.590363862,3.894212771298476,1.3038489092984764
15076,4.360197017,3.5850571008337826,0.7751399161662174
15083,3.525344173,3.8534043167485446,0.3280601437485444
15087,2.191880578,3.8128610152984086,1.6209804372984085
15113,4.310177658,3.9144048729433454,0.39577278505665436
15125,3.759454799,3.519549313034343,0.23990548596565686
15130,4.85434422,3.8587136683395884,0.9956305516604114
15139,2.991748687,3.360425303570534,0.36867661657053397
15145,3.555493909,3.4404559668797927,0.11503794212020724
15192,5.52509666,4.120590382208466,1.4045062777915343
15198,2.721630546,3.0859817996945056,0.3643512536945055
15200,3.593737972,3.868230121369661,0.27449214936966104
15209,4.950036088,4.936161718987283,0.01387436901271677
15210,3.158337076,3.6889123612675454,0.5305752852675454
15211,2.84359869,2.9363941296200506,0.09279543962005077
15215,4.377442857,3.9554016271996755,0.42204122980032466
15221,5.06610564,4.124766941657676,0.9413386983423235
15223,3.550326648,3.5230841715537307,0.027242476446269315
15239,3.06347527,3.751164638865091,0.6876893688650911
15243,3.443922519,4.013443673100681,0.5695211541006806
15248,3.878898225,3.5113835793243084,0.3675146456756915
15250,2.821541854,3.584943192704749,0.7634013387047491
15271,3.451790528,3.3642936513956454,0.08749687660435468
15278,4.138058563,3.4186552118431774,0.719403351156823
15279,2.751435585,3.316130274165915,0.5646946891659153
15283,6.031172737,4.182222010865657,1.8489507261343432
15293,3.515833647,3.5423955809500383,0.026561933950038252
15294,3.212839888,3.5812112193376526,0.36837133133765265
15295,3.439512691,3.6567497083649196,0.21723701736491963
15296,3.264021674,3.4498722869379033,0.1858506129379034
15299,3.67490696,3.2754375784299583,0.39946938157004164
15300,3.831626655,3.603926661388267,0.2276999936117332
15301,4.268586041,3.976290512480893,0.2922955285191069
15306,3.904438771,3.6911152945598933,0.21332347644010685
15319,2.75097487,2.7983923790840137,0.047417509084013876
15327,4.002677119,3.31944803443659,0.6832290845634104
15345,3.446037762,3.4949343844540977,0.04889662245409765
15346,2.951783607,3.6185770176643133,0.6667934106643134
15347,2.813398604,3.1709993020097342,0.35760069800973415
15348,3.206711737,3.1949576531731565,0.011754083826843509
15357,3.847262558,3.933902503143585,0.08663994514358464
15362,4.564237475,4.458436434467107,0.10580104053289308
15367,3.978340323,3.552743806450905,0.4255965165490947
15369,4.716232958,3.8597472205975634,0.8564857374024366
15372,3.906340815,3.470661974531774,0.4356788404682259
15376,2.929827481,3.0711404760621637,0.14131299506216388
15400,3.424809067,3.0890991259190472,0.33570994108095276
15401,4.507639056,3.699123880428544,0.8085151755714564
15439,5.824299157,3.5452566031766772,2.2790425538233223
15440,6.014975533,3.663131804276895,2.351843728723105
15441,5.7006287,3.3362010826558377,2.3644276173441625
15449,3.309848915,3.58328550915881,0.27343659415880994
15453,4.069811,3.7745746617414957,0.2952363382585039
15455,2.671646201,3.2022898526647494,0.5306436516647492
15459,3.725058007,3.969543279660483,0.24448527266048314
15460,3.725058007,3.7805789779443515,0.0555209709443516
15477,2.977275365,2.967257214695319,0.010018150304681228
15478,3.291314079,3.2957621429648247,0.004448063964824556
15489,4.299413587,3.7827619597643496,0.5166516272356505
15494,3.701567985,3.922283802909432,0.22071581790943196
15495,3.7335742,3.645096567782613,0.08847763221738703
15496,4.256980427,3.20045573803193,1.0565246889680702
15497,3.242012383,3.2768034639141126,0.03479108091411254
15507,3.489110614,3.7405457082831437,0.2514350942831438
15510,3.089169366,3.0084677452111657,0.08070162078883447
15537,3.981256695,4.070181445178841,0.08892475017884127
15546,3.848476498,3.62567377076539,0.22280272723461003
15549,4.604070727,4.144705059934523,0.45936566706547666
15550,4.547984453,4.4417527943998785,0.10623165860012129
15559,3.766765602,3.6232931777559165,0.14347242424408346
15560,3.663657046,4.143829314467278,0.48017226846727823
15561,3.920971786,4.003723718016719,0.08275193201671893
15568,4.058479349,3.603814031890739,0.45466531710926095
15572,3.436341939,3.354325173033393,0.0820167659666069
15574,3.71940173,3.5487609942312632,0.17064073576873673
15578,3.768318261,3.71639150517127,0.05192675582873019
15584,3.372472079,3.443445706758029,0.07097362775802907
15618,3.746833594,3.728165796886815,0.018667797113185003
15621,3.201851666,4.397273675403959,1.1954220094039587
15622,3.221862647,4.393754818827099,1.171892171827099
15624,3.673840117,3.6882946826806613,0.014454565680661169
15650,2.848883296,2.744602232902023,0.10428106309797691
15652,3.976935732,4.043306404626351,0.06637067262635155
15653,4.100000177,3.888916154131943,0.21108402286805727
15685,2.729013246,4.176608551762793,1.4475953057627926
15688,3.285682515,3.265918385316859,0.019764129683141007
15695,3.779862527,3.6573168868573918,0.12254564014260838
15696,3.55282305,3.6059546790744825,0.05313162907448232
15698,3.744701608,3.763348186251549,0.018646578251548807
15712,4.023633366,4.072752155239202,0.04911878923920199
15713,4.04203857,4.026850410430496,0.01518815956950359
15730,4.12323362,3.9237469636287168,0.19948665637128293
15749,3.447733091,3.5112965043310296,0.06356341333102966
15761,3.551216842,3.5287631918442086,0.022453650155791482
15764,3.425188473,3.3660571827849313,0.05913129021506869
15769,3.813442276,3.586210468403126,0.227231807596874
15770,4.148827763,3.550947468654544,0.597880294345456
15771,4.069646517,3.6056455420013624,0.46400097499863735
15773,3.966185998,3.5636984991050205,0.40248749889497937
15774,3.635192779,3.6076620235386208,0.027530755461379286
15775,3.568151621,3.508121392976752,0.06003022802324809
15776,3.558315488,3.5342418476511726,0.024073640348827308
15847,3.48355933,3.3298125074730125,0.15374682252698735
15848,3.751566485,3.6099412794786887,0.14162520552131141
15849,3.762396777,3.5208697401726132,0.24152703682738697
15851,4.079988131,4.040183299247699,0.039804831752300984
15852,4.32644169,4.276490016015616,0.04995167398438394
15859,3.140711083,3.274067003846524,0.13335592084652426
15862,4.11454921,4.388113828555847,0.2735646185558469
15872,3.908173633,3.8734400230236843,0.034733609976315805
15897,4.042011311,4.017141225238353,0.02487008576164751
15900,4.556955864,3.946349048510753,0.610606815489247
15905,4.481157464,4.43975586097536,0.04140160302463958
15910,4.315540454,4.3958999147799185,0.08035946077991873
15919,4.014857819,3.982236853641046,0.0326209653589542
15920,4.172570964,3.8946631479849385,0.27790781601506165
15922,3.279663488,3.5735185459969614,0.2938550579969612
15937,3.970679987,3.8787864648539645,0.09189352214603552
15947,3.176663737,2.986670647448056,0.18999308955194394
15951,3.172350715,3.7606918327916525,0.5883411177916527
15952,3.138375301,3.5596151450105045,0.4212398440105045
15968,3.117094709,3.643464899505115,0.5263701905051152
15988,3.430189762,3.3723298624832223,0.05785989951677761
16015,4.188301953,3.7565735549821655,0.43172839801783436
16027,1.215447733,1.6395322664829006,0.42408453348290065
16028,1.751027673,2.5187700973056866,0.7677424243056865
16029,1.709253526,2.209087366884756,0.49983384088475624
16033,4.306669042,3.8712271937248652,0.435441848275135
16043,3.089851836,3.653541734805583,0.5636898988055834
16048,4.37267671,4.442692561222696,0.0700158512226956
16049,4.530284563,3.793820227040325,0.7364643359596754
16050,4.01479626,3.833444757771189,0.1813515022288108
16059,4.652160476,4.203406123518102,0.448754352481898
16070,4.470362182,4.2118132858415755,0.25854889615842414
16073,3.662455946,4.064998653260792,0.4025427072607921
16078,5.444281295,3.9810267168513143,1.4632545781486854
16083,3.026583879,3.0828765767266137,0.05629269772661383
16084,4.051454989,4.11047711094247,0.05902212194247003
16085,3.382195409,3.3329736347386314,0.049221774261368534
16121,3.173080722,3.2700890123939708,0.09700829039397085
16130,4.166510038,4.129004524492765,0.0375055135072353
16135,3.385908115,3.3782521286147493,0.007655986385250557
16138,3.747929912,3.416271987732457,0.3316579242675428
16141,3.231179154,3.7663795532181017,0.5352003992181018
16152,3.738636018,3.4538802770404793,0.2847557409595205
16154,3.471853402,3.4682437940372584,0.003609607962741457
16159,3.614126654,3.592907875122272,0.021218778877728273
16178,4.002712722,3.2074862192579894,0.7952265027420107
16185,3.710236777,3.658699457692127,0.0515373193078732
16191,3.730935048,3.6747138702931834,0.05622117770681667
16196,4.216746334,3.970321195703682,0.24642513829631785
16198,4.346692745,4.0166400340376684,0.3300527109623319
16204,3.522884792,3.4708795965173653,0.052005195482634825
16205,4.052887437,3.7599119669507193,0.2929754700492806
16211,3.259547937,3.2966460955479033,0.03709815854790355
16217,3.979582516,3.6516681938667443,0.32791432213325544
16251,3.727624172,3.5961722928511493,0.13145187914885081
16266,3.066135763,3.3756596820181586,0.30952391901815846
16280,3.619829084,3.753412989770422,0.133583905770422
16286,2.035682572,3.341086447714305,1.3054038757143052
16298,2.230985072,2.4980890566780714,0.26710398467807117
16318,2.934974235,3.470489642945306,0.5355154079453062
16319,4.135844267,4.385252970866953,0.24940870386695302
16321,3.822134988,3.744550294473687,0.07758469352631314
16323,3.738374887,3.8557333961141658,0.11735850911416579
16324,4.122974261,3.827724506069197,0.2952497549308033
16332,3.330547397,3.3244633879235566,0.006084009076443575
16333,4.961164334,3.1911652158391646,1.7699991181608357
16346,3.545148712,3.4481666948263783,0.09698201717362176
16373,3.688818336,3.9856516589600104,0.2968333229600102
16374,3.704547723,3.3105339621408376,0.3940137608591625
16375,3.724673108,4.10475717491867,0.3800840669186698
16397,2.523441355,2.692688827790194,0.16924747279019403
16400,4.072508706,3.966392462185622,0.10611624381437768
16405,3.502795217,2.9297828314143524,0.5730123855856477
16408,3.912097451,3.594476957691881,0.31762049330811903
16411,3.284128363,3.0048281075363765,0.2793002554636237
16421,3.1626796,3.9002167312755933,0.7375371312755932
16424,2.620469199,3.1773754580580507,0.5569062590580507
16428,3.976737978,3.898961844800797,0.07777613319920285
16430,3.40715457,3.6782513699887094,0.2710967999887095
16431,3.646988041,3.7424226672831846,0.09543462628318444
16439,3.704477361,3.653396322309567,0.05108103869043301
16447,3.924368319,4.008899350501465,0.08453103150146468
16452,3.546890629,3.703400788861194,0.156510159861194
16453,3.91170488,3.7083844546322764,0.20332042536772343
16465,3.809317671,3.2872284393738225,0.5220892316261776
16473,3.206810761,3.7311243350957737,0.5243135740957738
16482,4.591606883,4.232650829777466,0.358956053222534
16489,4.048328359,4.012640880893076,0.035687478106924075
16493,3.723947976,3.9473148874805997,0.22336691148059984
